"TSid","dataSetName","archiveType","variableName","lat","lon","direction","r_p05","p_p05","pass_p05","r_fdr10","p_fdr10","pass_fdr10","r_p05_dt","p_p05_dt","pass_p05_dt","r_fdr10_dt","p_fdr10_dt","pass_fdr10_dt","n_overlap"
"Africa_001","Afr-ColdAirCave.Sundqvist.2013","Speleothem","d18O",-24,29.18,"positive",0.460320899868197,0.0225534721135169,TRUE,0.460320899868197,0.100183176852071,FALSE,0.240490505339701,0.16236539068848,FALSE,0.240490505339701,0.410221129943546,FALSE,48
"Africa_004","Afr-LakeTanganyika.Tierney.2010","LakeSediment","temperature",-6.03,28.53,"positive",NA,NA,FALSE,NA,NA,FALSE,NA,NA,FALSE,NA,NA,FALSE,7
"Ant_005","Ant-BerknerIsland.Mulvaney.2002","GlacierIce","d18O",-79.57,-45.72,"positive",0.292925603807613,0.152681353406084,FALSE,0.292925603807613,0.337883283891442,FALSE,0.305956754058793,0.121580479660455,FALSE,0.305956754058793,0.361907996887141,FALSE,38
"Ant_006","Ant-SiteDML07.Graf.2002","GlacierIce","d18O",-75.58,-3.43,"positive",0.204689536592602,0.247858319060651,FALSE,0.204689536592602,0.456267716469006,FALSE,0.179860586602434,0.304777340217458,FALSE,0.179860586602434,0.570077638583467,FALSE,38
"Ant_008","Ant-SiteDML17.Graf.2002","GlacierIce","d18O",-75.17,6.5,"positive",0.048410075944488,0.774592086766687,FALSE,0.048410075944488,0.892528099977404,FALSE,0.0332071109561421,0.843108662701535,FALSE,0.0332071109561421,0.940332003986036,FALSE,38
"Ant_009","Ant-DomeF1993.Uemura.2014","GlacierIce","d18O",-77.32,39.7,"positive",NA,NA,FALSE,NA,NA,FALSE,NA,NA,FALSE,NA,NA,FALSE,0
"Ant_010","Ant-DomeF2001.Uemura.2008","GlacierIce","d18O",-77.32,39.7,"positive",NA,NA,FALSE,NA,NA,FALSE,NA,NA,FALSE,NA,NA,FALSE,0
"Ant_012","Ant-DomeC.Stenni.2001","GlacierIce","d18O",-75.1,123.39,"positive",NA,NA,FALSE,NA,NA,FALSE,NA,NA,FALSE,NA,NA,FALSE,0
"Ant_013","Ant-DomeC.Jouzel.2001","GlacierIce","d2H",-75.1,123.39,"positive",NA,NA,FALSE,NA,NA,FALSE,NA,NA,FALSE,NA,NA,FALSE,0
"Ant_014","Ant-Ferrigno.Thomas.2013","GlacierIce","d2H",-74.57,-86.9,"positive",0.361039228733223,0.0272410784830049,TRUE,0.361039228733223,0.115963757708903,FALSE,0.115678922483913,0.449891733921616,FALSE,0.115678922483913,0.684233374195283,FALSE,46
"Ant_022","Ant-JamesRossIsland.Mulvaney.2013","GlacierIce","d2H",-64.2017,-57.685,"positive",0.406771500136263,0.000411669530731909,TRUE,0.406771500136263,0.010132673277297,TRUE,0.291890042736696,0.0110542234562569,TRUE,0.291890042736696,0.0977509188489007,TRUE,75
"Ant_024","Ant-SipleStation.Mosley-Thompson.1990","GlacierIce","d18O",-75.92,-84.25,"positive",0.146000979636119,0.528759882261875,FALSE,0.146000979636119,0.71394230798795,FALSE,0.00343378215340483,0.987784975226724,FALSE,0.00343378215340483,0.994209592951776,FALSE,28
"Ant_026","Ant-TalosDome.Stenni.2002","GlacierIce","d2H",-72.8,159.06,"positive",0.322838672862783,0.0708192880539668,FALSE,0.322838672862783,0.21159529803238,FALSE,0.33388872847855,0.0587110614526266,FALSE,0.33388872847855,0.238592241228777,FALSE,40
"Ant_027","Ant-VLG.Bertler.2011","GlacierIce","d2H",-77.3302,162.5332,"positive",0.168823986524594,0.372488519206807,FALSE,0.168823986524594,0.591556219772104,FALSE,0.171378315986722,0.33343307080133,FALSE,0.171378315986722,0.605264753999222,FALSE,45
"Ant_028","Ant-Vostok.Ekaykin.2014","GlacierIce","d2H",-78.2785,104.8005,"positive",-0.019749052004402,0.897543519953664,FALSE,-0.019749052004402,0.953775172864412,FALSE,-0.0123728955919508,0.935706547360774,FALSE,-0.0123728955919508,0.973306445246152,FALSE,45
"Ant_030","Ant-WDC05A.Steig.2013","GlacierIce","d18O",-79.46,-112.09,"positive",0.570216657063076,0.00332532821129372,TRUE,0.570216657063076,0.0345495965003907,TRUE,0.447163622076785,0.0157054095952848,TRUE,0.447163622076785,0.116708617017523,FALSE,29
"Ant_031","Ant-WDC06A.Steig.2013","GlacierIce","d18O",-79.46,-112.09,"positive",0.230604242838631,0.228775038582456,FALSE,0.230604242838631,0.438247183284517,FALSE,0.0587805177435439,0.761980662395806,FALSE,0.0587805177435439,0.898005923825536,FALSE,29
"Ant_031dD","Ant-WDC06A.Steig.2013","GlacierIce","d2H",-79.46,-112.09,"positive",0.246848243374835,0.196727372342964,FALSE,0.246848243374835,0.399317480947804,FALSE,0.0694938539360492,0.720187830148043,FALSE,0.0694938539360492,0.886274884416776,FALSE,29
"Ant_033","Ant-MES.Rhodes.2012","GlacierIce","d2H",-77.515,167.6765,"positive",0.162497977626345,0.318888116595733,FALSE,0.162497977626345,0.542995598536623,FALSE,0.199559979092747,0.209717698652911,FALSE,0.199559979092747,0.473938684760479,FALSE,45
"Ant_035","Ant-TaylorDome.Steig.2000","GlacierIce","d18O",-77.78,158.72,"positive",NA,NA,FALSE,NA,NA,FALSE,NA,NA,FALSE,NA,NA,FALSE,0
"Ant_037","Ant-US-ITASE-2000-1.Steig.2013","GlacierIce","d18O",-79.3838,-111.24,"positive",0.509391438501857,0.0127489672575244,TRUE,0.509391438501857,0.0762314279336249,TRUE,0.278581454743189,0.145985845698714,FALSE,0.278581454743189,0.387446315538537,FALSE,29
"Ant_050","Ant-US-ITASE-2002-4.Steig.2013","GlacierIce","d18O",-86.5,-107.99,"positive",-0.0997103794279689,0.520745713094625,FALSE,-0.0997103794279689,0.707798496955665,FALSE,-0.147272852358484,0.341053327852012,FALSE,-0.147272852358484,0.613697703315102,FALSE,44
"Arc_001","Arc-BlueLake.Bird.2008","LakeSediment","thickness",68.09,-150.47,"positive",-0.0213353542113949,0.857831808520212,FALSE,-0.0213353542113949,0.934015805724494,FALSE,-0.0583294799428659,0.621496505545956,FALSE,-0.0583294799428659,0.822611518486283,FALSE,75
"Arc_002","Arc-Avam-Taimyr.Briffa.2008","Wood","trsgi",72,101,"positive",0.213850995511966,0.071107065896689,FALSE,0.213850995511966,0.21159529803238,FALSE,0.151047832031028,0.196932353205334,FALSE,0.151047832031028,0.454854950127245,FALSE,75
"Arc_004","Arc-LowerMurrayLake.Cook.2008","LakeSediment","MAR",81.35,-69.53,"positive",0.119884509006291,0.383308650866512,FALSE,0.119884509006291,0.595356615949524,FALSE,0.115914889225696,0.399368984032977,FALSE,0.115914889225696,0.652267549119823,FALSE,55
"Arc_005","Arc-CampCentury.Fisher.1969","GlacierIce","d18O",77.17,-61.13,"positive",0.375446424489581,0.0142810515954481,TRUE,0.375446424489581,0.0805157326216609,TRUE,0.127041743535225,0.444339536461886,FALSE,0.127041743535225,0.684233374195283,FALSE,42
"Arc_007","Arc-GulfofAlaska.Wilson.2014","Wood","temperature",61.03,-146.59,"positive",0.379558273566494,0.00227233352323421,TRUE,0.379558273566494,0.0278588089948515,TRUE,0.376789062924018,0.00221442980781505,TRUE,0.376789062924018,0.0351469756676287,TRUE,75
"Arc_008","Arc-Yukon.D'Arrigo.2006","Wood","trsgi",67.9,-140.7,"positive",-0.338632908885858,0.0080631276264377,FALSE,-0.338632908885858,0.0557957296552531,FALSE,-0.253529226662581,0.0364439624446334,FALSE,-0.253529226662581,0.191903254668998,FALSE,75
"Arc_011","Arc-GISP2.Grootes.1997","GlacierIce","d18O",72.1,-38.08,"positive",0.431954828864193,0.0015063439488637,TRUE,0.431954828864193,0.0230847210163362,TRUE,0.308514773394637,0.0171173821206147,TRUE,0.308514773394637,0.118585817404005,FALSE,62
"Arc_012mxd","Arc-Tornetrask.Melvin.2012","Wood","temperature",68.26,19.6,"positive",0.338830578825777,0.00294359371410371,TRUE,0.338830578825777,0.0329757630964255,TRUE,0.339983904790874,0.00284193824901424,TRUE,0.339983904790874,0.0414589075086631,TRUE,75
"Arc_014","Arc-LakeLehmilampi.Haltia-Hovi.2007","LakeSediment","thickness",63.62,29.1,"negative",NA,NA,FALSE,NA,NA,FALSE,NA,NA,FALSE,NA,NA,FALSE,0
"Arc_016","Arc-Indigirka.Hughes.1999","Wood","trsgi",69.5,147,"positive",0.0893473085336878,0.465342614369302,FALSE,0.0893473085336878,0.668044549434151,FALSE,0.0963485333218745,0.430963139266788,FALSE,0.0963485333218745,0.67195512142605,FALSE,69
"Arc_020","Arc-LakeC2.Lamoureux.1996","LakeSediment","thickness",82.83,-77.9,"positive",0.211783978047575,0.102511514759476,FALSE,0.211783978047575,0.278051144015748,FALSE,0.149799793029669,0.245972252540447,FALSE,0.149799793029669,0.513884691937682,FALSE,62
"Arc_021","Arc-Hvitarvatn.Larsen.2011","LakeSediment","thickness",64.6,-19.8,"negative",0.392749865234746,0.00288872429089262,FALSE,0.392749865234746,0.0329757630964255,FALSE,0.279796710258865,0.0228911326261558,FALSE,0.279796710258865,0.144587868322352,FALSE,75
"Arc_023","Arc-LenaRiver.McDonald.1998","Wood","trsgi",70.67,125.87,"positive",0.0524765232370492,0.669045400329567,FALSE,0.0524765232370492,0.815533265753795,FALSE,0.0734024976089189,0.549105262539986,FALSE,0.0734024976089189,0.771399380935368,FALSE,69
"Arc_024","Arc-LakeDonardBaffinIsland.Moore.2001","LakeSediment","thickness",66.73,-61.35,"positive",0.0877416560801534,0.517526230253053,FALSE,0.0877416560801534,0.706555855557063,FALSE,0.248170445327781,0.0493696638123687,TRUE,0.248170445327781,0.221447984781567,FALSE,67
"Arc_025","Arc-LakeNataujaervi.Ojala.2005","LakeSediment","reflectance",61.81,24.68,"positive",NA,NA,FALSE,NA,NA,FALSE,NA,NA,FALSE,NA,NA,FALSE,0
"Arc_026","Arc-NGTB16.Schwager.1998","GlacierIce","d18O",73.94,-37.63,"positive",0.348750343983848,0.0270667840278647,TRUE,0.348750343983848,0.115963757708903,FALSE,0.155362802080323,0.247882872007144,FALSE,0.155362802080323,0.513884691937682,FALSE,67
"Arc_027","Arc-NGTB18.Schwager.1998","GlacierIce","d18O",76.62,-36.4,"positive",0.162025150124509,0.256946573744296,FALSE,0.162025150124509,0.467279314562526,FALSE,0.0229606604431109,0.856179347125036,FALSE,0.0229606604431109,0.949776014104655,FALSE,67
"Arc_028","Arc-NGTB21.Schwager.1998","GlacierIce","d18O",80,-41.14,"positive",-0.181459972705787,0.203413243585152,FALSE,-0.181459972705787,0.404845189343176,FALSE,-0.0618077274486793,0.620358212801943,FALSE,-0.0618077274486793,0.822611518486283,FALSE,68
"Arc_029","Arc-BigRoundLake.Thomas.2009","LakeSediment","temperature",69.87,-68.83,NA,0.0146612294233293,0.903591042601059,FALSE,0.0146612294233293,0.955002257093878,FALSE,-0.0532745721547721,0.652935414136433,FALSE,-0.0532745721547721,0.841344699659607,FALSE,75
"Arc_029_varvethickness","Arc-BigRoundLake.Thomas.2009","LakeSediment","varveThickness",69.87,-68.83,"positive",0.015207512850725,0.900010284068992,FALSE,0.015207512850725,0.954501557462339,FALSE,-0.0528399259908292,0.655546479289459,FALSE,-0.0528399259908292,0.84168229243181,FALSE,75
"Arc_031","Arc-NGRIP1.Vinther.2006","GlacierIce","d18O",75.1,-42.32,"positive",0.311170139114084,0.0132874199481518,TRUE,0.311170139114084,0.0764310747217784,TRUE,0.178726501628369,0.139684637956373,FALSE,0.178726501628369,0.387446315538537,FALSE,70
"Arc_032","Arc-Agassiz.Vinther.2008","GlacierIce","d18O",80.7,-73.1,"positive",0.040817456876214,0.785307768270967,FALSE,0.040817456876214,0.897795792634632,FALSE,0.182880554238237,0.218542316954077,FALSE,0.182880554238237,0.483999521147578,FALSE,47
"Arc_033","Arc-Crete.Vinther.2010","GlacierIce","d18O",71.12,-37.32,"positive",-0.102390941091472,0.488617442871407,FALSE,-0.102390941091472,0.687532089145873,FALSE,-0.0364323125158352,0.805807208109198,FALSE,-0.0364323125158352,0.918974777757022,FALSE,48
"Arc_034","Arc-Dye.Vinther.2010","GlacierIce","d18O",65.18,-43.83,"positive",-0.0034831989865932,0.980251612202577,FALSE,-0.0034831989865932,0.983593105611843,FALSE,0.0949476913996737,0.498864556559139,FALSE,0.0949476913996737,0.728295189882328,FALSE,53
"Arc_035","Arc-GRIP.Vinther.2010","GlacierIce","d18O",72.58,-37.64,"positive",-0.012378843699118,0.932522038123593,FALSE,-0.012378843699118,0.965601367178653,FALSE,0.145086597795308,0.300326368415103,FALSE,0.145086597795308,0.566774457466308,FALSE,54
"Arc_036","Arc-Iceland.Bergthorsson.1969","Documents","temperature",64.77,-18.37,"positive",NA,NA,FALSE,NA,NA,FALSE,NA,NA,FALSE,NA,NA,FALSE,1
"Arc_037","Arc-VoeringPlateau.Berner.2011","MarineSediment","temperature",66.97,7.64,"positive",NA,NA,FALSE,NA,NA,FALSE,NA,NA,FALSE,NA,NA,FALSE,19
"Arc_039","Arc-MooseLake.Clegg.2010","LakeSediment","temperature",61.35,-143.6,"positive",NA,NA,FALSE,NA,NA,FALSE,NA,NA,FALSE,NA,NA,FALSE,3
"Arc_040","Arc-HudsonLake.Clegg.2011","LakeSediment","temperature",61.9,-145.66,"positive",NA,NA,FALSE,NA,NA,FALSE,NA,NA,FALSE,NA,NA,FALSE,5
"Arc_041","Arc-ScreamingLynxLake.Clegg.2011","LakeSediment","temperature",66.07,-145.4,"positive",NA,NA,FALSE,NA,NA,FALSE,NA,NA,FALSE,NA,NA,FALSE,2
"Arc_042","Arc-BrayaSoe.D'Andrea.2011","LakeSediment","temperature",67,-50.7,"positive",NA,NA,FALSE,NA,NA,FALSE,NA,NA,FALSE,NA,NA,FALSE,6
"Arc_043","Arc-DevonIceCap.Fisher.1983","GlacierIce","d18O",75.33,-82.5,"positive",NA,NA,FALSE,NA,NA,FALSE,NA,NA,FALSE,NA,NA,FALSE,10
"Arc_044","Arc-PennyIceCapP96.Fisher.1998","GlacierIce","d18O",67.25,-66.75,"positive",NA,NA,FALSE,NA,NA,FALSE,NA,NA,FALSE,NA,NA,FALSE,3
"Arc_045","Arc-MD992275.Jiang.2005","MarineSediment","temperature",66.55,-17.7,"positive",NA,NA,FALSE,NA,NA,FALSE,NA,NA,FALSE,NA,NA,FALSE,4
"Arc_048","Arc-LakeHamptraesk.Luoto.2009","LakeSediment","temperature",60.28,25.42,"positive",NA,NA,FALSE,NA,NA,FALSE,NA,NA,FALSE,NA,NA,FALSE,6
"Arc_049","Arc-LakePieni-Kauro.Luoto.2010","LakeSediment","temperature",64.28,30.12,"positive",NA,NA,FALSE,NA,NA,FALSE,NA,NA,FALSE,NA,NA,FALSE,2
"Arc_051","Arc-PennyIceCapP96.Okuyama.2003","GlacierIce","iceMelt",67.25,-65.75,"positive",NA,NA,FALSE,NA,NA,FALSE,NA,NA,FALSE,NA,NA,FALSE,3
"Arc_052","Arc-Lake4.Rolland.2009","LakeSediment","temperature",65.1,-83.79,"positive",NA,NA,FALSE,NA,NA,FALSE,NA,NA,FALSE,NA,NA,FALSE,3
"Arc_053","Arc-StoreggaSlide.Sejrup.2011","MarineSediment","d18O",63.76,5.26,"negative",0.217181244334394,0.327130897427094,FALSE,0.217181244334394,0.553953701996709,FALSE,0.209231903752239,0.345482689398624,FALSE,0.209231903752239,0.616520343887044,FALSE,26
"Arc_056","Arc-Renland.Vinther.2008","GlacierIce","d18O",71.27,-26.73,"positive",NA,NA,FALSE,NA,NA,FALSE,NA,NA,FALSE,NA,NA,FALSE,12
"Arc_057","Arc-Kittelfjall.Bjorklund.2012","Wood","density",65.2,15.5,"positive",0.336202715371974,0.00425074154666152,TRUE,0.336202715371974,0.0383191848250516,TRUE,0.336479634274386,0.00419452488091005,TRUE,0.336479634274386,0.0533069095727936,TRUE,75
"Arc_058","Arc-Armarnaes.Bjorklund.2012","Wood","density",65.9,16.1,"positive",0.307769658247252,0.00722845665926554,TRUE,0.307769658247252,0.052750523001545,TRUE,0.312014415759987,0.00642761918077743,TRUE,0.312014415759987,0.073679560609282,TRUE,75
"Arc_059","Arc-Tjeggelvas.Bjorklund.2012","Wood","density",66.6,17.6,"positive",0.42780746456258,0.000128942549928743,TRUE,0.42780746456258,0.00448556255830726,TRUE,0.427835120375373,0.000128798935666061,TRUE,0.427835120375373,0.00421155706396719,TRUE,75
"Arc_060","Arc-Arjeplog.Bjorklund.2014","Wood","density",66.3,18.2,"positive",0.345116263540486,0.00359076358692645,TRUE,0.345116263540486,0.0347421867085747,TRUE,0.345390757372686,0.00354517157859387,TRUE,0.345390757372686,0.0498741183443093,TRUE,75
"Arc_073","Arc-HalletLake.McKay.2008","LakeSediment","temperature",61.5,-146.2,"positive",-0.158601669436743,0.405006405789965,FALSE,-0.158601669436743,0.607014490829459,FALSE,-0.196289134500141,0.272578629447536,FALSE,-0.196289134500141,0.533943581101344,FALSE,38
"Arc_076","Arc-SoperLake.Hughen.2000","LakeSediment","temperature",62.917,-69.883,"positive",0.171383656569978,0.166907226043513,FALSE,0.171383656569978,0.361224685047494,FALSE,0.222927748398544,0.0701751822600891,FALSE,0.222927748398544,0.262341035996279,FALSE,67
"Arc_078","Arc-Kongressvatnet.D'Andrea.2012","LakeSediment","temperature",78.0217,13.9311,"positive",NA,NA,FALSE,NA,NA,FALSE,NA,NA,FALSE,NA,NA,FALSE,12
"Arc_079","Arc-LakeE.D'Andrea.2011","LakeSediment","temperature",67,-50.7,"positive",NA,NA,FALSE,NA,NA,FALSE,NA,NA,FALSE,NA,NA,FALSE,0
"Arc_089","Arc-AkademiiNaukIceCap.Opel.2013","GlacierIce","d18O",80.52,94.82,"positive",0.259452379950542,0.069990751898888,FALSE,0.259452379950542,0.21159529803238,FALSE,0.21628629264566,0.118325204836564,FALSE,0.21628629264566,0.361907996887141,FALSE,73
"Arc_093","Arc-MackenzieDelta.Porter.2013","Wood","trsgi",68.625,-133.87,"positive",0.265906706246916,0.0603782816428033,FALSE,0.265906706246916,0.193725453676237,FALSE,0.0433378768622774,0.725955374015135,FALSE,0.0433378768622774,0.888131006993006,FALSE,75
"Arc_099","Arc-WindyDome.Henderson.2011","GlacierIce","iceMelt",80.783,65.63,"positive",0.0763893081380319,0.63151434520979,FALSE,0.0763893081380319,0.793952343233216,FALSE,0.0191087440824294,0.900640589318346,FALSE,0.0191087440824294,0.961200904806993,FALSE,70
"Arc_099d18O","Arc-WindyDome.Henderson.2011","GlacierIce","d18O",80.783,65.63,"positive",0.383185343020969,0.00741812783028498,TRUE,0.383185343020969,0.0528757251158685,TRUE,0.327818176778603,0.0172418797517939,TRUE,0.327818176778603,0.118585817404005,FALSE,70
"Arc_100","Arc-Yamalia.Briffa.2013","Wood","temperature",66.8,68,"positive",0.408128405666815,0.000390090444951081,TRUE,0.408128405666815,0.010132673277297,TRUE,0.431994459272448,0.000142485744703323,TRUE,0.431994459272448,0.00440993379856784,TRUE,75
"Arc_150","Arc-Forfjorddalen.McCarroll.2013","Wood","MXD",68.73,15.73,"positive",0.32386102406116,0.00463215686450216,TRUE,0.32386102406116,0.039692242257654,TRUE,0.32527871552295,0.00440559452056718,TRUE,0.32527871552295,0.0534718236908055,TRUE,75
"Arc_152","Arc-Jamtland.Wilson.2016","Wood","MXD",63.2475,13.3375,"positive",0.39781665828121,0.000606325202995669,TRUE,0.39781665828121,0.013274191051298,TRUE,0.425827768359481,0.000177950094709881,TRUE,0.425827768359481,0.0052452908869246,TRUE,75
"Arc_162","Arc-PolarUrals.Wilson.2015","Wood","density",66.9,65.6,"positive",0.457459218670222,6.88014526948195e-05,TRUE,0.457459218670222,0.00263595565637027,TRUE,0.456244247174824,7.07351038286703e-05,TRUE,0.456244247174824,0.00291900195132979,TRUE,75
"Asia_001","Asi-AltaiAktru.Cook.2005","Wood","trsgi",50.08,87.77,"positive",-0.193125497981267,0.122421280921875,FALSE,-0.193125497981267,0.300364071010872,FALSE,-0.0931072393563599,0.437425207901669,FALSE,-0.0931072393563599,0.678612039326148,FALSE,73
"Asia_002","Asi-AltaiDjasator.Cook.2011","Wood","trsgi",49.62,88.1,"positive",-0.0990647249162296,0.439045588625158,FALSE,-0.0990647249162296,0.645407543950173,FALSE,0.1130855145256,0.343047580306555,FALSE,0.1130855145256,0.615496962926833,FALSE,75
"Asia_003","Asi-AltaiJablonsky.Cook.2000","Wood","trsgi",50.87,85.23,"positive",0.153078829028498,0.2976628811642,FALSE,0.153078829028498,0.51383446531839,FALSE,0.0799260502549442,0.537925138901537,FALSE,0.0799260502549442,0.765461289609314,FALSE,70
"Asia_004","Asi-AltaiKuraisky.Cook.2011","Wood","trsgi",50.3,87.83,"positive",-0.11287550309504,0.400337907769489,FALSE,-0.11287550309504,0.602965939711785,FALSE,0.129682912456814,0.277138491437533,FALSE,0.129682912456814,0.541163174131965,FALSE,75
"Asia_005","Asi-AltaiKuraiskySteppe.Cook.2011","Wood","trsgi",50.27,87.83,"positive",-0.0673916633050291,0.64939498186742,FALSE,-0.0673916633050291,0.804200250272178,FALSE,-0.00728339454756893,0.952865437510772,FALSE,-0.00728339454756893,0.973306445246152,FALSE,75
"Asia_006","Asi-AltaiSamakhaSteppe.Cook.2011","Wood","trsgi",49.72,87.28,"positive",-0.0123742897733902,0.938863016991255,FALSE,-0.0123742897733902,0.968523607701099,FALSE,-0.0398141614927983,0.7690009881924,FALSE,-0.0398141614927983,0.90170717785487,FALSE,75
"Asia_007","Asi-AltaiKorumdu.Cook.2005","Wood","trsgi",50.14,87.72,"positive",-0.0171470100163122,0.884708053005247,FALSE,-0.0171470100163122,0.950615250952719,FALSE,0.0706783915104159,0.549575326320674,FALSE,0.0706783915104159,0.771399380935368,FALSE,74
"Asia_008","Asi-AltaiTjute.Cook.2011","Wood","trsgi",50.12,87.92,"positive",0.10363657383287,0.477067502678869,FALSE,0.10363657383287,0.681683867464211,FALSE,0.0295524788393754,0.809769473998588,FALSE,0.0295524788393754,0.918974777757022,FALSE,75
"Asia_009","Asi-AltaiUstUlaganLake.Cook.2005","Wood","trsgi",50.48,87.67,"positive",-0.0635483990449605,0.645806486901257,FALSE,-0.0635483990449605,0.802697387726095,FALSE,0.156431002050121,0.210554342987289,FALSE,0.156431002050121,0.473938684760479,FALSE,70
"Asia_010","Asi-AltaiUlaganValley.Cook.2011","Wood","trsgi",50.68,87.97,"positive",-0.105600668963242,0.457750524998311,FALSE,-0.105600668963242,0.664963252873445,FALSE,-0.0449589111522172,0.712777200977825,FALSE,-0.0449589111522172,0.880024606751012,FALSE,75
"Asia_011","Asi-UULTRW.Schweingruber.2002","Wood","trsgi",50.48,87.65,"positive",-0.100145044373493,0.489654308078465,FALSE,-0.100145044373493,0.687532089145873,FALSE,0.155605454465824,0.221266062518357,FALSE,0.155605454465824,0.485377079489621,FALSE,69
"Asia_013","Asi-UULLWW.Schweingruber.2002","Wood","trsgi",50.48,87.65,"positive",-0.0293466894696735,0.837655430275266,FALSE,-0.0293466894696735,0.92353017762363,FALSE,0.217375338454287,0.0848525160699959,FALSE,0.217375338454287,0.307058793423352,FALSE,69
"Asia_014","Asi-UULEWD.Schweingruber.2002","Wood","trsgi",50.48,87.65,"positive",-0.0925231237622811,0.46385290997673,FALSE,-0.0925231237622811,0.667469093464168,FALSE,0.142530757285815,0.242687355220879,FALSE,0.142530757285815,0.512169069513141,FALSE,69
"Asia_015","Asi-UULLWD.Schweingruber.2002","Wood","trsgi",50.48,87.65,"positive",0.0315288703948902,0.817331068448377,FALSE,0.0315288703948902,0.910503652630773,FALSE,0.245059444906133,0.0478642304980474,TRUE,0.245059444906133,0.21762919188727,FALSE,69
"Asia_016","Asi-UULMND.Schweingruber.2002","Wood","trsgi",50.48,87.65,"positive",-0.213032988458624,0.0915101005841276,FALSE,-0.213032988458624,0.25382665908629,FALSE,-0.0161782289977016,0.895031770268553,FALSE,-0.0161782289977016,0.960141930369094,FALSE,69
"Asia_018","Asi-UKHTRW.Schweingruber.2002","Wood","trsgi",50.15,85.37,"positive",0.369330243233072,0.012385263110712,TRUE,0.369330243233072,0.0751699632363018,TRUE,0.0949338054506489,0.460875291522929,FALSE,0.0949338054506489,0.695809281591934,FALSE,69
"Asia_020","Asi-UKHLWW.Schweingruber.2002","Wood","trsgi",50.15,85.37,"positive",0.391319359742863,0.00819186895427859,TRUE,0.391319359742863,0.0557957296552531,TRUE,0.145032790169857,0.26187393331627,FALSE,0.145032790169857,0.527678516389932,FALSE,69
"Asia_021","Asi-UKHEWD.Schweingruber.2002","Wood","trsgi",50.15,85.37,"positive",0.205527490150912,0.112328642211503,FALSE,0.205527490150912,0.287111725070915,FALSE,0.198929311257693,0.108945772327898,FALSE,0.198929311257693,0.345308181420912,FALSE,69
"Asia_023","Asi-UKHMND.Schweingruber.2002","Wood","trsgi",50.15,85.37,"positive",0.157346490753001,0.22082045591315,FALSE,0.157346490753001,0.425669620989815,FALSE,0.198438755586021,0.108489471956126,FALSE,0.198438755586021,0.345308181420912,FALSE,69
"Asia_024","Asi-UKHMXD.Schweingruber.2002","Wood","trsgi",50.15,85.37,"positive",0.272764433371185,0.0350252344589436,TRUE,0.272764433371185,0.138519153053758,FALSE,0.167341123261876,0.177026387278043,FALSE,0.167341123261876,0.431414699705153,FALSE,69
"Asia_025","Asi-BT001.Cook.2010","Wood","trsgi",27.58,90.65,"positive",-0.213945089964995,0.109543195292086,FALSE,-0.213945089964995,0.284533808110376,FALSE,-0.179542530913852,0.145801660660583,FALSE,-0.179542530913852,0.387446315538537,FALSE,75
"Asia_026","Asi-BT002.Cook.2010","Wood","trsgi",27.67,90.73,"positive",-0.0696710704882315,0.622877163576351,FALSE,-0.0696710704882315,0.788891944777486,FALSE,-0.148748932701818,0.238706784290655,FALSE,-0.148748932701818,0.506025683136696,FALSE,75
"Asia_027","Asi-BT003.Cook.2010","Wood","trsgi",27.7,90.77,"positive",0.0671510944128687,0.632227189290592,FALSE,0.0671510944128687,0.793952343233216,FALSE,0.00773121851409877,0.951237229505756,FALSE,0.00773121851409877,0.973306445246152,FALSE,75
"Asia_028","Asi-BT004.Cook.2010","Wood","trsgi",27.7,90.68,"positive",-0.206398712733503,0.141738177338798,FALSE,-0.206398712733503,0.32705338456999,FALSE,-0.115576738968769,0.360172451215442,FALSE,-0.115576738968769,0.623473419127269,FALSE,75
"Asia_029","Asi-BHUTTD.PAGES2k.2013","Wood","trsgi",27.67,90.72,"positive",-0.299111564380987,0.0323296610213191,FALSE,-0.299111564380987,0.133007263127977,FALSE,-0.163090113158074,0.194091708775477,FALSE,-0.163090113158074,0.45166454034594,FALSE,75
"Asia_030","Asi-BT006.Cook.2010","Wood","trsgi",27.63,90.13,"positive",0.0326250228902739,0.823944401276364,FALSE,0.0326250228902739,0.914996228229006,FALSE,0.0705735106861432,0.583190712122482,FALSE,0.0705735106861432,0.79569448157837,FALSE,75
"Asia_031","Asi-BT008.Cook.2010","Wood","trsgi",27.58,90.65,"positive",0.215228178462444,0.115042751842671,FALSE,0.215228178462444,0.287111725070915,FALSE,0.241565452579952,0.051105266011007,FALSE,0.241565452579952,0.227583882451894,FALSE,75
"Asia_032","Asi-BT009.Cook.2010","Wood","trsgi",27.42,90.97,"positive",0.202722303579815,0.149063985825066,FALSE,0.202722303579815,0.335924707072274,FALSE,0.0423466386568531,0.736613145841642,FALSE,0.0423466386568531,0.89373478369038,FALSE,75
"Asia_033","Asi-BT010.Cook.2010","Wood","trsgi",27.25,89.38,"positive",-0.066880253862482,0.586478433461761,FALSE,-0.066880253862482,0.758462615426286,FALSE,-0.0605868167610144,0.62140418052455,FALSE,-0.0605868167610144,0.822611518486283,FALSE,75
"Asia_034","Asi-BHUTSP.PAGES2k.2013","Wood","trsgi",27.45,90,"positive",-0.0170284306377572,0.89776227527368,FALSE,-0.0170284306377572,0.953775172864412,FALSE,0.0311156531541577,0.809267066384014,FALSE,0.0311156531541577,0.918974777757022,FALSE,75
"Asia_035","Asi-BT018.Cook.2010","Wood","trsgi",27.95,89.75,"positive",0.138173837183938,0.314715516504301,FALSE,0.138173837183938,0.538884389992001,FALSE,0.131001432761174,0.337834219000408,FALSE,0.131001432761174,0.610737705181959,FALSE,75
"Asia_036","Asi-BT011.Cook.2010","Wood","trsgi",27.45,90.15,"positive",0.212908734394245,0.143519348204449,FALSE,0.212908734394245,0.32705338456999,FALSE,0.191835496136093,0.133152669059754,FALSE,0.191835496136093,0.379123310278883,FALSE,75
"Asia_037","Asi-BT005.Cook.2010","Wood","trsgi",27.45,90.15,"positive",-0.0265817522797291,0.857729544559352,FALSE,-0.0265817522797291,0.934015805724494,FALSE,0.10614591147283,0.409481891737739,FALSE,0.10614591147283,0.661284952262475,FALSE,75
"Asia_038","Asi-CHIN020.Li.2010","Wood","trsgi",30.23,100.27,"positive",0.179662036920514,0.236688127284452,FALSE,0.179662036920514,0.44643022161652,FALSE,0.18427318465449,0.215898331344119,FALSE,0.18427318465449,0.480723262956869,FALSE,75
"Asia_039","Asi-CHIN021.Li.2010","Wood","trsgi",28.98,99.93,"positive",0.240780587210083,0.0787626227184315,FALSE,0.240780587210083,0.228822216712789,FALSE,0.293511230838481,0.0236317642256985,TRUE,0.293511230838481,0.146280620557074,FALSE,75
"Asia_040","Asi-CHIN018.Li.2010","Wood","trsgi",29.28,100.08,"positive",0.283876591393598,0.028266680873305,TRUE,0.283876591393598,0.119499830174731,FALSE,0.231385799769779,0.0658067561286313,FALSE,0.231385799769779,0.254631389295553,FALSE,75
"Asia_041","Asi-CHIN019.Li.2010","Wood","trsgi",29.15,99.93,"positive",0.107215052531961,0.398120478460632,FALSE,0.107215052531961,0.602866093303797,FALSE,0.136603111084766,0.270017445220598,FALSE,0.136603111084766,0.533943581101344,FALSE,75
"Asia_042","Asi-WXIYUN.Wright.2010","Wood","trsgi",27.33,99.3,"positive",-0.0405218676452009,0.766928517912647,FALSE,-0.0405218676452009,0.887032417887646,FALSE,-0.0110317046082781,0.932944766444696,FALSE,-0.0110317046082781,0.973306445246152,FALSE,75
"Asia_043","Asi-DEZQIN.PAGES2k.2013","Wood","trsgi",34.75,100.82,"positive",-0.129526633412537,0.297817464236495,FALSE,-0.129526633412537,0.51383446531839,FALSE,-0.0694826715557534,0.563749203322118,FALSE,-0.0694826715557534,0.782423221651101,FALSE,75
"Asia_044","Asi-GOUQIN.PAGES2k.2013","Wood","trsgi",34.73,100.8,"positive",-0.137082395663951,0.255881169094956,FALSE,-0.137082395663951,0.466830823378595,FALSE,-0.0848946638856425,0.468976032381685,FALSE,-0.0848946638856425,0.70460233991326,FALSE,75
"Asia_045","Asi-HEBQIN.PAGES2k.2013","Wood","trsgi",34.73,100.78,"positive",-0.196139083234706,0.11319296989205,FALSE,-0.196139083234706,0.287111725070915,FALSE,-0.125549827884004,0.283143286762877,FALSE,-0.125549827884004,0.547705295331939,FALSE,75
"Asia_046","Asi-LAJQIN.PAGES2k.2013","Wood","trsgi",34.72,100.72,"positive",0.0775407408257047,0.557983125074996,FALSE,0.0775407408257047,0.732427528203368,FALSE,0.0906474813195568,0.489680961867009,FALSE,0.0906474813195568,0.719308947523812,FALSE,75
"Asia_047","Asi-GHEGAN.PAGES2k.2013","Wood","trsgi",37.93,101.53,"positive",0.121293616304929,0.390429624162657,FALSE,0.121293616304929,0.595356615949524,FALSE,0.0638638466043506,0.639207937347473,FALSE,0.0638638466043506,0.831238893315306,FALSE,75
"Asia_048","Asi-CHIN006.Sheppard.2013","Wood","trsgi",36.3,98.08,"positive",0.175229914582739,0.207915147879282,FALSE,0.175229914582739,0.412465972977346,FALSE,0.17490333922209,0.194089514844706,FALSE,0.17490333922209,0.45166454034594,FALSE,68
"Asia_049","Asi-CHIN005.Sheppard.2013","Wood","trsgi",37,98.08,"positive",0.0370247677335099,0.781248123246373,FALSE,0.0370247677335099,0.896826029119901,FALSE,0.0327421231638119,0.800876960352687,FALSE,0.0327421231638119,0.918974777757022,FALSE,68
"Asia_050","Asi-DUSHJP.PAGES2k.2013","Wood","trsgi",36.65,98.08,"positive",0.0694302541107364,0.617767296098392,FALSE,0.0694302541107364,0.784040067304998,FALSE,0.0659631705249346,0.61973044574259,FALSE,0.0659631705249346,0.822611518486283,FALSE,68
"Asia_051","Asi-MQAXJP.PAGES2k.2013","Wood","trsgi",35.07,100.35,"positive",-0.136211678857358,0.379771579106935,FALSE,-0.136211678857358,0.593877494878957,FALSE,-0.280003229221773,0.0466859019825418,FALSE,-0.280003229221773,0.21762919188727,FALSE,75
"Asia_052","Asi-MQBXJP.PAGES2k.2013","Wood","trsgi",34.78,99.78,"positive",0.0297803050481364,0.807946033049642,FALSE,0.0297803050481364,0.910503652630773,FALSE,0.0195315376713886,0.872975224636586,FALSE,0.0195315376713886,0.960141930369094,FALSE,75
"Asia_053","Asi-MQDXJP.PAGES2k.2013","Wood","trsgi",34.72,99.67,"positive",0.0439962077878897,0.725456237328716,FALSE,0.0439962077878897,0.860979517295862,FALSE,0.0485635621525219,0.697619454808276,FALSE,0.0485635621525219,0.869242036150749,FALSE,75
"Asia_054","Asi-MQFXJP.PAGES2k.2013","Wood","trsgi",34.75,99.68,"positive",-0.0359185224183054,0.76119939701137,FALSE,-0.0359185224183054,0.885417894436376,FALSE,-0.0578693444500441,0.621900011718692,FALSE,-0.0578693444500441,0.822611518486283,FALSE,75
"Asia_055","Asi-MQRXJP.PAGES2k.2013","Wood","trsgi",34.75,99.68,"positive",0.0283261899034765,0.815594055428916,FALSE,0.0283261899034765,0.910503652630773,FALSE,0.0167309060619519,0.890104477350584,FALSE,0.0167309060619519,0.960141930369094,FALSE,75
"Asia_056","Asi-TDAXJP.PAGES2k.2013","Wood","trsgi",34.78,100.8,"positive",-0.0777053819775961,0.557284248705559,FALSE,-0.0777053819775961,0.732427528203368,FALSE,-0.0292275499469303,0.82136239922048,FALSE,-0.0292275499469303,0.92440604566814,FALSE,75
"Asia_057","Asi-TDBXJP.PAGES2k.2013","Wood","trsgi",34.78,100.82,"positive",-0.273423207568422,0.033131870380693,FALSE,-0.273423207568422,0.134490244883318,FALSE,-0.231738861922712,0.0648270421030047,FALSE,-0.231738861922712,0.254631389295553,FALSE,75
"Asia_058","Asi-HBLXJP.PAGES2k.2013","Wood","trsgi",34.78,100.82,"positive",-0.21034185146474,0.138890595327253,FALSE,-0.21034185146474,0.323943079969645,FALSE,-0.103030638152668,0.399142793812017,FALSE,-0.103030638152668,0.652267549119823,FALSE,75
"Asia_059","Asi-HBMXJP.PAGES2k.2013","Wood","trsgi",34.78,100.82,"positive",-0.106235109022771,0.41520747288789,FALSE,-0.106235109022771,0.616276467022461,FALSE,0.00774339033859776,0.947430079727676,FALSE,0.00774339033859776,0.973306445246152,FALSE,75
"Asia_060","Asi-HBHXJP.PAGES2k.2013","Wood","trsgi",34.78,100.82,"positive",-0.125222212103985,0.284411422078596,FALSE,-0.125222212103985,0.49674584520804,FALSE,-0.0741927940753632,0.526988777679642,FALSE,-0.0741927940753632,0.755106605054857,FALSE,75
"Asia_061","Asi-BARELC.PAGES2k.2013","Wood","trsgi",33.75,107.8,"positive",-0.0466125234081184,0.765207022836827,FALSE,-0.0466125234081184,0.886968127764766,FALSE,0.0247539244399146,0.867315494569852,FALSE,0.0247539244399146,0.958646857658097,FALSE,67
"Asia_062","Asi-CHIN004.Wu.2013","Wood","trsgi",34.48,110.08,"positive",-0.252329972728197,0.0487825583012252,FALSE,-0.252329972728197,0.167059822562296,FALSE,-0.203156841898928,0.111058149059391,FALSE,-0.203156841898928,0.348959361765294,FALSE,65
"Asia_063","Asi-SANGTS.PAGES2k.2013","Wood","trsgi",33.65,107.8,"positive",-0.15705523951349,0.293934301655258,FALSE,-0.15705523951349,0.511879906007594,FALSE,-0.2221382647962,0.11874480118408,FALSE,-0.2221382647962,0.361907996887141,FALSE,67
"Asia_064","Asi-CHIN029.Krusic.2010","Wood","trsgi",43.85,93.3,"positive",-0.0315088334375668,0.828686654512006,FALSE,-0.0315088334375668,0.918598407261952,FALSE,-0.00724144283402029,0.957448125737312,FALSE,-0.00724144283402029,0.974770378012164,FALSE,75
"Asia_065","Asi-TIANMU.PAGES2k.2013","Wood","trsgi",30.33,119.43,"positive",0.193750081763829,0.127779594952533,FALSE,0.193750081763829,0.308381463409066,FALSE,0.186856562670381,0.14051902014071,FALSE,0.186856562670381,0.387446315538537,FALSE,75
"Asia_066","Asi-WULANJ.PAGES2k.2013","Wood","trsgi",37.03,98.68,"positive",0.0149012231170249,0.913732472060412,FALSE,0.0149012231170249,0.960751295665579,FALSE,-0.0299763885280497,0.824179402126317,FALSE,-0.0299763885280497,0.925893012552069,FALSE,75
"Asia_067","Asi-QUMAJP.PAGES2k.2013","Wood","trsgi",33.8,96.13,"positive",0.0263255497696162,0.837206198347558,FALSE,0.0263255497696162,0.92353017762363,FALSE,0.0174199183607732,0.891554549881748,FALSE,0.0174199183607732,0.960141930369094,FALSE,75
"Asia_068","Asi-ZHIDJP.Shao.2003","Wood","trsgi",33.72,96.28,"positive",0.113459270311852,0.376866699341457,FALSE,0.113459270311852,0.591556219772104,FALSE,0.0952398147670777,0.455215420438799,FALSE,0.0952398147670777,0.69063319914612,FALSE,75
"Asia_069","Asi-ZHANGX.PAGES2k.2010","Wood","trsgi",34.63,104.47,"positive",-0.223147092160893,0.0700287769357524,FALSE,-0.223147092160893,0.21159529803238,FALSE,-0.194866052588455,0.109195243529082,FALSE,-0.194866052588455,0.345308181420912,FALSE,75
"Asia_070","Asi-CHIN017.Li.2010","Wood","trsgi",28.9,99.75,"positive",0.162327568275067,0.183918455643103,FALSE,0.162327568275067,0.379411078942115,FALSE,0.0180246623579877,0.878012840414742,FALSE,0.0180246623579877,0.960141930369094,FALSE,75
"Asia_071","Asi-CHIN016.Li.2010","Wood","trsgi",31.78,101.92,"positive",0.0511336149647526,0.744248382304305,FALSE,0.0511336149647526,0.86899858733817,FALSE,0.0383548079755606,0.802588025035043,FALSE,0.0383548079755606,0.918974777757022,FALSE,75
"Asia_072","Asi-PTCYUN.PAGES2k.2013","Wood","trsgi",27.37,99.37,"positive",-0.211990951650041,0.141531032099401,FALSE,-0.211990951650041,0.32705338456999,FALSE,-0.105730563956502,0.435868227172834,FALSE,-0.105730563956502,0.677895559346695,FALSE,75
"Asia_073","Asi-WEXYUN.Wright.2010","Wood","trsgi",27.33,99.3,"positive",0.0347115855681506,0.812294518224603,FALSE,0.0347115855681506,0.910503652630773,FALSE,0.0340582951618207,0.804718196889228,FALSE,0.0340582951618207,0.918974777757022,FALSE,75
"Asia_074","Asi-HXBURU.PAGES2k.2013","Wood","trsgi",43.18,87.18,"positive",0.106168665136538,0.441321272355355,FALSE,0.106168665136538,0.647200813286681,FALSE,0.100493133432001,0.444426028615836,FALSE,0.100493133432001,0.684233374195283,FALSE,68
"Asia_075","Asi-DQHZHO.PAGES2k.2013","Wood","trsgi",35,100.07,"positive",0.0324852169236994,0.78648668946949,FALSE,0.0324852169236994,0.897795792634632,FALSE,-0.0102559258089995,0.930569842186895,FALSE,-0.0102559258089995,0.973306445246152,FALSE,75
"Asia_076","Asi-CHIN026.Wright.2010","Wood","trsgi",27.62,99.8,"positive",0.440243542374344,0.000639154402862269,TRUE,0.440243542374344,0.0134951884313636,TRUE,0.387530502287414,0.00189699262572226,TRUE,0.387530502287414,0.0317361739276237,TRUE,75
"Asia_077","Asi-HYGJUP.PAGES2k.2013","Wood","trsgi",38.7,99.68,"positive",0.282616506240665,0.122483504287915,FALSE,0.282616506240665,0.300364071010872,FALSE,0.175932739026551,0.198875231282473,FALSE,0.175932739026551,0.457634825887921,FALSE,75
"Asia_078","Asi-MQACJP.PAGES2k.2013","Wood","trsgi",35.07,100.35,"positive",-0.297759501872508,0.00947291045507112,FALSE,-0.297759501872508,0.0619524532103473,FALSE,-0.326755903994874,0.0042197715170709,FALSE,-0.326755903994874,0.0533069095727936,FALSE,75
"Asia_079","Asi-CHIN037.Fan.2013","Wood","trsgi",27.58,99.35,"positive",-0.111638110129286,0.40637642926225,FALSE,-0.111638110129286,0.607582319848193,FALSE,-0.0517615635823695,0.688854500908166,FALSE,-0.0517615635823695,0.864910620815729,FALSE,75
"Asia_080","Asi-CHIN038.Fan.2013","Wood","trsgi",27.58,99.28,"positive",-0.214319233188203,0.114572893784436,FALSE,-0.214319233188203,0.287111725070915,FALSE,-0.146963286914728,0.259142539913152,FALSE,-0.146963286914728,0.527661948046845,FALSE,75
"Asia_081","Asi-CHIN039.Fan.2013","Wood","trsgi",28.03,99.02,"positive",0.0323785420310763,0.817345962936035,FALSE,0.0323785420310763,0.910503652630773,FALSE,0.138013358338083,0.295033999022485,FALSE,0.138013358338083,0.560202593235946,FALSE,75
"Asia_082","Asi-CHIN040.Fan.2013","Wood","trsgi",28.03,98.98,"positive",-0.150530344195584,0.28383943054758,FALSE,-0.150530344195584,0.49674584520804,FALSE,-0.0894654320010407,0.50319593341548,FALSE,-0.0894654320010407,0.731169677897141,FALSE,75
"Asia_083","Asi-CHIN041.Fan.2013","Wood","trsgi",27.88,98.4,"positive",-0.0734349505292321,0.582426683340359,FALSE,-0.0734349505292321,0.757070815845728,FALSE,-0.0719323535992906,0.577116481656208,FALSE,-0.0719323535992906,0.791295631721727,FALSE,75
"Asia_084","Asi-CHIN050.Shao.2013","Wood","trsgi",37.47,97.23,"positive",0.269993604698433,0.0616255521482321,FALSE,0.269993604698433,0.193725453676237,FALSE,0.252951676483629,0.0771235387219114,FALSE,0.252951676483629,0.284163514695614,FALSE,75
"Asia_085","Asi-CHIN051.Shao.2013","Wood","trsgi",37.47,97.22,"positive",0.256592512586803,0.0493878972466312,TRUE,0.256592512586803,0.168193227845472,FALSE,0.187527551359235,0.121610441603433,FALSE,0.187527551359235,0.361907996887141,FALSE,75
"Asia_086","Asi-CHIN052.Shao.2013","Wood","trsgi",37.45,97.53,"positive",0.109917867752577,0.390021960624389,FALSE,0.109917867752577,0.595356615949524,FALSE,0.0406816421843193,0.737800443401913,FALSE,0.0406816421843193,0.89373478369038,FALSE,75
"Asia_087","Asi-CHIN053.Shao.2013","Wood","trsgi",37.43,98.05,"positive",0.00623870507637722,0.957965895391281,FALSE,0.00623870507637722,0.975470255606072,FALSE,-0.0331967420591322,0.777375043088366,FALSE,-0.0331967420591322,0.909631666676179,FALSE,75
"Asia_088","Asi-CHIN054.Shao.2013","Wood","trsgi",37.45,97.78,"positive",0.189880101982317,0.142458824143446,FALSE,0.189880101982317,0.32705338456999,FALSE,0.133137245644019,0.284211793231818,FALSE,0.133137245644019,0.548059501590329,FALSE,75
"Asia_089","Asi-CHIN055.Shao.2013","Wood","trsgi",37.52,97.05,"positive",0.14182596495413,0.257651563331376,FALSE,0.14182596495413,0.467279314562526,FALSE,0.0986637195014092,0.42091216251886,FALSE,0.0986637195014092,0.662963431550062,FALSE,75
"Asia_090","Asi-CHIN056.Shao.2013","Wood","trsgi",34.47,110.08,"positive",-0.164613457222124,0.158156709723211,FALSE,-0.164613457222124,0.346250225215459,FALSE,-0.158997742834075,0.173034267148611,FALSE,-0.158997742834075,0.427936578204213,FALSE,75
"Asia_091","Asi-CHIN057.Shao.2013","Wood","trsgi",34.47,110.08,"positive",-0.244920310827144,0.0384343520583565,FALSE,-0.244920310827144,0.143660108608369,FALSE,-0.244784359724073,0.0385208356189746,FALSE,-0.244784359724073,0.19870331040121,FALSE,75
"Asia_092","Asi-CHIN058.Shao.2013","Wood","trsgi",34.47,110.08,"positive",-0.230595936357139,0.0465480144861696,FALSE,-0.230595936357139,0.162124618636488,FALSE,-0.237738146849383,0.0399912597552088,FALSE,-0.237738146849383,0.202906473676018,FALSE,75
"Asia_093","Asi-CHIN059.Shao.2013","Wood","trsgi",33.8,96.13,"positive",-0.00599530816399192,0.962981019610414,FALSE,-0.00599530816399192,0.977330074538384,FALSE,-0.00726873948727192,0.955017788351653,FALSE,-0.00726873948727192,0.973897876424503,FALSE,75
"Asia_094","Asi-CHIN060.Shao.2013","Wood","trsgi",37.32,98.4,"positive",-0.0618205898455798,0.640299155038538,FALSE,-0.0618205898455798,0.801027310282906,FALSE,-0.127377917930731,0.318155079174393,FALSE,-0.127377917930731,0.587874608981938,FALSE,75
"Asia_095","Asi-CHIN061.Shao.2013","Wood","trsgi",37.03,98.63,"positive",0.109528670493066,0.392521702303291,FALSE,0.109528670493066,0.597061547175974,FALSE,0.104535356123879,0.412975887339763,FALSE,0.104535356123879,0.661284952262475,FALSE,75
"Asia_096","Asi-CHIN062.Shao.2013","Wood","trsgi",37.03,98.67,"positive",0.16079002755307,0.297183662136186,FALSE,0.16079002755307,0.51383446531839,FALSE,0.0527083536351769,0.698109074098348,FALSE,0.0527083536351769,0.869242036150749,FALSE,75
"Asia_097","Asi-CHIN063.Shao.2013","Wood","trsgi",36.75,98.22,"positive",0.224999340945919,0.114716059314087,FALSE,0.224999340945919,0.287111725070915,FALSE,0.139860748500004,0.281248211818044,FALSE,0.139860748500004,0.545744962744104,FALSE,75
"Asia_098","Asi-CHIN064.Shao.2013","Wood","trsgi",36.68,98.42,"positive",0.150756195573187,0.33660733945663,FALSE,0.150756195573187,0.560138225935285,FALSE,0.0491050416931122,0.730548287344804,FALSE,0.0491050416931122,0.890175964304003,FALSE,75
"Asia_099","Asi-CHIN065.Shao.2013","Wood","trsgi",32.67,95.72,"positive",-0.232481772671978,0.0485972695989022,FALSE,-0.232481772671978,0.167059822562296,FALSE,-0.232797667246411,0.0481667193676187,FALSE,-0.232797667246411,0.21762919188727,FALSE,75
"Asia_101","Asi-INDO005.D'Arrigo.2010","Wood","trsgi",-5.5,122.8,"positive",0.0806642132770909,0.504663994569327,FALSE,0.0806642132770909,0.694359474173716,FALSE,0.0387980696836744,0.743823125794817,FALSE,0.0387980696836744,0.895196477481421,FALSE,75
"Asia_102","Asi-GANGCD.PAGES2k.2013","Wood","trsgi",30.98,78.93,"positive",-0.20817440888618,0.0833631517795786,FALSE,-0.20817440888618,0.236581537226304,FALSE,-0.175318386588583,0.141037324627029,FALSE,-0.175318386588583,0.387446315538537,FALSE,74
"Asia_103","Asi-RANGCD.PAGES2k.2013","Wood","trsgi",33.08,76.43,"positive",0.0889454109998187,0.484416781335293,FALSE,0.0889454109998187,0.687532089145873,FALSE,0.0969083470592345,0.441544379021207,FALSE,0.0969083470592345,0.683289926535318,FALSE,75
"Asia_104","Asi-INDI015.Borgaonkar.2013","Wood","trsgi",31.2,77.23,"positive",0.0462881935104422,0.726144225843329,FALSE,0.0462881935104422,0.860979517295862,FALSE,0.0198001915908999,0.87871085073155,FALSE,0.0198001915908999,0.960141930369094,FALSE,65
"Asia_105","Asi-INDI025.Borgaonkar.2013","Wood","trsgi",10.18,76.87,"positive",0.0632958881287005,0.616016765376561,FALSE,0.0632958881287005,0.783440409078489,FALSE,0.0261911429952981,0.832642909567238,FALSE,0.0261911429952981,0.930335669715019,FALSE,75
"Asia_106","Asi-KERALA.PAGES2k.2013","Wood","trsgi",10,76.67,"positive",-0.149285301639784,0.201139832635575,FALSE,-0.149285301639784,0.404845189343176,FALSE,-0.165928840201556,0.154813301242049,FALSE,-0.165928840201556,0.397045218017454,FALSE,75
"Asia_107","Asi-INDI024.Borgaonkar.2013","Wood","trsgi",31.37,78.17,"positive",-0.202047153932172,0.105912389275541,FALSE,-0.202047153932172,0.280644196926474,FALSE,-0.201734155686727,0.103565157126771,FALSE,-0.201734155686727,0.335637865243305,FALSE,75
"Asia_108","Asi-MTASSP.Davi.2013","Wood","trsgi",43.77,142.55,"positive",0.0937516348055322,0.553902685737353,FALSE,0.0937516348055322,0.732427528203368,FALSE,-0.20128798104111,0.142117631575959,FALSE,-0.20128798104111,0.387446315538537,FALSE,72
"Asia_109","Asi-MTASMD.Davi.2013","Wood","trsgi",43.77,142.55,"positive",0.306103105536824,0.0172609744931857,TRUE,0.306103105536824,0.0874460939200236,TRUE,0.159620366120514,0.189661817259409,FALSE,0.159620366120514,0.446670944585743,FALSE,72
"Asia_110","Asi-RUSS219.Jacoby.2010","Wood","trsgi",43.88,145.6,"positive",0.269139768957001,0.0679497932151326,FALSE,0.269139768957001,0.208266116204381,FALSE,0.510784805858363,6.68998311298027e-05,TRUE,0.510784805858363,0.00291900195132979,TRUE,75
"Asia_111","Asi-JAPA020.Kimura.2013","Wood","trsgi",30.33,130.5,"positive",0.318615450203687,0.0443947674508038,TRUE,0.318615450203687,0.15854789841492,FALSE,0.17448550584139,0.206575618419104,FALSE,0.17448550584139,0.471846154248802,FALSE,74
"Asia_112","Asi-JAPA013.Yasue.1997","Wood","trsgi",44.35,142.18,"positive",0.260408586564265,0.0610012559660051,FALSE,0.260408586564265,0.193725453676237,FALSE,0.219795884863716,0.0955855940875602,FALSE,0.219795884863716,0.323497500131612,FALSE,74
"Asia_113","Asi-JAPA015.Yasue.2013","Wood","trsgi",43.22,145.47,"positive",0.333023735042633,0.00531604363362423,TRUE,0.333023735042633,0.0433767697936894,TRUE,0.295267154702281,0.0128697608354238,TRUE,0.295267154702281,0.106220860934149,FALSE,73
"Asia_114","Asi-JAPA016.Yasue.2013","Wood","trsgi",35.73,138.22,"positive",0.143187304548075,0.38575208855611,FALSE,0.143187304548075,0.595356615949524,FALSE,0.0434869653165296,0.763087424769357,FALSE,0.0434869653165296,0.898005923825536,FALSE,75
"Asia_115","Asi-JAPA014.Yasue.2013","Wood","trsgi",43.5,143.2,"positive",0.101652965508668,0.402439296962639,FALSE,0.101652965508668,0.604645316269847,FALSE,0.132566844706223,0.271981791079967,FALSE,0.132566844706223,0.533943581101344,FALSE,72
"Asia_116","Asi-JAPA012.Yasue.1997","Wood","trsgi",44.95,142.12,"positive",0.0191758493229406,0.901560198647136,FALSE,0.0191758493229406,0.954501557462339,FALSE,0.0323527412131205,0.828777694512999,FALSE,0.0323527412131205,0.929372088593381,FALSE,66
"Asia_117","Asi-YKCOM.Yasue.2013","Wood","trsgi",30.37,130.53,"positive",0.357367707877827,0.0183955562817854,TRUE,0.357367707877827,0.0916786666726379,TRUE,0.0242811726972209,0.848083070719048,FALSE,0.0242811726972209,0.944178814343688,FALSE,75
"Asia_118","Asi-JAPA017.Yasue.2013","Wood","trsgi",30.37,130.53,"positive",0.0889568319255721,0.532283152912157,FALSE,0.0889568319255721,0.717119940077258,FALSE,0.00959401152139721,0.941525412474294,FALSE,0.00959401152139721,0.973306445246152,FALSE,75
"Asia_119","Asi-YKC.Yasue.2013","Wood","trsgi",30.33,130.45,"positive",0.227637396313629,0.0923627584322972,FALSE,0.227637396313629,0.254811586041477,FALSE,0.18304224725393,0.147835573256811,FALSE,0.18304224725393,0.389405190833898,FALSE,75
"Asia_120","Asi-JAPA019.Sano.2013","Wood","trsgi",33.73,133.12,"positive",0.149592853600933,0.344311637091655,FALSE,0.149592853600933,0.57044063118158,FALSE,0.0207579326892452,0.88048780555803,FALSE,0.0207579326892452,0.960141930369094,FALSE,75
"Asia_121","Asi-KYRG002.Esper.2007","Wood","trsgi",40.17,72.58,"positive",-0.00349235857567099,0.980383992706095,FALSE,-0.00349235857567099,0.983593105611843,FALSE,0.0413725252540363,0.750028288359033,FALSE,0.0413725252540363,0.897149456278685,FALSE,70
"Asia_122","Asi-KYRG003.Esper.2007","Wood","trsgi",40.17,72.58,"positive",-0.173972965771466,0.209600658280401,FALSE,-0.173972965771466,0.4144683984706,FALSE,-0.0543119505457927,0.671956473174395,FALSE,-0.0543119505457927,0.853417334843003,FALSE,70
"Asia_123","Asi-KYRG004.Esper.2007","Wood","trsgi",40.17,72.58,"positive",0.288376457094773,0.0447451654580442,TRUE,0.288376457094773,0.15854789841492,FALSE,0.19896567330412,0.125347094042163,FALSE,0.19896567330412,0.365989864208013,FALSE,70
"Asia_124","Asi-KYRG005.Esper.2007","Wood","trsgi",40.17,72.58,"positive",0.0998508475075169,0.454266042833391,FALSE,0.0998508475075169,0.663012105373497,FALSE,0.0721674893191511,0.56842842305443,FALSE,0.0721674893191511,0.787152558994836,FALSE,70
"Asia_125","Asi-KYRG007.Esper.2007","Wood","trsgi",40.17,72.58,"positive",0.208990830296549,0.138983735778167,FALSE,0.208990830296549,0.323943079969645,FALSE,0.118292521129271,0.360646819902194,FALSE,0.118292521129271,0.623473419127269,FALSE,70
"Asia_126","Asi-KYRG008.Shiyatov.2013","Wood","trsgi",40.2,72.58,"positive",0.353049652635517,0.0130036083268812,TRUE,0.353049652635517,0.0762314279336249,TRUE,0.153238336002527,0.232341414328471,FALSE,0.153238336002527,0.499708791948852,FALSE,70
"Asia_127","Asi-KYRG009.Shiyatov.2013","Wood","trsgi",39.92,71.47,"positive",0.0619844911066028,0.615827108484003,FALSE,0.0619844911066028,0.783440409078489,FALSE,0.0574924562657275,0.641291891226511,FALSE,0.0574924562657275,0.832200588405053,FALSE,70
"Asia_128","Asi-KYRG010.Shiyatov.2013","Wood","trsgi",40.17,72.62,"positive",0.093127069246554,0.486293098016269,FALSE,0.093127069246554,0.687532089145873,FALSE,-0.0131935414760813,0.916670687288921,FALSE,-0.0131935414760813,0.966642513512508,FALSE,70
"Asia_129","Asi-KYRG011.Shiyatov.2013","Wood","trsgi",39.83,71.5,"positive",0.16319489150313,0.240318022648781,FALSE,0.16319489150313,0.449130938669826,FALSE,0.10987360237834,0.419388797973744,FALSE,0.10987360237834,0.662249147820785,FALSE,70
"Asia_130","Asi-SHIYAT.PAGES2k.2013","Wood","trsgi",39.83,71.5,"positive",0.217252622316995,0.10576752107794,FALSE,0.217252622316995,0.280644196926474,FALSE,0.170413054697217,0.195352753725103,FALSE,0.170413054697217,0.452896459010632,FALSE,70
"Asia_131","Asi-ESPERG.PAGES2k.2013","Wood","trsgi",40.17,72.58,"positive",0.145974615784438,0.298409575290941,FALSE,0.145974615784438,0.51383446531839,FALSE,0.13665668384269,0.289442272026813,FALSE,0.13665668384269,0.5512762042603,FALSE,70
"Asia_133","Asi-RUSS236.Sano.2009","Wood","trsgi",55,160.5,"positive",0.216000167649018,0.123128016092,FALSE,0.216000167649018,0.300364071010872,FALSE,0.199042289119438,0.133413595600352,FALSE,0.199042289119438,0.379123310278883,FALSE,75
"Asia_134","Asi-KAZ001.Solomina.2010","Wood","trsgi",43.35,77.35,"positive",0.015342166208793,0.924106378982904,FALSE,0.015342166208793,0.962897809647678,FALSE,0.0443835277128991,0.745177657496342,FALSE,0.0443835277128991,0.895196477481421,FALSE,75
"Asia_135","Asi-KYRG012.Solomina.2013","Wood","trsgi",42.2,79.05,"positive",0.153674322172128,0.27474595767098,FALSE,0.153674322172128,0.486760901885291,FALSE,0.128017319668368,0.317253426348873,FALSE,0.128017319668368,0.587874608981938,FALSE,75
"Asia_136","Asi-KYRG013.Solomina.2013","Wood","trsgi",42.15,79.47,"positive",0.096410526577935,0.492245875608729,FALSE,0.096410526577935,0.688819743112513,FALSE,0.0641600913751727,0.616285437707519,FALSE,0.0641600913751727,0.822611518486283,FALSE,75
"Asia_137","Asi-KYRG014.Solomina.2013","Wood","trsgi",42.42,78.97,"positive",0.122885669440713,0.398648553404448,FALSE,0.122885669440713,0.602866093303797,FALSE,0.134776479310429,0.299951407109183,FALSE,0.134776479310429,0.566774457466308,FALSE,75
"Asia_138","Asi-KYRG015.Solomina.2013","Wood","trsgi",42.15,79.45,"positive",0.0848365357131248,0.579571090151391,FALSE,0.0848365357131248,0.755908677154899,FALSE,0.10651900442213,0.424070570334369,FALSE,0.10651900442213,0.66624285034765,FALSE,75
"Asia_139","Asi-MONG016.Jacoby.2010","Wood","trsgi",48.6,88.37,"positive",0.0624564309280903,0.6457272951202,FALSE,0.0624564309280903,0.802697387726095,FALSE,0.0153905579195012,0.902434627576077,FALSE,0.0153905579195012,0.961457890653341,FALSE,75
"Asia_140","Asi-MONG027.Jacoby.2010","Wood","trsgi",46.32,101.32,"positive",0.413265137583017,0.0181361317932303,TRUE,0.413265137583017,0.0911266294200834,TRUE,0.128149968030184,0.360335780489582,FALSE,0.128149968030184,0.623473419127269,FALSE,75
"Asia_141","Asi-MONG017.Jacoby.2010","Wood","trsgi",49.97,91,"positive",0.151941352056295,0.32481148517619,FALSE,0.151941352056295,0.551549696434915,FALSE,0.0131394610073075,0.922696339920833,FALSE,0.0131394610073075,0.971341895256795,FALSE,75
"Asia_142","Asi-MONG018.Jacoby.2010","Wood","trsgi",49.97,90.98,"positive",0.101565680774922,0.539093073355435,FALSE,0.101565680774922,0.723116091831251,FALSE,-0.0439070999153038,0.755000762198849,FALSE,-0.0439070999153038,0.897149456278685,FALSE,75
"Asia_143","Asi-MONG019.Jacoby.2010","Wood","trsgi",47.1,90.97,"positive",0.432377902834072,0.0152008712776134,TRUE,0.432377902834072,0.0817380183612017,TRUE,0.0629392555288685,0.653775122029517,FALSE,0.0629392555288685,0.841344699659607,FALSE,75
"Asia_144","Asi-MONG020.Jacoby.2010","Wood","trsgi",48.27,88.87,"positive",-0.210294174970623,0.170780764242212,FALSE,-0.210294174970623,0.364768670663679,FALSE,0.0896769001100791,0.486376543438319,FALSE,0.0896769001100791,0.718939207831753,FALSE,75
"Asia_145","Asi-MONG021.Jacoby.2010","Wood","trsgi",48.35,107.47,"positive",0.00898472427298628,0.957376998086525,FALSE,0.00898472427298628,0.975470255606072,FALSE,0.0142021352384842,0.915168666650878,FALSE,0.0142021352384842,0.966642513512508,FALSE,75
"Asia_146","Asi-MONG033.Jacoby.2010","Wood","trsgi",49.37,94.88,"positive",-0.408960307559925,0.00698891358370683,FALSE,-0.408960307559925,0.051998350154335,FALSE,-0.256716355470263,0.0545719876693658,FALSE,-0.256716355470263,0.234583752550955,FALSE,72
"Asia_147","Asi-MONG009.Jacoby.2013","Wood","trsgi",49.92,91.57,"positive",0.212743670623253,0.15142596537909,FALSE,0.212743670623253,0.337542242826844,FALSE,0.154885655570678,0.248225400467475,FALSE,0.154885655570678,0.513884691937682,FALSE,73
"Asia_148","Asi-MONG015.Jacoby.2013","Wood","trsgi",48.17,99.87,"positive",-0.0601498128329402,0.6601528717252,FALSE,-0.0601498128329402,0.811514184472766,FALSE,-0.1141603343922,0.372113459902549,FALSE,-0.1141603343922,0.631063648437473,FALSE,75
"Asia_149","Asi-MONG024.Jacoby.2010","Wood","trsgi",48.5,88.5,"positive",-0.0934064334933678,0.462512702681005,FALSE,-0.0934064334933678,0.667106557043425,FALSE,-0.0200800543091307,0.868822111706288,FALSE,-0.0200800543091307,0.958646857658097,FALSE,75
"Asia_150","Asi-MONG025.Jacoby.2010","Wood","trsgi",48.7,88.8,"positive",0.0669884532980357,0.624261250551452,FALSE,0.0669884532980357,0.789014735233072,FALSE,-0.0161719102794343,0.8976433413941,FALSE,-0.0161719102794343,0.960141930369094,FALSE,75
"Asia_151","Asi-MONG026.Jacoby.2010","Wood","trsgi",46.82,100.12,"positive",0.0350590891075439,0.811843799466006,FALSE,0.0350590891075439,0.910503652630773,FALSE,-0.019225621402793,0.883823106557341,FALSE,-0.019225621402793,0.960141930369094,FALSE,75
"Asia_152","Asi-MONG002.Jacoby.2013","Wood","trsgi",47.77,107,"positive",-0.0752637031772296,0.55555343671908,FALSE,-0.0752637031772296,0.732427528203368,FALSE,-0.0681405479735581,0.583594983257803,FALSE,-0.0681405479735581,0.79569448157837,FALSE,69
"Asia_153","Asi-MONG028.Jacoby.2010","Wood","trsgi",48.83,111.68,"positive",-0.109066992787363,0.458834953129503,FALSE,-0.109066992787363,0.664963252873445,FALSE,-0.189170299270334,0.12791823315711,FALSE,-0.189170299270334,0.370006478150707,FALSE,75
"Asia_154","Asi-MONG029.Jacoby.2010","Wood","trsgi",49.87,91.43,"positive",-0.0324290711966623,0.83655057008375,FALSE,-0.0324290711966623,0.92353017762363,FALSE,-0.0932831154096792,0.500195942507517,FALSE,-0.0932831154096792,0.72852067861683,FALSE,73
"Asia_155","Asi-SODAPS.PAGES2k.2013","Wood","trsgi",48.3,98.93,"positive",0.267198781520626,0.0883901641238029,FALSE,0.267198781520626,0.248238660114317,FALSE,0.0668326067657483,0.626931580533826,FALSE,0.0668326067657483,0.824042555830792,FALSE,74
"Asia_156","Asi-MONG030.Jacoby.2010","Wood","trsgi",49.38,94.88,"positive",-0.229835115182034,0.124387935716026,FALSE,-0.229835115182034,0.301382626853453,FALSE,-0.137495617619329,0.305180558084592,FALSE,-0.137495617619329,0.570077638583467,FALSE,73
"Asia_157","Asi-MONG010.Jacoby.2013","Wood","trsgi",47.27,100.03,"positive",0.0643717603074652,0.706275639440701,FALSE,0.0643717603074652,0.850583432175146,FALSE,-0.115353571945645,0.413558413306558,FALSE,-0.115353571945645,0.661284952262475,FALSE,74
"Asia_158","Asi-MONG014.Jacoby.2013","Wood","trsgi",47.43,100.42,"positive",0.0145456695287252,0.909222574754675,FALSE,0.0145456695287252,0.959300238080234,FALSE,-0.0395658990213803,0.746238097545094,FALSE,-0.0395658990213803,0.895196477481421,FALSE,75
"Asia_159","Asi-MONG007.Schweingruber.2013","Wood","trsgi",49.7,91.55,"positive",0.149913483694451,0.367180062547631,FALSE,0.149913483694451,0.589207986339393,FALSE,-0.035860533421348,0.803116837027665,FALSE,-0.035860533421348,0.918974777757022,FALSE,70
"Asia_160","Asi-MONG012.Jacoby.2006","Wood","trsgi",48.98,103.22,"positive",0.0167746775429852,0.910966103976259,FALSE,0.0167746775429852,0.959488353500768,FALSE,-0.0534769452872403,0.686775997656039,FALSE,-0.0534769452872403,0.864053541766439,FALSE,75
"Asia_161","Asi-MONG031.Jacoby.2010","Wood","trsgi",48.25,97.4,"positive",-0.446659583035509,0.00177297448117315,FALSE,-0.446659583035509,0.025275194347887,FALSE,-0.325120458335661,0.012061452000741,FALSE,-0.325120458335661,0.104160657371102,FALSE,73
"Asia_162","Asi-MONG006.Jacoby.2006","Wood","trsgi",47.78,107.5,"positive",0.177843737777501,0.189291734143044,FALSE,0.177843737777501,0.386786110098954,FALSE,0.0848281401873985,0.498067598788101,FALSE,0.0848281401873985,0.728295189882328,FALSE,71
"Asia_163","Asi-MONG011.Jacoby.2006","Wood","trsgi",48.13,100.27,"positive",-0.125290258767412,0.432398560573176,FALSE,-0.125290258767412,0.637164225075378,FALSE,-0.206752545627242,0.127313940535807,FALSE,-0.206752545627242,0.369987460993731,FALSE,75
"Asia_164","Asi-MONG032.Jacoby.2010","Wood","trsgi",46.52,100.95,"positive",0.473472177388871,0.00607393450448067,TRUE,0.473472177388871,0.0471306563448943,TRUE,0.254600986742897,0.0683284367084306,FALSE,0.254600986742897,0.257898184893406,FALSE,75
"Asia_165","Asi-Hushre.PAGES2k.2013","Wood","trsgi",46.78,101.95,"positive",-0.0344046597255875,0.808990486651269,FALSE,-0.0344046597255875,0.910503652630773,FALSE,-0.256105239614253,0.0408097815362064,FALSE,-0.256105239614253,0.204986154113724,FALSE,75
"Asia_166","Asi-MONG004.Jacoby.2013","Wood","trsgi",47.95,107.45,"positive",0.17907936731621,0.195782156863922,FALSE,0.17907936731621,0.398719143380677,FALSE,-0.0403440089338173,0.742600795251146,FALSE,-0.0403440089338173,0.895196477481421,FALSE,75
"Asia_167","Asi-NEPA003.Krusic.2013","Wood","trsgi",29.48,82.08,"positive",0.108218360780069,0.417264725266515,FALSE,0.108218360780069,0.617834001421192,FALSE,0.0996967473818737,0.445536872310923,FALSE,0.0996967473818737,0.684233374195283,FALSE,72
"Asia_168","Asi-NEPA010.Krusic.2013","Wood","trsgi",27.7,86.45,"positive",0.238106292537807,0.0615585861890963,FALSE,0.238106292537807,0.193725453676237,FALSE,0.234435679775927,0.0664057112286813,FALSE,0.234435679775927,0.254631389295553,FALSE,73
"Asia_169","Asi-NEPA014.Krusic.2013","Wood","trsgi",27.7,86.28,"positive",0.123349403851897,0.337113167503818,FALSE,0.123349403851897,0.560138225935285,FALSE,0.11659103187323,0.362332231397961,FALSE,0.11659103187323,0.623473419127269,FALSE,73
"Asia_170","Asi-NEPA015.Krusic.2013","Wood","trsgi",28.38,83.7,"positive",0.0200433586599922,0.885451090973419,FALSE,0.0200433586599922,0.950615250952719,FALSE,0.00836650934805261,0.951605538955032,FALSE,0.00836650934805261,0.973306445246152,FALSE,72
"Asia_171","Asi-NEPA018.Krusic.2013","Wood","trsgi",27.73,86.33,"positive",0.293139250919328,0.0189313237606671,TRUE,0.293139250919328,0.0929421734600516,TRUE,0.291823454042389,0.0194266467341579,TRUE,0.291823454042389,0.125261399254622,FALSE,73
"Asia_172","Asi-NEPA019.Krusic.2013","Wood","trsgi",29.47,82.12,"positive",0.0711409203123017,0.627323767080204,FALSE,0.0711409203123017,0.791254051893343,FALSE,0.0617086286073422,0.672807204205793,FALSE,0.0617086286073422,0.853417334843003,FALSE,72
"Asia_173","Asi-NEPA025.Krusic.2013","Wood","trsgi",29.52,82.03,"positive",-0.201275849799575,0.130428400957149,FALSE,-0.201275849799575,0.313539646222479,FALSE,-0.19649828809842,0.139396775156031,FALSE,-0.19649828809842,0.387446315538537,FALSE,72
"Asia_174","Asi-NEPA029.Krusic.2013","Wood","trsgi",28.18,85.43,"positive",-0.0978172107412621,0.476038141895259,FALSE,-0.0978172107412621,0.681683867464211,FALSE,-0.09892784593323,0.472543914668743,FALSE,-0.09892784593323,0.704830561879402,FALSE,69
"Asia_175","Asi-NEPA030.Krusic.2013","Wood","trsgi",27.78,87.27,"positive",0.233794623052235,0.0840967991348137,FALSE,0.233794623052235,0.23756376898452,FALSE,0.233702963024502,0.085321667962547,FALSE,0.233702963024502,0.307058793423352,FALSE,71
"Asia_176","Asi-NEPA032.Krusic.2013","Wood","trsgi",27.67,87.2,"positive",-0.0315260796074918,0.818413560521298,FALSE,-0.0315260796074918,0.910503652630773,FALSE,-0.0330736682931615,0.810314719978328,FALSE,-0.0330736682931615,0.918974777757022,FALSE,71
"Asia_177","Asi-NEPA036.Krusic.2013","Wood","trsgi",27.73,87.2,"positive",0.242594752610209,0.0740197719502871,FALSE,0.242594752610209,0.218144808680413,FALSE,0.249897413622929,0.0653898986021546,FALSE,0.249897413622929,0.254631389295553,FALSE,71
"Asia_178","Asi-BURGPW.PAGES2k.2013","Wood","trsgi",28.77,83.73,"positive",-0.189597848059778,0.187742498742204,FALSE,-0.189597848059778,0.384903517488198,FALSE,-0.195729852302576,0.174216506797192,FALSE,-0.195729852302576,0.427936578204213,FALSE,71
"Asia_179","Asi-NEPA021.Krusic.2013","Wood","trsgi",27.5,88.02,"positive",0.211317463175336,0.115219387222586,FALSE,0.211317463175336,0.287111725070915,FALSE,0.218210049624413,0.103081108346508,FALSE,0.218210049624413,0.335637865243305,FALSE,74
"Asia_180","Asi-NEPA027.Krusic.2013","Wood","trsgi",27.5,87.98,"positive",-0.00773825250740455,0.954223314003976,FALSE,-0.00773825250740455,0.975470255606072,FALSE,0.00119308641882095,0.992926394269395,FALSE,0.00119308641882095,0.996144956325373,FALSE,74
"Asia_181","Asi-NEPA042.Krusic.2010","Wood","trsgi",27.83,88.02,"positive",-0.0401421072896706,0.765426002589823,FALSE,-0.0401421072896706,0.886968127764766,FALSE,-0.0573459560239216,0.668474229311945,FALSE,-0.0573459560239216,0.851410592477559,FALSE,74
"Asia_182","Asi-ENEPAB.PAGES2k.2013","Wood","trsgi",27.73,87.2,"positive",0.182980045809022,0.169912106025813,FALSE,0.182980045809022,0.364182241237145,FALSE,0.193998845506932,0.144363144538214,FALSE,0.193998845506932,0.387446315538537,FALSE,74
"Asia_183","Asi-ESPPAK.PAGES2k.2013","Wood","trsgi",35.17,75.5,"positive",-0.0881511903670576,0.516987806978027,FALSE,-0.0881511903670576,0.706555855557063,FALSE,-0.0676301874297682,0.620502940227979,FALSE,-0.0676301874297682,0.822611518486283,FALSE,68
"Asia_184","Asi-PAKI017.Cook.2013","Wood","trsgi",35.33,74.8,"positive",0.18596529101188,0.15731840965225,FALSE,0.18596529101188,0.34614744057295,FALSE,0.0788115959617574,0.529902970499887,FALSE,0.0788115959617574,0.757528726880901,FALSE,75
"Asia_185","Asi-PAKI018.Cook.2013","Wood","trsgi",35.33,74.8,"positive",0.0620456902720492,0.655661084231367,FALSE,0.0620456902720492,0.809770540789903,FALSE,0.0551649559958693,0.682824625092318,FALSE,0.0551649559958693,0.862588659045194,FALSE,75
"Asia_186","Asi-PAKI001.Esper.2007","Wood","trsgi",36.03,74.58,"positive",-0.124702509204852,0.408887485510724,FALSE,-0.124702509204852,0.609849218048842,FALSE,-0.142358917045389,0.338421700932814,FALSE,-0.142358917045389,0.610737705181959,FALSE,68
"Asia_187","Asi-PAKI002.Esper.2007","Wood","trsgi",36.03,74.58,"positive",-0.0502072618499081,0.734029668548334,FALSE,-0.0502072618499081,0.866975311792156,FALSE,-0.100104797294609,0.488860026968047,FALSE,-0.100104797294609,0.719308947523812,FALSE,68
"Asia_188","Asi-PAKI003.Esper.2007","Wood","trsgi",36.03,74.58,"positive",-0.200694609840222,0.149604314895156,FALSE,-0.200694609840222,0.335924707072274,FALSE,-0.167235063644255,0.223435034899936,FALSE,-0.167235063644255,0.485377079489621,FALSE,68
"Asia_189","Asi-PAKI004.Esper.2007","Wood","trsgi",36.03,74.58,"positive",-0.143368700010078,0.356102731243922,FALSE,-0.143368700010078,0.583665706557551,FALSE,0.0083897023087404,0.9485287181815,FALSE,0.0083897023087404,0.973306445246152,FALSE,68
"Asia_190","Asi-PAKI020.Cook.2013","Wood","trsgi",35.68,71.63,"positive",-0.0131954949719426,0.92927011324378,FALSE,-0.0131954949719426,0.96429042533469,FALSE,-0.0480913396748468,0.735171209392669,FALSE,-0.0480913396748468,0.89373478369038,FALSE,75
"Asia_191","Asi-PAKI021.Cook.2013","Wood","trsgi",35.68,71.63,"positive",-0.0957790511556808,0.488347528421578,FALSE,-0.0957790511556808,0.687532089145873,FALSE,-0.141568738474888,0.288611927214649,FALSE,-0.141568738474888,0.5512762042603,FALSE,75
"Asia_192","Asi-PAKI022.Cook.2013","Wood","trsgi",35.9,71.73,"positive",-0.0562415560180964,0.686198966333458,FALSE,-0.0562415560180964,0.829664627933747,FALSE,-0.137273992558489,0.302092244593606,FALSE,-0.137273992558489,0.568374162320492,FALSE,75
"Asia_193","Asi-PAKI023.Cook.2013","Wood","trsgi",35.9,71.73,"positive",-0.284909071510866,0.0224768668568126,FALSE,-0.284909071510866,0.100183176852071,FALSE,-0.234677754695071,0.0557066315270235,FALSE,-0.234677754695071,0.236381837499427,FALSE,75
"Asia_194","Asi-PAKI024.Cook.2013","Wood","trsgi",35.03,74.58,"positive",-0.0741098206331989,0.591848459911175,FALSE,-0.0741098206331989,0.760593513470755,FALSE,-0.0612981288843489,0.6480578937256,FALSE,-0.0612981288843489,0.83922141467813,FALSE,75
"Asia_195","Asi-PAKI006.Esper.2007","Wood","trsgi",36.33,74.03,"positive",-0.27051365720362,0.0476355137276042,FALSE,-0.27051365720362,0.164974971271307,FALSE,-0.258853413932533,0.0559791584912897,FALSE,-0.258853413932533,0.236381837499427,FALSE,68
"Asia_196","Asi-PAKI007.Esper.2007","Wood","trsgi",36.33,74.03,"positive",-0.223473512440591,0.106214443208715,FALSE,-0.223473512440591,0.280644196926474,FALSE,-0.193161546966338,0.15733404646738,FALSE,-0.193161546966338,0.400780966104148,FALSE,68
"Asia_197","Asi-PAKI025.Cook.2013","Wood","trsgi",35.45,74.78,"positive",0.0121743875940893,0.940084089041034,FALSE,0.0121743875940893,0.968523607701099,FALSE,0.0949064953641294,0.532085428841817,FALSE,0.0949064953641294,0.758896037910333,FALSE,75
"Asia_198","Asi-PAKI027.Cook.2013","Wood","trsgi",35.35,71.93,"positive",-0.0944766065276329,0.501385799177799,FALSE,-0.0944766065276329,0.693492536108034,FALSE,-0.117218601179245,0.387774541139214,FALSE,-0.117218601179245,0.645248497218209,FALSE,75
"Asia_199","Asi-PAKI028.Cook.2013","Wood","trsgi",35.4,74.12,"positive",-0.182018216392486,0.163645119679565,FALSE,-0.182018216392486,0.355725029658062,FALSE,-0.196770827583475,0.123843018785795,FALSE,-0.196770827583475,0.364237966157745,FALSE,75
"Asia_200","Asi-PAKI029.Cook.2013","Wood","trsgi",35.83,74.33,"positive",-0.127904404665661,0.334946970296199,FALSE,-0.127904404665661,0.560138225935285,FALSE,-0.167681677978308,0.193648264618078,FALSE,-0.167681677978308,0.45166454034594,FALSE,75
"Asia_201","Asi-PAKI030.Cook.2013","Wood","trsgi",35.88,74.18,"positive",0.096848237801073,0.461161306941948,FALSE,0.096848237801073,0.666726134800505,FALSE,0.131448813029805,0.305760542826674,FALSE,0.131448813029805,0.570077638583467,FALSE,75
"Asia_202","Asi-PAKI009.Esper.2007","Wood","trsgi",36.58,75.08,"positive",-0.247684813654643,0.0661856647213787,FALSE,-0.247684813654643,0.203878454644247,FALSE,-0.226583701429746,0.0929781026824372,FALSE,-0.226583701429746,0.32152762882921,FALSE,65
"Asia_203","Asi-PAKI010.Esper.2007","Wood","trsgi",36.58,75.08,"positive",-0.12045587066748,0.390293478513815,FALSE,-0.12045587066748,0.595356615949524,FALSE,-0.119734846214145,0.397656184372644,FALSE,-0.119734846214145,0.652267549119823,FALSE,65
"Asia_204","Asi-PAKI011.Esper.2007","Wood","trsgi",36.58,75.08,"positive",-0.0453803054185199,0.744039926199097,FALSE,-0.0453803054185199,0.86899858733817,FALSE,-0.0658595296585502,0.637429113161816,FALSE,-0.0658595296585502,0.830670781151924,FALSE,65
"Asia_205","Asi-PAKI012.Esper.2007","Wood","trsgi",36.58,75.08,"positive",-0.16074210335041,0.261176255303278,FALSE,-0.16074210335041,0.469504529328179,FALSE,-0.126524314299652,0.374744278118101,FALSE,-0.126524314299652,0.633788820095914,FALSE,65
"Asia_206","Asi-PAKI031.Cook.2013","Wood","trsgi",35.5,74.08,"positive",0.0344628372569708,0.785456536318726,FALSE,0.0344628372569708,0.897795792634632,FALSE,-0.0792167473088293,0.511125959969585,FALSE,-0.0792167473088293,0.739221890703676,FALSE,75
"Asia_207","Asi-PAKI033.Cook.2013","Wood","trsgi",35.5,74.75,"positive",-0.104756914403248,0.399288146625353,FALSE,-0.104756914403248,0.602866093303797,FALSE,-0.249026584286626,0.0316216724621369,FALSE,-0.249026584286626,0.17476620762556,FALSE,75
"Asia_208","Asi-PAKI035.Cook.2013","Wood","trsgi",36.15,74.18,"positive",0.0794999602253973,0.606703553019498,FALSE,0.0794999602253973,0.774810995835317,FALSE,-0.148569414301887,0.281248179097634,FALSE,-0.148569414301887,0.545744962744104,FALSE,75
"Asia_209","Asi-PAKI036.Cook.2013","Wood","trsgi",36.15,74.18,"positive",0.18741954462913,0.123127873774003,FALSE,0.18741954462913,0.300364071010872,FALSE,0.103070444248627,0.382944003594896,FALSE,0.103070444248627,0.638928135378007,FALSE,75
"Asia_210","Asi-PAKI014.Esper.2007","Wood","trsgi",35.17,75.5,"positive",0.0428639058546084,0.74395731068128,FALSE,0.0428639058546084,0.86899858733817,FALSE,0.0313481050636669,0.812070595482665,FALSE,0.0313481050636669,0.918974777757022,FALSE,68
"Asia_211","Asi-PAKI015.Esper.2007","Wood","trsgi",35.17,75.5,"positive",0.0174704943858017,0.893996053372977,FALSE,0.0174704943858017,0.953077531682844,FALSE,0.0152666026992133,0.907826434540303,FALSE,0.0152666026992133,0.96364440848211,FALSE,68
"Asia_212","Asi-PAKI016.Esper.2007","Wood","trsgi",35.17,75.5,"positive",0.117828077623146,0.38212322866939,FALSE,0.117828077623146,0.595356615949524,FALSE,0.0887854178985443,0.508814900872147,FALSE,0.0887854178985443,0.737602865667117,FALSE,68
"Asia_213","Asi-PAKI039.Cook.2013","Wood","trsgi",35,70.78,"positive",-0.12751932414612,0.332139320018701,FALSE,-0.12751932414612,0.559344514207318,FALSE,-0.0441784651619662,0.725414347276158,FALSE,-0.0441784651619662,0.888131006993006,FALSE,75
"Asia_214","Asi-PAKI040.Cook.2011","Wood","trsgi",35.35,71.8,"positive",-0.184795641198182,0.183747778820268,FALSE,-0.184795641198182,0.379411078942115,FALSE,-0.157436331063902,0.2433614709091,FALSE,-0.157436331063902,0.512169069513141,FALSE,75
"Asia_215","Asi-HRPCSM.PAGES2k.2013","Wood","trsgi",35.88,74.88,"positive",0.00113255404592145,0.993170937202563,FALSE,0.00113255404592145,0.994793765531325,FALSE,-0.19292842705883,0.103410095311994,FALSE,-0.19292842705883,0.335637865243305,FALSE,75
"Asia_216","Asi-NOGSAK.PAGES2k.2013","Wood","trsgi",51.83,143.13,"positive",0.0584691485241371,0.656535006154293,FALSE,0.0584691485241371,0.809770540789903,FALSE,0.0101839447076025,0.932443413041753,FALSE,0.0101839447076025,0.973306445246152,FALSE,75
"Asia_217","Asi-CHIN042.Brauning.2013","Wood","trsgi",31.95,98.87,"positive",0.187335747750553,0.179519805001133,FALSE,0.187335747750553,0.375582390667899,FALSE,0.186395695125496,0.179539289555605,FALSE,0.186395695125496,0.434120391542654,FALSE,71
"Asia_218","Asi-CHIN047.Brauning.2013","Wood","trsgi",31.12,97.03,"positive",0.211433382269175,0.123477562634159,FALSE,0.211433382269175,0.300364071010872,FALSE,0.211077741442042,0.121589406442935,FALSE,0.211077741442042,0.361907996887141,FALSE,69
"Asia_219","Asi-CHIN049.Brauning.2013","Wood","trsgi",31.23,96.48,"positive",-0.147294834653119,0.276891465353366,FALSE,-0.147294834653119,0.4891483235205,FALSE,-0.145321861833172,0.285858637635939,FALSE,-0.145321861833172,0.549523281666604,FALSE,69
"Asia_220","Asi-CHIN043.Brauning.2013","Wood","trsgi",29.3,91.97,"positive",-0.20991205577663,0.107727919986214,FALSE,-0.20991205577663,0.282210320305766,FALSE,-0.221352630206845,0.0678237645807813,FALSE,-0.221352630206845,0.257563866720881,FALSE,73
"Asia_221","Asi-CHIN046.Brauning.2013","Wood","trsgi",31.12,97.03,"positive",0.021275624772132,0.880453700510303,FALSE,0.021275624772132,0.950615250952719,FALSE,-0.0723173432193388,0.576656978441765,FALSE,-0.0723173432193388,0.791295631721727,FALSE,75
"Asia_222","Asi-CHIN044.Brauning.2013","Wood","trsgi",29.07,93.95,"positive",0.271751942220511,0.0534747374603698,FALSE,0.271751942220511,0.176236634748423,FALSE,0.0199017534475203,0.876277479066273,FALSE,0.0199017534475203,0.960141930369094,FALSE,68
"Asia_223","Asi-CHIN045.Brauning.2013","Wood","trsgi",29.62,94.67,"positive",0.258450576492621,0.0795514699421917,FALSE,0.258450576492621,0.22921005034998,FALSE,-0.0155807377575832,0.909157244836111,FALSE,-0.0155807377575832,0.96364440848211,FALSE,68
"Asia_224","Asi-CHIN048.Brauning.2013","Wood","trsgi",30.3,91.52,"positive",0.0467844209445361,0.716369206237157,FALSE,0.0467844209445361,0.854346932730306,FALSE,-0.0561148514655774,0.652636050931585,FALSE,-0.0561148514655774,0.841344699659607,FALSE,73
"Asia_225","Asi-CENTIB.PAGES2k.2013","Wood","trsgi",29.35,92,"positive",-0.270062391092123,0.04315497169044,FALSE,-0.270062391092123,0.155611750860234,FALSE,-0.130546448178034,0.287734167536246,FALSE,-0.130546448178034,0.5512762042603,FALSE,75
"Asia_226","Asi-TH001.Buckley.2010","Wood","trsgi",19.28,98.93,"positive",-0.0455061082058658,0.741283848700946,FALSE,-0.0455061082058658,0.86899858733817,FALSE,-0.0418242196150663,0.757135748170874,FALSE,-0.0418242196150663,0.897149456278685,FALSE,75
"Asia_227","Asi-TW001.Wright.2010","Wood","trsgi",24.53,121.38,"positive",0.256089349801505,0.0557028680364967,FALSE,0.256089349801505,0.180327288140027,FALSE,0.314212408919789,0.0082365356636031,TRUE,0.314212408919789,0.08381075524269,TRUE,75
"Asia_228","Asi-MCCHFH.Sano.2008","Wood","trsgi",21.67,104.1,"positive",-0.0191508096203632,0.888605476746161,FALSE,-0.0191508096203632,0.950637272679576,FALSE,-0.00143690494426708,0.991504554389123,FALSE,-0.00143690494426708,0.996144956325373,FALSE,75
"Asia_229","Asi-VIET001.Buckley.2010","Wood","trsgi",12.22,108.73,"positive",-0.437534064727351,0.000682464667817737,FALSE,-0.437534064727351,0.0134951884313636,FALSE,-0.412006141150821,0.000403658976043241,FALSE,-0.412006141150821,0.00925425578410244,FALSE,75
"Asia_230","Asi-SourthAndMiddleUrals.Demezhko.2007","Borehole","temperature",55,59.5,"positive",NA,NA,FALSE,NA,NA,FALSE,NA,NA,FALSE,NA,NA,FALSE,1
"Asia_235","Asi-KunashirIsland.Demezhko.2009","Other","temperature",43.955,145.725,"positive",0.383042374729161,0.0318542429377583,TRUE,0.383042374729161,0.132834360005754,FALSE,0.353424329345492,0.0289041965269811,TRUE,0.353424329345492,0.165472155126416,FALSE,75
"Asia_236","Asi-Dasuopu.Thompson.2000","GlacierIce","d18O",28.38,85.72,"positive",-0.109673877883387,0.366449745293466,FALSE,-0.109673877883387,0.589207986339393,FALSE,-0.11281660239781,0.352071612533372,FALSE,-0.11281660239781,0.620889823812414,FALSE,71
"Asia_247","Asi-Guliya.Thompson.1997","GlacierIce","d18O",35.28,81.48,"positive",NA,NA,FALSE,NA,NA,FALSE,NA,NA,FALSE,NA,NA,FALSE,6
"Asia_305","Asi-Puruogangri.Thompson.2006","GlacierIce","d18O",33.9167,89.0833,"positive",NA,NA,FALSE,NA,NA,FALSE,NA,NA,FALSE,NA,NA,FALSE,7
"Asia_317","Asi-EastChina.Wang.1990","Documents","temperature",30,117.5,"positive",NA,NA,FALSE,NA,NA,FALSE,NA,NA,FALSE,NA,NA,FALSE,5
"Asia_318","Asi-EastChina.Wang.1998","Documents","temperature",34,120,"positive",NA,NA,FALSE,NA,NA,FALSE,NA,NA,FALSE,NA,NA,FALSE,7
"Asia_319","Asi-SouthChina.Wang.1998","Documents","temperature",23,114,"positive",NA,NA,FALSE,NA,NA,FALSE,NA,NA,FALSE,NA,NA,FALSE,4
"Asia_320","Asi-CentralChina.Wang.1998","Documents","temperature",29,113,"positive",NA,NA,FALSE,NA,NA,FALSE,NA,NA,FALSE,NA,NA,FALSE,7
"Asia_321","Asi-Fujian.Wang.1998","Documents","temperature",24,121,"positive",NA,NA,FALSE,NA,NA,FALSE,NA,NA,FALSE,NA,NA,FALSE,4
"Asia_324","Asi-LowerYangtzeRiver.Zhang.1980","Documents","temperature",32.1,118.8,"positive",NA,NA,FALSE,NA,NA,FALSE,NA,NA,FALSE,NA,NA,FALSE,4
"Asia_325","Asi-MiddleYangtzeRiver.Zhang.1980","Documents","temperature",30.5,114.5,"positive",NA,NA,FALSE,NA,NA,FALSE,NA,NA,FALSE,NA,NA,FALSE,4
"Asia_326","Asi-GuangdongAndGuangxi.Zhang.1980","Documents","temperature",23.5,112.5,"positive",NA,NA,FALSE,NA,NA,FALSE,NA,NA,FALSE,NA,NA,FALSE,4
"Asia_327","Asi-ZhejiangAndFujian.Zhang.1980","Documents","temperature",25,118,"positive",NA,NA,FALSE,NA,NA,FALSE,NA,NA,FALSE,NA,NA,FALSE,4
"Asia_328","Asi-Hunan-Jiangsu.Zhang.1980","Documents","temperature",28,116.5,"positive",NA,NA,FALSE,NA,NA,FALSE,NA,NA,FALSE,NA,NA,FALSE,4
"Asia_329","Asi-Guangdong.Zheng.1982","Documents","temperature",23.16,113.23,"positive",NA,NA,FALSE,NA,NA,FALSE,NA,NA,FALSE,NA,NA,FALSE,2
"Asia_335","Asi-SO90-39KG_SO130-275KL.Munz.2015","MarineSediment","temperature",24.8333,65.9167,"positive",NA,NA,FALSE,NA,NA,FALSE,NA,NA,FALSE,NA,NA,FALSE,7
"Aus_010","Aus-BuckleysChance.Buckley.1997","Wood","trsgi",-42.27,145.87,"positive",0.618136165732169,0.000909485570461363,TRUE,0.618136165732169,0.0163974898439063,TRUE,0.291702285060942,0.028890838805394,TRUE,0.291702285060942,0.165472155126416,FALSE,66
"Aus_015","Aus-CTPEastTasmania.Allen.2001","Wood","trsgi",-41.31,147.75,"positive",0.338909878289649,0.0160281703395358,TRUE,0.338909878289649,0.083264986594368,TRUE,-0.205900873119493,0.0896334080244886,FALSE,-0.205900873119493,0.318868273374474,FALSE,69
"Aus_020","Aus-CTPWestTasmania.Allen.2001","Wood","trsgi",-41.67,145.65,"positive",0.489272100858063,0.00360919341370558,TRUE,0.489272100858063,0.0347421867085747,TRUE,-0.0482480265167547,0.694129578051087,FALSE,-0.0482480265167547,0.868012543057824,FALSE,73
"Aus_041","Aus-MtRead.Cook.2006","Wood","temperature",-41.83,145.53,"positive",0.721954671687983,9.50828082543805e-07,TRUE,0.721954671687983,9.71429357665587e-05,TRUE,0.51343205423324,1.76260518847578e-05,TRUE,0.51343205423324,0.00136381576458313,TRUE,75
"Aus_057","Aus-Oroko.Cook.2002","Wood","temperature",-43.23,170.28,"positive",0.686880426593735,1.44770093322371e-08,TRUE,0.686880426593735,2.95813557355379e-06,TRUE,0.621637192261485,6.15025601888841e-08,TRUE,0.621637192261485,1.26900282523064e-05,TRUE,74
"Aus_062","Aus-PinkPine.Duncan.2010","Wood","trsgi",-43,171,"positive",0.673144950078278,2.39229197263425e-05,TRUE,0.673144950078278,0.00112805767632677,TRUE,0.536429025666418,0.000129272349297862,TRUE,0.536429025666418,0.00421155706396719,TRUE,74
"Aus_067","Aus-StewartIsland.D'Arrigo.1996","Wood","trsgi",-47,167.8,"positive",0.555457221928231,0.00155934455357166,TRUE,0.555457221928231,0.0232011676525918,TRUE,0.352184706943193,0.0161562372191007,TRUE,0.352184706943193,0.117655421630863,FALSE,68
"Aus_071","Aus-TakapariCedar.Xiong.2000","Wood","trsgi",-40.07,175.98,"positive",0.239311637166389,0.25300469650211,FALSE,0.239311637166389,0.462960832703861,FALSE,-0.288800745932914,0.0731091623461454,FALSE,-0.288800745932914,0.270985458037509,FALSE,67
"can1101","SAm-CentralAndes11.PAGES2k.2011","Wood","trsgi",-40.1,-72.05,"positive",-0.228948961312995,0.132772765858616,FALSE,-0.228948961312995,0.316691460977945,FALSE,-0.327242952898213,0.0158033273973952,FALSE,-0.327242952898213,0.116708617017523,FALSE,70
"diggerHogPigs","TY93-905.Kim.2004","MarineSediment","temperature",11.0667,51.95,"positive",NA,NA,FALSE,NA,NA,FALSE,NA,NA,FALSE,NA,NA,FALSE,1
"Eur_002","Eur-LakeSilvaplana.Trachsel.2010","LakeSediment","temperature",46.5,9.8,"positive",NA,NA,FALSE,NA,NA,FALSE,NA,NA,FALSE,NA,NA,FALSE,24
"Eur_003","Eur-LakeSilvaplana.Larocque-Tobler.2010","LakeSediment","temperature",46.5,9.8,"positive",0.0641878494523509,0.714799488918784,FALSE,0.0641878494523509,0.854136621261626,FALSE,0.101651522190855,0.576302083122852,FALSE,0.101651522190855,0.791295631721727,FALSE,50
"Eur_005","Eur-FinnishLakelands.Helama.2014","Wood","temperature",62,28.325,"positive",0.458523657819897,3.51835824979247e-05,TRUE,0.458523657819897,0.0015162615533138,TRUE,0.451892062074482,4.70680174681656e-05,TRUE,0.451892062074482,0.00242792523439954,TRUE,75
"Eur_006","Eur-Stockholm.Leijonhufvud.2009","Documents","temperature",59.32,18.06,"positive",NA,NA,FALSE,NA,NA,FALSE,NA,NA,FALSE,NA,NA,FALSE,0
"Eur_007","Eur-Seebergsee.Larocque-Tobler.2012","LakeSediment","temperature",46.15,7.5,"positive",0.377630304137828,0.0224606927982991,TRUE,0.377630304137828,0.100183176852071,FALSE,0.139386661450863,0.359179242375565,FALSE,0.139386661450863,0.623473419127269,FALSE,75
"Eur_008","Eur-NorthernSpain.Martin-Chivelet.2011","Speleothem","d18O",42.9,-3.5,"positive",0.434598093256157,0.0610967433005274,FALSE,0.434598093256157,0.193725453676237,FALSE,0.367945794226067,0.0703531695886627,FALSE,0.367945794226067,0.262341035996279,FALSE,25
"Eur_009","Eur-RAPiD-17-5P.Moffa-Sanchez.2014","MarineSediment","d18O",61.48,-19.53,"positive",NA,NA,FALSE,NA,NA,FALSE,NA,NA,FALSE,NA,NA,FALSE,0
"Eur_010","Eur-CoastofPortugal.Abrantes.2011","LakeSediment","temperature",41.1,-8.9,"positive",NA,NA,FALSE,NA,NA,FALSE,NA,NA,FALSE,NA,NA,FALSE,12
"Eur_014","Eur-NorthernScandinavia.Esper.2012","Wood","MXD",68,25,"positive",0.252844689703805,0.0392700110343703,TRUE,0.252844689703805,0.145894040994357,FALSE,0.270328096830057,0.0236157670316896,TRUE,0.270328096830057,0.146280620557074,FALSE,75
"Eur_015","Eur-TatraMountains.Buentgen.2013","Wood","trsgi",49,20,"positive",0.199160062761941,0.143305427029669,FALSE,0.199160062761941,0.32705338456999,FALSE,0.0614098424734921,0.632303678656506,FALSE,0.0614098424734921,0.82640162670366,FALSE,75
"Eur_016","Eur-EasternCarpathianMountains.Popa.2008","Wood","trsgi",47,25.3,"positive",0.196342668162293,0.114924574294792,FALSE,0.196342668162293,0.287111725070915,FALSE,0.180225421804989,0.14262772406735,FALSE,0.180225421804989,0.387446315538537,FALSE,75
"Eur_017","Eur-EuropeanAlps.Buentgen.2011","Wood","trsgi",47,10.7,"positive",0.382233668078988,0.00487965750473071,TRUE,0.382233668078988,0.0409757541150674,TRUE,0.306209042426731,0.0170745500645497,TRUE,0.306209042426731,0.118585817404005,FALSE,75
"Eur_018","Eur-Loetschental.Buentgen.2006","Wood","MXD",46.4,7.8,"positive",0.401913324386052,0.00279502087172242,TRUE,0.401913324386052,0.032948996045497,TRUE,0.512165774797298,3.44995701547083e-05,TRUE,0.512165774797298,0.00213552339257645,TRUE,75
"Eur_019","Eur-MaritimeFrenchAlps.Buentgen.2012","Wood","trsgi",44,7.5,"positive",0.397278347747277,0.00393371164971331,TRUE,0.397278347747277,0.0365358369890039,TRUE,0.327783953293318,0.0136056467741106,TRUE,0.327783953293318,0.11081441254177,FALSE,75
"Eur_020","Eur-SpanishPyrenees.Dorado-Linan.2012","Wood","trsgi",42.5,1,"positive",0.506477453989635,5.60772644070116e-06,TRUE,0.506477453989635,0.000419477828134594,TRUE,0.650026390633753,2.77955392185367e-10,TRUE,0.650026390633753,8.60271938813712e-08,TRUE,75
"Eur_022","Eur-CentralEurope.Dobrovolny.2009","Documents","temperature",49,13,"positive",0.610806027044846,7.63597013170415e-08,TRUE,0.610806027044846,1.17021242268366e-05,TRUE,0.555420290454646,5.95741701705848e-07,TRUE,0.555420290454646,7.3752822671184e-05,TRUE,75
"Eur_024","Eur-CentralandEasternPyrenees.Pla.2004","LakeSediment","temperature",42.5,0.75,"positive",NA,NA,FALSE,NA,NA,FALSE,NA,NA,FALSE,NA,NA,FALSE,5
"Eur_026","Eur-Tallinn.Tarand.2001","Documents","temperature",59.4,24.75,"positive",0.844839472314295,1.81985302854103e-19,TRUE,0.844839472314295,1.11556990649565e-16,TRUE,0.83750413562896,1.84288462003113e-19,TRUE,0.83750413562896,1.14074557979927e-16,TRUE,75
"GBG100dogCow","M40-4-SL78.Emeis.2003","MarineSediment","temperature",37.036,13.19,"positive",NA,NA,FALSE,NA,NA,FALSE,NA,NA,FALSE,NA,NA,FALSE,1
"GH0207d98d","GeoB59012.Kim.2004","MarineSediment","temperature",36.4,-7.1,"positive",NA,NA,FALSE,NA,NA,FALSE,NA,NA,FALSE,NA,NA,FALSE,0
"GH1c49f7ab","DomeC.Stenni.2001","GlacierIce","d2H",-75.1,123.4,"positive",NA,NA,FALSE,NA,NA,FALSE,NA,NA,FALSE,NA,NA,FALSE,0
"GH26a3a772","NGRIP.NGRIP.2004","GlacierIce","d18O",75.1,-42.32,"positive",NA,NA,FALSE,NA,NA,FALSE,NA,NA,FALSE,NA,NA,FALSE,4
"GH28c9a9bd","Mjauvotn.Olsen.2010","LakeSediment","PC1",62.12,-7,"positive",NA,NA,FALSE,NA,NA,FALSE,NA,NA,FALSE,NA,NA,FALSE,23
"GH34755740","Alley.GISP2.2000","GlacierIce","temperature",72.6,-38.5,"positive",NA,NA,FALSE,NA,NA,FALSE,NA,NA,FALSE,NA,NA,FALSE,0
"GH437973f1","DomeC.Jouzel.2007","GlacierIce","temperature",-75.1,123.4,"positive",NA,NA,FALSE,NA,NA,FALSE,NA,NA,FALSE,NA,NA,FALSE,0
"GH47c8e274","PathLake.Neil.2014","LakeSediment","temperature",43.87,-64.93,"positive",NA,NA,FALSE,NA,NA,FALSE,NA,NA,FALSE,NA,NA,FALSE,1
"GH6edd69de","GeoB33131.Lamy.2002","MarineSediment","temperature",-41,-74.3,"positive",NA,NA,FALSE,NA,NA,FALSE,NA,NA,FALSE,NA,NA,FALSE,0
"GH73726cce","MountHoney.McGlone.2010","Peat","temperature",-52.5,169.1625,"positive",NA,NA,FALSE,NA,NA,FALSE,NA,NA,FALSE,NA,NA,FALSE,2
"GH77e777b0","Hams.Shuman.2016","LakeSediment","temperature",43.24,-80.41,"positive",NA,NA,FALSE,NA,NA,FALSE,NA,NA,FALSE,NA,NA,FALSE,1
"GH7a27907e","SouthIsland.Williams.2005","Speleothem","d18O",-42,172,"positive",NA,NA,FALSE,NA,NA,FALSE,NA,NA,FALSE,NA,NA,FALSE,0
"GH7fb77a0c","Nutt.Shuman.2016","LakeSediment","temperature",45.22,-79.45,"positive",NA,NA,FALSE,NA,NA,FALSE,NA,NA,FALSE,NA,NA,FALSE,1
"GH8784f3d0","MD01-2444.Martrat.2007","MarineSediment","temperature",37.565,-10.134,"positive",NA,NA,FALSE,NA,NA,FALSE,NA,NA,FALSE,NA,NA,FALSE,0
"GH8c73b2a9","MoonLake.Shuman.2016","LakeSediment","temperature",46.86,-98.16,"positive",NA,NA,FALSE,NA,NA,FALSE,NA,NA,FALSE,NA,NA,FALSE,1
"GH90151260","Pickerel.Shuman.2016","LakeSediment","temperature",45.5052,-97.2743,"positive",NA,NA,FALSE,NA,NA,FALSE,NA,NA,FALSE,NA,NA,FALSE,1
"GH9547ee89","Okoboji.Shuman.2016","LakeSediment","temperature",43.33,-95.2,"positive",NA,NA,FALSE,NA,NA,FALSE,NA,NA,FALSE,NA,NA,FALSE,1
"GHb9285123","GrahamLake.Shuman.2016","LakeSediment","temperature",45.1902,-77.357,"positive",NA,NA,FALSE,NA,NA,FALSE,NA,NA,FALSE,NA,NA,FALSE,1
"GHbf21e8dc","MD012390.Steinke.2008","MarineSediment","temperature",6.6,113.4,"positive",NA,NA,FALSE,NA,NA,FALSE,NA,NA,FALSE,NA,NA,FALSE,0
"GHdaff1a81","ODP1751078C","MarineSediment","temperature",-11.9208,13.4002,"positive",NA,NA,FALSE,NA,NA,FALSE,NA,NA,FALSE,NA,NA,FALSE,1
"GHe1824e32","MD982170","MarineSediment","temperature",10.6,125.39,"positive",NA,NA,FALSE,NA,NA,FALSE,NA,NA,FALSE,NA,NA,FALSE,0
"GHe913d7ac","Vostok.Vimeux.2002","GlacierIce","temperature",-78.5,108,"positive",NA,NA,FALSE,NA,NA,FALSE,NA,NA,FALSE,NA,NA,FALSE,0
"GHf2f9415c","TaylorDome_dD","GlacierIce","d2H",-77.8,158.7,"negative",NA,NA,FALSE,NA,NA,FALSE,NA,NA,FALSE,NA,NA,FALSE,1
"GHfa7d77a6","GeoB65181.Schefu.2005","MarineSediment","temperature",-5.6,11.2,"positive",NA,NA,FALSE,NA,NA,FALSE,NA,NA,FALSE,NA,NA,FALSE,0
"IC00COPR01A","IC00COPR","GlacierIce","d18O",-84,43,"positive",0.0359846103237887,0.850263842340788,FALSE,0.0359846103237887,0.934015805724494,FALSE,0.0208302001821574,0.912999919873224,FALSE,0.0208302001821574,0.966063163079531,FALSE,30
"IC00SC1801A","IC00SC18","GlacierIce","d18O",76.617,-36.4033,"positive",0.359102076837787,0.0107894532017365,TRUE,0.359102076837787,0.0674891307414744,TRUE,0.17960700097231,0.152975650744031,FALSE,0.17960700097231,0.397045218017454,FALSE,67
"IC00SC2101A","IC00SC21","GlacierIce","d18O",80,-41.1374,"positive",-0.0926913678517695,0.522758091349175,FALSE,-0.0926913678517695,0.708961747781071,FALSE,0.00486031873158945,0.96899234473317,FALSE,0.00486031873158945,0.97847677225095,FALSE,68
"IC00SC2601A","IC00SC26","GlacierIce","d18O",77.2533,-49.2167,"positive",0.178920883590872,0.176382744656687,FALSE,0.178920883590872,0.372836629222583,FALSE,0.0854461521180868,0.485300116983979,FALSE,0.0854461521180868,0.718939207831753,FALSE,69
"IC00SC2901A","IC00SC29","GlacierIce","d18O",76.0039,-43.492,"positive",0.088876973024643,0.52045477203211,FALSE,0.088876973024643,0.707798496955665,FALSE,-0.0400176579211732,0.745773466953418,FALSE,-0.0400176579211732,0.895196477481421,FALSE,69
"IC00STTY01A","IC00STTY","GlacierIce","d18O",-77.78,158.72,"positive",NA,NA,FALSE,NA,NA,FALSE,NA,NA,FALSE,NA,NA,FALSE,0
"IC00THDS03B","IC00THDS","GlacierIce","d18O",28.38,85.72,"positive",NA,NA,FALSE,NA,NA,FALSE,NA,NA,FALSE,NA,NA,FALSE,8
"IC02GR0501A","IC02GR05","GlacierIce","d18O",-75,0.01,"positive",0.0621803096971901,0.710210165649929,FALSE,0.0621803096971901,0.853079606225683,FALSE,-0.0283248856273213,0.863883735244528,FALSE,-0.0283248856273213,0.956608286433565,FALSE,41
"IC02HEWD01A","IC02HEWD","GlacierIce","d18O",81,64,"positive",0.385698597096233,0.00692715469974936,TRUE,0.385698597096233,0.051998350154335,TRUE,0.332860328795481,0.0155886643455403,TRUE,0.332860328795481,0.116708617017523,FALSE,70
"IC02STTA02A","IC02STTA","GlacierIce","d2H",-72.8,159.06,"positive",0.322838674752916,0.0708192860184981,FALSE,0.322838674752916,0.21159529803238,FALSE,0.33388872831212,0.0587110614601465,FALSE,0.33388872831212,0.238592241228777,FALSE,40
"IC02THKI02A","IC02THKI","GlacierIce","d18O",-3.08,37.35,"positive",NA,NA,FALSE,NA,NA,FALSE,NA,NA,FALSE,NA,NA,FALSE,3
"IC02THKI03A","IC02THKI","GlacierIce","d18O",-3.08,37.35,"positive",NA,NA,FALSE,NA,NA,FALSE,NA,NA,FALSE,NA,NA,FALSE,3
"IC02THKI04A","IC02THKI","GlacierIce","d18O",-3.08,37.35,"positive",NA,NA,FALSE,NA,NA,FALSE,NA,NA,FALSE,NA,NA,FALSE,3
"IC05ISAU01A","IC05ISAU","GlacierIce","d18O",79.83,24,"positive",0.0268306255697825,0.854553546187114,FALSE,0.0268306255697825,0.934015805724494,FALSE,-0.0117361663998813,0.933140056060289,FALSE,-0.0117361663998813,0.973306445246152,FALSE,73
"IC06THDD01A","IC06THDD","GlacierIce","d18O",38.1,96.4,"positive",NA,NA,FALSE,NA,NA,FALSE,NA,NA,FALSE,NA,NA,FALSE,7
"IC06THPR02B","IC06THPR","GlacierIce","d18O",33.9167,89.0833,"positive",NA,NA,FALSE,NA,NA,FALSE,NA,NA,FALSE,NA,NA,FALSE,7
"IC06VIGR01A","IC06VIGR","GlacierIce","d18O",72.3,-37.4,"positive",NA,NA,FALSE,NA,NA,FALSE,NA,NA,FALSE,NA,NA,FALSE,2
"IC06VING01A","IC06VING","GlacierIce","d18O",75.1,-42.32,"positive",NA,NA,FALSE,NA,NA,FALSE,NA,NA,FALSE,NA,NA,FALSE,2
"IC06WAML01A","IC06WAML","GlacierIce","d18O",35.81,90.76,"positive",0.0112960299794529,0.946755897223488,FALSE,0.0112960299794529,0.97050395484615,FALSE,-0.0069807211274936,0.965762669569625,FALSE,-0.0069807211274936,0.97847677225095,FALSE,74
"IC08VI7701A","IC08VI77","GlacierIce","d18O",80.7,-73.1,"positive",NA,NA,FALSE,NA,NA,FALSE,NA,NA,FALSE,NA,NA,FALSE,1
"IC08VI7901A","IC08VI79","GlacierIce","d18O",80.7,-73.1,"positive",NA,NA,FALSE,NA,NA,FALSE,NA,NA,FALSE,NA,NA,FALSE,1
"IC08VI8401A","IC08VI84","GlacierIce","d18O",80.7,-73.1,"positive",NA,NA,FALSE,NA,NA,FALSE,NA,NA,FALSE,NA,NA,FALSE,1
"IC08VI8701A","IC08VI87","GlacierIce","d18O",80.7,-73.1,"positive",NA,NA,FALSE,NA,NA,FALSE,NA,NA,FALSE,NA,NA,FALSE,1
"IC08VIRE01A","IC08VIRE","GlacierIce","d18O",71.27,-26.73,"positive",NA,NA,FALSE,NA,NA,FALSE,NA,NA,FALSE,NA,NA,FALSE,2
"IC09EIBE01A","IC09EIBE","GlacierIce","d18O",49.8067,86.56,"positive",NA,NA,FALSE,NA,NA,FALSE,NA,NA,FALSE,NA,NA,FALSE,5
"IC09KAD301A","IC09KAD3","GlacierIce","d18O",65.18,-43.83,"positive",NA,NA,FALSE,NA,NA,FALSE,NA,NA,FALSE,NA,NA,FALSE,5
"IC09VIA800A","IC09VIA8","GlacierIce","d18O",80.7,-73.1,"positive",NA,NA,FALSE,NA,NA,FALSE,NA,NA,FALSE,NA,NA,FALSE,2
"IC10VICR01A","IC10VICR","GlacierIce","d18O",71.12,-37.32,"positive",0.341900174221518,0.0253447271593116,TRUE,0.341900174221518,0.110186650699702,FALSE,0.132592757627773,0.369052509089158,FALSE,0.132592757627773,0.627592041555464,FALSE,48
"IC10VICR01B","IC10VICR","GlacierIce","d18O",71.12,-37.32,"positive",0.311054073087771,0.0552752601115098,FALSE,0.311054073087771,0.180232630044444,FALSE,-0.0392289329639802,0.7912223304197,FALSE,-0.0392289329639802,0.918886721444268,FALSE,48
"IC11BEVL01A","IC11BEVL","GlacierIce","d2H",-77.33,162.53,"positive",0.168820227756503,0.372499367948495,FALSE,0.168820227756503,0.591556219772104,FALSE,0.171378211589202,0.333433410522996,FALSE,0.171378211589202,0.605264753999222,FALSE,45
"IC11DILO01A","IC11DILO","GlacierIce","d18O",78.86,17.42,"positive",0.0913438786843935,0.490132990141512,FALSE,0.0913438786843935,0.687532089145873,FALSE,0.0706806510376415,0.588512985098346,FALSE,0.0706806510376415,0.798880565297974,FALSE,72
"IC11KIPW01A","IC11KIPW","GlacierIce","d18O",78.4,-80.4,"positive",-0.234229279142691,0.0509786013071019,FALSE,-0.234229279142691,0.169836318485073,FALSE,-0.0382800999725474,0.753048006154352,FALSE,-0.0382800999725474,0.897149456278685,FALSE,70
"IC11LAB401A","IC11LAB4","GlacierIce","d18O",-70.86,11.54,"positive",-0.181066798709336,0.368134843014662,FALSE,-0.181066798709336,0.589207986339393,FALSE,-0.142946212746856,0.391913254316665,FALSE,-0.142946212746856,0.650386875126048,FALSE,38
"IC11STTA01A","IC11STTA","GlacierIce","d18O",-72.82,159.18,"positive",NA,NA,FALSE,NA,NA,FALSE,NA,NA,FALSE,NA,NA,FALSE,8
"IC12MUJR01A","IC12MUJR","GlacierIce","d2H",-64.2,-57.69,"positive",0.406772062494235,0.000411662153864782,TRUE,0.406772062494235,0.010132673277297,TRUE,0.291890652598032,0.0110540478967772,TRUE,0.291890652598032,0.0977509188489007,TRUE,75
"IC12RHME01A","IC12RHME","GlacierIce","d2H",-77.52,167.68,"positive",0.162497977626345,0.318888116595733,FALSE,0.162497977626345,0.542995598536623,FALSE,0.199559979092747,0.209717698652911,FALSE,0.199559979092747,0.473938684760479,FALSE,45
"IC13PALD01A","IC13PALD","GlacierIce","d18O",-66.77,112.81,"positive",0.187791242462392,0.245888605579575,FALSE,0.187791242462392,0.454162285761649,FALSE,0.178020514690096,0.271765624405331,FALSE,0.178020514690096,0.533943581101344,FALSE,40
"IC13STN801A","IC13STN8","GlacierIce","d18O",-74.88,1.6,"positive",0.0981085776065888,0.556306102267694,FALSE,0.0981085776065888,0.732427528203368,FALSE,0.18746949684195,0.236833907823437,FALSE,0.18746949684195,0.503848218988792,FALSE,44
"IC13THFE01A","IC13THFE","GlacierIce","d2H",-74.57,-86.9,"positive",0.361039228733223,0.0272410784830049,TRUE,0.361039228733223,0.115963757708903,FALSE,0.115678922483913,0.449891733921616,FALSE,0.115678922483913,0.684233374195283,FALSE,46
"IC14EKVK00A","IC14EKVK","GlacierIce","d2H",-78.47,106.83,"positive",-0.00629242364451522,0.967456603652126,FALSE,-0.00629242364451522,0.980153415344182,FALSE,-0.0104982918273536,0.945716444094427,FALSE,-0.0104982918273536,0.973306445246152,FALSE,45
"IC16WE1701A","IC16WE17","GlacierIce","d18O",75.2504,-37.6248,"positive",0.173307207536063,0.231029350250504,FALSE,0.173307207536063,0.439816744420991,FALSE,-0.154299278450284,0.218933547530407,FALSE,-0.154299278450284,0.483999521147578,FALSE,67
"IC16WE1901A","IC16WE19","GlacierIce","d18O",78.0006,-36.3978,"positive",0.512594810604947,0.0540349730497482,FALSE,0.512594810604947,0.177130687056126,FALSE,0.326288555775386,0.180518156826631,FALSE,0.326288555775386,0.434306313647153,FALSE,28
"IC16WE2001A","IC16WE20","GlacierIce","d18O",78.8333,-36.5,"positive",0.327493936417819,0.0210512262125862,TRUE,0.327493936417819,0.0985068829642393,TRUE,0.228468265766557,0.0666402020450396,FALSE,0.228468265766557,0.254631389295553,FALSE,68
"IC16WE2201A","IC16WE22","GlacierIce","d18O",79.3414,-45.9116,"positive",-0.090829138418927,0.49948959669955,FALSE,-0.090829138418927,0.69273104700639,FALSE,-0.0669430991067301,0.588274766391256,FALSE,-0.0669430991067301,0.798880565297974,FALSE,68
"IC16WE2301A","IC16WE23","GlacierIce","d18O",78,-44,"positive",0.0922858439892353,0.545115657925952,FALSE,0.0922858439892353,0.723281165170149,FALSE,-0.075695522006875,0.545697285268628,FALSE,-0.075695522006875,0.771202327811143,FALSE,68
"IC16WE2701A","IC16WE27","GlacierIce","d18O",76.6594,-46.4837,"positive",-0.250777051781431,0.0822081591607143,FALSE,-0.250777051781431,0.234388844490781,FALSE,-0.292509563898739,0.0413946191667455,FALSE,-0.292509563898739,0.204986154113724,FALSE,49
"IC16WE3001A","IC16WE30","GlacierIce","d18O",75.0016,-42.0004,"positive",0.336967140358573,0.0189603099697522,TRUE,0.336967140358573,0.0929421734600516,TRUE,0.302501297379448,0.0187396696641798,TRUE,0.302501297379448,0.123954727260827,FALSE,63
"IC16WENG00A","IC16WENG","GlacierIce","d18O",76,-46,"positive",0.306803479902895,0.0373827093382427,TRUE,0.306803479902895,0.140586508124802,FALSE,0.0993264583755342,0.417232052251714,FALSE,0.0993264583755342,0.66222215472772,FALSE,69
"IC17BERI01A","IC17BERI","GlacierIce","d2H",-79.36,-161.7,"positive",0.183835705130815,0.239074700885095,FALSE,0.183835705130815,0.4481736747479,FALSE,0.331554256557878,0.0288063804540486,TRUE,0.331554256557878,0.165472155126416,FALSE,44
"IC17EK4K01A","IC17EK4K","GlacierIce","d2H",-69.95,95.62,"positive",NA,NA,FALSE,NA,NA,FALSE,NA,NA,FALSE,NA,NA,FALSE,10
"IC76FIDE02A","IC76FIDE","GlacierIce","d18O",75.33,-82.5,"positive",-0.263983233457373,0.138831291897383,FALSE,-0.263983233457373,0.323943079969645,FALSE,-0.258780718726047,0.145900394804358,FALSE,-0.258780718726047,0.387446315538537,FALSE,33
"IC93BAGI01A","IC93BAGI","GlacierIce","d2H",72.59,-38.46,"positive",0.374183014599329,0.00933591865578879,TRUE,0.374183014599329,0.0619524532103473,TRUE,0.291403469444422,0.0294008120596565,TRUE,0.291403469444422,0.165472155126416,FALSE,60
"IC93BAGI02A","IC93BAGI","GlacierIce","d2H",72.59,-38.46,"positive",0.260182203553344,0.042260287333251,TRUE,0.260182203553344,0.155123090630436,FALSE,0.182701660436664,0.155226078772575,FALSE,0.182701660436664,0.397045218017454,FALSE,62
"IC94THDP01A","IC94THDP","GlacierIce","d18O",-70.68,-64.87,"positive",0.413793348495167,0.0153625878635076,TRUE,0.413793348495167,0.0818892726985232,TRUE,0.341250365763336,0.0348141021774629,TRUE,0.341250365763336,0.185775252136634,FALSE,45
"IC95FI8701A","IC95FI87","GlacierIce","d18O",80.7,-73.1,"positive",-0.0721627308123305,0.67577024266644,FALSE,-0.0721627308123305,0.820042307841535,FALSE,-0.076357751298416,0.658037051972585,FALSE,-0.076357751298416,0.84168229243181,FALSE,36
"IC95THHU02D_iso2k","IC95THHU","GlacierIce","d18O",-9,-77.5,"positive",NA,NA,FALSE,NA,NA,FALSE,NA,NA,FALSE,NA,NA,FALSE,1
"IC97GRGI01A","IC97GRGI","GlacierIce","d18O",72.6,-38.5,"positive",0.431954828864193,0.0015063439488637,TRUE,0.431954828864193,0.0230847210163362,TRUE,0.308514773394637,0.0171173821206147,TRUE,0.308514773394637,0.118585817404005,FALSE,62
"IC97THGL01A","IC97THGL","GlacierIce","d18O",35.2833,81.4833,"positive",NA,NA,FALSE,NA,NA,FALSE,NA,NA,FALSE,NA,NA,FALSE,7
"IW15MELD00A","IW15MELD","GroundIce","d18O",72.4,126,"positive",NA,NA,FALSE,NA,NA,FALSE,NA,NA,FALSE,NA,NA,FALSE,2
"lcR0b7dbb501xuLtuao","Langarud.Haghani.2015","Peat","temperature",37.1856,50.1475,"positive",NA,NA,FALSE,NA,NA,FALSE,NA,NA,FALSE,NA,NA,FALSE,1
"lcR0eeJLNAyOazjygHP","KleinenMochowsee.Jahns.1999","LakeSediment","temperature",51.9964,14.1989,"positive",NA,NA,FALSE,NA,NA,FALSE,NA,NA,FALSE,NA,NA,FALSE,1
"lcR15twfUxvMIx7rgAy","MindenBog.Booth.2003","Peat","temperature",43.6037,-82.8639,"positive",NA,NA,FALSE,NA,NA,FALSE,NA,NA,FALSE,NA,NA,FALSE,1
"lcR20Z924i7ZXG81AON","HerrenwieserSee.Rosch.2012","LakeSediment","temperature",48.6685,8.2955,"positive",NA,NA,FALSE,NA,NA,FALSE,NA,NA,FALSE,NA,NA,FALSE,4
"lcR261cdFIoUWnKEZ5m","PenaNegra.AbelSchaad.2013","Peat","temperature",40.3347,-5.7922,"positive",NA,NA,FALSE,NA,NA,FALSE,NA,NA,FALSE,NA,NA,FALSE,2
"lcR26hacBbYjoOCqq0R","Carquefou.Cyprien.2001","Peat","temperature",47.3092,-1.4769,"positive",NA,NA,FALSE,NA,NA,FALSE,NA,NA,FALSE,NA,NA,FALSE,1
"lcR2BTqnkHxtvMCOUFb","MaboMoss.Goransson.1977","Peat","temperature",58.0211,16.056,"positive",NA,NA,FALSE,NA,NA,FALSE,NA,NA,FALSE,NA,NA,FALSE,0
"lcR2vmDqVJdQh6axavi","OtterPond.Fuller.1998","LakeSediment","temperature",42.6549,-72.5332,"positive",NA,NA,FALSE,NA,NA,FALSE,NA,NA,FALSE,NA,NA,FALSE,4
"lcR32QmXtVsHnBMTPdx","TawnyPond.Keizer.2015","LakeSediment","temperature",44.8164,-77.1825,"positive",NA,NA,FALSE,NA,NA,FALSE,NA,NA,FALSE,NA,NA,FALSE,8
"lcR3FYwTmOa7ISsMuSS","SehestedterAussendeichsmoor.Behre.2005","Peat","temperature",53.4389,8.3071,"positive",NA,NA,FALSE,NA,NA,FALSE,NA,NA,FALSE,NA,NA,FALSE,4
"lcR457uPYbBDgXA5Pk5","LongLake.Carter.2017","LakeSediment","temperature",41.4998,-106.3679,"positive",NA,NA,FALSE,NA,NA,FALSE,NA,NA,FALSE,NA,NA,FALSE,8
"lcR46XHgr5K0yqF8BHQ","ArroyodeNavalacarreta.MoralesMolino.2017","Other","temperature",40.8522,-4.0311,"positive",NA,NA,FALSE,NA,NA,FALSE,NA,NA,FALSE,NA,NA,FALSE,3
"lcR4CwtLVJ1icgSFhg7","SlishLake.Dodson.1987","LakeSediment","temperature",54.2439,-8.3719,"positive",NA,NA,FALSE,NA,NA,FALSE,NA,NA,FALSE,NA,NA,FALSE,1
"lcR5AgBubPHTYbqF395","Cernohorskeraseliniste.Speranza.2000","Peat","temperature",50.6612,15.7534,"positive",NA,NA,FALSE,NA,NA,FALSE,NA,NA,FALSE,NA,NA,FALSE,2
"lcR5RPi4dbch3BeBtp7","BarchampeLake.author.1111","LakeSediment","temperature",30.6222,-83.2539,"positive",NA,NA,FALSE,NA,NA,FALSE,NA,NA,FALSE,NA,NA,FALSE,2
"lcR5sefyEatpn9XpKEd","TaibaiLakeTN1.Tong.2009","LakeSediment","temperature",29.9957,115.8073,"positive",NA,NA,FALSE,NA,NA,FALSE,NA,NA,FALSE,NA,NA,FALSE,7
"lcR6oJJ8kfOEhIr8Ryk","LoxahatcheeNationalWildlifeRefugeSite1EPASite7.Willard.1997","Peat","temperature",26.4811,-80.4156,"positive",NA,NA,FALSE,NA,NA,FALSE,NA,NA,FALSE,NA,NA,FALSE,4
"lcR6QoHSgAfDBYunbmZ","CharcodaCandieira.VanderKnaap.1984","LakeSediment","temperature",40.3417,-7.5764,"positive",NA,NA,FALSE,NA,NA,FALSE,NA,NA,FALSE,NA,NA,FALSE,7
"lcR70HbVhhtnHdkpzSQ","TourbieredeLandemarais.Visset.1989","Peat","temperature",48.4417,-1.1817,"positive",NA,NA,FALSE,NA,NA,FALSE,NA,NA,FALSE,NA,NA,FALSE,4
"lcR711YeTvyQTx30t1d","AndersonPond.Liu.2013","LakeSediment","temperature",36.0301,-85.5013,"positive",NA,NA,FALSE,NA,NA,FALSE,NA,NA,FALSE,NA,NA,FALSE,2
"lcR7ud3XC9UR7QyJp2L","Labradillosmire.RoblesLopez.2017","Peat","temperature",40.3447,-4.5706,"positive",NA,NA,FALSE,NA,NA,FALSE,NA,NA,FALSE,NA,NA,FALSE,1
"lcR8uLcZ5eyNHZGF7Ze","MobecheForest.CletPellerin.1993","Other","temperature",48.5167,-1,"positive",NA,NA,FALSE,NA,NA,FALSE,NA,NA,FALSE,NA,NA,FALSE,0
"lcR9du4sIfScHScl1UZ","IsleauHautNorthHollow.Schauffler.1998","LakeSediment","temperature",44.0651,-68.6354,"positive",NA,NA,FALSE,NA,NA,FALSE,NA,NA,FALSE,NA,NA,FALSE,0
"lcR9Ii9bXQoYSoZQYo1","EmrickLake.Spigel.2006","LakeSediment","temperature",43.8002,-89.5943,"positive",NA,NA,FALSE,NA,NA,FALSE,NA,NA,FALSE,NA,NA,FALSE,1
"lcR9Q28Ec5biIUwt2vN","HiddenLake.Calder.2016","LakeSediment","temperature",40.5047,-106.6075,"positive",NA,NA,FALSE,NA,NA,FALSE,NA,NA,FALSE,NA,NA,FALSE,0
"lcRAbB9vzhsqgpW1ex1","PasacacoPond.author.1111","LakeSediment","temperature",41.5167,-71.45,"positive",NA,NA,FALSE,NA,NA,FALSE,NA,NA,FALSE,NA,NA,FALSE,2
"lcRAFTeLSERjxwWh1el","LakeBlatisto.vvanHuis.2013","LakeSediment","temperature",41.6213,24.6781,"positive",NA,NA,FALSE,NA,NA,FALSE,NA,NA,FALSE,NA,NA,FALSE,3
"lcRagPv5JmNWfKvwrqY","AmberLake.UmbanhowarJr.2004","LakeSediment","temperature",43.6071,-94.4736,"positive",NA,NA,FALSE,NA,NA,FALSE,NA,NA,FALSE,NA,NA,FALSE,0
"lcRAQdgT1Mc1SGJlDoy","DeltadelRioBesos.PantaleonCano.1994","FluvialSediment","temperature",41.4053,2.2483,"positive",NA,NA,FALSE,NA,NA,FALSE,NA,NA,FALSE,NA,NA,FALSE,4
"lcRAqQ9kdfm1KINK9IU","MissionCrossBog.Allan.2003","LakeSediment","temperature",41.7847,-115.4836,"positive",NA,NA,FALSE,NA,NA,FALSE,NA,NA,FALSE,NA,NA,FALSE,1
"lcRAwUd7UfA0VNvvXR3","Mars.Miras.2013","Peat","temperature",45.3053,1.8361,"positive",NA,NA,FALSE,NA,NA,FALSE,NA,NA,FALSE,NA,NA,FALSE,0
"lcRAYBRHkDoaNj3kvyS","StonetorBrook.Fyfe.2008","Peat","temperature",50.6556,-3.91,"positive",NA,NA,FALSE,NA,NA,FALSE,NA,NA,FALSE,NA,NA,FALSE,2
"lcRB1BWv1x1vTDU0xlR","LagunaPompal.Goman.1998","LakeSediment","temperature",18.3761,-94.9556,"positive",NA,NA,FALSE,NA,NA,FALSE,NA,NA,FALSE,NA,NA,FALSE,1
"lcRBGyQq1JuRSSj98QC","Lacawac.Russell.1993","LakeSediment","temperature",41.3821,-75.2913,"positive",NA,NA,FALSE,NA,NA,FALSE,NA,NA,FALSE,NA,NA,FALSE,5
"lcRBNAzjmPLR82ae22v","LagodeAjo.Allen.1996Legacy","LakeSediment","temperature",43.0417,-6.1388,"positive",NA,NA,FALSE,NA,NA,FALSE,NA,NA,FALSE,NA,NA,FALSE,4
"lcRbPVGSZCaTXgHeZrX","LilyWarwick.Fuller.1998","LakeSediment","temperature",42.6884,-72.3372,"positive",NA,NA,FALSE,NA,NA,FALSE,NA,NA,FALSE,NA,NA,FALSE,3
"lcRbSCPUmbpIjmWch7Q","AkTerek.Beer.2008","Peat","temperature",41.2815,72.8343,"positive",NA,NA,FALSE,NA,NA,FALSE,NA,NA,FALSE,NA,NA,FALSE,2
"lcRC1ZAz4X1fefwq7b2","FontSalesse.deBeaulieu.1969","Peat","temperature",43.6017,2.9789,"positive",NA,NA,FALSE,NA,NA,FALSE,NA,NA,FALSE,NA,NA,FALSE,2
"lcRcQ9KW8oxXFg1yWqC","ChesapeakeBayRhodeRiver.Baucom.2000","MarineSediment","temperature",38.8864,-76.3947,"positive",NA,NA,FALSE,NA,NA,FALSE,NA,NA,FALSE,NA,NA,FALSE,8
"lcRCt6u019QQzW7Nhz5","KalsaMire.Kimmel.1999","Peat","temperature",58.1914,27.4115,"positive",NA,NA,FALSE,NA,NA,FALSE,NA,NA,FALSE,NA,NA,FALSE,4
"lcRd7PjlW4sREUVKRXW","SweetonPond.Nanavati.2019","LakeSediment","temperature",36.7913,-92.2231,"positive",NA,NA,FALSE,NA,NA,FALSE,NA,NA,FALSE,NA,NA,FALSE,4
"lcRd8tywf0ttZpjeAGH","WaterConservationArea2ASite2SiteF1.Willard.1997","Peat","temperature",26.3597,-80.3706,"positive",NA,NA,FALSE,NA,NA,FALSE,NA,NA,FALSE,NA,NA,FALSE,5
"lcRdbReSjFrNhFkgMvL","HellHoleLake.Hotchkiss.2007","LakeSediment","temperature",45.7866,-92.219,"positive",NA,NA,FALSE,NA,NA,FALSE,NA,NA,FALSE,NA,NA,FALSE,0
"lcRdFNOoh3FGWfIEIgm","LaMolinamire.LopezMerino.2011","Peat","temperature",43.3811,-6.3272,"positive",NA,NA,FALSE,NA,NA,FALSE,NA,NA,FALSE,NA,NA,FALSE,4
"lcRdr1mXf7h9m2RMXg7","LagodiOriglio.Tinner.1999","LakeSediment","temperature",46.0515,8.9433,"positive",NA,NA,FALSE,NA,NA,FALSE,NA,NA,FALSE,NA,NA,FALSE,8
"lcRdShBI8LEpNVnTVlY","DyanushkaK7P2.Werner.2010","Peat","temperature",65.0394,125.0369,"positive",NA,NA,FALSE,NA,NA,FALSE,NA,NA,FALSE,NA,NA,FALSE,1
"lcRea5YRvPHaBlssrES","LakeKolmilatrask.SarmajaKorjonen.1991","LakeSediment","temperature",60.2917,20.1414,"positive",NA,NA,FALSE,NA,NA,FALSE,NA,NA,FALSE,NA,NA,FALSE,1
"lcREFsvQV9Z5n99omGW","KellysLough.Leira.2007","LakeSediment","temperature",52.9585,-6.4257,"positive",NA,NA,FALSE,NA,NA,FALSE,NA,NA,FALSE,NA,NA,FALSE,2
"lcRevSrSJ6Y4iMApChz","Durchenbergried.Rosch.1990","Peat","temperature",47.775,8.9788,"positive",NA,NA,FALSE,NA,NA,FALSE,NA,NA,FALSE,NA,NA,FALSE,1
"lcRfo8HLKTzKQmY9Lql","Couedic.Visset.2001","FluvialSediment","temperature",47.2139,-1.5572,"positive",NA,NA,FALSE,NA,NA,FALSE,NA,NA,FALSE,NA,NA,FALSE,0
"lcRfrr5PzONt6ZBow19","HornstaadHornle.Rosch.1992","LakeSediment","temperature",47.6946,9.0066,"positive",NA,NA,FALSE,NA,NA,FALSE,NA,NA,FALSE,NA,NA,FALSE,1
"lcRFTGwkgL2lvikrZVp","IrwinSmithBog.Booth.2012","Peat","temperature",45.0265,-83.61,"positive",NA,NA,FALSE,NA,NA,FALSE,NA,NA,FALSE,NA,NA,FALSE,1
"lcRFTN0y0aUFhVngFqR","BuckbeanBog.Heinrichs.1999","Peat","temperature",49.1191,-119.683,"positive",NA,NA,FALSE,NA,NA,FALSE,NA,NA,FALSE,NA,NA,FALSE,5
"lcRFWn6U2MAaRAahGiZ","KnobHillPond.Oswald.2018","LakeSediment","temperature",44.3603,-72.373,"positive",NA,NA,FALSE,NA,NA,FALSE,NA,NA,FALSE,NA,NA,FALSE,6
"lcRFZusTqpbEtt1B3JI","Songjiang.Zhang.2008","FluvialSediment","temperature",50.4,80.4667,"positive",NA,NA,FALSE,NA,NA,FALSE,NA,NA,FALSE,NA,NA,FALSE,1
"lcRghXAPhVPRCaWmOKl","AltesMoorWachel.Dorfler.1989","Peat","temperature",53.4373,8.8678,"positive",NA,NA,FALSE,NA,NA,FALSE,NA,NA,FALSE,NA,NA,FALSE,1
"lcRgk3j6nErViRXrp8v","BlackwoodSinkhole.Tamalavage.2018","LakeSediment","temperature",26.7987,-77.4234,"positive",NA,NA,FALSE,NA,NA,FALSE,NA,NA,FALSE,NA,NA,FALSE,4
"lcRGMoX9ZylfD2rKV7v","Foyechi.Tong.1996","LakeSediment","temperature",37.3833,122.5167,"positive",NA,NA,FALSE,NA,NA,FALSE,NA,NA,FALSE,NA,NA,FALSE,1
"lcRgU9lZt1iCaxQ2O5S","LilyPond.Foster.2002","LakeSediment","temperature",42.4179,-72.3469,"positive",NA,NA,FALSE,NA,NA,FALSE,NA,NA,FALSE,NA,NA,FALSE,3
"lcRGy09ItWZAcCGXu5i","TrinityRiverbayhead.Anderson.2008","FluvialSediment","temperature",29.7662,-94.7082,"positive",NA,NA,FALSE,NA,NA,FALSE,NA,NA,FALSE,NA,NA,FALSE,0
"lcRH79gkHAqShSZg1Sg","BeefPasture.Wright.2012","Peat","temperature",37.4731,-108.1604,"positive",NA,NA,FALSE,NA,NA,FALSE,NA,NA,FALSE,NA,NA,FALSE,2
"lcRh7Z4V3IuWBKFrinQ","DevilsLakeCreelBay.Jacobson.1989","LakeSediment","temperature",48.0859,-98.9293,"positive",NA,NA,FALSE,NA,NA,FALSE,NA,NA,FALSE,NA,NA,FALSE,5
"lcRhanMzxWMQTNQG3Wx","MinnesotaPoint.Nurse.2017","FluvialSediment","temperature",46.7334,-92.065,"positive",NA,NA,FALSE,NA,NA,FALSE,NA,NA,FALSE,NA,NA,FALSE,6
"lcRHiHwNfSIJOf4ibky","DagsMosse.Goransson.1989","Peat","temperature",58.3229,14.7065,"positive",NA,NA,FALSE,NA,NA,FALSE,NA,NA,FALSE,NA,NA,FALSE,2
"lcRHIMVLMQLSixfanJF","ValhallaHollow.Kearsley.1995","Peat","temperature",44.3086,-74.3708,"positive",NA,NA,FALSE,NA,NA,FALSE,NA,NA,FALSE,NA,NA,FALSE,6
"lcRi5e2Wq9lUvl2VdRO","Fjallnas.Konigsson.1984","FluvialSediment","temperature",62.6159,12.1339,"positive",NA,NA,FALSE,NA,NA,FALSE,NA,NA,FALSE,NA,NA,FALSE,4
"lcRI7Ml5QyuvrpBhRzR","Nanwangzhuang.Guo.1999","FluvialSediment","temperature",38.45,114.9167,"positive",NA,NA,FALSE,NA,NA,FALSE,NA,NA,FALSE,NA,NA,FALSE,0
"lcRIjouF7RUndRFUNyA","WaccamawRiverButlerIslandModeratelySaltImpacted.Jones.2017","Peat","temperature",33.4228,-79.208,"positive",NA,NA,FALSE,NA,NA,FALSE,NA,NA,FALSE,NA,NA,FALSE,6
"lcRIT1DYxYiLBfKhgbX","HorseshoeLake.Munoz.2014","LakeSediment","temperature",38.7018,-90.095,"positive",NA,NA,FALSE,NA,NA,FALSE,NA,NA,FALSE,NA,NA,FALSE,3
"lcRiTlpsMJl8dTHotVe","Pezou.Cyprien.2006","FluvialSediment","temperature",47.8708,1.1508,"positive",NA,NA,FALSE,NA,NA,FALSE,NA,NA,FALSE,NA,NA,FALSE,2
"lcRIwTndwZWVBasjuvs","ClearwaterBog.Nichols.1969","Peat","temperature",54.0236,-101.2588,"positive",NA,NA,FALSE,NA,NA,FALSE,NA,NA,FALSE,NA,NA,FALSE,1
"lcRj1ZGE3Bw8DT5QmJz","UpperSouthBranchPond.Anderson.1986","LakeSediment","temperature",46.0901,-68.8933,"positive",NA,NA,FALSE,NA,NA,FALSE,NA,NA,FALSE,NA,NA,FALSE,2
"lcRJjJBwmLs9PEUa7qD","EtangdelaGruere.RoosBarraclough.2002","Peat","temperature",47.2406,7.05,"positive",NA,NA,FALSE,NA,NA,FALSE,NA,NA,FALSE,NA,NA,FALSE,6
"lcRJSdnNJk8NTaJyDwO","TaylorSloughSite15.Willard.1997","Peat","temperature",25.2019,-80.6872,"positive",NA,NA,FALSE,NA,NA,FALSE,NA,NA,FALSE,NA,NA,FALSE,6
"lcRjugz6QafJ2GJGZ5P","LakeSapanca.Leroy.2010","LakeSediment","temperature",40.7167,30.25,"positive",NA,NA,FALSE,NA,NA,FALSE,NA,NA,FALSE,NA,NA,FALSE,1
"lcRKCw132BNpMi5JpJ7","Lavare.Barbier.1999","Peat","temperature",48.4333,-0.9167,"positive",NA,NA,FALSE,NA,NA,FALSE,NA,NA,FALSE,NA,NA,FALSE,0
"lcRKgxpr49pqfEsGAjs","Ballyduff.Stefanini.2008","Peat","temperature",53.0822,-7.992,"positive",NA,NA,FALSE,NA,NA,FALSE,NA,NA,FALSE,NA,NA,FALSE,5
"lcRKla0inIbwLreLoWC","Tlstahora.Rybnickova.2005","Peat","temperature",48.8942,17.8886,"positive",NA,NA,FALSE,NA,NA,FALSE,NA,NA,FALSE,NA,NA,FALSE,4
"lcRKoyoRCMHM2hnFb0Y","LakeKvarntrask.SarmajaKorjonen.1991","LakeSediment","temperature",60.3458,19.9717,"positive",NA,NA,FALSE,NA,NA,FALSE,NA,NA,FALSE,NA,NA,FALSE,2
"lcRKoyvGIn2y3KKjI98","ChickareeLake.Dunnette.2014","LakeSediment","temperature",40.3341,-105.8411,"positive",NA,NA,FALSE,NA,NA,FALSE,NA,NA,FALSE,NA,NA,FALSE,1
"lcRKtqdRhG7A3tJLj75","CienegadeSanBernadino.Blissett.2010","Other","temperature",31.3222,-109.2562,"positive",NA,NA,FALSE,NA,NA,FALSE,NA,NA,FALSE,NA,NA,FALSE,1
"lcRKXHkOBR4CWd1961I","MiddleNorthCoombe.Fyfe.2004","Peat","temperature",50.9339,-3.4333,"positive",NA,NA,FALSE,NA,NA,FALSE,NA,NA,FALSE,NA,NA,FALSE,2
"lcRLDTlgb8iOjDOBOFf","PrazRodet.vanderKnaap.2000","Peat","temperature",46.5667,6.1736,"positive",NA,NA,FALSE,NA,NA,FALSE,NA,NA,FALSE,NA,NA,FALSE,5
"lcRlHORqReK0wmEXzk9","LakeSambosjon.Digerfeldt.1982","LakeSediment","temperature",57.1631,12.4143,"positive",NA,NA,FALSE,NA,NA,FALSE,NA,NA,FALSE,NA,NA,FALSE,0
"lcRlZrcfXewvBCRS55H","SummitLake.Calder.2016","LakeSediment","temperature",40.5455,-106.6824,"positive",NA,NA,FALSE,NA,NA,FALSE,NA,NA,FALSE,NA,NA,FALSE,6
"lcRmC0zyUbxqTKccwp3","LilyLake.Hotchkiss.2007","LakeSediment","temperature",45.901,-92.273,"positive",NA,NA,FALSE,NA,NA,FALSE,NA,NA,FALSE,NA,NA,FALSE,2
"lcRmG0zRQQ5f6hPZV0d","HerrenwieserSee.Rosch.2009","LakeSediment","temperature",48.6685,8.2955,"positive",NA,NA,FALSE,NA,NA,FALSE,NA,NA,FALSE,NA,NA,FALSE,2
"lcRmszlPoPyliZ6gh9W","Upskeraseliniste.Speranza.2000","Peat","temperature",50.7366,15.7084,"positive",NA,NA,FALSE,NA,NA,FALSE,NA,NA,FALSE,NA,NA,FALSE,4
"lcRmw8C3D3JTx5o13m4","Foula.Shotyk.1996","Peat","temperature",60.1374,-2.0793,"positive",NA,NA,FALSE,NA,NA,FALSE,NA,NA,FALSE,NA,NA,FALSE,4
"lcRnN8sshDkE1vk7Snb","FlorenceLake.Pellatt.2015","LakeSediment","temperature",48.4586,-123.513,"positive",NA,NA,FALSE,NA,NA,FALSE,NA,NA,FALSE,NA,NA,FALSE,3
"lcRNtmq7Ek5eHMbmsZq","LesNaudieres.Poirier.2013","FluvialSediment","temperature",47.5375,0.7022,"positive",NA,NA,FALSE,NA,NA,FALSE,NA,NA,FALSE,NA,NA,FALSE,1
"lcRNts7m8X8duEqSKUd","Minnreg.UmbanhowarJr.2004","LakeSediment","temperature",44.6934,-93.3212,"positive",NA,NA,FALSE,NA,NA,FALSE,NA,NA,FALSE,NA,NA,FALSE,0
"lcRNU49g5E5dtDPE0nm","LakeEmilyNortheastBasin.UmbanhowarJr.2004","LakeSediment","temperature",44.3138,-93.9144,"positive",NA,NA,FALSE,NA,NA,FALSE,NA,NA,FALSE,NA,NA,FALSE,0
"lcRNykeGxpm91qlV071","RidgeandSlough0205215.Bernhardt.2009","Peat","temperature",25.829,-80.7675,"positive",NA,NA,FALSE,NA,NA,FALSE,NA,NA,FALSE,NA,NA,FALSE,2
"lcRo0NjquwOS6OyfsLq","SharkeyLake.Camill.2003","LakeSediment","temperature",44.5924,-93.4132,"positive",NA,NA,FALSE,NA,NA,FALSE,NA,NA,FALSE,NA,NA,FALSE,0
"lcROdTm64RGdiEEaBe5","Ispani2.deKlerk.2009","Peat","temperature",41.8623,41.802,"positive",NA,NA,FALSE,NA,NA,FALSE,NA,NA,FALSE,NA,NA,FALSE,3
"lcROeNm7yL6Sw0DZrmL","QigaiNuur.Sun.2013","LakeSediment","temperature",72.3989,102.2886,"positive",NA,NA,FALSE,NA,NA,FALSE,NA,NA,FALSE,NA,NA,FALSE,2
"lcRogdM8y3sBb4WjIqY","Kralovec.Rybnickova.2005","Peat","temperature",49.1319,18.0278,"positive",NA,NA,FALSE,NA,NA,FALSE,NA,NA,FALSE,NA,NA,FALSE,2
"lcROLLP2orfQAh84tjC","MolesChamber.Fyfe.2012","Peat","temperature",51.1394,-3.8328,"positive",NA,NA,FALSE,NA,NA,FALSE,NA,NA,FALSE,NA,NA,FALSE,0
"lcROM9ag5qLZPxWgCGB","Fuschlsee.Voigt.1996","LakeSediment","temperature",47.8042,13.2747,"positive",NA,NA,FALSE,NA,NA,FALSE,NA,NA,FALSE,NA,NA,FALSE,3
"lcRoqPH2IlEzf1htLPH","Adange.Kvavadze.1989","FluvialSediment","temperature",43.3056,41.3333,"positive",NA,NA,FALSE,NA,NA,FALSE,NA,NA,FALSE,NA,NA,FALSE,3
"lcROzCWwV6duormHFFr","Vladar.Pokorny.2006","LakeSediment","temperature",50.0786,13.214,"positive",NA,NA,FALSE,NA,NA,FALSE,NA,NA,FALSE,NA,NA,FALSE,2
"lcRpHNk7SXJPgM8auii","NorthFlatLake.Hart.2009","LakeSediment","temperature",53.6115,-106.4952,"positive",NA,NA,FALSE,NA,NA,FALSE,NA,NA,FALSE,NA,NA,FALSE,2
"lcRPl3DzcrmuXfMZPdL","ZoigeBasin.Zhao.2011","Peat","temperature",33.45,102.6333,"positive",NA,NA,FALSE,NA,NA,FALSE,NA,NA,FALSE,NA,NA,FALSE,4
"lcRqkEOjnIxUivVAVzD","Valdeyernosbog.DoradoValino.2014","Peat","temperature",39.4411,-4.0964,"positive",NA,NA,FALSE,NA,NA,FALSE,NA,NA,FALSE,NA,NA,FALSE,3
"lcRQN1HTzRhJbpngy6G","TuskegeePond.Steventon.1983","LakeSediment","temperature",35.5847,-84.2106,"positive",NA,NA,FALSE,NA,NA,FALSE,NA,NA,FALSE,NA,NA,FALSE,3
"lcRqN3jJcvhEJoVRlh7","WarePond.Oswald.2018","LakeSediment","temperature",42.4824,-70.8822,"positive",NA,NA,FALSE,NA,NA,FALSE,NA,NA,FALSE,NA,NA,FALSE,2
"lcRqrM7YKwWCs0lt4kU","NovoUspenka.Blyakharchuk.1989","Peat","temperature",56.6167,84.1667,"positive",NA,NA,FALSE,NA,NA,FALSE,NA,NA,FALSE,NA,NA,FALSE,1
"lcRQuck8KYYo9yxfO1e","Litzelsee.Rosch.2016","LakeSediment","temperature",47.7679,8.9296,"positive",NA,NA,FALSE,NA,NA,FALSE,NA,NA,FALSE,NA,NA,FALSE,6
"lcRqXRJps0N46pwFQrW","EinGedi.Litt.2012","MarineSediment","temperature",31.4189,35.3883,"positive",NA,NA,FALSE,NA,NA,FALSE,NA,NA,FALSE,NA,NA,FALSE,0
"lcRR05QblzbZTjMF6WG","MaraisdeMazerolles.Ouguerram.2002","Peat","temperature",47.3581,-1.4786,"positive",NA,NA,FALSE,NA,NA,FALSE,NA,NA,FALSE,NA,NA,FALSE,3
"lcRRdpJsmxp9JmCSaCc","ChesapeakeBayMD992209.Willard.2005","MarineSediment","temperature",38.8861,-76.3944,"positive",NA,NA,FALSE,NA,NA,FALSE,NA,NA,FALSE,NA,NA,FALSE,0
"lcRrNI9WV0Di5YuLM42","ArroyodeValdeconejos.MoralesMolino.2017","Peat","temperature",40.861,-4.061,"positive",NA,NA,FALSE,NA,NA,FALSE,NA,NA,FALSE,NA,NA,FALSE,8
"lcRrQd2RCUXvcVkMNt5","Fougeres.CletPellerin.1993","Peat","temperature",48.5167,-0.8333,"positive",NA,NA,FALSE,NA,NA,FALSE,NA,NA,FALSE,NA,NA,FALSE,5
"lcRRuckupPnKAAoWdwA","Zhoulao.Gu.2004","LakeSediment","temperature",29.8167,112.8833,"positive",NA,NA,FALSE,NA,NA,FALSE,NA,NA,FALSE,NA,NA,FALSE,0
"lcRsEU7CLf3lslRBTkM","Diheen.author.1111","LakeSediment","temperature",52.3695,-8.1707,"positive",NA,NA,FALSE,NA,NA,FALSE,NA,NA,FALSE,NA,NA,FALSE,2
"lcRSQeShsWJp2rp4Y0x","LittleMirrorLake.Fuller.1998","LakeSediment","temperature",42.5244,-71.6085,"positive",NA,NA,FALSE,NA,NA,FALSE,NA,NA,FALSE,NA,NA,FALSE,3
"lcRsV75FSReTV83pH5Z","Verkhnee.Beer.2008","LakeSediment","temperature",41.3091,72.9576,"positive",NA,NA,FALSE,NA,NA,FALSE,NA,NA,FALSE,NA,NA,FALSE,2
"lcRSyfunCjqP6OonP5X","Changeon.Cyprien.2001","FluvialSediment","temperature",47.2761,0.1319,"positive",NA,NA,FALSE,NA,NA,FALSE,NA,NA,FALSE,NA,NA,FALSE,0
"lcRsyg1ULpVHuVB884V","SaintMichelenBrenne.McGhee.1975","Other","temperature",46.8094,1.1639,"positive",NA,NA,FALSE,NA,NA,FALSE,NA,NA,FALSE,NA,NA,FALSE,4
"lcRtlRevPyBxvGlN5qx","Ortok.Beer.2008","LakeSediment","temperature",41.2456,73.2645,"positive",NA,NA,FALSE,NA,NA,FALSE,NA,NA,FALSE,NA,NA,FALSE,2
"lcRtPHhiQRui6RwygUt","FerryLake.Hotchkiss.2007","LakeSediment","temperature",46.013,-92.125,"positive",NA,NA,FALSE,NA,NA,FALSE,NA,NA,FALSE,NA,NA,FALSE,1
"lcRTSBwLOnlwQELKa7a","AsiGonia.Atherden.1999","Peat","temperature",35.2489,24.2782,"positive",NA,NA,FALSE,NA,NA,FALSE,NA,NA,FALSE,NA,NA,FALSE,5
"lcRUdRAHY0QjyVRsYcm","HicksLake.Hupy.2012","LakeSediment","temperature",44.0228,-85.2833,"positive",NA,NA,FALSE,NA,NA,FALSE,NA,NA,FALSE,NA,NA,FALSE,5
"lcRuF0iH5KU9Di3uSg9","AnthonyLake.Long.2019","LakeSediment","temperature",44.9597,-118.2314,"positive",NA,NA,FALSE,NA,NA,FALSE,NA,NA,FALSE,NA,NA,FALSE,1
"lcRUhwWhCpalwTTdGYC","DeepFalmouthPond.Oswald.2018","LakeSediment","temperature",41.564,-70.6357,"positive",NA,NA,FALSE,NA,NA,FALSE,NA,NA,FALSE,NA,NA,FALSE,5
"lcRVcIOIY0GJtCc1Gac","LakeNuochaga.Andreev.1989","LakeSediment","temperature",61.3006,129.5558,"positive",NA,NA,FALSE,NA,NA,FALSE,NA,NA,FALSE,NA,NA,FALSE,1
"lcRVdGR6FmOIjBSD2ML","Culazon.LopezSaez.2013","Peat","temperature",43.2328,-4.4892,"positive",NA,NA,FALSE,NA,NA,FALSE,NA,NA,FALSE,NA,NA,FALSE,8
"lcRVJQLGBiFe9Wcy6YY","LilyLake.UmbanhowarJr.2004","LakeSediment","temperature",44.1929,-93.6398,"positive",NA,NA,FALSE,NA,NA,FALSE,NA,NA,FALSE,NA,NA,FALSE,0
"lcRvtxdbMZhFE0pJ5n2","OgacLake.Doner.2001","LakeSediment","temperature",62.8455,-67.3415,"positive",NA,NA,FALSE,NA,NA,FALSE,NA,NA,FALSE,NA,NA,FALSE,0
"lcRVuWMASPSGYjP9VI6","LAnseauxMeadowsSite.Davis.1988","Peat","temperature",51.5733,-55.55,"positive",NA,NA,FALSE,NA,NA,FALSE,NA,NA,FALSE,NA,NA,FALSE,1
"lcRw0weQe8R8dzoxBIk","ChesapeakeBayPotomacRiver.Willard.2003","FluvialSediment","temperature",38.0269,-76.22,"positive",NA,NA,FALSE,NA,NA,FALSE,NA,NA,FALSE,NA,NA,FALSE,2
"lcRw5ZUlPjjR3IUL4EP","LakeBillyakh.Muller.2009","LakeSediment","temperature",65.2891,126.7699,"positive",NA,NA,FALSE,NA,NA,FALSE,NA,NA,FALSE,NA,NA,FALSE,0
"lcRWDTAG0myQBlebbV1","LagodiVenere.Calo.2013","LakeSediment","temperature",36.8169,11.987,"positive",NA,NA,FALSE,NA,NA,FALSE,NA,NA,FALSE,NA,NA,FALSE,6
"lcRWeU9Rn0RJk30YG48","Kirkkosaari.Rankama.1988","Peat","temperature",60.8577,24.4906,"positive",NA,NA,FALSE,NA,NA,FALSE,NA,NA,FALSE,NA,NA,FALSE,5
"lcRwmahVM5ioB7mNypO","FreshPond.Parshall.2002","LakeSediment","temperature",41.5941,-70.5328,"positive",NA,NA,FALSE,NA,NA,FALSE,NA,NA,FALSE,NA,NA,FALSE,6
"lcRx4dCnUq2nkmqYouZ","Iaz.Grindean.2014","Peat","temperature",47.1083,22.6611,"positive",NA,NA,FALSE,NA,NA,FALSE,NA,NA,FALSE,NA,NA,FALSE,2
"lcRx68DE4Npgy8udK5h","UpperSquawLake.Colombaroli.2010","LakeSediment","temperature",42.0321,-123.0149,"positive",NA,NA,FALSE,NA,NA,FALSE,NA,NA,FALSE,NA,NA,FALSE,5
"lcRxOXDdmxmf6XSYetM","CenoteSanJoseChulchaca.Leyden.1996","LakeSediment","temperature",20.8667,-90.1333,"positive",NA,NA,FALSE,NA,NA,FALSE,NA,NA,FALSE,NA,NA,FALSE,3
"lcRXq2SGj4V3APUczE0","OverGunnarsfjorden.Allen.2007","LakeSediment","temperature",71.0381,28.1691,"positive",NA,NA,FALSE,NA,NA,FALSE,NA,NA,FALSE,NA,NA,FALSE,3
"lcRxsUYqaSobvgNrGNK","WawonaMeadow.Anderson.2013","Peat","temperature",37.5286,-119.6454,"positive",NA,NA,FALSE,NA,NA,FALSE,NA,NA,FALSE,NA,NA,FALSE,2
"lcRY7Hz1GgA2UqzJFC3","MudCreekSite1.Willard.1997","Peat","temperature",25.2197,-80.6047,"positive",NA,NA,FALSE,NA,NA,FALSE,NA,NA,FALSE,NA,NA,FALSE,7
"lcRYLwdGqJTHgAsTb10","LagunaBiajaca.CastillaBeltran.2018","FluvialSediment","temperature",19.5909,-71.0865,"positive",NA,NA,FALSE,NA,NA,FALSE,NA,NA,FALSE,NA,NA,FALSE,2
"lcRyNX3hmIhWMIf8YOj","PiermontMarsh.Pederson.2005","Peat","temperature",41.0276,-73.9084,"positive",NA,NA,FALSE,NA,NA,FALSE,NA,NA,FALSE,NA,NA,FALSE,5
"lcRyOpcW4lpGwzug6cx","ChesapeakeBayPTMC32.Willard.2005","MarineSediment","temperature",38.0267,-76.2197,"positive",NA,NA,FALSE,NA,NA,FALSE,NA,NA,FALSE,NA,NA,FALSE,7
"lcRyRxuYzfSg1Gfp2xf","MaksimkinYar.Blyakharchuk.1980","Peat","temperature",58.6952,86.7855,"positive",NA,NA,FALSE,NA,NA,FALSE,NA,NA,FALSE,NA,NA,FALSE,1
"lcRySC9kE0LDMTd99yQ","GrandMez.McGhee.1975","LakeSediment","temperature",46.7461,1.4425,"positive",NA,NA,FALSE,NA,NA,FALSE,NA,NA,FALSE,NA,NA,FALSE,1
"lcRZ2olGsAHiQB8MqFK","SonnenbergerMoor.Willutzki.1962","Peat","temperature",51.7663,10.5135,"positive",NA,NA,FALSE,NA,NA,FALSE,NA,NA,FALSE,NA,NA,FALSE,1
"lcRzaeEZdZMOeoSEay5","OumiExposure.Anderson.2002","Peat","temperature",48.2167,138.4,"positive",NA,NA,FALSE,NA,NA,FALSE,NA,NA,FALSE,NA,NA,FALSE,0
"lcRzEH0LIHAml6iSe09","KettleLake.Brown.2005","LakeSediment","temperature",48.6071,-103.624,"positive",NA,NA,FALSE,NA,NA,FALSE,NA,NA,FALSE,NA,NA,FALSE,5
"lcRzmMMVCrMmfboidQf","Loddigsee.Jahns.2007","LakeSediment","temperature",53.4333,11.85,"positive",NA,NA,FALSE,NA,NA,FALSE,NA,NA,FALSE,NA,NA,FALSE,4
"LPD016ef221_iso2k","MS07JRGM","MarineSediment","temperature",27.2,-91.42,"positive",NA,NA,FALSE,NA,NA,FALSE,NA,NA,FALSE,NA,NA,FALSE,2
"LPD07ea24cb","BighornBasin.Shuman.2012","LakeSediment","temperature",44.285,-108.635,"positive",NA,NA,FALSE,NA,NA,FALSE,NA,NA,FALSE,NA,NA,FALSE,1
"LPD0e0867fe","Ocn-AlboranSea436B.Nieto-Moreno.2013","MarineSediment","temperature",36.2053,-4.3133,"positive",NA,NA,FALSE,NA,NA,FALSE,NA,NA,FALSE,NA,NA,FALSE,7
"LPD0fe90f66","JPC76.Friddell.2002","MarineSediment","d18O",34.27,-120.07,"negative",NA,NA,FALSE,NA,NA,FALSE,NA,NA,FALSE,NA,NA,FALSE,0
"LPD10e9f8f7","Ocn-MinorcaContourite.Moreno.2012","MarineSediment","temperature",40.5,4.03,"positive",NA,NA,FALSE,NA,NA,FALSE,NA,NA,FALSE,NA,NA,FALSE,6
"LPD13a78f9b","Ocn-EasternTropicalNorthAtlantic.Kuhnert.2011","MarineSediment","temperature",16.8402,-16.7327,"positive",0.0462115127953619,0.801701761067526,FALSE,0.0462115127953619,0.910503652630773,FALSE,-0.0251423519575579,0.89135537401438,FALSE,-0.0251423519575579,0.960141930369094,FALSE,32
"LPD13ec3942","P178-15P.Tierney.2015","MarineSediment","temperature",11.955,44.3,"positive",NA,NA,FALSE,NA,NA,FALSE,NA,NA,FALSE,NA,NA,FALSE,1
"LPD1a0245b7","Ocn-Philippines.Stott.2007","MarineSediment","temperature",6.3,125.82,"positive",NA,NA,FALSE,NA,NA,FALSE,NA,NA,FALSE,NA,NA,FALSE,0
"LPD24dd89b2","Ocn-ImperieuseRowleyShoals.Cooper.2012","Coral","composite",-17.5167,118.9667,"positive",-0.247766946173175,0.0320950806305732,FALSE,-0.247766946173175,0.132934354233388,FALSE,-0.188475311766578,0.105365874245564,FALSE,-0.188475311766578,0.339695188322939,FALSE,75
"LPD257214a7accr","IC00SC29","GlacierIce","accumulation",76.0039,-43.492,"positive",NA,NA,FALSE,NA,NA,FALSE,-0.111222173186427,0.362912339244947,FALSE,-0.111222173186427,0.623473419127269,FALSE,69
"LPD28794972dp_SST_from_d18O2","893A.Kennet.2007","MarineSediment","temperature",34.2875,-120.036,"positive",NA,NA,FALSE,NA,NA,FALSE,NA,NA,FALSE,NA,NA,FALSE,1
"LPD2a3997a7","Ocn-WesternAntarcticPeninsula.Shevenell.2011","MarineSediment","temperature",-64.87,-64.2,"positive",NA,NA,FALSE,NA,NA,FALSE,NA,NA,FALSE,NA,NA,FALSE,0
"LPD30c5b95c","Ocn-MD98-2177.Newton.2010","MarineSediment","temperature",1.4033,119.078,"positive",NA,NA,FALSE,NA,NA,FALSE,NA,NA,FALSE,NA,NA,FALSE,0
"LPD3100fe0a","Ocn-CoralBayNingaloo.Cooper.2012","Coral","composite",-23.0333,113.8167,"positive",0.156908859824888,0.245973701260795,FALSE,0.156908859824888,0.454162285761649,FALSE,-0.0193359926584052,0.876748720900316,FALSE,-0.0193359926584052,0.960141930369094,FALSE,75
"LPD315357f3","GISP2.Kobashi.2017","GlacierIce","temperature",72.6,-38.5,"positive",0.520473985750639,0.00466205781819101,TRUE,0.520473985750639,0.039692242257654,TRUE,0.159403965464939,0.265203290346445,FALSE,0.159403965464939,0.531264843768445,FALSE,68
"LPD335d863f","Aus-DuckholeLake.Saunders.2013","LakeSediment","RABD660670",-43.3646,146.8749,"negative",0.559472451510199,0.00540060056969073,FALSE,0.559472451510199,0.0433767697936894,FALSE,0.191980540470922,0.173964446532254,FALSE,0.191980540470922,0.427936578204213,FALSE,60
"LPD33b45b88","Chatsworth.Shuman.2016","Peat","temperature",40.68,-88.34,"positive",NA,NA,FALSE,NA,NA,FALSE,NA,NA,FALSE,NA,NA,FALSE,0
"LPD378db911","Ocn-HoutmanAbrolhosIslands.Cooper.2012","Coral","composite",-28.4667,113.7667,"positive",0.182087232377548,0.118290842263546,FALSE,0.182087232377548,0.293572009342324,FALSE,0.153129687067866,0.189648755981878,FALSE,0.153129687067866,0.446670944585743,FALSE,75
"LPD3eabac7b1","IC16WE22","GlacierIce","accumulation",79.3414,-45.9116,"positive",NA,NA,FALSE,NA,NA,FALSE,-0.113786008519315,0.355531686866847,FALSE,-0.113786008519315,0.623473419127269,FALSE,68
"LPD44b374e7","Ocn-SouthChinaSea.Zhao.2006","MarineSediment","temperature",8.73,109.869,"positive",NA,NA,FALSE,NA,NA,FALSE,NA,NA,FALSE,NA,NA,FALSE,0
"LPD47182517","Ocn-FeniDrift.Richter.2009","MarineSediment","temperature",55.5,-13.9,"positive",NA,NA,FALSE,NA,NA,FALSE,NA,NA,FALSE,NA,NA,FALSE,6
"LPD4c60df181","IC16WE19","GlacierIce","accumulation",78.0006,-36.3978,"positive",NA,NA,FALSE,NA,NA,FALSE,0.29063152233603,0.133520002650721,FALSE,0.29063152233603,0.379123310278883,FALSE,28
"LPD53e179ad","Afr-P178-15P.Tierney.2015","MarineSediment","temperature",11.955,44.3,"positive",NA,NA,FALSE,NA,NA,FALSE,NA,NA,FALSE,NA,NA,FALSE,10
"LPD55779927accr","IC16WE27","GlacierIce","accumulation",76.6594,-46.4837,"positive",NA,NA,FALSE,NA,NA,FALSE,-0.110032855093108,0.368098530310559,FALSE,-0.110032855093108,0.627592041555464,FALSE,69
"LPD572f7cc3","Ocn-PigmyBasin.Richey.2015","MarineSediment","temperature",27.2,-91.42,"positive",NA,NA,FALSE,NA,NA,FALSE,NA,NA,FALSE,NA,NA,FALSE,0
"LPD57d40973","Ocn-FiskBasin.Richey.2009","MarineSediment","temperature",27.55,-93.93,"positive",NA,NA,FALSE,NA,NA,FALSE,NA,NA,FALSE,NA,NA,FALSE,2
"LPD6315f935","Ocn-JacafFjord.Sepulveda.2009","MarineSediment","temperature",-44.33,-72.97,"positive",NA,NA,FALSE,NA,NA,FALSE,NA,NA,FALSE,NA,NA,FALSE,0
"LPD66bfd9f9accr","IC16WE23","GlacierIce","accumulation",78,-44,"positive",NA,NA,FALSE,NA,NA,FALSE,0.11509379784777,0.349993155176272,FALSE,0.11509379784777,0.618987894440321,FALSE,68
"LPD68872399","Ocn-EmeraldBasin.Keigwin.2007","MarineSediment","temperature",43.53,-62.48,"positive",NA,NA,FALSE,NA,NA,FALSE,NA,NA,FALSE,NA,NA,FALSE,1
"LPD6e4ccc39","DevilsLake.Shuman.2016","LakeSediment","temperature",43.42,-89.73,"positive",NA,NA,FALSE,NA,NA,FALSE,NA,NA,FALSE,NA,NA,FALSE,0
"LPD6e872195","MD99-2256.Jennings.2015","MarineSediment","temperature",64.3032,-24.2067,"positive",NA,NA,FALSE,NA,NA,FALSE,NA,NA,FALSE,NA,NA,FALSE,0
"LPD716b88d0_iso2k","MS07SWGG","MarineSediment","temperature",2.5,9.38,"positive",NA,NA,FALSE,NA,NA,FALSE,NA,NA,FALSE,NA,NA,FALSE,2
"LPD779b21dc","BloodPond.Marsicek.2013","LakeSediment","temperature",42.08,-71.96,"positive",NA,NA,FALSE,NA,NA,FALSE,NA,NA,FALSE,NA,NA,FALSE,1
"LPD78d0b77c","GISP2.Kobashi.2012","GlacierIce","temperature",70.6,-38.5,"positive",0.383852547323595,0.0450518725123931,TRUE,0.383852547323595,0.158717229023546,FALSE,0.117423346367268,0.414504945844653,FALSE,0.117423346367268,0.661284952262475,FALSE,68
"LPD7abab671","Ant-DSS.DahlJensen.1999","Borehole","temperature",-66.77,112.807,"positive",NA,NA,FALSE,NA,NA,FALSE,NA,NA,FALSE,NA,NA,FALSE,4
"LPD7abab671-dup","LawDome.Dahl-Jensen.1999","GlacierIce","temperature",-66.7697,112.8069,"positive",NA,NA,FALSE,NA,NA,FALSE,NA,NA,FALSE,NA,NA,FALSE,4
"LPD7c7e19c5","Ocn-GreatBahamaBank.Lund.2006","MarineSediment","temperature",24.765,-79.29,"positive",NA,NA,FALSE,NA,NA,FALSE,NA,NA,FALSE,NA,NA,FALSE,1
"LPD7de8d7c5","GeoB12610-2.Rippert.2015","MarineSediment","temperature",-4.8167,39.4237,"positive",NA,NA,FALSE,NA,NA,FALSE,NA,NA,FALSE,NA,NA,FALSE,0
"LPD7e8e8eaa","Ocn-MD98-2160.Newton.2010","MarineSediment","temperature",-5.2012,117.4867,"positive",NA,NA,FALSE,NA,NA,FALSE,NA,NA,FALSE,NA,NA,FALSE,0
"LPD81e53153","Afr-P178-15P.Tierney.2015","MarineSediment","temperature",11.955,44.3,"positive",NA,NA,FALSE,NA,NA,FALSE,NA,NA,FALSE,NA,NA,FALSE,16
"LPD84ab67b9","Ocn-CapeGhir.McGregor.2007","MarineSediment","temperature",30.845,-10.0983,"positive",-0.393237699859934,0.101317276393655,FALSE,-0.393237699859934,0.276033290796936,FALSE,-0.199215809925704,0.244087036359252,FALSE,-0.199215809925704,0.512169069513141,FALSE,36
"LPD8bd4e07e","Ocn-TantabiddiReefNingaloo.Cooper.2012","Coral","composite",-21.9,113.9667,"positive",-0.00491777960461368,0.968960798855749,FALSE,-0.00491777960461368,0.980153415344182,FALSE,0.0470162677572214,0.699325579972654,FALSE,0.0470162677572214,0.869242036150749,FALSE,75
"LPD8d84bf64","GreatBasin.Salzer.2014","Wood","temperature",38,-116.5,"positive",0.190250691769265,0.136929080366314,FALSE,0.190250691769265,0.323943079969645,FALSE,0.0166537362216661,0.890770144061244,FALSE,0.0166537362216661,0.960141930369094,FALSE,75
"LPD94e74028cc","Leviathan.Lachniet.2014","Speleothem","d18O",37.89,-115.58,"positive",NA,NA,FALSE,NA,NA,FALSE,NA,NA,FALSE,NA,NA,FALSE,16
"LPD995c6f3c","Ocn-WestSpitzberg.Bonnet.2010","MarineSediment","temperature",78.96,5.885,"positive",NA,NA,FALSE,NA,NA,FALSE,NA,NA,FALSE,NA,NA,FALSE,2
"LPD9bb7b0312","HighLake.Shuman.2016","LakeSediment","temperature",44.52,-76.6,"positive",NA,NA,FALSE,NA,NA,FALSE,NA,NA,FALSE,NA,NA,FALSE,1
"LPD9cc3baf6","Turkana.Berke.2012","LakeSediment","temperature",2.7125,36.537,"positive",NA,NA,FALSE,NA,NA,FALSE,NA,NA,FALSE,NA,NA,FALSE,0
"LPD9cc3baf6-dup","Ocn-GulfofGuinea.Weldeab.2007","MarineSediment","temperature",2.5,9.38,"positive",NA,NA,FALSE,NA,NA,FALSE,NA,NA,FALSE,NA,NA,FALSE,0
"LPDa03ec713","Ocn-CH07-98-MC-22.Saenger.2011","MarineSediment","temperature",32.784,-76.276,"positive",NA,NA,FALSE,NA,NA,FALSE,NA,NA,FALSE,NA,NA,FALSE,0
"LPDa0c5bf8a","MSM055_712-2.Werner.2015","MarineSediment","temperature",78.9157,6.7672,"positive",NA,NA,FALSE,NA,NA,FALSE,NA,NA,FALSE,NA,NA,FALSE,0
"LPDa2107e77","Ocn-KNR140‐2‐59GGC.Saenger.2011","MarineSediment","temperature",32.977,-76.316,"positive",NA,NA,FALSE,NA,NA,FALSE,NA,NA,FALSE,NA,NA,FALSE,0
"LPDa4fe7b7faccr","IC16WE30","GlacierIce","accumulation",75.0016,-42.0004,"positive",NA,NA,FALSE,NA,NA,FALSE,0.126744080149821,0.322245501823838,FALSE,0.126744080149821,0.593660611990939,FALSE,63
"LPDa77273bb","Ocn-SouthAtlanticWestAfrica.Leduc.2010","MarineSediment","temperature",-29.14,16.72,"positive",NA,NA,FALSE,NA,NA,FALSE,NA,NA,FALSE,NA,NA,FALSE,1
"LPDaa786707","Ocn-BundegireefNingaloo.Cooper.2012","Coral","composite",-21.8333,114.1833,"positive",0.0456852201063672,0.731132301515105,FALSE,0.0456852201063672,0.865220271870192,FALSE,0.100887275980759,0.419201530783046,FALSE,0.100887275980759,0.662249147820785,FALSE,75
"LPDaf84af37","Deep.Shuman.2016","LakeSediment","temperature",41.74,-69.99,"positive",NA,NA,FALSE,NA,NA,FALSE,NA,NA,FALSE,NA,NA,FALSE,1
"LPDasan2012","Ocn-AlboranSea384B.Nieto-Moreno.2013","MarineSediment","temperature",35.986,-4.7496,"positive",NA,NA,FALSE,NA,NA,FALSE,NA,NA,FALSE,NA,NA,FALSE,9
"LPDb17a5e9e","GreatBasin.Salzer.2014","Wood","uncertaintyLow",38,-116.5,NA,0.189826259124563,0.137823774787825,FALSE,0.189826259124563,0.323943079969645,FALSE,0.0160041581839655,0.895006066576416,FALSE,0.0160041581839655,0.960141930369094,FALSE,75
"LPDb17a5e9e-dup","Ocn-RAPiD-12-1K.Thornalley.2009","MarineSediment","temperature",62.08,-17.82,"positive",NA,NA,FALSE,NA,NA,FALSE,NA,NA,FALSE,NA,NA,FALSE,0
"LPDb676e71d","KaiteCobreMayor.MartinChivelet.2011","Speleothem","temperature",42.7918,-3.8496,"positive",0.293450738438323,0.169331342689457,FALSE,0.293450738438323,0.364182241237145,FALSE,0.182866125348942,0.381611165950265,FALSE,0.182866125348942,0.638928135378007,FALSE,25
"LPDb7290ea4_iso2k","MS09TRFD","MarineSediment","temperature",55.5,-13.9,"positive",NA,NA,FALSE,NA,NA,FALSE,NA,NA,FALSE,NA,NA,FALSE,6
"LPDb7ba9166","Ocn-TagusMudPatch.Abrantes.2005","MarineSediment","temperature",38.556,-9.3498,"positive",-0.098515131963731,0.687984767776964,FALSE,-0.098515131963731,0.830186343793856,FALSE,-0.154162758017213,0.490385098311872,FALSE,-0.154162758017213,0.719308947523812,FALSE,37
"LPDb9285123","Ant-WAIS-Divide.Severinghaus.2012","Borehole","temperature",-79.463,-112.125,"positive",0.461662209926361,0.178110168928992,FALSE,0.461662209926361,0.373909361484494,FALSE,-0.0818551665382366,0.685987313066185,FALSE,-0.0818551665382366,0.864053541766439,FALSE,29
"LPDbd07f717","Ocn-ODP984.Came.2007","MarineSediment","temperature",61.43,-24.085,"positive",NA,NA,FALSE,NA,NA,FALSE,NA,NA,FALSE,NA,NA,FALSE,0
"LPDc9f78438dp","Core17940","MarineSediment","temperature",20.1,117.4,"positive",NA,NA,FALSE,NA,NA,FALSE,NA,NA,FALSE,NA,NA,FALSE,1
"LPDcda1c277","Ocn-CariacoBasin.Lea.2003","MarineSediment","temperature",10.7,-64.94,"positive",NA,NA,FALSE,NA,NA,FALSE,NA,NA,FALSE,NA,NA,FALSE,0
"LPDce0e7640","P178-15P.Tierney.2015","MarineSediment","temperature",11.955,44.3,"positive",NA,NA,FALSE,NA,NA,FALSE,NA,NA,FALSE,NA,NA,FALSE,1
"LPDd23545f9","TTR-12_293G.Rodrigo-Gamiz.2014","MarineSediment","temperature",36.1736,-2.7547,"positive",NA,NA,FALSE,NA,NA,FALSE,NA,NA,FALSE,NA,NA,FALSE,0
"LPDd2a984fe","AMP112.vanderBilt.2016","LakeSediment","temperature",79.77,10.74,"positive",NA,NA,FALSE,NA,NA,FALSE,NA,NA,FALSE,NA,NA,FALSE,0
"LPDd2e3a924","TTR-12_293G.Rodrigo-Gamiz.2014","MarineSediment","temperature",36.1736,-2.7547,"positive",NA,NA,FALSE,NA,NA,FALSE,NA,NA,FALSE,NA,NA,FALSE,0
"LPDdc74a376","Asi-SihailongwaLake.Chu.2011","LakeSediment","temperature",42.17,126.36,"positive",NA,NA,FALSE,NA,NA,FALSE,NA,NA,FALSE,NA,NA,FALSE,7
"LPDe1fb72db-dup","Ocn-ClerkeReefRowleyShoals.Cooper.2012","Coral","composite",-17.2667,119.3667,"positive",0.186352921712442,0.109418029472595,FALSE,0.186352921712442,0.284533808110376,FALSE,0.302767292956596,0.0082837030806966,TRUE,0.302767292956596,0.08381075524269,TRUE,75
"LPDe1fb72db-dup_lev","Leviathan.Lachniet.2014","Speleothem","d18O",37.89,-115.58,"positive",NA,NA,FALSE,NA,NA,FALSE,NA,NA,FALSE,NA,NA,FALSE,1
"LPDe51d17e8","Ocn-CariacoBasin.Black.2007","MarineSediment","temperature",10.77,-64.77,"positive",0.33042593099266,0.0243256101614872,TRUE,0.33042593099266,0.106511421635654,FALSE,0.324140066236649,0.0158376798537511,TRUE,0.324140066236649,0.116708617017523,FALSE,60
"LPDefb3d2b0","Ocn-GreatBahamaBank.Richter.2006","MarineSediment","temperature",24.58,-79.26,"positive",NA,NA,FALSE,NA,NA,FALSE,NA,NA,FALSE,NA,NA,FALSE,2
"LPDf7bace53","Ocn-DryTortugas.Lund.2006","MarineSediment","temperature",24.59,-83.58,"positive",NA,NA,FALSE,NA,NA,FALSE,NA,NA,FALSE,NA,NA,FALSE,1
"LS00WODE","LS00WODE","LakeSediment","d18O",69.23,86.57,"positive",NA,NA,FALSE,NA,NA,FALSE,NA,NA,FALSE,NA,NA,FALSE,0
"LS96VOAM01","Ammersee.vonGrafenstein.1996","LakeSediment","d18O",48,11.1167,"positive",NA,NA,FALSE,NA,NA,FALSE,NA,NA,FALSE,NA,NA,FALSE,15
"LS96VOAM01_iso2k","LS96VOAM","LakeSediment","d18O",47.1,11.0166,"positive",NA,NA,FALSE,NA,NA,FALSE,NA,NA,FALSE,NA,NA,FALSE,15
"M2L2322dg93P","Cranberry.McAndrews.NA","LakeSediment","temperature",44.1,-78.1,"positive",NA,NA,FALSE,NA,NA,FALSE,NA,NA,FALSE,NA,NA,FALSE,2
"M2L7p5fn09cP","Moon.Grimm.1996","LakeSediment","temperature",46.86,-98.16,"positive",NA,NA,FALSE,NA,NA,FALSE,NA,NA,FALSE,NA,NA,FALSE,4
"M2La3lgwa79P","ClearLakeIN.Bailey.1972","LakeSediment","temperature",41.64,-86.54,"positive",NA,NA,FALSE,NA,NA,FALSE,NA,NA,FALSE,NA,NA,FALSE,1
"M2LbakiygplP","Moon.Grimm.1996","LakeSediment","temperature",46.86,-98.16,"positive",NA,NA,FALSE,NA,NA,FALSE,NA,NA,FALSE,NA,NA,FALSE,4
"M2Leb83o3ngP","DevonIslandGlacier.McAndrews.1984","LakeSediment","temperature",75.35,-82.5,"positive",NA,NA,FALSE,NA,NA,FALSE,NA,NA,FALSE,NA,NA,FALSE,2
"M2Lgb6c2jm2P","BeefPasture.Petersen.1985","LakeSediment","temperature",37.47,-108.16,"positive",NA,NA,FALSE,NA,NA,FALSE,NA,NA,FALSE,NA,NA,FALSE,4
"M2Lmj0qhtsrP","Billys.Jacobson.1975","LakeSediment","temperature",46.27,-94.55,"positive",NA,NA,FALSE,NA,NA,FALSE,NA,NA,FALSE,NA,NA,FALSE,1
"M2Ln0os2orwP","DevonIslandGlacier.McAndrews.1984","LakeSediment","temperature",75.35,-82.5,"positive",NA,NA,FALSE,NA,NA,FALSE,NA,NA,FALSE,NA,NA,FALSE,2
"M2Loy7jz53zP","Cranberry.McAndrews.NA","LakeSediment","temperature",44.1,-78.1,"positive",NA,NA,FALSE,NA,NA,FALSE,NA,NA,FALSE,NA,NA,FALSE,2
"M2Loyk9yzdgP","BeefPasture.Petersen.1985","LakeSediment","temperature",37.47,-108.16,"positive",NA,NA,FALSE,NA,NA,FALSE,NA,NA,FALSE,NA,NA,FALSE,4
"M2Lp7ovi4zuP","DevonIslandGlacier.McAndrews.1984","LakeSediment","temperature",75.35,-82.5,"positive",NA,NA,FALSE,NA,NA,FALSE,NA,NA,FALSE,NA,NA,FALSE,2
"M2Lqditl4qyP","Billys.Jacobson.1975","LakeSediment","temperature",46.27,-94.55,"positive",NA,NA,FALSE,NA,NA,FALSE,NA,NA,FALSE,NA,NA,FALSE,1
"M2Lr1vurcfcP","ClearLakeIN.Bailey.1972","LakeSediment","temperature",41.64,-86.54,"positive",NA,NA,FALSE,NA,NA,FALSE,NA,NA,FALSE,NA,NA,FALSE,1
"M2Lrb7axgd8P","BeefPasture.Petersen.1985","LakeSediment","temperature",37.47,-108.16,"positive",NA,NA,FALSE,NA,NA,FALSE,NA,NA,FALSE,NA,NA,FALSE,4
"M2Lsn8ueflfP","Billys.Jacobson.1975","LakeSediment","temperature",46.27,-94.55,"positive",NA,NA,FALSE,NA,NA,FALSE,NA,NA,FALSE,NA,NA,FALSE,1
"M2Lsys9r95jP","Moon.Grimm.1996","LakeSediment","temperature",46.86,-98.16,"positive",NA,NA,FALSE,NA,NA,FALSE,NA,NA,FALSE,NA,NA,FALSE,4
"M2Ltp1i0aflP","Cranberry.McAndrews.NA","LakeSediment","temperature",44.1,-78.1,"positive",NA,NA,FALSE,NA,NA,FALSE,NA,NA,FALSE,NA,NA,FALSE,2
"M2Lypiizu4hP","ClearLakeIN.Bailey.1972","LakeSediment","temperature",41.64,-86.54,"positive",NA,NA,FALSE,NA,NA,FALSE,NA,NA,FALSE,NA,NA,FALSE,1
"Malawi05","Afr-LakeMalawi.Powers.2011","LakeSediment","temperature",-10.0033,34.2883,"positive",NA,NA,FALSE,NA,NA,FALSE,NA,NA,FALSE,NA,NA,FALSE,7
"MS14CCBC02","MS15VIBC","MarineSediment","d18O",-32.5052,-50.2427,"positive",NA,NA,FALSE,NA,NA,FALSE,NA,NA,FALSE,NA,NA,FALSE,3
"NAm_004","NAm-CarltonRidge.Kipfmuller.2008","Wood","trsgi",46.7,-114.2,"positive",0.00343815012025335,0.977749376403707,FALSE,0.00343815012025335,0.983593105611843,FALSE,0.0772037639714348,0.523330404117818,FALSE,0.0772037639714348,0.751604455101924,FALSE,73
"NAm_016","NAm-FremontGlacier.Hill.0","Wood","trsgi",43,-109.6,"positive",0.269205908816188,0.0339930570399956,TRUE,0.269205908816188,0.135310025750112,FALSE,0.175543695411849,0.14495290377824,FALSE,0.175543695411849,0.387446315538537,FALSE,75
"NAm_028","NAm-GreatBasin.Salzer.2013","Wood","trsgi",37,-116.5,"positive",0.00605298547112447,0.959583919609251,FALSE,0.00605298547112447,0.975497417446884,FALSE,-0.0996574554060996,0.395535457245298,FALSE,-0.0996574554060996,0.651160766050106,FALSE,75
"NAm_040","NAm-SanFrancisoPeaksUpdate.Graybill.2005","Wood","trsgi",35.3,-111.4,"positive",0.242609823937634,0.0519770105246656,FALSE,0.242609823937634,0.172226526765514,FALSE,0.154288649076049,0.204380145260105,FALSE,0.154288649076049,0.468560407096315,FALSE,75
"NAm_052","NAm-SiberianOutpostView.Bunn.2010","Wood","trsgi",36.5,-118.3,"positive",-0.0302847647254443,0.804323462181489,FALSE,-0.0302847647254443,0.910503652630773,FALSE,-0.0143518933156272,0.904060520594437,FALSE,-0.0143518933156272,0.961535158501644,FALSE,75
"NAm_064","NAm-HerringAlpine.Fritts.1995","Wood","trsgi",60.4,-147.8,"positive",0.172607276825385,0.281759759664372,FALSE,0.172607276825385,0.496318197339829,FALSE,0.281390358576871,0.0795619389149986,FALSE,0.281390358576871,0.289699059931671,FALSE,47
"NAm_088","NAm-DenaliNationalPark.Schweingruber.1996","Wood","MXD",63.7,-149.6,"positive",0.26655492571577,0.0431158597953579,TRUE,0.26655492571577,0.155611750860234,FALSE,0.247438706327485,0.061116594221054,FALSE,0.247438706327485,0.245656959888522,FALSE,58
"NAm_1012","NAm-LacRomanel.Schweingruber.1996","Wood","trsgi",56.2,-67.7,"positive",-0.159445724234709,0.211949821329802,FALSE,-0.159445724234709,0.41509661493664,FALSE,-0.208719625443972,0.100668410398804,FALSE,-0.208719625443972,0.335637865243305,FALSE,63
"NAm_1024","NAm-LacRomanel.Schweingruber.1996","Wood","MXD",56.2,-67.7,"positive",0.318192828527361,0.0121344013680622,TRUE,0.318192828527361,0.0743838803862215,TRUE,0.33999954621392,0.0074125328713478,TRUE,0.33999954621392,0.0819349615600766,TRUE,63
"NAm_1072","NAm-DonJekRiverBridge.Schweingruber.1996","Wood","MXD",61.7,-139.7,"positive",0.0129695993821711,0.929682938617947,FALSE,0.0129695993821711,0.96429042533469,FALSE,-0.0107427841463743,0.941933850689757,FALSE,-0.0107427841463743,0.973306445246152,FALSE,58
"NAm_1108","NAm-SmithersSkiArea.Schweingruber.1996","Wood","trsgi",54.9,-127.3,"positive",-0.0109029744083121,0.944560482697588,FALSE,-0.0109029744083121,0.969875336505228,FALSE,-0.0455796861332889,0.761785764312886,FALSE,-0.0455796861332889,0.898005923825536,FALSE,58
"NAm_1120","NAm-SmithersSkiArea.Schweingruber.1996","Wood","MXD",54.9,-127.3,"positive",0.400926582275607,0.00221058146928491,TRUE,0.400926582275607,0.0276548253198295,TRUE,0.407776898440968,0.00148670533962833,TRUE,0.407776898440968,0.0284914288846152,TRUE,58
"NAm_1168","NAm-BellMountain.Schweingruber.1996","Wood","MXD",53.3,-120.7,"positive",0.247737690640761,0.0632707587690705,FALSE,0.247737690640761,0.196878046322032,FALSE,0.251084631152871,0.0572815438205397,FALSE,0.251084631152871,0.236381837499427,FALSE,58
"NAm_1204","NAm-SunwaptaPass.Schweingruber.1996","Wood","trsgi",52.3,-117,"positive",-0.219607392832472,0.103860737627834,FALSE,-0.219607392832472,0.280469745224062,FALSE,-0.214095570239304,0.119314259296745,FALSE,-0.214095570239304,0.361907996887141,FALSE,58
"NAm_1216","NAm-SunwaptaPass.Schweingruber.1996","Wood","MXD",52.3,-117,"positive",0.081598920096889,0.542572353501875,FALSE,0.081598920096889,0.723281165170149,FALSE,0.0776157661725711,0.562514153118393,FALSE,0.0776157661725711,0.782423221651101,FALSE,58
"NAm_1240","NAm-PeytoLake.Schweingruber.1996","Wood","MXD",51.8,-116.2,"positive",0.258099979936557,0.0504505518677204,FALSE,0.258099979936557,0.169836318485073,FALSE,0.251768766917082,0.0565840953559357,FALSE,0.251768766917082,0.236381837499427,FALSE,58
"NAm_1312","NAm-VancouverCyprusProvincialPark.Briffa.1996","Wood","MXD",49.4,-123.1,"positive",0.300658218358398,0.0220895940181124,TRUE,0.300658218358398,0.100183176852071,FALSE,0.312313006985263,0.016997330951187,TRUE,0.312313006985263,0.118585817404005,FALSE,58
"NAm_1360","NAm-ArrowsmithMountain.Briffa.1996","Wood","MXD",49.2,-125.2,"positive",0.331574589350678,0.0110190092174446,TRUE,0.331574589350678,0.0682288146494299,TRUE,0.315990198942103,0.0156870269137529,TRUE,0.315990198942103,0.116708617017523,FALSE,58
"NAm_1384","NAm-BigWhite.Parish.2000","Wood","trsgi",49.9,-118.9,"positive",0.330344514693379,0.00732086168135041,TRUE,0.330344514693379,0.0527963318902094,TRUE,0.305379084804141,0.0122257706608617,TRUE,0.305379084804141,0.104160657371102,FALSE,73
"NAm_1396","NAm-CoppermineRiver.Jacoby.1989","Wood","trsgi",67.2,-115.9,"positive",-0.0637717770153231,0.660596375288598,FALSE,-0.0637717770153231,0.811514184472766,FALSE,-0.105218400498079,0.457868800619172,FALSE,-0.105218400498079,0.692960360839284,FALSE,52
"NAm_1408","NAm-HornbyCabin.Jacoby.1989","Wood","trsgi",64,-103.9,"positive",-0.0492379744472976,0.711131613020105,FALSE,-0.0492379744472976,0.853079606225683,FALSE,0.130779078754243,0.324376781129035,FALSE,0.130779078754243,0.595813731510007,FALSE,59
"NAm_1420","NAm-TwistedTreeHeartrotHill.Jacoby.1989","Wood","trsgi",65,-138.3,"positive",0.0685160023755648,0.669189612845283,FALSE,0.0685160023755648,0.815533265753795,FALSE,-0.0879883752794116,0.577811996022974,FALSE,-0.0879883752794116,0.791295631721727,FALSE,50
"NAm_1432","NAm-Bonif.Schweingruber.1996","Wood","trsgi",55.3,-77.8,"positive",0.261300893881161,0.0370156583392292,TRUE,0.261300893881161,0.140586508124802,FALSE,0.17028658549535,0.178530935907483,FALSE,0.17028658549535,0.43337509539895,FALSE,64
"NAm_1444","NAm-Bonif.Schweingruber.1996","Wood","MXD",55.3,-77.8,"positive",0.431921103248389,0.000380603469249799,TRUE,0.431921103248389,0.010132673277297,TRUE,0.434135233618358,0.000362127293123566,TRUE,0.434135233618358,0.00862141517090336,TRUE,64
"NAm_1468","NAm-Athabasca.Schweingruber.1996","Wood","MXD",51.4,-117.3,"positive",-0.0128472902175696,0.918565693479203,FALSE,-0.0128472902175696,0.962293386988549,FALSE,-0.000839471850494328,0.994662515462379,FALSE,-0.000839471850494328,0.996272001733354,FALSE,66
"NAm_148","NAm-EurekaSummit.Schweingruber.1996","Wood","trsgi",61.8,-147.3,"positive",0.125701623780281,0.377183910878884,FALSE,0.125701623780281,0.591556219772104,FALSE,0.118361007894593,0.4084089175087,FALSE,0.118361007894593,0.661284952262475,FALSE,58
"NAm_1564","NAm-MedusaBay.Buckley.2003","Wood","trsgi",56.9,-61.5,"positive",0.0772623314957571,0.542541569260887,FALSE,0.0772623314957571,0.723281165170149,FALSE,0.0624456541504024,0.622999282041556,FALSE,0.0624456541504024,0.822611518486283,FALSE,72
"NAm_1576","NAm-MeadowMountain.Wilson.2005","Wood","trsgi",50.2,-117.1,"positive",-0.0419526550907813,0.742907501118777,FALSE,-0.0419526550907813,0.86899858733817,FALSE,0.0103517298437849,0.93429867764988,FALSE,0.0103517298437849,0.973306445246152,FALSE,72
"NAm_1588","NAm-MeadowMountain.Wilson.2005","Wood","MXD",50.2,-117.1,"positive",0.248322234428869,0.0354419070799889,TRUE,0.248322234428869,0.138811492191957,FALSE,0.276257317992823,0.0188234965468784,TRUE,0.276257317992823,0.123954727260827,FALSE,72
"NAm_160","NAm-EurekaSummit.Schweingruber.1996","Wood","MXD",61.8,-147.3,"positive",0.150372948141205,0.259870474053511,FALSE,0.150372948141205,0.468531178220007,FALSE,0.158912886787335,0.23346200765397,FALSE,0.158912886787335,0.500044922968192,FALSE,58
"NAm_1600","NAm-Ymir.Wilson.2005","Wood","trsgi",49.4,-117.2,"positive",0.116275640456892,0.346437082057001,FALSE,0.116275640456892,0.572414909166959,FALSE,0.115782294024411,0.346209242392639,FALSE,0.115782294024411,0.616520343887044,FALSE,72
"NAm_1636","NAm-ParkMountain.Wilson.2005","Wood","trsgi",50.6,-118.6,"positive",-0.0856412873532047,0.494422001581575,FALSE,-0.0856412873532047,0.688819743112513,FALSE,-0.0487590909683932,0.694085788251589,FALSE,-0.0487590909683932,0.868012543057824,FALSE,72
"NAm_1648","NAm-ParkMountain.Wilson.2005","Wood","MXD",50.6,-118.6,"positive",0.174797797517761,0.14194599104256,FALSE,0.174797797517761,0.32705338456999,FALSE,0.218728473126476,0.0649051404353552,FALSE,0.218728473126476,0.254631389295553,FALSE,72
"NAm_1660","NAm-BigWhite2.Wilson.2005","Wood","trsgi",49.7,-118.9,"positive",0.0848416359322875,0.487202451689692,FALSE,0.0848416359322875,0.687532089145873,FALSE,0.110243756544749,0.363608892253544,FALSE,0.110243756544749,0.623473419127269,FALSE,72
"NAm_1672","NAm-BigWhite2.Wilson.2005","Wood","MXD",49.7,-118.9,"positive",0.35621892630907,0.00213245774357841,TRUE,0.35621892630907,0.027233262433616,TRUE,0.353465049478893,0.0023211850134138,TRUE,0.353465049478893,0.0359203380825785,TRUE,72
"NAm_1708","NAm-CornwallHills.Wilson.2005","Wood","trsgi",50.7,-121.5,"positive",-0.0774206000169279,0.527194467237569,FALSE,-0.0774206000169279,0.713400018579756,FALSE,-0.097083694513919,0.425226498867798,FALSE,-0.097083694513919,0.666367602023208,FALSE,72
"NAm_172","NAm-SettlementPointAfognakIsland.Harlan.1998","Wood","trsgi",58.1,-152.7,"positive",0.170168943669405,0.264019823568854,FALSE,0.170168943669405,0.471848839206145,FALSE,0.196028507782471,0.187919745505647,FALSE,0.196028507782471,0.446670944585743,FALSE,71
"NAm_1720","NAm-CornwallHills.Wilson.2005","Wood","MXD",50.7,-121.5,"positive",0.172474852087693,0.147402893257702,FALSE,0.172474852087693,0.334659161359154,FALSE,0.188284862189764,0.113218531783901,FALSE,0.188284862189764,0.352172216955954,FALSE,72
"NAm_1744","NAm-IttyhaukBay.D'Arrigo.2011","Wood","trsgi",56,-61,"positive",-0.111987098710628,0.365365856486987,FALSE,-0.111987098710628,0.589207986339393,FALSE,-0.150167104646663,0.215696811034567,FALSE,-0.150167104646663,0.480723262956869,FALSE,73
"NAm_1816","NAm-EagleFecal_PtarmiganMerge.Jacoby.2011","Wood","MXD",69.5,-127.8,"positive",-0.152691615393289,0.230642777844942,FALSE,-0.152691615393289,0.439816744420991,FALSE,-0.0799529907878691,0.519325500527088,FALSE,-0.0799529907878691,0.749329801459831,FALSE,68
"NAm_1828","NAm-Manitoba.D'Arrigo.2006","Wood","trsgi",58,-94,"positive",0.119175297388108,0.377251045621014,FALSE,0.119175297388108,0.591556219772104,FALSE,0.0256529746459696,0.849766772662519,FALSE,0.0256529746459696,0.94435481558007,FALSE,57
"NAm_184","NAm-MinersWell.Wiles.2000","Wood","trsgi",60,-141.7,"positive",0.436306006950027,0.0035528364475556,TRUE,0.436306006950027,0.0347421867085747,TRUE,0.465973475657842,0.00151892916509257,TRUE,0.465973475657842,0.0284914288846152,TRUE,70
"NAm_1840","NAm-Bennington.Luckman.2013","Wood","trsgi",52.7,-118.3,"positive",-0.019524492452773,0.887034133026028,FALSE,-0.019524492452773,0.950615250952719,FALSE,0.00948919500730005,0.943500006352436,FALSE,0.00948919500730005,0.973306445246152,FALSE,71
"NAm_1852","NAm-FrenchGlacier.Colenutt.1995","Wood","trsgi",50.8,-115.3,"positive",-0.0426413579273061,0.74373150873924,FALSE,-0.0426413579273061,0.86899858733817,FALSE,-0.0397536110324859,0.758011576144996,FALSE,-0.0397536110324859,0.897149456278685,FALSE,68
"NAm_1876","NAm-Landslide.Luckman.2006","Wood","trsgi",60.2,-138.5,"positive",0.159658288489916,0.211251263656754,FALSE,0.159658288489916,0.41505456609484,FALSE,0.179361501050206,0.153957639056966,FALSE,0.179361501050206,0.397045218017454,FALSE,75
"NAm_1924","NAm-BlanchardRiver.Luckman.2013","Wood","trsgi",59.9,-136.8,"positive",-0.151993181012311,0.259631050614844,FALSE,-0.151993181012311,0.468531178220007,FALSE,-0.158707592652742,0.236865640913956,FALSE,-0.158707592652742,0.503848218988792,FALSE,75
"NAm_1936","NAm-Nadahini.Luckman.2013","Wood","trsgi",59.8,-136.6,"positive",-0.113155185442389,0.38977317311146,FALSE,-0.113155185442389,0.595356615949524,FALSE,-0.104998919630825,0.406339265004045,FALSE,-0.104998919630825,0.66016799222442,FALSE,75
"NAm_196","NAm-CanyonCreek.Lloyd.2002","Wood","trsgi",63.3,-147.8,"positive",0.13519588182365,0.312409607682388,FALSE,0.13519588182365,0.53643442439581,FALSE,0.101432928313234,0.429289899000653,FALSE,0.101432928313234,0.6710364835389,FALSE,72
"NAm_1972","NAm-RockGlacierYukon.Kenigsberg.2013","Wood","trsgi",61.4,-128.4,"positive",-0.197644137291114,0.167353687689214,FALSE,-0.197644137291114,0.361224685047494,FALSE,-0.0314180567077577,0.809620263216532,FALSE,-0.0314180567077577,0.918974777757022,FALSE,75
"NAm_1996","NAm-SnakeCreek.Kenigsberg.2013","Wood","trsgi",59.6,-133.4,"positive",0.123822149947625,0.38684424573073,FALSE,0.123822149947625,0.595356615949524,FALSE,0.180166730875328,0.189781031382957,FALSE,0.180166730875328,0.446670944585743,FALSE,74
"NAm_2008","NAm-Sugarloaf.Kenigsberg.2013","Wood","trsgi",60.1,-134.4,"positive",0.0208676373309115,0.880640289548806,FALSE,0.0208676373309115,0.950615250952719,FALSE,0.146763743452225,0.260470402350096,FALSE,0.146763743452225,0.527678516389932,FALSE,75
"NAm_2056","NAm-SunshineMeadows.Colenutt.1995","Wood","MXD",51.1,-115.8,"positive",0.166852759329423,0.203347510706806,FALSE,0.166852759329423,0.404845189343176,FALSE,0.24637134752562,0.0535672745692573,FALSE,0.24637134752562,0.231875125583009,FALSE,62
"NAm_2068","NAm-AthabascaGlacier2.Luckman.2005","Wood","trsgi",52.2,-117.2,"positive",-0.266141080592537,0.0446949058747489,FALSE,-0.266141080592537,0.15854789841492,FALSE,-0.304898333236257,0.0214299425391804,FALSE,-0.304898333236257,0.136753963213945,FALSE,62
"NAm_2080","NAm-AthabascaGlacier2.Luckman.2005","Wood","MXD",52.2,-117.2,"positive",-0.0287007605009283,0.814907961401436,FALSE,-0.0287007605009283,0.910503652630773,FALSE,0.0590479157157049,0.629842149520655,FALSE,0.0590479157157049,0.826000615578995,FALSE,69
"NAm_2092","NAm-Bennington.Luckman.2001","Wood","trsgi",52.7,-118.3,"positive",-0.0542213858396887,0.665522869547536,FALSE,-0.0542213858396887,0.814302433198881,FALSE,-0.0753715604336036,0.543960302118183,FALSE,-0.0753715604336036,0.770506697966031,FALSE,71
"NAm_2116","NAm-BowSummit-PeytoLake.Luckman.2005","Wood","trsgi",51.7,-116.5,"positive",-0.0212158040775593,0.865738007069069,FALSE,-0.0212158040775593,0.940952833924361,FALSE,-0.119018245919003,0.325570153479972,FALSE,-0.119018245919003,0.59623646450918,FALSE,75
"NAm_2128","NAm-CardinalDivide.Luckman.2001","Wood","trsgi",52.9,-117.3,"positive",-0.195021349173149,0.149229881465348,FALSE,-0.195021349173149,0.335924707072274,FALSE,-0.191707299653084,0.153733921918578,FALSE,-0.191707299653084,0.397045218017454,FALSE,65
"NAm_2152","NAm-GeraldineLakes.Luckman.2001","Wood","trsgi",52.6,-117.9,"positive",-0.208916469858337,0.110116166689378,FALSE,-0.208916469858337,0.28481523282949,FALSE,-0.188783653933053,0.146465973886943,FALSE,-0.188783653933053,0.387446315538537,FALSE,65
"NAm_2164","NAm-HighwoodPass.Luckman.2001","Wood","trsgi",50.6,-115,"positive",-0.15319922082993,0.237524239777419,FALSE,-0.15319922082993,0.446633003017049,FALSE,-0.15050401530771,0.24668877663338,FALSE,-0.15050401530771,0.513884691937682,FALSE,62
"NAm_2176","NAm-Hilda.Kavanagh.2000","Wood","trsgi",52.2,-117.2,"positive",-0.181816995073091,0.157545083066644,FALSE,-0.181816995073091,0.34614744057295,FALSE,-0.17388719093864,0.165120432090266,FALSE,-0.17388719093864,0.414276565381714,FALSE,75
"NAm_220","NAm-KobukNoatak.King.2003","Wood","trsgi",67.1,-159.6,"positive",0.103066087841457,0.453764578139655,FALSE,0.103066087841457,0.663012105373497,FALSE,0.116553626709857,0.393655035295782,FALSE,0.116553626709857,0.650894640734445,FALSE,67
"NAm_2212","NAm-Nakiska.Luckman.2001","Wood","trsgi",50.9,-115.2,"positive",-0.182469503125923,0.161958922451798,FALSE,-0.182469503125923,0.353312524779189,FALSE,-0.215519147592671,0.0953810782970995,FALSE,-0.215519147592671,0.323497500131612,FALSE,62
"NAm_2236","NAm-PyramidMountain.Luckman.2001","Wood","trsgi",53,-118.2,"positive",-0.272508463339321,0.0338433004429767,FALSE,-0.272508463339321,0.135310025750112,FALSE,-0.246761653038774,0.0519928417484367,FALSE,-0.246761653038774,0.228416508393595,FALSE,65
"NAm_2260","NAm-SignalMountain.Luckman.2001","Wood","trsgi",52.9,-118,"positive",-0.22913640674742,0.0809774466503922,FALSE,-0.22913640674742,0.231958760732198,FALSE,-0.208973167806486,0.109338293309368,FALSE,-0.208973167806486,0.345308181420912,FALSE,65
"NAm_2272","NAm-SmallRiver.Luckman.2001","Wood","trsgi",53.2,-119.5,"positive",-0.153937008532735,0.271919705479368,FALSE,-0.153937008532735,0.484554591450153,FALSE,-0.112262618459931,0.414029578649081,FALSE,-0.112262618459931,0.661284952262475,FALSE,64
"NAm_2308","NAm-SurpriseValley.Luckman.2001","Wood","trsgi",52.8,-117.7,"positive",-0.210542794437397,0.106180964225487,FALSE,-0.210542794437397,0.280644196926474,FALSE,-0.188632128337226,0.145329592690429,FALSE,-0.188632128337226,0.387446315538537,FALSE,65
"NAm_232","NAm-AlmondButterLower.D'Arrigo.2005","Wood","trsgi",65.2,-162.2,"positive",0.068435130277794,0.594745980400254,FALSE,0.068435130277794,0.76271817151748,FALSE,0.00385503159350386,0.975430308905644,FALSE,0.00385503159350386,0.983373552463508,FALSE,75
"NAm_2392","NAm-Arapahoe.Kienast.1996","Wood","MXD",40.1,-105.6,"positive",0.211696685365062,0.11391437601395,FALSE,0.211696685365062,0.287111725070915,FALSE,0.199868151641731,0.136059488565244,FALSE,0.199868151641731,0.384569969962949,FALSE,57
"NAm_244","NAm-AlmondButterUpper.D'Arrigo.2005","Wood","trsgi",65.2,-162.2,"positive",0.00905420934222976,0.943926378809092,FALSE,0.00905420934222976,0.969875336505228,FALSE,-0.00532858460514957,0.966395651575466,FALSE,-0.00532858460514957,0.97847677225095,FALSE,75
"NAm_2464","NAm-RedMountainPassSilverton.Graybill.1994","Wood","MXD",37.9,-107.7,"positive",0.362311200890402,0.00532357917789284,TRUE,0.362311200890402,0.0433767697936894,TRUE,0.363372768380971,0.00505271238092758,TRUE,0.363372768380971,0.0601467108421956,TRUE,58
"NAm_2476","NAm-PikePeaks.Harlan.1996","Wood","trsgi",39.3,-105,"positive",-0.12179029369511,0.36769355822277,FALSE,-0.12179029369511,0.589207986339393,FALSE,-0.130102834656431,0.3477531481925,FALSE,-0.130102834656431,0.616788535046297,FALSE,58
"NAm_2488","NAm-PikePeaks.Harlan.1996","Wood","MXD",39.3,-105,"positive",0.131473498479759,0.330093794275498,FALSE,0.131473498479759,0.557431118156696,FALSE,0.120640979452575,0.382721358680937,FALSE,0.120640979452575,0.638928135378007,FALSE,58
"NAm_2500","NAm-CottonwoodPass.Briffa.1996","Wood","trsgi",38.7,-107.6,"positive",-0.183834242355708,0.175128966832215,FALSE,-0.183834242355708,0.371467324111239,FALSE,-0.173920625947569,0.209995704481309,FALSE,-0.173920625947569,0.473938684760479,FALSE,57
"NAm_2512","NAm-CottonwoodPass.Briffa.1996","Wood","MXD",38.7,-107.6,"positive",0.276612789153917,0.037256140596387,TRUE,0.276612789153917,0.140586508124802,FALSE,0.266727561555193,0.0448955956464189,TRUE,0.266727561555193,0.213772105424102,FALSE,57
"NAm_256","NAm-BurntOver.D'Arrigo.2005","Wood","trsgi",65.2,-162.3,"positive",0.107265709860438,0.413024353610294,FALSE,0.107265709860438,0.614524098939588,FALSE,0.034440674671828,0.786203622134175,FALSE,0.034440674671828,0.914774515227546,FALSE,75
"NAm_2560","NAm-FoolCreek.Brown.2005","Wood","trsgi",39.9,-105.9,"positive",-0.24301567103576,0.0508148455522531,FALSE,-0.24301567103576,0.169836318485073,FALSE,-0.241782986193302,0.057055531621082,FALSE,-0.241782986193302,0.236381837499427,FALSE,67
"NAm_2572","NAm-FoolCreek.Brown.2005","Wood","MXD",39.9,-105.9,"positive",0.115849057857999,0.354281842194117,FALSE,0.115849057857999,0.583665706557551,FALSE,0.127769883694967,0.310049670747613,FALSE,0.127769883694967,0.576338577155473,FALSE,68
"NAm_2596","NAm-CameronPass.Bigler.2007","Wood","trsgi",40.6,-105.8,"positive",0.0866043279312037,0.517250677041918,FALSE,0.0866043279312037,0.706555855557063,FALSE,-0.0898175278394834,0.472506085212264,FALSE,-0.0898175278394834,0.704830561879402,FALSE,75
"NAm_2632","NAm-GalenaPassSawtooth.Briffa.1996","Wood","MXD",43.9,-114.7,"positive",0.179679199085316,0.177149350579015,FALSE,0.179679199085316,0.373170281460262,FALSE,0.182028171786773,0.171448665485704,FALSE,0.182028171786773,0.426211742713458,FALSE,58
"NAm_2656","NAm-SleepingDeerRoad.Hughes.2005","Wood","trsgi",44.6,-114.5,"positive",-0.116213470964197,0.335144877340817,FALSE,-0.116213470964197,0.560138225935285,FALSE,-0.0987425680249827,0.411344646805709,FALSE,-0.0987425680249827,0.661284952262475,FALSE,72
"NAm_2668","NAm-SleepingDeerRoad.Hughes.2005","Wood","MXD",44.6,-114.5,"positive",0.282298834662951,0.0162812437586046,TRUE,0.282298834662951,0.08386892793298,TRUE,0.305826759408989,0.0089875751429536,TRUE,0.305826759408989,0.0869267033357543,TRUE,72
"NAm_2704","NAm-ElephantMountain.Conkey.1994","Wood","MXD",44.8,-70.8,"positive",0.445929253138786,0.00158963954552831,TRUE,0.445929253138786,0.0232011676525918,TRUE,0.496794578508363,0.00021498283703827,TRUE,0.496794578508363,0.00578584244029084,TRUE,52
"NAm_2716","NAm-LaTasajera.Biondi.2001","Wood","trsgi",31,-115.5,"positive",0.323455233726724,0.0170889047312329,TRUE,0.323455233726724,0.0872958216687148,TRUE,0.408296351264067,0.00134288697363727,TRUE,0.408296351264067,0.0277082345560491,TRUE,70
"NAm_2728","NAm-CienegadeNuestraSenoradeGuadalupe.Fule.2009","Wood","trsgi",25.1,-106.3,"positive",-0.176721759205303,0.152284347960475,FALSE,-0.176721759205303,0.337883283891442,FALSE,-0.171626546947432,0.165309065669278,FALSE,-0.171626546947432,0.414276565381714,FALSE,68
"NAm_2740","NAm-HighlandFireOutlook.Briffa.1996","Wood","trsgi",45.8,-112.5,"positive",-0.0896577160704597,0.505194658207956,FALSE,-0.0896577160704597,0.694359474173716,FALSE,-0.0654344765177668,0.627017841351055,FALSE,-0.0654344765177668,0.824042555830792,FALSE,58
"NAm_2752","NAm-HighlandFireOutlook.Briffa.1996","Wood","MXD",45.8,-112.5,"positive",0.391410479919698,0.00251367503795797,TRUE,0.391410479919698,0.030213388201338,TRUE,0.374486129461438,0.00417432324591107,TRUE,0.374486129461438,0.0533069095727936,TRUE,58
"NAm_2776","NAm-YellowMountainRidge.King.2002","Wood","trsgi",45.3,-111.3,"positive",0.0821124671674881,0.502301282270746,FALSE,0.0821124671674881,0.693492536108034,FALSE,0.0154069720968173,0.898097217582723,FALSE,0.0154069720968173,0.960141930369094,FALSE,73
"NAm_2788","NAm-BakerLake.Hughes.2005","Wood","trsgi",45.9,-114.3,"positive",-0.0224994212135975,0.853804321195603,FALSE,-0.0224994212135975,0.934015805724494,FALSE,0.000397607922177261,0.997391495556515,FALSE,0.000397607922177261,0.997391495556515,FALSE,72
"NAm_280","NAm-WindyRidgeAlaska.D'Arrigo.2005","Wood","trsgi",65.2,-162.2,"positive",-0.0606289844268181,0.633348606592239,FALSE,-0.0606289844268181,0.793952343233216,FALSE,-0.0727482215120612,0.560959441811107,FALSE,-0.0727482215120612,0.782058320903323,FALSE,75
"NAm_2800","NAm-BakerLake.Hughes.2005","Wood","MXD",45.9,-114.3,"positive",0.146110612814111,0.235095116941575,FALSE,0.146110612814111,0.444794156435757,FALSE,0.18808015180516,0.122692172350015,FALSE,0.18808015180516,0.363380165955307,FALSE,72
"NAm_2812","NAm-FlintCreekRange.Hughes.2005","Wood","trsgi",46.3,-113.2,"positive",0.14144233828986,0.242478205698139,FALSE,0.14144233828986,0.451005921132,FALSE,0.194434722103411,0.103369828548135,FALSE,0.194434722103411,0.335637865243305,FALSE,73
"NAm_2824","NAm-Pintlers.Littell.2011","Wood","trsgi",46,-113.4,"positive",0.227125005546302,0.0631185170991536,FALSE,0.227125005546302,0.196878046322032,FALSE,0.243165222618343,0.0433541216985583,TRUE,0.243165222618343,0.212452840174618,FALSE,75
"NAm_2836","NAm-PintlersTwo.Littell.2011","Wood","trsgi",46,-113.4,"positive",0.0642892616049345,0.589162137865122,FALSE,0.0642892616049345,0.760329243181725,FALSE,0.0586638937056626,0.621015298170589,FALSE,0.0586638937056626,0.822611518486283,FALSE,75
"NAm_2848","NAm-RoweLakes.Colenutt.2011","Wood","trsgi",49,-114,"positive",0.234893327084677,0.0638645945282292,FALSE,0.234893327084677,0.19772220427174,FALSE,0.24162961240786,0.0563949916610623,FALSE,0.24162961240786,0.236381837499427,FALSE,65
"NAm_292","NAm-NabesnaMine.Jacoby.2003","Wood","trsgi",62.4,-143.1,"positive",-0.322204319827698,0.0144925056987532,FALSE,-0.322204319827698,0.0807627817575973,FALSE,-0.343466871742031,0.00832064238488644,FALSE,-0.343466871742031,0.08381075524269,FALSE,72
"NAm_3004","NAm-PearlPeak.Graybill.1994","Wood","trsgi",40.2,-115.5,"positive",-0.0189592148657321,0.886874387590189,FALSE,-0.0189592148657321,0.950615250952719,FALSE,0.0462229978371116,0.727435251285063,FALSE,0.0462229978371116,0.888131006993006,FALSE,60
"NAm_3016","NAm-MountWashington.Graybill.1994","Wood","trsgi",38.5,-114.2,"positive",-0.0327178923524612,0.807375558980828,FALSE,-0.0327178923524612,0.910503652630773,FALSE,-0.0308586705338917,0.818129517666046,FALSE,-0.0308586705338917,0.922444756712718,FALSE,58
"NAm_304","NAm-NabesnaMine.Jacoby.2003","Wood","MXD",62.4,-143.1,"positive",0.000328688390512638,0.997843259018014,FALSE,0.000328688390512638,0.997843259018014,FALSE,-0.00484232072501896,0.968188678537808,FALSE,-0.00484232072501896,0.97847677225095,FALSE,72
"NAm_3100","NAm-CraterLakeNE.Briffa.2002","Wood","MXD",43,-122.2,"positive",0.276982043761408,0.0369705740468952,TRUE,0.276982043761408,0.140586508124802,FALSE,0.272282155322144,0.0412765401685637,TRUE,0.272282155322144,0.204986154113724,FALSE,58
"NAm_3124","NAm-BarlowPassamMtHood.Briffa.1996","Wood","MXD",45.3,-121.7,"positive",0.513775569461391,3.71026481235024e-05,TRUE,0.513775569461391,0.0015162615533138,TRUE,0.511946952395466,3.99700843309635e-05,TRUE,0.511946952395466,0.00224922565462422,TRUE,58
"NAm_3184","NAm-TamarackBowl.Sauchyn.2016","Wood","trsgi",49.3,-114.4,"positive",0.240213908398305,0.0498207540332444,TRUE,0.240213908398305,0.168729957029717,FALSE,0.189467409574873,0.11528222853768,FALSE,0.189467409574873,0.356798497324121,FALSE,75
"NAm_3244","NAm-CeaderBreaks.Briffa.1996","Wood","MXD",37.6,-113.9,"positive",0.360818230751633,0.00597312982625336,TRUE,0.360818230751633,0.0469426741473501,TRUE,0.338793000715047,0.0093365486915776,TRUE,0.338793000715047,0.0888406201560331,TRUE,58
"NAm_3280","NAm-VicaryMine.Sauchyn.2016","Wood","trsgi",49.8,-114.5,"positive",-0.207885120516964,0.0926965476137835,FALSE,-0.207885120516964,0.254811586041477,FALSE,-0.13416295791562,0.262560554197252,FALSE,-0.13416295791562,0.527678516389932,FALSE,75
"NAm_3352","NAm-GraniteMountain.Graumlich.2003","Wood","trsgi",47.3,-121.3,"positive",0.324102185370601,0.0326111554628483,TRUE,0.324102185370601,0.133270921991507,FALSE,0.303490224566228,0.0395796003191682,TRUE,0.303490224566228,0.202477459484009,FALSE,55
"NAm_3376","NAm-ScatterLake.Graumlich.2003","Wood","trsgi",48.3,-120.3,"positive",0.284512584638469,0.0363042344930874,TRUE,0.284512584638469,0.140238879201662,FALSE,0.274386617505301,0.0440157693629283,TRUE,0.274386617505301,0.212452840174618,FALSE,55
"NAm_3388","NAm-wa069.Peterson.1994","Wood","trsgi",48.7,-120.7,"positive",0.30492438578741,0.022092728202852,TRUE,0.30492438578741,0.100183176852071,FALSE,0.300893217026901,0.0250628547549987,TRUE,0.300893217026901,0.15360304052816,FALSE,66
"NAm_3400","NAm-wa071.Peterson.1994","Wood","trsgi",48.7,-120.7,"positive",0.0703017179503538,0.59086938623496,FALSE,0.0703017179503538,0.760593513470755,FALSE,0.0688153991630703,0.599456603034066,FALSE,0.0688153991630703,0.811955442621635,FALSE,66
"NAm_3412","NAm-HartsPassN2.Peterson.1994","Wood","trsgi",48.7,-120.7,"positive",0.249556641124835,0.0701166430938804,FALSE,0.249556641124835,0.21159529803238,FALSE,0.254370098978645,0.066414818864859,FALSE,0.254370098978645,0.254631389295553,FALSE,65
"NAm_3436","NAm-MtStHelens.Briffa.1996","Wood","MXD",46.2,-122.2,"positive",0.332358417590058,0.0193336996380484,TRUE,0.332358417590058,0.0933193533710526,TRUE,0.387777057128404,0.00288002103856626,TRUE,0.387777057128404,0.0414589075086631,TRUE,58
"NAm_3472","NAm-ShermanCreekPass.Briffa.1996","Wood","trsgi",48.7,-118.3,"positive",0.17167499045217,0.216148776885069,FALSE,0.17167499045217,0.420632381684277,FALSE,0.172238382477231,0.221694038378049,FALSE,0.172238382477231,0.485377079489621,FALSE,58
"NAm_3484","NAm-ShermanCreekPass.Briffa.1996","Wood","MXD",48.7,-118.3,"positive",0.379053040766212,0.00424066993064077,TRUE,0.379053040766212,0.0383191848250516,TRUE,0.416067428276365,0.00127733768392407,TRUE,0.416067428276365,0.0272645526327241,TRUE,58
"NAm_3520","NAm-HohLakeHigh.Peterson.1994","Wood","trsgi",47.9,-123.8,"positive",0.219488434909211,0.0897085111904738,FALSE,0.219488434909211,0.249960533453457,FALSE,0.236675420556879,0.0654891039083906,FALSE,0.236675420556879,0.254631389295553,FALSE,67
"NAm_3556","NAm-MountAdamsLow.Peterson.1994","Wood","trsgi",46.2,-121.5,"positive",0.161496189046695,0.225546398694025,FALSE,0.161496189046695,0.433416747333659,FALSE,0.184762258041223,0.162181561829209,FALSE,0.184762258041223,0.410221129943546,FALSE,67
"NAm_3604","NAm-PowderRiverPass.Briffa.1996","Wood","MXD",44.2,-107.1,"positive",0.345140885390313,0.00899417505081414,TRUE,0.345140885390313,0.0605871352324074,TRUE,0.33956336344616,0.0094725055416772,TRUE,0.33956336344616,0.0888406201560331,TRUE,58
"NAm_3616","NAm-MedicineBowPeak.Briffa.1996","Wood","trsgi",41.3,-107.7,"positive",-0.128252735158127,0.364832300244276,FALSE,-0.128252735158127,0.589207986339393,FALSE,-0.117914659273298,0.416246230113622,FALSE,-0.117914659273298,0.66222215472772,FALSE,58
"NAm_3628","NAm-MedicineBowPeak.Briffa.1996","Wood","MXD",41.3,-107.7,"positive",0.299815291858223,0.0240036536393914,TRUE,0.299815291858223,0.105857839431273,FALSE,0.293293599835899,0.0254552817181818,TRUE,0.293293599835899,0.154478621407397,FALSE,58
"NAm_364","NAm-BigBendLake.Jacoby.2003","Wood","trsgi",61.3,-142.7,"positive",-0.00745641113425841,0.955486088555134,FALSE,-0.00745641113425841,0.975470255606072,FALSE,-0.0568590402330455,0.663160498745428,FALSE,-0.0568590402330455,0.846384224172,FALSE,72
"NAm_3652","NAm-SylvanPassbeiCody.Briffa.1996","Wood","MXD",44.4,-110.1,"positive",0.169769738091217,0.202933252509047,FALSE,0.169769738091217,0.404845189343176,FALSE,0.152097581420402,0.254587563628719,FALSE,0.152097581420402,0.523553826864376,FALSE,58
"NAm_3676","NAm-GranitePassHuntMountain.Briffa.1996","Wood","MXD",44.8,-107.9,"positive",0.234787131704391,0.0782477890042004,FALSE,0.234787131704391,0.228409022188452,FALSE,0.223399914914438,0.0923348309334467,FALSE,0.223399914914438,0.321096968246087,FALSE,58
"NAm_3688","NAm-TogwateePass.Briffa.1996","Wood","trsgi",43.7,-110.1,"positive",-0.302465797613457,0.0215974242206408,FALSE,-0.302465797613457,0.100183176852071,FALSE,-0.287086141871587,0.0315977504900803,FALSE,-0.287086141871587,0.17476620762556,FALSE,58
"NAm_3700","NAm-TogwateePass.Briffa.1996","Wood","MXD",43.7,-110.1,"positive",0.159394723316481,0.232097791487303,FALSE,0.159394723316481,0.44048280551615,FALSE,0.147894029986301,0.267898713211752,FALSE,0.147894029986301,0.53389940658997,FALSE,58
"NAm_3712","NAm-SheepTrail.Brown.2005","Wood","trsgi",41.4,-106.2,"positive",-0.0721044089548241,0.57406768267526,FALSE,-0.0721044089548241,0.75032726968003,FALSE,0.0294840861097444,0.812082719601116,FALSE,0.0294840861097444,0.918974777757022,FALSE,74
"NAm_3724","NAm-SheepTrail.Brown.2005","Wood","MXD",41.4,-106.2,"positive",0.275924024950387,0.019103937774823,TRUE,0.275924024950387,0.0929421734600516,TRUE,0.307286907315884,0.00832887170700163,TRUE,0.307286907315884,0.08381075524269,TRUE,75
"NAm_3748","NAm-WrangellsComposite.D'Arrigo.2006","Wood","MXD",62,-142,"positive",0.0811417139249342,0.498732019395405,FALSE,0.0811417139249342,0.69273104700639,FALSE,0.0710162891907338,0.553379249678912,FALSE,0.0710162891907338,0.77498134740101,FALSE,73
"NAm_3760","NAm-NorthernAlaskaComposite.D'Arrigo.2006","Wood","MXD",67,-152,"positive",0.161541641522962,0.19858888341216,FALSE,0.161541641522962,0.401765628817341,FALSE,0.178858671364323,0.153998533488096,FALSE,0.178858671364323,0.397045218017454,FALSE,65
"NAm_3772","NAm-FirthRiver.Anchukaitis.2013","Wood","MXD",68.7,-141.6,"positive",0.159461695961339,0.171767630524174,FALSE,0.159461695961339,0.365602630247634,FALSE,0.158301939758255,0.174946673274656,FALSE,0.158301939758255,0.42803158401981,FALSE,75
"NAm_3796","NAm-STREC.Gennaretti.2014","Wood","temperature",54.21,-71.35,"positive",0.355918961195739,0.001935864229467,TRUE,0.355918961195739,0.0263707727258504,TRUE,0.281281754441886,0.0144999496938478,TRUE,0.281281754441886,0.115070113596049,FALSE,75
"NAm_3798","NAm-HellsKitchenLake.Gajewski.1988","LakeSediment","temperature",46.2,-89.7,"positive",NA,NA,FALSE,NA,NA,FALSE,NA,NA,FALSE,NA,NA,FALSE,4
"NAm_3801","NAm-BasinPond.Gajewski.1988","LakeSediment","temperature",44.5,-70.1,"positive",NA,NA,FALSE,NA,NA,FALSE,NA,NA,FALSE,NA,NA,FALSE,3
"NAm_3804","NAm-ClearPond.Gajewski.1988","LakeSediment","temperature",33.8,-79,"positive",NA,NA,FALSE,NA,NA,FALSE,NA,NA,FALSE,NA,NA,FALSE,2
"NAm_3807","NAm-ConroyLake.Gajewski.1988","LakeSediment","temperature",46.3,-67.9,"positive",NA,NA,FALSE,NA,NA,FALSE,NA,NA,FALSE,NA,NA,FALSE,6
"NAm_3810","NAm-DarkLake.Gajewski.1988","LakeSediment","temperature",45.3,-91.5,"positive",NA,NA,FALSE,NA,NA,FALSE,NA,NA,FALSE,NA,NA,FALSE,2
"NAm_3816","NAm-RubyLake.Gajewski.1988","LakeSediment","temperature",45.3,-91.5,"positive",NA,NA,FALSE,NA,NA,FALSE,NA,NA,FALSE,NA,NA,FALSE,3
"NAm_3819","NAm-LittlePineLake.Gajewski.1988","LakeSediment","temperature",45.3,-91.5,"positive",NA,NA,FALSE,NA,NA,FALSE,NA,NA,FALSE,NA,NA,FALSE,2
"NAm_3851","NAm-LakeoftheClouds.Gajewski.1988","LakeSediment","temperature",48,-91,"positive",NA,NA,FALSE,NA,NA,FALSE,NA,NA,FALSE,NA,NA,FALSE,5
"NAm_3853","NAm-LacNoir.Paquette.2013","LakeSediment","temperature",45.8,-75.1,"positive",NA,NA,FALSE,NA,NA,FALSE,NA,NA,FALSE,NA,NA,FALSE,13
"NAm_3865","NAm-GreenLake.Menounos.2006","LakeSediment","thickness",50.2,-122.9,"positive",0.284657839988576,0.0200510815931725,TRUE,0.284657839988576,0.0952814962528275,TRUE,0.321744633667095,0.00731030849951604,TRUE,0.321744633667095,0.0819349615600766,TRUE,74
"NAm_3867","NAm-LakeMina.St.Jacques.2008","LakeSediment","temperature",45.89,-95.478,"positive",NA,NA,FALSE,NA,NA,FALSE,NA,NA,FALSE,NA,NA,FALSE,0
"NAm_3868","NAm-LakeMina.St.Jacques.2008","LakeSediment","temperature",45.89,-95.478,"positive",NA,NA,FALSE,NA,NA,FALSE,NA,NA,FALSE,NA,NA,FALSE,0
"NAm_3870","NAm-OregonCaves.Ersek.2012","Speleothem","d18O",42.083,-123.416,"positive",NA,NA,FALSE,NA,NA,FALSE,NA,NA,FALSE,NA,NA,FALSE,0
"NAm_388","NAm-PrinceWilliamSound.Barclay.1999","Wood","trsgi",60.5,-148.3,"positive",0.177744095370666,0.1842500642325,FALSE,0.177744095370666,0.379411078942115,FALSE,0.17734370159254,0.1853507598941,FALSE,0.17734370159254,0.442981159746902,FALSE,66
"NAm_412","NAm-DeerMountain.Wiles.2011","Wood","trsgi",55.3,-131.6,"positive",0.347661776119598,0.0151885569708347,TRUE,0.347661776119598,0.0817380183612017,TRUE,0.372743803911561,0.00811213525303515,TRUE,0.372743803911561,0.08381075524269,TRUE,74
"NAm_424","NAm-McGinnisTrail.Wiles.2013","Wood","trsgi",58.4,-134.6,"positive",0.30958323637268,0.0363751742138079,TRUE,0.30958323637268,0.140238879201662,FALSE,0.368280737988468,0.0098008139922562,TRUE,0.368280737988468,0.090547818823979,TRUE,74
"NAm_436","NAm-SouthernAlaskacomposite.D'Arrigo.2006","Wood","trsgi",56,-132,"positive",0.195128752806326,0.184444537560767,FALSE,0.195128752806326,0.379411078942115,FALSE,0.243925063941734,0.0870652467677179,FALSE,0.243925063941734,0.311522472538829,FALSE,75
"NAm_448","NAm-SewardComposite.D'Arrigo.2006","Wood","trsgi",65.2,-162.3,"positive",-0.16418894022573,0.201718239723781,FALSE,-0.16418894022573,0.404845189343176,FALSE,-0.239965117949647,0.0535039502995323,FALSE,-0.239965117949647,0.231875125583009,FALSE,75
"NAm_460","NAm-SewardComposite.D'Arrigo.2006","Wood","MXD",65.2,-162.3,"positive",0.0158991867444108,0.892306002485079,FALSE,0.0158991867444108,0.952933065371696,FALSE,0.0162351887904859,0.890044092028091,FALSE,0.0162351887904859,0.960141930369094,FALSE,75
"NAm_484","NAm-StarrigawanOldSitka.Kaiser.1996","Wood","trsgi",57.1,-135.4,"positive",0.44897271419944,0.00960111428219085,TRUE,0.44897271419944,0.0619524532103473,TRUE,0.398863242781873,0.0187962663684705,TRUE,0.398863242781873,0.123954727260827,FALSE,60
"NAm_520","NAm-SnowBowlSanFranciscoPeak.Briffa.2002","Wood","MXD",35.4,-110.2,"positive",0.115190658555969,0.38996269514617,FALSE,0.115190658555969,0.595356615949524,FALSE,0.113971569649866,0.394322278312467,FALSE,0.113971569649866,0.650894640734445,FALSE,58
"NAm_568","NAm-MtLemon.Briffa.2002","Wood","MXD",32.5,-110.8,"positive",-0.00497196207484355,0.970820341826846,FALSE,-0.00497196207484355,0.98041658902777,FALSE,-0.0333153701118548,0.803927081689224,FALSE,-0.0333153701118548,0.918974777757022,FALSE,58
"NAm_616","NAm-FlowerLake.Graybill.1995","Wood","trsgi",36.5,-118.2,"positive",0.0212439129409334,0.869818546404883,FALSE,0.0212439129409334,0.943714635302997,FALSE,0.0081857460686151,0.949761813557177,FALSE,0.0081857460686151,0.973306445246152,FALSE,62
"NAm_628","NAm-TimberGapUpper.Graybill.1995","Wood","trsgi",36.3,-118.4,"positive",0.214007179865807,0.0948772923892553,FALSE,0.214007179865807,0.259641876047382,FALSE,0.216405791229854,0.0915808170435166,FALSE,0.216405791229854,0.320274156779304,FALSE,62
"NAm_640","NAm-CirquePeak.Graybill.1995","Wood","trsgi",36.3,-118.2,"positive",0.0467076085523153,0.718481993089297,FALSE,0.0467076085523153,0.855202838376193,FALSE,0.0476020357806218,0.713687160886927,FALSE,0.0476020357806218,0.880024606751012,FALSE,62
"NAm_664","NAm-SheepMountain.Graybill.1995","Wood","trsgi",37.2,-118.1,"positive",0.0767943887053214,0.544908142926919,FALSE,0.0767943887053214,0.723281165170149,FALSE,0.0476025567324177,0.707454779083153,FALSE,0.0476025567324177,0.875829016504944,FALSE,65
"NAm_760","NAm-YosemiteParkEEingang.Briffa.1996","Wood","MXD",37.8,-119.3,"positive",0.427434512204236,0.000862426416073179,TRUE,0.427434512204236,0.0160202240319048,TRUE,0.428241472861115,0.000797877144197211,TRUE,0.428241472861115,0.0176387840092169,TRUE,58
"NAm_772","NAm-DanaPlateauInyoNationalForest.King.2000","Wood","trsgi",37.9,-119.2,"positive",0.104124985006168,0.388238217796184,FALSE,0.104124985006168,0.595356615949524,FALSE,0.0912436093345394,0.449485442562546,FALSE,0.0912436093345394,0.684233374195283,FALSE,71
"NAm_796","NAm-SpillwayLakeYosemiteNationalPark.King.2000","Wood","trsgi",37.8,-119.2,"positive",0.0751981964713806,0.543211491046237,FALSE,0.0751981964713806,0.723281165170149,FALSE,-0.0160694971794769,0.894801107910643,FALSE,-0.0160694971794769,0.960141930369094,FALSE,71
"NAm_808","NAm-FishCreekTrail.Biondi.2001","Wood","trsgi",34.1,-116.8,"positive",0.544824769474054,0.000260888188335287,TRUE,0.544824769474054,0.00841707681313321,TRUE,0.416824447791377,0.00198573705078824,TRUE,0.416824447791377,0.0323466114325768,TRUE,70
"NAm_868","NAm-BorealPlateau.Graumlich.2005","Wood","trsgi",36.3,-118.3,"positive",0.0664095659571921,0.598119884476637,FALSE,0.0664095659571921,0.765443609987847,FALSE,0.00747519953998113,0.952358396335191,FALSE,0.00747519953998113,0.973306445246152,FALSE,67
"NAm_880","NAm-UpperWrightLakes.Graumlich.2005","Wood","trsgi",36.4,-118.2,"positive",0.0859485489782631,0.493458675107725,FALSE,0.0859485489782631,0.688819743112513,FALSE,0.0327922054492918,0.792837537035991,FALSE,0.0327922054492918,0.918974777757022,FALSE,67
"NAm_916","NAm-FortChimo.Fritts.1981","Wood","trsgi",58.4,-68.4,"positive",0.170033129462774,0.242792747102055,FALSE,0.170033129462774,0.451005921132,FALSE,0.241371960952281,0.0947629003645982,FALSE,0.241371960952281,0.323497500131612,FALSE,49
"NAm_940","NAm-SpruceCreek.Church.1981","Wood","trsgi",68.6,-138.6,"positive",0.0889304483426931,0.536150542580976,FALSE,0.0889304483426931,0.720746233776619,FALSE,0.0393887750536171,0.783081290919465,FALSE,0.0393887750536171,0.912857474725327,FALSE,52
"NAm_976","NAm-PethaiPeninsula.Schweingruber.1996","Wood","MXD",62.7,-111,"positive",-0.0249477990948815,0.855885371197772,FALSE,-0.0249477990948815,0.934015805724494,FALSE,0.0327965531291562,0.80754576439337,FALSE,0.0327965531291562,0.918974777757022,FALSE,63
"NAm2kHydro069","JPC76.Friddell.2002","MarineSediment","d18O",34.27,-120.07,"negative",NA,NA,FALSE,NA,NA,FALSE,NA,NA,FALSE,NA,NA,FALSE,0
"NAm2kHydro109","MV99-GC41.Marchitto.2010","MarineSediment","temperature",25.2,-112.7,"positive",NA,NA,FALSE,NA,NA,FALSE,NA,NA,FALSE,NA,NA,FALSE,0
"NAm2kHydro111","P178-15P.Tierney.2015","MarineSediment","temperature",11.955,44.3,"positive",NA,NA,FALSE,NA,NA,FALSE,NA,NA,FALSE,NA,NA,FALSE,1
"NPM11111","IC00SC18","GlacierIce","d18O",76.617,-36.4033,"positive",0.359102076837787,0.0107894532017365,TRUE,0.359102076837787,0.0674891307414744,TRUE,0.17960700097231,0.152975650744031,FALSE,0.17960700097231,0.397045218017454,FALSE,67
"NPMlaanila2","Arc-Laanila.Lindholm.2013","Wood","MXD",68.4917,27.3333,"positive",0.374055850575421,0.00186814706478888,TRUE,0.374055850575421,0.026026685243536,TRUE,0.374853041635658,0.00179446413231899,TRUE,0.374853041635658,0.0317361739276237,TRUE,75
"O2kLR_007","Ocn-WesternSvalbard.Spielhagen.2011","MarineSediment","temperature",78.91,6.77,"positive",NA,NA,FALSE,NA,NA,FALSE,NA,NA,FALSE,NA,NA,FALSE,5
"O2kLR_017","Ocn-GarrisonBasin.Richey.2009","MarineSediment","temperature",26.68,-93.93,"positive",NA,NA,FALSE,NA,NA,FALSE,NA,NA,FALSE,NA,NA,FALSE,2
"O2kLR_030","Ocn-LaurentianFan.Keigwin.2005","MarineSediment","temperature",43.48,-54.87,"positive",NA,NA,FALSE,NA,NA,FALSE,NA,NA,FALSE,NA,NA,FALSE,0
"O2kLR_045","Ocn-NorthIceland.Sicre.2011","MarineSediment","temperature",66.55,-17.42,"positive",NA,NA,FALSE,NA,NA,FALSE,NA,NA,FALSE,NA,NA,FALSE,24
"O2kLR_047","Ocn-SouthIceland.Sicre.2011","MarineSediment","temperature",57.45,-27.91,"positive",NA,NA,FALSE,NA,NA,FALSE,NA,NA,FALSE,NA,NA,FALSE,0
"O2kLR_066","Ocn-DryTortugasA.Lund.2006","MarineSediment","temperature",24.33,-83.26,"positive",NA,NA,FALSE,NA,NA,FALSE,NA,NA,FALSE,NA,NA,FALSE,0
"O2kLR_074","Ocn-EmeraldBasin.Keigwin.2003","MarineSediment","temperature",45.89,-62.8,"positive",NA,NA,FALSE,NA,NA,FALSE,NA,NA,FALSE,NA,NA,FALSE,4
"O2kLR_082","Ocn-SubTropicalEasternNorthAtlantic.deMenocal.2000","MarineSediment","temperature",20.75,-18.5833,"positive",NA,NA,FALSE,NA,NA,FALSE,NA,NA,FALSE,NA,NA,FALSE,0
"O2kLR_101","Ocn-CapeHatteras.Cleroux.2008","MarineSediment","temperature",34.973,-75.201,"positive",NA,NA,FALSE,NA,NA,FALSE,NA,NA,FALSE,NA,NA,FALSE,0
"O2kLR_105","Ocn-MD95-2011.Grimalt.2002","MarineSediment","temperature",66.97,7.63,"positive",NA,NA,FALSE,NA,NA,FALSE,NA,NA,FALSE,NA,NA,FALSE,0
"O2kLR_112","Ocn-CapeGhir.Doose-Rolinski.2007","MarineSediment","temperature",30.85,-10.2685,"positive",NA,NA,FALSE,NA,NA,FALSE,NA,NA,FALSE,NA,NA,FALSE,1
"O2kLR_114","Ocn-ArabianSea.Doose-Rolinski.2001","MarineSediment","temperature",24.83,65.92,"positive",NA,NA,FALSE,NA,NA,FALSE,NA,NA,FALSE,NA,NA,FALSE,4
"O2kLR_118","Ocn-SWCoastOfIndia.Saraswat.2013","MarineSediment","temperature",10.98,74.9993,"positive",NA,NA,FALSE,NA,NA,FALSE,NA,NA,FALSE,NA,NA,FALSE,0
"O2kLR_131","Ocn-WEqPacific.Stott.2007","MarineSediment","temperature",-5,133.44,"positive",NA,NA,FALSE,NA,NA,FALSE,NA,NA,FALSE,NA,NA,FALSE,0
"O2kLR_135","Ocn-MakassarStrait.Linsley.2010","MarineSediment","temperature",-7.4,115.2,"positive",NA,NA,FALSE,NA,NA,FALSE,NA,NA,FALSE,NA,NA,FALSE,0
"O2kLR_135_iso2k","MS10BLMS","MarineSediment","temperature",-7.4,115.2,"positive",NA,NA,FALSE,NA,NA,FALSE,NA,NA,FALSE,NA,NA,FALSE,0
"O2kLR_146","Ocn-NorthwestPacificOcean.Harada.2004","MarineSediment","temperature",46.32,152.53,"positive",NA,NA,FALSE,NA,NA,FALSE,NA,NA,FALSE,NA,NA,FALSE,0
"O2kLR_148","Ocn-MakassarStrait.Oppo.2009","MarineSediment","temperature",-3.53,119.2,"positive",NA,NA,FALSE,NA,NA,FALSE,NA,NA,FALSE,NA,NA,FALSE,15
"O2kLR_150","Ocn-GreatBarrierReef.Hendy.2002","Coral","temperature",-18.315,146.595,"positive",NA,NA,FALSE,NA,NA,FALSE,NA,NA,FALSE,NA,NA,FALSE,12
"O2kLR_165","Ocn-OkinawaTrough.Wu.2012","MarineSediment","temperature",24.8,122.5,"positive",NA,NA,FALSE,NA,NA,FALSE,NA,NA,FALSE,NA,NA,FALSE,0
"O2kLR_175","Ocn-KuroshioCurrent.Isono.2009","MarineSediment","temperature",36.03,141.78,"positive",NA,NA,FALSE,NA,NA,FALSE,NA,NA,FALSE,NA,NA,FALSE,1
"O2kLR_183","Ocn-SantaBarbaraBasin.Zhao.2000","MarineSediment","temperature",34.23,-120.02,"positive",NA,NA,FALSE,NA,NA,FALSE,NA,NA,FALSE,NA,NA,FALSE,16
"O2kLR_187","Ocn-ChileanMargin.Lamy.2002","MarineSediment","temperature",-41,-74.45,"positive",NA,NA,FALSE,NA,NA,FALSE,NA,NA,FALSE,NA,NA,FALSE,0
"O2kLR_195","Ocn-SouthernChileMargin.Mohtadi.2007","MarineSediment","temperature",-44.15,-75.16,"positive",NA,NA,FALSE,NA,NA,FALSE,NA,NA,FALSE,NA,NA,FALSE,0
"Ocean2kHR_001","Ocn-Malindi.Cole.2000","Coral","d18O",-3.2,40.1,"negative",-0.536482835494478,0.000661071546970383,TRUE,-0.536482835494478,0.0134951884313636,TRUE,-0.442433914990247,0.0018736458649254,TRUE,-0.442433914990247,0.0317361739276237,TRUE,69
"Ocean2kHR_002","Ocn-Mayotte.Zinke.2008","Coral","d18O",-12.65,45.1,"negative",-0.0381501985594928,0.777177516551145,FALSE,-0.0381501985594928,0.893827049992217,FALSE,0.0400595368580722,0.756928152207437,FALSE,0.0400595368580722,0.897149456278685,FALSE,69
"Ocean2kHR_003","Ocn-Mayotte.Zinke.2008","Coral","Sr/Ca",-12.65,45.1,"negative",-0.285702623888421,0.033348315207609,TRUE,-0.285702623888421,0.134490244883318,FALSE,-0.259048917705413,0.0458388664304615,TRUE,-0.259048917705413,0.216597391759203,FALSE,69
"Ocean2kHR_005","Ocn-Mayotte.Zinke.2008","Coral","d18O",-12.65,45.1,"positive",0.220067132538843,0.104659678973012,FALSE,0.220067132538843,0.280644196926474,FALSE,0.245946779014707,0.0589735265072746,FALSE,0.245946779014707,0.238592241228777,FALSE,69
"Ocean2kHR_006","Ocn-Lombok.Charles.2003","Coral","d18O",-8.2473,115.5757,"negative",-0.172848166506229,0.210396899911593,FALSE,-0.172848166506229,0.414705143555649,FALSE,-0.0588278060196621,0.658116687458798,FALSE,-0.0588278060196621,0.84168229243181,FALSE,65
"Ocean2kHR_007","Ocn-Mafia.Damassa.2006","Coral","d18O",-8.0167,39.5,"negative",0.0141741929742029,0.916879789272023,FALSE,0.0141741929742029,0.962293386988549,FALSE,0.0751659229321495,0.555605988165568,FALSE,0.0751659229321495,0.77634335592435,FALSE,73
"Ocean2kHR_008","Ocn-Ningaloo.Kuhnert.2000","Coral","d18O",-21.905,113.965,"negative",-0.393792478980273,0.00317187596766212,TRUE,-0.393792478980273,0.0343404094524594,TRUE,-0.244518935913017,0.0520302547390903,FALSE,-0.244518935913017,0.228416508393595,FALSE,70
"Ocean2kHR_010","Ocn-MentawaiIslands.Abram.2008","Coral","d18O",-0.13,98.52,"negative",-0.0216568731965509,0.885424306327958,FALSE,-0.0216568731965509,0.950615250952719,FALSE,0.145458968200327,0.268243482147788,FALSE,0.145458968200327,0.53389940658997,FALSE,73
"Ocean2kHR_011","Ocn-Mahe.Charles.1997","Coral","d18O",-4.62,55,"negative",-0.385615383592665,0.007040559645693,TRUE,-0.385615383592665,0.051998350154335,TRUE,-0.214185291788545,0.0999105666403633,FALSE,-0.214185291788545,0.335637865243305,FALSE,70
"Ocean2kHR_012","Ocn-Malindi.Nakamura.2009","Coral","d18O",-3.2,40.1,"negative",-0.42124414508123,0.00348935854170376,TRUE,-0.42124414508123,0.0347421867085747,TRUE,-0.141579127450574,0.250536073066713,FALSE,-0.141579127450574,0.516939430760984,FALSE,75
"Ocean2kHR_013","Ocn-Reunion.Pfeiffer.2004","Coral","d18O",-21.0333,55.25,"negative",-0.209998873226691,0.214705677246442,FALSE,-0.209998873226691,0.419154713860091,FALSE,0.154671552059622,0.257670504440225,FALSE,0.154671552059622,0.526396179037951,FALSE,71
"Ocean2kHR_014","Ocn-AqabaJordanAQ18.Heiss.1999","Coral","d18O",29.42,34.97,"negative",-0.0584953635923945,0.646871956829838,FALSE,-0.0584953635923945,0.802697387726095,FALSE,-0.00508111590880786,0.967730520607081,FALSE,-0.00508111590880786,0.97847677225095,FALSE,67
"Ocean2kHR_016","Ocn-AqabaJordanAQ19.Heiss.1999","Coral","d18O",29.42,34.97,"negative",0.0036499846113196,0.977558515774504,FALSE,0.0036499846113196,0.983593105611843,FALSE,-0.243494536416514,0.0477367786233475,TRUE,-0.243494536416514,0.21762919188727,FALSE,67
"Ocean2kHR_018","Ocn-SinaiPeninsula,RedSea.Moustafa.2000","Coral","d18O",27.8483,34.31,"negative",-0.11378266779802,0.35554590374248,FALSE,-0.11378266779802,0.583665706557551,FALSE,-0.120257908065718,0.328649561272371,FALSE,-0.120257908065718,0.600100526335096,FALSE,68
"Ocean2kHR_019","Ocn-RedSea.Felis.2000","Coral","d18O",27.85,34.32,"negative",-0.145273019022269,0.250954851876578,FALSE,-0.145273019022269,0.460584802995036,FALSE,-0.257211238567284,0.0346157132839027,TRUE,-0.257211238567284,0.185775252136634,FALSE,71
"Ocean2kHR_020","Ocn-Ifaty4.Zinke.2004","Coral","d18O",-23.15,43.58,"negative",-0.119184375246192,0.374312781647098,FALSE,-0.119184375246192,0.591556219772104,FALSE,-0.118729119335325,0.358604237816548,FALSE,-0.118729119335325,0.623473419127269,FALSE,71
"Ocean2kHR_021","Ocn-Ifaty1.Zinke.2014","Coral","d18O",-23.15,43.58,"negative",-0.337570891266043,0.0130575855351233,TRUE,-0.337570891266043,0.0762314279336249,TRUE,-0.210286148619131,0.102020439753331,FALSE,-0.210286148619131,0.335637865243305,FALSE,69
"Ocean2kHR_022","Ocn-IfatyTul3.Zinke.2014","Coral","d18O",-23.3572,43.6195,"negative",-0.458162570978929,0.000444425825762054,TRUE,-0.458162570978929,0.010132673277297,TRUE,-0.315411304376466,0.00843933301565951,TRUE,-0.315411304376466,0.08381075524269,TRUE,69
"Ocean2kHR_023","Ocn-HoutmanAbrolhos.Kuhnert.1999","Coral","d18O",-28.47,113.77,"negative",-0.655971958533277,2.95292378100547e-09,TRUE,-0.655971958533277,9.05071138878176e-07,TRUE,-0.58295912032222,1.47358683407507e-07,TRUE,-0.58295912032222,2.28037562573118e-05,TRUE,69
"Ocean2kHR_025","Ocn-HoutmanAbrolhosHAB05B.Zinke.2014","Coral","Sr/Ca",-28.4609,113.772,"negative",-0.603478229917581,8.51778782654277e-06,TRUE,-0.603478229917581,0.000522140393767072,TRUE,-0.37861606701547,0.00160517072244444,TRUE,-0.37861606701547,0.0292235493292091,TRUE,69
"Ocean2kHR_026","Ocn-HoutmanAbrolhosHAB10A.Zinke.2014","Coral","d18O",-28.4589,113.749,"negative",-0.237667242477876,0.0738486565547663,FALSE,-0.237667242477876,0.218144808680413,FALSE,-0.185421726544709,0.137405425585436,FALSE,-0.185421726544709,0.386608901988113,FALSE,71
"Ocean2kHR_027","Ocn-HoutmanAbrolhosHAB10A.Zinke.2014","Coral","Sr/Ca",-28.4589,113.749,"negative",-0.516724703912741,0.000439192239315496,TRUE,-0.516724703912741,0.010132673277297,TRUE,-0.210217514653911,0.0956381947077303,FALSE,-0.210217514653911,0.323497500131612,FALSE,69
"Ocean2kHR_094","Ocn-BermudaSouthShore.Goodkin.2008","Coral","d18O",30.6486,-64.9888,"negative",0.10514788042685,0.458857187545624,FALSE,0.10514788042685,0.664963252873445,FALSE,0.0845211779268336,0.541985700248229,FALSE,0.0845211779268336,0.76947052397627,FALSE,73
"Ocean2kHR_095","Ocn-BermudaSouthShore.Goodkin.2008","Coral","Sr/Ca",30.6486,-64.9888,"negative",0.0702441813498656,0.675612584998291,FALSE,0.0702441813498656,0.820042307841535,FALSE,0.0583493463960651,0.727071108605537,FALSE,0.0583493463960651,0.888131006993006,FALSE,73
"Ocean2kHR_096","Ocn-LosRoques.Hetzinger.2008","Coral","d18O",11.77,-66.75,"negative",-0.424868107048699,0.00319315389688448,TRUE,-0.424868107048699,0.0343404094524594,TRUE,-0.378162246478051,0.00574965655216062,TRUE,-0.378162246478051,0.0671516491658004,TRUE,75
"Ocean2kHR_097","Ocn-Guadeloupe.Steinhilber.2010","Coral","d18O",16.2,-61.49,"negative",-0.639997145255104,7.45582492544827e-07,TRUE,-0.639997145255104,9.14084135859957e-05,TRUE,-0.611741119035752,8.31036225719131e-07,TRUE,-0.611741119035752,8.57352372866904e-05,TRUE,72
"Ocean2kHR_098","Ocn-Guadeloupe.Steinhilber.2010","Coral","Sr/Ca",16.2,-61.49,"negative",-0.512019512434358,0.00202772669899991,TRUE,-0.512019512434358,0.0270216623149336,TRUE,-0.508064328864199,0.000323656403515678,TRUE,-0.508064328864199,0.00801373255104819,TRUE,72
"Ocean2kHR_099","Ocn-TurrumoteReefPuertoRico.Kilbourne.2008","Coral","d18O",17.93,-67,"negative",-0.349479601084704,0.0199056700463338,TRUE,-0.349479601084704,0.0952814962528275,TRUE,-0.197632785492498,0.145136744058533,FALSE,-0.197632785492498,0.387446315538537,FALSE,74
"Ocean2kHR_100","Ocn-TurrumoteReefPuertoRico.Kilbourne.2008","Coral","Sr/Ca",17.93,-67,"negative",-0.155523305376472,0.272844170572747,FALSE,-0.155523305376472,0.484792685684331,FALSE,-0.0306002709056573,0.815783486394419,FALSE,-0.0306002709056573,0.921478062186397,FALSE,75
"Ocean2kHR_102","Ocn-NorthEastBreakers_Bermuda.Kuhnert.2002","Coral","d18O",32.47,-64.7,"negative",NA,NA,FALSE,NA,NA,FALSE,NA,NA,FALSE,NA,NA,FALSE,0
"Ocean2kHR_105","Ocn-NorthEastBreakers_Bermuda.Kuhnert.2005","Coral","d18O",32.467,-64.7,"negative",0.038962734741202,0.797971068107518,FALSE,0.038962734741202,0.909212388010982,FALSE,0.0759910271079083,0.615885709100708,FALSE,0.0759910271079083,0.822611518486283,FALSE,58
"Ocean2kHR_106","Ocn-NorthEastBreakers_Bermuda.Kuhnert.2005","Coral","Sr/Ca",32.467,-64.7,"negative",-0.231131587430039,0.182704792452784,FALSE,-0.231131587430039,0.379411078942115,FALSE,-0.161384545013723,0.357566936224735,FALSE,-0.161384545013723,0.623473419127269,FALSE,58
"Ocean2kHR_107","Ocn-PedradeLume-CapeVerdeIslands.Moses.2006","Coral","d18O",16.76,-22.8883,"negative",-0.0163846921808533,0.919908523287585,FALSE,-0.0163846921808533,0.962293386988549,FALSE,0.0338521359222321,0.830641105476059,FALSE,0.0338521359222321,0.929777295279712,FALSE,72
"Ocean2kHR_108","Ocn-BuccooReefTobagoMontastrea.Moses.2006","Coral","d18O",11.17,-60.85,"negative",0.195886245225562,0.220729401970746,FALSE,0.195886245225562,0.425669620989815,FALSE,0.299357451195654,0.0473910017098643,FALSE,0.299357451195654,0.21762919188727,FALSE,64
"Ocean2kHR_110","Ocn-BuccooReefTobagoSidereastrea.Moses.2006","Coral","d18O",11.17,-60.85,"negative",0.194927603666407,0.262874609836029,FALSE,0.194927603666407,0.47117583575873,FALSE,0.200665415942304,0.215295225198257,FALSE,0.200665415942304,0.480723262956869,FALSE,59
"Ocean2kHR_112","Ocn-TongueoftheOceanExuma.Rosenheim.2005","Sclerosponge","d18O",23.766,-76.053,"negative",0.0840445800754627,0.585160827104271,FALSE,0.0840445800754627,0.758358534915261,FALSE,-0.0836895660828973,0.548354795172074,FALSE,-0.0836895660828973,0.771399380935368,FALSE,65
"Ocean2kHR_113","Ocn-TongueoftheOceanExuma.Rosenheim.2005","Sclerosponge","Sr/Ca",23.766,-76.053,"negative",-0.37591682489389,0.0133411500737851,TRUE,-0.37591682489389,0.0764310747217784,TRUE,-0.210409101150831,0.12996886214849,FALSE,-0.210409101150831,0.374189421720536,FALSE,65
"Ocean2kHR_114","Ocn-TongueoftheOcean.Rosenheim.2005","Sclerosponge","d18O",23.504,-76.577,"negative",0.238587928675992,0.134061398283553,FALSE,0.238587928675992,0.31852572537914,FALSE,0.174973397211709,0.223477330621231,FALSE,0.174973397211709,0.485377079489621,FALSE,65
"Ocean2kHR_115","Ocn-TongueoftheOcean.Rosenheim.2005","Sclerosponge","Sr/Ca",23.504,-76.577,"negative",0.0617116915853304,0.643105190215785,FALSE,0.0617116915853304,0.802697387726095,FALSE,0.154164108699849,0.232497790115137,FALSE,0.154164108699849,0.499708791948852,FALSE,65
"Ocean2kHR_116","Ocn-FloridaBay.Swart.1996","Coral","d18O",24.93,-80.75,"positive",-0.144392546377652,0.284433591628095,FALSE,-0.144392546377652,0.49674584520804,FALSE,-0.12136981869655,0.376779167972302,FALSE,-0.12136981869655,0.635494019005055,FALSE,60
"Ocean2kHR_118","Ocn-BiscayneBay.Swart.1996","Coral","d18O",25.38,-80.17,"positive",0.0337710616771638,0.810113643485931,FALSE,0.0337710616771638,0.910503652630773,FALSE,0.04001799925042,0.779023386912219,FALSE,0.04001799925042,0.909840521695592,FALSE,61
"Ocean2kHR_122","Ocn-GulfofMaine.Wanamaker.2007","MarineSediment","d18O",43.6561,-69.8017,"negative",-0.58489915502905,0.000131713093066119,TRUE,-0.58489915502905,0.00448556255830726,TRUE,-0.555386810133018,0.000198516178283858,TRUE,-0.555386810133018,0.00558552337989581,TRUE,75
"Ocean2kHR_123","Ocn-DryTortugas.DeLong.2014","Coral","Sr/Ca",24.6,-82.3,"negative",-0.445467414704005,0.0012020506548181,TRUE,-0.445467414704005,0.0204682514278748,TRUE,-0.367486679879892,0.00384818699966351,TRUE,-0.367486679879892,0.0523049143152876,TRUE,75
"Ocean2kHR_124","Ocn-Bermuda.DraschbaA.2000","Coral","d18O",30.0867,-64.5417,"negative",NA,NA,FALSE,NA,NA,FALSE,NA,NA,FALSE,NA,NA,FALSE,0
"Ocean2kHR_125","Ocn-Bermuda.DraschbaB.2000","Coral","d18O",30.0867,-64.5417,"negative",NA,NA,FALSE,NA,NA,FALSE,NA,NA,FALSE,NA,NA,FALSE,0
"Ocean2kHR_126","Ocn-MontegoBayJamaica.Haase-Schramm.2003","Sclerosponge","d18O",18.4667,-77.95,"negative",NA,NA,FALSE,NA,NA,FALSE,NA,NA,FALSE,NA,NA,FALSE,12
"Ocean2kHR_127","Ocn-MontegoBayJamaica.Haase-Schramm.2003","Sclerosponge","Sr/Ca",18.4667,-77.95,"negative",NA,NA,FALSE,NA,NA,FALSE,NA,NA,FALSE,NA,NA,FALSE,14
"Ocean2kHR_128","Ocn-PedroBankJamaica.Haase-Schramm.2003","Sclerosponge","d18O",17.5333,-78.95,"negative",NA,NA,FALSE,NA,NA,FALSE,NA,NA,FALSE,NA,NA,FALSE,18
"Ocean2kHR_129","Ocn-PedroBankJamaica.Haase-Schramm.2003","Sclerosponge","Sr/Ca",17.5333,-78.95,"negative",NA,NA,FALSE,NA,NA,FALSE,NA,NA,FALSE,NA,NA,FALSE,14
"Ocean2kHR_130","Ocn-GingerbreadsBahamas.Saenger.2009","Coral","calcificationRate",25.84,-78.62,"negative",0.175654611470171,0.217093900294905,FALSE,0.175654611470171,0.421134686331573,FALSE,0.229196922293531,0.101223313161115,FALSE,0.229196922293531,0.335637865243305,FALSE,66
"Ocean2kHR_131","Ocn-PuntaMaroma.Vasquez-Bedoya.2012","Coral","calcificationRate",20.83,-86.74,"negative",-0.484703601175563,0.000710717989883812,TRUE,-0.484703601175563,0.0136146914937118,TRUE,-0.481380288442388,0.000238062743081011,TRUE,-0.481380288442388,0.00614003491529774,TRUE,75
"Ocean2kHR_132","Ocn-Moorea.Boiseau.1998","Coral","d18O",-17.5,-149.8333,"negative",-0.156810192009359,0.337179454111126,FALSE,-0.156810192009359,0.560138225935285,FALSE,-0.228871117026213,0.121216191594578,FALSE,-0.228871117026213,0.361907996887141,FALSE,66
"Ocean2kHR_133","Ocn-Vanuatu.Quinn.1996","Coral","d18O",-15,166.99,"negative",0.0162953773030071,0.925198711064408,FALSE,0.0162953773030071,0.962897809647678,FALSE,-0.0858057914689598,0.604485810855207,FALSE,-0.0858057914689598,0.816979731265007,FALSE,54
"Ocean2kHR_134","Ocn-AmedeeIsland.DeLong.2012","Coral","Sr/Ca",-22.475,166.4667,"negative",-0.395409252668916,0.000446300454301824,TRUE,-0.395409252668916,0.010132673277297,TRUE,-0.361328224708712,0.00144765519882136,TRUE,-0.361328224708712,0.0284914288846152,TRUE,75
"Ocean2kHR_135","Ocn-Kiritimati.Evans.1998","Coral","d18O",1.6792,-157.2473,"negative",-0.612789035381959,2.07793928394413e-05,TRUE,-0.612789035381959,0.00112805767632677,TRUE,-0.562137695550652,5.55132761109693e-05,TRUE,-0.562137695550652,0.00264328599328385,TRUE,57
"Ocean2kHR_137","Ocn-XishaIslandSouthChinaSea.Sun.2004","Coral","Sr/Ca",16.85,112.33,"negative",-0.394290906088786,0.00451907050202061,TRUE,-0.394290906088786,0.0395741459676948,TRUE,-0.139094686347359,0.260986171073772,FALSE,-0.139094686347359,0.527678516389932,FALSE,69
"Ocean2kHR_138","Ocn-SecasIslandPanama.Linsley.1994","Coral","d18O",7.95,-82,"negative",-0.0133241778038463,0.925055092757205,FALSE,-0.0133241778038463,0.962897809647678,FALSE,-0.013316139297542,0.925790158108554,FALSE,-0.013316139297542,0.972944155974864,FALSE,60
"Ocean2kHR_139","Ocn-Palmyra.Cobb.2013","Coral","d18O",5.87,-162.13,"negative",-0.650461496903025,5.95671827157022e-06,TRUE,-0.650461496903025,0.000419477828134594,TRUE,-0.540926433708852,2.94559272140429e-05,TRUE,-0.540926433708852,0.00202591321616584,TRUE,70
"Ocean2kHR_140","Ocn-MadangLagoonPapuaNewGuinea.Kuhnert.2001","Coral","d18O",-5.2167,145.8167,"negative",-0.0758851537636225,0.582932177943203,FALSE,-0.0758851537636225,0.757070815845728,FALSE,-0.0193429595858046,0.885353004013252,FALSE,-0.0193429595858046,0.960141930369094,FALSE,68
"Ocean2kHR_141","Ocn-LaingIslandPapuaNewGuinea.Tudhope.2001","Coral","d18O",-4.15,144.8833,"negative",-0.363949563014231,0.0223624178172407,TRUE,-0.363949563014231,0.100183176852071,FALSE,-0.311597900142289,0.0442753091801707,TRUE,-0.311597900142289,0.212452840174618,FALSE,68
"Ocean2kHR_142","Ocn-SavusavuBayFiji.Bagnato.2005","Coral","d18O",-16.82,179.23,"negative",-0.474939051642972,0.00146884239679951,TRUE,-0.474939051642972,0.0230847210163362,TRUE,-0.361070478094209,0.008530012246025,TRUE,-0.361070478094209,0.08381075524269,TRUE,75
"Ocean2kHR_143","Ocn-NewIrelandPapua.Alibert.2008","Coral","Sr/Ca",-2.5,150.5,"negative",-0.13685217988397,0.363921525847522,FALSE,-0.13685217988397,0.589207986339393,FALSE,-0.226777489992283,0.112466593342634,FALSE,-0.226777489992283,0.351600107470155,FALSE,72
"Ocean2kHR_144","Ocn-Rabaul.Quinn.2006","Coral","d18O",-4.1916,151.9772,"negative",-0.348326341578379,0.00986616819871456,TRUE,-0.348326341578379,0.0629995948522086,TRUE,-0.375386157885597,0.00433580454423111,TRUE,-0.375386157885597,0.0534718236908055,TRUE,73
"Ocean2kHR_145","Ocn-Rabaul.Quinn.2006","Coral","Sr/Ca",-4.1916,151.9772,"negative",-0.206507098685931,0.151258617891107,FALSE,-0.206507098685931,0.337542242826844,FALSE,-0.476416485874948,8.7992866790517e-05,TRUE,-0.476416485874948,0.00340422403395813,TRUE,73
"Ocean2kHR_147","Ocn-Rarotonga_d18O2R.Linsley.2006","Coral","d18O",-21.2378,-159.8278,"negative",-0.397550793816517,0.0155829589842727,TRUE,-0.397550793816517,0.0823478780806824,TRUE,-0.216752706668941,0.124158660515807,FALSE,-0.216752706668941,0.364237966157745,FALSE,72
"Ocean2kHR_149","Ocn-RarotongaSrCa2r.Linsley.2006","Coral","Sr/Ca",-21.2378,-159.8278,"negative",-0.357235346761026,0.0129040155522156,TRUE,-0.357235346761026,0.0762314279336249,TRUE,-0.324205413383543,0.0192392308305617,TRUE,-0.324205413383543,0.125261399254622,FALSE,72
"Ocean2kHR_150","Ocn-Rarotonga_d18O3R.Linsley.2006","Coral","d18O",-21.2378,-159.8278,"negative",-0.485088018123062,0.00208051952152385,TRUE,-0.485088018123062,0.0271352865254069,TRUE,-0.298506052990848,0.0268315185833639,TRUE,-0.298506052990848,0.161249611680604,FALSE,75
"Ocean2kHR_152","Ocn-Rarotonga_d18O99.Linsley.2006","Coral","d18O",-21.2378,-159.8278,"negative",-0.355396000269617,0.0148837047017715,TRUE,-0.355396000269617,0.0817380183612017,TRUE,-0.145677347919583,0.257572948966948,FALSE,-0.145677347919583,0.526396179037951,FALSE,75
"Ocean2kHR_154","Ocn-Vanuatu.Gorman.2012","Coral","d18O",-15.94,166.04,"negative",-0.130455208000576,0.370625746393317,FALSE,-0.130455208000576,0.591556219772104,FALSE,-0.104766398158772,0.449094292912689,FALSE,-0.104766398158772,0.684233374195283,FALSE,75
"Ocean2kHR_156","Ocn-SavusavuBayAB.Linsley.2006","Coral","d18O",-16.8167,179.2333,"negative",-0.322941769184838,0.0143168268446347,TRUE,-0.322941769184838,0.0805157326216609,TRUE,-0.170365878219923,0.170913114360239,FALSE,-0.170365878219923,0.426211742713458,FALSE,75
"Ocean2kHR_157","Ocn-SavusavuBay1F.Linsley.2006","Coral","d18O",-16.8167,179.2333,"negative",-0.276191549572929,0.0460292439408287,TRUE,-0.276191549572929,0.161233865918446,FALSE,-0.116587820439051,0.367324524497363,FALSE,-0.116587820439051,0.627592041555464,FALSE,72
"Ocean2kHR_158","Ocn-SavusavuBay1F.Linsley.2006","Coral","Sr/Ca",-16.8167,179.2333,"negative",-0.273648929762162,0.0558926341706446,FALSE,-0.273648929762162,0.180327288140027,FALSE,-0.149037119280583,0.270110467553982,FALSE,-0.149037119280583,0.533943581101344,FALSE,72
"Ocean2kHR_159","Ocn-HaferaIsland.Wu.2013","Coral","Sr/Ca",-19.9333,-174.7167,"negative",-0.391351119201613,0.00362724298425575,TRUE,-0.391351119201613,0.0347421867085747,TRUE,-0.270191746288802,0.0328318116744033,TRUE,-0.270191746288802,0.179848596694298,FALSE,75
"Ocean2kHR_161","Ocn-Palmyra.Nurhati.2011","Coral","Sr/Ca",5.87,-162.13,"negative",-0.419579115663698,0.00385622247710257,TRUE,-0.419579115663698,0.0363671442840596,TRUE,-0.339309271386438,0.0122838901261558,TRUE,-0.339309271386438,0.104160657371102,FALSE,70
"Ocean2kHR_163","Ocn-Miyanohama.Felis.2009","Coral","d18O",27.1059,142.1941,"negative",-0.197401282764191,0.131534627443771,FALSE,-0.197401282764191,0.314963775871218,FALSE,-0.154092866610831,0.229784458747688,FALSE,-0.154092866610831,0.497330699177689,FALSE,70
"Ocean2kHR_164","Ocn-Miyanohama.Felis.2009","Coral","Sr/Ca",27.1059,142.1941,"negative",-0.347197842678362,0.0159401007144503,TRUE,-0.347197842678362,0.083264986594368,TRUE,-0.321462298852552,0.0187266244890739,TRUE,-0.321462298852552,0.123954727260827,FALSE,70
"Ocean2kHR_165_iso2k","CO09FEOG","Coral","d13C",27.1059,142.1941,"negative",-0.447163654962977,0.00295867368728124,TRUE,-0.447163654962977,0.0329757630964255,TRUE,-0.305567865310543,0.0287833827089406,TRUE,-0.305567865310543,0.165472155126416,FALSE,70
"Ocean2kHR_166","Ocn-DoubleReef.Asami.2005","Coral","d18O",13.5982,144.8359,"negative",-0.445720805409444,0.00657683434357321,TRUE,-0.445720805409444,0.0503949931576298,TRUE,-0.321017555166016,0.0338900347599151,TRUE,-0.321017555166016,0.184016943126206,FALSE,75
"Ocean2kHR_167","Ocn-AbrahamReef.Druffel.1999","Coral","d18O",-22.1,153,"negative",-0.278184090951887,0.0796439489796831,FALSE,-0.278184090951887,0.22921005034998,FALSE,-0.101653668185682,0.486447320826512,FALSE,-0.101653668185682,0.718939207831753,FALSE,54
"Ocean2kHR_169","Ocn-ClippertonAtoll.Linsley.2000","Coral","d18O",10.2773,-109.2131,"negative",-0.340431326247195,0.00816345524378652,TRUE,-0.340431326247195,0.0557957296552531,TRUE,-0.275402039073839,0.0294053910563905,TRUE,-0.275402039073839,0.165472155126416,FALSE,69
"Ocean2kHR_171","Ocn-BunakenIsland.Charles.2003","Coral","d18O",-1.5,124.833,"negative",0.095519439557775,0.485010020249206,FALSE,0.095519439557775,0.687532089145873,FALSE,0.0979154447950559,0.470814158639967,FALSE,0.0979154447950559,0.704830561879402,FALSE,66
"Ocean2kHR_172","Ocn-MadangLagoonPapuaNewGuinea.Tudhope.1995","Coral","d18O",-5.22,145.82,"negative",-0.0392561059821126,0.768980896412196,FALSE,-0.0392561059821126,0.887731241997507,FALSE,0.0492347591688808,0.704153344723359,FALSE,0.0492347591688808,0.873488818404328,FALSE,66
"Ocean2kHR_173","Ocn-UrvinaBay.Dunbar.1994","Coral","d18O",-0.4,-91.23,"negative",-0.61216770708672,6.15872830866451e-06,TRUE,-0.61216770708672,0.000419477828134594,TRUE,-0.592298661978079,1.44953027870717e-05,TRUE,-0.592298661978079,0.00128179891788534,TRUE,46
"Ocean2kHR_174","Ocn-MaloChannelEspirituSantoIsland.Kilbourne.2004","Coral","d18O",-15.7,167.2,"negative",-0.326179652714711,0.0317563535394853,TRUE,-0.326179652714711,0.132834360005754,FALSE,-0.186404753166939,0.1810194328287,FALSE,-0.186404753166939,0.434306313647153,FALSE,64
"Ocean2kHR_175","Ocn-MaloChannelEspirituSantoIsland.Kilbourne.2004","Coral","Sr/Ca",-15.7,167.2,"negative",-0.0766005444030223,0.664125697019536,FALSE,-0.0766005444030223,0.814218104545952,FALSE,-0.114626277122376,0.486648672183368,FALSE,-0.114626277122376,0.718939207831753,FALSE,64
"Ocean2kHR_176_iso2k","CO04KIVA","Coral","d13C",-15.7,167.2,"negative",-0.303399196766997,0.0754340799474277,FALSE,-0.303399196766997,0.221249239271642,FALSE,-0.083561394549244,0.570456637304082,FALSE,-0.083561394549244,0.788197898417917,FALSE,64
"Ocean2kHR_177","Ocn-Maiana.Urban.2000","Coral","d18O",1,173,"negative",-0.663183106139242,2.28907061387501e-05,TRUE,-0.663183106139242,0.00112805767632677,TRUE,-0.499491450075124,0.000125238004275766,TRUE,-0.499491450075124,0.00421155706396719,TRUE,69
"Ocean2kHR_178","Ocn-Tarawa.Cole.1990","Coral","d18O",1,172,"negative",-0.485941061218371,0.0010129647516196,TRUE,-0.485941061218371,0.0177413540783661,TRUE,-0.403161165291893,0.00388695647577258,TRUE,-0.403161165291893,0.0523049143152876,TRUE,64
"Ocean2kHR_179","Ocn-Nauru.Guilderson.1999","Coral","d18O",-0.533,166.9283,"negative",-0.447685924921694,0.0151009632449249,TRUE,-0.447685924921694,0.0817380183612017,TRUE,-0.287450063321098,0.0778477860727809,FALSE,-0.287450063321098,0.285134790408588,FALSE,69
"Ocean2kHR_181","Ocn-PalauRockIslands.Osborne.2014","Coral","d18O",7.2708,134.3837,"negative",-0.243415118480509,0.0886855898287691,FALSE,-0.243415118480509,0.248238660114317,FALSE,-0.0959142771564871,0.467549545565695,FALSE,-0.0959142771564871,0.704168293686533,FALSE,75
"Ocean2kHR_183","Ocn-PalauUlongChannel.Osborne.2014","Coral","d18O",7.2859,134.2503,"negative",-0.238100570700128,0.111127866459521,FALSE,-0.238100570700128,0.286224294704565,FALSE,-0.270057306677507,0.0469198200045342,TRUE,-0.270057306677507,0.21762919188727,FALSE,75
"Ocean2kHR_185","Ocn-Clipperton2b.Wu.2014","Coral","Sr/Ca",10.2773,-109.2131,"negative",-0.378900542116053,0.00781201449388317,TRUE,-0.378900542116053,0.0550432745373607,TRUE,-0.343996329154153,0.0138992606249911,TRUE,-0.343996329154153,0.111735614634669,FALSE,60
"Ocean2kHR_186","Ocn-Clipperton6a.Wu.2014","Coral","Sr/Ca",10.2773,-109.2131,"negative",-0.353980022388236,0.0202276924875487,TRUE,-0.353980022388236,0.095381349960518,TRUE,-0.29702412950923,0.0440948211421506,TRUE,-0.29702412950923,0.212452840174618,FALSE,53
"Ocean2kHR_187","Ocn-Clipperton4b.Wu.2014","Coral","Sr/Ca",10.2773,-109.2131,"negative",-0.357938609735798,0.00544863176853847,TRUE,-0.357938609735798,0.0433767697936894,TRUE,-0.316645647224827,0.012870055848241,TRUE,-0.316645647224827,0.106220860934149,FALSE,69
"Ocean2kHR_188","Ocn-Clipperton1b.Wu.2014","Coral","d18O",10.2773,-109.2131,"negative",-0.173025795348788,0.377322156494115,FALSE,-0.173025795348788,0.591556219772104,FALSE,-0.316321596030295,0.091033983674517,FALSE,-0.316321596030295,0.320274156779304,FALSE,32
"Ocean2kHR_189","Ocn-Clipperton1b.Wu.2014","Coral","Sr/Ca",10.2773,-109.2131,"negative",-0.0153201108918439,0.936971676107852,FALSE,-0.0153201108918439,0.968523607701099,FALSE,-0.0562365251222498,0.7691460256985,FALSE,-0.0562365251222498,0.90170717785487,FALSE,32
"Ocean2kHR_190","Ocn-GBR.Wei.2009","Coral","d18O",-16.7167,146.0333,"negative",-0.263222450471356,0.0397728824029564,TRUE,-0.263222450471356,0.146872150078387,FALSE,-0.119583127091276,0.346605944543928,FALSE,-0.119583127091276,0.616520343887044,FALSE,64
"Ocean2kHR_191","Ocn-GBR.Wei.2009","Coral","Sr/Ca",-16.7167,146.0333,"negative",-0.117425380198773,0.360805551132427,FALSE,-0.117425380198773,0.589207986339393,FALSE,0.0628652320501882,0.623271085896715,FALSE,0.0628652320501882,0.822611518486283,FALSE,64
"Ocean2kHR_193","Ocn-CoralSea.Calvo.2007","Coral","d18O",-17.73,148.43,"negative",NA,NA,FALSE,NA,NA,FALSE,NA,NA,FALSE,NA,NA,FALSE,13
"Ocean2kHR_194","Ocn-CoralSea.Calvo.2007","Coral","Sr/Ca",-17.73,148.43,"negative",NA,NA,FALSE,NA,NA,FALSE,NA,NA,FALSE,NA,NA,FALSE,13
"PYT041CE8JO","JR51-GC35.Bendle.2007","MarineSediment","temperature",66.59,-17.56,"positive",NA,NA,FALSE,NA,NA,FALSE,NA,NA,FALSE,NA,NA,FALSE,0
"PYT0IFU85C3","PSh-5159N.Risebrobakken.2011","MarineSediment","temperature",71.35,22.6333,"positive",NA,NA,FALSE,NA,NA,FALSE,NA,NA,FALSE,NA,NA,FALSE,2
"PYT0UICY9DO","FauskeCave.Linge.2009","Speleothem","d18O",67.22,15.81,"negative",NA,NA,FALSE,NA,NA,FALSE,NA,NA,FALSE,NA,NA,FALSE,1
"PYT295BX2KQ","Century.Johnsen.1972","GlacierIce","d18O",77.17,-61.13,"positive",NA,NA,FALSE,NA,NA,FALSE,NA,NA,FALSE,NA,NA,FALSE,0
"PYT40VBXBG5","P1B3.deVernal.2005","MarineSediment","temperature",73.683,-162.66,"positive",NA,NA,FALSE,NA,NA,FALSE,NA,NA,FALSE,NA,NA,FALSE,0
"PYT581AWKCZ","Tornetrask.Grudd.2002","Wood","temperature",68,20,"positive",0.264050470536835,0.0355520461242043,TRUE,0.264050470536835,0.138811492191957,FALSE,0.262582497421906,0.0365825267381935,TRUE,0.262582497421906,0.191903254668998,FALSE,72
"PYT5QHZ4RLO","PSh-5159N.Risebrobakken.2011","MarineSediment","temperature",71.35,22.6333,"positive",NA,NA,FALSE,NA,NA,FALSE,NA,NA,FALSE,NA,NA,FALSE,4
"PYT6CZBVE1E","JR01.Fortin.2017","LakeSediment","temperature",69.9,-95.07,"positive",NA,NA,FALSE,NA,NA,FALSE,NA,NA,FALSE,NA,NA,FALSE,7
"PYTAUVXNNEA","DYE3.Vinther.2006","GlacierIce","d18O",65.1833,-43.82,"positive",NA,NA,FALSE,NA,NA,FALSE,NA,NA,FALSE,NA,NA,FALSE,3
"PYTBSFC6CTW","Soylegrotta.Lauritzen.1999","Speleothem","temperature",66.62,13.68,"positive",NA,NA,FALSE,NA,NA,FALSE,NA,NA,FALSE,NA,NA,FALSE,0
"PYTCX8JIV0J","BrayaSo.DAndrea.2011","LakeSediment","Uk37",66.9875,-51.0333,"positive",NA,NA,FALSE,NA,NA,FALSE,NA,NA,FALSE,NA,NA,FALSE,8
"PYTE06JD9X4","MD99-2284.Risebrobakken.2009","MarineSediment","temperature",62.3667,0.9667,"positive",NA,NA,FALSE,NA,NA,FALSE,NA,NA,FALSE,NA,NA,FALSE,0
"PYTH91MXU0Z","P1003.Sejrup.2011","MarineSediment","temperature",63.7622,5.2553,"positive",-0.0865547580507443,0.676902785918135,FALSE,-0.0865547580507443,0.820042307841535,FALSE,-0.0869277727484566,0.675811616962882,FALSE,-0.0869277727484566,0.855475237014364,FALSE,26
"PYTHQFCVRSQ","vikjordvatnet.Balascio.2012","LakeSediment","organicMatter",68.227,14.063,"positive",NA,NA,FALSE,NA,NA,FALSE,NA,NA,FALSE,NA,NA,FALSE,0
"PYTI3HL2Q73","Hudson.Clegg.2011","LakeSediment","temperature",61.9,-145.6667,"positive",NA,NA,FALSE,NA,NA,FALSE,NA,NA,FALSE,NA,NA,FALSE,3
"PYTIFNEXCAM","Hvitarvatn.Larsen.2013","LakeSediment","PC1",64.6167,-19.85,"positive",NA,NA,FALSE,NA,NA,FALSE,NA,NA,FALSE,NA,NA,FALSE,1
"PYTIYA2IC5S","Qipisarqo.Frechette.2009","LakeSediment","temperature",61.0114,-47.7536,"positive",NA,NA,FALSE,NA,NA,FALSE,NA,NA,FALSE,NA,NA,FALSE,6
"PYTJ3JMX39H","Nautajarvi.Seppa.2009","LakeSediment","temperature",61.8,24.7,"positive",NA,NA,FALSE,NA,NA,FALSE,NA,NA,FALSE,NA,NA,FALSE,0
"PYTKYQ4C1WD","Lonespruce.Kaufman.2012","LakeSediment","BSi",60.007,-159.143,"positive",0.184788127588249,0.366146275169989,FALSE,0.184788127588249,0.589207986339393,FALSE,-0.131117870665636,0.523176210303422,FALSE,-0.131117870665636,0.751604455101924,FALSE,26
"PYTMDYO5TUV","MD99-2322.Jennings.2011","MarineSediment","temperature",67.1363,-30.8278,"positive",NA,NA,FALSE,NA,NA,FALSE,NA,NA,FALSE,NA,NA,FALSE,0
"PYTMVGBLPHG_SST_from_d18O","P1003.Sejrup.2011","MarineSediment","temperature",63.7622,5.2553,"positive",-0.0641092100904588,0.757657413263949,FALSE,-0.0641092100904588,0.882973373252473,FALSE,-0.0646174690931336,0.755908896982791,FALSE,-0.0646174690931336,0.897149456278685,FALSE,26
"PYTNG9UXJDL","Lapland.Helama.2009","Wood","temperature",69,25,"positive",0.3348411265148,0.00332075487813135,TRUE,0.3348411265148,0.0345495965003907,TRUE,0.343210540775598,0.00257400467123669,TRUE,0.343210540775598,0.0388611924755003,TRUE,75
"PYTQSL3KBPX","MD99-2322.Jennings.2011","MarineSediment","d18O",67.1363,-30.8278,"negative",NA,NA,FALSE,NA,NA,FALSE,NA,NA,FALSE,NA,NA,FALSE,0
"PYTRM8XIQ8J","MD99-2269.Justwan.2008","MarineSediment","temperature",66.85,-20.85,"positive",NA,NA,FALSE,NA,NA,FALSE,NA,NA,FALSE,NA,NA,FALSE,1
"PYTSIOJ5D6Y","Penny.Fisher.1998","GlacierIce","d18O",67.25,-66.75,"positive",NA,NA,FALSE,NA,NA,FALSE,NA,NA,FALSE,NA,NA,FALSE,6
"PYTT52RRIXK","agassiz.Vinther.2009","GlacierIce","d18O",80.7,-73.1,"positive",NA,NA,FALSE,NA,NA,FALSE,NA,NA,FALSE,NA,NA,FALSE,2
"PYTTTRD8PMK","P1B3.deVernal.2005","MarineSediment","temperature",73.683,-162.66,"positive",NA,NA,FALSE,NA,NA,FALSE,NA,NA,FALSE,NA,NA,FALSE,0
"PYTZPNPWL0E","GRIP.Vinther.2006","GlacierIce","d18O",72.58,-37.63,"positive",NA,NA,FALSE,NA,NA,FALSE,NA,NA,FALSE,NA,NA,FALSE,3
"PYTZZK6DD6Y","agassiz.Vinther.2009","GlacierIce","iceMelt",80.7,-73.1,"positive",NA,NA,FALSE,NA,NA,FALSE,NA,NA,FALSE,NA,NA,FALSE,3
"R17xYRh9kl8","GrosserTreppelsee.EPD","LakeSediment","temperature",52.15,14.45,"positive",NA,NA,FALSE,NA,NA,FALSE,NA,NA,FALSE,NA,NA,FALSE,4
"R1VvKcChK6w","ThorpeBulmer.EPD","Peat","temperature",54.72,-1.3,"positive",NA,NA,FALSE,NA,NA,FALSE,NA,NA,FALSE,NA,NA,FALSE,0
"R2YRQoGNa9m","GrosserTreppelsee.EPD","LakeSediment","temperature",52.15,14.45,"positive",NA,NA,FALSE,NA,NA,FALSE,NA,NA,FALSE,NA,NA,FALSE,4
"R3CvZBuTHNk","LaPAS_KF02.Pivel.2013","MarineSediment","temperature",-25.84,-45.2,"positive",NA,NA,FALSE,NA,NA,FALSE,NA,NA,FALSE,NA,NA,FALSE,0
"R3dXXzumBqy","TurovaDacha.EPD","Peat","temperature",48.9,24.1,"positive",NA,NA,FALSE,NA,NA,FALSE,NA,NA,FALSE,NA,NA,FALSE,0
"R4z8Co5Aghx","MD95_2011Assemblage.Risebrobakken.2003","MarineSediment","temperature",66.9697,7.6393,"positive",NA,NA,FALSE,NA,NA,FALSE,NA,NA,FALSE,NA,NA,FALSE,0
"R5Ek0KGz0Mt","Trogenmoos.EPD","Peat","temperature",46.76,7.86,"positive",NA,NA,FALSE,NA,NA,FALSE,NA,NA,FALSE,NA,NA,FALSE,6
"R7DxiAHp0lf","BiskupinskieLake.Noryskiewicz.1995","LakeSediment","temperature",52.78,17.73,"positive",NA,NA,FALSE,NA,NA,FALSE,NA,NA,FALSE,NA,NA,FALSE,0
"R7fUjXXz6iN","Wachel3.Doerfler.1989","LakeSediment","temperature",53.44,8.87,"positive",NA,NA,FALSE,NA,NA,FALSE,NA,NA,FALSE,NA,NA,FALSE,0
"RA2dcet2sLE","CF8.Axford.2011","LakeSediment","temperature",70.5569,-68.9519,"positive",NA,NA,FALSE,NA,NA,FALSE,NA,NA,FALSE,NA,NA,FALSE,3
"RAdkAjjn94R","Akvaqiak.Frechette.2009","LakeSediment","temperature",66.78,-63.95,"positive",NA,NA,FALSE,NA,NA,FALSE,NA,NA,FALSE,NA,NA,FALSE,1
"RAt0wcea1H7","LacBrule.Pollen.Canada","LakeSediment","temperature",45.717,-75.683,"positive",NA,NA,FALSE,NA,NA,FALSE,NA,NA,FALSE,NA,NA,FALSE,3
"RB06CbW36T4","Schoepfenwaldmoor.EPD","Peat","temperature",46.74,7.85,"positive",NA,NA,FALSE,NA,NA,FALSE,NA,NA,FALSE,NA,NA,FALSE,9
"RBFjUCSs1ez","Holzmaar.Litt.2009","LakeSediment","temperature",50.1167,6.8833,"positive",NA,NA,FALSE,NA,NA,FALSE,NA,NA,FALSE,NA,NA,FALSE,4
"RclKPHfeaEb","CarletonLake.Upiter.2014","LakeSediment","temperature",64.2572,-110.1008,"positive",NA,NA,FALSE,NA,NA,FALSE,NA,NA,FALSE,NA,NA,FALSE,1
"RER8TJdr7Dg","LochLaxford.EPD","Peat","temperature",58.37,-5,"positive",NA,NA,FALSE,NA,NA,FALSE,NA,NA,FALSE,NA,NA,FALSE,0
"Rfe0do1gMXq","MeerfelderMaar.Litt.2009","LakeSediment","temperature",50.1,6.75,"positive",NA,NA,FALSE,NA,NA,FALSE,NA,NA,FALSE,NA,NA,FALSE,0
"RFVTO3m1qP4","WilderSeebeimRuhestein.EPD","LakeSediment","temperature",48.57,8.24,"positive",NA,NA,FALSE,NA,NA,FALSE,NA,NA,FALSE,NA,NA,FALSE,0
"Rg3HFqd9DyA","ThorpeBulmer.EPD","Peat","temperature",54.72,-1.3,"positive",NA,NA,FALSE,NA,NA,FALSE,NA,NA,FALSE,NA,NA,FALSE,0
"RGAbzuFoTA4","WilderSeebeimRuhestein.EPD","LakeSediment","temperature",48.57,8.24,"positive",NA,NA,FALSE,NA,NA,FALSE,NA,NA,FALSE,NA,NA,FALSE,0
"RGx72to7BAg","KR02Chironomid.Fortin.2010","LakeSediment","temperature",71.34,-113.78,"positive",NA,NA,FALSE,NA,NA,FALSE,NA,NA,FALSE,NA,NA,FALSE,10
"Rh47NjRo74x","LochLaxford.EPD","Peat","temperature",58.37,-5,"positive",NA,NA,FALSE,NA,NA,FALSE,NA,NA,FALSE,NA,NA,FALSE,0
"RhF20RCQseU","JR01Chironomid.Fortin.2017","LakeSediment","temperature",69.9,-95.07,"positive",NA,NA,FALSE,NA,NA,FALSE,NA,NA,FALSE,NA,NA,FALSE,3
"RHLePxbL9rI","MooseLake.Clegg.2010","LakeSediment","temperature",61.3742,-143.5988,"positive",NA,NA,FALSE,NA,NA,FALSE,NA,NA,FALSE,NA,NA,FALSE,4
"RiOf362hfE8","Holzmaar.Litt.2009","LakeSediment","temperature",50.1167,6.8833,"positive",NA,NA,FALSE,NA,NA,FALSE,NA,NA,FALSE,NA,NA,FALSE,4
"RiqkBNqHL3T","Holzmaar.Litt.2009","LakeSediment","temperature",50.1167,6.8833,"positive",NA,NA,FALSE,NA,NA,FALSE,NA,NA,FALSE,NA,NA,FALSE,4
"RJKdqzZ2YGb","TurovaDacha.EPD","Peat","temperature",48.9,24.1,"positive",NA,NA,FALSE,NA,NA,FALSE,NA,NA,FALSE,NA,NA,FALSE,0
"RjpliLMztwC","Schoepfenwaldmoor.EPD","Peat","temperature",46.74,7.85,"positive",NA,NA,FALSE,NA,NA,FALSE,NA,NA,FALSE,NA,NA,FALSE,9
"RJqjApSHsW5","Sipola.EPD","Peat","temperature",65.05,24.79,"positive",NA,NA,FALSE,NA,NA,FALSE,NA,NA,FALSE,NA,NA,FALSE,1
"Rkmjxk9vPEY","CarletonLake.Upiter.2014","LakeSediment","temperature",64.2572,-110.1008,"positive",NA,NA,FALSE,NA,NA,FALSE,NA,NA,FALSE,NA,NA,FALSE,1
"RKQKWjMOAcW","Trogenmoos.EPD","Peat","temperature",46.76,7.86,"positive",NA,NA,FALSE,NA,NA,FALSE,NA,NA,FALSE,NA,NA,FALSE,6
"RKWI7Fh79Uk","Sipola.EPD","Peat","temperature",65.05,24.79,"positive",NA,NA,FALSE,NA,NA,FALSE,NA,NA,FALSE,NA,NA,FALSE,1
"RLcBkd6hOuO","D13902","MarineSediment","temperature",38.554,-9.3355,"positive",NA,NA,FALSE,NA,NA,FALSE,NA,NA,FALSE,NA,NA,FALSE,20
"RljZTHj20qj","Trogenmoos.EPD","Peat","temperature",46.76,7.86,"positive",NA,NA,FALSE,NA,NA,FALSE,NA,NA,FALSE,NA,NA,FALSE,6
"RLlDtgL9a38","MeerfelderMaar.Litt.2009","LakeSediment","temperature",50.1,6.75,"positive",NA,NA,FALSE,NA,NA,FALSE,NA,NA,FALSE,NA,NA,FALSE,0
"RLmz8TJDPA5","Schoepfenwaldmoor.EPD","Peat","temperature",46.74,7.85,"positive",NA,NA,FALSE,NA,NA,FALSE,NA,NA,FALSE,NA,NA,FALSE,9
"RLVhTGXvCnW","DANA12_11_2_GC01.VanNieuwenhove.2018","MarineSediment","temperature",61.6089,-20.7027,"positive",NA,NA,FALSE,NA,NA,FALSE,NA,NA,FALSE,NA,NA,FALSE,0
"RMJe78p5Rbv","GeoB6211_2","MarineSediment","temperature",-32.5052,-50.2427,"positive",NA,NA,FALSE,NA,NA,FALSE,NA,NA,FALSE,NA,NA,FALSE,0
"RmkH7bJsTt4","CC04.Gibb.2015","MarineSediment","temperature",61.4639,-58.0365,"positive",NA,NA,FALSE,NA,NA,FALSE,NA,NA,FALSE,NA,NA,FALSE,1
"RoO1DPJKvcS","BiskupinskieLake.Noryskiewicz.1995","LakeSediment","temperature",52.78,17.73,"positive",NA,NA,FALSE,NA,NA,FALSE,NA,NA,FALSE,NA,NA,FALSE,0
"Rp1oVLUaXiR","MeerfelderMaar.Litt.2009","LakeSediment","temperature",50.1,6.75,"positive",NA,NA,FALSE,NA,NA,FALSE,NA,NA,FALSE,NA,NA,FALSE,0
"Rp8WBdVm37h","MD95_2011Assemblage.Risebrobakken.2003","MarineSediment","temperature",66.9697,7.6393,"positive",NA,NA,FALSE,NA,NA,FALSE,NA,NA,FALSE,NA,NA,FALSE,0
"RpShT6icGvp","Wachel3.Doerfler.1989","LakeSediment","temperature",53.44,8.87,"positive",NA,NA,FALSE,NA,NA,FALSE,NA,NA,FALSE,NA,NA,FALSE,0
"RR7iIYb69dm","CC04.Gibb.2015","MarineSediment","temperature",61.4639,-58.0365,"positive",NA,NA,FALSE,NA,NA,FALSE,NA,NA,FALSE,NA,NA,FALSE,1
"RRGNAojoZVh","MD95_2011Assemblage.Risebrobakken.2003","MarineSediment","temperature",66.9697,7.6393,"positive",NA,NA,FALSE,NA,NA,FALSE,NA,NA,FALSE,NA,NA,FALSE,0
"RRKxz11hFqw","BiskupinskieLake.Noryskiewicz.1995","LakeSediment","temperature",52.78,17.73,"positive",NA,NA,FALSE,NA,NA,FALSE,NA,NA,FALSE,NA,NA,FALSE,0
"RRY0jogRrD7","Pella.Lim.2016","Midden","temperature",-29.0011,19.135,"positive",NA,NA,FALSE,NA,NA,FALSE,NA,NA,FALSE,NA,NA,FALSE,0
"RS6bfDiYewq","Sipola.EPD","Peat","temperature",65.05,24.79,"positive",NA,NA,FALSE,NA,NA,FALSE,NA,NA,FALSE,NA,NA,FALSE,1
"RShtOmHDliM","Agassiz.Lecavalier.2017","GlacierIce","temperature",80.67,-73.5,"positive",NA,NA,FALSE,NA,NA,FALSE,NA,NA,FALSE,NA,NA,FALSE,1
"RsOB194uJ4j","GrosserTreppelsee.EPD","LakeSediment","temperature",52.15,14.45,"positive",NA,NA,FALSE,NA,NA,FALSE,NA,NA,FALSE,NA,NA,FALSE,4
"RtBrqt8sD6A","WilderSeebeimRuhestein.EPD","LakeSediment","temperature",48.57,8.24,"positive",NA,NA,FALSE,NA,NA,FALSE,NA,NA,FALSE,NA,NA,FALSE,0
"RtcHGLf9lJV","BiglandTarn.Barber.2013","LakeSediment","temperature",54.24,-2.99,"positive",NA,NA,FALSE,NA,NA,FALSE,NA,NA,FALSE,NA,NA,FALSE,1
"RTdDwazy1bI","MilandreCave.Affolter.2019","Speleothem","temperature",47.49,7.02,"positive",NA,NA,FALSE,NA,NA,FALSE,NA,NA,FALSE,NA,NA,FALSE,1
"RUnlWXfu5ci","TurovaDacha.EPD","Peat","temperature",48.9,24.1,"positive",NA,NA,FALSE,NA,NA,FALSE,NA,NA,FALSE,NA,NA,FALSE,0
"RVIIY9tLqwu","ChallaLake.Damst.2012","LakeSediment","temperature",-3.3167,37.7,"positive",NA,NA,FALSE,NA,NA,FALSE,NA,NA,FALSE,NA,NA,FALSE,2
"RW5NY4lp9VS","LacNoir.Pollen.Canada","LakeSediment","temperature",45.775,-75.135,"positive",NA,NA,FALSE,NA,NA,FALSE,NA,NA,FALSE,NA,NA,FALSE,8
"RWMZwH85pYo","LochLaxford.EPD","Peat","temperature",58.37,-5,"positive",NA,NA,FALSE,NA,NA,FALSE,NA,NA,FALSE,NA,NA,FALSE,0
"RxEPVgNeOJJ","Wachel3.Doerfler.1989","LakeSediment","temperature",53.44,8.87,"positive",NA,NA,FALSE,NA,NA,FALSE,NA,NA,FALSE,NA,NA,FALSE,0
"RXGw2dCgVOx","KR02Chironomid.Fortin.2010","LakeSediment","temperature",71.34,-113.78,"positive",NA,NA,FALSE,NA,NA,FALSE,NA,NA,FALSE,NA,NA,FALSE,10
"RxPYP3y92HP","CC04.Gibb.2015","MarineSediment","temperature",61.4639,-58.0365,"positive",NA,NA,FALSE,NA,NA,FALSE,NA,NA,FALSE,NA,NA,FALSE,1
"RZQSGG3lsml","ThorpeBulmer.EPD","Peat","temperature",54.72,-1.3,"positive",NA,NA,FALSE,NA,NA,FALSE,NA,NA,FALSE,NA,NA,FALSE,0
"S2LRDCZHedzPkm","TeReingacave.Lorrey.2008","Speleothem","d18O",-38.82,177.52,"positive",NA,NA,FALSE,NA,NA,FALSE,NA,NA,FALSE,NA,NA,FALSE,0
"S2LREFfg8jnl0z","TeReingacave.Lorrey.2008","Speleothem","d18O",-38.82,177.52,"positive",NA,NA,FALSE,NA,NA,FALSE,NA,NA,FALSE,NA,NA,FALSE,0
"S2LRsiwBinOC1B","Spannagelcave.Fohlmeister.2013","Speleothem","d18O",47.08,11.67,"negative",NA,NA,FALSE,NA,NA,FALSE,NA,NA,FALSE,NA,NA,FALSE,14
"S2LRTSbmem1S2v","Hollywoodcave.Whittaker.2011","Speleothem","d18O",-41.95,171.47,"positive",NA,NA,FALSE,NA,NA,FALSE,NA,NA,FALSE,NA,NA,FALSE,7
"S2LRXN9VFcK1az","NaturalBridgecaverns.Wong.2015","Speleothem","d13C",29.69,-98.34,"positive",NA,NA,FALSE,NA,NA,FALSE,NA,NA,FALSE,NA,NA,FALSE,2
"SAm_010","SAm-CentralAndes15.Neukom.2014","Wood","trsgi",-41.17,-71.92,"positive",0.343160566084001,0.00955025006002022,TRUE,0.343160566084001,0.0619524532103473,TRUE,0.266219538623779,0.0369047975885077,TRUE,0.266219538623779,0.191966972330137,FALSE,66
"SAm_015","SAm-CentralAndes6.Villalba.2014","Wood","trsgi",-38.5,-71.5,"positive",-0.0534302921807323,0.712779185023159,FALSE,-0.0534302921807323,0.853386016443743,FALSE,-0.0647757162352491,0.632818046942706,FALSE,-0.0647757162352491,0.82640162670366,FALSE,75
"SAm_020","SAm-CentralAndes9.Mundo.2014","Wood","trsgi",-39.33,-71.25,"positive",-0.488569206971409,0.000414850281552129,FALSE,-0.488569206971409,0.010132673277297,FALSE,-0.26285867264047,0.0282342320282564,FALSE,-0.26285867264047,0.165472155126416,FALSE,75
"SAm_0243","SAm-LagunaAculeo.vonGunten.2009","LakeSediment","temperature",-33.85,-70.92,"positive",0.446373620757709,0.0427936316540088,TRUE,0.446373620757709,0.155611750860234,FALSE,0.307201358277866,0.0912308780582199,FALSE,0.307201358277866,0.320274156779304,FALSE,72
"SAm_025","SAm-LagunaChepical.deJong.2013","LakeSediment","temperature",-32.2667,-70.5,"positive",-0.184428326755989,0.432370182709696,FALSE,-0.184428326755989,0.637164225075378,FALSE,-0.222104095346913,0.222569170341278,FALSE,-0.222104095346913,0.485377079489621,FALSE,75
"SAm_032","SAm-LagunaEscondida.Elbert.2013","LakeSediment","temperature",-45.5167,-71.8167,"positive",-0.0300182545250912,0.845778668109785,FALSE,-0.0300182545250912,0.930812071007717,FALSE,0.111281722299114,0.378273352343554,FALSE,0.111281722299114,0.636280448643098,FALSE,75
"SAm_035","SAm-QuelccayaIceCap.Thompson.2013","GlacierIce","d18O",-13.9333,-70.8333,"positive",0.295589828907206,0.106786308798527,FALSE,0.295589828907206,0.280944237311145,FALSE,0.284236330574948,0.116125250205685,FALSE,0.284236330574948,0.357619551628454,FALSE,75
"SP05MAAT01A","SP05MAAT","Speleothem","d18O",47.09,11.67,"positive",NA,NA,FALSE,NA,NA,FALSE,NA,NA,FALSE,NA,NA,FALSE,7
"SP10WINZ01A","SP10WINZ.Williams.2010","Speleothem","d18O",-42,172,"positive",NA,NA,FALSE,NA,NA,FALSE,NA,NA,FALSE,NA,NA,FALSE,0
"T2L_GIK17940_2_d18o_ruber_SST_from_d18o_ruber","GIK17940_2.Pelejero.1999","MarineSediment","temperature",20.1167,117.3833,"positive",NA,NA,FALSE,NA,NA,FALSE,NA,NA,FALSE,NA,NA,FALSE,1
"T2L_KY07_04_PC1_mgca_ruber_SST_from_mgca_ruber","KY07_04_PC1.Kubota.2010","MarineSediment","temperature",31.63,128.95,"positive",NA,NA,FALSE,NA,NA,FALSE,NA,NA,FALSE,NA,NA,FALSE,1
"T2L_M135_005_3_uk37_SST_from_uk37","M135_005_3.Salvatteci.2019","MarineSediment","temperature",-17.4205,-71.769,"positive",NA,NA,FALSE,NA,NA,FALSE,NA,NA,FALSE,NA,NA,FALSE,2
"T2L_MD79_257_uk37_SST_from_uk37","MD79_257.Bard.1997","MarineSediment","temperature",-20.4,36.33,"positive",NA,NA,FALSE,NA,NA,FALSE,NA,NA,FALSE,NA,NA,FALSE,0
"T2L_MD98_2161_d18o_ruber_SST_from_d18o_ruber","MD98_2161.Fan.2018","MarineSediment","temperature",-5.21,117.48,"positive",NA,NA,FALSE,NA,NA,FALSE,NA,NA,FALSE,NA,NA,FALSE,1
"T2L_MD98_2161_mgca_ruber_SST_from_mgca_ruber","MD98_2161.Fan.2018","MarineSediment","temperature",-5.21,117.48,"positive",NA,NA,FALSE,NA,NA,FALSE,NA,NA,FALSE,NA,NA,FALSE,1
"T2L_MD98_2181_d18o_ruber_SST_from_d18o_ruber","MD98_2181.Stott.2007","MarineSediment","temperature",6.3,125.82,"positive",NA,NA,FALSE,NA,NA,FALSE,NA,NA,FALSE,NA,NA,FALSE,2
"T2L_MD99_2269_d18o_pachyderma_SST_from_d18o_pachyderma","MD99_2269.Kristjnsd_ttir.2017","MarineSediment","temperature",66.6413,-20.8632,"positive",NA,NA,FALSE,NA,NA,FALSE,NA,NA,FALSE,NA,NA,FALSE,0
"T2L_MD99_2269_mgca_pachyderma_SST_from_mgca_pachyderma","MD99_2269.Kristjnsd_ttir.2017","MarineSediment","temperature",66.6413,-20.8632,"positive",NA,NA,FALSE,NA,NA,FALSE,NA,NA,FALSE,NA,NA,FALSE,0
"T2L_MD99_2269_uk37_SST_from_uk37","MD99_2269.Kristjnsd_ttir.2017","MarineSediment","temperature",66.6413,-20.8632,"positive",NA,NA,FALSE,NA,NA,FALSE,NA,NA,FALSE,NA,NA,FALSE,0
"T2L_MSM05_5_712_2_d18o_pachyderma_SST_from_d18o_pachyderma","MSM05_5_712_2.Werner.2013","MarineSediment","temperature",78.9157,6.7672,"positive",NA,NA,FALSE,NA,NA,FALSE,NA,NA,FALSE,NA,NA,FALSE,1
"T2L_MV99_GC41_mgca_bulloides_SST_from_mgca_bulloides","MV99_GC41","MarineSediment","temperature",25.2,-112.7167,"positive",NA,NA,FALSE,NA,NA,FALSE,NA,NA,FALSE,NA,NA,FALSE,0
"T2L_OCE326_GGC30_uk37_SST_from_uk37","OCE326_GGC30.Sachs.2007","MarineSediment","temperature",43.8853,-62.7953,"positive",NA,NA,FALSE,NA,NA,FALSE,NA,NA,FALSE,NA,NA,FALSE,1
"T2L_RAPiD_12_1K_d18o_bulloides_SST_from_d18o_bulloides","RAPiD_12_1K.Thornalley.2010","MarineSediment","temperature",62.0905,-17.8197,"positive",NA,NA,FALSE,NA,NA,FALSE,NA,NA,FALSE,NA,NA,FALSE,1
"T2L_SO90_63KA_d18o_ruber_SST_from_d18o_ruber","SO90_63KA.Staubwasser.2003","MarineSediment","temperature",24.61,65.982,"positive",NA,NA,FALSE,NA,NA,FALSE,NA,NA,FALSE,NA,NA,FALSE,8
"TR08THCO00","TR08THCO","Wood","d18O",52.5,-118,"negative",NA,NA,FALSE,NA,NA,FALSE,NA,NA,FALSE,NA,NA,FALSE,7
"TR15NACA00","TR15NACA","Wood","d18O",54.56,-71.2,"positive",0.382967476870306,0.00128928410436265,TRUE,0.382967476870306,0.021360301512819,TRUE,0.280278072868525,0.0148694852933232,TRUE,0.280278072868525,0.116509005019836,FALSE,75
"TR16LAFO00","TR16LAFO","Wood","d18O",48.3833,2.6667,"negative",0.339875394626645,0.00444640951992261,FALSE,0.339875394626645,0.0395021599378632,FALSE,0.302705078168828,0.0109437571205438,FALSE,0.302705078168828,0.0977509188489007,FALSE,71
"WEB-0e796-091d-40ed-8362-0bc94","TALDICE.Buizert.2021","GlacierIce","temperature",-72.82,159.18,"positive",NA,NA,FALSE,NA,NA,FALSE,NA,NA,FALSE,NA,NA,FALSE,0
"WEB-12bc3-a9cc-43b5-a5fe-efc0b","LakeHazar.On.2017","LakeSediment","PC5",38.4778,39.3369,"negative",NA,NA,FALSE,NA,NA,FALSE,NA,NA,FALSE,NA,NA,FALSE,4
"WEB-21920-31c4-4e4a-8e35-9361b","CS11.Zhang.2023","MarineSediment","temperature",26.073,121.508,"positive",NA,NA,FALSE,NA,NA,FALSE,NA,NA,FALSE,NA,NA,FALSE,0
"WEB-2199a-0faf-4027-bd14-1ab72","SO90_63KA.Burdanowitz.2019","MarineSediment","temperature",24.61,65.982,"positive",NA,NA,FALSE,NA,NA,FALSE,NA,NA,FALSE,NA,NA,FALSE,0
"WEB-31975-5de9-4299-be24-f37df","MD95-2042.Davtian.2023","MarineSediment","temperature",37.7998,-10.1665,"positive",NA,NA,FALSE,NA,NA,FALSE,NA,NA,FALSE,NA,NA,FALSE,1
"WEB-4eb60-2fd7-4326-83e1-c22a1","Arxan.Leng.2024","LakeSediment","temperature",47.32,120.41,"positive",NA,NA,FALSE,NA,NA,FALSE,NA,NA,FALSE,NA,NA,FALSE,1
"WEB-65dca-6fed-4a82-82cf-dd4ed","PC-1.Xu.2021","MarineSediment","temperature",31.458,128.413,"positive",NA,NA,FALSE,NA,NA,FALSE,NA,NA,FALSE,NA,NA,FALSE,0
"WEB-66928-4a41-413f-89fd-d31cf","SPICEcore.Buizert.2021","GlacierIce","temperature",-89.99,-99.16,"positive",NA,NA,FALSE,NA,NA,FALSE,NA,NA,FALSE,NA,NA,FALSE,0
"WEB-6b2dc-0010-400d-8839-8427b","Gahai.Wang.2022","LakeSediment","temperature",34.2398,102.3133,"positive",NA,NA,FALSE,NA,NA,FALSE,NA,NA,FALSE,NA,NA,FALSE,9
"WEB-722f2-7ec7-4b1d-9c80-7c359","MD05-2925.Lo.2021","MarineSediment","temperature",-9.3435,151.4602,"positive",NA,NA,FALSE,NA,NA,FALSE,NA,NA,FALSE,NA,NA,FALSE,0
"WEB-75b37-1658-4e61-b880-5b60e","MD07-3088.Haddam.2018","MarineSediment","temperature",-46.067,-75.683,"positive",NA,NA,FALSE,NA,NA,FALSE,NA,NA,FALSE,NA,NA,FALSE,1
"WEB-7a3d3-17f4-4e87-b3cb-9d14b","U1429.Lee.2022","MarineSediment","temperature",31.6173,128.9975,"positive",NA,NA,FALSE,NA,NA,FALSE,NA,NA,FALSE,NA,NA,FALSE,0
"WEB-84bc2-f82b-4e71-a8ec-9644f","MD95-2042.Davtian.2023","MarineSediment","temperature",37.7998,-10.1665,"positive",NA,NA,FALSE,NA,NA,FALSE,NA,NA,FALSE,NA,NA,FALSE,1
"WEB-86a5a-e8e6-4c59-a2f7-aa344","EpicaDomeC.Buizert.2021","GlacierIce","temperature",-75.1,123.35,"positive",NA,NA,FALSE,NA,NA,FALSE,NA,NA,FALSE,NA,NA,FALSE,0
"WEB-89cd0-397e-4dd7-aba9-04c27","Vostok.Petit.1999","GlacierIce","temperature",-78.47,106.8,"positive",NA,NA,FALSE,NA,NA,FALSE,NA,NA,FALSE,NA,NA,FALSE,0
"WEB-92878-a2d8-4cc6-b982-46344","DomeFuji.Buizert.2021","GlacierIce","temperature",-77.32,39.7,"positive",NA,NA,FALSE,NA,NA,FALSE,NA,NA,FALSE,NA,NA,FALSE,0
"WEB-99d4b-f3b6-4af1-85a2-5fad7","U1429.Lee.2022","MarineSediment","temperature",31.6173,128.9975,"positive",NA,NA,FALSE,NA,NA,FALSE,NA,NA,FALSE,NA,NA,FALSE,0
"WEB-9d355-bfb0-4829-963e-4cbf2","Haukdalsvatn.Geirsdottir.2013","LakeSediment","composite",65.03,-21.37,"positive",NA,NA,FALSE,NA,NA,FALSE,NA,NA,FALSE,NA,NA,FALSE,3
"WEB-bc7c1-fe8e-44ce-8637-3c388","MD12-3396CQ.Civel-Mazens.2021","MarineSediment","temperature",-47.7313,86.6952,"positive",NA,NA,FALSE,NA,NA,FALSE,NA,NA,FALSE,NA,NA,FALSE,1
"WEB-c3814-b8e0-473a-96fe-eb0c5","NIOP905.Erdem.2021","MarineSediment","temperature",10.92,51.94,"positive",NA,NA,FALSE,NA,NA,FALSE,NA,NA,FALSE,NA,NA,FALSE,1
"WEB-cb0e3-c573-4e55-8ce1-4343f","SS0206-GC15.Barrows.2020","MarineSediment","temperature",-39.3128,142.6839,"positive",NA,NA,FALSE,NA,NA,FALSE,NA,NA,FALSE,NA,NA,FALSE,0
"WEB-db95e-e325-4203-969e-274d1","COR1GC.Orme.2020","MarineSediment","temperature",-54.2673,39.7663,"positive",NA,NA,FALSE,NA,NA,FALSE,NA,NA,FALSE,NA,NA,FALSE,0
"WEB-f618f-429a-4160-af3d-8b3b0","EDML.Buizert.2021","GlacierIce","temperature",-75,0.0667,"positive",NA,NA,FALSE,NA,NA,FALSE,NA,NA,FALSE,NA,NA,FALSE,0
"WEB-fbf1e-87cb-4d31-807f-9f472","Lugu.Zhao.2021","LakeSediment","temperature",27.683,100.75,"positive",NA,NA,FALSE,NA,NA,FALSE,NA,NA,FALSE,NA,NA,FALSE,4
"WEB-fd04d-2e62-4ea4-bf04-e654a","SipleDome.Buizert.2021","GlacierIce","temperature",-81.65,-148.81,"positive",NA,NA,FALSE,NA,NA,FALSE,NA,NA,FALSE,NA,NA,FALSE,0
"WEB02525b7b-dup-dup","Hakluytvatnet.vanderBilt.2019","LakeSediment","Uk37",79.77,10.74,"positive",NA,NA,FALSE,NA,NA,FALSE,NA,NA,FALSE,NA,NA,FALSE,0
"WEB03081f2f","JamesRossIsland.Mulvaney.2012","GlacierIce","temperature",-64.2017,-57.685,"positive",NA,NA,FALSE,NA,NA,FALSE,NA,NA,FALSE,NA,NA,FALSE,7
"WEB0c142d5f","BrayaSo.vonGunten.2012","LakeSediment","temperature",66.9875,-51.0333,"positive",NA,NA,FALSE,NA,NA,FALSE,NA,NA,FALSE,NA,NA,FALSE,21
"WEB0fee2851","NorthGRIP.Gkinis.2014","GlacierIce","temperature",75.1,-42.32,"positive",NA,NA,FALSE,NA,NA,FALSE,NA,NA,FALSE,NA,NA,FALSE,0
"WEB13e37e8c","DomeF.Uemura.2018","GlacierIce","temperature",-77.3167,39.67,"positive",NA,NA,FALSE,NA,NA,FALSE,NA,NA,FALSE,NA,NA,FALSE,4
"WEB1bc4c057","DYE3.Dahl-Jensen.1998","GlacierIce","temperature",65.1857,-43.8248,"positive",NA,NA,FALSE,NA,NA,FALSE,NA,NA,FALSE,NA,NA,FALSE,6
"WEB24e039a6","Hidden.Tang.1999","LakeSediment","temperature",29.81,92.54,"positive",NA,NA,FALSE,NA,NA,FALSE,NA,NA,FALSE,NA,NA,FALSE,1
"WEB29a1ba78","QongjiamongCo.Shen.2003","LakeSediment","temperature",29.81,92.37,"positive",NA,NA,FALSE,NA,NA,FALSE,NA,NA,FALSE,NA,NA,FALSE,1
"WEB29cf12bd","CreviceLake.Whitlock.2012","LakeSediment","CaCO3",45,-110.58,"positive",NA,NA,FALSE,NA,NA,FALSE,NA,NA,FALSE,NA,NA,FALSE,0
"WEB2fbd7e47","PlateauRemote.MosleyThompson.1996","GlacierIce","d18O",-84,43,"positive",NA,NA,FALSE,NA,NA,FALSE,NA,NA,FALSE,NA,NA,FALSE,0
"WEB387ae876","JPC42.Caniupan.2014","MarineSediment","temperature",-49.917,-74.383,"positive",NA,NA,FALSE,NA,NA,FALSE,NA,NA,FALSE,NA,NA,FALSE,1
"WEB3b80ddb0","Komosomolskaia.Ciais.1992","GlacierIce","temperature",-74.083,97.4833,"positive",NA,NA,FALSE,NA,NA,FALSE,NA,NA,FALSE,NA,NA,FALSE,0
"WEB3ca1b65e","Mackenzie.Woltering.2014","LakeSediment","temperature",-25.4475,153.0533,"positive",NA,NA,FALSE,NA,NA,FALSE,NA,NA,FALSE,NA,NA,FALSE,5
"WEB3f3a069d","ChihuahuenosBog.Anderson.2008","Peat","Picea/Artemisia",36.0475,-106.51,"positive",NA,NA,FALSE,NA,NA,FALSE,NA,NA,FALSE,NA,NA,FALSE,3
"WEB42e5f4d1","SelinCo.Sun.1993","LakeSediment","temperature",31.65,89.14,"positive",NA,NA,FALSE,NA,NA,FALSE,NA,NA,FALSE,NA,NA,FALSE,1
"WEB45a0b5cd","TR17EDSW","Wood","d18O",57.815,15.26,"positive",NA,NA,FALSE,NA,NA,FALSE,NA,NA,FALSE,NA,NA,FALSE,15
"WEB4be1aff2","LittlePondRoyalston.Marsicek.2013","LakeSediment","temperature",42.68,-72.19,"positive",NA,NA,FALSE,NA,NA,FALSE,NA,NA,FALSE,NA,NA,FALSE,5
"WEB59f13cd6","StewartBog.Jimenez-Moreno.2008","Peat","Picea/Pinus",35.8323,-105.7225,"positive",NA,NA,FALSE,NA,NA,FALSE,NA,NA,FALSE,NA,NA,FALSE,0
"WEB5e35a876","NorthGRIP.Gkinis.2014","GlacierIce","temperature",75.1,-42.32,"positive",NA,NA,FALSE,NA,NA,FALSE,NA,NA,FALSE,NA,NA,FALSE,0
"WEB6df77dbb","FanLake.Foster.2016","LakeSediment","temperature",-54.497,-37.053,"positive",NA,NA,FALSE,NA,NA,FALSE,NA,NA,FALSE,NA,NA,FALSE,6
"WEB7014bceb","Mansell.Shuman.2016","LakeSediment","temperature",45.04,-68.73,"positive",NA,NA,FALSE,NA,NA,FALSE,NA,NA,FALSE,NA,NA,FALSE,4
"WEB73fbe78c_iso2k","GI19POYU","GroundIce","d2H",65.21,-138.32,"positive",NA,NA,FALSE,NA,NA,FALSE,NA,NA,FALSE,NA,NA,FALSE,6
"WEB7fccbe93","ZigetangCo.Herzschuh.2006","LakeSediment","temperature",32,90.9,"positive",NA,NA,FALSE,NA,NA,FALSE,NA,NA,FALSE,NA,NA,FALSE,1
"WEB919184b7","Korallgrottan.Sundqvist.2010","Speleothem","d18O",64.89,14.16,"negative",NA,NA,FALSE,NA,NA,FALSE,NA,NA,FALSE,NA,NA,FALSE,3
"WEB9a26a54b","Eleanor.Gavin.2011","LakeSediment","temperature",47.68,-124.02,"positive",NA,NA,FALSE,NA,NA,FALSE,NA,NA,FALSE,NA,NA,FALSE,3
"WEBa1e48de5","Agassiz.Lecavalier.2017","GlacierIce","temperature",80.67,-73.5,"positive",NA,NA,FALSE,NA,NA,FALSE,NA,NA,FALSE,NA,NA,FALSE,1
"WEBa31332021","MiddenCluster1.Harbert.2018","Midden","temperature",37.9049,-110.1304,"positive",NA,NA,FALSE,NA,NA,FALSE,NA,NA,FALSE,NA,NA,FALSE,2
"WEBa58bb1ff","Mansell.Shuman.2016","LakeSediment","temperature",45.04,-68.73,"positive",NA,NA,FALSE,NA,NA,FALSE,NA,NA,FALSE,NA,NA,FALSE,4
"WEBa7012dcb","BloodPond.Marsicek.2013","LakeSediment","temperature",42.08,-71.96,"positive",NA,NA,FALSE,NA,NA,FALSE,NA,NA,FALSE,NA,NA,FALSE,10
"WEBaef09a4f","ZigetangCo.Herzschuh.2006","LakeSediment","temperature",32,90.9,"positive",NA,NA,FALSE,NA,NA,FALSE,NA,NA,FALSE,NA,NA,FALSE,1
"WEBb46a7c19","Gol-Ho1B-KSGC-31.Sicre.2016","MarineSediment","temperature",43,3.28,"positive",NA,NA,FALSE,NA,NA,FALSE,NA,NA,FALSE,NA,NA,FALSE,21
"WEBb9192769","LittlePondRoyalston.Marsicek.2013","LakeSediment","temperature",42.68,-72.19,"positive",NA,NA,FALSE,NA,NA,FALSE,NA,NA,FALSE,NA,NA,FALSE,5
"WEBc2d7108b","DonggiCona.Wang.2014","LakeSediment","temperature",35.22,98.33,"positive",NA,NA,FALSE,NA,NA,FALSE,NA,NA,FALSE,NA,NA,FALSE,1
"WEBcad1020f","QongjiamongCo.Shen.2003","LakeSediment","temperature",29.81,92.37,"positive",NA,NA,FALSE,NA,NA,FALSE,NA,NA,FALSE,NA,NA,FALSE,1
"WEBccdb4e35","BloodPond.Marsicek.2013","LakeSediment","temperature",42.08,-71.96,"positive",NA,NA,FALSE,NA,NA,FALSE,NA,NA,FALSE,NA,NA,FALSE,10
"WEBd03dcf34","LittlePondRoyalston.Marsicek.2013","LakeSediment","temperature",42.68,-72.19,"positive",NA,NA,FALSE,NA,NA,FALSE,NA,NA,FALSE,NA,NA,FALSE,5
"WEBd30870fb","EPICADomeC.Stenni.2010","GlacierIce","temperature",-75.1019,123.3953,"positive",NA,NA,FALSE,NA,NA,FALSE,NA,NA,FALSE,NA,NA,FALSE,0
"WEBd6c7fc0c","Qinghai.Liu.2002","LakeSediment","temperature",36.67,100.58,"positive",NA,NA,FALSE,NA,NA,FALSE,NA,NA,FALSE,NA,NA,FALSE,1
"WEBe15adc6e","SipleDomeA.Das.2008","GlacierIce","iceMelt",-81.65,-148.82,"positive",NA,NA,FALSE,NA,NA,FALSE,NA,NA,FALSE,NA,NA,FALSE,0
"WEBe79dc8b2","SelinCo.Sun.1993","LakeSediment","temperature",31.65,89.14,"positive",NA,NA,FALSE,NA,NA,FALSE,NA,NA,FALSE,NA,NA,FALSE,1
"WEBe7df08f0","Hidden.Tang.1999","LakeSediment","temperature",29.81,92.54,"positive",NA,NA,FALSE,NA,NA,FALSE,NA,NA,FALSE,NA,NA,FALSE,1
"WEBed8af4cc","Qinghai.Liu.2002","LakeSediment","temperature",36.67,100.58,"positive",NA,NA,FALSE,NA,NA,FALSE,NA,NA,FALSE,NA,NA,FALSE,1
"WEBef5799bb","EDML.Stenni.2010","GlacierIce","temperature",-75.0025,0.0683,"positive",NA,NA,FALSE,NA,NA,FALSE,NA,NA,FALSE,NA,NA,FALSE,0
"WEBf671079c","Mansell.Shuman.2016","LakeSediment","temperature",45.04,-68.73,"positive",NA,NA,FALSE,NA,NA,FALSE,NA,NA,FALSE,NA,NA,FALSE,4
"WEBf671aef0","WAISDivide.Cuffey.2016","GlacierIce","accumulation",-79.4676,-112.08,"positive",-0.112660552605915,0.560656752135757,FALSE,-0.112660552605915,0.734364506536792,FALSE,-0.161499861873455,0.402613830534148,FALSE,-0.161499861873455,0.65583673973852,FALSE,29
"WEBf7bafce3_iso2k","GI19POYU","GroundIce","d18O",65.21,-138.32,"positive",NA,NA,FALSE,NA,NA,FALSE,NA,NA,FALSE,NA,NA,FALSE,6
"WEBf9c0d6bd","BloodPond.Marsicek.2013","LakeSediment","temperature",42.08,-71.96,"positive",NA,NA,FALSE,NA,NA,FALSE,NA,NA,FALSE,NA,NA,FALSE,10
