"TSid","dataSetName","archiveType","variableName","lat","lon","direction","r_p05","p_p05","pass_p05","r_p10","p_p10","pass_p10","r_fdr10","p_fdr10","pass_fdr10","r_p05_dt","p_p05_dt","pass_p05_dt","r_fdr10_dt","p_fdr10_dt","pass_fdr10_dt","n_overlap"
"Africa_001","Afr-ColdAirCave.Sundqvist.2013","Speleothem","d18O",-24,29.18,"positive",0.479367502169998,0.0015462312134689,TRUE,0.479367502169998,0.0015462312134689,TRUE,0.479367502169998,0.00899625433290998,TRUE,0.158097968669923,0.270244953390305,FALSE,0.158097968669923,0.484472745573656,FALSE,93
"Africa_004","Afr-LakeTanganyika.Tierney.2010","LakeSediment","temperature",-6.03,28.53,"positive",NA,NA,FALSE,NA,NA,FALSE,NA,NA,FALSE,NA,NA,FALSE,NA,NA,FALSE,9
"Ant_005","Ant-BerknerIsland.Mulvaney.2002","GlacierIce","d18O",-79.57,-45.72,"positive",0.292925603807613,0.152681353406084,FALSE,0.292925603807613,0.152681353406084,FALSE,0.292925603807613,0.318293375178807,FALSE,0.299250690081534,0.129868592864835,FALSE,0.299250690081534,0.310133953110055,FALSE,38
"Ant_006","Ant-SiteDML07.Graf.2002","GlacierIce","d18O",-75.58,-3.43,"positive",0.204689536592602,0.247858319060651,FALSE,0.204689536592602,0.247858319060651,FALSE,0.204689536592602,0.444339843694164,FALSE,0.184299049108138,0.29302211911653,FALSE,0.184299049108138,0.507399926445108,FALSE,38
"Ant_008","Ant-SiteDML17.Graf.2002","GlacierIce","d18O",-75.17,6.5,"positive",0.048410075944488,0.774592086766687,FALSE,0.048410075944488,0.774592086766687,FALSE,0.048410075944488,0.878404709875401,FALSE,0.0313437930603972,0.85181159754124,FALSE,0.0313437930603972,0.911381652665203,FALSE,38
"Ant_009","Ant-DomeF1993.Uemura.2014","GlacierIce","d18O",-77.32,39.7,"positive",NA,NA,FALSE,NA,NA,FALSE,NA,NA,FALSE,NA,NA,FALSE,NA,NA,FALSE,0
"Ant_010","Ant-DomeF2001.Uemura.2008","GlacierIce","d18O",-77.32,39.7,"positive",NA,NA,FALSE,NA,NA,FALSE,NA,NA,FALSE,NA,NA,FALSE,NA,NA,FALSE,0
"Ant_012","Ant-DomeC.Stenni.2001","GlacierIce","d18O",-75.1,123.39,"positive",NA,NA,FALSE,NA,NA,FALSE,NA,NA,FALSE,NA,NA,FALSE,NA,NA,FALSE,0
"Ant_013","Ant-DomeC.Jouzel.2001","GlacierIce","d2H",-75.1,123.39,"positive",NA,NA,FALSE,NA,NA,FALSE,NA,NA,FALSE,NA,NA,FALSE,NA,NA,FALSE,0
"Ant_014","Ant-Ferrigno.Thomas.2013","GlacierIce","d2H",-74.57,-86.9,"positive",0.361039228733223,0.0272410784830049,TRUE,0.361039228733223,0.0272410784830049,TRUE,0.361039228733223,0.0842236242952808,TRUE,0.106945938356694,0.507262273720344,FALSE,0.106945938356694,0.690740117406426,FALSE,46
"Ant_022","Ant-JamesRossIsland.Mulvaney.2013","GlacierIce","d2H",-64.2017,-57.685,"positive",0.260716847032789,0.00234596309393191,TRUE,0.260716847032789,0.00234596309393191,TRUE,0.260716847032789,0.0123066916402985,TRUE,0.252554042462864,0.00311216026402396,TRUE,0.252554042462864,0.0201190158482357,TRUE,143
"Ant_024","Ant-SipleStation.Mosley-Thompson.1990","GlacierIce","d18O",-75.92,-84.25,"positive",0.146000979636119,0.528759882261875,FALSE,0.146000979636119,0.528759882261875,FALSE,0.146000979636119,0.725993703473132,FALSE,0.00327995183355279,0.988355917904383,FALSE,0.00327995183355279,0.991454212317876,FALSE,28
"Ant_026","Ant-TalosDome.Stenni.2002","GlacierIce","d2H",-72.8,159.06,"positive",0.322838672862783,0.0708192880539668,FALSE,0.322838672862783,0.0708192880539668,TRUE,0.322838672862783,0.184245302254223,FALSE,0.334221245530221,0.056452098960259,FALSE,0.334221245530221,0.174537890505149,FALSE,40
"Ant_027","Ant-VLG.Bertler.2011","GlacierIce","d2H",-77.3302,162.5332,"positive",0.168823986524594,0.372488519206807,FALSE,0.168823986524594,0.372488519206807,FALSE,0.168823986524594,0.582884096545322,FALSE,0.171573848899817,0.332753679921348,FALSE,0.171573848899817,0.538757175691357,FALSE,45
"Ant_028","Ant-Vostok.Ekaykin.2014","GlacierIce","d2H",-78.2785,104.8005,"positive",-0.019749052004402,0.897543519953664,FALSE,-0.019749052004402,0.897543519953664,FALSE,-0.019749052004402,0.946976058854712,FALSE,-0.0129516169815829,0.932706063649884,FALSE,-0.0129516169815829,0.961242964148029,FALSE,45
"Ant_030","Ant-WDC05A.Steig.2013","GlacierIce","d18O",-79.46,-112.09,"positive",0.570216657063076,0.00332532821129372,TRUE,0.570216657063076,0.00332532821129372,TRUE,0.570216657063076,0.0161159353293238,TRUE,0.441424904584832,0.0173712712590174,TRUE,0.441424904584832,0.0746148564145714,TRUE,29
"Ant_031","Ant-WDC06A.Steig.2013","GlacierIce","d18O",-79.46,-112.09,"positive",0.230604242838631,0.228775038582456,FALSE,0.230604242838631,0.228775038582456,FALSE,0.230604242838631,0.420735703140149,FALSE,0.0581432422516871,0.764488750477232,FALSE,0.0581432422516871,0.862074885679264,FALSE,29
"Ant_031dD","Ant-WDC06A.Steig.2013","GlacierIce","d2H",-79.46,-112.09,"positive",0.246848243374835,0.196727372342964,FALSE,0.246848243374835,0.196727372342964,FALSE,0.246848243374835,0.379233488853906,FALSE,0.0686934690513056,0.723284693278919,FALSE,0.0686934690513056,0.844249905343395,FALSE,29
"Ant_033","Ant-MES.Rhodes.2012","GlacierIce","d2H",-77.515,167.6765,"positive",0.162497977626345,0.318888116595733,FALSE,0.162497977626345,0.318888116595733,FALSE,0.162497977626345,0.523303575951972,FALSE,0.199536878307141,0.209234180062229,FALSE,0.199536878307141,0.426464570827474,FALSE,45
"Ant_035","Ant-TaylorDome.Steig.2000","GlacierIce","d18O",-77.78,158.72,"positive",NA,NA,FALSE,NA,NA,FALSE,NA,NA,FALSE,NA,NA,FALSE,NA,NA,FALSE,0
"Ant_037","Ant-US-ITASE-2000-1.Steig.2013","GlacierIce","d18O",-79.3838,-111.24,"positive",0.509391438501857,0.0127489672575244,TRUE,0.509391438501857,0.0127489672575244,TRUE,0.509391438501857,0.0470168402166794,TRUE,0.269773230839183,0.160553315141606,FALSE,0.269773230839183,0.351747994018469,FALSE,29
"Ant_050","Ant-US-ITASE-2002-4.Steig.2013","GlacierIce","d18O",-86.5,-107.99,"positive",-0.0997103794279689,0.520745713094625,FALSE,-0.0997103794279689,0.520745713094625,FALSE,-0.0997103794279689,0.720874358567584,FALSE,-0.149285024635357,0.334197810546045,FALSE,-0.149285024635357,0.538757175691357,FALSE,44
"Arc_001","Arc-BlueLake.Bird.2008","LakeSediment","thickness",68.09,-150.47,"positive",-0.0137511036363723,0.886801156454129,FALSE,-0.0137511036363723,0.886801156454129,FALSE,-0.0137511036363723,0.9465214078578,FALSE,-0.0766881802615123,0.42017358585528,FALSE,-0.0766881802615123,0.619719927584509,FALSE,115
"Arc_002","Arc-Avam-Taimyr.Briffa.2008","Wood","trsgi",72,101,"positive",0.399452917511345,5.94002634849216e-05,TRUE,0.399452917511345,5.94002634849216e-05,TRUE,0.399452917511345,0.000826438448485866,TRUE,0.350380454545146,0.000250663202616036,TRUE,0.350380454545146,0.00259528866123048,TRUE,123
"Arc_004","Arc-LowerMurrayLake.Cook.2008","LakeSediment","MAR",81.35,-69.53,"positive",0.282729675711639,0.026659694478812,TRUE,0.282729675711639,0.026659694478812,TRUE,0.282729675711639,0.0832302656899498,TRUE,0.221868746805707,0.0751314226308154,FALSE,0.221868746805707,0.209974281588305,FALSE,71
"Arc_005","Arc-CampCentury.Fisher.1969","GlacierIce","d18O",77.17,-61.13,"positive",0.0919487444446042,0.497740319253608,FALSE,0.0919487444446042,0.497740319253608,FALSE,0.0919487444446042,0.697054276416431,FALSE,0.19716859492912,0.114158884262014,FALSE,0.19716859492912,0.283184829177089,FALSE,95
"Arc_007","Arc-GulfofAlaska.Wilson.2014","Wood","temperature",61.03,-146.59,"positive",0.423322772927155,3.9757561857225e-06,TRUE,0.423322772927155,3.9757561857225e-06,TRUE,0.423322772927155,7.06801099684e-05,TRUE,0.356893059266486,5.82124118403485e-05,TRUE,0.356893059266486,0.00106445553079494,TRUE,142
"Arc_008","Arc-Yukon.D'Arrigo.2006","Wood","trsgi",67.9,-140.7,"positive",-0.0452176459693451,0.694491492211981,FALSE,-0.0452176459693451,0.694491492211981,FALSE,-0.0452176459693451,0.824628116912186,FALSE,-0.209836333255788,0.0454540685728389,FALSE,-0.209836333255788,0.150728517547238,FALSE,121
"Arc_011","Arc-GISP2.Grootes.1997","GlacierIce","d18O",72.1,-38.08,"positive",0.342162349065301,0.00108688632896571,TRUE,0.342162349065301,0.00108688632896571,TRUE,0.342162349065301,0.00681967892684365,TRUE,0.379175680892707,0.000138273718547063,TRUE,0.379175680892707,0.00176176862285141,TRUE,138
"Arc_012mxd","Arc-Tornetrask.Melvin.2012","Wood","temperature",68.26,19.6,"positive",0.573588006892849,1.55364427339087e-12,TRUE,0.573588006892849,1.55364427339087e-12,TRUE,0.573588006892849,2.2867298839235e-10,TRUE,0.500591626413873,1.84839698232742e-10,TRUE,0.500591626413873,1.83267852261627e-08,TRUE,151
"Arc_014","Arc-LakeLehmilampi.Haltia-Hovi.2007","LakeSediment","thickness",63.62,29.1,"negative",NA,NA,FALSE,NA,NA,FALSE,NA,NA,FALSE,NA,NA,FALSE,NA,NA,FALSE,0
"Arc_016","Arc-Indigirka.Hughes.1999","Wood","trsgi",69.5,147,"positive",0.0981964639658959,0.303823098475895,FALSE,0.0981964639658959,0.303823098475895,FALSE,0.0981964639658959,0.503748142550706,FALSE,0.114922059202085,0.219289861158904,FALSE,0.114922059202085,0.437497225566161,FALSE,116
"Arc_020","Arc-LakeC2.Lamoureux.1996","LakeSediment","thickness",82.83,-77.9,"positive",0.194096192280961,0.119454297023355,FALSE,0.194096192280961,0.119454297023355,FALSE,0.194096192280961,0.270143993268365,FALSE,0.220674864920349,0.0750620183261549,FALSE,0.220674864920349,0.209974281588305,FALSE,67
"Arc_021","Arc-Hvitarvatn.Larsen.2011","LakeSediment","thickness",64.6,-19.8,"negative",0.269691327405717,0.00277625499557387,FALSE,0.269691327405717,0.00277625499557387,FALSE,0.269691327405717,0.0137736681950952,FALSE,0.325097056298558,0.00021692453997247,FALSE,0.325097056298558,0.00235307975563357,FALSE,151
"Arc_023","Arc-LenaRiver.McDonald.1998","Wood","trsgi",70.67,125.87,"positive",0.150776240127708,0.115279384613866,FALSE,0.150776240127708,0.115279384613866,FALSE,0.150776240127708,0.261891655706957,FALSE,0.0926283088516185,0.331962643955282,FALSE,0.0926283088516185,0.538757175691357,FALSE,112
"Arc_024","Arc-LakeDonardBaffinIsland.Moore.2001","LakeSediment","thickness",66.73,-61.35,"positive",-0.151606372508666,0.129596762801064,FALSE,-0.151606372508666,0.129596762801064,FALSE,-0.151606372508666,0.28600664894028,FALSE,-0.116091603061219,0.22101899679295,FALSE,-0.116091603061219,0.4388353548637,FALSE,143
"Arc_025","Arc-LakeNataujaervi.Ojala.2005","LakeSediment","reflectance",61.81,24.68,"positive",NA,NA,FALSE,NA,NA,FALSE,NA,NA,FALSE,NA,NA,FALSE,NA,NA,FALSE,0
"Arc_026","Arc-NGTB16.Schwager.1998","GlacierIce","d18O",73.94,-37.63,"positive",0.283574778758983,0.0127827034339097,TRUE,0.283574778758983,0.0127827034339097,TRUE,0.283574778758983,0.0470168402166794,TRUE,0.355531923654534,0.000741007976504709,TRUE,0.355531923654534,0.006159027337182,TRUE,143
"Arc_027","Arc-NGTB18.Schwager.1998","GlacierIce","d18O",76.62,-36.4,"positive",0.00138487087613039,0.991245614696243,FALSE,0.00138487087613039,0.991245614696243,FALSE,0.00138487087613039,0.99591396139026,FALSE,0.0442499171561173,0.703392878907114,FALSE,0.0442499171561173,0.829045013813173,FALSE,143
"Arc_028","Arc-NGTB21.Schwager.1998","GlacierIce","d18O",80,-41.14,"positive",0.0337931188629379,0.785811097129705,FALSE,0.0337931188629379,0.785811097129705,FALSE,0.0337931188629379,0.883687093380547,FALSE,0.00657266511536192,0.954748406458731,FALSE,0.00657266511536192,0.972361946974872,FALSE,143
"Arc_029","Arc-BigRoundLake.Thomas.2009","LakeSediment","temperature",69.87,-68.83,NA,0.217463593363663,0.0217793161575837,FALSE,0.217463593363663,0.0217793161575837,FALSE,0.217463593363663,0.0711161343921101,FALSE,0.112360033636882,0.206535292053589,FALSE,0.112360033636882,0.42502439522282,FALSE,151
"Arc_029_varvethickness","Arc-BigRoundLake.Thomas.2009","LakeSediment","varveThickness",69.87,-68.83,"positive",0.217729149578386,0.0216238861526138,TRUE,0.217729149578386,0.0216238861526138,TRUE,0.217729149578386,0.070970703270117,TRUE,0.112594702804917,0.205596423508097,FALSE,0.112594702804917,0.424457132403814,FALSE,151
"Arc_031","Arc-NGRIP1.Vinther.2006","GlacierIce","d18O",75.1,-42.32,"positive",0.179506146064924,0.0727412951511138,FALSE,0.179506146064924,0.0727412951511138,TRUE,0.179506146064924,0.186217715586851,FALSE,0.267435805703069,0.00497276303261905,TRUE,0.267435805703069,0.0286717868547404,TRUE,145
"Arc_032","Arc-Agassiz.Vinther.2008","GlacierIce","d18O",80.7,-73.1,"positive",0.0454535001117623,0.746556636499533,FALSE,0.0454535001117623,0.746556636499533,FALSE,0.0454535001117623,0.857802957557812,FALSE,0.0793505623324904,0.572211383967257,FALSE,0.0793505623324904,0.725178783641672,FALSE,53
"Arc_033","Arc-Crete.Vinther.2010","GlacierIce","d18O",71.12,-37.32,"positive",0.326089359890963,0.0007096956264603,TRUE,0.326089359890963,0.0007096956264603,TRUE,0.326089359890963,0.00493701305363687,TRUE,0.235494738824396,0.0114576098118442,TRUE,0.235494738824396,0.0551343630043629,TRUE,124
"Arc_034","Arc-Dye.Vinther.2010","GlacierIce","d18O",65.18,-43.83,"positive",0.314811933681217,0.000939244780163674,TRUE,0.314811933681217,0.000939244780163674,TRUE,0.314811933681217,0.00626163186775783,TRUE,0.211816282791235,0.0207457599033047,TRUE,0.211816282791235,0.0845687027905415,TRUE,129
"Arc_035","Arc-GRIP.Vinther.2010","GlacierIce","d18O",72.58,-37.64,"positive",0.0884239491352306,0.342141411148368,FALSE,0.0884239491352306,0.342141411148368,FALSE,0.0884239491352306,0.551562980188805,FALSE,0.0739261350094898,0.421807780026861,FALSE,0.0739261350094898,0.619719927584509,FALSE,130
"Arc_036","Arc-Iceland.Bergthorsson.1969","Documents","temperature",64.77,-18.37,"positive",NA,NA,FALSE,NA,NA,FALSE,NA,NA,FALSE,NA,NA,FALSE,NA,NA,FALSE,3
"Arc_037","Arc-VoeringPlateau.Berner.2011","MarineSediment","temperature",66.97,7.64,"positive",-0.0996888303318791,0.635421708806367,FALSE,-0.0996888303318791,0.635421708806367,FALSE,-0.0996888303318791,0.789647995405904,FALSE,-0.144533271967328,0.490633573092398,FALSE,-0.144533271967328,0.67848853505601,FALSE,25
"Arc_039","Arc-MooseLake.Clegg.2010","LakeSediment","temperature",61.35,-143.6,"positive",NA,NA,FALSE,NA,NA,FALSE,NA,NA,FALSE,NA,NA,FALSE,NA,NA,FALSE,5
"Arc_040","Arc-HudsonLake.Clegg.2011","LakeSediment","temperature",61.9,-145.66,"positive",NA,NA,FALSE,NA,NA,FALSE,NA,NA,FALSE,NA,NA,FALSE,NA,NA,FALSE,7
"Arc_041","Arc-ScreamingLynxLake.Clegg.2011","LakeSediment","temperature",66.07,-145.4,"positive",NA,NA,FALSE,NA,NA,FALSE,NA,NA,FALSE,NA,NA,FALSE,NA,NA,FALSE,3
"Arc_042","Arc-BrayaSoe.D'Andrea.2011","LakeSediment","temperature",67,-50.7,"positive",NA,NA,FALSE,NA,NA,FALSE,NA,NA,FALSE,NA,NA,FALSE,NA,NA,FALSE,10
"Arc_043","Arc-DevonIceCap.Fisher.1983","GlacierIce","d18O",75.33,-82.5,"positive",NA,NA,FALSE,NA,NA,FALSE,NA,NA,FALSE,NA,NA,FALSE,NA,NA,FALSE,20
"Arc_044","Arc-PennyIceCapP96.Fisher.1998","GlacierIce","d18O",67.25,-66.75,"positive",NA,NA,FALSE,NA,NA,FALSE,NA,NA,FALSE,NA,NA,FALSE,NA,NA,FALSE,6
"Arc_045","Arc-MD992275.Jiang.2005","MarineSediment","temperature",66.55,-17.7,"positive",NA,NA,FALSE,NA,NA,FALSE,NA,NA,FALSE,NA,NA,FALSE,NA,NA,FALSE,13
"Arc_048","Arc-LakeHamptraesk.Luoto.2009","LakeSediment","temperature",60.28,25.42,"positive",NA,NA,FALSE,NA,NA,FALSE,NA,NA,FALSE,NA,NA,FALSE,NA,NA,FALSE,11
"Arc_049","Arc-LakePieni-Kauro.Luoto.2010","LakeSediment","temperature",64.28,30.12,"positive",NA,NA,FALSE,NA,NA,FALSE,NA,NA,FALSE,NA,NA,FALSE,NA,NA,FALSE,3
"Arc_051","Arc-PennyIceCapP96.Okuyama.2003","GlacierIce","iceMelt",67.25,-65.75,"positive",NA,NA,FALSE,NA,NA,FALSE,NA,NA,FALSE,NA,NA,FALSE,NA,NA,FALSE,6
"Arc_052","Arc-Lake4.Rolland.2009","LakeSediment","temperature",65.1,-83.79,"positive",NA,NA,FALSE,NA,NA,FALSE,NA,NA,FALSE,NA,NA,FALSE,NA,NA,FALSE,4
"Arc_053","Arc-StoreggaSlide.Sejrup.2011","MarineSediment","d18O",63.76,5.26,"negative",0.0974989760176532,0.560271101937405,FALSE,0.0974989760176532,0.560271101937405,FALSE,0.0974989760176532,0.739835714158524,FALSE,0.172619826205571,0.290255840188289,FALSE,0.172619826205571,0.505367364069435,FALSE,41
"Arc_056","Arc-Renland.Vinther.2008","GlacierIce","d18O",71.27,-26.73,"positive",0.297542667048965,0.237934301071148,FALSE,0.297542667048965,0.237934301071148,FALSE,0.297542667048965,0.43138230222531,FALSE,0.218228740029998,0.354735735914347,FALSE,0.218228740029998,0.557815407826,FALSE,27
"Arc_057","Arc-Kittelfjall.Bjorklund.2012","Wood","density",65.2,15.5,"positive",0.566598189655145,1.85963196150902e-11,TRUE,0.566598189655145,1.85963196150902e-11,TRUE,0.566598189655145,1.48770556920722e-09,TRUE,0.45049680653332,1.75738103841437e-08,TRUE,0.45049680653332,7.49815909723465e-07,TRUE,151
"Arc_058","Arc-Armarnaes.Bjorklund.2012","Wood","density",65.9,16.1,"positive",0.565559145491734,1.78650772181523e-12,TRUE,0.565559145491734,1.78650772181523e-12,TRUE,0.565559145491734,2.2867298839235e-10,TRUE,0.484491993130716,5.60211852857738e-10,TRUE,0.484491993130716,4.4816948228619e-08,TRUE,151
"Arc_059","Arc-Tjeggelvas.Bjorklund.2012","Wood","density",66.6,17.6,"positive",0.633282030131048,1.24615561499513e-15,TRUE,0.633282030131048,1.24615561499513e-15,TRUE,0.633282030131048,3.98769796798441e-13,TRUE,0.539215885428563,1.6548571296792e-12,TRUE,0.539215885428563,3.53036187664897e-10,TRUE,151
"Arc_060","Arc-Arjeplog.Bjorklund.2014","Wood","density",66.3,18.2,"positive",0.537616102148889,1.61296717068182e-10,TRUE,0.537616102148889,1.61296717068182e-10,TRUE,0.537616102148889,7.94076145566437e-09,TRUE,0.429612184109317,9.05729210029874e-08,TRUE,0.429612184109317,2.8983334720956e-06,TRUE,151
"Arc_073","Arc-HalletLake.McKay.2008","LakeSediment","temperature",61.5,-146.2,"positive",-0.0979435300936628,0.551870666163421,FALSE,-0.0979435300936628,0.551870666163421,FALSE,-0.0979435300936628,0.73947637782444,FALSE,-0.173802235053153,0.278022935986571,FALSE,-0.173802235053153,0.491532262517695,FALSE,43
"Arc_076","Arc-SoperLake.Hughen.2000","LakeSediment","temperature",62.917,-69.883,"positive",0.378509304115287,7.94009014711562e-05,TRUE,0.378509304115287,7.94009014711562e-05,TRUE,0.378509304115287,0.00102908385536814,TRUE,0.196581114954021,0.0247086139895534,TRUE,0.196581114954021,0.0988344559582137,TRUE,143
"Arc_078","Arc-Kongressvatnet.D'Andrea.2012","LakeSediment","temperature",78.0217,13.9311,"positive",NA,NA,FALSE,NA,NA,FALSE,NA,NA,FALSE,NA,NA,FALSE,NA,NA,FALSE,19
"Arc_079","Arc-LakeE.D'Andrea.2011","LakeSediment","temperature",67,-50.7,"positive",NA,NA,FALSE,NA,NA,FALSE,NA,NA,FALSE,NA,NA,FALSE,NA,NA,FALSE,3
"Arc_089","Arc-AkademiiNaukIceCap.Opel.2013","GlacierIce","d18O",80.52,94.82,"positive",0.291485410288797,0.030193454385467,TRUE,0.291485410288797,0.030193454385467,TRUE,0.291485410288797,0.0919449430459762,TRUE,0.279888018503401,0.0496253184453679,TRUE,0.279888018503401,0.159576021809831,FALSE,90
"Arc_093","Arc-MackenzieDelta.Porter.2013","Wood","trsgi",68.625,-133.87,"positive",0.387416334163078,0.00178934165590294,TRUE,0.387416334163078,0.00178934165590294,TRUE,0.387416334163078,0.0100454268401568,TRUE,0.031496652150813,0.753802404066051,FALSE,0.031496652150813,0.853864670092518,FALSE,120
"Arc_099","Arc-WindyDome.Henderson.2011","GlacierIce","iceMelt",80.783,65.63,"positive",0.0422530859912772,0.752361614932967,FALSE,0.0422530859912772,0.752361614932967,FALSE,0.0422530859912772,0.861380024252413,FALSE,0.0748393116612351,0.57145402171583,FALSE,0.0748393116612351,0.725178783641672,FALSE,102
"Arc_099d18O","Arc-WindyDome.Henderson.2011","GlacierIce","d18O",80.783,65.63,"positive",0.416119374729846,0.0033490928106251,TRUE,0.416119374729846,0.0033490928106251,TRUE,0.416119374729846,0.0161159353293238,TRUE,0.377681799281117,0.00701381528419874,TRUE,0.377681799281117,0.0380410320498915,TRUE,102
"Arc_100","Arc-Yamalia.Briffa.2013","Wood","temperature",66.8,68,"positive",0.511364857680415,5.28632625966928e-10,TRUE,0.511364857680415,5.28632625966928e-10,TRUE,0.511364857680415,2.25549920412556e-08,TRUE,0.438689824443429,4.45322526034609e-08,TRUE,0.438689824443429,1.50003377190605e-06,TRUE,151
"Arc_150","Arc-Forfjorddalen.McCarroll.2013","Wood","MXD",68.73,15.73,"positive",0.580278154843924,6.61535646219892e-12,TRUE,0.580278154843924,6.61535646219892e-12,TRUE,0.580278154843924,7.05638022634552e-10,TRUE,0.468507155889093,4.75160084536742e-09,TRUE,0.468507155889093,2.53418711752929e-07,TRUE,151
"Arc_152","Arc-Jamtland.Wilson.2016","Wood","MXD",63.2475,13.3375,"positive",0.535821349701653,4.14772551584445e-11,TRUE,0.535821349701653,4.14772551584445e-11,TRUE,0.535821349701653,2.94949370015605e-09,TRUE,0.440288683012705,2.35838817708982e-08,TRUE,0.440288683012705,8.38538018520825e-07,TRUE,151
"Arc_162","Arc-PolarUrals.Wilson.2015","Wood","density",66.9,65.6,"positive",0.536281702696903,1.36850281907015e-10,TRUE,0.536281702696903,1.36850281907015e-10,TRUE,0.536281702696903,7.29868170170746e-09,TRUE,0.475742341386682,4.51832244183927e-09,TRUE,0.475742341386682,2.53418711752929e-07,TRUE,151
"Asia_001","Asi-AltaiAktru.Cook.2005","Wood","trsgi",50.08,87.77,"positive",0.0244050468073978,0.800764031302023,FALSE,0.0244050468073978,0.800764031302023,FALSE,0.0244050468073978,0.892837944308876,FALSE,-0.14764017894292,0.0918128319110489,FALSE,-0.14764017894292,0.244834218429464,FALSE,149
"Asia_002","Asi-AltaiDjasator.Cook.2011","Wood","trsgi",49.62,88.1,"positive",0.0125808975673115,0.892729147304084,FALSE,0.0125808975673115,0.892729147304084,FALSE,0.0125808975673115,0.946976058854712,FALSE,-0.0554019809723599,0.533547494801212,FALSE,-0.0554019809723599,0.7087226301418,FALSE,151
"Asia_003","Asi-AltaiJablonsky.Cook.2000","Wood","trsgi",50.87,85.23,"positive",0.0538600217449392,0.599741271291591,FALSE,0.0538600217449392,0.599741271291591,FALSE,0.0538600217449392,0.766264076844275,FALSE,0.0184887332921193,0.842166307801401,FALSE,0.0184887332921193,0.910450062488001,FALSE,146
"Asia_004","Asi-AltaiKuraisky.Cook.2011","Wood","trsgi",50.3,87.83,"positive",-0.0130929511004238,0.893732437990309,FALSE,-0.0130929511004238,0.893732437990309,FALSE,-0.0130929511004238,0.946976058854712,FALSE,-0.0980074044189481,0.269010892975542,FALSE,-0.0980074044189481,0.48409037251646,FALSE,151
"Asia_005","Asi-AltaiKuraiskySteppe.Cook.2011","Wood","trsgi",50.27,87.83,"positive",-0.0508730013880181,0.621560492361865,FALSE,-0.0508730013880181,0.621560492361865,FALSE,-0.0508730013880181,0.781529892164231,FALSE,-0.164609914152025,0.068165424733238,FALSE,-0.164609914152025,0.195631712238889,FALSE,151
"Asia_006","Asi-AltaiSamakhaSteppe.Cook.2011","Wood","trsgi",49.72,87.28,"positive",0.127018918011716,0.25481070783193,FALSE,0.127018918011716,0.25481070783193,FALSE,0.127018918011716,0.450380617039309,FALSE,-0.136330971750305,0.159620607373635,FALSE,-0.136330971750305,0.351747994018469,FALSE,151
"Asia_007","Asi-AltaiKorumdu.Cook.2005","Wood","trsgi",50.14,87.72,"positive",0.147506442538798,0.121185503871518,FALSE,0.147506442538798,0.121185503871518,FALSE,0.147506442538798,0.273094093231589,FALSE,-0.0596633374543783,0.490844049579582,FALSE,-0.0596633374543783,0.67848853505601,FALSE,150
"Asia_008","Asi-AltaiTjute.Cook.2011","Wood","trsgi",50.12,87.92,"positive",0.0409198785193884,0.688987660658706,FALSE,0.0409198785193884,0.688987660658706,FALSE,0.0409198785193884,0.822989864136863,FALSE,-0.111229926847885,0.216262622283967,FALSE,-0.111229926847885,0.435245529124964,FALSE,151
"Asia_009","Asi-AltaiUstUlaganLake.Cook.2005","Wood","trsgi",50.48,87.67,"positive",0.0621593545461614,0.521507543776236,FALSE,0.0621593545461614,0.521507543776236,FALSE,0.0621593545461614,0.720874358567584,FALSE,-0.0561047880412731,0.531612054671516,FALSE,-0.0561047880412731,0.7087226301418,FALSE,146
"Asia_010","Asi-AltaiUlaganValley.Cook.2011","Wood","trsgi",50.68,87.97,"positive",-0.052302211098102,0.600557120656102,FALSE,-0.052302211098102,0.600557120656102,FALSE,-0.052302211098102,0.766264076844275,FALSE,-0.139862586102659,0.117083138286885,FALSE,-0.139862586102659,0.287207873964792,FALSE,151
"Asia_011","Asi-UULTRW.Schweingruber.2002","Wood","trsgi",50.48,87.65,"positive",-0.00970908094735502,0.920744357430269,FALSE,-0.00970908094735502,0.920744357430269,FALSE,-0.00970908094735502,0.958172989846133,FALSE,-0.0517597484420997,0.56741406127089,FALSE,-0.0517597484420997,0.725178783641672,FALSE,145
"Asia_013","Asi-UULLWW.Schweingruber.2002","Wood","trsgi",50.48,87.65,"positive",0.0589350791428107,0.540696314874712,FALSE,0.0589350791428107,0.540696314874712,FALSE,0.0589350791428107,0.73470412212275,FALSE,-0.0148833759613737,0.868462587666407,FALSE,-0.0148833759613737,0.921751336826701,FALSE,145
"Asia_014","Asi-UULEWD.Schweingruber.2002","Wood","trsgi",50.48,87.65,"positive",-0.0253957715846043,0.772573512677315,FALSE,-0.0253957715846043,0.772573512677315,FALSE,-0.0253957715846043,0.878404709875401,FALSE,-0.00396685118405039,0.963146904264899,FALSE,-0.00396685118405039,0.975056639162106,FALSE,145
"Asia_015","Asi-UULLWD.Schweingruber.2002","Wood","trsgi",50.48,87.65,"positive",0.0255683590909236,0.78281696340577,FALSE,0.0255683590909236,0.78281696340577,FALSE,0.0255683590909236,0.883687093380547,FALSE,0.1022660442103,0.244256702107419,FALSE,0.1022660442103,0.46131217844245,FALSE,145
"Asia_016","Asi-UULMND.Schweingruber.2002","Wood","trsgi",50.48,87.65,"positive",-0.0490009344372895,0.57198190944764,FALSE,-0.0490009344372895,0.57198190944764,FALSE,-0.0490009344372895,0.74860618005417,FALSE,-0.0699260972206253,0.411642895460738,FALSE,-0.0699260972206253,0.612677797895051,FALSE,145
"Asia_018","Asi-UKHTRW.Schweingruber.2002","Wood","trsgi",50.15,85.37,"positive",0.38946221834059,0.000103316774925165,TRUE,0.38946221834059,0.000103316774925165,TRUE,0.38946221834059,0.00124759879154916,TRUE,0.127602501024466,0.153739091877392,FALSE,0.127602501024466,0.34535453977562,FALSE,145
"Asia_020","Asi-UKHLWW.Schweingruber.2002","Wood","trsgi",50.15,85.37,"positive",0.432311818346777,1.92967609037801e-05,TRUE,0.432311818346777,1.92967609037801e-05,TRUE,0.432311818346777,0.000308748174460481,TRUE,0.182937560956697,0.0420899259375357,TRUE,0.182937560956697,0.142038025721058,FALSE,145
"Asia_021","Asi-UKHEWD.Schweingruber.2002","Wood","trsgi",50.15,85.37,"positive",0.200933515988727,0.0185121092201793,TRUE,0.200933515988727,0.0185121092201793,TRUE,0.200933515988727,0.0630199462814614,TRUE,0.183688177415935,0.0291240977781663,TRUE,0.183688177415935,0.11029143151642,FALSE,145
"Asia_023","Asi-UKHMND.Schweingruber.2002","Wood","trsgi",50.15,85.37,"positive",0.142435080705666,0.0874461837907718,FALSE,0.142435080705666,0.0874461837907718,TRUE,0.142435080705666,0.211990748583689,FALSE,0.155050224322494,0.0625790782881152,FALSE,0.155050224322494,0.183718394974283,FALSE,145
"Asia_024","Asi-UKHMXD.Schweingruber.2002","Wood","trsgi",50.15,85.37,"positive",0.32740407852812,0.000265683010423209,TRUE,0.32740407852812,0.000265683010423209,TRUE,0.32740407852812,0.00246430618363556,TRUE,0.183022984586606,0.0325025339203931,TRUE,0.183022984586606,0.118866409766009,FALSE,145
"Asia_025","Asi-BT001.Cook.2010","Wood","trsgi",27.58,90.65,"positive",0.0974277794625514,0.404531195596046,FALSE,0.0974277794625514,0.404531195596046,FALSE,0.0974277794625514,0.616845077248066,FALSE,0.0872425989927594,0.438747650118605,FALSE,0.0872425989927594,0.636731283618837,FALSE,139
"Asia_026","Asi-BT002.Cook.2010","Wood","trsgi",27.67,90.73,"positive",0.322289688952556,0.00736909956715615,TRUE,0.322289688952556,0.00736909956715615,TRUE,0.322289688952556,0.030427249825677,TRUE,0.246735058353267,0.0313571784385884,TRUE,0.246735058353267,0.115924931254174,FALSE,139
"Asia_027","Asi-BT003.Cook.2010","Wood","trsgi",27.7,90.77,"positive",0.283519875289609,0.0159058616601791,TRUE,0.283519875289609,0.0159058616601791,TRUE,0.283519875289609,0.0562417207873735,TRUE,0.287739055951512,0.0108948060667733,TRUE,0.287739055951512,0.0540517510289529,TRUE,139
"Asia_028","Asi-BT004.Cook.2010","Wood","trsgi",27.7,90.68,"positive",0.225113784965619,0.066330007449024,FALSE,0.225113784965619,0.066330007449024,TRUE,0.225113784965619,0.176146077872927,FALSE,0.219556803040365,0.0612684733792419,FALSE,0.219556803040365,0.182380571919604,FALSE,139
"Asia_029","Asi-BHUTTD.PAGES2k.2013","Wood","trsgi",27.67,90.72,"positive",0.121195055422752,0.324612349133216,FALSE,0.121195055422752,0.324612349133216,FALSE,0.121195055422752,0.531334791420098,FALSE,0.192916296038899,0.0978490677787196,FALSE,0.192916296038899,0.252513723299922,FALSE,139
"Asia_030","Asi-BT006.Cook.2010","Wood","trsgi",27.63,90.13,"positive",0.065407391066022,0.58538645757215,FALSE,0.065407391066022,0.58538645757215,FALSE,0.065407391066022,0.757474232179102,FALSE,0.0546831967778248,0.634924915388236,FALSE,0.0546831967778248,0.778452003541132,FALSE,139
"Asia_031","Asi-BT008.Cook.2010","Wood","trsgi",27.58,90.65,"positive",0.1548258368439,0.184468771896572,FALSE,0.1548258368439,0.184468771896572,FALSE,0.1548258368439,0.36432922582542,FALSE,0.181316677263167,0.106123659200403,FALSE,0.181316677263167,0.269520404318484,FALSE,139
"Asia_032","Asi-BT009.Cook.2010","Wood","trsgi",27.42,90.97,"positive",0.142650322105958,0.196240061044227,FALSE,0.142650322105958,0.196240061044227,FALSE,0.142650322105958,0.379233488853906,FALSE,0.181349363665205,0.0894911690825212,FALSE,0.181349363665205,0.239697915326397,FALSE,139
"Asia_033","Asi-BT010.Cook.2010","Wood","trsgi",27.25,89.38,"positive",0.0691706179260611,0.471184408946146,FALSE,0.0691706179260611,0.471184408946146,FALSE,0.0691706179260611,0.686920322837206,FALSE,0.051000491439818,0.591799645791962,FALSE,0.051000491439818,0.738307550305762,FALSE,135
"Asia_034","Asi-BHUTSP.PAGES2k.2013","Wood","trsgi",27.45,90,"positive",0.0622931594924306,0.553719661352674,FALSE,0.0622931594924306,0.553719661352674,FALSE,0.0622931594924306,0.73947637782444,FALSE,0.133945628712958,0.181519658401393,FALSE,0.133945628712958,0.382146649266091,FALSE,135
"Asia_035","Asi-BT018.Cook.2010","Wood","trsgi",27.95,89.75,"positive",0.061052768464573,0.588299480885355,FALSE,0.061052768464573,0.588299480885355,FALSE,0.061052768464573,0.758060409975625,FALSE,0.0486926007495192,0.661594570003757,FALSE,0.0486926007495192,0.795903242109783,FALSE,135
"Asia_036","Asi-BT011.Cook.2010","Wood","trsgi",27.45,90.15,"positive",0.158152364984863,0.185010934989471,FALSE,0.158152364984863,0.185010934989471,FALSE,0.158152364984863,0.36432922582542,FALSE,0.112804954368139,0.323957735059273,FALSE,0.112804954368139,0.535171028948567,FALSE,139
"Asia_037","Asi-BT005.Cook.2010","Wood","trsgi",27.45,90.15,"positive",0.0345818230992531,0.787033817542049,FALSE,0.0345818230992531,0.787033817542049,FALSE,0.0345818230992531,0.883687093380547,FALSE,0.0142823780797046,0.906688774441719,FALSE,0.0142823780797046,0.948171267390033,FALSE,139
"Asia_038","Asi-CHIN020.Li.2010","Wood","trsgi",30.23,100.27,"positive",0.0915728450461959,0.441020400266806,FALSE,0.0915728450461959,0.441020400266806,FALSE,0.0915728450461959,0.653363555950823,FALSE,0.149561425713453,0.17779385480017,FALSE,0.149561425713453,0.379293556907029,FALSE,133
"Asia_039","Asi-CHIN021.Li.2010","Wood","trsgi",28.98,99.93,"positive",0.0420573310327971,0.707999734691186,FALSE,0.0420573310327971,0.707999734691186,FALSE,0.0420573310327971,0.832940864342571,FALSE,0.167294877129457,0.0998311692059332,FALSE,0.167294877129457,0.256594169846575,FALSE,135
"Asia_040","Asi-CHIN018.Li.2010","Wood","trsgi",29.28,100.08,"positive",0.131066424208034,0.220923872179187,FALSE,0.131066424208034,0.220923872179187,FALSE,0.131066424208034,0.409829791868637,FALSE,0.159808562963689,0.121076168013522,FALSE,0.159808562963689,0.292410368032656,FALSE,131
"Asia_041","Asi-CHIN019.Li.2010","Wood","trsgi",29.15,99.93,"positive",0.0782564650841826,0.412145881879452,FALSE,0.0782564650841826,0.412145881879452,FALSE,0.0782564650841826,0.625055365883529,FALSE,0.115626675991394,0.210427932593641,FALSE,0.115626675991394,0.427126683367526,FALSE,135
"Asia_042","Asi-WXIYUN.Wright.2010","Wood","trsgi",27.33,99.3,"positive",-0.139643358867089,0.216462175897402,FALSE,-0.139643358867089,0.216462175897402,FALSE,-0.139643358867089,0.405657363242989,FALSE,-0.107800685735127,0.298032360650526,FALSE,-0.107800685735127,0.511369197899025,FALSE,135
"Asia_043","Asi-DEZQIN.PAGES2k.2013","Wood","trsgi",34.75,100.82,"positive",0.191572885198487,0.0808759132462249,FALSE,0.191572885198487,0.0808759132462249,TRUE,0.191572885198487,0.198088529735494,FALSE,-0.0366889036661732,0.70745419214744,FALSE,-0.0366889036661732,0.83084671752005,FALSE,133
"Asia_044","Asi-GOUQIN.PAGES2k.2013","Wood","trsgi",34.73,100.8,"positive",-0.00525212497338777,0.958431112794427,FALSE,-0.00525212497338777,0.958431112794427,FALSE,-0.00525212497338777,0.979865674422417,FALSE,-0.0875872046436194,0.367673032291466,FALSE,-0.0875872046436194,0.569759662630843,FALSE,133
"Asia_045","Asi-HEBQIN.PAGES2k.2013","Wood","trsgi",34.73,100.78,"positive",-0.0613040440115937,0.541845981615756,FALSE,-0.0613040440115937,0.541845981615756,FALSE,-0.0613040440115937,0.734706415750178,FALSE,-0.179001745755863,0.0622970709406219,FALSE,-0.179001745755863,0.183718394974283,FALSE,133
"Asia_046","Asi-LAJQIN.PAGES2k.2013","Wood","trsgi",34.72,100.72,"positive",0.239028996028892,0.0471955410176123,TRUE,0.239028996028892,0.0471955410176123,TRUE,0.239028996028892,0.130194595910655,FALSE,0.131664664536904,0.236902965786787,FALSE,0.131664664536904,0.455309003313944,FALSE,133
"Asia_047","Asi-GHEGAN.PAGES2k.2013","Wood","trsgi",37.93,101.53,"positive",-0.0235617477183048,0.840970260661541,FALSE,-0.0235617477183048,0.840970260661541,FALSE,-0.0235617477183048,0.924778293510973,FALSE,-0.00341204769062395,0.974530765950506,FALSE,-0.00341204769062395,0.983753454587261,FALSE,135
"Asia_048","Asi-CHIN006.Sheppard.2013","Wood","trsgi",36.3,98.08,"positive",0.0776623678459467,0.473542710537469,FALSE,0.0776623678459467,0.473542710537469,FALSE,0.0776623678459467,0.687227516426258,FALSE,0.0443553240555273,0.672890942522236,FALSE,0.0443553240555273,0.806461054708298,FALSE,122
"Asia_049","Asi-CHIN005.Sheppard.2013","Wood","trsgi",37,98.08,"positive",-0.0653618774059886,0.536279047534923,FALSE,-0.0653618774059886,0.536279047534923,FALSE,-0.0653618774059886,0.731809361241686,FALSE,-0.101570503052291,0.324447436300069,FALSE,-0.101570503052291,0.535171028948567,FALSE,122
"Asia_050","Asi-DUSHJP.PAGES2k.2013","Wood","trsgi",36.65,98.08,"positive",-0.0222791340408846,0.837624694596054,FALSE,-0.0222791340408846,0.837624694596054,FALSE,-0.0222791340408846,0.924778293510973,FALSE,-0.0800849073668975,0.445743552799732,FALSE,-0.0800849073668975,0.642356388707213,FALSE,122
"Asia_051","Asi-MQAXJP.PAGES2k.2013","Wood","trsgi",35.07,100.35,"positive",0.0068378837505668,0.958156659815623,FALSE,0.0068378837505668,0.958156659815623,FALSE,0.0068378837505668,0.979865674422417,FALSE,-0.239604791147653,0.0294296756514511,FALSE,-0.239604791147653,0.11029143151642,FALSE,135
"Asia_052","Asi-MQBXJP.PAGES2k.2013","Wood","trsgi",34.78,99.78,"positive",0.0672137824061673,0.500406170229434,FALSE,0.0672137824061673,0.500406170229434,FALSE,0.0672137824061673,0.697734093566095,FALSE,-0.00515872892113622,0.956775762061581,FALSE,-0.00515872892113622,0.972361946974872,FALSE,135
"Asia_053","Asi-MQDXJP.PAGES2k.2013","Wood","trsgi",34.72,99.67,"positive",0.1669927482637,0.111124523296897,FALSE,0.1669927482637,0.111124523296897,FALSE,0.1669927482637,0.256749801119185,FALSE,0.0742185269270509,0.450865341771221,FALSE,0.0742185269270509,0.645083002440327,FALSE,135
"Asia_054","Asi-MQFXJP.PAGES2k.2013","Wood","trsgi",34.75,99.68,"positive",-0.059419456044322,0.556918147049031,FALSE,-0.059419456044322,0.556918147049031,FALSE,-0.059419456044322,0.73947637782444,FALSE,-0.103799167780559,0.281960993822808,FALSE,-0.103799167780559,0.497121311423132,FALSE,135
"Asia_055","Asi-MQRXJP.PAGES2k.2013","Wood","trsgi",34.75,99.68,"positive",0.0743914150352866,0.461868330747231,FALSE,0.0743914150352866,0.461868330747231,FALSE,0.0743914150352866,0.676420438622948,FALSE,-0.0199112279562658,0.835304805176899,FALSE,-0.0199112279562658,0.906093347988501,FALSE,135
"Asia_056","Asi-TDAXJP.PAGES2k.2013","Wood","trsgi",34.78,100.8,"positive",0.00691169610414378,0.954918041888648,FALSE,0.00691169610414378,0.954918041888648,FALSE,0.00691169610414378,0.979403119885792,FALSE,-0.0221202332454285,0.846144421968558,FALSE,-0.0221202332454285,0.911381652665203,FALSE,133
"Asia_057","Asi-TDBXJP.PAGES2k.2013","Wood","trsgi",34.78,100.82,"positive",-0.0670057787075112,0.548200400429765,FALSE,-0.0670057787075112,0.548200400429765,FALSE,-0.0670057787075112,0.73947637782444,FALSE,-0.17903670305677,0.0871817913665448,FALSE,-0.17903670305677,0.236425196926223,FALSE,133
"Asia_058","Asi-HBLXJP.PAGES2k.2013","Wood","trsgi",34.78,100.82,"positive",-0.000510299658087648,0.99658556742321,FALSE,-0.000510299658087648,0.99658556742321,FALSE,-0.000510299658087648,0.99658556742321,FALSE,-0.211256364476407,0.0481088741781096,FALSE,-0.211256364476407,0.156292789208072,FALSE,133
"Asia_059","Asi-HBMXJP.PAGES2k.2013","Wood","trsgi",34.78,100.82,"positive",0.125972642794753,0.249437497987012,FALSE,0.125972642794753,0.249437497987012,FALSE,0.125972642794753,0.445921784110859,FALSE,-0.140426076706696,0.142508070690362,FALSE,-0.140426076706696,0.329096482119769,FALSE,133
"Asia_060","Asi-HBHXJP.PAGES2k.2013","Wood","trsgi",34.78,100.82,"positive",0.012729091174251,0.893245841666814,FALSE,0.012729091174251,0.893245841666814,FALSE,0.012729091174251,0.946976058854712,FALSE,-0.101244136992343,0.269275269712281,FALSE,-0.101244136992343,0.48409037251646,FALSE,133
"Asia_061","Asi-BARELC.PAGES2k.2013","Wood","trsgi",33.75,107.8,"positive",0.0894033853775246,0.495418035193526,FALSE,0.0894033853775246,0.495418035193526,FALSE,0.0894033853775246,0.696713266159197,FALSE,-0.0303355122486873,0.798351161668719,FALSE,-0.0303355122486873,0.883987445446333,FALSE,134
"Asia_062","Asi-CHIN004.Wu.2013","Wood","trsgi",34.48,110.08,"positive",-0.183718579615151,0.0650299645231331,FALSE,-0.183718579615151,0.0650299645231331,FALSE,-0.183718579615151,0.174138817133076,FALSE,-0.174277225453414,0.0712520694866403,FALSE,-0.174277225453414,0.203577341390401,FALSE,132
"Asia_063","Asi-SANGTS.PAGES2k.2013","Wood","trsgi",33.65,107.8,"positive",-0.0826225656984692,0.479714095493557,FALSE,-0.0826225656984692,0.479714095493557,FALSE,-0.0826225656984692,0.690894806258541,FALSE,-0.0736232971820573,0.502997849208042,FALSE,-0.0736232971820573,0.689224381251557,FALSE,134
"Asia_064","Asi-CHIN029.Krusic.2010","Wood","trsgi",43.85,93.3,"positive",-0.0162364740056868,0.885591887929567,FALSE,-0.0162364740056868,0.885591887929567,FALSE,-0.0162364740056868,0.9465214078578,FALSE,-0.064515020549163,0.535146012172229,FALSE,-0.064515020549163,0.7087226301418,FALSE,131
"Asia_065","Asi-TIANMU.PAGES2k.2013","Wood","trsgi",30.33,119.43,"positive",0.0756032162482582,0.391429478867543,FALSE,0.0756032162482582,0.391429478867543,FALSE,0.0756032162482582,0.606573526574401,FALSE,0.15331424421557,0.0744900581976575,FALSE,0.15331424421557,0.209974281588305,FALSE,149
"Asia_066","Asi-WULANJ.PAGES2k.2013","Wood","trsgi",37.03,98.68,"positive",-0.00769953116624624,0.944025857989197,FALSE,-0.00769953116624624,0.944025857989197,FALSE,-0.00769953116624624,0.971344934265412,FALSE,-0.0671119299739398,0.51988397172683,FALSE,-0.0671119299739398,0.704927419290616,FALSE,129
"Asia_067","Asi-QUMAJP.PAGES2k.2013","Wood","trsgi",33.8,96.13,"positive",-0.0174955422650117,0.860538931067755,FALSE,-0.0174955422650117,0.860538931067755,FALSE,-0.0174955422650117,0.933465959124344,FALSE,-0.0557292151648888,0.559417901254124,FALSE,-0.0557292151648888,0.721829550005321,FALSE,135
"Asia_068","Asi-ZHIDJP.Shao.2003","Wood","trsgi",33.72,96.28,"positive",0.267137523340231,0.0198054003948981,TRUE,0.267137523340231,0.0198054003948981,TRUE,0.267137523340231,0.0663636453022765,TRUE,0.0506749535169898,0.615811164543842,FALSE,0.0506749535169898,0.759216253246446,FALSE,135
"Asia_069","Asi-ZHANGX.PAGES2k.2010","Wood","trsgi",34.63,104.47,"positive",-0.221404467909769,0.0331722014875231,FALSE,-0.221404467909769,0.0331722014875231,FALSE,-0.221404467909769,0.0982880044074758,FALSE,-0.250586527466686,0.0122068378306592,FALSE,-0.250586527466686,0.0583013150121038,FALSE,133
"Asia_070","Asi-CHIN017.Li.2010","Wood","trsgi",28.9,99.75,"positive",0.0313972839888818,0.738181099972024,FALSE,0.0313972839888818,0.738181099972024,FALSE,0.0313972839888818,0.851984049929547,FALSE,-0.056824321441315,0.531611817083623,FALSE,-0.056824321441315,0.7087226301418,FALSE,135
"Asia_071","Asi-CHIN016.Li.2010","Wood","trsgi",31.78,101.92,"positive",0.230651404579545,0.0813756472875554,FALSE,0.230651404579545,0.0813756472875554,TRUE,0.230651404579545,0.198088529735494,FALSE,0.151642083218074,0.208415881547809,FALSE,0.151642083218074,0.426464570827474,FALSE,133
"Asia_072","Asi-PTCYUN.PAGES2k.2013","Wood","trsgi",27.37,99.37,"positive",-0.134380683351115,0.282019512021458,FALSE,-0.134380683351115,0.282019512021458,FALSE,-0.134380683351115,0.482600234475223,FALSE,-0.166298391470797,0.131539621023184,FALSE,-0.166298391470797,0.311797620203104,FALSE,135
"Asia_073","Asi-WEXYUN.Wright.2010","Wood","trsgi",27.33,99.3,"positive",0.0218510942149512,0.858906266429309,FALSE,0.0218510942149512,0.858906266429309,FALSE,0.0218510942149512,0.933276758089571,FALSE,0.00488547599993095,0.96439195717127,FALSE,0.00488547599993095,0.975056639162106,FALSE,135
"Asia_074","Asi-HXBURU.PAGES2k.2013","Wood","trsgi",43.18,87.18,"positive",0.0366713631292204,0.721416579547187,FALSE,0.0366713631292204,0.721416579547187,FALSE,0.0366713631292204,0.842341719826902,FALSE,0.0625743463324566,0.537969088465984,FALSE,0.0625743463324566,0.7087226301418,FALSE,124
"Asia_075","Asi-DQHZHO.PAGES2k.2013","Wood","trsgi",35,100.07,"positive",0.146779432680174,0.180719095549128,FALSE,0.146779432680174,0.180719095549128,FALSE,0.146779432680174,0.359193233389572,FALSE,0.0472730106290227,0.646931705484188,FALSE,0.0472730106290227,0.784159643011137,FALSE,133
"Asia_076","Asi-CHIN026.Wright.2010","Wood","trsgi",27.62,99.8,"positive",0.3746284912276,0.000646331445258538,TRUE,0.3746284912276,0.000646331445258538,TRUE,0.3746284912276,0.00459613472183849,TRUE,0.233960657756424,0.019059666243303,TRUE,0.233960657756424,0.0792090025695708,TRUE,135
"Asia_077","Asi-HYGJUP.PAGES2k.2013","Wood","trsgi",38.7,99.68,"positive",0.08177665379597,0.585858976451024,FALSE,0.08177665379597,0.585858976451024,FALSE,0.08177665379597,0.757474232179102,FALSE,-0.0404940465663935,0.758314619759559,FALSE,-0.0404940465663935,0.85745822728996,FALSE,129
"Asia_078","Asi-MQACJP.PAGES2k.2013","Wood","trsgi",35.07,100.35,"positive",-0.0505815884044879,0.636939446316456,FALSE,-0.0505815884044879,0.636939446316456,FALSE,-0.0505815884044879,0.789647995405904,FALSE,-0.273435903384716,0.00453519119630701,FALSE,-0.273435903384716,0.0266286455562981,FALSE,135
"Asia_079","Asi-CHIN037.Fan.2013","Wood","trsgi",27.58,99.35,"positive",-0.0471782599312575,0.674704835107711,FALSE,-0.0471782599312575,0.674704835107711,FALSE,-0.0471782599312575,0.813203567738107,FALSE,-0.0457077636366737,0.658140854346146,FALSE,-0.0457077636366737,0.793239447799498,FALSE,135
"Asia_080","Asi-CHIN038.Fan.2013","Wood","trsgi",27.58,99.28,"positive",-0.158612383966468,0.161437281053748,FALSE,-0.158612383966468,0.161437281053748,FALSE,-0.158612383966468,0.333289870562577,FALSE,-0.164091294169482,0.112981477047775,FALSE,-0.164091294169482,0.281354651013915,FALSE,135
"Asia_081","Asi-CHIN039.Fan.2013","Wood","trsgi",28.03,99.02,"positive",0.0732235657413037,0.524591434301291,FALSE,0.0732235657413037,0.524591434301291,FALSE,0.0732235657413037,0.723574392139712,FALSE,0.0486928625020929,0.64234149305281,FALSE,0.0486928625020929,0.783403065696775,FALSE,135
"Asia_082","Asi-CHIN040.Fan.2013","Wood","trsgi",28.03,98.98,"positive",-0.124055906879614,0.288763366434581,FALSE,-0.124055906879614,0.288763366434581,FALSE,-0.124055906879614,0.485061822882236,FALSE,-0.107707340289477,0.309180862002326,FALSE,-0.107707340289477,0.519358928297871,FALSE,135
"Asia_083","Asi-CHIN041.Fan.2013","Wood","trsgi",27.88,98.4,"positive",-0.012158985292811,0.917753663210308,FALSE,-0.012158985292811,0.917753663210308,FALSE,-0.012158985292811,0.958172989846133,FALSE,-0.0378108380828548,0.722283639226947,FALSE,-0.0378108380828548,0.844249905343395,FALSE,135
"Asia_084","Asi-CHIN050.Shao.2013","Wood","trsgi",37.47,97.23,"positive",0.154008387553679,0.166598987341018,FALSE,0.154008387553679,0.166598987341018,FALSE,0.154008387553679,0.339564814962585,FALSE,0.176320843153175,0.0953278329075722,FALSE,0.176320843153175,0.249019645146311,FALSE,129
"Asia_085","Asi-CHIN051.Shao.2013","Wood","trsgi",37.47,97.22,"positive",0.114769939594181,0.283833602263977,FALSE,0.114769939594181,0.283833602263977,FALSE,0.114769939594181,0.484392409347702,FALSE,0.0584166860814728,0.56829653525444,FALSE,0.0584166860814728,0.725178783641672,FALSE,129
"Asia_086","Asi-CHIN052.Shao.2013","Wood","trsgi",37.45,97.53,"positive",0.160934081868361,0.147241731392397,FALSE,0.160934081868361,0.147241731392397,FALSE,0.160934081868361,0.315166247796435,FALSE,-0.011813814982059,0.908960337503619,FALSE,-0.011813814982059,0.948996110933631,FALSE,129
"Asia_087","Asi-CHIN053.Shao.2013","Wood","trsgi",37.43,98.05,"positive",0.00991218325572261,0.924247765539326,FALSE,0.00991218325572261,0.924247765539326,FALSE,0.00991218325572261,0.958701085810646,FALSE,-0.0865357416472697,0.385537383523906,FALSE,-0.0865357416472697,0.590296472381101,FALSE,129
"Asia_088","Asi-CHIN054.Shao.2013","Wood","trsgi",37.45,97.78,"positive",0.0557684460172281,0.613377182199123,FALSE,0.0557684460172281,0.613377182199123,FALSE,0.0557684460172281,0.775813036773594,FALSE,-0.0161888869625445,0.877101208151975,FALSE,-0.0161888869625445,0.926311506959182,FALSE,129
"Asia_089","Asi-CHIN055.Shao.2013","Wood","trsgi",37.52,97.05,"positive",-0.00949213939963479,0.928633855865125,FALSE,-0.00949213939963479,0.928633855865125,FALSE,-0.00949213939963479,0.961692019018899,FALSE,-0.00978576387282003,0.923596598218956,FALSE,-0.00978576387282003,0.956475441521249,FALSE,129
"Asia_090","Asi-CHIN056.Shao.2013","Wood","trsgi",34.47,110.08,"positive",-0.0913315217649281,0.28956257106374,FALSE,-0.0913315217649281,0.28956257106374,FALSE,-0.0913315217649281,0.485131009112026,FALSE,-0.143083545078331,0.0940012146791786,FALSE,-0.143083545078331,0.248598253697001,FALSE,142
"Asia_091","Asi-CHIN057.Shao.2013","Wood","trsgi",34.47,110.08,"positive",-0.142678992189776,0.13245758454524,FALSE,-0.142678992189776,0.13245758454524,FALSE,-0.142678992189776,0.290890639974031,FALSE,-0.146732824505805,0.110201140401163,FALSE,-0.146732824505805,0.275502851002907,FALSE,142
"Asia_092","Asi-CHIN058.Shao.2013","Wood","trsgi",34.47,110.08,"positive",-0.116321604565953,0.170791993389127,FALSE,-0.116321604565953,0.170791993389127,FALSE,-0.116321604565953,0.347005954822353,FALSE,-0.102874176147778,0.22541478962033,FALSE,-0.102874176147778,0.441443141557463,FALSE,142
"Asia_093","Asi-CHIN059.Shao.2013","Wood","trsgi",33.8,96.13,"positive",-0.0503616572677265,0.615882348791886,FALSE,-0.0503616572677265,0.615882348791886,FALSE,-0.0503616572677265,0.77744517401737,FALSE,-0.053079825306632,0.580970675598719,FALSE,-0.053079825306632,0.731931559809409,FALSE,135
"Asia_094","Asi-CHIN060.Shao.2013","Wood","trsgi",37.32,98.4,"positive",-0.0500729271907528,0.640117026343004,FALSE,-0.0500729271907528,0.640117026343004,FALSE,-0.0500729271907528,0.789647995405904,FALSE,-0.131954805457778,0.197571815731075,FALSE,-0.131954805457778,0.411782958353238,FALSE,129
"Asia_095","Asi-CHIN061.Shao.2013","Wood","trsgi",37.03,98.63,"positive",-0.101000640003591,0.355407550679849,FALSE,-0.101000640003591,0.355407550679849,FALSE,-0.101000640003591,0.565822966256475,FALSE,-0.0225671875550415,0.827752932705043,FALSE,-0.0225671875550415,0.903071513379339,FALSE,129
"Asia_096","Asi-CHIN062.Shao.2013","Wood","trsgi",37.03,98.67,"positive",-0.00871407942725256,0.942164271481262,FALSE,-0.00871407942725256,0.942164271481262,FALSE,-0.00871407942725256,0.971344934265412,FALSE,-0.0668499245851615,0.550383323517872,FALSE,-0.0668499245851615,0.715945786689915,FALSE,129
"Asia_097","Asi-CHIN063.Shao.2013","Wood","trsgi",36.75,98.22,"positive",0.049950491534244,0.66293584158322,FALSE,0.049950491534244,0.66293584158322,FALSE,0.049950491534244,0.804832234604455,FALSE,-0.0339643704191288,0.752278532699212,FALSE,-0.0339643704191288,0.853864670092518,FALSE,129
"Asia_098","Asi-CHIN064.Shao.2013","Wood","trsgi",36.68,98.42,"positive",0.0418477900287092,0.738829918298279,FALSE,0.0418477900287092,0.738829918298279,FALSE,0.0418477900287092,0.851984049929547,FALSE,-0.0448923273868243,0.697101042100198,FALSE,-0.0448923273868243,0.824666667179531,FALSE,129
"Asia_099","Asi-CHIN065.Shao.2013","Wood","trsgi",32.67,95.72,"positive",-0.284862565004657,0.00562294939153852,FALSE,-0.284862565004657,0.00562294939153852,FALSE,-0.284862565004657,0.0245222152990857,FALSE,-0.257682319104607,0.00822689916852149,FALSE,-0.257682319104607,0.0433438613143328,FALSE,135
"Asia_101","Asi-INDO005.D'Arrigo.2010","Wood","trsgi",-5.5,122.8,"positive",0.143882558428657,0.109398410945583,FALSE,0.143882558428657,0.109398410945583,FALSE,0.143882558428657,0.253677474656424,FALSE,0.0615200979449576,0.478732986286654,FALSE,0.0615200979449576,0.667514403536947,FALSE,144
"Asia_102","Asi-GANGCD.PAGES2k.2013","Wood","trsgi",30.98,78.93,"positive",-0.158809463071128,0.0803731248115746,FALSE,-0.158809463071128,0.0803731248115746,FALSE,-0.158809463071128,0.197841537997722,FALSE,-0.131972537133941,0.142951284420775,FALSE,-0.131972537133941,0.329096482119769,FALSE,129
"Asia_103","Asi-RANGCD.PAGES2k.2013","Wood","trsgi",33.08,76.43,"positive",-0.0172856323213287,0.85557814078143,FALSE,-0.0172856323213287,0.85557814078143,FALSE,-0.0172856323213287,0.931241513775706,FALSE,0.0211680786975886,0.820967923272089,FALSE,0.0211680786975886,0.899690874818728,FALSE,130
"Asia_104","Asi-INDI015.Borgaonkar.2013","Wood","trsgi",31.2,77.23,"positive",-0.0682061035737966,0.4825468412462,FALSE,-0.0682061035737966,0.4825468412462,FALSE,-0.0682061035737966,0.690894806258541,FALSE,-0.0271989926538228,0.775748562957078,FALSE,-0.0271989926538228,0.866455637508778,FALSE,120
"Asia_105","Asi-INDI025.Borgaonkar.2013","Wood","trsgi",10.18,76.87,"positive",-0.134156868550241,0.152651094409999,FALSE,-0.134156868550241,0.152651094409999,FALSE,-0.134156868550241,0.318293375178807,FALSE,-0.197130488386165,0.0271290723473169,FALSE,-0.197130488386165,0.105869550623676,FALSE,146
"Asia_106","Asi-KERALA.PAGES2k.2013","Wood","trsgi",10,76.67,"positive",-0.0909992719939599,0.276351232629173,FALSE,-0.0909992719939599,0.276351232629173,FALSE,-0.0909992719939599,0.475442980867394,FALSE,-0.162576331544275,0.0507304551577775,FALSE,-0.162576331544275,0.160730154955335,FALSE,145
"Asia_107","Asi-INDI024.Borgaonkar.2013","Wood","trsgi",31.37,78.17,"positive",0.0115260025237796,0.903860093844598,FALSE,0.0115260025237796,0.903860093844598,FALSE,0.0115260025237796,0.949869392546047,FALSE,0.0174536418733905,0.853086321890562,FALSE,0.0174536418733905,0.911381652665203,FALSE,130
"Asia_108","Asi-MTASSP.Davi.2013","Wood","trsgi",43.77,142.55,"positive",0.187062695386035,0.0814020051881794,FALSE,0.187062695386035,0.0814020051881794,TRUE,0.187062695386035,0.198088529735494,FALSE,0.0539864646636916,0.58447756351555,FALSE,0.0539864646636916,0.734903026817194,FALSE,137
"Asia_109","Asi-MTASMD.Davi.2013","Wood","trsgi",43.77,142.55,"positive",0.161542954876078,0.0782682059464468,FALSE,0.161542954876078,0.0782682059464468,TRUE,0.161542954876078,0.195670514866117,FALSE,0.18987192231267,0.0341228580498962,TRUE,0.18987192231267,0.122688927819852,FALSE,137
"Asia_110","Asi-RUSS219.Jacoby.2010","Wood","trsgi",43.88,145.6,"positive",0.305695782798533,0.00262065154733725,TRUE,0.305695782798533,0.00262065154733725,TRUE,0.305695782798533,0.0133112459547289,TRUE,0.37481108274268,8.47824952406602e-05,TRUE,0.37481108274268,0.00145942759675927,TRUE,134
"Asia_111","Asi-JAPA020.Kimura.2013","Wood","trsgi",30.33,130.5,"positive",0.0108532729877323,0.923066753424409,FALSE,0.0108532729877323,0.923066753424409,FALSE,0.0108532729877323,0.958701085810646,FALSE,0.170910768527512,0.0964390193130055,FALSE,0.170910768527512,0.249882479191593,FALSE,148
"Asia_112","Asi-JAPA013.Yasue.1997","Wood","trsgi",44.35,142.18,"positive",0.232446088741893,0.0180123836155297,TRUE,0.232446088741893,0.0180123836155297,TRUE,0.232446088741893,0.0616466605023477,TRUE,0.237881582218118,0.0105542719920696,TRUE,0.237881582218118,0.0527713599603478,TRUE,139
"Asia_113","Asi-JAPA015.Yasue.2013","Wood","trsgi",43.22,145.47,"positive",0.339773652303304,0.000107720117473066,TRUE,0.339773652303304,0.000107720117473066,TRUE,0.339773652303304,0.0012534704578684,TRUE,0.322821452425068,0.000216440126665453,TRUE,0.322821452425068,0.00235307975563357,TRUE,132
"Asia_114","Asi-JAPA016.Yasue.2013","Wood","trsgi",35.73,138.22,"positive",0.00209043098496812,0.98470467150773,FALSE,0.00209043098496812,0.98470467150773,FALSE,0.00209043098496812,0.994804654186854,FALSE,0.0272310147692533,0.789684079746233,FALSE,0.0272310147692533,0.878740621273095,FALSE,145
"Asia_115","Asi-JAPA014.Yasue.2013","Wood","trsgi",43.5,143.2,"positive",0.176623888293586,0.0518964340550207,FALSE,0.176623888293586,0.0518964340550207,TRUE,0.176623888293586,0.142548145043834,FALSE,0.182240093652598,0.0406390126448225,TRUE,0.182240093652598,0.139085390869981,FALSE,137
"Asia_116","Asi-JAPA012.Yasue.1997","Wood","trsgi",44.95,142.12,"positive",0.056033129903921,0.58311177373962,FALSE,0.056033129903921,0.58311177373962,FALSE,0.056033129903921,0.756980801609243,FALSE,0.0183012380953692,0.852256637145053,FALSE,0.0183012380953692,0.911381652665203,FALSE,131
"Asia_117","Asi-YKCOM.Yasue.2013","Wood","trsgi",30.37,130.53,"positive",0.158960696032653,0.148478171009022,FALSE,0.158960696032653,0.148478171009022,FALSE,0.158960696032653,0.316124458738508,FALSE,0.248970283649408,0.0151845821706744,TRUE,0.248970283649408,0.068437553445293,TRUE,149
"Asia_118","Asi-JAPA017.Yasue.2013","Wood","trsgi",30.37,130.53,"positive",-0.0274735530171169,0.783949389988445,FALSE,-0.0274735530171169,0.783949389988445,FALSE,-0.0274735530171169,0.883687093380547,FALSE,-0.00873649694711686,0.927880509736428,FALSE,-0.00873649694711686,0.959359493103899,FALSE,149
"Asia_119","Asi-YKC.Yasue.2013","Wood","trsgi",30.33,130.45,"positive",0.124904486804318,0.214389140641529,FALSE,0.124904486804318,0.214389140641529,FALSE,0.124904486804318,0.404746460208196,FALSE,0.214026946088169,0.0252120309814811,TRUE,0.214026946088169,0.0997722211955188,TRUE,149
"Asia_120","Asi-JAPA019.Sano.2013","Wood","trsgi",33.73,133.12,"positive",-0.0701188430798048,0.555514302974837,FALSE,-0.0701188430798048,0.555514302974837,FALSE,-0.0701188430798048,0.73947637782444,FALSE,-0.0675253664167796,0.541717955153877,FALSE,-0.0675253664167796,0.710449777250986,FALSE,149
"Asia_121","Asi-KYRG002.Esper.2007","Wood","trsgi",40.17,72.58,"positive",0.0256880578516649,0.805070605293359,FALSE,0.0256880578516649,0.805070605293359,FALSE,0.0256880578516649,0.896078586761304,FALSE,0.107173875554024,0.287918268357806,FALSE,0.107173875554024,0.503463638658458,FALSE,121
"Asia_122","Asi-KYRG003.Esper.2007","Wood","trsgi",40.17,72.58,"positive",-0.156749265898761,0.11263761297114,FALSE,-0.156749265898761,0.11263761297114,FALSE,-0.156749265898761,0.25838018746068,FALSE,-0.189489347802753,0.0498675068155723,FALSE,-0.189489347802753,0.159576021809831,FALSE,121
"Asia_123","Asi-KYRG004.Esper.2007","Wood","trsgi",40.17,72.58,"positive",0.169473079472859,0.102165777584276,FALSE,0.169473079472859,0.102165777584276,FALSE,0.169473079472859,0.241277113114158,FALSE,0.161849765989295,0.107599877591654,FALSE,0.161849765989295,0.271117801805741,FALSE,121
"Asia_124","Asi-KYRG005.Esper.2007","Wood","trsgi",40.17,72.58,"positive",0.057539928509527,0.550805893790665,FALSE,0.057539928509527,0.550805893790665,FALSE,0.057539928509527,0.73947637782444,FALSE,0.0969000672998797,0.313061426710998,FALSE,0.0969000672998797,0.523131365783391,FALSE,121
"Asia_125","Asi-KYRG007.Esper.2007","Wood","trsgi",40.17,72.58,"positive",0.117788578492484,0.259590771006452,FALSE,0.117788578492484,0.259590771006452,FALSE,0.117788578492484,0.452692352708798,FALSE,0.0846122707861531,0.405026029524362,FALSE,0.0846122707861531,0.607199912307971,FALSE,121
"Asia_126","Asi-KYRG008.Shiyatov.2013","Wood","trsgi",40.2,72.58,"positive",0.163776038781736,0.114382150025428,FALSE,0.163776038781736,0.114382150025428,FALSE,0.163776038781736,0.261444914343835,FALSE,0.134129742050938,0.18286818662181,FALSE,0.134129742050938,0.383723407993306,FALSE,121
"Asia_127","Asi-KYRG009.Shiyatov.2013","Wood","trsgi",39.92,71.47,"positive",0.0493401613583252,0.613301808014478,FALSE,0.0493401613583252,0.613301808014478,FALSE,0.0493401613583252,0.775813036773594,FALSE,0.0929785079525057,0.333936420896882,FALSE,0.0929785079525057,0.538757175691357,FALSE,121
"Asia_128","Asi-KYRG010.Shiyatov.2013","Wood","trsgi",40.17,72.62,"positive",-0.0650219503183085,0.502393997458791,FALSE,-0.0650219503183085,0.502393997458791,FALSE,-0.0650219503183085,0.698982952986144,FALSE,-0.0854325779470112,0.37236837764296,FALSE,-0.0854325779470112,0.574254847449384,FALSE,121
"Asia_129","Asi-KYRG011.Shiyatov.2013","Wood","trsgi",39.83,71.5,"positive",0.135881169478414,0.188376356892547,FALSE,0.135881169478414,0.188376356892547,FALSE,0.135881169478414,0.368687670982355,FALSE,0.178430423328283,0.080706391300294,FALSE,0.178430423328283,0.221682791554455,FALSE,121
"Asia_130","Asi-SHIYAT.PAGES2k.2013","Wood","trsgi",39.83,71.5,"positive",0.0708455557412309,0.490200701978363,FALSE,0.0708455557412309,0.490200701978363,FALSE,0.0708455557412309,0.694863626551476,FALSE,0.117709283535865,0.243436974170337,FALSE,0.117709283535865,0.46131217844245,FALSE,121
"Asia_131","Asi-ESPERG.PAGES2k.2013","Wood","trsgi",40.17,72.58,"positive",0.045863317359244,0.654730671644413,FALSE,0.045863317359244,0.654730671644413,FALSE,0.045863317359244,0.803394535795214,FALSE,0.139471924604659,0.161584234752234,FALSE,0.139471924604659,0.351747994018469,FALSE,121
"Asia_133","Asi-RUSS236.Sano.2009","Wood","trsgi",55,160.5,"positive",0.272062107170597,0.0193498616021188,TRUE,0.272062107170597,0.0193498616021188,TRUE,0.272062107170597,0.0651784811860843,TRUE,0.12082788262721,0.247001109380869,FALSE,0.12082788262721,0.463463502181348,FALSE,120
"Asia_134","Asi-KAZ001.Solomina.2010","Wood","trsgi",43.35,77.35,"positive",-0.0165815382046403,0.884153227810309,FALSE,-0.0165815382046403,0.884153227810309,FALSE,-0.0165815382046403,0.9465214078578,FALSE,-0.0976701508230733,0.358220439451142,FALSE,-0.0976701508230733,0.561340873513542,FALSE,130
"Asia_135","Asi-KYRG012.Solomina.2013","Wood","trsgi",42.2,79.05,"positive",-0.0347780054238395,0.751627572461857,FALSE,-0.0347780054238395,0.751627572461857,FALSE,-0.0347780054238395,0.861380024252413,FALSE,0.00749220481117193,0.942495020871955,FALSE,0.00749220481117193,0.965801418689004,FALSE,130
"Asia_136","Asi-KYRG013.Solomina.2013","Wood","trsgi",42.15,79.47,"positive",-0.00346521652293234,0.974199403306611,FALSE,-0.00346521652293234,0.974199403306611,FALSE,-0.00346521652293234,0.988094481959161,FALSE,-0.03492042743687,0.732405377030301,FALSE,-0.03492042743687,0.844249905343395,FALSE,130
"Asia_137","Asi-KYRG014.Solomina.2013","Wood","trsgi",42.42,78.97,"positive",0.0524833199384777,0.632508280722,FALSE,0.0524833199384777,0.632508280722,FALSE,0.0524833199384777,0.789647995405904,FALSE,0.0299373331001374,0.773996819511978,FALSE,0.0299373331001374,0.86601042742599,FALSE,130
"Asia_138","Asi-KYRG015.Solomina.2013","Wood","trsgi",42.15,79.45,"positive",0.0770809259404522,0.480671502149875,FALSE,0.0770809259404522,0.480671502149875,FALSE,0.0770809259404522,0.690894806258541,FALSE,0.0115195937900544,0.911243320023529,FALSE,0.0115195937900544,0.949830170708564,FALSE,130
"Asia_139","Asi-MONG016.Jacoby.2010","Wood","trsgi",48.6,88.37,"positive",0.0921753542204823,0.369084254181808,FALSE,0.0921753542204823,0.369084254181808,FALSE,0.0921753542204823,0.582013222022984,FALSE,-0.00579969959666535,0.951073387810901,FALSE,-0.00579969959666535,0.971696114819252,FALSE,151
"Asia_140","Asi-MONG027.Jacoby.2010","Wood","trsgi",46.32,101.32,"positive",0.355985966644818,0.00483548531297856,TRUE,0.355985966644818,0.00483548531297856,TRUE,0.355985966644818,0.0216413328692747,TRUE,0.0844763228070075,0.433635536320465,FALSE,0.0844763228070075,0.63217936957881,FALSE,150
"Asia_141","Asi-MONG017.Jacoby.2010","Wood","trsgi",49.97,91,"positive",0.056288350759852,0.590996007060656,FALSE,0.056288350759852,0.590996007060656,FALSE,0.056288350759852,0.758060409975625,FALSE,-0.0933732671833819,0.330964278949355,FALSE,-0.0933732671833819,0.538757175691357,FALSE,151
"Asia_142","Asi-MONG018.Jacoby.2010","Wood","trsgi",49.97,90.98,"positive",0.280579507183448,0.0260323158157667,TRUE,0.280579507183448,0.0260323158157667,TRUE,0.280579507183448,0.0816700104024052,TRUE,-0.135068165978281,0.177297258254643,FALSE,-0.135068165978281,0.379293556907029,FALSE,151
"Asia_143","Asi-MONG019.Jacoby.2010","Wood","trsgi",47.1,90.97,"positive",0.368803799526899,0.00169946692789472,TRUE,0.368803799526899,0.00169946692789472,TRUE,0.368803799526899,0.00962529941462495,TRUE,0.110635514176013,0.275291343775508,FALSE,0.110635514176013,0.490326228015913,FALSE,151
"Asia_144","Asi-MONG020.Jacoby.2010","Wood","trsgi",48.27,88.87,"positive",-0.0747355967268714,0.479385021197303,FALSE,-0.0747355967268714,0.479385021197303,FALSE,-0.0747355967268714,0.690894806258541,FALSE,-0.0999600531276293,0.301061981215021,FALSE,-0.0999600531276293,0.51303335827118,FALSE,151
"Asia_145","Asi-MONG021.Jacoby.2010","Wood","trsgi",48.35,107.47,"positive",0.173921177601177,0.156034263997173,FALSE,0.173921177601177,0.156034263997173,FALSE,0.173921177601177,0.323177763618741,FALSE,-0.149890967465388,0.145601320251736,FALSE,-0.149890967465388,0.333995860075666,FALSE,151
"Asia_146","Asi-MONG033.Jacoby.2010","Wood","trsgi",49.37,94.88,"positive",0.0974131554805048,0.433558017548853,FALSE,0.0974131554805048,0.433558017548853,FALSE,0.0974131554805048,0.646799839699921,FALSE,-0.37522871103464,0.000188120257037719,FALSE,-0.37522871103464,0.00214994579471678,FALSE,148
"Asia_147","Asi-MONG009.Jacoby.2013","Wood","trsgi",49.92,91.57,"positive",0.240360207241174,0.0225939251217937,TRUE,0.240360207241174,0.0225939251217937,TRUE,0.240360207241174,0.0728383167523907,TRUE,-0.0121055616175827,0.896133578127607,FALSE,-0.0121055616175827,0.941749573073347,FALSE,149
"Asia_148","Asi-MONG015.Jacoby.2013","Wood","trsgi",48.17,99.87,"positive",0.0348079098455501,0.731832343109778,FALSE,0.0348079098455501,0.731832343109778,FALSE,0.0348079098455501,0.846966907034825,FALSE,-0.139987510062058,0.133861493214368,FALSE,-0.139987510062058,0.314968219327925,FALSE,149
"Asia_149","Asi-MONG024.Jacoby.2010","Wood","trsgi",48.5,88.5,"positive",-0.00367726770428392,0.970848884777228,FALSE,-0.00367726770428392,0.970848884777228,FALSE,-0.00367726770428392,0.987827164161249,FALSE,-0.118939690639643,0.199757863372892,FALSE,-0.118939690639643,0.413737969445471,FALSE,151
"Asia_150","Asi-MONG025.Jacoby.2010","Wood","trsgi",48.7,88.8,"positive",0.171248164669372,0.0985281887153106,FALSE,0.171248164669372,0.0985281887153106,TRUE,0.171248164669372,0.234416508467653,FALSE,-0.0661304452318934,0.472589669373396,FALSE,-0.0661304452318934,0.664741512964776,FALSE,151
"Asia_151","Asi-MONG026.Jacoby.2010","Wood","trsgi",46.82,100.12,"positive",0.102593486376271,0.346897551670917,FALSE,0.102593486376271,0.346897551670917,FALSE,0.102593486376271,0.556427150549842,FALSE,-0.0280656567391782,0.780052027997933,FALSE,-0.0280656567391782,0.86974442146111,FALSE,150
"Asia_152","Asi-MONG002.Jacoby.2013","Wood","trsgi",47.77,107,"positive",-0.155079548496415,0.0762657763889567,FALSE,-0.155079548496415,0.0762657763889567,FALSE,-0.155079548496415,0.192165735783198,FALSE,-0.185213034921184,0.0315170906847287,FALSE,-0.185213034921184,0.115924931254174,FALSE,145
"Asia_153","Asi-MONG028.Jacoby.2010","Wood","trsgi",48.83,111.68,"positive",-0.0933866362915348,0.386123564361971,FALSE,-0.0933866362915348,0.386123564361971,FALSE,-0.0933866362915348,0.599803595125391,FALSE,-0.15298894034061,0.119921791711262,FALSE,-0.15298894034061,0.291824892377215,FALSE,151
"Asia_154","Asi-MONG029.Jacoby.2010","Wood","trsgi",49.87,91.43,"positive",0.0168581525908701,0.876826702144213,FALSE,0.0168581525908701,0.876826702144213,FALSE,0.0168581525908701,0.943504889447154,FALSE,-0.136079538078829,0.168747252959115,FALSE,-0.136079538078829,0.364858925317005,FALSE,149
"Asia_155","Asi-SODAPS.PAGES2k.2013","Wood","trsgi",48.3,98.93,"positive",0.334999342237842,0.017580253738053,TRUE,0.334999342237842,0.017580253738053,TRUE,0.334999342237842,0.0613163302926428,TRUE,-0.223420935650938,0.0380087913578,FALSE,-0.223420935650938,0.131489872805362,FALSE,148
"Asia_156","Asi-MONG030.Jacoby.2010","Wood","trsgi",49.38,94.88,"positive",-0.140468492557754,0.184610202025708,FALSE,-0.140468492557754,0.184610202025708,FALSE,-0.140468492557754,0.36432922582542,FALSE,-0.218323416916734,0.025822444219874,FALSE,-0.218323416916734,0.101388738041223,FALSE,149
"Asia_157","Asi-MONG010.Jacoby.2013","Wood","trsgi",47.27,100.03,"positive",0.268326119386154,0.0397381893778122,TRUE,0.268326119386154,0.0397381893778122,TRUE,0.268326119386154,0.114245729910526,FALSE,-0.139905879945135,0.176917446545003,FALSE,-0.139905879945135,0.379293556907029,FALSE,149
"Asia_158","Asi-MONG014.Jacoby.2013","Wood","trsgi",47.43,100.42,"positive",-0.086122631336074,0.37914641141874,FALSE,-0.086122631336074,0.37914641141874,FALSE,-0.086122631336074,0.591838300751204,FALSE,-0.145172449543537,0.120423002920533,FALSE,-0.145172449543537,0.291934552534625,FALSE,150
"Asia_159","Asi-MONG007.Schweingruber.2013","Wood","trsgi",49.7,91.55,"positive",0.152362186820073,0.173878423559219,FALSE,0.152362186820073,0.173878423559219,FALSE,0.152362186820073,0.352158832525,FALSE,-0.0227617514931238,0.823684018723536,FALSE,-0.0227617514931238,0.901124396552244,FALSE,146
"Asia_160","Asi-MONG012.Jacoby.2006","Wood","trsgi",48.98,103.22,"positive",0.0918480430991253,0.397812990610239,FALSE,0.0918480430991253,0.397812990610239,FALSE,0.0918480430991253,0.610552311727945,FALSE,-0.100722875180295,0.303300229402805,FALSE,-0.100722875180295,0.513524197930675,FALSE,150
"Asia_161","Asi-MONG031.Jacoby.2010","Wood","trsgi",48.25,97.4,"positive",-0.125342553469886,0.257090765919487,FALSE,-0.125342553469886,0.257090765919487,FALSE,-0.125342553469886,0.450657028759579,FALSE,-0.371344719352411,0.000107691358017881,FALSE,-0.371344719352411,0.00154783491518044,FALSE,147
"Asia_162","Asi-MONG006.Jacoby.2006","Wood","trsgi",47.78,107.5,"positive",0.106163902430552,0.256153975941107,FALSE,0.106163902430552,0.256153975941107,FALSE,0.106163902430552,0.450380617039309,FALSE,-0.0214388375678683,0.808785797535634,FALSE,-0.0214388375678683,0.889777077992156,FALSE,147
"Asia_163","Asi-MONG011.Jacoby.2006","Wood","trsgi",48.13,100.27,"positive",-0.0419186302376579,0.701088936518891,FALSE,-0.0419186302376579,0.701088936518891,FALSE,-0.0419186302376579,0.829384324162829,FALSE,-0.187138271484263,0.0603440995826772,FALSE,-0.187138271484263,0.18046833520053,FALSE,150
"Asia_164","Asi-MONG032.Jacoby.2010","Wood","trsgi",46.52,100.95,"positive",0.399605436798363,0.00118802832727454,TRUE,0.399605436798363,0.00118802832727454,TRUE,0.399605436798363,0.00710596382668886,TRUE,0.157209297268031,0.138898475079715,FALSE,0.157209297268031,0.32325463291279,FALSE,150
"Asia_165","Asi-Hushre.PAGES2k.2013","Wood","trsgi",46.78,101.95,"positive",0.0318278016664141,0.76063393697728,FALSE,0.0318278016664141,0.76063393697728,FALSE,0.0318278016664141,0.868193846562135,FALSE,-0.184275590805422,0.048929556858324,FALSE,-0.184275590805422,0.158156143380441,FALSE,150
"Asia_166","Asi-MONG004.Jacoby.2013","Wood","trsgi",47.95,107.45,"positive",0.056147400845088,0.580855355347909,FALSE,0.056147400845088,0.580855355347909,FALSE,0.056147400845088,0.755584202078581,FALSE,-0.0800874147158821,0.393213794871078,FALSE,-0.0800874147158821,0.597106568265078,FALSE,151
"Asia_167","Asi-NEPA003.Krusic.2013","Wood","trsgi",29.48,82.08,"positive",0.178678365785837,0.0797980281493304,FALSE,0.178678365785837,0.0797980281493304,TRUE,0.178678365785837,0.197841537997722,FALSE,0.191135389018851,0.0586043758599733,FALSE,0.191135389018851,0.176918870520674,FALSE,132
"Asia_168","Asi-NEPA010.Krusic.2013","Wood","trsgi",27.7,86.45,"positive",0.230100639426067,0.0286854009583574,TRUE,0.230100639426067,0.0286854009583574,TRUE,0.230100639426067,0.0882627721795611,TRUE,0.227402745986906,0.0296408222200379,TRUE,0.227402745986906,0.11029143151642,FALSE,133
"Asia_169","Asi-NEPA014.Krusic.2013","Wood","trsgi",27.7,86.28,"positive",0.0771510742094776,0.452928437249755,FALSE,0.0771510742094776,0.452928437249755,FALSE,0.0771510742094776,0.667912902856781,FALSE,0.0645444064154306,0.528602291284925,FALSE,0.0645444064154306,0.7087226301418,FALSE,133
"Asia_170","Asi-NEPA015.Krusic.2013","Wood","trsgi",28.38,83.7,"positive",0.0115657138420257,0.91120182595574,FALSE,0.0115657138420257,0.91120182595574,FALSE,0.0115657138420257,0.95601503051094,FALSE,-0.0123243292179835,0.90454877735213,FALSE,-0.0123243292179835,0.947481534378663,FALSE,132
"Asia_171","Asi-NEPA018.Krusic.2013","Wood","trsgi",27.73,86.33,"positive",0.241858738393143,0.017734940442687,TRUE,0.241858738393143,0.017734940442687,TRUE,0.241858738393143,0.0613163302926428,TRUE,0.248378830848229,0.0143693156117033,TRUE,0.248378830848229,0.0661608776366195,TRUE,133
"Asia_172","Asi-NEPA019.Krusic.2013","Wood","trsgi",29.47,82.12,"positive",0.160461924665785,0.152115913800264,FALSE,0.160461924665785,0.152115913800264,FALSE,0.160461924665785,0.318293375178807,FALSE,0.158176870705305,0.153790693493831,FALSE,0.158176870705305,0.34535453977562,FALSE,132
"Asia_173","Asi-NEPA025.Krusic.2013","Wood","trsgi",29.52,82.03,"positive",-0.106558957051411,0.302813707354335,FALSE,-0.106558957051411,0.302813707354335,FALSE,-0.106558957051411,0.503378630407207,FALSE,-0.117293537860181,0.252666398394361,FALSE,-0.117293537860181,0.467359812058934,FALSE,132
"Asia_174","Asi-NEPA029.Krusic.2013","Wood","trsgi",28.18,85.43,"positive",0.0486363806899845,0.652808481020064,FALSE,0.0486363806899845,0.652808481020064,FALSE,0.0486363806899845,0.803394535795214,FALSE,0.037540884553476,0.725955980928862,FALSE,0.037540884553476,0.844249905343395,FALSE,129
"Asia_175","Asi-NEPA030.Krusic.2013","Wood","trsgi",27.78,87.27,"positive",0.0946755473417601,0.36921463772083,FALSE,0.0946755473417601,0.36921463772083,FALSE,0.0946755473417601,0.582013222022984,FALSE,0.0867029603841324,0.408612338039226,FALSE,0.0867029603841324,0.611009103610058,FALSE,131
"Asia_176","Asi-NEPA032.Krusic.2013","Wood","trsgi",27.67,87.2,"positive",-0.0652387032664664,0.537553291353782,FALSE,-0.0652387032664664,0.537553291353782,FALSE,-0.0652387032664664,0.731987460566853,FALSE,-0.087396635125885,0.403669578545568,FALSE,-0.087396635125885,0.607199912307971,FALSE,131
"Asia_177","Asi-NEPA036.Krusic.2013","Wood","trsgi",27.73,87.2,"positive",0.135943267914127,0.213322067511459,FALSE,0.135943267914127,0.213322067511459,FALSE,0.135943267914127,0.404746460208196,FALSE,0.132689442240352,0.221474718157773,FALSE,0.132689442240352,0.4388353548637,FALSE,131
"Asia_178","Asi-BURGPW.PAGES2k.2013","Wood","trsgi",28.77,83.73,"positive",-0.135013909679387,0.218060040821331,FALSE,-0.135013909679387,0.218060040821331,FALSE,-0.135013909679387,0.406875877917352,FALSE,-0.134855298015895,0.214298592129268,FALSE,-0.134855298015895,0.4326533090307,FALSE,131
"Asia_179","Asi-NEPA021.Krusic.2013","Wood","trsgi",27.5,88.02,"positive",0.0875158415318187,0.420827720444054,FALSE,0.0875158415318187,0.420827720444054,FALSE,0.0875158415318187,0.633717037845164,FALSE,0.101930256123059,0.342985664220756,FALSE,0.101930256123059,0.546046828610159,FALSE,134
"Asia_180","Asi-NEPA027.Krusic.2013","Wood","trsgi",27.5,87.98,"positive",-0.139519566799868,0.207822681572636,FALSE,-0.139519566799868,0.207822681572636,FALSE,-0.139519566799868,0.395852726805021,FALSE,-0.0937072942373488,0.381080691820841,FALSE,-0.0937072942373488,0.586277987416678,FALSE,134
"Asia_181","Asi-NEPA042.Krusic.2010","Wood","trsgi",27.83,88.02,"positive",0.143284515748935,0.185696136800914,FALSE,0.143284515748935,0.185696136800914,FALSE,0.143284515748935,0.364556832983389,FALSE,0.104317449400064,0.322299518052043,FALSE,0.104317449400064,0.534382620604424,FALSE,134
"Asia_182","Asi-ENEPAB.PAGES2k.2013","Wood","trsgi",27.73,87.2,"positive",0.0076180001010728,0.943422352366015,FALSE,0.0076180001010728,0.943422352366015,FALSE,0.0076180001010728,0.971344934265412,FALSE,0.0146141595864442,0.890844186338596,FALSE,0.0146141595864442,0.93773072246168,FALSE,134
"Asia_183","Asi-ESPPAK.PAGES2k.2013","Wood","trsgi",35.17,75.5,"positive",-0.119520318427903,0.242489063502488,FALSE,-0.119520318427903,0.242489063502488,FALSE,-0.119520318427903,0.437163382088992,FALSE,-0.09734202390982,0.345243685202427,FALSE,-0.09734202390982,0.54827781272842,FALSE,119
"Asia_184","Asi-PAKI017.Cook.2013","Wood","trsgi",35.33,74.8,"positive",0.0569636549819392,0.565641156262509,FALSE,0.0569636549819392,0.565641156262509,FALSE,0.0569636549819392,0.744829910148732,FALSE,-0.00482581182651144,0.959417346703248,FALSE,-0.00482581182651144,0.973101587781424,FALSE,126
"Asia_185","Asi-PAKI018.Cook.2013","Wood","trsgi",35.33,74.8,"positive",-0.0129348082471564,0.898147605820016,FALSE,-0.0129348082471564,0.898147605820016,FALSE,-0.0129348082471564,0.946976058854712,FALSE,-0.0385014968675418,0.700088786200892,FALSE,-0.0385014968675418,0.826673105477068,FALSE,126
"Asia_186","Asi-PAKI001.Esper.2007","Wood","trsgi",36.03,74.58,"positive",-0.134216784913575,0.21421967861569,FALSE,-0.134216784913575,0.21421967861569,FALSE,-0.134216784913575,0.404746460208196,FALSE,-0.125834938878622,0.244351294518735,FALSE,-0.125834938878622,0.46131217844245,FALSE,119
"Asia_187","Asi-PAKI002.Esper.2007","Wood","trsgi",36.03,74.58,"positive",-0.0395408778773385,0.714909631580469,FALSE,-0.0395408778773385,0.714909631580469,FALSE,-0.0395408778773385,0.837989311742675,FALSE,-0.0544037747684221,0.61241264499737,FALSE,-0.0544037747684221,0.759216253246446,FALSE,119
"Asia_188","Asi-PAKI003.Esper.2007","Wood","trsgi",36.03,74.58,"positive",-0.134936967781154,0.202068171771848,FALSE,-0.134936967781154,0.202068171771848,FALSE,-0.134936967781154,0.386040686370097,FALSE,-0.108051347057885,0.308106259838674,FALSE,-0.108051347057885,0.518915806044082,FALSE,119
"Asia_189","Asi-PAKI004.Esper.2007","Wood","trsgi",36.03,74.58,"positive",-0.10788100000772,0.330523811725434,FALSE,-0.10788100000772,0.330523811725434,FALSE,-0.10788100000772,0.538257606881114,FALSE,-0.0713306918382976,0.522354968389296,FALSE,-0.0713306918382976,0.706780506911521,FALSE,119
"Asia_190","Asi-PAKI020.Cook.2013","Wood","trsgi",35.68,71.63,"positive",-0.152324026454985,0.15380170588095,FALSE,-0.152324026454985,0.15380170588095,FALSE,-0.152324026454985,0.319587960272104,FALSE,-0.155629494016255,0.142033717496846,FALSE,-0.155629494016255,0.329096482119769,FALSE,126
"Asia_191","Asi-PAKI021.Cook.2013","Wood","trsgi",35.68,71.63,"positive",-0.101699133015799,0.334283006755685,FALSE,-0.101699133015799,0.334283006755685,FALSE,-0.101699133015799,0.541623099553515,FALSE,-0.191013403657944,0.0571146135783487,FALSE,-0.191013403657944,0.174896424354752,FALSE,126
"Asia_192","Asi-PAKI022.Cook.2013","Wood","trsgi",35.9,71.73,"positive",-0.172129663212287,0.0931660570213634,FALSE,-0.172129663212287,0.0931660570213634,FALSE,-0.172129663212287,0.224158934186739,FALSE,-0.241548335331758,0.0145628955418572,FALSE,-0.241548335331758,0.066573236762776,FALSE,126
"Asia_193","Asi-PAKI023.Cook.2013","Wood","trsgi",35.9,71.73,"positive",-0.225771807326112,0.0204624644067112,FALSE,-0.225771807326112,0.0204624644067112,FALSE,-0.225771807326112,0.0678548042502339,FALSE,-0.280170271431085,0.00309785252382445,FALSE,-0.280170271431085,0.0201190158482357,FALSE,126
"Asia_194","Asi-PAKI024.Cook.2013","Wood","trsgi",35.03,74.58,"positive",-0.0917699857369955,0.359499283814869,FALSE,-0.0917699857369955,0.359499283814869,FALSE,-0.0917699857369955,0.570916976777955,FALSE,-0.0705120680760732,0.477955576698495,FALSE,-0.0705120680760732,0.667514403536947,FALSE,126
"Asia_195","Asi-PAKI006.Esper.2007","Wood","trsgi",36.33,74.03,"positive",-0.25598868367922,0.0124207600621765,FALSE,-0.25598868367922,0.0124207600621765,FALSE,-0.25598868367922,0.0462167816267033,FALSE,-0.262216296888616,0.0103230935865563,FALSE,-0.262216296888616,0.0520218889401262,FALSE,119
"Asia_196","Asi-PAKI007.Esper.2007","Wood","trsgi",36.33,74.03,"positive",-0.199154212637802,0.04532672797831,FALSE,-0.199154212637802,0.04532672797831,FALSE,-0.199154212637802,0.127899758195892,FALSE,-0.173653616915519,0.0846257959257746,FALSE,-0.173653616915519,0.230470252734025,FALSE,119
"Asia_197","Asi-PAKI025.Cook.2013","Wood","trsgi",35.45,74.78,"positive",-0.0294686005279438,0.795579087429658,FALSE,-0.0294686005279438,0.795579087429658,FALSE,-0.0294686005279438,0.891213096517708,FALSE,0.0518035475171801,0.639729295226036,FALSE,0.0518035475171801,0.782842732207769,FALSE,126
"Asia_198","Asi-PAKI027.Cook.2013","Wood","trsgi",35.35,71.93,"positive",-0.0936952648620538,0.371259151231304,FALSE,-0.0936952648620538,0.371259151231304,FALSE,-0.0936952648620538,0.582884096545322,FALSE,-0.164076846725185,0.104655855861733,FALSE,-0.164076846725185,0.2668609458692,FALSE,126
"Asia_199","Asi-PAKI028.Cook.2013","Wood","trsgi",35.4,74.12,"positive",-0.130351401828179,0.194266082646991,FALSE,-0.130351401828179,0.194266082646991,FALSE,-0.130351401828179,0.377903625817855,FALSE,-0.142921156293795,0.151967835158143,FALSE,-0.142921156293795,0.343672842760465,FALSE,126
"Asia_200","Asi-PAKI029.Cook.2013","Wood","trsgi",35.83,74.33,"positive",-0.0781633952567761,0.438304424706293,FALSE,-0.0781633952567761,0.438304424706293,FALSE,-0.0781633952567761,0.650846477522106,FALSE,-0.074101069852336,0.460860439679723,FALSE,-0.074101069852336,0.651846641116,FALSE,126
"Asia_201","Asi-PAKI030.Cook.2013","Wood","trsgi",35.88,74.18,"positive",-0.00619913274763653,0.952455455505356,FALSE,-0.00619913274763653,0.952455455505356,FALSE,-0.00619913274763653,0.978445411755101,FALSE,0.0608247040907372,0.5461983393654,FALSE,0.0608247040907372,0.714730296945156,FALSE,126
"Asia_202","Asi-PAKI009.Esper.2007","Wood","trsgi",36.58,75.08,"positive",-0.233836653852356,0.0259339951853323,FALSE,-0.233836653852356,0.0259339951853323,FALSE,-0.233836653852356,0.0816700104024052,FALSE,-0.201935483579058,0.0580635476366947,FALSE,-0.201935483579058,0.176116921741633,FALSE,116
"Asia_203","Asi-PAKI010.Esper.2007","Wood","trsgi",36.58,75.08,"positive",-0.119740244446329,0.251284798819712,FALSE,-0.119740244446329,0.251284798819712,FALSE,-0.119740244446329,0.447397109153646,FALSE,-0.121717875044262,0.243613081183205,FALSE,-0.121717875044262,0.46131217844245,FALSE,116
"Asia_204","Asi-PAKI011.Esper.2007","Wood","trsgi",36.58,75.08,"positive",-0.0767688491584056,0.454107963502417,FALSE,-0.0767688491584056,0.454107963502417,FALSE,-0.0767688491584056,0.668112865842637,FALSE,-0.0650428197184806,0.524383882635677,FALSE,-0.0650428197184806,0.708028871069269,FALSE,116
"Asia_205","Asi-PAKI012.Esper.2007","Wood","trsgi",36.58,75.08,"positive",-0.191154496794493,0.06879812567918,FALSE,-0.191154496794493,0.06879812567918,FALSE,-0.191154496794493,0.181196709607717,FALSE,-0.166376812211919,0.117126961101267,FALSE,-0.166376812211919,0.287207873964792,FALSE,116
"Asia_206","Asi-PAKI031.Cook.2013","Wood","trsgi",35.5,74.08,"positive",0.0246220594951355,0.800530318669377,FALSE,0.0246220594951355,0.800530318669377,FALSE,0.0246220594951355,0.892837944308876,FALSE,-0.00579738920746833,0.951958537486986,FALSE,-0.00579738920746833,0.971696114819252,FALSE,126
"Asia_207","Asi-PAKI033.Cook.2013","Wood","trsgi",35.5,74.75,"positive",-0.133156798336924,0.164366772648963,FALSE,-0.133156798336924,0.164366772648963,FALSE,-0.133156798336924,0.336085413723118,FALSE,-0.196667291879578,0.0327309830231434,FALSE,-0.196667291879578,0.119021756447794,FALSE,126
"Asia_208","Asi-PAKI035.Cook.2013","Wood","trsgi",36.15,74.18,"positive",-0.0621029195719213,0.568044817890923,FALSE,-0.0621029195719213,0.568044817890923,FALSE,-0.0621029195719213,0.744976810348752,FALSE,-0.0737729382087501,0.493827187871142,FALSE,-0.0737729382087501,0.681140948787782,FALSE,126
"Asia_209","Asi-PAKI036.Cook.2013","Wood","trsgi",36.15,74.18,"positive",0.0677952144648889,0.499083429515501,FALSE,0.0677952144648889,0.499083429515501,FALSE,0.0677952144648889,0.697409159148298,FALSE,-0.0170482166359769,0.854420299373628,FALSE,-0.0170482166359769,0.911381652665203,FALSE,126
"Asia_210","Asi-PAKI014.Esper.2007","Wood","trsgi",35.17,75.5,"positive",0.0425772369490457,0.689254011214623,FALSE,0.0425772369490457,0.689254011214623,FALSE,0.0425772369490457,0.822989864136863,FALSE,0.0189628497934432,0.853465745776696,FALSE,0.0189628497934432,0.911381652665203,FALSE,119
"Asia_211","Asi-PAKI015.Esper.2007","Wood","trsgi",35.17,75.5,"positive",-0.03701228660981,0.719683940255398,FALSE,-0.03701228660981,0.719683940255398,FALSE,-0.03701228660981,0.842043367026425,FALSE,-0.0341669450519072,0.738777762407222,FALSE,-0.0341669450519072,0.847343670144484,FALSE,119
"Asia_212","Asi-PAKI016.Esper.2007","Wood","trsgi",35.17,75.5,"positive",0.000595967837923014,0.99549936300949,FALSE,0.000595967837923014,0.99549936300949,FALSE,0.000595967837923014,0.99658556742321,FALSE,0.0218845531017978,0.836722070406017,FALSE,0.0218845531017978,0.906094966260323,FALSE,119
"Asia_213","Asi-PAKI039.Cook.2013","Wood","trsgi",35,70.78,"positive",-0.0710882822909717,0.481490441307597,FALSE,-0.0710882822909717,0.481490441307597,FALSE,-0.0710882822909717,0.690894806258541,FALSE,-0.0923134467045977,0.34091835140746,FALSE,-0.0923134467045977,0.545469362251936,FALSE,126
"Asia_214","Asi-PAKI040.Cook.2011","Wood","trsgi",35.35,71.8,"positive",-0.203570118322945,0.0528410893889431,FALSE,-0.203570118322945,0.0528410893889431,FALSE,-0.203570118322945,0.143907647697547,FALSE,-0.259608715426598,0.0113209276759465,FALSE,-0.259608715426598,0.0551343630043629,FALSE,126
"Asia_215","Asi-HRPCSM.PAGES2k.2013","Wood","trsgi",35.88,74.88,"positive",-0.078487458285699,0.430224144517408,FALSE,-0.078487458285699,0.430224144517408,FALSE,-0.078487458285699,0.643325823577432,FALSE,-0.0760140602745815,0.442952921118746,FALSE,-0.0760140602745815,0.639931985363426,FALSE,126
"Asia_216","Asi-NOGSAK.PAGES2k.2013","Wood","trsgi",51.83,143.13,"positive",0.20461862991027,0.0319028308124901,TRUE,0.20461862991027,0.0319028308124901,TRUE,0.20461862991027,0.0954103351401574,TRUE,0.0762627331524519,0.382371061539722,FALSE,0.0762627331524519,0.586852468550173,FALSE,149
"Asia_217","Asi-CHIN042.Brauning.2013","Wood","trsgi",31.95,98.87,"positive",0.142934823829561,0.278745822893558,FALSE,0.142934823829561,0.278745822893558,FALSE,0.142934823829561,0.478277015152485,FALSE,0.0415876789707404,0.727490056922352,FALSE,0.0415876789707404,0.844249905343395,FALSE,131
"Asia_218","Asi-CHIN047.Brauning.2013","Wood","trsgi",31.12,97.03,"positive",0.258004331405594,0.03300860596762,TRUE,0.258004331405594,0.03300860596762,TRUE,0.258004331405594,0.0982581759036131,TRUE,0.250706786895992,0.0252548434901157,TRUE,0.250706786895992,0.0997722211955188,TRUE,129
"Asia_219","Asi-CHIN049.Brauning.2013","Wood","trsgi",31.23,96.48,"positive",0.021691589018365,0.845234847974176,FALSE,0.021691589018365,0.845234847974176,FALSE,0.021691589018365,0.92482368197946,FALSE,-0.0165062177367435,0.875632226790076,FALSE,-0.0165062177367435,0.926288636604378,FALSE,129
"Asia_220","Asi-CHIN043.Brauning.2013","Wood","trsgi",29.3,91.97,"positive",-0.173077363980401,0.092805492465616,FALSE,-0.173077363980401,0.092805492465616,FALSE,-0.173077363980401,0.224134019539601,FALSE,-0.168473040945084,0.096125033322281,FALSE,-0.168473040945084,0.249882479191593,FALSE,137
"Asia_221","Asi-CHIN046.Brauning.2013","Wood","trsgi",31.12,97.03,"positive",0.32925968178197,0.00798207295605973,TRUE,0.32925968178197,0.00798207295605973,TRUE,0.32925968178197,0.032129098691058,TRUE,0.0995085280837433,0.35391505899262,FALSE,0.0995085280837433,0.557815407826,FALSE,135
"Asia_222","Asi-CHIN044.Brauning.2013","Wood","trsgi",29.07,93.95,"positive",0.0574515627152944,0.638831820190712,FALSE,0.0574515627152944,0.638831820190712,FALSE,0.0574515627152944,0.789647995405904,FALSE,0.0476536117303101,0.69254304957563,FALSE,0.0476536117303101,0.823843032952422,FALSE,132
"Asia_223","Asi-CHIN045.Brauning.2013","Wood","trsgi",29.62,94.67,"positive",0.26961829544809,0.0445558195059948,TRUE,0.26961829544809,0.0445558195059948,TRUE,0.26961829544809,0.126736553261496,FALSE,0.285190446888522,0.0295086453908728,TRUE,0.285190446888522,0.11029143151642,FALSE,132
"Asia_224","Asi-CHIN048.Brauning.2013","Wood","trsgi",30.3,91.52,"positive",-0.0191927552467237,0.854561925913773,FALSE,-0.0191927552467237,0.854561925913773,FALSE,-0.0191927552467237,0.931241513775706,FALSE,-0.142512108798099,0.148859156226775,FALSE,-0.142512108798099,0.340249499946913,FALSE,133
"Asia_225","Asi-CENTIB.PAGES2k.2013","Wood","trsgi",29.35,92,"positive",-0.151305017511467,0.138991776028892,FALSE,-0.151305017511467,0.138991776028892,FALSE,-0.151305017511467,0.302567131491465,FALSE,-0.110435574783553,0.267615107730005,FALSE,-0.110435574783553,0.48382392357967,FALSE,139
"Asia_226","Asi-TH001.Buckley.2010","Wood","trsgi",19.28,98.93,"positive",-0.0103866656796812,0.913766660981218,FALSE,-0.0103866656796812,0.913766660981218,FALSE,-0.0103866656796812,0.956093395210919,FALSE,-0.0469770020053162,0.616863205762737,FALSE,-0.0469770020053162,0.759216253246446,FALSE,140
"Asia_227","Asi-TW001.Wright.2010","Wood","trsgi",24.53,121.38,"positive",0.100963580887871,0.333627781691659,FALSE,0.100963580887871,0.333627781691659,FALSE,0.100963580887871,0.541623099553515,FALSE,0.0515861157962877,0.605418775484037,FALSE,0.0515861157962877,0.753828825505416,FALSE,151
"Asia_228","Asi-MCCHFH.Sano.2008","Wood","trsgi",21.67,104.1,"positive",-0.0161364090894215,0.891800004438949,FALSE,-0.0161364090894215,0.891800004438949,FALSE,-0.0161364090894215,0.946976058854712,FALSE,-0.0930995237290352,0.414727762799651,FALSE,-0.0930995237290352,0.614411500443927,FALSE,131
"Asia_229","Asi-VIET001.Buckley.2010","Wood","trsgi",12.22,108.73,"positive",-0.432315195329286,2.07038127490096e-06,FALSE,-0.432315195329286,2.07038127490096e-06,FALSE,-0.432315195329286,4.14076254980191e-05,FALSE,-0.490045766186765,1.9249383084833e-08,FALSE,-0.490045766186765,7.69975323393319e-07,FALSE,150
"Asia_230","Asi-SourthAndMiddleUrals.Demezhko.2007","Borehole","temperature",55,59.5,"positive",NA,NA,FALSE,NA,NA,FALSE,NA,NA,FALSE,NA,NA,FALSE,NA,NA,FALSE,3
"Asia_235","Asi-KunashirIsland.Demezhko.2009","Other","temperature",43.955,145.725,"positive",0.444245814657718,0.000178766751697951,TRUE,0.444245814657718,0.000178766751697951,TRUE,0.444245814657718,0.00190684535144481,TRUE,0.285668615490661,0.00950063557754146,TRUE,0.285668615490661,0.0486432541570123,TRUE,134
"Asia_236","Asi-Dasuopu.Thompson.2000","GlacierIce","d18O",28.38,85.72,"positive",0.146304391159674,0.125181178449012,FALSE,0.146304391159674,0.125181178449012,FALSE,0.146304391159674,0.279149666227762,FALSE,0.131698461723744,0.160474182644398,FALSE,0.131698461723744,0.351747994018469,FALSE,131
"Asia_247","Asi-Guliya.Thompson.1997","GlacierIce","d18O",35.28,81.48,"positive",NA,NA,FALSE,NA,NA,FALSE,NA,NA,FALSE,NA,NA,FALSE,NA,NA,FALSE,12
"Asia_305","Asi-Puruogangri.Thompson.2006","GlacierIce","d18O",33.9167,89.0833,"positive",NA,NA,FALSE,NA,NA,FALSE,NA,NA,FALSE,NA,NA,FALSE,NA,NA,FALSE,13
"Asia_317","Asi-EastChina.Wang.1990","Documents","temperature",30,117.5,"positive",NA,NA,FALSE,NA,NA,FALSE,NA,NA,FALSE,NA,NA,FALSE,NA,NA,FALSE,13
"Asia_318","Asi-EastChina.Wang.1998","Documents","temperature",34,120,"positive",NA,NA,FALSE,NA,NA,FALSE,NA,NA,FALSE,NA,NA,FALSE,NA,NA,FALSE,15
"Asia_319","Asi-SouthChina.Wang.1998","Documents","temperature",23,114,"positive",NA,NA,FALSE,NA,NA,FALSE,NA,NA,FALSE,NA,NA,FALSE,NA,NA,FALSE,12
"Asia_320","Asi-CentralChina.Wang.1998","Documents","temperature",29,113,"positive",NA,NA,FALSE,NA,NA,FALSE,NA,NA,FALSE,NA,NA,FALSE,NA,NA,FALSE,13
"Asia_321","Asi-Fujian.Wang.1998","Documents","temperature",24,121,"positive",NA,NA,FALSE,NA,NA,FALSE,NA,NA,FALSE,NA,NA,FALSE,NA,NA,FALSE,12
"Asia_324","Asi-LowerYangtzeRiver.Zhang.1980","Documents","temperature",32.1,118.8,"positive",NA,NA,FALSE,NA,NA,FALSE,NA,NA,FALSE,NA,NA,FALSE,NA,NA,FALSE,12
"Asia_325","Asi-MiddleYangtzeRiver.Zhang.1980","Documents","temperature",30.5,114.5,"positive",NA,NA,FALSE,NA,NA,FALSE,NA,NA,FALSE,NA,NA,FALSE,NA,NA,FALSE,12
"Asia_326","Asi-GuangdongAndGuangxi.Zhang.1980","Documents","temperature",23.5,112.5,"positive",NA,NA,FALSE,NA,NA,FALSE,NA,NA,FALSE,NA,NA,FALSE,NA,NA,FALSE,12
"Asia_327","Asi-ZhejiangAndFujian.Zhang.1980","Documents","temperature",25,118,"positive",NA,NA,FALSE,NA,NA,FALSE,NA,NA,FALSE,NA,NA,FALSE,NA,NA,FALSE,12
"Asia_328","Asi-Hunan-Jiangsu.Zhang.1980","Documents","temperature",28,116.5,"positive",NA,NA,FALSE,NA,NA,FALSE,NA,NA,FALSE,NA,NA,FALSE,NA,NA,FALSE,12
"Asia_329","Asi-Guangdong.Zheng.1982","Documents","temperature",23.16,113.23,"positive",NA,NA,FALSE,NA,NA,FALSE,NA,NA,FALSE,NA,NA,FALSE,NA,NA,FALSE,10
"Asia_335","Asi-SO90-39KG_SO130-275KL.Munz.2015","MarineSediment","temperature",24.8333,65.9167,"positive",NA,NA,FALSE,NA,NA,FALSE,NA,NA,FALSE,NA,NA,FALSE,NA,NA,FALSE,12
"Aus_010","Aus-BuckleysChance.Buckley.1997","Wood","trsgi",-42.27,145.87,"positive",0.217127423631441,0.132718854488152,FALSE,0.217127423631441,0.132718854488152,FALSE,0.217127423631441,0.290890639974031,FALSE,0.486687430710773,5.11512755843416e-05,TRUE,0.486687430710773,0.00102302551168683,TRUE,139
"Aus_015","Aus-CTPEastTasmania.Allen.2001","Wood","trsgi",-41.31,147.75,"positive",0.325909363095663,0.000645434186536385,TRUE,0.325909363095663,0.000645434186536385,TRUE,0.325909363095663,0.00459613472183849,TRUE,0.0871846617371793,0.302208712606617,FALSE,0.0871846617371793,0.51303335827118,FALSE,142
"Aus_020","Aus-CTPWestTasmania.Allen.2001","Wood","trsgi",-41.67,145.65,"positive",0.413645749344198,0.00047314787124776,TRUE,0.413645749344198,0.00047314787124776,TRUE,0.413645749344198,0.00378458668495571,TRUE,0.12702822770314,0.180472665316891,FALSE,0.12702822770314,0.382146649266091,FALSE,146
"Aus_041","Aus-MtRead.Cook.2006","Wood","temperature",-41.83,145.53,"positive",0.632311143704257,1.04915464000594e-07,TRUE,0.632311143704257,1.04915464000594e-07,TRUE,0.632311143704257,3.42737662796353e-06,TRUE,0.613771032671287,9.48527422896845e-09,TRUE,0.613771032671287,4.33612536181415e-07,TRUE,148
"Aus_057","Aus-Oroko.Cook.2002","Wood","temperature",-43.23,170.28,"positive",0.475585408752694,1.90819929277033e-07,TRUE,0.475585408752694,1.90819929277033e-07,TRUE,0.475585408752694,5.08853144738756e-06,TRUE,0.43844673401284,9.00124690254327e-07,TRUE,0.43844673401284,2.30431920705108e-05,TRUE,146
"Aus_062","Aus-PinkPine.Duncan.2010","Wood","trsgi",-43,171,"positive",0.683820510285691,5.18383110911052e-10,TRUE,0.683820510285691,5.18383110911052e-10,TRUE,0.683820510285691,2.25549920412556e-08,TRUE,0.626265934382455,1.61198908136354e-09,TRUE,0.626265934382455,1.1463033467474e-07,TRUE,146
"Aus_067","Aus-StewartIsland.D'Arrigo.1996","Wood","trsgi",-47,167.8,"positive",0.522026412818431,5.49799335959693e-05,TRUE,0.522026412818431,5.49799335959693e-05,TRUE,0.522026412818431,0.000781936833364897,TRUE,0.314596880181981,0.00411566922082576,TRUE,0.314596880181981,0.0246722974168558,TRUE,139
"Aus_071","Aus-TakapariCedar.Xiong.2000","Wood","trsgi",-40.07,175.98,"positive",0.102154765533369,0.488476963388896,FALSE,0.102154765533369,0.488476963388896,FALSE,0.102154765533369,0.694863626551476,FALSE,0.0854992660602095,0.537806231100994,FALSE,0.0854992660602095,0.7087226301418,FALSE,139
"can1101","SAm-CentralAndes11.PAGES2k.2011","Wood","trsgi",-40.1,-72.05,"positive",0.0775842987968863,0.566769009753801,FALSE,0.0775842987968863,0.566769009753801,FALSE,0.0775842987968863,0.744829910148732,FALSE,-0.345914128282932,0.000477402170429227,FALSE,-0.345914128282932,0.00443718793168393,FALSE,146
"diggerHogPigs","TY93-905.Kim.2004","MarineSediment","temperature",11.0667,51.95,"positive",NA,NA,FALSE,NA,NA,FALSE,NA,NA,FALSE,NA,NA,FALSE,NA,NA,FALSE,1
"Eur_002","Eur-LakeSilvaplana.Trachsel.2010","LakeSediment","temperature",46.5,9.8,"positive",0.143115510978808,0.257719488321884,FALSE,0.143115510978808,0.257719488321884,FALSE,0.143115510978808,0.450657028759579,FALSE,0.177329910464439,0.130722992071369,FALSE,0.177329910464439,0.311013810132626,FALSE,100
"Eur_003","Eur-LakeSilvaplana.Larocque-Tobler.2010","LakeSediment","temperature",46.5,9.8,"positive",0.330992666029607,0.00406772298753641,TRUE,0.330992666029607,0.00406772298753641,TRUE,0.330992666029607,0.0187290842591605,TRUE,0.213319400355289,0.0421675388859392,TRUE,0.213319400355289,0.142038025721058,FALSE,126
"Eur_005","Eur-FinnishLakelands.Helama.2014","Wood","temperature",62,28.325,"positive",0.579567358981585,6.97158524788813e-14,TRUE,0.579567358981585,6.97158524788813e-14,TRUE,0.579567358981585,1.48727151954947e-11,TRUE,0.494905487594447,1.05104758498652e-10,TRUE,0.494905487594447,1.34534090878275e-08,TRUE,151
"Eur_006","Eur-Stockholm.Leijonhufvud.2009","Documents","temperature",59.32,18.06,"positive",0.702638768493555,4.42311019330656e-07,TRUE,0.702638768493555,4.42311019330656e-07,TRUE,0.702638768493555,1.08876558604469e-05,TRUE,0.699959804957806,4.99048855485961e-07,TRUE,0.699959804957806,1.3886576848305e-05,TRUE,43
"Eur_007","Eur-Seebergsee.Larocque-Tobler.2012","LakeSediment","temperature",46.15,7.5,"positive",0.221766022380135,0.0745728077700452,FALSE,0.221766022380135,0.0745728077700452,TRUE,0.221766022380135,0.189391257828686,FALSE,-0.0508280132673741,0.61288653798336,FALSE,-0.0508280132673741,0.759216253246446,FALSE,151
"Eur_008","Eur-NorthernSpain.Martin-Chivelet.2011","Speleothem","d18O",42.9,-3.5,"positive",0.412912996586324,0.00936224492401421,TRUE,0.412912996586324,0.00936224492401421,TRUE,0.412912996586324,0.0365355899473725,TRUE,0.121863578874301,0.364686668459834,FALSE,0.121863578874301,0.566503562656053,FALSE,59
"Eur_009","Eur-RAPiD-17-5P.Moffa-Sanchez.2014","MarineSediment","d18O",61.48,-19.53,"positive",NA,NA,FALSE,NA,NA,FALSE,NA,NA,FALSE,NA,NA,FALSE,NA,NA,FALSE,5
"Eur_010","Eur-CoastofPortugal.Abrantes.2011","LakeSediment","temperature",41.1,-8.9,"positive",NA,NA,FALSE,NA,NA,FALSE,NA,NA,FALSE,NA,NA,FALSE,NA,NA,FALSE,23
"Eur_014","Eur-NorthernScandinavia.Esper.2012","Wood","MXD",68,25,"positive",0.446786624088166,1.62792708834303e-07,TRUE,0.446786624088166,1.62792708834303e-07,TRUE,0.446786624088166,4.73578789336154e-06,TRUE,0.423724167683847,2.12556821406979e-07,TRUE,0.423724167683847,6.4779221762127e-06,TRUE,151
"Eur_015","Eur-TatraMountains.Buentgen.2013","Wood","trsgi",49,20,"positive",0.278226625915159,0.00321893751330974,TRUE,0.278226625915159,0.00321893751330974,TRUE,0.278226625915159,0.0157261069352537,TRUE,0.0485495485550844,0.569090304295183,FALSE,0.0485495485550844,0.725178783641672,FALSE,151
"Eur_016","Eur-EasternCarpathianMountains.Popa.2008","Wood","trsgi",47,25.3,"positive",0.0891595132019959,0.284580540491775,FALSE,0.0891595132019959,0.284580540491775,FALSE,0.0891595132019959,0.484392409347702,FALSE,0.0926140742645324,0.258039758203795,FALSE,0.0926140742645324,0.474555877156405,FALSE,151
"Eur_017","Eur-EuropeanAlps.Buentgen.2011","Wood","trsgi",47,10.7,"positive",0.325406030422959,0.00103977978109569,TRUE,0.325406030422959,0.00103977978109569,TRUE,0.325406030422959,0.00679039857042083,TRUE,0.209305773400512,0.0181212535878973,TRUE,0.209305773400512,0.0768053132202268,TRUE,151
"Eur_018","Eur-Loetschental.Buentgen.2006","Wood","MXD",46.4,7.8,"positive",0.4470921666212,1.01655801734134e-06,TRUE,0.4470921666212,1.01655801734134e-06,TRUE,0.4470921666212,2.3235611824945e-05,TRUE,0.429646206818092,3.55232832389076e-07,TRUE,0.429646206818092,1.03340460331368e-05,TRUE,151
"Eur_019","Eur-MaritimeFrenchAlps.Buentgen.2012","Wood","trsgi",44,7.5,"positive",0.306941455693564,0.00298084937974636,TRUE,0.306941455693564,0.00298084937974636,TRUE,0.306941455693564,0.0146749507925975,TRUE,0.230713937406987,0.0148740318740163,TRUE,0.230713937406987,0.0675133361657478,TRUE,151
"Eur_020","Eur-SpanishPyrenees.Dorado-Linan.2012","Wood","trsgi",42.5,1,"positive",0.455956197978426,4.02363759529402e-09,TRUE,0.455956197978426,4.02363759529402e-09,TRUE,0.455956197978426,1.51478121234598e-07,TRUE,0.551653177418859,2.11864447365215e-13,TRUE,0.551653177418859,6.77966231568686e-11,TRUE,151
"Eur_022","Eur-CentralEurope.Dobrovolny.2009","Documents","temperature",49,13,"positive",0.531709044715061,6.15576896815412e-11,TRUE,0.531709044715061,6.15576896815412e-11,TRUE,0.531709044715061,3.93969213961864e-09,TRUE,0.462831729704635,4.43026795611277e-09,TRUE,0.462831729704635,2.53418711752929e-07,TRUE,151
"Eur_024","Eur-CentralandEasternPyrenees.Pla.2004","LakeSediment","temperature",42.5,0.75,"positive",NA,NA,FALSE,NA,NA,FALSE,NA,NA,FALSE,NA,NA,FALSE,NA,NA,FALSE,9
"Eur_026","Eur-Tallinn.Tarand.2001","Documents","temperature",59.4,24.75,"positive",0.783979826922786,7.97863622900669e-32,TRUE,0.783979826922786,7.97863622900669e-32,TRUE,0.783979826922786,5.10632718656428e-29,TRUE,0.770653696291382,8.75738648047891e-31,TRUE,0.770653696291382,5.6047273475065e-28,TRUE,151
"GBG100dogCow","M40-4-SL78.Emeis.2003","MarineSediment","temperature",37.036,13.19,"positive",NA,NA,FALSE,NA,NA,FALSE,NA,NA,FALSE,NA,NA,FALSE,NA,NA,FALSE,3
"GH0207d98d","GeoB59012.Kim.2004","MarineSediment","temperature",36.4,-7.1,"positive",NA,NA,FALSE,NA,NA,FALSE,NA,NA,FALSE,NA,NA,FALSE,NA,NA,FALSE,0
"GH1c49f7ab","DomeC.Stenni.2001","GlacierIce","d2H",-75.1,123.4,"positive",NA,NA,FALSE,NA,NA,FALSE,NA,NA,FALSE,NA,NA,FALSE,NA,NA,FALSE,0
"GH26a3a772","NGRIP.NGRIP.2004","GlacierIce","d18O",75.1,-42.32,"positive",NA,NA,FALSE,NA,NA,FALSE,NA,NA,FALSE,NA,NA,FALSE,NA,NA,FALSE,8
"GH28c9a9bd","Mjauvotn.Olsen.2010","LakeSediment","PC1",62.12,-7,"positive",-0.38122288500436,0.0992624218948289,FALSE,-0.38122288500436,0.0992624218948289,FALSE,-0.38122288500436,0.235288703750706,FALSE,-0.513598002375493,0.0163810598049772,FALSE,-0.513598002375493,0.0723026087943822,FALSE,35
"GH34755740","Alley.GISP2.2000","GlacierIce","temperature",72.6,-38.5,"positive",NA,NA,FALSE,NA,NA,FALSE,NA,NA,FALSE,NA,NA,FALSE,NA,NA,FALSE,1
"GH437973f1","DomeC.Jouzel.2007","GlacierIce","temperature",-75.1,123.4,"positive",NA,NA,FALSE,NA,NA,FALSE,NA,NA,FALSE,NA,NA,FALSE,NA,NA,FALSE,0
"GH47c8e274","PathLake.Neil.2014","LakeSediment","temperature",43.87,-64.93,"positive",NA,NA,FALSE,NA,NA,FALSE,NA,NA,FALSE,NA,NA,FALSE,NA,NA,FALSE,4
"GH6edd69de","GeoB33131.Lamy.2002","MarineSediment","temperature",-41,-74.3,"positive",NA,NA,FALSE,NA,NA,FALSE,NA,NA,FALSE,NA,NA,FALSE,NA,NA,FALSE,0
"GH73726cce","MountHoney.McGlone.2010","Peat","temperature",-52.5,169.1625,"positive",NA,NA,FALSE,NA,NA,FALSE,NA,NA,FALSE,NA,NA,FALSE,NA,NA,FALSE,9
"GH77e777b0","Hams.Shuman.2016","LakeSediment","temperature",43.24,-80.41,"positive",NA,NA,FALSE,NA,NA,FALSE,NA,NA,FALSE,NA,NA,FALSE,NA,NA,FALSE,3
"GH7a27907e","SouthIsland.Williams.2005","Speleothem","d18O",-42,172,"positive",NA,NA,FALSE,NA,NA,FALSE,NA,NA,FALSE,NA,NA,FALSE,NA,NA,FALSE,0
"GH7fb77a0c","Nutt.Shuman.2016","LakeSediment","temperature",45.22,-79.45,"positive",NA,NA,FALSE,NA,NA,FALSE,NA,NA,FALSE,NA,NA,FALSE,NA,NA,FALSE,3
"GH8784f3d0","MD01-2444.Martrat.2007","MarineSediment","temperature",37.565,-10.134,"positive",NA,NA,FALSE,NA,NA,FALSE,NA,NA,FALSE,NA,NA,FALSE,NA,NA,FALSE,1
"GH8c73b2a9","MoonLake.Shuman.2016","LakeSediment","temperature",46.86,-98.16,"positive",NA,NA,FALSE,NA,NA,FALSE,NA,NA,FALSE,NA,NA,FALSE,NA,NA,FALSE,3
"GH90151260","Pickerel.Shuman.2016","LakeSediment","temperature",45.5052,-97.2743,"positive",NA,NA,FALSE,NA,NA,FALSE,NA,NA,FALSE,NA,NA,FALSE,NA,NA,FALSE,3
"GH9547ee89","Okoboji.Shuman.2016","LakeSediment","temperature",43.33,-95.2,"positive",NA,NA,FALSE,NA,NA,FALSE,NA,NA,FALSE,NA,NA,FALSE,NA,NA,FALSE,3
"GHb9285123","GrahamLake.Shuman.2016","LakeSediment","temperature",45.1902,-77.357,"positive",NA,NA,FALSE,NA,NA,FALSE,NA,NA,FALSE,NA,NA,FALSE,NA,NA,FALSE,3
"GHbf21e8dc","MD012390.Steinke.2008","MarineSediment","temperature",6.6,113.4,"positive",NA,NA,FALSE,NA,NA,FALSE,NA,NA,FALSE,NA,NA,FALSE,NA,NA,FALSE,0
"GHdaff1a81","ODP1751078C","MarineSediment","temperature",-11.9208,13.4002,"positive",NA,NA,FALSE,NA,NA,FALSE,NA,NA,FALSE,NA,NA,FALSE,NA,NA,FALSE,1
"GHe1824e32","MD982170","MarineSediment","temperature",10.6,125.39,"positive",NA,NA,FALSE,NA,NA,FALSE,NA,NA,FALSE,NA,NA,FALSE,NA,NA,FALSE,1
"GHe913d7ac","Vostok.Vimeux.2002","GlacierIce","temperature",-78.5,108,"positive",NA,NA,FALSE,NA,NA,FALSE,NA,NA,FALSE,NA,NA,FALSE,NA,NA,FALSE,0
"GHf2f9415c","TaylorDome_dD","GlacierIce","d2H",-77.8,158.7,"negative",NA,NA,FALSE,NA,NA,FALSE,NA,NA,FALSE,NA,NA,FALSE,NA,NA,FALSE,1
"GHfa7d77a6","GeoB65181.Schefu.2005","MarineSediment","temperature",-5.6,11.2,"positive",NA,NA,FALSE,NA,NA,FALSE,NA,NA,FALSE,NA,NA,FALSE,NA,NA,FALSE,1
"IC00COPR01A","IC00COPR","GlacierIce","d18O",-84,43,"positive",0.0359846103237887,0.850263842340788,FALSE,0.0359846103237887,0.850263842340788,FALSE,0.0359846103237887,0.92861580050871,FALSE,0.0204523123932905,0.914572450382976,FALSE,0.0204523123932905,0.950274312098621,FALSE,30
"IC00SC1801A","IC00SC18","GlacierIce","d18O",76.617,-36.4033,"positive",0.0875916976609248,0.494070646028231,FALSE,0.0875916976609248,0.494070646028231,FALSE,0.0875916976609248,0.696487254312924,FALSE,0.193947297296523,0.0950811610152294,FALSE,0.193947297296523,0.249019645146311,FALSE,143
"IC00SC2101A","IC00SC21","GlacierIce","d18O",80,-41.1374,"positive",0.0588290488426936,0.640355171274475,FALSE,0.0588290488426936,0.640355171274475,FALSE,0.0588290488426936,0.789647995405904,FALSE,0.0340647170712585,0.770945393000642,FALSE,0.0340647170712585,0.864106920350983,FALSE,143
"IC00SC2601A","IC00SC26","GlacierIce","d18O",77.2533,-49.2167,"positive",0.144931599818214,0.178303550429242,FALSE,0.144931599818214,0.178303550429242,FALSE,0.144931599818214,0.355496175310639,FALSE,0.206818484167738,0.0425247064382885,TRUE,0.206818484167738,0.142491162934579,FALSE,142
"IC00SC2901A","IC00SC29","GlacierIce","d18O",76.0039,-43.492,"positive",0.120581480136607,0.288590436215669,FALSE,0.120581480136607,0.288590436215669,FALSE,0.120581480136607,0.485061822882236,FALSE,0.173901017439025,0.104659527208077,FALSE,0.173901017439025,0.2668609458692,FALSE,144
"IC00STTY01A","IC00STTY","GlacierIce","d18O",-77.78,158.72,"positive",NA,NA,FALSE,NA,NA,FALSE,NA,NA,FALSE,NA,NA,FALSE,NA,NA,FALSE,0
"IC00THDS03B","IC00THDS","GlacierIce","d18O",28.38,85.72,"positive",NA,NA,FALSE,NA,NA,FALSE,NA,NA,FALSE,NA,NA,FALSE,NA,NA,FALSE,15
"IC02GR0501A","IC02GR05","GlacierIce","d18O",-75,0.01,"positive",0.0621803096971901,0.710210165649929,FALSE,0.0621803096971901,0.710210165649929,FALSE,0.0621803096971901,0.834008267919183,FALSE,0.0264373924960304,0.873050372650502,FALSE,0.0264373924960304,0.92508648757669,FALSE,41
"IC02HEWD01A","IC02HEWD","GlacierIce","d18O",81,64,"positive",0.423802108895027,0.00243937056812166,TRUE,0.423802108895027,0.00243937056812166,TRUE,0.423802108895027,0.0126926598666493,TRUE,0.370521008399203,0.00649684998763129,TRUE,0.370521008399203,0.0357701925905323,TRUE,106
"IC02STTA02A","IC02STTA","GlacierIce","d2H",-72.8,159.06,"positive",0.322838674752916,0.0708192860184981,FALSE,0.322838674752916,0.0708192860184981,TRUE,0.322838674752916,0.184245302254223,FALSE,0.334221245594855,0.0564520987199514,FALSE,0.334221245594855,0.174537890505149,FALSE,40
"IC02THKI02A","IC02THKI","GlacierIce","d18O",-3.08,37.35,"positive",NA,NA,FALSE,NA,NA,FALSE,NA,NA,FALSE,NA,NA,FALSE,NA,NA,FALSE,6
"IC02THKI03A","IC02THKI","GlacierIce","d18O",-3.08,37.35,"positive",NA,NA,FALSE,NA,NA,FALSE,NA,NA,FALSE,NA,NA,FALSE,NA,NA,FALSE,6
"IC02THKI04A","IC02THKI","GlacierIce","d18O",-3.08,37.35,"positive",NA,NA,FALSE,NA,NA,FALSE,NA,NA,FALSE,NA,NA,FALSE,NA,NA,FALSE,6
"IC05ISAU01A","IC05ISAU","GlacierIce","d18O",79.83,24,"positive",0.259533150248755,0.0240076162438606,TRUE,0.259533150248755,0.0240076162438606,TRUE,0.259533150248755,0.0760637346340139,TRUE,0.0700190667113592,0.498445867941862,FALSE,0.0700190667113592,0.684560848675518,FALSE,149
"IC06THDD01A","IC06THDD","GlacierIce","d18O",38.1,96.4,"positive",NA,NA,FALSE,NA,NA,FALSE,NA,NA,FALSE,NA,NA,FALSE,NA,NA,FALSE,13
"IC06THPR02B","IC06THPR","GlacierIce","d18O",33.9167,89.0833,"positive",NA,NA,FALSE,NA,NA,FALSE,NA,NA,FALSE,NA,NA,FALSE,NA,NA,FALSE,13
"IC06VIGR01A","IC06VIGR","GlacierIce","d18O",72.3,-37.4,"positive",NA,NA,FALSE,NA,NA,FALSE,NA,NA,FALSE,NA,NA,FALSE,NA,NA,FALSE,6
"IC06VING01A","IC06VING","GlacierIce","d18O",75.1,-42.32,"positive",NA,NA,FALSE,NA,NA,FALSE,NA,NA,FALSE,NA,NA,FALSE,NA,NA,FALSE,6
"IC06WAML01A","IC06WAML","GlacierIce","d18O",35.81,90.76,"positive",0.271417976787589,0.0786041141549563,FALSE,0.271417976787589,0.0786041141549563,TRUE,0.271417976787589,0.195745653926739,FALSE,-0.0437303914870538,0.73349924643152,FALSE,-0.0437303914870538,0.844249905343395,FALSE,129
"IC08VI7701A","IC08VI77","GlacierIce","d18O",80.7,-73.1,"positive",NA,NA,FALSE,NA,NA,FALSE,NA,NA,FALSE,NA,NA,FALSE,NA,NA,FALSE,2
"IC08VI7901A","IC08VI79","GlacierIce","d18O",80.7,-73.1,"positive",NA,NA,FALSE,NA,NA,FALSE,NA,NA,FALSE,NA,NA,FALSE,NA,NA,FALSE,2
"IC08VI8401A","IC08VI84","GlacierIce","d18O",80.7,-73.1,"positive",NA,NA,FALSE,NA,NA,FALSE,NA,NA,FALSE,NA,NA,FALSE,NA,NA,FALSE,2
"IC08VI8701A","IC08VI87","GlacierIce","d18O",80.7,-73.1,"positive",NA,NA,FALSE,NA,NA,FALSE,NA,NA,FALSE,NA,NA,FALSE,NA,NA,FALSE,2
"IC08VIRE01A","IC08VIRE","GlacierIce","d18O",71.27,-26.73,"positive",NA,NA,FALSE,NA,NA,FALSE,NA,NA,FALSE,NA,NA,FALSE,NA,NA,FALSE,6
"IC09EIBE01A","IC09EIBE","GlacierIce","d18O",49.8067,86.56,"positive",NA,NA,FALSE,NA,NA,FALSE,NA,NA,FALSE,NA,NA,FALSE,NA,NA,FALSE,13
"IC09KAD301A","IC09KAD3","GlacierIce","d18O",65.18,-43.83,"positive",NA,NA,FALSE,NA,NA,FALSE,NA,NA,FALSE,NA,NA,FALSE,NA,NA,FALSE,13
"IC09VIA800A","IC09VIA8","GlacierIce","d18O",80.7,-73.1,"positive",NA,NA,FALSE,NA,NA,FALSE,NA,NA,FALSE,NA,NA,FALSE,NA,NA,FALSE,3
"IC10VICR01A","IC10VICR","GlacierIce","d18O",71.12,-37.32,"positive",0.398425512989865,8.20051197246483e-05,TRUE,0.398425512989865,8.20051197246483e-05,TRUE,0.398425512989865,0.00102908385536814,TRUE,0.378272559383225,0.000107005089499608,TRUE,0.378272559383225,0.00154783491518044,TRUE,124
"IC10VICR01B","IC10VICR","GlacierIce","d18O",71.12,-37.32,"positive",0.156890148869796,0.105226251633139,FALSE,0.156890148869796,0.105226251633139,FALSE,0.156890148869796,0.245783945420471,FALSE,0.201982193283035,0.0336519827915903,TRUE,0.201982193283035,0.121679485800101,FALSE,124
"IC11BEVL01A","IC11BEVL","GlacierIce","d2H",-77.33,162.53,"positive",0.168820227756503,0.372499367948495,FALSE,0.168820227756503,0.372499367948495,FALSE,0.168820227756503,0.582884096545322,FALSE,0.171573735180628,0.332754034468085,FALSE,0.171573735180628,0.538757175691357,FALSE,45
"IC11DILO01A","IC11DILO","GlacierIce","d18O",78.86,17.42,"positive",0.204040874553909,0.0587391352256988,FALSE,0.204040874553909,0.0587391352256988,TRUE,0.204040874553909,0.15862044955463,FALSE,0.0645496179274727,0.51656953816814,FALSE,0.0645496179274727,0.70192039156605,FALSE,148
"IC11KIPW01A","IC11KIPW","GlacierIce","d18O",78.4,-80.4,"positive",-0.00176800101806742,0.989086836431273,FALSE,-0.00176800101806742,0.989086836431273,FALSE,-0.00176800101806742,0.995638779341403,FALSE,-0.267839499764346,0.0162818714405188,FALSE,-0.267839499764346,0.0723026087943822,FALSE,120
"IC11LAB401A","IC11LAB4","GlacierIce","d18O",-70.86,11.54,"positive",-0.181066798709336,0.368134843014662,FALSE,-0.181066798709336,0.368134843014662,FALSE,-0.181066798709336,0.582013222022984,FALSE,-0.100350204462011,0.548871417532389,FALSE,-0.100350204462011,0.715433212262177,FALSE,38
"IC11STTA01A","IC11STTA","GlacierIce","d18O",-72.82,159.18,"positive",NA,NA,FALSE,NA,NA,FALSE,NA,NA,FALSE,NA,NA,FALSE,NA,NA,FALSE,8
"IC12MUJR01A","IC12MUJR","GlacierIce","d2H",-64.2,-57.69,"positive",0.26071743679303,0.0023459110570999,TRUE,0.26071743679303,0.0023459110570999,TRUE,0.26071743679303,0.0123066916402985,TRUE,0.252554585650374,0.00311209768269225,TRUE,0.252554585650374,0.0201190158482357,TRUE,143
"IC12RHME01A","IC12RHME","GlacierIce","d2H",-77.52,167.68,"positive",0.162497977626345,0.318888116595733,FALSE,0.162497977626345,0.318888116595733,FALSE,0.162497977626345,0.523303575951972,FALSE,0.199536878307141,0.209234180062229,FALSE,0.199536878307141,0.426464570827474,FALSE,45
"IC13PALD01A","IC13PALD","GlacierIce","d18O",-66.77,112.81,"positive",0.187791242462392,0.245888605579575,FALSE,0.187791242462392,0.245888605579575,FALSE,0.187791242462392,0.442046931379011,FALSE,0.180500988496358,0.265033052372767,FALSE,0.180500988496358,0.482941552983325,FALSE,40
"IC13STN801A","IC13STN8","GlacierIce","d18O",-74.88,1.6,"positive",0.0981085776065888,0.556306102267694,FALSE,0.0981085776065888,0.556306102267694,FALSE,0.0981085776065888,0.73947637782444,FALSE,0.185197353106604,0.243086625927412,FALSE,0.185197353106604,0.46131217844245,FALSE,44
"IC13THFE01A","IC13THFE","GlacierIce","d2H",-74.57,-86.9,"positive",0.361039228733223,0.0272410784830049,TRUE,0.361039228733223,0.0272410784830049,TRUE,0.361039228733223,0.0842236242952808,TRUE,0.106945938356694,0.507262273720344,FALSE,0.106945938356694,0.690740117406426,FALSE,46
"IC14EKVK00A","IC14EKVK","GlacierIce","d2H",-78.47,106.83,"positive",-0.00629242364451522,0.967456603652126,FALSE,-0.00629242364451522,0.967456603652126,FALSE,-0.00629242364451522,0.985943035569046,FALSE,-0.0109893317775364,0.943165447938481,FALSE,-0.0109893317775364,0.965801418689004,FALSE,45
"IC16WE1701A","IC16WE17","GlacierIce","d18O",75.2504,-37.6248,"positive",0.0553141841176034,0.640318910248866,FALSE,0.0553141841176034,0.640318910248866,FALSE,0.0553141841176034,0.789647995405904,FALSE,0.155289825048338,0.155218328944645,FALSE,0.155289825048338,0.347341715120883,FALSE,143
"IC16WE1901A","IC16WE19","GlacierIce","d18O",78.0006,-36.3978,"positive",0.278991750036599,0.163010005958366,FALSE,0.278991750036599,0.163010005958366,FALSE,0.278991750036599,0.33545467464101,FALSE,0.366255695400951,0.0356471742578177,TRUE,0.366255695400951,0.126045257044217,FALSE,104
"IC16WE2001A","IC16WE20","GlacierIce","d18O",78.8333,-36.5,"positive",0.366228845263493,0.00341146819558096,TRUE,0.366228845263493,0.00341146819558096,TRUE,0.366228845263493,0.0162935794415807,TRUE,0.336647274114969,0.00338316441914634,TRUE,0.336647274114969,0.0210216041578025,TRUE,144
"IC16WE2201A","IC16WE22","GlacierIce","d18O",79.3414,-45.9116,"positive",0.0624764343341602,0.5779395232829,FALSE,0.0624764343341602,0.5779395232829,FALSE,0.0624764343341602,0.753322392873841,FALSE,0.022741489718783,0.830378340209384,FALSE,0.022741489718783,0.903071513379339,FALSE,141
"IC16WE2301A","IC16WE23","GlacierIce","d18O",78,-44,"positive",0.13887028051185,0.270723151927011,FALSE,0.13887028051185,0.270723151927011,FALSE,0.13887028051185,0.467015679874088,FALSE,0.176905458562579,0.129294780940487,FALSE,0.176905458562579,0.310133953110055,FALSE,143
"IC16WE2701A","IC16WE27","GlacierIce","d18O",76.6594,-46.4837,"positive",-0.0656168237121735,0.549685672035014,FALSE,-0.0656168237121735,0.549685672035014,FALSE,-0.0656168237121735,0.73947637782444,FALSE,-0.111618774906401,0.265617854140829,FALSE,-0.111618774906401,0.482941552983325,FALSE,122
"IC16WE3001A","IC16WE30","GlacierIce","d18O",75.0016,-42.0004,"positive",0.25801394371835,0.0208118176813523,TRUE,0.25801394371835,0.0208118176813523,TRUE,0.25801394371835,0.0686575428663168,TRUE,0.264650772027461,0.0127586030537356,TRUE,0.264650772027461,0.0600404849587558,TRUE,138
"IC16WENG00A","IC16WENG","GlacierIce","d18O",76,-46,"positive",0.332774079519752,0.0111431029060898,TRUE,0.332774079519752,0.0111431029060898,TRUE,0.332774079519752,0.0424499158327229,TRUE,0.366544746118962,0.00190864310413158,TRUE,0.366544746118962,0.0134234240290573,TRUE,142
"IC17BERI01A","IC17BERI","GlacierIce","d2H",-79.36,-161.7,"positive",0.183835705130815,0.239074700885095,FALSE,0.183835705130815,0.239074700885095,FALSE,0.183835705130815,0.432225447927856,FALSE,0.333779231574683,0.0274471835471213,TRUE,0.333779231574683,0.10646180284944,FALSE,44
"IC17EK4K01A","IC17EK4K","GlacierIce","d2H",-69.95,95.62,"positive",NA,NA,FALSE,NA,NA,FALSE,NA,NA,FALSE,NA,NA,FALSE,NA,NA,FALSE,10
"IC76FIDE02A","IC76FIDE","GlacierIce","d18O",75.33,-82.5,"positive",0.0886000475878962,0.534686872118699,FALSE,0.0886000475878962,0.534686872118699,FALSE,0.0886000475878962,0.731195722555486,FALSE,-0.138753311966334,0.276309705929932,FALSE,-0.138753311966334,0.490326228015913,FALSE,83
"IC93BAGI01A","IC93BAGI","GlacierIce","d2H",72.59,-38.46,"positive",0.340202961747437,0.00192646791272975,TRUE,0.340202961747437,0.00192646791272975,TRUE,0.340202961747437,0.0105421217733987,TRUE,0.392811827165285,0.000140390937133472,TRUE,0.392811827165285,0.00176176862285141,TRUE,136
"IC93BAGI02A","IC93BAGI","GlacierIce","d2H",72.59,-38.46,"positive",0.232295417417037,0.0148503207771949,TRUE,0.232295417417037,0.0148503207771949,TRUE,0.232295417417037,0.0533944117831727,TRUE,0.266388404031595,0.00412489972438058,TRUE,0.266388404031595,0.0246722974168558,TRUE,138
"IC94THDP01A","IC94THDP","GlacierIce","d18O",-70.68,-64.87,"positive",0.413793348495167,0.0153625878635076,TRUE,0.413793348495167,0.0153625878635076,TRUE,0.413793348495167,0.0546225346258049,TRUE,0.336004168663833,0.0405617353160785,TRUE,0.336004168663833,0.139085390869981,FALSE,45
"IC95FI8701A","IC95FI87","GlacierIce","d18O",80.7,-73.1,"positive",-0.0240538322832759,0.887363819866687,FALSE,-0.0240538322832759,0.887363819866687,FALSE,-0.0240538322832759,0.9465214078578,FALSE,-0.0414937829420257,0.808318581009811,FALSE,-0.0414937829420257,0.889777077992156,FALSE,42
"IC95THHU02D_iso2k","IC95THHU","GlacierIce","d18O",-9,-77.5,"positive",NA,NA,FALSE,NA,NA,FALSE,NA,NA,FALSE,NA,NA,FALSE,NA,NA,FALSE,2
"IC97GRGI01A","IC97GRGI","GlacierIce","d18O",72.6,-38.5,"positive",0.342162349065301,0.00108688632896571,TRUE,0.342162349065301,0.00108688632896571,TRUE,0.342162349065301,0.00681967892684365,TRUE,0.379175680892707,0.000138273718547063,TRUE,0.379175680892707,0.00176176862285141,TRUE,138
"IC97THGL01A","IC97THGL","GlacierIce","d18O",35.2833,81.4833,"positive",NA,NA,FALSE,NA,NA,FALSE,NA,NA,FALSE,NA,NA,FALSE,NA,NA,FALSE,13
"IW15MELD00A","IW15MELD","GroundIce","d18O",72.4,126,"positive",NA,NA,FALSE,NA,NA,FALSE,NA,NA,FALSE,NA,NA,FALSE,NA,NA,FALSE,2
"lcR0b7dbb501xuLtuao","Langarud.Haghani.2015","Peat","temperature",37.1856,50.1475,"positive",NA,NA,FALSE,NA,NA,FALSE,NA,NA,FALSE,NA,NA,FALSE,NA,NA,FALSE,2
"lcR0eeJLNAyOazjygHP","KleinenMochowsee.Jahns.1999","LakeSediment","temperature",51.9964,14.1989,"positive",NA,NA,FALSE,NA,NA,FALSE,NA,NA,FALSE,NA,NA,FALSE,NA,NA,FALSE,2
"lcR15twfUxvMIx7rgAy","MindenBog.Booth.2003","Peat","temperature",43.6037,-82.8639,"positive",NA,NA,FALSE,NA,NA,FALSE,NA,NA,FALSE,NA,NA,FALSE,NA,NA,FALSE,1
"lcR20Z924i7ZXG81AON","HerrenwieserSee.Rosch.2012","LakeSediment","temperature",48.6685,8.2955,"positive",NA,NA,FALSE,NA,NA,FALSE,NA,NA,FALSE,NA,NA,FALSE,NA,NA,FALSE,8
"lcR261cdFIoUWnKEZ5m","PenaNegra.AbelSchaad.2013","Peat","temperature",40.3347,-5.7922,"positive",NA,NA,FALSE,NA,NA,FALSE,NA,NA,FALSE,NA,NA,FALSE,NA,NA,FALSE,4
"lcR26hacBbYjoOCqq0R","Carquefou.Cyprien.2001","Peat","temperature",47.3092,-1.4769,"positive",NA,NA,FALSE,NA,NA,FALSE,NA,NA,FALSE,NA,NA,FALSE,NA,NA,FALSE,2
"lcR2BTqnkHxtvMCOUFb","MaboMoss.Goransson.1977","Peat","temperature",58.0211,16.056,"positive",NA,NA,FALSE,NA,NA,FALSE,NA,NA,FALSE,NA,NA,FALSE,NA,NA,FALSE,0
"lcR2vmDqVJdQh6axavi","OtterPond.Fuller.1998","LakeSediment","temperature",42.6549,-72.5332,"positive",NA,NA,FALSE,NA,NA,FALSE,NA,NA,FALSE,NA,NA,FALSE,NA,NA,FALSE,9
"lcR32QmXtVsHnBMTPdx","TawnyPond.Keizer.2015","LakeSediment","temperature",44.8164,-77.1825,"positive",NA,NA,FALSE,NA,NA,FALSE,NA,NA,FALSE,NA,NA,FALSE,NA,NA,FALSE,16
"lcR3FYwTmOa7ISsMuSS","SehestedterAussendeichsmoor.Behre.2005","Peat","temperature",53.4389,8.3071,"positive",NA,NA,FALSE,NA,NA,FALSE,NA,NA,FALSE,NA,NA,FALSE,NA,NA,FALSE,9
"lcR457uPYbBDgXA5Pk5","LongLake.Carter.2017","LakeSediment","temperature",41.4998,-106.3679,"positive",NA,NA,FALSE,NA,NA,FALSE,NA,NA,FALSE,NA,NA,FALSE,NA,NA,FALSE,16
"lcR46XHgr5K0yqF8BHQ","ArroyodeNavalacarreta.MoralesMolino.2017","Other","temperature",40.8522,-4.0311,"positive",NA,NA,FALSE,NA,NA,FALSE,NA,NA,FALSE,NA,NA,FALSE,NA,NA,FALSE,6
"lcR4CwtLVJ1icgSFhg7","SlishLake.Dodson.1987","LakeSediment","temperature",54.2439,-8.3719,"positive",NA,NA,FALSE,NA,NA,FALSE,NA,NA,FALSE,NA,NA,FALSE,NA,NA,FALSE,2
"lcR5AgBubPHTYbqF395","Cernohorskeraseliniste.Speranza.2000","Peat","temperature",50.6612,15.7534,"positive",NA,NA,FALSE,NA,NA,FALSE,NA,NA,FALSE,NA,NA,FALSE,NA,NA,FALSE,3
"lcR5RPi4dbch3BeBtp7","BarchampeLake.author.1111","LakeSediment","temperature",30.6222,-83.2539,"positive",NA,NA,FALSE,NA,NA,FALSE,NA,NA,FALSE,NA,NA,FALSE,NA,NA,FALSE,5
"lcR5sefyEatpn9XpKEd","TaibaiLakeTN1.Tong.2009","LakeSediment","temperature",29.9957,115.8073,"positive",NA,NA,FALSE,NA,NA,FALSE,NA,NA,FALSE,NA,NA,FALSE,NA,NA,FALSE,14
"lcR6oJJ8kfOEhIr8Ryk","LoxahatcheeNationalWildlifeRefugeSite1EPASite7.Willard.1997","Peat","temperature",26.4811,-80.4156,"positive",NA,NA,FALSE,NA,NA,FALSE,NA,NA,FALSE,NA,NA,FALSE,NA,NA,FALSE,7
"lcR6QoHSgAfDBYunbmZ","CharcodaCandieira.VanderKnaap.1984","LakeSediment","temperature",40.3417,-7.5764,"positive",NA,NA,FALSE,NA,NA,FALSE,NA,NA,FALSE,NA,NA,FALSE,NA,NA,FALSE,10
"lcR70HbVhhtnHdkpzSQ","TourbieredeLandemarais.Visset.1989","Peat","temperature",48.4417,-1.1817,"positive",NA,NA,FALSE,NA,NA,FALSE,NA,NA,FALSE,NA,NA,FALSE,NA,NA,FALSE,9
"lcR711YeTvyQTx30t1d","AndersonPond.Liu.2013","LakeSediment","temperature",36.0301,-85.5013,"positive",NA,NA,FALSE,NA,NA,FALSE,NA,NA,FALSE,NA,NA,FALSE,NA,NA,FALSE,4
"lcR7ud3XC9UR7QyJp2L","Labradillosmire.RoblesLopez.2017","Peat","temperature",40.3447,-4.5706,"positive",NA,NA,FALSE,NA,NA,FALSE,NA,NA,FALSE,NA,NA,FALSE,NA,NA,FALSE,1
"lcR8uLcZ5eyNHZGF7Ze","MobecheForest.CletPellerin.1993","Other","temperature",48.5167,-1,"positive",NA,NA,FALSE,NA,NA,FALSE,NA,NA,FALSE,NA,NA,FALSE,NA,NA,FALSE,5
"lcR9du4sIfScHScl1UZ","IsleauHautNorthHollow.Schauffler.1998","LakeSediment","temperature",44.0651,-68.6354,"positive",NA,NA,FALSE,NA,NA,FALSE,NA,NA,FALSE,NA,NA,FALSE,NA,NA,FALSE,2
"lcR9Ii9bXQoYSoZQYo1","EmrickLake.Spigel.2006","LakeSediment","temperature",43.8002,-89.5943,"positive",NA,NA,FALSE,NA,NA,FALSE,NA,NA,FALSE,NA,NA,FALSE,NA,NA,FALSE,3
"lcR9Q28Ec5biIUwt2vN","HiddenLake.Calder.2016","LakeSediment","temperature",40.5047,-106.6075,"positive",NA,NA,FALSE,NA,NA,FALSE,NA,NA,FALSE,NA,NA,FALSE,NA,NA,FALSE,1
"lcRAbB9vzhsqgpW1ex1","PasacacoPond.author.1111","LakeSediment","temperature",41.5167,-71.45,"positive",NA,NA,FALSE,NA,NA,FALSE,NA,NA,FALSE,NA,NA,FALSE,NA,NA,FALSE,5
"lcRAFTeLSERjxwWh1el","LakeBlatisto.vvanHuis.2013","LakeSediment","temperature",41.6213,24.6781,"positive",NA,NA,FALSE,NA,NA,FALSE,NA,NA,FALSE,NA,NA,FALSE,NA,NA,FALSE,6
"lcRagPv5JmNWfKvwrqY","AmberLake.UmbanhowarJr.2004","LakeSediment","temperature",43.6071,-94.4736,"positive",NA,NA,FALSE,NA,NA,FALSE,NA,NA,FALSE,NA,NA,FALSE,NA,NA,FALSE,3
"lcRAQdgT1Mc1SGJlDoy","DeltadelRioBesos.PantaleonCano.1994","FluvialSediment","temperature",41.4053,2.2483,"positive",NA,NA,FALSE,NA,NA,FALSE,NA,NA,FALSE,NA,NA,FALSE,NA,NA,FALSE,11
"lcRAqQ9kdfm1KINK9IU","MissionCrossBog.Allan.2003","LakeSediment","temperature",41.7847,-115.4836,"positive",NA,NA,FALSE,NA,NA,FALSE,NA,NA,FALSE,NA,NA,FALSE,NA,NA,FALSE,3
"lcRAwUd7UfA0VNvvXR3","Mars.Miras.2013","Peat","temperature",45.3053,1.8361,"positive",NA,NA,FALSE,NA,NA,FALSE,NA,NA,FALSE,NA,NA,FALSE,NA,NA,FALSE,1
"lcRAYBRHkDoaNj3kvyS","StonetorBrook.Fyfe.2008","Peat","temperature",50.6556,-3.91,"positive",NA,NA,FALSE,NA,NA,FALSE,NA,NA,FALSE,NA,NA,FALSE,NA,NA,FALSE,4
"lcRB1BWv1x1vTDU0xlR","LagunaPompal.Goman.1998","LakeSediment","temperature",18.3761,-94.9556,"positive",NA,NA,FALSE,NA,NA,FALSE,NA,NA,FALSE,NA,NA,FALSE,NA,NA,FALSE,1
"lcRBGyQq1JuRSSj98QC","Lacawac.Russell.1993","LakeSediment","temperature",41.3821,-75.2913,"positive",NA,NA,FALSE,NA,NA,FALSE,NA,NA,FALSE,NA,NA,FALSE,NA,NA,FALSE,10
"lcRBNAzjmPLR82ae22v","LagodeAjo.Allen.1996Legacy","LakeSediment","temperature",43.0417,-6.1388,"positive",NA,NA,FALSE,NA,NA,FALSE,NA,NA,FALSE,NA,NA,FALSE,NA,NA,FALSE,8
"lcRbPVGSZCaTXgHeZrX","LilyWarwick.Fuller.1998","LakeSediment","temperature",42.6884,-72.3372,"positive",NA,NA,FALSE,NA,NA,FALSE,NA,NA,FALSE,NA,NA,FALSE,NA,NA,FALSE,7
"lcRbSCPUmbpIjmWch7Q","AkTerek.Beer.2008","Peat","temperature",41.2815,72.8343,"positive",NA,NA,FALSE,NA,NA,FALSE,NA,NA,FALSE,NA,NA,FALSE,NA,NA,FALSE,3
"lcRC1ZAz4X1fefwq7b2","FontSalesse.deBeaulieu.1969","Peat","temperature",43.6017,2.9789,"positive",NA,NA,FALSE,NA,NA,FALSE,NA,NA,FALSE,NA,NA,FALSE,NA,NA,FALSE,5
"lcRcQ9KW8oxXFg1yWqC","ChesapeakeBayRhodeRiver.Baucom.2000","MarineSediment","temperature",38.8864,-76.3947,"positive",NA,NA,FALSE,NA,NA,FALSE,NA,NA,FALSE,NA,NA,FALSE,NA,NA,FALSE,16
"lcRCt6u019QQzW7Nhz5","KalsaMire.Kimmel.1999","Peat","temperature",58.1914,27.4115,"positive",NA,NA,FALSE,NA,NA,FALSE,NA,NA,FALSE,NA,NA,FALSE,NA,NA,FALSE,6
"lcRd7PjlW4sREUVKRXW","SweetonPond.Nanavati.2019","LakeSediment","temperature",36.7913,-92.2231,"positive",NA,NA,FALSE,NA,NA,FALSE,NA,NA,FALSE,NA,NA,FALSE,NA,NA,FALSE,7
"lcRd8tywf0ttZpjeAGH","WaterConservationArea2ASite2SiteF1.Willard.1997","Peat","temperature",26.3597,-80.3706,"positive",NA,NA,FALSE,NA,NA,FALSE,NA,NA,FALSE,NA,NA,FALSE,NA,NA,FALSE,7
"lcRdbReSjFrNhFkgMvL","HellHoleLake.Hotchkiss.2007","LakeSediment","temperature",45.7866,-92.219,"positive",NA,NA,FALSE,NA,NA,FALSE,NA,NA,FALSE,NA,NA,FALSE,NA,NA,FALSE,3
"lcRdFNOoh3FGWfIEIgm","LaMolinamire.LopezMerino.2011","Peat","temperature",43.3811,-6.3272,"positive",NA,NA,FALSE,NA,NA,FALSE,NA,NA,FALSE,NA,NA,FALSE,NA,NA,FALSE,10
"lcRdr1mXf7h9m2RMXg7","LagodiOriglio.Tinner.1999","LakeSediment","temperature",46.0515,8.9433,"positive",NA,NA,FALSE,NA,NA,FALSE,NA,NA,FALSE,NA,NA,FALSE,NA,NA,FALSE,11
"lcRdShBI8LEpNVnTVlY","DyanushkaK7P2.Werner.2010","Peat","temperature",65.0394,125.0369,"positive",NA,NA,FALSE,NA,NA,FALSE,NA,NA,FALSE,NA,NA,FALSE,NA,NA,FALSE,1
"lcRea5YRvPHaBlssrES","LakeKolmilatrask.SarmajaKorjonen.1991","LakeSediment","temperature",60.2917,20.1414,"positive",NA,NA,FALSE,NA,NA,FALSE,NA,NA,FALSE,NA,NA,FALSE,NA,NA,FALSE,3
"lcREFsvQV9Z5n99omGW","KellysLough.Leira.2007","LakeSediment","temperature",52.9585,-6.4257,"positive",NA,NA,FALSE,NA,NA,FALSE,NA,NA,FALSE,NA,NA,FALSE,NA,NA,FALSE,4
"lcRevSrSJ6Y4iMApChz","Durchenbergried.Rosch.1990","Peat","temperature",47.775,8.9788,"positive",NA,NA,FALSE,NA,NA,FALSE,NA,NA,FALSE,NA,NA,FALSE,NA,NA,FALSE,2
"lcRfo8HLKTzKQmY9Lql","Couedic.Visset.2001","FluvialSediment","temperature",47.2139,-1.5572,"positive",NA,NA,FALSE,NA,NA,FALSE,NA,NA,FALSE,NA,NA,FALSE,NA,NA,FALSE,0
"lcRfrr5PzONt6ZBow19","HornstaadHornle.Rosch.1992","LakeSediment","temperature",47.6946,9.0066,"positive",NA,NA,FALSE,NA,NA,FALSE,NA,NA,FALSE,NA,NA,FALSE,NA,NA,FALSE,7
"lcRFTGwkgL2lvikrZVp","IrwinSmithBog.Booth.2012","Peat","temperature",45.0265,-83.61,"positive",NA,NA,FALSE,NA,NA,FALSE,NA,NA,FALSE,NA,NA,FALSE,NA,NA,FALSE,1
"lcRFTN0y0aUFhVngFqR","BuckbeanBog.Heinrichs.1999","Peat","temperature",49.1191,-119.683,"positive",NA,NA,FALSE,NA,NA,FALSE,NA,NA,FALSE,NA,NA,FALSE,NA,NA,FALSE,8
"lcRFWn6U2MAaRAahGiZ","KnobHillPond.Oswald.2018","LakeSediment","temperature",44.3603,-72.373,"positive",NA,NA,FALSE,NA,NA,FALSE,NA,NA,FALSE,NA,NA,FALSE,NA,NA,FALSE,12
"lcRFZusTqpbEtt1B3JI","Songjiang.Zhang.2008","FluvialSediment","temperature",50.4,80.4667,"positive",NA,NA,FALSE,NA,NA,FALSE,NA,NA,FALSE,NA,NA,FALSE,NA,NA,FALSE,1
"lcRghXAPhVPRCaWmOKl","AltesMoorWachel.Dorfler.1989","Peat","temperature",53.4373,8.8678,"positive",NA,NA,FALSE,NA,NA,FALSE,NA,NA,FALSE,NA,NA,FALSE,NA,NA,FALSE,3
"lcRgk3j6nErViRXrp8v","BlackwoodSinkhole.Tamalavage.2018","LakeSediment","temperature",26.7987,-77.4234,"positive",NA,NA,FALSE,NA,NA,FALSE,NA,NA,FALSE,NA,NA,FALSE,NA,NA,FALSE,7
"lcRGMoX9ZylfD2rKV7v","Foyechi.Tong.1996","LakeSediment","temperature",37.3833,122.5167,"positive",NA,NA,FALSE,NA,NA,FALSE,NA,NA,FALSE,NA,NA,FALSE,NA,NA,FALSE,3
"lcRgU9lZt1iCaxQ2O5S","LilyPond.Foster.2002","LakeSediment","temperature",42.4179,-72.3469,"positive",NA,NA,FALSE,NA,NA,FALSE,NA,NA,FALSE,NA,NA,FALSE,NA,NA,FALSE,6
"lcRGy09ItWZAcCGXu5i","TrinityRiverbayhead.Anderson.2008","FluvialSediment","temperature",29.7662,-94.7082,"positive",NA,NA,FALSE,NA,NA,FALSE,NA,NA,FALSE,NA,NA,FALSE,NA,NA,FALSE,0
"lcRH79gkHAqShSZg1Sg","BeefPasture.Wright.2012","Peat","temperature",37.4731,-108.1604,"positive",NA,NA,FALSE,NA,NA,FALSE,NA,NA,FALSE,NA,NA,FALSE,NA,NA,FALSE,6
"lcRh7Z4V3IuWBKFrinQ","DevilsLakeCreelBay.Jacobson.1989","LakeSediment","temperature",48.0859,-98.9293,"positive",NA,NA,FALSE,NA,NA,FALSE,NA,NA,FALSE,NA,NA,FALSE,NA,NA,FALSE,11
"lcRhanMzxWMQTNQG3Wx","MinnesotaPoint.Nurse.2017","FluvialSediment","temperature",46.7334,-92.065,"positive",NA,NA,FALSE,NA,NA,FALSE,NA,NA,FALSE,NA,NA,FALSE,NA,NA,FALSE,9
"lcRHiHwNfSIJOf4ibky","DagsMosse.Goransson.1989","Peat","temperature",58.3229,14.7065,"positive",NA,NA,FALSE,NA,NA,FALSE,NA,NA,FALSE,NA,NA,FALSE,NA,NA,FALSE,4
"lcRHIMVLMQLSixfanJF","ValhallaHollow.Kearsley.1995","Peat","temperature",44.3086,-74.3708,"positive",NA,NA,FALSE,NA,NA,FALSE,NA,NA,FALSE,NA,NA,FALSE,NA,NA,FALSE,10
"lcRi5e2Wq9lUvl2VdRO","Fjallnas.Konigsson.1984","FluvialSediment","temperature",62.6159,12.1339,"positive",NA,NA,FALSE,NA,NA,FALSE,NA,NA,FALSE,NA,NA,FALSE,NA,NA,FALSE,7
"lcRI7Ml5QyuvrpBhRzR","Nanwangzhuang.Guo.1999","FluvialSediment","temperature",38.45,114.9167,"positive",NA,NA,FALSE,NA,NA,FALSE,NA,NA,FALSE,NA,NA,FALSE,NA,NA,FALSE,0
"lcRIjouF7RUndRFUNyA","WaccamawRiverButlerIslandModeratelySaltImpacted.Jones.2017","Peat","temperature",33.4228,-79.208,"positive",NA,NA,FALSE,NA,NA,FALSE,NA,NA,FALSE,NA,NA,FALSE,NA,NA,FALSE,11
"lcRIT1DYxYiLBfKhgbX","HorseshoeLake.Munoz.2014","LakeSediment","temperature",38.7018,-90.095,"positive",NA,NA,FALSE,NA,NA,FALSE,NA,NA,FALSE,NA,NA,FALSE,NA,NA,FALSE,5
"lcRiTlpsMJl8dTHotVe","Pezou.Cyprien.2006","FluvialSediment","temperature",47.8708,1.1508,"positive",NA,NA,FALSE,NA,NA,FALSE,NA,NA,FALSE,NA,NA,FALSE,NA,NA,FALSE,4
"lcRIwTndwZWVBasjuvs","ClearwaterBog.Nichols.1969","Peat","temperature",54.0236,-101.2588,"positive",NA,NA,FALSE,NA,NA,FALSE,NA,NA,FALSE,NA,NA,FALSE,NA,NA,FALSE,3
"lcRj1ZGE3Bw8DT5QmJz","UpperSouthBranchPond.Anderson.1986","LakeSediment","temperature",46.0901,-68.8933,"positive",NA,NA,FALSE,NA,NA,FALSE,NA,NA,FALSE,NA,NA,FALSE,NA,NA,FALSE,5
"lcRJjJBwmLs9PEUa7qD","EtangdelaGruere.RoosBarraclough.2002","Peat","temperature",47.2406,7.05,"positive",NA,NA,FALSE,NA,NA,FALSE,NA,NA,FALSE,NA,NA,FALSE,NA,NA,FALSE,8
"lcRJSdnNJk8NTaJyDwO","TaylorSloughSite15.Willard.1997","Peat","temperature",25.2019,-80.6872,"positive",NA,NA,FALSE,NA,NA,FALSE,NA,NA,FALSE,NA,NA,FALSE,NA,NA,FALSE,7
"lcRjugz6QafJ2GJGZ5P","LakeSapanca.Leroy.2010","LakeSediment","temperature",40.7167,30.25,"positive",NA,NA,FALSE,NA,NA,FALSE,NA,NA,FALSE,NA,NA,FALSE,NA,NA,FALSE,2
"lcRKCw132BNpMi5JpJ7","Lavare.Barbier.1999","Peat","temperature",48.4333,-0.9167,"positive",NA,NA,FALSE,NA,NA,FALSE,NA,NA,FALSE,NA,NA,FALSE,NA,NA,FALSE,2
"lcRKgxpr49pqfEsGAjs","Ballyduff.Stefanini.2008","Peat","temperature",53.0822,-7.992,"positive",NA,NA,FALSE,NA,NA,FALSE,NA,NA,FALSE,NA,NA,FALSE,NA,NA,FALSE,9
"lcRKla0inIbwLreLoWC","Tlstahora.Rybnickova.2005","Peat","temperature",48.8942,17.8886,"positive",NA,NA,FALSE,NA,NA,FALSE,NA,NA,FALSE,NA,NA,FALSE,NA,NA,FALSE,7
"lcRKoyoRCMHM2hnFb0Y","LakeKvarntrask.SarmajaKorjonen.1991","LakeSediment","temperature",60.3458,19.9717,"positive",NA,NA,FALSE,NA,NA,FALSE,NA,NA,FALSE,NA,NA,FALSE,NA,NA,FALSE,3
"lcRKoyvGIn2y3KKjI98","ChickareeLake.Dunnette.2014","LakeSediment","temperature",40.3341,-105.8411,"positive",NA,NA,FALSE,NA,NA,FALSE,NA,NA,FALSE,NA,NA,FALSE,NA,NA,FALSE,4
"lcRKtqdRhG7A3tJLj75","CienegadeSanBernadino.Blissett.2010","Other","temperature",31.3222,-109.2562,"positive",NA,NA,FALSE,NA,NA,FALSE,NA,NA,FALSE,NA,NA,FALSE,NA,NA,FALSE,2
"lcRKXHkOBR4CWd1961I","MiddleNorthCoombe.Fyfe.2004","Peat","temperature",50.9339,-3.4333,"positive",NA,NA,FALSE,NA,NA,FALSE,NA,NA,FALSE,NA,NA,FALSE,NA,NA,FALSE,4
"lcRLDTlgb8iOjDOBOFf","PrazRodet.vanderKnaap.2000","Peat","temperature",46.5667,6.1736,"positive",NA,NA,FALSE,NA,NA,FALSE,NA,NA,FALSE,NA,NA,FALSE,NA,NA,FALSE,9
"lcRlHORqReK0wmEXzk9","LakeSambosjon.Digerfeldt.1982","LakeSediment","temperature",57.1631,12.4143,"positive",NA,NA,FALSE,NA,NA,FALSE,NA,NA,FALSE,NA,NA,FALSE,NA,NA,FALSE,1
"lcRlZrcfXewvBCRS55H","SummitLake.Calder.2016","LakeSediment","temperature",40.5455,-106.6824,"positive",NA,NA,FALSE,NA,NA,FALSE,NA,NA,FALSE,NA,NA,FALSE,NA,NA,FALSE,9
"lcRmC0zyUbxqTKccwp3","LilyLake.Hotchkiss.2007","LakeSediment","temperature",45.901,-92.273,"positive",NA,NA,FALSE,NA,NA,FALSE,NA,NA,FALSE,NA,NA,FALSE,NA,NA,FALSE,4
"lcRmG0zRQQ5f6hPZV0d","HerrenwieserSee.Rosch.2009","LakeSediment","temperature",48.6685,8.2955,"positive",NA,NA,FALSE,NA,NA,FALSE,NA,NA,FALSE,NA,NA,FALSE,NA,NA,FALSE,4
"lcRmszlPoPyliZ6gh9W","Upskeraseliniste.Speranza.2000","Peat","temperature",50.7366,15.7084,"positive",NA,NA,FALSE,NA,NA,FALSE,NA,NA,FALSE,NA,NA,FALSE,NA,NA,FALSE,7
"lcRmw8C3D3JTx5o13m4","Foula.Shotyk.1996","Peat","temperature",60.1374,-2.0793,"positive",NA,NA,FALSE,NA,NA,FALSE,NA,NA,FALSE,NA,NA,FALSE,NA,NA,FALSE,7
"lcRnN8sshDkE1vk7Snb","FlorenceLake.Pellatt.2015","LakeSediment","temperature",48.4586,-123.513,"positive",NA,NA,FALSE,NA,NA,FALSE,NA,NA,FALSE,NA,NA,FALSE,NA,NA,FALSE,8
"lcRNtmq7Ek5eHMbmsZq","LesNaudieres.Poirier.2013","FluvialSediment","temperature",47.5375,0.7022,"positive",NA,NA,FALSE,NA,NA,FALSE,NA,NA,FALSE,NA,NA,FALSE,NA,NA,FALSE,4
"lcRNts7m8X8duEqSKUd","Minnreg.UmbanhowarJr.2004","LakeSediment","temperature",44.6934,-93.3212,"positive",NA,NA,FALSE,NA,NA,FALSE,NA,NA,FALSE,NA,NA,FALSE,NA,NA,FALSE,3
"lcRNU49g5E5dtDPE0nm","LakeEmilyNortheastBasin.UmbanhowarJr.2004","LakeSediment","temperature",44.3138,-93.9144,"positive",NA,NA,FALSE,NA,NA,FALSE,NA,NA,FALSE,NA,NA,FALSE,NA,NA,FALSE,0
"lcRNykeGxpm91qlV071","RidgeandSlough0205215.Bernhardt.2009","Peat","temperature",25.829,-80.7675,"positive",NA,NA,FALSE,NA,NA,FALSE,NA,NA,FALSE,NA,NA,FALSE,NA,NA,FALSE,4
"lcRo0NjquwOS6OyfsLq","SharkeyLake.Camill.2003","LakeSediment","temperature",44.5924,-93.4132,"positive",NA,NA,FALSE,NA,NA,FALSE,NA,NA,FALSE,NA,NA,FALSE,NA,NA,FALSE,0
"lcROdTm64RGdiEEaBe5","Ispani2.deKlerk.2009","Peat","temperature",41.8623,41.802,"positive",NA,NA,FALSE,NA,NA,FALSE,NA,NA,FALSE,NA,NA,FALSE,NA,NA,FALSE,6
"lcROeNm7yL6Sw0DZrmL","QigaiNuur.Sun.2013","LakeSediment","temperature",72.3989,102.2886,"positive",NA,NA,FALSE,NA,NA,FALSE,NA,NA,FALSE,NA,NA,FALSE,NA,NA,FALSE,3
"lcRogdM8y3sBb4WjIqY","Kralovec.Rybnickova.2005","Peat","temperature",49.1319,18.0278,"positive",NA,NA,FALSE,NA,NA,FALSE,NA,NA,FALSE,NA,NA,FALSE,NA,NA,FALSE,4
"lcROLLP2orfQAh84tjC","MolesChamber.Fyfe.2012","Peat","temperature",51.1394,-3.8328,"positive",NA,NA,FALSE,NA,NA,FALSE,NA,NA,FALSE,NA,NA,FALSE,NA,NA,FALSE,3
"lcROM9ag5qLZPxWgCGB","Fuschlsee.Voigt.1996","LakeSediment","temperature",47.8042,13.2747,"positive",NA,NA,FALSE,NA,NA,FALSE,NA,NA,FALSE,NA,NA,FALSE,NA,NA,FALSE,4
"lcRoqPH2IlEzf1htLPH","Adange.Kvavadze.1989","FluvialSediment","temperature",43.3056,41.3333,"positive",NA,NA,FALSE,NA,NA,FALSE,NA,NA,FALSE,NA,NA,FALSE,NA,NA,FALSE,4
"lcROzCWwV6duormHFFr","Vladar.Pokorny.2006","LakeSediment","temperature",50.0786,13.214,"positive",NA,NA,FALSE,NA,NA,FALSE,NA,NA,FALSE,NA,NA,FALSE,NA,NA,FALSE,3
"lcRpHNk7SXJPgM8auii","NorthFlatLake.Hart.2009","LakeSediment","temperature",53.6115,-106.4952,"positive",NA,NA,FALSE,NA,NA,FALSE,NA,NA,FALSE,NA,NA,FALSE,NA,NA,FALSE,4
"lcRPl3DzcrmuXfMZPdL","ZoigeBasin.Zhao.2011","Peat","temperature",33.45,102.6333,"positive",NA,NA,FALSE,NA,NA,FALSE,NA,NA,FALSE,NA,NA,FALSE,NA,NA,FALSE,6
"lcRqkEOjnIxUivVAVzD","Valdeyernosbog.DoradoValino.2014","Peat","temperature",39.4411,-4.0964,"positive",NA,NA,FALSE,NA,NA,FALSE,NA,NA,FALSE,NA,NA,FALSE,NA,NA,FALSE,7
"lcRQN1HTzRhJbpngy6G","TuskegeePond.Steventon.1983","LakeSediment","temperature",35.5847,-84.2106,"positive",NA,NA,FALSE,NA,NA,FALSE,NA,NA,FALSE,NA,NA,FALSE,NA,NA,FALSE,5
"lcRqN3jJcvhEJoVRlh7","WarePond.Oswald.2018","LakeSediment","temperature",42.4824,-70.8822,"positive",NA,NA,FALSE,NA,NA,FALSE,NA,NA,FALSE,NA,NA,FALSE,NA,NA,FALSE,4
"lcRqrM7YKwWCs0lt4kU","NovoUspenka.Blyakharchuk.1989","Peat","temperature",56.6167,84.1667,"positive",NA,NA,FALSE,NA,NA,FALSE,NA,NA,FALSE,NA,NA,FALSE,NA,NA,FALSE,2
"lcRQuck8KYYo9yxfO1e","Litzelsee.Rosch.2016","LakeSediment","temperature",47.7679,8.9296,"positive",NA,NA,FALSE,NA,NA,FALSE,NA,NA,FALSE,NA,NA,FALSE,NA,NA,FALSE,11
"lcRqXRJps0N46pwFQrW","EinGedi.Litt.2012","MarineSediment","temperature",31.4189,35.3883,"positive",NA,NA,FALSE,NA,NA,FALSE,NA,NA,FALSE,NA,NA,FALSE,NA,NA,FALSE,1
"lcRR05QblzbZTjMF6WG","MaraisdeMazerolles.Ouguerram.2002","Peat","temperature",47.3581,-1.4786,"positive",NA,NA,FALSE,NA,NA,FALSE,NA,NA,FALSE,NA,NA,FALSE,NA,NA,FALSE,6
"lcRRdpJsmxp9JmCSaCc","ChesapeakeBayMD992209.Willard.2005","MarineSediment","temperature",38.8861,-76.3944,"positive",NA,NA,FALSE,NA,NA,FALSE,NA,NA,FALSE,NA,NA,FALSE,NA,NA,FALSE,2
"lcRrNI9WV0Di5YuLM42","ArroyodeValdeconejos.MoralesMolino.2017","Peat","temperature",40.861,-4.061,"positive",NA,NA,FALSE,NA,NA,FALSE,NA,NA,FALSE,NA,NA,FALSE,NA,NA,FALSE,14
"lcRrQd2RCUXvcVkMNt5","Fougeres.CletPellerin.1993","Peat","temperature",48.5167,-0.8333,"positive",NA,NA,FALSE,NA,NA,FALSE,NA,NA,FALSE,NA,NA,FALSE,NA,NA,FALSE,13
"lcRRuckupPnKAAoWdwA","Zhoulao.Gu.2004","LakeSediment","temperature",29.8167,112.8833,"positive",NA,NA,FALSE,NA,NA,FALSE,NA,NA,FALSE,NA,NA,FALSE,NA,NA,FALSE,0
"lcRsEU7CLf3lslRBTkM","Diheen.author.1111","LakeSediment","temperature",52.3695,-8.1707,"positive",NA,NA,FALSE,NA,NA,FALSE,NA,NA,FALSE,NA,NA,FALSE,NA,NA,FALSE,3
"lcRSQeShsWJp2rp4Y0x","LittleMirrorLake.Fuller.1998","LakeSediment","temperature",42.5244,-71.6085,"positive",NA,NA,FALSE,NA,NA,FALSE,NA,NA,FALSE,NA,NA,FALSE,NA,NA,FALSE,6
"lcRsV75FSReTV83pH5Z","Verkhnee.Beer.2008","LakeSediment","temperature",41.3091,72.9576,"positive",NA,NA,FALSE,NA,NA,FALSE,NA,NA,FALSE,NA,NA,FALSE,NA,NA,FALSE,3
"lcRSyfunCjqP6OonP5X","Changeon.Cyprien.2001","FluvialSediment","temperature",47.2761,0.1319,"positive",NA,NA,FALSE,NA,NA,FALSE,NA,NA,FALSE,NA,NA,FALSE,NA,NA,FALSE,3
"lcRsyg1ULpVHuVB884V","SaintMichelenBrenne.McGhee.1975","Other","temperature",46.8094,1.1639,"positive",NA,NA,FALSE,NA,NA,FALSE,NA,NA,FALSE,NA,NA,FALSE,NA,NA,FALSE,7
"lcRtlRevPyBxvGlN5qx","Ortok.Beer.2008","LakeSediment","temperature",41.2456,73.2645,"positive",NA,NA,FALSE,NA,NA,FALSE,NA,NA,FALSE,NA,NA,FALSE,NA,NA,FALSE,3
"lcRtPHhiQRui6RwygUt","FerryLake.Hotchkiss.2007","LakeSediment","temperature",46.013,-92.125,"positive",NA,NA,FALSE,NA,NA,FALSE,NA,NA,FALSE,NA,NA,FALSE,NA,NA,FALSE,2
"lcRTSBwLOnlwQELKa7a","AsiGonia.Atherden.1999","Peat","temperature",35.2489,24.2782,"positive",NA,NA,FALSE,NA,NA,FALSE,NA,NA,FALSE,NA,NA,FALSE,NA,NA,FALSE,10
"lcRUdRAHY0QjyVRsYcm","HicksLake.Hupy.2012","LakeSediment","temperature",44.0228,-85.2833,"positive",NA,NA,FALSE,NA,NA,FALSE,NA,NA,FALSE,NA,NA,FALSE,NA,NA,FALSE,10
"lcRuF0iH5KU9Di3uSg9","AnthonyLake.Long.2019","LakeSediment","temperature",44.9597,-118.2314,"positive",NA,NA,FALSE,NA,NA,FALSE,NA,NA,FALSE,NA,NA,FALSE,NA,NA,FALSE,1
"lcRUhwWhCpalwTTdGYC","DeepFalmouthPond.Oswald.2018","LakeSediment","temperature",41.564,-70.6357,"positive",NA,NA,FALSE,NA,NA,FALSE,NA,NA,FALSE,NA,NA,FALSE,NA,NA,FALSE,9
"lcRVcIOIY0GJtCc1Gac","LakeNuochaga.Andreev.1989","LakeSediment","temperature",61.3006,129.5558,"positive",NA,NA,FALSE,NA,NA,FALSE,NA,NA,FALSE,NA,NA,FALSE,NA,NA,FALSE,1
"lcRVdGR6FmOIjBSD2ML","Culazon.LopezSaez.2013","Peat","temperature",43.2328,-4.4892,"positive",NA,NA,FALSE,NA,NA,FALSE,NA,NA,FALSE,NA,NA,FALSE,NA,NA,FALSE,16
"lcRVJQLGBiFe9Wcy6YY","LilyLake.UmbanhowarJr.2004","LakeSediment","temperature",44.1929,-93.6398,"positive",NA,NA,FALSE,NA,NA,FALSE,NA,NA,FALSE,NA,NA,FALSE,NA,NA,FALSE,5
"lcRvtxdbMZhFE0pJ5n2","OgacLake.Doner.2001","LakeSediment","temperature",62.8455,-67.3415,"positive",NA,NA,FALSE,NA,NA,FALSE,NA,NA,FALSE,NA,NA,FALSE,NA,NA,FALSE,2
"lcRVuWMASPSGYjP9VI6","LAnseauxMeadowsSite.Davis.1988","Peat","temperature",51.5733,-55.55,"positive",NA,NA,FALSE,NA,NA,FALSE,NA,NA,FALSE,NA,NA,FALSE,NA,NA,FALSE,3
"lcRw0weQe8R8dzoxBIk","ChesapeakeBayPotomacRiver.Willard.2003","FluvialSediment","temperature",38.0269,-76.22,"positive",NA,NA,FALSE,NA,NA,FALSE,NA,NA,FALSE,NA,NA,FALSE,NA,NA,FALSE,6
"lcRw5ZUlPjjR3IUL4EP","LakeBillyakh.Muller.2009","LakeSediment","temperature",65.2891,126.7699,"positive",NA,NA,FALSE,NA,NA,FALSE,NA,NA,FALSE,NA,NA,FALSE,NA,NA,FALSE,0
"lcRWDTAG0myQBlebbV1","LagodiVenere.Calo.2013","LakeSediment","temperature",36.8169,11.987,"positive",NA,NA,FALSE,NA,NA,FALSE,NA,NA,FALSE,NA,NA,FALSE,NA,NA,FALSE,8
"lcRWeU9Rn0RJk30YG48","Kirkkosaari.Rankama.1988","Peat","temperature",60.8577,24.4906,"positive",NA,NA,FALSE,NA,NA,FALSE,NA,NA,FALSE,NA,NA,FALSE,NA,NA,FALSE,7
"lcRwmahVM5ioB7mNypO","FreshPond.Parshall.2002","LakeSediment","temperature",41.5941,-70.5328,"positive",NA,NA,FALSE,NA,NA,FALSE,NA,NA,FALSE,NA,NA,FALSE,NA,NA,FALSE,9
"lcRx4dCnUq2nkmqYouZ","Iaz.Grindean.2014","Peat","temperature",47.1083,22.6611,"positive",NA,NA,FALSE,NA,NA,FALSE,NA,NA,FALSE,NA,NA,FALSE,NA,NA,FALSE,4
"lcRx68DE4Npgy8udK5h","UpperSquawLake.Colombaroli.2010","LakeSediment","temperature",42.0321,-123.0149,"positive",NA,NA,FALSE,NA,NA,FALSE,NA,NA,FALSE,NA,NA,FALSE,NA,NA,FALSE,7
"lcRxOXDdmxmf6XSYetM","CenoteSanJoseChulchaca.Leyden.1996","LakeSediment","temperature",20.8667,-90.1333,"positive",NA,NA,FALSE,NA,NA,FALSE,NA,NA,FALSE,NA,NA,FALSE,NA,NA,FALSE,5
"lcRXq2SGj4V3APUczE0","OverGunnarsfjorden.Allen.2007","LakeSediment","temperature",71.0381,28.1691,"positive",NA,NA,FALSE,NA,NA,FALSE,NA,NA,FALSE,NA,NA,FALSE,NA,NA,FALSE,4
"lcRxsUYqaSobvgNrGNK","WawonaMeadow.Anderson.2013","Peat","temperature",37.5286,-119.6454,"positive",NA,NA,FALSE,NA,NA,FALSE,NA,NA,FALSE,NA,NA,FALSE,NA,NA,FALSE,6
"lcRY7Hz1GgA2UqzJFC3","MudCreekSite1.Willard.1997","Peat","temperature",25.2197,-80.6047,"positive",NA,NA,FALSE,NA,NA,FALSE,NA,NA,FALSE,NA,NA,FALSE,NA,NA,FALSE,10
"lcRYLwdGqJTHgAsTb10","LagunaBiajaca.CastillaBeltran.2018","FluvialSediment","temperature",19.5909,-71.0865,"positive",NA,NA,FALSE,NA,NA,FALSE,NA,NA,FALSE,NA,NA,FALSE,NA,NA,FALSE,5
"lcRyNX3hmIhWMIf8YOj","PiermontMarsh.Pederson.2005","Peat","temperature",41.0276,-73.9084,"positive",NA,NA,FALSE,NA,NA,FALSE,NA,NA,FALSE,NA,NA,FALSE,NA,NA,FALSE,11
"lcRyOpcW4lpGwzug6cx","ChesapeakeBayPTMC32.Willard.2005","MarineSediment","temperature",38.0267,-76.2197,"positive",NA,NA,FALSE,NA,NA,FALSE,NA,NA,FALSE,NA,NA,FALSE,NA,NA,FALSE,10
"lcRyRxuYzfSg1Gfp2xf","MaksimkinYar.Blyakharchuk.1980","Peat","temperature",58.6952,86.7855,"positive",NA,NA,FALSE,NA,NA,FALSE,NA,NA,FALSE,NA,NA,FALSE,NA,NA,FALSE,1
"lcRySC9kE0LDMTd99yQ","GrandMez.McGhee.1975","LakeSediment","temperature",46.7461,1.4425,"positive",NA,NA,FALSE,NA,NA,FALSE,NA,NA,FALSE,NA,NA,FALSE,NA,NA,FALSE,2
"lcRZ2olGsAHiQB8MqFK","SonnenbergerMoor.Willutzki.1962","Peat","temperature",51.7663,10.5135,"positive",NA,NA,FALSE,NA,NA,FALSE,NA,NA,FALSE,NA,NA,FALSE,NA,NA,FALSE,2
"lcRzaeEZdZMOeoSEay5","OumiExposure.Anderson.2002","Peat","temperature",48.2167,138.4,"positive",NA,NA,FALSE,NA,NA,FALSE,NA,NA,FALSE,NA,NA,FALSE,NA,NA,FALSE,0
"lcRzEH0LIHAml6iSe09","KettleLake.Brown.2005","LakeSediment","temperature",48.6071,-103.624,"positive",NA,NA,FALSE,NA,NA,FALSE,NA,NA,FALSE,NA,NA,FALSE,NA,NA,FALSE,12
"lcRzmMMVCrMmfboidQf","Loddigsee.Jahns.2007","LakeSediment","temperature",53.4333,11.85,"positive",NA,NA,FALSE,NA,NA,FALSE,NA,NA,FALSE,NA,NA,FALSE,NA,NA,FALSE,8
"LPD016ef221_iso2k","MS07JRGM","MarineSediment","temperature",27.2,-91.42,"positive",NA,NA,FALSE,NA,NA,FALSE,NA,NA,FALSE,NA,NA,FALSE,NA,NA,FALSE,9
"LPD07ea24cb","BighornBasin.Shuman.2012","LakeSediment","temperature",44.285,-108.635,"positive",NA,NA,FALSE,NA,NA,FALSE,NA,NA,FALSE,NA,NA,FALSE,NA,NA,FALSE,3
"LPD0e0867fe","Ocn-AlboranSea436B.Nieto-Moreno.2013","MarineSediment","temperature",36.2053,-4.3133,"positive",NA,NA,FALSE,NA,NA,FALSE,NA,NA,FALSE,NA,NA,FALSE,NA,NA,FALSE,10
"LPD0fe90f66","JPC76.Friddell.2002","MarineSediment","d18O",34.27,-120.07,"negative",NA,NA,FALSE,NA,NA,FALSE,NA,NA,FALSE,NA,NA,FALSE,NA,NA,FALSE,0
"LPD10e9f8f7","Ocn-MinorcaContourite.Moreno.2012","MarineSediment","temperature",40.5,4.03,"positive",NA,NA,FALSE,NA,NA,FALSE,NA,NA,FALSE,NA,NA,FALSE,NA,NA,FALSE,9
"LPD13a78f9b","Ocn-EasternTropicalNorthAtlantic.Kuhnert.2011","MarineSediment","temperature",16.8402,-16.7327,"positive",0.0614339415951101,0.687014873937748,FALSE,0.0614339415951101,0.687014873937748,FALSE,0.0614339415951101,0.822989864136863,FALSE,-0.0721983575962417,0.629614924222765,FALSE,-0.0721983575962417,0.773423323421438,FALSE,47
"LPD13ec3942","P178-15P.Tierney.2015","MarineSediment","temperature",11.955,44.3,"positive",NA,NA,FALSE,NA,NA,FALSE,NA,NA,FALSE,NA,NA,FALSE,NA,NA,FALSE,2
"LPD1a0245b7","Ocn-Philippines.Stott.2007","MarineSediment","temperature",6.3,125.82,"positive",NA,NA,FALSE,NA,NA,FALSE,NA,NA,FALSE,NA,NA,FALSE,NA,NA,FALSE,8
"LPD24dd89b2","Ocn-ImperieuseRowleyShoals.Cooper.2012","Coral","composite",-17.5167,118.9667,"positive",-0.14445140059851,0.149522733596443,FALSE,-0.14445140059851,0.149522733596443,FALSE,-0.14445140059851,0.316124458738508,FALSE,-0.0807458334422328,0.422150086185615,FALSE,-0.0807458334422328,0.619719927584509,FALSE,101
"LPD257214a7accr","IC00SC29","GlacierIce","accumulation",76.0039,-43.492,"positive",-0.561388261107919,0.00050479295288247,FALSE,-0.561388261107919,0.00050479295288247,FALSE,-0.561388261107919,0.0038460415457712,FALSE,-0.357748635164482,0.0114002461831916,FALSE,-0.357748635164482,0.0551343630043629,FALSE,144
"LPD28794972dp_SST_from_d18O2","893A.Kennet.2007","MarineSediment","temperature",34.2875,-120.036,"positive",NA,NA,FALSE,NA,NA,FALSE,NA,NA,FALSE,NA,NA,FALSE,NA,NA,FALSE,4
"LPD2a3997a7","Ocn-WesternAntarcticPeninsula.Shevenell.2011","MarineSediment","temperature",-64.87,-64.2,"positive",NA,NA,FALSE,NA,NA,FALSE,NA,NA,FALSE,NA,NA,FALSE,NA,NA,FALSE,1
"LPD30c5b95c","Ocn-MD98-2177.Newton.2010","MarineSediment","temperature",1.4033,119.078,"positive",NA,NA,FALSE,NA,NA,FALSE,NA,NA,FALSE,NA,NA,FALSE,NA,NA,FALSE,4
"LPD3100fe0a","Ocn-CoralBayNingaloo.Cooper.2012","Coral","composite",-23.0333,113.8167,"positive",0.157046155703938,0.164095715690281,FALSE,0.157046155703938,0.164095715690281,FALSE,0.157046155703938,0.336085413723118,FALSE,0.0570980122826277,0.588174064676503,FALSE,0.0570980122826277,0.735217580845628,FALSE,101
"LPD315357f3","GISP2.Kobashi.2017","GlacierIce","temperature",72.6,-38.5,"positive",0.620077695805984,9.89517636975133e-05,TRUE,0.620077695805984,9.89517636975133e-05,TRUE,0.620077695805984,0.00121786786089247,TRUE,0.479101548531002,0.000643344574080057,TRUE,0.479101548531002,0.00562110267399219,TRUE,144
"LPD335d863f","Aus-DuckholeLake.Saunders.2013","LakeSediment","RABD660670",-43.3646,146.8749,"negative",-0.00733109382924222,0.963057689191743,FALSE,-0.00733109382924222,0.963057689191743,FALSE,-0.00733109382924222,0.98302539247642,FALSE,0.209010366865725,0.129420143420324,FALSE,0.209010366865725,0.310133953110055,FALSE,129
"LPD33b45b88","Chatsworth.Shuman.2016","Peat","temperature",40.68,-88.34,"positive",NA,NA,FALSE,NA,NA,FALSE,NA,NA,FALSE,NA,NA,FALSE,NA,NA,FALSE,0
"LPD378db911","Ocn-HoutmanAbrolhosIslands.Cooper.2012","Coral","composite",-28.4667,113.7667,"positive",0.273389595821258,0.00730303180585066,TRUE,0.273389595821258,0.00730303180585066,TRUE,0.273389595821258,0.0303502620502884,TRUE,0.0619626843413858,0.538186247263929,FALSE,0.0619626843413858,0.7087226301418,FALSE,101
"LPD3eabac7b1","IC16WE22","GlacierIce","accumulation",79.3414,-45.9116,"positive",-0.562840577465967,0.000478986752314707,FALSE,-0.562840577465967,0.000478986752314707,FALSE,-0.562840577465967,0.00378458668495571,FALSE,-0.335793205096826,0.0163605371427222,FALSE,-0.335793205096826,0.0723026087943822,FALSE,141
"LPD44b374e7","Ocn-SouthChinaSea.Zhao.2006","MarineSediment","temperature",8.73,109.869,"positive",NA,NA,FALSE,NA,NA,FALSE,NA,NA,FALSE,NA,NA,FALSE,NA,NA,FALSE,0
"LPD47182517","Ocn-FeniDrift.Richter.2009","MarineSediment","temperature",55.5,-13.9,"positive",NA,NA,FALSE,NA,NA,FALSE,NA,NA,FALSE,NA,NA,FALSE,NA,NA,FALSE,11
"LPD4c60df181","IC16WE19","GlacierIce","accumulation",78.0006,-36.3978,"positive",-0.601377261720188,0.0176732431742498,FALSE,-0.601377261720188,0.0176732431742498,FALSE,-0.601377261720188,0.0613163302926428,FALSE,-0.199630248284394,0.342980778132598,FALSE,-0.199630248284394,0.546046828610159,FALSE,104
"LPD53e179ad","Afr-P178-15P.Tierney.2015","MarineSediment","temperature",11.955,44.3,"positive",NA,NA,FALSE,NA,NA,FALSE,NA,NA,FALSE,NA,NA,FALSE,NA,NA,FALSE,14
"LPD55779927accr","IC16WE27","GlacierIce","accumulation",76.6594,-46.4837,"positive",-0.567250583794307,0.000385108073335791,FALSE,-0.567250583794307,0.000385108073335791,FALSE,-0.567250583794307,0.0032008982718819,FALSE,-0.343663804585519,0.013518509274365,FALSE,-0.343663804585519,0.063152160113822,FALSE,142
"LPD572f7cc3","Ocn-PigmyBasin.Richey.2015","MarineSediment","temperature",27.2,-91.42,"positive",NA,NA,FALSE,NA,NA,FALSE,NA,NA,FALSE,NA,NA,FALSE,NA,NA,FALSE,5
"LPD57d40973","Ocn-FiskBasin.Richey.2009","MarineSediment","temperature",27.55,-93.93,"positive",NA,NA,FALSE,NA,NA,FALSE,NA,NA,FALSE,NA,NA,FALSE,NA,NA,FALSE,6
"LPD6315f935","Ocn-JacafFjord.Sepulveda.2009","MarineSediment","temperature",-44.33,-72.97,"positive",NA,NA,FALSE,NA,NA,FALSE,NA,NA,FALSE,NA,NA,FALSE,NA,NA,FALSE,0
"LPD66bfd9f9accr","IC16WE23","GlacierIce","accumulation",78,-44,"positive",-0.544998032238505,0.000828279522969446,FALSE,-0.544998032238505,0.000828279522969446,FALSE,-0.544998032238505,0.00569998811505855,FALSE,-0.323953680816754,0.0226552042503355,FALSE,-0.323953680816754,0.0911907592466335,FALSE,143
"LPD68872399","Ocn-EmeraldBasin.Keigwin.2007","MarineSediment","temperature",43.53,-62.48,"positive",NA,NA,FALSE,NA,NA,FALSE,NA,NA,FALSE,NA,NA,FALSE,NA,NA,FALSE,1
"LPD6e4ccc39","DevilsLake.Shuman.2016","LakeSediment","temperature",43.42,-89.73,"positive",NA,NA,FALSE,NA,NA,FALSE,NA,NA,FALSE,NA,NA,FALSE,NA,NA,FALSE,2
"LPD6e872195","MD99-2256.Jennings.2015","MarineSediment","temperature",64.3032,-24.2067,"positive",NA,NA,FALSE,NA,NA,FALSE,NA,NA,FALSE,NA,NA,FALSE,NA,NA,FALSE,0
"LPD716b88d0_iso2k","MS07SWGG","MarineSediment","temperature",2.5,9.38,"positive",NA,NA,FALSE,NA,NA,FALSE,NA,NA,FALSE,NA,NA,FALSE,NA,NA,FALSE,4
"LPD779b21dc","BloodPond.Marsicek.2013","LakeSediment","temperature",42.08,-71.96,"positive",NA,NA,FALSE,NA,NA,FALSE,NA,NA,FALSE,NA,NA,FALSE,NA,NA,FALSE,3
"LPD78d0b77c","GISP2.Kobashi.2012","GlacierIce","temperature",70.6,-38.5,"positive",0.57277908904881,0.00040106414565082,TRUE,0.57277908904881,0.00040106414565082,TRUE,0.57277908904881,0.00329078273354519,TRUE,0.417616650036221,0.00330354966036661,TRUE,0.417616650036221,0.0210216041578025,TRUE,144
"LPD7abab671","Ant-DSS.DahlJensen.1999","Borehole","temperature",-66.77,112.807,"positive",NA,NA,FALSE,NA,NA,FALSE,NA,NA,FALSE,NA,NA,FALSE,NA,NA,FALSE,4
"LPD7abab671-dup","LawDome.Dahl-Jensen.1999","GlacierIce","temperature",-66.7697,112.8069,"positive",NA,NA,FALSE,NA,NA,FALSE,NA,NA,FALSE,NA,NA,FALSE,NA,NA,FALSE,4
"LPD7c7e19c5","Ocn-GreatBahamaBank.Lund.2006","MarineSediment","temperature",24.765,-79.29,"positive",NA,NA,FALSE,NA,NA,FALSE,NA,NA,FALSE,NA,NA,FALSE,NA,NA,FALSE,2
"LPD7de8d7c5","GeoB12610-2.Rippert.2015","MarineSediment","temperature",-4.8167,39.4237,"positive",NA,NA,FALSE,NA,NA,FALSE,NA,NA,FALSE,NA,NA,FALSE,NA,NA,FALSE,0
"LPD7e8e8eaa","Ocn-MD98-2160.Newton.2010","MarineSediment","temperature",-5.2012,117.4867,"positive",NA,NA,FALSE,NA,NA,FALSE,NA,NA,FALSE,NA,NA,FALSE,NA,NA,FALSE,0
"LPD81e53153","Afr-P178-15P.Tierney.2015","MarineSediment","temperature",11.955,44.3,"positive",NA,NA,FALSE,NA,NA,FALSE,NA,NA,FALSE,NA,NA,FALSE,NA,NA,FALSE,22
"LPD84ab67b9","Ocn-CapeGhir.McGregor.2007","MarineSediment","temperature",30.845,-10.0983,"positive",-0.450208406508423,0.0398074965156988,FALSE,-0.450208406508423,0.0398074965156988,FALSE,-0.450208406508423,0.114245729910526,FALSE,-0.307129288460871,0.0600214247918045,FALSE,-0.307129288460871,0.180346065102136,FALSE,52
"LPD8bd4e07e","Ocn-TantabiddiReefNingaloo.Cooper.2012","Coral","composite",-21.9,113.9667,"positive",-0.0455226263352864,0.660775290557801,FALSE,-0.0455226263352864,0.660775290557801,FALSE,-0.0455226263352864,0.804832234604455,FALSE,0.032543717800326,0.749044967579651,FALSE,0.032543717800326,0.853864670092518,FALSE,101
"LPD8d84bf64","GreatBasin.Salzer.2014","Wood","temperature",38,-116.5,"positive",0.129461583346778,0.230429865961089,FALSE,0.129461583346778,0.230429865961089,FALSE,0.129461583346778,0.422534944596238,FALSE,0.0916502920072944,0.390215480441684,FALSE,0.0916502920072944,0.596033192082764,FALSE,151
"LPD94e74028cc","Leviathan.Lachniet.2014","Speleothem","d18O",37.89,-115.58,"positive",-0.0903749732852471,0.672565595071718,FALSE,-0.0903749732852471,0.672565595071718,FALSE,-0.0903749732852471,0.81215468084132,FALSE,-0.106877602776427,0.616264474439439,FALSE,-0.106877602776427,0.759216253246446,FALSE,31
"LPD995c6f3c","Ocn-WestSpitzberg.Bonnet.2010","MarineSediment","temperature",78.96,5.885,"positive",NA,NA,FALSE,NA,NA,FALSE,NA,NA,FALSE,NA,NA,FALSE,NA,NA,FALSE,6
"LPD9bb7b0312","HighLake.Shuman.2016","LakeSediment","temperature",44.52,-76.6,"positive",NA,NA,FALSE,NA,NA,FALSE,NA,NA,FALSE,NA,NA,FALSE,NA,NA,FALSE,3
"LPD9cc3baf6","Turkana.Berke.2012","LakeSediment","temperature",2.7125,36.537,"positive",NA,NA,FALSE,NA,NA,FALSE,NA,NA,FALSE,NA,NA,FALSE,NA,NA,FALSE,0
"LPD9cc3baf6-dup","Ocn-GulfofGuinea.Weldeab.2007","MarineSediment","temperature",2.5,9.38,"positive",NA,NA,FALSE,NA,NA,FALSE,NA,NA,FALSE,NA,NA,FALSE,NA,NA,FALSE,0
"LPDa03ec713","Ocn-CH07-98-MC-22.Saenger.2011","MarineSediment","temperature",32.784,-76.276,"positive",NA,NA,FALSE,NA,NA,FALSE,NA,NA,FALSE,NA,NA,FALSE,NA,NA,FALSE,1
"LPDa0c5bf8a","MSM055_712-2.Werner.2015","MarineSediment","temperature",78.9157,6.7672,"positive",NA,NA,FALSE,NA,NA,FALSE,NA,NA,FALSE,NA,NA,FALSE,NA,NA,FALSE,0
"LPDa2107e77","Ocn-KNR140‐2‐59GGC.Saenger.2011","MarineSediment","temperature",32.977,-76.316,"positive",NA,NA,FALSE,NA,NA,FALSE,NA,NA,FALSE,NA,NA,FALSE,NA,NA,FALSE,1
"LPDa4fe7b7faccr","IC16WE30","GlacierIce","accumulation",75.0016,-42.0004,"positive",-0.561184018994152,0.00107311485757171,FALSE,-0.561184018994152,0.00107311485757171,FALSE,-0.561184018994152,0.00681967892684365,FALSE,-0.328187348845465,0.0279602404719092,FALSE,-0.328187348845465,0.107284176343261,FALSE,138
"LPDa77273bb","Ocn-SouthAtlanticWestAfrica.Leduc.2010","MarineSediment","temperature",-29.14,16.72,"positive",NA,NA,FALSE,NA,NA,FALSE,NA,NA,FALSE,NA,NA,FALSE,NA,NA,FALSE,5
"LPDaa786707","Ocn-BundegireefNingaloo.Cooper.2012","Coral","composite",-21.8333,114.1833,"positive",-0.0621550779137636,0.59105022590287,FALSE,-0.0621550779137636,0.59105022590287,FALSE,-0.0621550779137636,0.758060409975625,FALSE,0.087308480656002,0.409898328153647,FALSE,0.087308480656002,0.61150333337607,FALSE,101
"LPDaf84af37","Deep.Shuman.2016","LakeSediment","temperature",41.74,-69.99,"positive",NA,NA,FALSE,NA,NA,FALSE,NA,NA,FALSE,NA,NA,FALSE,NA,NA,FALSE,3
"LPDasan2012","Ocn-AlboranSea384B.Nieto-Moreno.2013","MarineSediment","temperature",35.986,-4.7496,"positive",NA,NA,FALSE,NA,NA,FALSE,NA,NA,FALSE,NA,NA,FALSE,NA,NA,FALSE,10
"LPDb17a5e9e","GreatBasin.Salzer.2014","Wood","uncertaintyLow",38,-116.5,NA,0.129284427013562,0.231073797826068,FALSE,0.129284427013562,0.231073797826068,FALSE,0.129284427013562,0.422534944596238,FALSE,0.091133445868174,0.392905178578382,FALSE,0.091133445868174,0.597106568265078,FALSE,151
"LPDb17a5e9e-dup","Ocn-RAPiD-12-1K.Thornalley.2009","MarineSediment","temperature",62.08,-17.82,"positive",NA,NA,FALSE,NA,NA,FALSE,NA,NA,FALSE,NA,NA,FALSE,NA,NA,FALSE,0
"LPDb676e71d","KaiteCobreMayor.MartinChivelet.2011","Speleothem","temperature",42.7918,-3.8496,"positive",0.336929412837562,0.0178200584912993,TRUE,0.336929412837562,0.0178200584912993,TRUE,0.336929412837562,0.0613163302926428,TRUE,0.113960826092921,0.394076545761211,FALSE,0.113960826092921,0.597106568265078,FALSE,59
"LPDb7290ea4_iso2k","MS09TRFD","MarineSediment","temperature",55.5,-13.9,"positive",NA,NA,FALSE,NA,NA,FALSE,NA,NA,FALSE,NA,NA,FALSE,NA,NA,FALSE,11
"LPDb7ba9166","Ocn-TagusMudPatch.Abrantes.2005","MarineSediment","temperature",38.556,-9.3498,"positive",-0.0596173121099236,0.702672742277747,FALSE,-0.0596173121099236,0.702672742277747,FALSE,-0.0596173121099236,0.829724271324277,FALSE,-0.0942654858876898,0.503995328790201,FALSE,-0.0942654858876898,0.689224381251557,FALSE,68
"LPDb9285123","Ant-WAIS-Divide.Severinghaus.2012","Borehole","temperature",-79.463,-112.125,"positive",0.461662209926361,0.178110168928992,FALSE,0.461662209926361,0.178110168928992,FALSE,0.461662209926361,0.355496175310639,FALSE,-0.0708164166764001,0.726686599661607,FALSE,-0.0708164166764001,0.844249905343395,FALSE,29
"LPDbd07f717","Ocn-ODP984.Came.2007","MarineSediment","temperature",61.43,-24.085,"positive",NA,NA,FALSE,NA,NA,FALSE,NA,NA,FALSE,NA,NA,FALSE,NA,NA,FALSE,0
"LPDc9f78438dp","Core17940","MarineSediment","temperature",20.1,117.4,"positive",NA,NA,FALSE,NA,NA,FALSE,NA,NA,FALSE,NA,NA,FALSE,NA,NA,FALSE,1
"LPDcda1c277","Ocn-CariacoBasin.Lea.2003","MarineSediment","temperature",10.7,-64.94,"positive",NA,NA,FALSE,NA,NA,FALSE,NA,NA,FALSE,NA,NA,FALSE,NA,NA,FALSE,0
"LPDce0e7640","P178-15P.Tierney.2015","MarineSediment","temperature",11.955,44.3,"positive",NA,NA,FALSE,NA,NA,FALSE,NA,NA,FALSE,NA,NA,FALSE,NA,NA,FALSE,2
"LPDd23545f9","TTR-12_293G.Rodrigo-Gamiz.2014","MarineSediment","temperature",36.1736,-2.7547,"positive",NA,NA,FALSE,NA,NA,FALSE,NA,NA,FALSE,NA,NA,FALSE,NA,NA,FALSE,1
"LPDd2a984fe","AMP112.vanderBilt.2016","LakeSediment","temperature",79.77,10.74,"positive",NA,NA,FALSE,NA,NA,FALSE,NA,NA,FALSE,NA,NA,FALSE,NA,NA,FALSE,0
"LPDd2e3a924","TTR-12_293G.Rodrigo-Gamiz.2014","MarineSediment","temperature",36.1736,-2.7547,"positive",NA,NA,FALSE,NA,NA,FALSE,NA,NA,FALSE,NA,NA,FALSE,NA,NA,FALSE,1
"LPDdc74a376","Asi-SihailongwaLake.Chu.2011","LakeSediment","temperature",42.17,126.36,"positive",NA,NA,FALSE,NA,NA,FALSE,NA,NA,FALSE,NA,NA,FALSE,NA,NA,FALSE,15
"LPDe1fb72db-dup","Ocn-ClerkeReefRowleyShoals.Cooper.2012","Coral","composite",-17.2667,119.3667,"positive",0.152866411648051,0.126972377584371,FALSE,0.152866411648051,0.126972377584371,FALSE,0.152866411648051,0.28216083907638,FALSE,0.141485250092387,0.158150064442176,FALSE,0.141485250092387,0.350228516411739,FALSE,101
"LPDe1fb72db-dup_lev","Leviathan.Lachniet.2014","Speleothem","d18O",37.89,-115.58,"positive",NA,NA,FALSE,NA,NA,FALSE,NA,NA,FALSE,NA,NA,FALSE,NA,NA,FALSE,3
"LPDe51d17e8","Ocn-CariacoBasin.Black.2007","MarineSediment","temperature",10.77,-64.77,"positive",0.329874235899079,0.00575942870322956,TRUE,0.329874235899079,0.00575942870322956,TRUE,0.329874235899079,0.0247384857051471,TRUE,0.266368287659352,0.0177622907608104,TRUE,0.266368287659352,0.075785773912791,TRUE,110
"LPDefb3d2b0","Ocn-GreatBahamaBank.Richter.2006","MarineSediment","temperature",24.58,-79.26,"positive",NA,NA,FALSE,NA,NA,FALSE,NA,NA,FALSE,NA,NA,FALSE,NA,NA,FALSE,5
"LPDf7bace53","Ocn-DryTortugas.Lund.2006","MarineSediment","temperature",24.59,-83.58,"positive",NA,NA,FALSE,NA,NA,FALSE,NA,NA,FALSE,NA,NA,FALSE,NA,NA,FALSE,1
"LS00WODE","LS00WODE","LakeSediment","d18O",69.23,86.57,"positive",NA,NA,FALSE,NA,NA,FALSE,NA,NA,FALSE,NA,NA,FALSE,NA,NA,FALSE,1
"LS96VOAM01","Ammersee.vonGrafenstein.1996","LakeSediment","d18O",48,11.1167,"positive",0.377988671129694,0.0458474513292363,TRUE,0.377988671129694,0.0458474513292363,TRUE,0.377988671129694,0.1280128914353,FALSE,0.212559711135238,0.223382926158518,FALSE,0.212559711135238,0.439892531512159,FALSE,37
"LS96VOAM01_iso2k","LS96VOAM","LakeSediment","d18O",47.1,11.0166,"positive",0.377988671129694,0.0458474513292363,TRUE,0.377988671129694,0.0458474513292363,TRUE,0.377988671129694,0.1280128914353,FALSE,0.212559711135238,0.223382926158518,FALSE,0.212559711135238,0.439892531512159,FALSE,37
"M2L2322dg93P","Cranberry.McAndrews.NA","LakeSediment","temperature",44.1,-78.1,"positive",NA,NA,FALSE,NA,NA,FALSE,NA,NA,FALSE,NA,NA,FALSE,NA,NA,FALSE,4
"M2L7p5fn09cP","Moon.Grimm.1996","LakeSediment","temperature",46.86,-98.16,"positive",NA,NA,FALSE,NA,NA,FALSE,NA,NA,FALSE,NA,NA,FALSE,NA,NA,FALSE,11
"M2La3lgwa79P","ClearLakeIN.Bailey.1972","LakeSediment","temperature",41.64,-86.54,"positive",NA,NA,FALSE,NA,NA,FALSE,NA,NA,FALSE,NA,NA,FALSE,NA,NA,FALSE,5
"M2LbakiygplP","Moon.Grimm.1996","LakeSediment","temperature",46.86,-98.16,"positive",NA,NA,FALSE,NA,NA,FALSE,NA,NA,FALSE,NA,NA,FALSE,NA,NA,FALSE,11
"M2Leb83o3ngP","DevonIslandGlacier.McAndrews.1984","LakeSediment","temperature",75.35,-82.5,"positive",NA,NA,FALSE,NA,NA,FALSE,NA,NA,FALSE,NA,NA,FALSE,NA,NA,FALSE,3
"M2Lgb6c2jm2P","BeefPasture.Petersen.1985","LakeSediment","temperature",37.47,-108.16,"positive",NA,NA,FALSE,NA,NA,FALSE,NA,NA,FALSE,NA,NA,FALSE,NA,NA,FALSE,6
"M2Lmj0qhtsrP","Billys.Jacobson.1975","LakeSediment","temperature",46.27,-94.55,"positive",NA,NA,FALSE,NA,NA,FALSE,NA,NA,FALSE,NA,NA,FALSE,NA,NA,FALSE,4
"M2Ln0os2orwP","DevonIslandGlacier.McAndrews.1984","LakeSediment","temperature",75.35,-82.5,"positive",NA,NA,FALSE,NA,NA,FALSE,NA,NA,FALSE,NA,NA,FALSE,NA,NA,FALSE,3
"M2Loy7jz53zP","Cranberry.McAndrews.NA","LakeSediment","temperature",44.1,-78.1,"positive",NA,NA,FALSE,NA,NA,FALSE,NA,NA,FALSE,NA,NA,FALSE,NA,NA,FALSE,4
"M2Loyk9yzdgP","BeefPasture.Petersen.1985","LakeSediment","temperature",37.47,-108.16,"positive",NA,NA,FALSE,NA,NA,FALSE,NA,NA,FALSE,NA,NA,FALSE,NA,NA,FALSE,6
"M2Lp7ovi4zuP","DevonIslandGlacier.McAndrews.1984","LakeSediment","temperature",75.35,-82.5,"positive",NA,NA,FALSE,NA,NA,FALSE,NA,NA,FALSE,NA,NA,FALSE,NA,NA,FALSE,3
"M2Lqditl4qyP","Billys.Jacobson.1975","LakeSediment","temperature",46.27,-94.55,"positive",NA,NA,FALSE,NA,NA,FALSE,NA,NA,FALSE,NA,NA,FALSE,NA,NA,FALSE,4
"M2Lr1vurcfcP","ClearLakeIN.Bailey.1972","LakeSediment","temperature",41.64,-86.54,"positive",NA,NA,FALSE,NA,NA,FALSE,NA,NA,FALSE,NA,NA,FALSE,NA,NA,FALSE,5
"M2Lrb7axgd8P","BeefPasture.Petersen.1985","LakeSediment","temperature",37.47,-108.16,"positive",NA,NA,FALSE,NA,NA,FALSE,NA,NA,FALSE,NA,NA,FALSE,NA,NA,FALSE,6
"M2Lsn8ueflfP","Billys.Jacobson.1975","LakeSediment","temperature",46.27,-94.55,"positive",NA,NA,FALSE,NA,NA,FALSE,NA,NA,FALSE,NA,NA,FALSE,NA,NA,FALSE,4
"M2Lsys9r95jP","Moon.Grimm.1996","LakeSediment","temperature",46.86,-98.16,"positive",NA,NA,FALSE,NA,NA,FALSE,NA,NA,FALSE,NA,NA,FALSE,NA,NA,FALSE,11
"M2Ltp1i0aflP","Cranberry.McAndrews.NA","LakeSediment","temperature",44.1,-78.1,"positive",NA,NA,FALSE,NA,NA,FALSE,NA,NA,FALSE,NA,NA,FALSE,NA,NA,FALSE,4
"M2Lypiizu4hP","ClearLakeIN.Bailey.1972","LakeSediment","temperature",41.64,-86.54,"positive",NA,NA,FALSE,NA,NA,FALSE,NA,NA,FALSE,NA,NA,FALSE,NA,NA,FALSE,5
"Malawi05","Afr-LakeMalawi.Powers.2011","LakeSediment","temperature",-10.0033,34.2883,"positive",NA,NA,FALSE,NA,NA,FALSE,NA,NA,FALSE,NA,NA,FALSE,NA,NA,FALSE,9
"MS14CCBC02","MS15VIBC","MarineSediment","d18O",-32.5052,-50.2427,"positive",NA,NA,FALSE,NA,NA,FALSE,NA,NA,FALSE,NA,NA,FALSE,NA,NA,FALSE,7
"NAm_004","NAm-CarltonRidge.Kipfmuller.2008","Wood","trsgi",46.7,-114.2,"positive",0.0759235053206281,0.408258960049254,FALSE,0.0759235053206281,0.408258960049254,FALSE,0.0759235053206281,0.620631198174638,FALSE,0.0563299391741732,0.534290990549371,FALSE,0.0563299391741732,0.7087226301418,FALSE,146
"NAm_016","NAm-FremontGlacier.Hill.0","Wood","trsgi",43,-109.6,"positive",0.351829767076464,0.000221505496813948,TRUE,0.351829767076464,0.000221505496813948,TRUE,0.351829767076464,0.00225021457080836,TRUE,0.274651064708026,0.00246678141660838,TRUE,0.274651064708026,0.0169757000712835,TRUE,151
"NAm_028","NAm-GreatBasin.Salzer.2013","Wood","trsgi",37,-116.5,"positive",0.100676668325806,0.287166713378526,FALSE,0.100676668325806,0.287166713378526,FALSE,0.100676668325806,0.485061822882236,FALSE,0.038588146384699,0.645083461909688,FALSE,0.038588146384699,0.783403065696775,FALSE,151
"NAm_040","NAm-SanFrancisoPeaksUpdate.Graybill.2005","Wood","trsgi",35.3,-111.4,"positive",0.238533847728362,0.0117076477736121,TRUE,0.238533847728362,0.0117076477736121,TRUE,0.238533847728362,0.0440758504418339,TRUE,0.167183669045951,0.0668497428470347,FALSE,0.167183669045951,0.193517155373066,FALSE,151
"NAm_052","NAm-SiberianOutpostView.Bunn.2010","Wood","trsgi",36.5,-118.3,"positive",-0.018372719088615,0.840042031275779,FALSE,-0.018372719088615,0.840042031275779,FALSE,-0.018372719088615,0.924778293510973,FALSE,-0.0373586065024593,0.67882460406776,FALSE,-0.0373586065024593,0.810536840677923,FALSE,151
"NAm_064","NAm-HerringAlpine.Fritts.1995","Wood","trsgi",60.4,-147.8,"positive",0.208919930498831,0.0453644454851054,TRUE,0.208919930498831,0.0453644454851054,TRUE,0.208919930498831,0.127899758195892,FALSE,0.221187027857941,0.0285413912808031,TRUE,0.221187027857941,0.108729109641155,FALSE,114
"NAm_088","NAm-DenaliNationalPark.Schweingruber.1996","Wood","MXD",63.7,-149.6,"positive",0.237573092313998,0.00763562243869339,TRUE,0.237573092313998,0.00763562243869339,TRUE,0.237573092313998,0.0311261042086864,TRUE,0.209599846540257,0.018977296330582,TRUE,0.209599846540257,0.0792090025695708,TRUE,125
"NAm_1012","NAm-LacRomanel.Schweingruber.1996","Wood","trsgi",56.2,-67.7,"positive",-0.0491525247616047,0.601713844916308,FALSE,-0.0491525247616047,0.601713844916308,FALSE,-0.0491525247616047,0.766264076844275,FALSE,-0.0534603043382162,0.53967397763825,FALSE,-0.0534603043382162,0.709222475746365,FALSE,138
"NAm_1024","NAm-LacRomanel.Schweingruber.1996","Wood","MXD",56.2,-67.7,"positive",0.228612702554032,0.00699923195893657,TRUE,0.228612702554032,0.00699923195893657,TRUE,0.228612702554032,0.0294704503534171,TRUE,0.347729464732138,2.92905457707341e-05,TRUE,0.347729464732138,0.000604708041718382,TRUE,138
"NAm_1072","NAm-DonJekRiverBridge.Schweingruber.1996","Wood","MXD",61.7,-139.7,"positive",0.0126193672121043,0.896734730679841,FALSE,0.0126193672121043,0.896734730679841,FALSE,0.0126193672121043,0.946976058854712,FALSE,0.0546323871791213,0.56952299913444,FALSE,0.0546323871791213,0.725178783641672,FALSE,126
"NAm_1108","NAm-SmithersSkiArea.Schweingruber.1996","Wood","trsgi",54.9,-127.3,"positive",-0.0641601507934658,0.529157843597743,FALSE,-0.0641601507934658,0.529157843597743,FALSE,-0.0641601507934658,0.725993703473132,FALSE,-0.0608905531760065,0.554829390476767,FALSE,-0.0608905531760065,0.717809911755988,FALSE,133
"NAm_1120","NAm-SmithersSkiArea.Schweingruber.1996","Wood","MXD",54.9,-127.3,"positive",0.312745671063827,0.000335677069265944,TRUE,0.312745671063827,0.000335677069265944,TRUE,0.312745671063827,0.00282675426750268,TRUE,0.318084444846579,0.000263192342710993,TRUE,0.318084444846579,0.00267369998944501,TRUE,133
"NAm_1168","NAm-BellMountain.Schweingruber.1996","Wood","MXD",53.3,-120.7,"positive",0.252739058904892,0.00386171415636388,TRUE,0.252739058904892,0.00386171415636388,TRUE,0.252739058904892,0.0180401245260794,TRUE,0.256517225440542,0.00336530855940941,TRUE,0.256517225440542,0.0210216041578025,TRUE,133
"NAm_1204","NAm-SunwaptaPass.Schweingruber.1996","Wood","trsgi",52.3,-117,"positive",0.0124370752067395,0.900182452094077,FALSE,0.0124370752067395,0.900182452094077,FALSE,0.0124370752067395,0.947560475888502,FALSE,-0.0607176483765031,0.531140355816313,FALSE,-0.0607176483765031,0.7087226301418,FALSE,128
"NAm_1216","NAm-SunwaptaPass.Schweingruber.1996","Wood","MXD",52.3,-117,"positive",0.20149960596009,0.0225608020909936,TRUE,0.20149960596009,0.0225608020909936,TRUE,0.20149960596009,0.0728383167523907,TRUE,0.159020880111088,0.0729899292105048,FALSE,0.159020880111088,0.207615798643214,FALSE,128
"NAm_1240","NAm-PeytoLake.Schweingruber.1996","Wood","MXD",51.8,-116.2,"positive",0.283945174945574,0.00116185675214612,TRUE,0.283945174945574,0.00116185675214612,TRUE,0.283945174945574,0.00710596382668886,TRUE,0.287484187668167,0.00100062179008335,TRUE,0.287484187668167,0.0082102300724788,TRUE,128
"NAm_1312","NAm-VancouverCyprusProvincialPark.Briffa.1996","Wood","MXD",49.4,-123.1,"positive",0.232135120340201,0.0139186693760423,TRUE,0.232135120340201,0.0139186693760423,TRUE,0.232135120340201,0.0506133431856082,TRUE,0.258309104446781,0.00461841949831985,TRUE,0.258309104446781,0.026870804353861,TRUE,131
"NAm_1360","NAm-ArrowsmithMountain.Briffa.1996","Wood","MXD",49.2,-125.2,"positive",0.34540588051475,8.06048826569696e-05,TRUE,0.34540588051475,8.06048826569696e-05,TRUE,0.34540588051475,0.00102908385536814,TRUE,0.34149765531599,0.000100097332400565,TRUE,0.34149765531599,0.00154783491518044,TRUE,132
"NAm_1384","NAm-BigWhite.Parish.2000","Wood","trsgi",49.9,-118.9,"positive",0.209587089887719,0.0291934644432917,TRUE,0.209587089887719,0.0291934644432917,TRUE,0.209587089887719,0.0893962547545774,TRUE,0.170815278260718,0.065112001622593,FALSE,0.170815278260718,0.189416731992998,FALSE,146
"NAm_1396","NAm-CoppermineRiver.Jacoby.1989","Wood","trsgi",67.2,-115.9,"positive",0.300410169226615,0.0191628176621779,TRUE,0.300410169226615,0.0191628176621779,TRUE,0.300410169226615,0.0648899645703378,TRUE,-0.103279653428436,0.336912583141224,FALSE,-0.103279653428436,0.540411160928279,FALSE,89
"NAm_1408","NAm-HornbyCabin.Jacoby.1989","Wood","trsgi",64,-103.9,"positive",-0.0498627657542873,0.655268668257971,FALSE,-0.0498627657542873,0.655268668257971,FALSE,-0.0498627657542873,0.803394535795214,FALSE,0.166724014190952,0.0923331928496125,FALSE,0.166724014190952,0.245200180181544,FALSE,103
"NAm_1420","NAm-TwistedTreeHeartrotHill.Jacoby.1989","Wood","trsgi",65,-138.3,"positive",0.107327368252815,0.328401640568748,FALSE,0.107327368252815,0.328401640568748,FALSE,0.107327368252815,0.536165943785711,FALSE,0.106467898981692,0.311487928488078,FALSE,0.106467898981692,0.521864592231334,FALSE,118
"NAm_1432","NAm-Bonif.Schweingruber.1996","Wood","trsgi",55.3,-77.8,"positive",0.0514067527865177,0.628065186636101,FALSE,0.0514067527865177,0.628065186636101,FALSE,0.0514067527865177,0.786617846276134,FALSE,-0.0370365602683631,0.68880229859919,FALSE,-0.0370365602683631,0.820918940602386,FALSE,124
"NAm_1444","NAm-Bonif.Schweingruber.1996","Wood","MXD",55.3,-77.8,"positive",0.29499225928984,0.000881143271378701,TRUE,0.29499225928984,0.000881143271378701,TRUE,0.29499225928984,0.00593612309139336,TRUE,0.354049062001739,5.48206902889482e-05,TRUE,0.354049062001739,0.00106318914499778,TRUE,124
"NAm_1468","NAm-Athabasca.Schweingruber.1996","Wood","MXD",51.4,-117.3,"positive",0.165194271007241,0.0597248851494894,FALSE,0.165194271007241,0.0597248851494894,TRUE,0.165194271007241,0.160604733175098,FALSE,0.199501674929059,0.0218337700850683,TRUE,0.199501674929059,0.0884405876863526,TRUE,136
"NAm_148","NAm-EurekaSummit.Schweingruber.1996","Wood","trsgi",61.8,-147.3,"positive",0.00183352007047546,0.985478360553852,FALSE,0.00183352007047546,0.985478360553852,FALSE,0.00183352007047546,0.994804654186854,FALSE,0.0947928473882837,0.325774224602847,FALSE,0.0947928473882837,0.53597815872962,FALSE,125
"NAm_1564","NAm-MedusaBay.Buckley.2003","Wood","trsgi",56.9,-61.5,"positive",0.115556644256149,0.236229602194038,FALSE,0.115556644256149,0.236229602194038,FALSE,0.115556644256149,0.429508367625524,FALSE,0.0833854138898764,0.36279021051683,FALSE,0.0833854138898764,0.56492879496538,FALSE,148
"NAm_1576","NAm-MeadowMountain.Wilson.2005","Wood","trsgi",50.2,-117.1,"positive",-0.0149279755983735,0.873990852494556,FALSE,-0.0149279755983735,0.873990852494556,FALSE,-0.0149279755983735,0.943261628324647,FALSE,0.00969891254721165,0.916037464346774,FALSE,0.00969891254721165,0.950274312098621,FALSE,142
"NAm_1588","NAm-MeadowMountain.Wilson.2005","Wood","MXD",50.2,-117.1,"positive",0.286481489512946,0.000547473376797655,TRUE,0.286481489512946,0.000547473376797655,TRUE,0.286481489512946,0.0041121885768672,TRUE,0.280489257496385,0.000722208614831771,TRUE,0.280489257496385,0.00613524468350755,TRUE,142
"NAm_160","NAm-EurekaSummit.Schweingruber.1996","Wood","MXD",61.8,-147.3,"positive",0.249440810588234,0.00502694668121001,TRUE,0.249440810588234,0.00502694668121001,TRUE,0.249440810588234,0.0223419852498223,TRUE,0.226165932633826,0.0112075413164166,TRUE,0.226165932633826,0.0551343630043629,TRUE,125
"NAm_1600","NAm-Ymir.Wilson.2005","Wood","trsgi",49.4,-117.2,"positive",0.0676453111607347,0.472654823849337,FALSE,0.0676453111607347,0.472654823849337,FALSE,0.0676453111607347,0.687227516426258,FALSE,0.0317448335402064,0.729864751562677,FALSE,0.0317448335402064,0.844249905343395,FALSE,145
"NAm_1636","NAm-ParkMountain.Wilson.2005","Wood","trsgi",50.6,-118.6,"positive",-0.00982578458347264,0.914264309170441,FALSE,-0.00982578458347264,0.914264309170441,FALSE,-0.00982578458347264,0.956093395210919,FALSE,-0.0485023019827475,0.587993279102568,FALSE,-0.0485023019827475,0.735217580845628,FALSE,142
"NAm_1648","NAm-ParkMountain.Wilson.2005","Wood","MXD",50.6,-118.6,"positive",0.219322669269568,0.00873024596788458,TRUE,0.219322669269568,0.00873024596788458,TRUE,0.219322669269568,0.0342782663769701,TRUE,0.244552391236946,0.00335604906874617,TRUE,0.244552391236946,0.0210216041578025,TRUE,142
"NAm_1660","NAm-BigWhite2.Wilson.2005","Wood","trsgi",49.7,-118.9,"positive",0.0617781332675918,0.490635054980484,FALSE,0.0617781332675918,0.490635054980484,FALSE,0.0617781332675918,0.694863626551476,FALSE,0.062311321030359,0.486020497754334,FALSE,0.062311321030359,0.676202431658204,FALSE,145
"NAm_1672","NAm-BigWhite2.Wilson.2005","Wood","MXD",49.7,-118.9,"positive",0.350331834859477,1.56206513110327e-05,TRUE,0.350331834859477,1.56206513110327e-05,TRUE,0.350331834859477,0.000256338893309254,TRUE,0.346630070537717,1.94568700803969e-05,TRUE,0.346630070537717,0.000415079895048467,TRUE,145
"NAm_1708","NAm-CornwallHills.Wilson.2005","Wood","trsgi",50.7,-121.5,"positive",0.0827460362209584,0.352822666313972,FALSE,0.0827460362209584,0.352822666313972,FALSE,0.0827460362209584,0.563108494865192,FALSE,-0.000593926401302193,0.994489574650282,FALSE,-0.000593926401302193,0.994489574650282,FALSE,147
"NAm_172","NAm-SettlementPointAfognakIsland.Harlan.1998","Wood","trsgi",58.1,-152.7,"positive",0.169087204408774,0.115396010795878,FALSE,0.169087204408774,0.115396010795878,FALSE,0.169087204408774,0.261891655706957,FALSE,0.174665750737061,0.0895121902547013,FALSE,0.174665750737061,0.239697915326397,FALSE,140
"NAm_1720","NAm-CornwallHills.Wilson.2005","Wood","MXD",50.7,-121.5,"positive",0.268013995619776,0.00103068607977432,TRUE,0.268013995619776,0.00103068607977432,TRUE,0.268013995619776,0.00679039857042083,TRUE,0.257997480330698,0.00160532388855452,TRUE,0.257997480330698,0.0120871445726458,TRUE,147
"NAm_1744","NAm-IttyhaukBay.D'Arrigo.2011","Wood","trsgi",56,-61,"positive",-0.00185477800033452,0.983717789897216,FALSE,-0.00185477800033452,0.983717789897216,FALSE,-0.00185477800033452,0.994804654186854,FALSE,-0.0285772135218877,0.743963130640548,FALSE,-0.0285772135218877,0.851083965432584,FALSE,149
"NAm_1816","NAm-EagleFecal_PtarmiganMerge.Jacoby.2011","Wood","MXD",69.5,-127.8,"positive",-0.0842661143474735,0.404804581944044,FALSE,-0.0842661143474735,0.404804581944044,FALSE,-0.0842661143474735,0.616845077248066,FALSE,-0.0318947657088145,0.75165560657891,FALSE,-0.0318947657088145,0.853864670092518,FALSE,110
"NAm_1828","NAm-Manitoba.D'Arrigo.2006","Wood","trsgi",58,-94,"positive",0.327872110390182,0.00468821288776248,TRUE,0.327872110390182,0.00468821288776248,TRUE,0.327872110390182,0.0211299735786478,TRUE,-0.0598929808039014,0.547215383598635,FALSE,-0.0598929808039014,0.714730296945156,FALSE,110
"NAm_184","NAm-MinersWell.Wiles.2000","Wood","trsgi",60,-141.7,"positive",0.394093779218192,0.000152040194284946,TRUE,0.394093779218192,0.000152040194284946,TRUE,0.394093779218192,0.00167768490245457,TRUE,0.323613512562818,0.00119762238873222,TRUE,0.323613512562818,0.00946269541714351,TRUE,139
"NAm_1840","NAm-Bennington.Luckman.2013","Wood","trsgi",52.7,-118.3,"positive",0.143626032983245,0.176977935218622,FALSE,0.143626032983245,0.176977935218622,FALSE,0.143626032983245,0.355065449968396,FALSE,0.022949903235928,0.819017001443476,FALSE,0.022949903235928,0.899092420109476,FALSE,141
"NAm_1852","NAm-FrenchGlacier.Colenutt.1995","Wood","trsgi",50.8,-115.3,"positive",0.0696091487223757,0.49074743625198,FALSE,0.0696091487223757,0.49074743625198,FALSE,0.0696091487223757,0.694863626551476,FALSE,-0.0756720268782698,0.422184200666947,FALSE,-0.0756720268782698,0.619719927584509,FALSE,138
"NAm_1876","NAm-Landslide.Luckman.2006","Wood","trsgi",60.2,-138.5,"positive",0.0249226266508222,0.785222700316241,FALSE,0.0249226266508222,0.785222700316241,FALSE,0.0249226266508222,0.883687093380547,FALSE,0.0659146955297524,0.460225940304307,FALSE,0.0659146955297524,0.651846641116,FALSE,143
"NAm_1924","NAm-BlanchardRiver.Luckman.2013","Wood","trsgi",59.9,-136.8,"positive",0.10666625285554,0.286266931656416,FALSE,0.10666625285554,0.286266931656416,FALSE,0.10666625285554,0.485061822882236,FALSE,-0.0882749898588428,0.326668353922897,FALSE,-0.0882749898588428,0.536071144899113,FALSE,146
"NAm_1936","NAm-Nadahini.Luckman.2013","Wood","trsgi",59.8,-136.6,"positive",0.0272650790462697,0.774147563311168,FALSE,0.0272650790462697,0.774147563311168,FALSE,0.0272650790462697,0.878404709875401,FALSE,0.0275354601542628,0.76643845304922,FALSE,0.0275354601542628,0.862074885679264,FALSE,146
"NAm_196","NAm-CanyonCreek.Lloyd.2002","Wood","trsgi",63.3,-147.8,"positive",0.196901312264649,0.0460046328595609,TRUE,0.196901312264649,0.0460046328595609,TRUE,0.196901312264649,0.1280128914353,FALSE,0.1091692878534,0.251444193956118,FALSE,0.1091692878534,0.467359812058934,FALSE,139
"NAm_1972","NAm-RockGlacierYukon.Kenigsberg.2013","Wood","trsgi",61.4,-128.4,"positive",0.0244710641366394,0.815906875823065,FALSE,0.0244710641366394,0.815906875823065,FALSE,0.0244710641366394,0.904992028642567,FALSE,0.0583252743582989,0.555181103623772,FALSE,0.0583252743582989,0.717809911755988,FALSE,146
"NAm_1996","NAm-SnakeCreek.Kenigsberg.2013","Wood","trsgi",59.6,-133.4,"positive",0.194954747209932,0.0360915811874461,TRUE,0.194954747209932,0.0360915811874461,TRUE,0.194954747209932,0.105956935596172,FALSE,0.245046728650288,0.00650966519393922,TRUE,0.245046728650288,0.0357701925905323,TRUE,145
"NAm_2008","NAm-Sugarloaf.Kenigsberg.2013","Wood","trsgi",60.1,-134.4,"positive",0.10918632975956,0.251660873898926,FALSE,0.10918632975956,0.251660873898926,FALSE,0.10918632975956,0.447397109153646,FALSE,0.130093027457122,0.156932584272769,FALSE,0.130093027457122,0.349954194893979,FALSE,145
"NAm_2056","NAm-SunshineMeadows.Colenutt.1995","Wood","MXD",51.1,-115.8,"positive",0.085813023044545,0.351169816617728,FALSE,0.085813023044545,0.351169816617728,FALSE,0.085813023044545,0.561871706588364,FALSE,0.0914415973866101,0.318592276786526,FALSE,0.0914415973866101,0.530987127977543,FALSE,132
"NAm_2068","NAm-AthabascaGlacier2.Luckman.2005","Wood","trsgi",52.2,-117.2,"positive",0.0201805569971553,0.840598738167263,FALSE,0.0201805569971553,0.840598738167263,FALSE,0.0201805569971553,0.924778293510973,FALSE,-0.0941499918782549,0.329368935510803,FALSE,-0.0941499918782549,0.538757175691357,FALSE,132
"NAm_2080","NAm-AthabascaGlacier2.Luckman.2005","Wood","MXD",52.2,-117.2,"positive",0.0426451571056492,0.618155883504444,FALSE,0.0426451571056492,0.618155883504444,FALSE,0.0426451571056492,0.77877906583237,FALSE,0.0955529941050887,0.263164636521837,FALSE,0.0955529941050887,0.481215335354216,FALSE,139
"NAm_2092","NAm-Bennington.Luckman.2001","Wood","trsgi",52.7,-118.3,"positive",0.150779849427134,0.125027661419183,FALSE,0.150779849427134,0.125027661419183,FALSE,0.150779849427134,0.279149666227762,FALSE,0.0173700354225471,0.850041195865236,FALSE,0.0173700354225471,0.911381652665203,FALSE,141
"NAm_2116","NAm-BowSummit-PeytoLake.Luckman.2005","Wood","trsgi",51.7,-116.5,"positive",0.00123971940687685,0.989416036970519,FALSE,0.00123971940687685,0.989416036970519,FALSE,0.00123971940687685,0.995638779341403,FALSE,-0.0537074570198526,0.553366325490753,FALSE,-0.0537074570198526,0.717809911755988,FALSE,145
"NAm_2128","NAm-CardinalDivide.Luckman.2001","Wood","trsgi",52.9,-117.3,"positive",-0.0405139912070019,0.686981798623033,FALSE,-0.0405139912070019,0.686981798623033,FALSE,-0.0405139912070019,0.822989864136863,FALSE,-0.106027717695228,0.276574637990226,FALSE,-0.106027717695228,0.490326228015913,FALSE,135
"NAm_2152","NAm-GeraldineLakes.Luckman.2001","Wood","trsgi",52.6,-117.9,"positive",-0.0799560397366146,0.395868685215854,FALSE,-0.0799560397366146,0.395868685215854,FALSE,-0.0799560397366146,0.609028746485929,FALSE,-0.108132387855266,0.244138974609094,FALSE,-0.108132387855266,0.46131217844245,FALSE,135
"NAm_2164","NAm-HighwoodPass.Luckman.2001","Wood","trsgi",50.6,-115,"positive",-0.0776500707824107,0.393793635361444,FALSE,-0.0776500707824107,0.393793635361444,FALSE,-0.0776500707824107,0.607296208750178,FALSE,-0.0853240895336914,0.347084814133889,FALSE,-0.0853240895336914,0.549837329321012,FALSE,132
"NAm_2176","NAm-Hilda.Kavanagh.2000","Wood","trsgi",52.2,-117.2,"positive",0.109594315079752,0.298436087479458,FALSE,0.109594315079752,0.298436087479458,FALSE,0.109594315079752,0.49739347913243,FALSE,-0.112969881524605,0.236730341965511,FALSE,-0.112969881524605,0.455309003313944,FALSE,145
"NAm_220","NAm-KobukNoatak.King.2003","Wood","trsgi",67.1,-159.6,"positive",0.199109625791037,0.0722731207702082,FALSE,0.199109625791037,0.0722731207702082,TRUE,0.199109625791037,0.18576223812423,FALSE,0.161939787684617,0.13483697842158,FALSE,0.161939787684617,0.316101341354621,FALSE,104
"NAm_2212","NAm-Nakiska.Luckman.2001","Wood","trsgi",50.9,-115.2,"positive",0.0184161881667924,0.84534664680935,FALSE,0.0184161881667924,0.84534664680935,FALSE,0.0184161881667924,0.92482368197946,FALSE,-0.103232632827991,0.247663308978158,FALSE,-0.103232632827991,0.463463502181348,FALSE,132
"NAm_2236","NAm-PyramidMountain.Luckman.2001","Wood","trsgi",53,-118.2,"positive",-0.13303205139435,0.150468989605142,FALSE,-0.13303205139435,0.150468989605142,FALSE,-0.13303205139435,0.316776820221352,FALSE,-0.166920567914284,0.0671262632700323,FALSE,-0.166920567914284,0.193517155373066,FALSE,135
"NAm_2260","NAm-SignalMountain.Luckman.2001","Wood","trsgi",52.9,-118,"positive",0.071967720406221,0.479827834648345,FALSE,0.071967720406221,0.479827834648345,FALSE,0.071967720406221,0.690894806258541,FALSE,-0.0405689386798512,0.676627109772364,FALSE,-0.0405689386798512,0.809423084587501,FALSE,135
"NAm_2272","NAm-SmallRiver.Luckman.2001","Wood","trsgi",53.2,-119.5,"positive",0.12159885836591,0.260365057141422,FALSE,0.12159885836591,0.260365057141422,FALSE,0.12159885836591,0.45280879502856,FALSE,0.0221620562103046,0.831108002156923,FALSE,0.0221620562103046,0.903071513379339,FALSE,134
"NAm_2308","NAm-SurpriseValley.Luckman.2001","Wood","trsgi",52.8,-117.7,"positive",0.0375935075702129,0.696900304064726,FALSE,0.0375935075702129,0.696900304064726,FALSE,0.0375935075702129,0.825955915928564,FALSE,-0.0424609743271582,0.649706462560236,FALSE,-0.0424609743271582,0.78537695198771,FALSE,135
"NAm_232","NAm-AlmondButterLower.D'Arrigo.2005","Wood","trsgi",65.2,-162.2,"positive",-0.109090367021558,0.305181060172017,FALSE,-0.109090367021558,0.305181060172017,FALSE,-0.109090367021558,0.504692192532535,FALSE,-0.0808154371392377,0.43097074181127,FALSE,-0.0808154371392377,0.631169965124057,FALSE,110
"NAm_2392","NAm-Arapahoe.Kienast.1996","Wood","MXD",40.1,-105.6,"positive",0.180339880511579,0.040308321373187,TRUE,0.180339880511579,0.040308321373187,TRUE,0.180339880511579,0.11516663249482,FALSE,0.175232862888459,0.0463758660302145,TRUE,0.175232862888459,0.152207970560704,FALSE,133
"NAm_244","NAm-AlmondButterUpper.D'Arrigo.2005","Wood","trsgi",65.2,-162.2,"positive",-0.0170139288903234,0.868797787055389,FALSE,-0.0170139288903234,0.868797787055389,FALSE,-0.0170139288903234,0.939240850870691,FALSE,-0.039567149007799,0.694080828016307,FALSE,-0.039567149007799,0.824140500798584,FALSE,110
"NAm_2464","NAm-RedMountainPassSilverton.Graybill.1994","Wood","MXD",37.9,-107.7,"positive",0.317501310306738,0.000206800004709049,TRUE,0.317501310306738,0.000206800004709049,TRUE,0.317501310306738,0.0021347097260289,TRUE,0.319808934043494,0.000181214400611729,TRUE,0.319808934043494,0.00210867666166375,TRUE,134
"NAm_2476","NAm-PikePeaks.Harlan.1996","Wood","trsgi",39.3,-105,"positive",-0.111570990278523,0.224147532810011,FALSE,-0.111570990278523,0.224147532810011,FALSE,-0.111570990278523,0.413413316998292,FALSE,-0.110087727627907,0.233233484093561,FALSE,-0.110087727627907,0.451924033333705,FALSE,134
"NAm_2488","NAm-PikePeaks.Harlan.1996","Wood","MXD",39.3,-105,"positive",0.181551968290552,0.0397359589517855,TRUE,0.181551968290552,0.0397359589517855,TRUE,0.181551968290552,0.114245729910526,FALSE,0.179829960144553,0.0419489648420934,TRUE,0.179829960144553,0.142038025721058,FALSE,134
"NAm_2500","NAm-CottonwoodPass.Briffa.1996","Wood","trsgi",38.7,-107.6,"positive",0.0760203781535213,0.422625766281085,FALSE,0.0760203781535213,0.422625766281085,FALSE,0.0760203781535213,0.634930728685198,FALSE,0.1082432146065,0.246333583753214,FALSE,0.1082432146065,0.463463502181348,FALSE,133
"NAm_2512","NAm-CottonwoodPass.Briffa.1996","Wood","MXD",38.7,-107.6,"positive",0.311936266055693,0.000269572586334848,TRUE,0.311936266055693,0.000269572586334848,TRUE,0.311936266055693,0.00246466364649004,TRUE,0.317682438085781,0.000194457303018308,TRUE,0.317682438085781,0.00218338024441609,TRUE,133
"NAm_256","NAm-BurntOver.D'Arrigo.2005","Wood","trsgi",65.2,-162.3,"positive",0.14762400264012,0.176464187450437,FALSE,0.14762400264012,0.176464187450437,FALSE,0.14762400264012,0.355065449968396,FALSE,-0.00202348032549681,0.984274648433542,FALSE,-0.00202348032549681,0.988910164831188,FALSE,110
"NAm_2560","NAm-FoolCreek.Brown.2005","Wood","trsgi",39.9,-105.9,"positive",-0.021801061727152,0.808177415995483,FALSE,-0.021801061727152,0.808177415995483,FALSE,-0.021801061727152,0.897974906661647,FALSE,-0.0309362791755348,0.729764323317687,FALSE,-0.0309362791755348,0.844249905343395,FALSE,143
"NAm_2572","NAm-FoolCreek.Brown.2005","Wood","MXD",39.9,-105.9,"positive",0.154059784220611,0.0780759213497065,FALSE,0.154059784220611,0.0780759213497065,TRUE,0.154059784220611,0.195670514866117,FALSE,0.15246023867031,0.0815027008797523,FALSE,0.15246023867031,0.222913369927528,FALSE,144
"NAm_2596","NAm-CameronPass.Bigler.2007","Wood","trsgi",40.6,-105.8,"positive",0.284408967271123,0.00398551285266846,TRUE,0.284408967271123,0.00398551285266846,TRUE,0.284408967271123,0.0184835378674479,TRUE,0.182116437072886,0.0502108066380758,FALSE,0.182116437072886,0.159875205215764,FALSE,151
"NAm_2632","NAm-GalenaPassSawtooth.Briffa.1996","Wood","MXD",43.9,-114.7,"positive",0.279329625044388,0.00108121895616058,TRUE,0.279329625044388,0.00108121895616058,TRUE,0.279329625044388,0.00681967892684365,TRUE,0.278364671894628,0.00112702488431831,TRUE,0.278364671894628,0.00908521718320079,TRUE,134
"NAm_2656","NAm-SleepingDeerRoad.Hughes.2005","Wood","trsgi",44.6,-114.5,"positive",-0.0974789230364196,0.262029909055296,FALSE,-0.0974789230364196,0.262029909055296,FALSE,-0.0974789230364196,0.454469218957694,FALSE,-0.103872486417329,0.230862511430644,FALSE,-0.103872486417329,0.449094247159916,FALSE,148
"NAm_2668","NAm-SleepingDeerRoad.Hughes.2005","Wood","MXD",44.6,-114.5,"positive",0.337560532411879,3.55118574846703e-05,TRUE,0.337560532411879,3.55118574846703e-05,TRUE,0.337560532411879,0.000516536108867932,TRUE,0.348227169549224,1.85135962172273e-05,TRUE,0.348227169549224,0.000408575916518119,TRUE,148
"NAm_2704","NAm-ElephantMountain.Conkey.1994","Wood","MXD",44.8,-70.8,"positive",0.39990474554586,2.91546144313755e-06,TRUE,0.39990474554586,2.91546144313755e-06,TRUE,0.39990474554586,5.48792742237657e-05,TRUE,0.524948579749197,2.00449213411155e-10,TRUE,0.524948579749197,1.83267852261627e-08,TRUE,128
"NAm_2716","NAm-LaTasajera.Biondi.2001","Wood","trsgi",31,-115.5,"positive",0.0669674789707059,0.544716159182571,FALSE,0.0669674789707059,0.544716159182571,FALSE,0.0669674789707059,0.737036663587411,FALSE,0.124021277309844,0.225549855139516,FALSE,0.124021277309844,0.441443141557463,FALSE,146
"NAm_2728","NAm-CienegadeNuestraSenoradeGuadalupe.Fule.2009","Wood","trsgi",25.1,-106.3,"positive",-0.0358269835042725,0.692077509518317,FALSE,-0.0358269835042725,0.692077509518317,FALSE,-0.0358269835042725,0.823697565716603,FALSE,-0.0415800935021971,0.644793060275765,FALSE,-0.0415800935021971,0.783403065696775,FALSE,144
"NAm_2740","NAm-HighlandFireOutlook.Briffa.1996","Wood","trsgi",45.8,-112.5,"positive",0.0271045945669434,0.775466657936878,FALSE,0.0271045945669434,0.775466657936878,FALSE,0.0271045945669434,0.878404709875401,FALSE,-0.0233613367173138,0.794628463085804,FALSE,-0.0233613367173138,0.881390323006784,FALSE,131
"NAm_2752","NAm-HighlandFireOutlook.Briffa.1996","Wood","MXD",45.8,-112.5,"positive",0.441366185331143,5.52083339249492e-07,TRUE,0.441366185331143,5.52083339249492e-07,TRUE,0.441366185331143,1.30864198933213e-05,TRUE,0.429623804398633,1.00873767583742e-06,TRUE,0.429623804398633,2.48304658667672e-05,TRUE,131
"NAm_2776","NAm-YellowMountainRidge.King.2002","Wood","trsgi",45.3,-111.3,"positive",0.225713539264527,0.0152653354522915,TRUE,0.225713539264527,0.0152653354522915,TRUE,0.225713539264527,0.0545799703322153,TRUE,0.169337622164739,0.0623868037609955,FALSE,0.169337622164739,0.183718394974283,FALSE,146
"NAm_2788","NAm-BakerLake.Hughes.2005","Wood","trsgi",45.9,-114.3,"positive",0.135720038088552,0.142505954167266,FALSE,0.135720038088552,0.142505954167266,FALSE,0.135720038088552,0.307083537599496,FALSE,0.0830181769061439,0.358731901979748,FALSE,0.0830181769061439,0.561340873513542,FALSE,145
"NAm_280","NAm-WindyRidgeAlaska.D'Arrigo.2005","Wood","trsgi",65.2,-162.2,"positive",-0.0334903646042597,0.744007481102431,FALSE,-0.0334903646042597,0.744007481102431,FALSE,-0.0334903646042597,0.856411489038769,FALSE,-0.0505221524005437,0.614790474649651,FALSE,-0.0505221524005437,0.759216253246446,FALSE,110
"NAm_2800","NAm-BakerLake.Hughes.2005","Wood","MXD",45.9,-114.3,"positive",0.280896416770344,0.00222988836640374,TRUE,0.280896416770344,0.00222988836640374,TRUE,0.280896416770344,0.0118927379541533,TRUE,0.270303710476902,0.0029184886986998,TRUE,0.270303710476902,0.0196613975491355,TRUE,145
"NAm_2812","NAm-FlintCreekRange.Hughes.2005","Wood","trsgi",46.3,-113.2,"positive",0.162384696402857,0.08034377093242,FALSE,0.162384696402857,0.08034377093242,TRUE,0.162384696402857,0.197841537997722,FALSE,0.108138249859914,0.233729460989775,FALSE,0.108138249859914,0.451924033333705,FALSE,146
"NAm_2824","NAm-Pintlers.Littell.2011","Wood","trsgi",46,-113.4,"positive",0.294912214449625,0.00113571825734099,TRUE,0.294912214449625,0.00113571825734099,TRUE,0.294912214449625,0.00705689014270129,TRUE,0.282631153460167,0.00153821717788303,TRUE,0.282631153460167,0.0117224746485777,TRUE,148
"NAm_2836","NAm-PintlersTwo.Littell.2011","Wood","trsgi",46,-113.4,"positive",0.128404059521523,0.141926812024831,FALSE,0.128404059521523,0.141926812024831,FALSE,0.128404059521523,0.306868782756392,FALSE,0.0992675973120308,0.251573698644001,FALSE,0.0992675973120308,0.467359812058934,FALSE,148
"NAm_2848","NAm-RoweLakes.Colenutt.2011","Wood","trsgi",49,-114,"positive",0.16067976201469,0.0713522142987835,FALSE,0.16067976201469,0.0713522142987835,TRUE,0.16067976201469,0.184880231381463,FALSE,0.185060060724652,0.0360772088570736,TRUE,0.185060060724652,0.126341830930146,FALSE,138
"NAm_292","NAm-NabesnaMine.Jacoby.2003","Wood","trsgi",62.4,-143.1,"positive",0.0529210323226938,0.602235672894797,FALSE,0.0529210323226938,0.602235672894797,FALSE,0.0529210323226938,0.766264076844275,FALSE,-0.127968541649575,0.179350537262996,FALSE,-0.127968541649575,0.381343335044244,FALSE,140
"NAm_3004","NAm-PearlPeak.Graybill.1994","Wood","trsgi",40.2,-115.5,"positive",0.154588981078598,0.129264783351177,FALSE,0.154588981078598,0.129264783351177,FALSE,0.154588981078598,0.28600664894028,FALSE,0.256612141152968,0.00653923833295669,TRUE,0.256612141152968,0.0357701925905323,TRUE,136
"NAm_3016","NAm-MountWashington.Graybill.1994","Wood","trsgi",38.5,-114.2,"positive",0.0433266174617543,0.635298451562758,FALSE,0.0433266174617543,0.635298451562758,FALSE,0.0433266174617543,0.789647995405904,FALSE,0.0420050233369961,0.643784469343541,FALSE,0.0420050233369961,0.783403065696775,FALSE,134
"NAm_304","NAm-NabesnaMine.Jacoby.2003","Wood","MXD",62.4,-143.1,"positive",0.112204373371854,0.196341044998982,FALSE,0.112204373371854,0.196341044998982,FALSE,0.112204373371854,0.379233488853906,FALSE,0.106173921058278,0.219432202198028,FALSE,0.106173921058278,0.437497225566161,FALSE,140
"NAm_3100","NAm-CraterLakeNE.Briffa.2002","Wood","MXD",43,-122.2,"positive",0.36444453144663,7.78880793772452e-05,TRUE,0.36444453144663,7.78880793772452e-05,TRUE,0.36444453144663,0.00102908385536814,TRUE,0.342415386576245,0.000172492980954805,TRUE,0.342415386576245,0.00204436125576065,TRUE,134
"NAm_3124","NAm-BarlowPassamMtHood.Briffa.1996","Wood","MXD",45.3,-121.7,"positive",0.484155262867748,5.14864700910997e-09,TRUE,0.484155262867748,5.14864700910997e-09,TRUE,0.484155262867748,1.83063004768355e-07,TRUE,0.480425121767261,6.97890179443335e-09,TRUE,0.480425121767261,3.4357670372595e-07,TRUE,131
"NAm_3184","NAm-TamarackBowl.Sauchyn.2016","Wood","trsgi",49.3,-114.4,"positive",0.209065093525594,0.0235164582027194,TRUE,0.209065093525594,0.0235164582027194,TRUE,0.209065093525594,0.0748782748743303,TRUE,0.216232608116214,0.0170409180621312,TRUE,0.216232608116214,0.0741917521072379,TRUE,148
"NAm_3244","NAm-CeaderBreaks.Briffa.1996","Wood","MXD",37.6,-113.9,"positive",0.291245418906915,0.00063981712287724,TRUE,0.291245418906915,0.00063981712287724,TRUE,0.291245418906915,0.00459613472183849,TRUE,0.293778113199915,0.00057060843128458,TRUE,0.293778113199915,0.00507207494475182,TRUE,134
"NAm_3280","NAm-VicaryMine.Sauchyn.2016","Wood","trsgi",49.8,-114.5,"positive",-0.0411400880727083,0.665244143915245,FALSE,-0.0411400880727083,0.665244143915245,FALSE,-0.0411400880727083,0.804832234604455,FALSE,-0.100682360433916,0.275064985851777,FALSE,-0.100682360433916,0.490326228015913,FALSE,148
"NAm_3352","NAm-GraniteMountain.Graumlich.2003","Wood","trsgi",47.3,-121.3,"positive",0.232092490159103,0.0303130984104703,TRUE,0.232092490159103,0.0303130984104703,TRUE,0.232092490159103,0.0919449430459762,TRUE,0.276787198993206,0.00872964806137734,TRUE,0.276787198993206,0.0454225590185487,TRUE,128
"NAm_3376","NAm-ScatterLake.Graumlich.2003","Wood","trsgi",48.3,-120.3,"positive",0.122800290312597,0.197722937952333,FALSE,0.122800290312597,0.197722937952333,FALSE,0.122800290312597,0.380008048917397,FALSE,0.122757520066867,0.198170548707496,FALSE,0.122757520066867,0.411782958353238,FALSE,128
"NAm_3388","NAm-wa069.Peterson.1994","Wood","trsgi",48.7,-120.7,"positive",0.159086255597315,0.105126686251554,FALSE,0.159086255597315,0.105126686251554,FALSE,0.159086255597315,0.245783945420471,FALSE,0.155211237660091,0.115379854981243,FALSE,0.155211237660091,0.285108521961372,FALSE,139
"NAm_3400","NAm-wa071.Peterson.1994","Wood","trsgi",48.7,-120.7,"positive",0.145722289475471,0.137511485918107,FALSE,0.145722289475471,0.137511485918107,FALSE,0.145722289475471,0.300366385623168,FALSE,0.163964552066697,0.0787454264170617,FALSE,0.163964552066697,0.217228762529826,FALSE,139
"NAm_3412","NAm-HartsPassN2.Peterson.1994","Wood","trsgi",48.7,-120.7,"positive",0.0804172000879621,0.429793576360289,FALSE,0.0804172000879621,0.429793576360289,FALSE,0.0804172000879621,0.643325823577432,FALSE,0.0775734155025795,0.446638426522984,FALSE,0.0775734155025795,0.642356388707213,FALSE,138
"NAm_3436","NAm-MtStHelens.Briffa.1996","Wood","MXD",46.2,-122.2,"positive",0.33363652694879,0.000682860125945247,TRUE,0.33363652694879,0.000682860125945247,TRUE,0.33363652694879,0.00480253275390064,TRUE,0.360274483824546,0.000103716549969938,TRUE,0.360274483824546,0.00154783491518044,TRUE,131
"NAm_3472","NAm-ShermanCreekPass.Briffa.1996","Wood","trsgi",48.7,-118.3,"positive",0.186963202270458,0.0718167346298012,FALSE,0.186963202270458,0.0718167346298012,TRUE,0.186963202270458,0.185333508722068,FALSE,0.19135865031263,0.0641383606137583,FALSE,0.19135865031263,0.187436304989978,FALSE,131
"NAm_3484","NAm-ShermanCreekPass.Briffa.1996","Wood","MXD",48.7,-118.3,"positive",0.353747664965863,0.00014327670653728,TRUE,0.353747664965863,0.00014327670653728,TRUE,0.353747664965863,0.0016087209155063,TRUE,0.351494100442286,0.00015946099209562,TRUE,0.351494100442286,0.00192556669700372,TRUE,131
"NAm_3520","NAm-HohLakeHigh.Peterson.1994","Wood","trsgi",47.9,-123.8,"positive",0.270805235602187,0.00217057257466617,TRUE,0.270805235602187,0.00217057257466617,TRUE,0.270805235602187,0.0116736676284567,TRUE,0.27150444562423,0.00183764483319166,TRUE,0.27150444562423,0.013214524643176,TRUE,140
"NAm_3556","NAm-MountAdamsLow.Peterson.1994","Wood","trsgi",46.2,-121.5,"positive",0.235133406761614,0.0107464836154071,TRUE,0.235133406761614,0.0107464836154071,TRUE,0.235133406761614,0.0411841288255123,TRUE,0.23838176085862,0.00962192842766531,TRUE,0.23838176085862,0.0488732872516333,TRUE,140
"NAm_3604","NAm-PowderRiverPass.Briffa.1996","Wood","MXD",44.2,-107.1,"positive",0.362806385208022,2.0504148520794e-05,TRUE,0.362806385208022,2.0504148520794e-05,TRUE,0.362806385208022,0.000314195517895674,TRUE,0.384365405684908,4.72835891826926e-06,TRUE,0.384365405684908,0.000108076775274726,TRUE,134
"NAm_3616","NAm-MedicineBowPeak.Briffa.1996","Wood","trsgi",41.3,-107.7,"positive",0.163741926420046,0.0972578076578038,FALSE,0.163741926420046,0.0972578076578038,TRUE,0.163741926420046,0.232257451123114,FALSE,0.146243288548116,0.138068601060383,FALSE,0.146243288548116,0.322496002476806,FALSE,134
"NAm_3628","NAm-MedicineBowPeak.Briffa.1996","Wood","MXD",41.3,-107.7,"positive",0.294230367752633,0.000559000634667884,TRUE,0.294230367752633,0.000559000634667884,TRUE,0.294230367752633,0.0041121885768672,TRUE,0.297633569012281,0.000478384323884674,TRUE,0.297633569012281,0.00443718793168393,TRUE,134
"NAm_364","NAm-BigBendLake.Jacoby.2003","Wood","trsgi",61.3,-142.7,"positive",0.0717461229048043,0.468606471953707,FALSE,0.0717461229048043,0.468606471953707,FALSE,0.0717461229048043,0.684721785503134,FALSE,-0.00727425567564304,0.939182139607494,FALSE,-0.00727425567564304,0.964809902646542,FALSE,140
"NAm_3652","NAm-SylvanPassbeiCody.Briffa.1996","Wood","MXD",44.4,-110.1,"positive",0.241362051220174,0.00840427048654407,TRUE,0.241362051220174,0.00840427048654407,TRUE,0.241362051220174,0.0336170819461763,TRUE,0.250705218472548,0.00534274624533899,TRUE,0.250705218472548,0.0299943648861136,TRUE,134
"NAm_3676","NAm-GranitePassHuntMountain.Briffa.1996","Wood","MXD",44.8,-107.9,"positive",0.253819438033321,0.00567076228791356,TRUE,0.253819438033321,0.00567076228791356,TRUE,0.253819438033321,0.0245222152990857,TRUE,0.330999017219471,0.000126557744350927,TRUE,0.330999017219471,0.00176080339966507,TRUE,134
"NAm_3688","NAm-TogwateePass.Briffa.1996","Wood","trsgi",43.7,-110.1,"positive",-0.0889036920677263,0.343037832104757,FALSE,-0.0889036920677263,0.343037832104757,FALSE,-0.0889036920677263,0.551618624490061,FALSE,-0.0928381811129219,0.320268324836234,FALSE,-0.0928381811129219,0.532394098429064,FALSE,134
"NAm_3700","NAm-TogwateePass.Briffa.1996","Wood","MXD",43.7,-110.1,"positive",0.269798523648718,0.00192723163669945,TRUE,0.269798523648718,0.00192723163669945,TRUE,0.269798523648718,0.0105421217733987,TRUE,0.268740082923092,0.00201599462506726,TRUE,0.268740082923092,0.0140243104352505,TRUE,134
"NAm_3712","NAm-SheepTrail.Brown.2005","Wood","trsgi",41.4,-106.2,"positive",0.0279933258131825,0.761026168627122,FALSE,0.0279933258131825,0.761026168627122,FALSE,0.0279933258131825,0.868193846562135,FALSE,0.0569905790555688,0.528517711183821,FALSE,0.0569905790555688,0.7087226301418,FALSE,150
"NAm_3724","NAm-SheepTrail.Brown.2005","Wood","MXD",41.4,-106.2,"positive",0.242104691568235,0.00274447006122113,TRUE,0.242104691568235,0.00274447006122113,TRUE,0.242104691568235,0.0137223503061056,TRUE,0.241839086105609,0.0027750987440875,TRUE,0.241839086105609,0.0188942893214468,TRUE,151
"NAm_3748","NAm-WrangellsComposite.D'Arrigo.2006","Wood","MXD",62,-142,"positive",0.214817195115392,0.0132507311341831,TRUE,0.214817195115392,0.0132507311341831,TRUE,0.214817195115392,0.0484598167192982,TRUE,0.150395203582866,0.0784532137129389,FALSE,0.150395203582866,0.217228762529826,FALSE,141
"NAm_3760","NAm-NorthernAlaskaComposite.D'Arrigo.2006","Wood","MXD",67,-152,"positive",0.119733301044972,0.223757688894166,FALSE,0.119733301044972,0.223757688894166,FALSE,0.119733301044972,0.413413316998292,FALSE,0.104102297760269,0.290586234339925,FALSE,0.104102297760269,0.505367364069435,FALSE,105
"NAm_3772","NAm-FirthRiver.Anchukaitis.2013","Wood","MXD",68.7,-141.6,"positive",0.234980860893581,0.00947583493537775,TRUE,0.234980860893581,0.00947583493537775,TRUE,0.234980860893581,0.0367547536887379,TRUE,0.162034650917283,0.0757933327320395,FALSE,0.162034650917283,0.210903186732632,FALSE,121
"NAm_3796","NAm-STREC.Gennaretti.2014","Wood","temperature",54.21,-71.35,"positive",0.100458661274893,0.298009560972567,FALSE,0.100458661274893,0.298009560972567,FALSE,0.100458661274893,0.49739347913243,FALSE,0.0474056023218064,0.578736321590699,FALSE,0.0474056023218064,0.730554725479383,FALSE,151
"NAm_3798","NAm-HellsKitchenLake.Gajewski.1988","LakeSediment","temperature",46.2,-89.7,"positive",NA,NA,FALSE,NA,NA,FALSE,NA,NA,FALSE,NA,NA,FALSE,NA,NA,FALSE,12
"NAm_3801","NAm-BasinPond.Gajewski.1988","LakeSediment","temperature",44.5,-70.1,"positive",NA,NA,FALSE,NA,NA,FALSE,NA,NA,FALSE,NA,NA,FALSE,NA,NA,FALSE,8
"NAm_3804","NAm-ClearPond.Gajewski.1988","LakeSediment","temperature",33.8,-79,"positive",NA,NA,FALSE,NA,NA,FALSE,NA,NA,FALSE,NA,NA,FALSE,NA,NA,FALSE,4
"NAm_3807","NAm-ConroyLake.Gajewski.1988","LakeSediment","temperature",46.3,-67.9,"positive",NA,NA,FALSE,NA,NA,FALSE,NA,NA,FALSE,NA,NA,FALSE,NA,NA,FALSE,15
"NAm_3810","NAm-DarkLake.Gajewski.1988","LakeSediment","temperature",45.3,-91.5,"positive",NA,NA,FALSE,NA,NA,FALSE,NA,NA,FALSE,NA,NA,FALSE,NA,NA,FALSE,8
"NAm_3816","NAm-RubyLake.Gajewski.1988","LakeSediment","temperature",45.3,-91.5,"positive",NA,NA,FALSE,NA,NA,FALSE,NA,NA,FALSE,NA,NA,FALSE,NA,NA,FALSE,7
"NAm_3819","NAm-LittlePineLake.Gajewski.1988","LakeSediment","temperature",45.3,-91.5,"positive",NA,NA,FALSE,NA,NA,FALSE,NA,NA,FALSE,NA,NA,FALSE,NA,NA,FALSE,7
"NAm_3851","NAm-LakeoftheClouds.Gajewski.1988","LakeSediment","temperature",48,-91,"positive",NA,NA,FALSE,NA,NA,FALSE,NA,NA,FALSE,NA,NA,FALSE,NA,NA,FALSE,13
"NAm_3853","NAm-LacNoir.Paquette.2013","LakeSediment","temperature",45.8,-75.1,"positive",NA,NA,FALSE,NA,NA,FALSE,NA,NA,FALSE,NA,NA,FALSE,NA,NA,FALSE,20
"NAm_3865","NAm-GreenLake.Menounos.2006","LakeSediment","thickness",50.2,-122.9,"positive",0.348509104763419,0.000184386813918637,TRUE,0.348509104763419,0.000184386813918637,TRUE,0.348509104763419,0.00193455017881848,TRUE,0.256921540387725,0.00311017245345652,TRUE,0.256921540387725,0.0201190158482357,TRUE,149
"NAm_3867","NAm-LakeMina.St.Jacques.2008","LakeSediment","temperature",45.89,-95.478,"positive",NA,NA,FALSE,NA,NA,FALSE,NA,NA,FALSE,NA,NA,FALSE,NA,NA,FALSE,13
"NAm_3868","NAm-LakeMina.St.Jacques.2008","LakeSediment","temperature",45.89,-95.478,"positive",NA,NA,FALSE,NA,NA,FALSE,NA,NA,FALSE,NA,NA,FALSE,NA,NA,FALSE,13
"NAm_3870","NAm-OregonCaves.Ersek.2012","Speleothem","d18O",42.083,-123.416,"positive",NA,NA,FALSE,NA,NA,FALSE,NA,NA,FALSE,NA,NA,FALSE,NA,NA,FALSE,0
"NAm_388","NAm-PrinceWilliamSound.Barclay.1999","Wood","trsgi",60.5,-148.3,"positive",0.238378406627907,0.0145458782694348,TRUE,0.238378406627907,0.0145458782694348,TRUE,0.238378406627907,0.0525952660589732,TRUE,0.183922628200222,0.0535525125361575,FALSE,0.183922628200222,0.168286359186337,FALSE,133
"NAm_412","NAm-DeerMountain.Wiles.2011","Wood","trsgi",55.3,-131.6,"positive",0.417280120037798,2.11100113586156e-05,TRUE,0.417280120037798,2.11100113586156e-05,TRUE,0.417280120037798,0.000314195517895674,TRUE,0.365064540734664,0.000104806323060801,TRUE,0.365064540734664,0.00154783491518044,TRUE,145
"NAm_424","NAm-McGinnisTrail.Wiles.2013","Wood","trsgi",58.4,-134.6,"positive",0.360273946317323,0.000500472238554589,TRUE,0.360273946317323,0.000500472238554589,TRUE,0.360273946317323,0.0038460415457712,TRUE,0.308245196034175,0.0017686833349451,TRUE,0.308245196034175,0.0128631515268734,TRUE,145
"NAm_436","NAm-SouthernAlaskacomposite.D'Arrigo.2006","Wood","trsgi",56,-132,"positive",0.304674391040352,0.00265736234833403,TRUE,0.304674391040352,0.00265736234833403,TRUE,0.304674391040352,0.0133914323065652,TRUE,0.257043479586825,0.00797104881780495,TRUE,0.257043479586825,0.0428695062470182,TRUE,146
"NAm_448","NAm-SewardComposite.D'Arrigo.2006","Wood","trsgi",65.2,-162.3,"positive",-0.0880058883191328,0.41676514225669,FALSE,-0.0880058883191328,0.41676514225669,FALSE,-0.0880058883191328,0.630566645494755,FALSE,-0.146828808894145,0.157766041290839,FALSE,-0.146828808894145,0.350228516411739,FALSE,110
"NAm_460","NAm-SewardComposite.D'Arrigo.2006","Wood","MXD",65.2,-162.3,"positive",0.141787906749213,0.139522301085441,FALSE,0.141787906749213,0.139522301085441,FALSE,0.141787906749213,0.302692449812483,FALSE,0.0698237286010816,0.468551944244148,FALSE,0.0698237286010816,0.660513754000561,FALSE,110
"NAm_484","NAm-StarrigawanOldSitka.Kaiser.1996","Wood","trsgi",57.1,-135.4,"positive",0.0486370317889435,0.683589341431558,FALSE,0.0486370317889435,0.683589341431558,FALSE,0.0486370317889435,0.822363117511649,FALSE,0.0875505182382268,0.449654189641689,FALSE,0.0875505182382268,0.645083002440327,FALSE,131
"NAm_520","NAm-SnowBowlSanFranciscoPeak.Briffa.2002","Wood","MXD",35.4,-110.2,"positive",0.23954601508057,0.00533700249006354,TRUE,0.23954601508057,0.00533700249006354,TRUE,0.23954601508057,0.0235564247837287,TRUE,0.240282336533557,0.00516590332292228,TRUE,0.240282336533557,0.0292582135103563,TRUE,134
"NAm_568","NAm-MtLemon.Briffa.2002","Wood","MXD",32.5,-110.8,"positive",0.0677507518594884,0.436676083556795,FALSE,0.0677507518594884,0.436676083556795,FALSE,0.0677507518594884,0.649936496456625,FALSE,0.0641653007229521,0.461385200664919,FALSE,0.0641653007229521,0.651846641116,FALSE,134
"NAm_616","NAm-FlowerLake.Graybill.1995","Wood","trsgi",36.5,-118.2,"positive",-0.000611955961857247,0.995138719227475,FALSE,-0.000611955961857247,0.995138719227475,FALSE,-0.000611955961857247,0.99658556742321,FALSE,0.0317928213820352,0.734761245744173,FALSE,0.0317928213820352,0.844249905343395,FALSE,138
"NAm_628","NAm-TimberGapUpper.Graybill.1995","Wood","trsgi",36.3,-118.4,"positive",0.0344314384778543,0.731400459678291,FALSE,0.0344314384778543,0.731400459678291,FALSE,0.0344314384778543,0.846966907034825,FALSE,0.0925829950579308,0.30218486350063,FALSE,0.0925829950579308,0.51303335827118,FALSE,138
"NAm_640","NAm-CirquePeak.Graybill.1995","Wood","trsgi",36.3,-118.2,"positive",-0.0669362616520569,0.496408202138428,FALSE,-0.0669362616520569,0.496408202138428,FALSE,-0.0669362616520569,0.696713266159197,FALSE,-0.0578540308452943,0.537375296388314,FALSE,-0.0578540308452943,0.7087226301418,FALSE,138
"NAm_664","NAm-SheepMountain.Graybill.1995","Wood","trsgi",37.2,-118.1,"positive",0.0581434347590157,0.553815304077574,FALSE,0.0581434347590157,0.553815304077574,FALSE,0.0581434347590157,0.73947637782444,FALSE,0.0829785269416185,0.35444247201476,FALSE,0.0829785269416185,0.557815407826,FALSE,141
"NAm_760","NAm-YosemiteParkEEingang.Briffa.1996","Wood","MXD",37.8,-119.3,"positive",0.306017423586063,0.000323293496792844,TRUE,0.306017423586063,0.000323293496792844,TRUE,0.306017423586063,0.00279605186415433,TRUE,0.299211827552004,0.0004447631726308,TRUE,0.299211827552004,0.00424848403707033,TRUE,134
"NAm_772","NAm-DanaPlateauInyoNationalForest.King.2000","Wood","trsgi",37.9,-119.2,"positive",0.0910253976252604,0.309297683569098,FALSE,0.0910253976252604,0.309297683569098,FALSE,0.0910253976252604,0.510181746093358,FALSE,0.0953277450844341,0.285983535730191,FALSE,0.0953277450844341,0.501450583198144,FALSE,147
"NAm_796","NAm-SpillwayLakeYosemiteNationalPark.King.2000","Wood","trsgi",37.8,-119.2,"positive",0.0417131111629588,0.658124184197961,FALSE,0.0417131111629588,0.658124184197961,FALSE,0.0417131111629588,0.804832234604455,FALSE,0.0180983249873275,0.845287527174338,FALSE,0.0180983249873275,0.911381652665203,FALSE,147
"NAm_808","NAm-FishCreekTrail.Biondi.2001","Wood","trsgi",34.1,-116.8,"positive",0.302785136990752,0.00962307707521371,TRUE,0.302785136990752,0.00962307707521371,TRUE,0.302785136990752,0.0371010200490167,TRUE,0.332506535660084,0.00166346581220043,TRUE,0.332506535660084,0.0123369931899739,TRUE,146
"NAm_868","NAm-BorealPlateau.Graumlich.2005","Wood","trsgi",36.3,-118.3,"positive",0.0209643574712451,0.828796981457757,FALSE,0.0209643574712451,0.828796981457757,FALSE,0.0209643574712451,0.917699079814818,FALSE,0.00795672737836632,0.931905178374226,FALSE,0.00795672737836632,0.961242964148029,FALSE,143
"NAm_880","NAm-UpperWrightLakes.Graumlich.2005","Wood","trsgi",36.4,-118.2,"positive",-0.008012262081448,0.934329623237331,FALSE,-0.008012262081448,0.934329623237331,FALSE,-0.008012262081448,0.966027397208226,FALSE,-0.0336419017185449,0.707517907888168,FALSE,-0.0336419017185449,0.83084671752005,FALSE,143
"NAm_916","NAm-FortChimo.Fritts.1981","Wood","trsgi",58.4,-68.4,"positive",0.279929056098251,0.0114224086192879,TRUE,0.279929056098251,0.0114224086192879,TRUE,0.279929056098251,0.0432564586765933,TRUE,0.13927213550571,0.149948737468582,FALSE,0.13927213550571,0.3415202561562,FALSE,124
"NAm_940","NAm-SpruceCreek.Church.1981","Wood","trsgi",68.6,-138.6,"positive",0.128710110011713,0.216730576413827,FALSE,0.128710110011713,0.216730576413827,FALSE,0.128710110011713,0.405657363242989,FALSE,0.110310152670035,0.293340582476078,FALSE,0.110310152670035,0.507399926445108,FALSE,99
"NAm_976","NAm-PethaiPeninsula.Schweingruber.1996","Wood","MXD",62.7,-111,"positive",0.069496091748431,0.529748530503051,FALSE,0.069496091748431,0.529748530503051,FALSE,0.069496091748431,0.725993703473132,FALSE,0.0587868170383767,0.562668903996101,FALSE,0.0587868170383767,0.724563578586529,FALSE,110
"NAm2kHydro069","JPC76.Friddell.2002","MarineSediment","d18O",34.27,-120.07,"negative",NA,NA,FALSE,NA,NA,FALSE,NA,NA,FALSE,NA,NA,FALSE,NA,NA,FALSE,0
"NAm2kHydro109","MV99-GC41.Marchitto.2010","MarineSediment","temperature",25.2,-112.7,"positive",NA,NA,FALSE,NA,NA,FALSE,NA,NA,FALSE,NA,NA,FALSE,NA,NA,FALSE,0
"NAm2kHydro111","P178-15P.Tierney.2015","MarineSediment","temperature",11.955,44.3,"positive",NA,NA,FALSE,NA,NA,FALSE,NA,NA,FALSE,NA,NA,FALSE,NA,NA,FALSE,2
"NPM11111","IC00SC18","GlacierIce","d18O",76.617,-36.4033,"positive",0.0875916976609248,0.494070646028231,FALSE,0.0875916976609248,0.494070646028231,FALSE,0.0875916976609248,0.696487254312924,FALSE,0.193947297296523,0.0950811610152294,FALSE,0.193947297296523,0.249019645146311,FALSE,143
"NPMlaanila2","Arc-Laanila.Lindholm.2013","Wood","MXD",68.4917,27.3333,"positive",0.552879152029273,8.92574931273225e-11,TRUE,0.552879152029273,8.92574931273225e-11,TRUE,0.552879152029273,5.19316323649876e-09,TRUE,0.453119225243647,2.14853408197107e-08,TRUE,0.453119225243647,8.08859889683225e-07,TRUE,151
"O2kLR_007","Ocn-WesternSvalbard.Spielhagen.2011","MarineSediment","temperature",78.91,6.77,"positive",NA,NA,FALSE,NA,NA,FALSE,NA,NA,FALSE,NA,NA,FALSE,NA,NA,FALSE,9
"O2kLR_017","Ocn-GarrisonBasin.Richey.2009","MarineSediment","temperature",26.68,-93.93,"positive",NA,NA,FALSE,NA,NA,FALSE,NA,NA,FALSE,NA,NA,FALSE,NA,NA,FALSE,7
"O2kLR_030","Ocn-LaurentianFan.Keigwin.2005","MarineSediment","temperature",43.48,-54.87,"positive",NA,NA,FALSE,NA,NA,FALSE,NA,NA,FALSE,NA,NA,FALSE,NA,NA,FALSE,1
"O2kLR_045","Ocn-NorthIceland.Sicre.2011","MarineSediment","temperature",66.55,-17.42,"positive",-0.0714180034074753,0.626942052348012,FALSE,-0.0714180034074753,0.626942052348012,FALSE,-0.0714180034074753,0.786617846276134,FALSE,0.153029588671472,0.256673020319006,FALSE,0.153029588671472,0.473402688772806,FALSE,59
"O2kLR_047","Ocn-SouthIceland.Sicre.2011","MarineSediment","temperature",57.45,-27.91,"positive",NA,NA,FALSE,NA,NA,FALSE,NA,NA,FALSE,NA,NA,FALSE,NA,NA,FALSE,0
"O2kLR_066","Ocn-DryTortugasA.Lund.2006","MarineSediment","temperature",24.33,-83.26,"positive",NA,NA,FALSE,NA,NA,FALSE,NA,NA,FALSE,NA,NA,FALSE,NA,NA,FALSE,2
"O2kLR_074","Ocn-EmeraldBasin.Keigwin.2003","MarineSediment","temperature",45.89,-62.8,"positive",NA,NA,FALSE,NA,NA,FALSE,NA,NA,FALSE,NA,NA,FALSE,NA,NA,FALSE,13
"O2kLR_082","Ocn-SubTropicalEasternNorthAtlantic.deMenocal.2000","MarineSediment","temperature",20.75,-18.5833,"positive",NA,NA,FALSE,NA,NA,FALSE,NA,NA,FALSE,NA,NA,FALSE,NA,NA,FALSE,0
"O2kLR_101","Ocn-CapeHatteras.Cleroux.2008","MarineSediment","temperature",34.973,-75.201,"positive",NA,NA,FALSE,NA,NA,FALSE,NA,NA,FALSE,NA,NA,FALSE,NA,NA,FALSE,0
"O2kLR_105","Ocn-MD95-2011.Grimalt.2002","MarineSediment","temperature",66.97,7.63,"positive",NA,NA,FALSE,NA,NA,FALSE,NA,NA,FALSE,NA,NA,FALSE,NA,NA,FALSE,0
"O2kLR_112","Ocn-CapeGhir.Doose-Rolinski.2007","MarineSediment","temperature",30.85,-10.2685,"positive",NA,NA,FALSE,NA,NA,FALSE,NA,NA,FALSE,NA,NA,FALSE,NA,NA,FALSE,3
"O2kLR_114","Ocn-ArabianSea.Doose-Rolinski.2001","MarineSediment","temperature",24.83,65.92,"positive",NA,NA,FALSE,NA,NA,FALSE,NA,NA,FALSE,NA,NA,FALSE,NA,NA,FALSE,10
"O2kLR_118","Ocn-SWCoastOfIndia.Saraswat.2013","MarineSediment","temperature",10.98,74.9993,"positive",NA,NA,FALSE,NA,NA,FALSE,NA,NA,FALSE,NA,NA,FALSE,NA,NA,FALSE,0
"O2kLR_131","Ocn-WEqPacific.Stott.2007","MarineSediment","temperature",-5,133.44,"positive",NA,NA,FALSE,NA,NA,FALSE,NA,NA,FALSE,NA,NA,FALSE,NA,NA,FALSE,0
"O2kLR_135","Ocn-MakassarStrait.Linsley.2010","MarineSediment","temperature",-7.4,115.2,"positive",NA,NA,FALSE,NA,NA,FALSE,NA,NA,FALSE,NA,NA,FALSE,NA,NA,FALSE,0
"O2kLR_135_iso2k","MS10BLMS","MarineSediment","temperature",-7.4,115.2,"positive",NA,NA,FALSE,NA,NA,FALSE,NA,NA,FALSE,NA,NA,FALSE,NA,NA,FALSE,0
"O2kLR_146","Ocn-NorthwestPacificOcean.Harada.2004","MarineSediment","temperature",46.32,152.53,"positive",NA,NA,FALSE,NA,NA,FALSE,NA,NA,FALSE,NA,NA,FALSE,NA,NA,FALSE,0
"O2kLR_148","Ocn-MakassarStrait.Oppo.2009","MarineSediment","temperature",-3.53,119.2,"positive",-0.0892315886294949,0.664749613010543,FALSE,-0.0892315886294949,0.664749613010543,FALSE,-0.0892315886294949,0.804832234604455,FALSE,-0.44227785574947,0.0124275191109524,FALSE,-0.44227785574947,0.0589156461556262,FALSE,33
"O2kLR_150","Ocn-GreatBarrierReef.Hendy.2002","Coral","temperature",-18.315,146.595,"positive",NA,NA,FALSE,NA,NA,FALSE,NA,NA,FALSE,NA,NA,FALSE,NA,NA,FALSE,22
"O2kLR_165","Ocn-OkinawaTrough.Wu.2012","MarineSediment","temperature",24.8,122.5,"positive",NA,NA,FALSE,NA,NA,FALSE,NA,NA,FALSE,NA,NA,FALSE,NA,NA,FALSE,0
"O2kLR_175","Ocn-KuroshioCurrent.Isono.2009","MarineSediment","temperature",36.03,141.78,"positive",NA,NA,FALSE,NA,NA,FALSE,NA,NA,FALSE,NA,NA,FALSE,NA,NA,FALSE,4
"O2kLR_183","Ocn-SantaBarbaraBasin.Zhao.2000","MarineSediment","temperature",34.23,-120.02,"positive",0.15408042217152,0.287789339041298,FALSE,0.15408042217152,0.287789339041298,FALSE,0.15408042217152,0.485061822882236,FALSE,0.153027817190972,0.296364505624203,FALSE,0.153027817190972,0.509874418278198,FALSE,90
"O2kLR_187","Ocn-ChileanMargin.Lamy.2002","MarineSediment","temperature",-41,-74.45,"positive",NA,NA,FALSE,NA,NA,FALSE,NA,NA,FALSE,NA,NA,FALSE,NA,NA,FALSE,0
"O2kLR_195","Ocn-SouthernChileMargin.Mohtadi.2007","MarineSediment","temperature",-44.15,-75.16,"positive",NA,NA,FALSE,NA,NA,FALSE,NA,NA,FALSE,NA,NA,FALSE,NA,NA,FALSE,2
"Ocean2kHR_001","Ocn-Malindi.Cole.2000","Coral","d18O",-3.2,40.1,"negative",-0.51877721414714,0.000171065388659473,TRUE,-0.51877721414714,0.000171065388659473,TRUE,-0.51877721414714,0.00185562455495022,TRUE,-0.429541824485574,0.000272472365202301,TRUE,-0.429541824485574,0.00272472365202301,TRUE,116
"Ocean2kHR_002","Ocn-Mayotte.Zinke.2008","Coral","d18O",-12.65,45.1,"negative",-0.307104004644823,0.0072762608977215,TRUE,-0.307104004644823,0.0072762608977215,TRUE,-0.307104004644823,0.0303502620502884,TRUE,-0.0263647612544224,0.790866559145786,FALSE,-0.0263647612544224,0.878740621273095,FALSE,116
"Ocean2kHR_003","Ocn-Mayotte.Zinke.2008","Coral","Sr/Ca",-12.65,45.1,"negative",-0.344523169737564,0.00198239838036623,TRUE,-0.344523169737564,0.00198239838036623,TRUE,-0.344523169737564,0.0107519912155457,TRUE,-0.192673821158297,0.0558312890165639,FALSE,-0.192673821158297,0.1743025608322,FALSE,113
"Ocean2kHR_005","Ocn-Mayotte.Zinke.2008","Coral","d18O",-12.65,45.1,"positive",0.0904981477578561,0.419861842150215,FALSE,0.0904981477578561,0.419861842150215,FALSE,0.0904981477578561,0.633717037845164,FALSE,0.145597412046823,0.150695365687556,FALSE,0.145597412046823,0.342003666808637,FALSE,113
"Ocean2kHR_006","Ocn-Lombok.Charles.2003","Coral","d18O",-8.2473,115.5757,"negative",-0.140935610751472,0.149665173434012,FALSE,-0.140935610751472,0.149665173434012,FALSE,-0.140935610751472,0.316124458738508,FALSE,-0.125228017493834,0.176918406506655,FALSE,-0.125228017493834,0.379293556907029,FALSE,140
"Ocean2kHR_007","Ocn-Mafia.Damassa.2006","Coral","d18O",-8.0167,39.5,"negative",0.0954040519813235,0.456628739724293,FALSE,0.0954040519813235,0.456628739724293,FALSE,0.0954040519813235,0.670280718861347,FALSE,0.225100513500912,0.0570642183814103,FALSE,0.225100513500912,0.174896424354752,FALSE,102
"Ocean2kHR_008","Ocn-Ningaloo.Kuhnert.2000","Coral","d18O",-21.905,113.965,"negative",-0.613015383678129,1.76331289206749e-07,TRUE,-0.613015383678129,1.76331289206749e-07,TRUE,-0.613015383678129,4.90660978662258e-06,TRUE,-0.34607205842813,0.000368153627406432,TRUE,-0.34607205842813,0.00356997456878964,TRUE,117
"Ocean2kHR_010","Ocn-MentawaiIslands.Abram.2008","Coral","d18O",-0.13,98.52,"negative",-0.25297340722311,0.0228618064152499,TRUE,-0.25297340722311,0.0228618064152499,TRUE,-0.25297340722311,0.0731577805287998,TRUE,0.0139956358824921,0.883856870418943,FALSE,0.0139956358824921,0.931908397146826,FALSE,141
"Ocean2kHR_011","Ocn-Mahe.Charles.1997","Coral","d18O",-4.62,55,"negative",-0.582494687228764,2.3958813140854e-06,TRUE,-0.582494687228764,2.3958813140854e-06,TRUE,-0.582494687228764,4.64655770004442e-05,TRUE,-0.365267044954278,0.000506213161824464,TRUE,-0.365267044954278,0.0046282346223951,TRUE,125
"Ocean2kHR_012","Ocn-Malindi.Nakamura.2009","Coral","d18O",-3.2,40.1,"negative",-0.478898087992791,0.000856093749373286,TRUE,-0.478898087992791,0.000856093749373286,TRUE,-0.478898087992791,0.00582872339998833,TRUE,0.0317752556489062,0.765762826124969,FALSE,0.0317752556489062,0.862074885679264,FALSE,114
"Ocean2kHR_013","Ocn-Reunion.Pfeiffer.2004","Coral","d18O",-21.0333,55.25,"negative",-0.336157243500573,0.00617448473527084,TRUE,-0.336157243500573,0.00617448473527084,TRUE,-0.336157243500573,0.0261700015269757,TRUE,-0.0051101134892284,0.957168791553389,FALSE,-0.0051101134892284,0.972361946974872,FALSE,147
"Ocean2kHR_014","Ocn-AqabaJordanAQ18.Heiss.1999","Coral","d18O",29.42,34.97,"negative",-0.0836867625901955,0.393465632368488,FALSE,-0.0836867625901955,0.393465632368488,FALSE,-0.0836867625901955,0.607296208750178,FALSE,-0.0301585382169697,0.752704575322653,FALSE,-0.0301585382169697,0.853864670092518,FALSE,123
"Ocean2kHR_016","Ocn-AqabaJordanAQ19.Heiss.1999","Coral","d18O",29.42,34.97,"negative",-0.157127185575795,0.148998415088983,FALSE,-0.157127185575795,0.148998415088983,FALSE,-0.157127185575795,0.316124458738508,FALSE,-0.115188600668583,0.252617617020065,FALSE,-0.115188600668583,0.467359812058934,FALSE,107
"Ocean2kHR_018","Ocn-SinaiPeninsula,RedSea.Moustafa.2000","Coral","d18O",27.8483,34.31,"negative",-0.185612876668916,0.0939213002735296,FALSE,-0.185612876668916,0.0939213002735296,TRUE,-0.185612876668916,0.22512970852082,FALSE,-0.237979925150062,0.0279944647645697,TRUE,-0.237979925150062,0.107284176343261,FALSE,97
"Ocean2kHR_019","Ocn-RedSea.Felis.2000","Coral","d18O",27.85,34.32,"negative",-0.265195640947114,0.00864197269813126,TRUE,-0.265195640947114,0.00864197269813126,TRUE,-0.265195640947114,0.0342782663769701,TRUE,-0.182505449125925,0.0579985461915546,FALSE,-0.182505449125925,0.176116921741633,FALSE,127
"Ocean2kHR_020","Ocn-Ifaty4.Zinke.2004","Coral","d18O",-23.15,43.58,"negative",0.096778055489516,0.339472899010269,FALSE,0.096778055489516,0.339472899010269,FALSE,0.096778055489516,0.548643069107505,FALSE,-0.0703446000860855,0.437808084577086,FALSE,-0.0703446000860855,0.636731283618837,FALSE,147
"Ocean2kHR_021","Ocn-Ifaty1.Zinke.2014","Coral","d18O",-23.15,43.58,"negative",-0.389300997760689,0.000285628243162838,TRUE,-0.389300997760689,0.000285628243162838,TRUE,-0.389300997760689,0.00257467712146783,TRUE,-0.230026264854486,0.020373710807669,TRUE,-0.230026264854486,0.0835844545955653,TRUE,113
"Ocean2kHR_022","Ocn-IfatyTul3.Zinke.2014","Coral","d18O",-23.3572,43.6195,"negative",-0.438870342897068,0.000135676997330227,TRUE,-0.438870342897068,0.000135676997330227,TRUE,-0.438870342897068,0.0015505942552026,TRUE,-0.22199827154986,0.0361258672815887,TRUE,-0.22199827154986,0.126341830930146,FALSE,90
"Ocean2kHR_023","Ocn-HoutmanAbrolhos.Kuhnert.1999","Coral","d18O",-28.47,113.77,"negative",-0.611119749284092,9.71936400120714e-12,TRUE,-0.611119749284092,9.71936400120714e-12,TRUE,-0.611119749284092,8.88627565824653e-10,TRUE,-0.543790945400058,8.85061208596225e-11,TRUE,-0.543790945400058,1.34534090878275e-08,TRUE,141
"Ocean2kHR_025","Ocn-HoutmanAbrolhosHAB05B.Zinke.2014","Coral","Sr/Ca",-28.4609,113.772,"negative",-0.587892382258456,1.18008912894437e-07,TRUE,-0.587892382258456,1.18008912894437e-07,TRUE,-0.587892382258456,3.59646210725904e-06,TRUE,-0.289645417714497,0.00153199092514213,TRUE,-0.289645417714497,0.0117224746485777,TRUE,133
"Ocean2kHR_026","Ocn-HoutmanAbrolhosHAB10A.Zinke.2014","Coral","d18O",-28.4589,113.749,"negative",-0.332301994487546,0.00149006326697594,TRUE,-0.332301994487546,0.00149006326697594,TRUE,-0.332301994487546,0.00876318482203122,TRUE,-0.131069822974709,0.161189725438225,FALSE,-0.131069822974709,0.351747994018469,FALSE,136
"Ocean2kHR_027","Ocn-HoutmanAbrolhosHAB10A.Zinke.2014","Coral","Sr/Ca",-28.4589,113.749,"negative",-0.604116116152984,2.01478339871247e-07,TRUE,-0.604116116152984,2.01478339871247e-07,TRUE,-0.604116116152984,5.15784550070392e-06,TRUE,-0.37867078777618,9.87641182053556e-05,TRUE,-0.37867078777618,0.00154783491518044,TRUE,134
"Ocean2kHR_094","Ocn-BermudaSouthShore.Goodkin.2008","Coral","d18O",30.6486,-64.9888,"negative",0.173452745441475,0.112062563072587,FALSE,0.173452745441475,0.112062563072587,FALSE,0.173452745441475,0.25798575671387,FALSE,0.221513235239885,0.0351123098390805,FALSE,0.221513235239885,0.124986992053574,FALSE,141
"Ocean2kHR_095","Ocn-BermudaSouthShore.Goodkin.2008","Coral","Sr/Ca",30.6486,-64.9888,"negative",-0.0590850190652316,0.6591520591515,FALSE,-0.0590850190652316,0.6591520591515,FALSE,-0.0590850190652316,0.804832234604455,FALSE,0.144451535444282,0.228131163713526,FALSE,0.144451535444282,0.445133977977611,FALSE,141
"Ocean2kHR_096","Ocn-LosRoques.Hetzinger.2008","Coral","d18O",11.77,-66.75,"negative",-0.530154845446537,0.000488495441466145,TRUE,-0.530154845446537,0.000488495441466145,TRUE,-0.530154845446537,0.00381264734802845,TRUE,-0.387416704190555,0.00430452211997617,TRUE,-0.387416704190555,0.0255082792294884,TRUE,83
"Ocean2kHR_097","Ocn-Guadeloupe.Steinhilber.2010","Coral","d18O",16.2,-61.49,"negative",-0.501068708331926,1.49616828451773e-05,TRUE,-0.501068708331926,1.49616828451773e-05,TRUE,-0.501068708331926,0.00025198623739246,TRUE,-0.420741005414171,0.000132811314804321,TRUE,-0.420741005414171,0.00176176862285141,TRUE,102
"Ocean2kHR_098","Ocn-Guadeloupe.Steinhilber.2010","Coral","Sr/Ca",16.2,-61.49,"negative",-0.545890426512044,0.000230257814100555,TRUE,-0.545890426512044,0.000230257814100555,TRUE,-0.545890426512044,0.00230257814100555,TRUE,-0.336704787362071,0.00818429986318155,TRUE,-0.336704787362071,0.0433438613143328,TRUE,102
"Ocean2kHR_099","Ocn-TurrumoteReefPuertoRico.Kilbourne.2008","Coral","d18O",17.93,-67,"negative",-0.465171626295172,0.000105519492209115,TRUE,-0.465171626295172,0.000105519492209115,TRUE,-0.465171626295172,0.00125060138914507,TRUE,-0.247208943304459,0.0171762861946409,TRUE,-0.247208943304459,0.0742758321930418,TRUE,141
"Ocean2kHR_100","Ocn-TurrumoteReefPuertoRico.Kilbourne.2008","Coral","Sr/Ca",17.93,-67,"negative",-0.203919285046757,0.065356303563587,FALSE,-0.203919285046757,0.065356303563587,TRUE,-0.203919285046757,0.174283476169565,FALSE,-0.0461151724493552,0.650390288364822,FALSE,-0.0461151724493552,0.78537695198771,FALSE,141
"Ocean2kHR_102","Ocn-NorthEastBreakers_Bermuda.Kuhnert.2002","Coral","d18O",32.47,-64.7,"negative",NA,NA,FALSE,NA,NA,FALSE,NA,NA,FALSE,NA,NA,FALSE,NA,NA,FALSE,0
"Ocean2kHR_105","Ocn-NorthEastBreakers_Bermuda.Kuhnert.2005","Coral","d18O",32.467,-64.7,"negative",-0.0583110893243665,0.607256670919112,FALSE,-0.0583110893243665,0.607256670919112,FALSE,-0.0583110893243665,0.771119582119507,FALSE,0.00136415868447639,0.990177779945207,FALSE,0.00136415868447639,0.991727353935732,FALSE,126
"Ocean2kHR_106","Ocn-NorthEastBreakers_Bermuda.Kuhnert.2005","Coral","Sr/Ca",32.467,-64.7,"negative",0.00435982047866539,0.972960832359498,FALSE,0.00435982047866539,0.972960832359498,FALSE,0.00435982047866539,0.988094481959161,FALSE,-0.132762546511643,0.261355826800824,FALSE,-0.132762546511643,0.479277160895494,FALSE,113
"Ocean2kHR_107","Ocn-PedradeLume-CapeVerdeIslands.Moses.2006","Coral","d18O",16.76,-22.8883,"negative",-0.0163846921808533,0.919908523287585,FALSE,-0.0163846921808533,0.919908523287585,FALSE,-0.0163846921808533,0.958172989846133,FALSE,0.0338512609334798,0.830648121038998,FALSE,0.0338512609334798,0.903071513379339,FALSE,72
"Ocean2kHR_108","Ocn-BuccooReefTobagoMontastrea.Moses.2006","Coral","d18O",11.17,-60.85,"negative",0.195886245225562,0.220729401970746,FALSE,0.195886245225562,0.220729401970746,FALSE,0.195886245225562,0.409829791868637,FALSE,0.30071337662471,0.0457087825555365,FALSE,0.30071337662471,0.150791859977028,FALSE,64
"Ocean2kHR_110","Ocn-BuccooReefTobagoSidereastrea.Moses.2006","Coral","d18O",11.17,-60.85,"negative",0.194927603666407,0.262874609836029,FALSE,0.194927603666407,0.262874609836029,FALSE,0.194927603666407,0.454702027824483,FALSE,0.201799388373401,0.210893799912716,FALSE,0.201799388373401,0.427126683367526,FALSE,59
"Ocean2kHR_112","Ocn-TongueoftheOceanExuma.Rosenheim.2005","Sclerosponge","d18O",23.766,-76.053,"negative",-0.189902611914371,0.234966907570804,FALSE,-0.189902611914371,0.234966907570804,FALSE,-0.189902611914371,0.428429689017991,FALSE,-0.105007415286515,0.455617788107721,FALSE,-0.105007415286515,0.647989743086537,FALSE,101
"Ocean2kHR_113","Ocn-TongueoftheOceanExuma.Rosenheim.2005","Sclerosponge","Sr/Ca",23.766,-76.053,"negative",-0.381945200554385,0.0121955745802197,TRUE,-0.381945200554385,0.0121955745802197,TRUE,-0.381945200554385,0.045644255738834,TRUE,-0.0221216493653268,0.865278020808398,FALSE,-0.0221216493653268,0.919896899198297,FALSE,101
"Ocean2kHR_114","Ocn-TongueoftheOcean.Rosenheim.2005","Sclerosponge","d18O",23.504,-76.577,"negative",-0.196599341182785,0.255919109070648,FALSE,-0.196599341182785,0.255919109070648,FALSE,-0.196599341182785,0.450380617039309,FALSE,0.0500505998351862,0.732117479058253,FALSE,0.0500505998351862,0.844249905343395,FALSE,101
"Ocean2kHR_115","Ocn-TongueoftheOcean.Rosenheim.2005","Sclerosponge","Sr/Ca",23.504,-76.577,"negative",-0.158256860579303,0.199254702917056,FALSE,-0.158256860579303,0.199254702917056,FALSE,-0.158256860579303,0.381805418763221,FALSE,0.116624793198844,0.300102868873224,FALSE,0.116624793198844,0.51303335827118,FALSE,101
"Ocean2kHR_116","Ocn-FloridaBay.Swart.1996","Coral","d18O",24.93,-80.75,"positive",0.048077506907781,0.692420766180519,FALSE,0.048077506907781,0.692420766180519,FALSE,0.048077506907781,0.823697565716603,FALSE,0.0470648684174647,0.695462084818994,FALSE,0.0470648684174647,0.824251359785475,FALSE,136
"Ocean2kHR_118","Ocn-BiscayneBay.Swart.1996","Coral","d18O",25.38,-80.17,"positive",0.0200960090199599,0.844814432131677,FALSE,0.0200960090199599,0.844814432131677,FALSE,0.0200960090199599,0.92482368197946,FALSE,0.00777947628485324,0.938555866997399,FALSE,0.00777947628485324,0.964809902646542,FALSE,137
"Ocean2kHR_122","Ocn-GulfofMaine.Wanamaker.2007","MarineSediment","d18O",43.6561,-69.8017,"negative",-0.281340812339595,0.0226481641151965,TRUE,-0.281340812339595,0.0226481641151965,TRUE,-0.281340812339595,0.0728383167523907,TRUE,-0.36821924421024,0.000649939996680347,TRUE,-0.36821924421024,0.00562110267399219,TRUE,137
"Ocean2kHR_123","Ocn-DryTortugas.DeLong.2014","Coral","Sr/Ca",24.6,-82.3,"negative",-0.16222698097345,0.146160690321808,FALSE,-0.16222698097345,0.146160690321808,FALSE,-0.16222698097345,0.313902153711265,FALSE,-0.0919732078108298,0.37219090080678,FALSE,-0.0919732078108298,0.574254847449384,FALSE,151
"Ocean2kHR_124","Ocn-Bermuda.DraschbaA.2000","Coral","d18O",30.0867,-64.5417,"negative",NA,NA,FALSE,NA,NA,FALSE,NA,NA,FALSE,NA,NA,FALSE,NA,NA,FALSE,20
"Ocean2kHR_125","Ocn-Bermuda.DraschbaB.2000","Coral","d18O",30.0867,-64.5417,"negative",NA,NA,FALSE,NA,NA,FALSE,NA,NA,FALSE,NA,NA,FALSE,NA,NA,FALSE,16
"Ocean2kHR_126","Ocn-MontegoBayJamaica.Haase-Schramm.2003","Sclerosponge","d18O",18.4667,-77.95,"negative",-0.167571699887614,0.403460061297162,FALSE,-0.167571699887614,0.403460061297162,FALSE,-0.167571699887614,0.616845077248066,FALSE,-0.182558259672039,0.362081394449148,FALSE,-0.182558259672039,0.56492879496538,FALSE,27
"Ocean2kHR_127","Ocn-MontegoBayJamaica.Haase-Schramm.2003","Sclerosponge","Sr/Ca",18.4667,-77.95,"negative",-0.347165176124068,0.121694920782707,FALSE,-0.347165176124068,0.121694920782707,FALSE,-0.347165176124068,0.273279822108535,FALSE,-0.157691685171387,0.413944398183363,FALSE,-0.157691685171387,0.614411500443927,FALSE,29
"Ocean2kHR_128","Ocn-PedroBankJamaica.Haase-Schramm.2003","Sclerosponge","d18O",17.5333,-78.95,"negative",-0.177188796446655,0.380717540009927,FALSE,-0.177188796446655,0.380717540009927,FALSE,-0.177188796446655,0.59284483115901,FALSE,-0.0326111770504206,0.863947395812395,FALSE,-0.0326111770504206,0.919896899198297,FALSE,34
"Ocean2kHR_129","Ocn-PedroBankJamaica.Haase-Schramm.2003","Sclerosponge","Sr/Ca",17.5333,-78.95,"negative",-0.298884803371166,0.254276384760568,FALSE,-0.298884803371166,0.254276384760568,FALSE,-0.298884803371166,0.450380617039309,FALSE,0.00431516108514164,0.983011640435068,FALSE,0.00431516108514164,0.988910164831188,FALSE,28
"Ocean2kHR_130","Ocn-GingerbreadsBahamas.Saenger.2009","Coral","calcificationRate",25.84,-78.62,"negative",-0.208473625564907,0.052453950391003,FALSE,-0.208473625564907,0.052453950391003,TRUE,-0.208473625564907,0.143463795941205,FALSE,-0.106893782584026,0.295462295172086,FALSE,-0.106893782584026,0.509692369030014,FALSE,142
"Ocean2kHR_131","Ocn-PuntaMaroma.Vasquez-Bedoya.2012","Coral","calcificationRate",20.83,-86.74,"negative",-0.369065590718013,0.00364617883645676,TRUE,-0.369065590718013,0.00364617883645676,TRUE,-0.369065590718013,0.0172855885580172,TRUE,-0.318255004323643,0.00946224131755649,TRUE,-0.318255004323643,0.0486432541570123,TRUE,151
"Ocean2kHR_132","Ocn-Moorea.Boiseau.1998","Coral","d18O",-17.5,-149.8333,"negative",-0.226910886371299,0.0730464220163253,FALSE,-0.226910886371299,0.0730464220163253,TRUE,-0.226910886371299,0.186253825061546,FALSE,-0.0821264378028863,0.475183518681957,FALSE,-0.0821264378028863,0.665464883930968,FALSE,109
"Ocean2kHR_133","Ocn-Vanuatu.Quinn.1996","Coral","d18O",-15,166.99,"negative",0.0340464327285234,0.796521705012702,FALSE,0.0340464327285234,0.796521705012702,FALSE,0.0340464327285234,0.891213096517708,FALSE,-0.127363598501836,0.305406804769217,FALSE,-0.127363598501836,0.515726530480999,FALSE,97
"Ocean2kHR_134","Ocn-AmedeeIsland.DeLong.2012","Coral","Sr/Ca",-22.475,166.4667,"negative",-0.586363003822794,1.78477434245935e-09,TRUE,-0.586363003822794,1.78477434245935e-09,TRUE,-0.586363003822794,7.13909736983738e-08,TRUE,-0.444116689997381,6.72711283062674e-07,TRUE,-0.444116689997381,1.7938967548338e-05,TRUE,128
"Ocean2kHR_135","Ocn-Kiritimati.Evans.1998","Coral","d18O",1.6792,-157.2473,"negative",-0.612789035381959,2.07793928394413e-05,TRUE,-0.612789035381959,2.07793928394413e-05,TRUE,-0.612789035381959,0.000314195517895674,TRUE,-0.554130111140776,8.66535135575815e-05,TRUE,-0.554130111140776,0.00145942759675927,TRUE,57
"Ocean2kHR_137","Ocn-XishaIslandSouthChinaSea.Sun.2004","Coral","Sr/Ca",16.85,112.33,"negative",-0.410785153221099,0.00117818587221041,TRUE,-0.410785153221099,0.00117818587221041,TRUE,-0.410785153221099,0.00710596382668886,TRUE,-0.13759676069686,0.218735021063645,FALSE,-0.13759676069686,0.437497225566161,FALSE,89
"Ocean2kHR_138","Ocn-SecasIslandPanama.Linsley.1994","Coral","d18O",7.95,-82,"negative",-0.180938745187495,0.105708628698395,FALSE,-0.180938745187495,0.105708628698395,FALSE,-0.180938745187495,0.246012808607174,FALSE,-0.0801771963718008,0.452273102462164,FALSE,-0.0801771963718008,0.645083002440327,FALSE,118
"Ocean2kHR_139","Ocn-Palmyra.Cobb.2013","Coral","d18O",5.87,-162.13,"negative",-0.649255548332845,1.0710551962386e-07,TRUE,-0.649255548332845,1.0710551962386e-07,TRUE,-0.649255548332845,3.42737662796353e-06,TRUE,-0.500567994890905,3.72714676542644e-06,TRUE,-0.500567994890905,8.83471825878859e-05,TRUE,95
"Ocean2kHR_140","Ocn-MadangLagoonPapuaNewGuinea.Kuhnert.2001","Coral","d18O",-5.2167,145.8167,"negative",-0.138266436660505,0.216773153482972,FALSE,-0.138266436660505,0.216773153482972,FALSE,-0.138266436660505,0.405657363242989,FALSE,0.0443072447256868,0.669769093161279,FALSE,0.0443072447256868,0.804225552764013,FALSE,101
"Ocean2kHR_141","Ocn-LaingIslandPapuaNewGuinea.Tudhope.2001","Coral","d18O",-4.15,144.8833,"negative",-0.402231869078737,0.00117854276483758,TRUE,-0.402231869078737,0.00117854276483758,TRUE,-0.402231869078737,0.00710596382668886,TRUE,-0.178975149062942,0.107492710841264,FALSE,-0.178975149062942,0.271117801805741,FALSE,97
"Ocean2kHR_142","Ocn-SavusavuBayFiji.Bagnato.2005","Coral","d18O",-16.82,179.23,"negative",-0.364994742272164,0.00435573347384035,TRUE,-0.364994742272164,0.00435573347384035,TRUE,-0.364994742272164,0.0199119244518416,TRUE,-0.355098243980139,0.00508452211052127,TRUE,-0.355098243980139,0.0290544120601215,TRUE,131
"Ocean2kHR_143","Ocn-NewIrelandPapua.Alibert.2008","Coral","Sr/Ca",-2.5,150.5,"negative",-0.267353017892537,0.0392192360646162,TRUE,-0.267353017892537,0.0392192360646162,TRUE,-0.267353017892537,0.114092323097065,FALSE,-0.323771720310337,0.00392454408122343,TRUE,-0.323771720310337,0.0239210305903142,TRUE,103
"Ocean2kHR_144","Ocn-Rabaul.Quinn.2006","Coral","d18O",-4.1916,151.9772,"negative",-0.425472647938575,0.000252621075774418,TRUE,-0.425472647938575,0.000252621075774418,TRUE,-0.425472647938575,0.00243939723108535,TRUE,-0.332290067325516,0.00167706001176208,TRUE,-0.332290067325516,0.0123369931899739,TRUE,103
"Ocean2kHR_145","Ocn-Rabaul.Quinn.2006","Coral","Sr/Ca",-4.1916,151.9772,"negative",0.0224056388073784,0.862216543735517,FALSE,0.0224056388073784,0.862216543735517,FALSE,0.0224056388073784,0.933703194569764,FALSE,-0.34402216993211,0.0011356521479001,TRUE,-0.34402216993211,0.00908521718320079,TRUE,103
"Ocean2kHR_147","Ocn-Rarotonga_d18O2R.Linsley.2006","Coral","d18O",-21.2378,-159.8278,"negative",-0.344773396475263,0.0037878686098057,TRUE,-0.344773396475263,0.0037878686098057,TRUE,-0.344773396475263,0.0178252640461444,TRUE,-0.194835902963015,0.0748324719520427,FALSE,-0.194835902963015,0.209974281588305,FALSE,115
"Ocean2kHR_149","Ocn-RarotongaSrCa2r.Linsley.2006","Coral","Sr/Ca",-21.2378,-159.8278,"negative",-0.396990898113205,0.000553693368778335,TRUE,-0.396990898113205,0.000553693368778335,TRUE,-0.396990898113205,0.0041121885768672,TRUE,-0.338200632333078,0.00188727793648413,TRUE,-0.338200632333078,0.0134206431038872,TRUE,115
"Ocean2kHR_150","Ocn-Rarotonga_d18O3R.Linsley.2006","Coral","d18O",-21.2378,-159.8278,"negative",-0.452733980668985,0.000298074162952661,TRUE,-0.452733980668985,0.000298074162952661,TRUE,-0.452733980668985,0.00264954811513477,TRUE,-0.293031980052144,0.00826242356304469,TRUE,-0.293031980052144,0.0433438613143328,TRUE,117
"Ocean2kHR_152","Ocn-Rarotonga_d18O99.Linsley.2006","Coral","d18O",-21.2378,-159.8278,"negative",-0.433628098669091,0.00167812900936263,TRUE,-0.433628098669091,0.00167812900936263,TRUE,-0.433628098669091,0.00958930862492933,TRUE,-0.16408368069514,0.16872852117192,FALSE,-0.16408368069514,0.364858925317005,FALSE,94
"Ocean2kHR_154","Ocn-Vanuatu.Gorman.2012","Coral","d18O",-15.94,166.04,"negative",-0.390457831249562,0.00149247991500219,TRUE,-0.390457831249562,0.00149247991500219,TRUE,-0.390457831249562,0.00876318482203122,TRUE,-0.233258923370581,0.0351525915150678,TRUE,-0.233258923370581,0.124986992053574,FALSE,118
"Ocean2kHR_156","Ocn-SavusavuBayAB.Linsley.2006","Coral","d18O",-16.8167,179.2333,"negative",-0.253879299974124,0.0372128033484982,TRUE,-0.253879299974124,0.0372128033484982,TRUE,-0.253879299974124,0.108749744945383,FALSE,-0.168064393825417,0.109940349616257,FALSE,-0.168064393825417,0.275502851002907,FALSE,131
"Ocean2kHR_157","Ocn-SavusavuBay1F.Linsley.2006","Coral","d18O",-16.8167,179.2333,"negative",-0.179841064947038,0.176597280608289,FALSE,-0.179841064947038,0.176597280608289,FALSE,-0.179841064947038,0.355065449968396,FALSE,-0.107662838454224,0.335689075786245,FALSE,-0.107662838454224,0.539801528902504,FALSE,128
"Ocean2kHR_158","Ocn-SavusavuBay1F.Linsley.2006","Coral","Sr/Ca",-16.8167,179.2333,"negative",-0.326157036553882,0.0177090334516407,TRUE,-0.326157036553882,0.0177090334516407,TRUE,-0.326157036553882,0.0613163302926428,TRUE,-0.289243115221914,0.0197588464740989,TRUE,-0.289243115221914,0.0815849144736988,TRUE,128
"Ocean2kHR_159","Ocn-HaferaIsland.Wu.2013","Coral","Sr/Ca",-19.9333,-174.7167,"negative",-0.527282266997427,6.73825971976896e-05,TRUE,-0.527282266997427,6.73825971976896e-05,TRUE,-0.527282266997427,0.00091755025971322,TRUE,-0.396824936485214,0.000305720053607481,TRUE,-0.396824936485214,0.00301016668167366,TRUE,130
"Ocean2kHR_161","Ocn-Palmyra.Nurhati.2011","Coral","Sr/Ca",5.87,-162.13,"negative",-0.428589242075788,0.000430639571021208,TRUE,-0.428589242075788,0.000430639571021208,TRUE,-0.428589242075788,0.00348872563865282,TRUE,-0.375893004956532,0.000728560306166521,TRUE,-0.375893004956532,0.00613524468350755,TRUE,95
"Ocean2kHR_163","Ocn-Miyanohama.Felis.2009","Coral","d18O",27.1059,142.1941,"negative",-0.382546470535697,0.00611347545335886,TRUE,-0.382546470535697,0.00611347545335886,TRUE,-0.382546470535697,0.0260841619343312,TRUE,-0.0799469258923783,0.495989436800122,FALSE,-0.0799469258923783,0.682652128068985,FALSE,116
"Ocean2kHR_164","Ocn-Miyanohama.Felis.2009","Coral","Sr/Ca",27.1059,142.1941,"negative",0.019591965356351,0.877164701907901,FALSE,0.019591965356351,0.877164701907901,FALSE,0.019591965356351,0.943504889447154,FALSE,-0.0635663604445678,0.575381748386882,FALSE,-0.0635663604445678,0.727755571082222,FALSE,116
"Ocean2kHR_165_iso2k","CO09FEOG","Coral","d13C",27.1059,142.1941,"negative",-0.570664040060101,0.000241384452452009,TRUE,-0.570664040060101,0.000241384452452009,TRUE,-0.570664040060101,0.00237670845491209,TRUE,-0.206323937366643,0.0884175030951675,FALSE,-0.206323937366643,0.238764565320284,FALSE,116
"Ocean2kHR_166","Ocn-DoubleReef.Asami.2005","Coral","d18O",13.5982,144.8359,"negative",-0.593555654119158,0.000260153509834674,TRUE,-0.593555654119158,0.000260153509834674,TRUE,-0.593555654119158,0.0024485036219734,TRUE,-0.297843185991772,0.0183624870139789,TRUE,-0.297843185991772,0.0773157347957004,TRUE,113
"Ocean2kHR_167","Ocn-AbrahamReef.Druffel.1999","Coral","d18O",-22.1,153,"negative",-0.194116784821144,0.0700333447434894,FALSE,-0.194116784821144,0.0700333447434894,TRUE,-0.194116784821144,0.183694018999316,FALSE,-0.0763817224296053,0.432586832100138,FALSE,-0.0763817224296053,0.632090348274174,FALSE,121
"Ocean2kHR_169","Ocn-ClippertonAtoll.Linsley.2000","Coral","d18O",10.2773,-109.2131,"negative",-0.568058609978387,1.37934333237353e-06,TRUE,-0.568058609978387,1.37934333237353e-06,TRUE,-0.568058609978387,3.04406804385883e-05,TRUE,-0.414356643951242,0.000108832142473625,TRUE,-0.414356643951242,0.00154783491518044,TRUE,101
"Ocean2kHR_171","Ocn-BunakenIsland.Charles.2003","Coral","d18O",-1.5,124.833,"negative",-0.034999197470551,0.723723251711959,FALSE,-0.034999197470551,0.723723251711959,FALSE,-0.034999197470551,0.842341719826902,FALSE,0.0804228651036738,0.3946501224627,FALSE,0.0804228651036738,0.597106568265078,FALSE,127
"Ocean2kHR_172","Ocn-MadangLagoonPapuaNewGuinea.Tudhope.1995","Coral","d18O",-5.22,145.82,"negative",-0.0992212704245715,0.446876414587593,FALSE,-0.0992212704245715,0.446876414587593,FALSE,-0.0992212704245715,0.660510173986281,FALSE,0.0304103141331431,0.809141030299117,FALSE,0.0304103141331431,0.889777077992156,FALSE,69
"Ocean2kHR_173","Ocn-UrvinaBay.Dunbar.1994","Coral","d18O",-0.4,-91.23,"negative",-0.357167175145797,0.000305896941444046,TRUE,-0.357167175145797,0.000305896941444046,TRUE,-0.357167175145797,0.0026818361989615,TRUE,-0.376923198225729,0.000130466790451738,TRUE,-0.376923198225729,0.00176176862285141,TRUE,98
"Ocean2kHR_174","Ocn-MaloChannelEspirituSantoIsland.Kilbourne.2004","Coral","d18O",-15.7,167.2,"negative",-0.326179652714711,0.0317563535394853,TRUE,-0.326179652714711,0.0317563535394853,TRUE,-0.326179652714711,0.0954103351401574,TRUE,-0.18625610864371,0.18147525877816,FALSE,-0.18625610864371,0.382146649266091,FALSE,64
"Ocean2kHR_175","Ocn-MaloChannelEspirituSantoIsland.Kilbourne.2004","Coral","Sr/Ca",-15.7,167.2,"negative",-0.0766005444030223,0.664125697019536,FALSE,-0.0766005444030223,0.664125697019536,FALSE,-0.0766005444030223,0.804832234604455,FALSE,-0.114534870824935,0.487279931688741,FALSE,-0.114534870824935,0.676484070023414,FALSE,64
"Ocean2kHR_176_iso2k","CO04KIVA","Coral","d13C",-15.7,167.2,"negative",-0.303399196766997,0.0754340799474277,FALSE,-0.303399196766997,0.0754340799474277,TRUE,-0.303399196766997,0.190821388009303,FALSE,-0.0834947602846014,0.57090007732251,FALSE,-0.0834947602846014,0.725178783641672,FALSE,64
"Ocean2kHR_177","Ocn-Maiana.Urban.2000","Coral","d18O",1,173,"negative",-0.619257665446204,2.00392698035321e-06,TRUE,-0.619257665446204,2.00392698035321e-06,TRUE,-0.619257665446204,4.13713957234211e-05,TRUE,-0.452717467931214,8.46824200046947e-05,TRUE,-0.452717467931214,0.00145942759675927,TRUE,88
"Ocean2kHR_178","Ocn-Tarawa.Cole.1990","Coral","d18O",1,172,"negative",-0.454241768219652,0.000255374397629248,TRUE,-0.454241768219652,0.000255374397629248,TRUE,-0.454241768219652,0.00243939723108535,TRUE,-0.432281118136437,0.000244092881117862,TRUE,-0.432281118136437,0.00259528866123048,TRUE,81
"Ocean2kHR_179","Ocn-Nauru.Guilderson.1999","Coral","d18O",-0.533,166.9283,"negative",-0.55941252495131,0.00180838826610512,TRUE,-0.55941252495131,0.00180838826610512,TRUE,-0.55941252495131,0.0100640738287589,TRUE,-0.28958700725455,0.0471722138545197,TRUE,-0.28958700725455,0.154031718708636,FALSE,85
"Ocean2kHR_181","Ocn-PalauRockIslands.Osborne.2014","Coral","d18O",7.2708,134.3837,"negative",-0.395545192176229,0.00255196773892103,TRUE,-0.395545192176229,0.00255196773892103,TRUE,-0.395545192176229,0.0130660748232757,TRUE,-0.0608810000514575,0.587591969051339,FALSE,-0.0608810000514575,0.735217580845628,FALSE,102
"Ocean2kHR_183","Ocn-PalauUlongChannel.Osborne.2014","Coral","d18O",7.2859,134.2503,"negative",-0.248032459576672,0.0310169352089354,TRUE,-0.248032459576672,0.0310169352089354,TRUE,-0.248032459576672,0.0936360308194276,TRUE,-0.0875924895648947,0.405116191492974,FALSE,-0.0875924895648947,0.607199912307971,FALSE,130
"Ocean2kHR_185","Ocn-Clipperton2b.Wu.2014","Coral","Sr/Ca",10.2773,-109.2131,"negative",-0.378900542116053,0.00781201449388317,TRUE,-0.378900542116053,0.00781201449388317,TRUE,-0.378900542116053,0.0316436030131977,TRUE,-0.344347938146305,0.0137063637788181,TRUE,-0.344347938146305,0.0635657450611855,TRUE,60
"Ocean2kHR_186","Ocn-Clipperton6a.Wu.2014","Coral","Sr/Ca",10.2773,-109.2131,"negative",-0.353980022388236,0.0202276924875487,TRUE,-0.353980022388236,0.0202276924875487,TRUE,-0.353980022388236,0.0674256416251623,TRUE,-0.297089899219482,0.0439949714383059,TRUE,-0.297089899219482,0.146649904794353,FALSE,53
"Ocean2kHR_187","Ocn-Clipperton4b.Wu.2014","Coral","Sr/Ca",10.2773,-109.2131,"negative",-0.56234788689428,1.81476970849549e-06,TRUE,-0.56234788689428,1.81476970849549e-06,TRUE,-0.56234788689428,3.87150871145703e-05,TRUE,-0.404174958041012,0.000158709688824399,TRUE,-0.404174958041012,0.00192556669700372,TRUE,101
"Ocean2kHR_188","Ocn-Clipperton1b.Wu.2014","Coral","d18O",10.2773,-109.2131,"negative",-0.267001566336438,0.0537734180707767,FALSE,-0.267001566336438,0.0537734180707767,TRUE,-0.267001566336438,0.145826218497022,FALSE,-0.275923988494057,0.0364095464073292,TRUE,-0.275923988494057,0.126641900547232,FALSE,79
"Ocean2kHR_189","Ocn-Clipperton1b.Wu.2014","Coral","Sr/Ca",10.2773,-109.2131,"negative",-0.479865701020043,0.000332119278079213,TRUE,-0.479865701020043,0.000332119278079213,TRUE,-0.479865701020043,0.00282675426750268,TRUE,-0.40499243068637,0.00153857479762582,TRUE,-0.40499243068637,0.0117224746485777,TRUE,79
"Ocean2kHR_190","Ocn-GBR.Wei.2009","Coral","d18O",-16.7167,146.0333,"negative",-0.316787904546881,0.00760055348838483,TRUE,-0.316787904546881,0.00760055348838483,TRUE,-0.316787904546881,0.0311261042086864,TRUE,-0.153827518087829,0.190686893871377,FALSE,-0.153827518087829,0.398822261691769,FALSE,74
"Ocean2kHR_191","Ocn-GBR.Wei.2009","Coral","Sr/Ca",-16.7167,146.0333,"negative",-0.0702238950370766,0.559988412339891,FALSE,-0.0702238950370766,0.559988412339891,FALSE,-0.0702238950370766,0.739835714158524,FALSE,-0.0293218684156519,0.804138038480935,FALSE,-0.0293218684156519,0.888857244607597,FALSE,74
"Ocean2kHR_193","Ocn-CoralSea.Calvo.2007","Coral","d18O",-17.73,148.43,"negative",NA,NA,FALSE,NA,NA,FALSE,NA,NA,FALSE,NA,NA,FALSE,NA,NA,FALSE,23
"Ocean2kHR_194","Ocn-CoralSea.Calvo.2007","Coral","Sr/Ca",-17.73,148.43,"negative",NA,NA,FALSE,NA,NA,FALSE,NA,NA,FALSE,NA,NA,FALSE,NA,NA,FALSE,23
"PYT041CE8JO","JR51-GC35.Bendle.2007","MarineSediment","temperature",66.59,-17.56,"positive",NA,NA,FALSE,NA,NA,FALSE,NA,NA,FALSE,NA,NA,FALSE,NA,NA,FALSE,1
"PYT0IFU85C3","PSh-5159N.Risebrobakken.2011","MarineSediment","temperature",71.35,22.6333,"positive",NA,NA,FALSE,NA,NA,FALSE,NA,NA,FALSE,NA,NA,FALSE,NA,NA,FALSE,4
"PYT0UICY9DO","FauskeCave.Linge.2009","Speleothem","d18O",67.22,15.81,"negative",NA,NA,FALSE,NA,NA,FALSE,NA,NA,FALSE,NA,NA,FALSE,NA,NA,FALSE,2
"PYT295BX2KQ","Century.Johnsen.1972","GlacierIce","d18O",77.17,-61.13,"positive",NA,NA,FALSE,NA,NA,FALSE,NA,NA,FALSE,NA,NA,FALSE,NA,NA,FALSE,2
"PYT40VBXBG5","P1B3.deVernal.2005","MarineSediment","temperature",73.683,-162.66,"positive",NA,NA,FALSE,NA,NA,FALSE,NA,NA,FALSE,NA,NA,FALSE,NA,NA,FALSE,0
"PYT581AWKCZ","Tornetrask.Grudd.2002","Wood","temperature",68,20,"positive",0.417075119881338,8.5214976880955e-06,TRUE,0.417075119881338,8.5214976880955e-06,TRUE,0.417075119881338,0.000147398878929219,TRUE,0.319432001041672,0.000251418589056703,TRUE,0.319432001041672,0.00259528866123048,TRUE,148
"PYT5QHZ4RLO","PSh-5159N.Risebrobakken.2011","MarineSediment","temperature",71.35,22.6333,"positive",NA,NA,FALSE,NA,NA,FALSE,NA,NA,FALSE,NA,NA,FALSE,NA,NA,FALSE,5
"PYT6CZBVE1E","JR01.Fortin.2017","LakeSediment","temperature",69.9,-95.07,"positive",NA,NA,FALSE,NA,NA,FALSE,NA,NA,FALSE,NA,NA,FALSE,NA,NA,FALSE,7
"PYTAUVXNNEA","DYE3.Vinther.2006","GlacierIce","d18O",65.1833,-43.82,"positive",NA,NA,FALSE,NA,NA,FALSE,NA,NA,FALSE,NA,NA,FALSE,NA,NA,FALSE,7
"PYTBSFC6CTW","Soylegrotta.Lauritzen.1999","Speleothem","temperature",66.62,13.68,"positive",NA,NA,FALSE,NA,NA,FALSE,NA,NA,FALSE,NA,NA,FALSE,NA,NA,FALSE,0
"PYTCX8JIV0J","BrayaSo.DAndrea.2011","LakeSediment","Uk37",66.9875,-51.0333,"positive",NA,NA,FALSE,NA,NA,FALSE,NA,NA,FALSE,NA,NA,FALSE,NA,NA,FALSE,13
"PYTE06JD9X4","MD99-2284.Risebrobakken.2009","MarineSediment","temperature",62.3667,0.9667,"positive",NA,NA,FALSE,NA,NA,FALSE,NA,NA,FALSE,NA,NA,FALSE,NA,NA,FALSE,0
"PYTH91MXU0Z","P1003.Sejrup.2011","MarineSediment","temperature",63.7622,5.2553,"positive",0.0603560969398092,0.727029406929878,FALSE,0.0603560969398092,0.727029406929878,FALSE,0.0603560969398092,0.844462469029259,FALSE,-0.116262463564566,0.473908323985252,FALSE,-0.116262463564566,0.665134489803862,FALSE,42
"PYTHQFCVRSQ","vikjordvatnet.Balascio.2012","LakeSediment","organicMatter",68.227,14.063,"positive",NA,NA,FALSE,NA,NA,FALSE,NA,NA,FALSE,NA,NA,FALSE,NA,NA,FALSE,0
"PYTI3HL2Q73","Hudson.Clegg.2011","LakeSediment","temperature",61.9,-145.6667,"positive",NA,NA,FALSE,NA,NA,FALSE,NA,NA,FALSE,NA,NA,FALSE,NA,NA,FALSE,6
"PYTIFNEXCAM","Hvitarvatn.Larsen.2013","LakeSediment","PC1",64.6167,-19.85,"positive",NA,NA,FALSE,NA,NA,FALSE,NA,NA,FALSE,NA,NA,FALSE,NA,NA,FALSE,5
"PYTIYA2IC5S","Qipisarqo.Frechette.2009","LakeSediment","temperature",61.0114,-47.7536,"positive",NA,NA,FALSE,NA,NA,FALSE,NA,NA,FALSE,NA,NA,FALSE,NA,NA,FALSE,14
"PYTJ3JMX39H","Nautajarvi.Seppa.2009","LakeSediment","temperature",61.8,24.7,"positive",NA,NA,FALSE,NA,NA,FALSE,NA,NA,FALSE,NA,NA,FALSE,NA,NA,FALSE,2
"PYTKYQ4C1WD","Lonespruce.Kaufman.2012","LakeSediment","BSi",60.007,-159.143,"positive",0.022016647181213,0.881668558060813,FALSE,0.022016647181213,0.881668558060813,FALSE,0.022016647181213,0.9465214078578,FALSE,0.0507749272090319,0.725877901581415,FALSE,0.0507749272090319,0.844249905343395,FALSE,53
"PYTMDYO5TUV","MD99-2322.Jennings.2011","MarineSediment","temperature",67.1363,-30.8278,"positive",NA,NA,FALSE,NA,NA,FALSE,NA,NA,FALSE,NA,NA,FALSE,NA,NA,FALSE,0
"PYTMVGBLPHG_SST_from_d18O","P1003.Sejrup.2011","MarineSediment","temperature",63.7622,5.2553,"positive",0.0968418824930727,0.57469613065859,FALSE,0.0968418824930727,0.57469613065859,FALSE,0.0968418824930727,0.750623517594893,FALSE,-0.0919671194433279,0.570220502312878,FALSE,-0.0919671194433279,0.725178783641672,FALSE,42
"PYTNG9UXJDL","Lapland.Helama.2009","Wood","temperature",69,25,"positive",0.391731071297439,3.68166950639742e-06,TRUE,0.391731071297439,3.68166950639742e-06,TRUE,0.391731071297439,6.73219566884099e-05,TRUE,0.330842919804045,5.65486871994927e-05,TRUE,0.330842919804045,0.00106444587669633,TRUE,151
"PYTQSL3KBPX","MD99-2322.Jennings.2011","MarineSediment","d18O",67.1363,-30.8278,"negative",NA,NA,FALSE,NA,NA,FALSE,NA,NA,FALSE,NA,NA,FALSE,NA,NA,FALSE,0
"PYTRM8XIQ8J","MD99-2269.Justwan.2008","MarineSediment","temperature",66.85,-20.85,"positive",NA,NA,FALSE,NA,NA,FALSE,NA,NA,FALSE,NA,NA,FALSE,NA,NA,FALSE,3
"PYTSIOJ5D6Y","Penny.Fisher.1998","GlacierIce","d18O",67.25,-66.75,"positive",NA,NA,FALSE,NA,NA,FALSE,NA,NA,FALSE,NA,NA,FALSE,NA,NA,FALSE,14
"PYTT52RRIXK","agassiz.Vinther.2009","GlacierIce","d18O",80.7,-73.1,"positive",NA,NA,FALSE,NA,NA,FALSE,NA,NA,FALSE,NA,NA,FALSE,NA,NA,FALSE,2
"PYTTTRD8PMK","P1B3.deVernal.2005","MarineSediment","temperature",73.683,-162.66,"positive",NA,NA,FALSE,NA,NA,FALSE,NA,NA,FALSE,NA,NA,FALSE,NA,NA,FALSE,0
"PYTZPNPWL0E","GRIP.Vinther.2006","GlacierIce","d18O",72.58,-37.63,"positive",NA,NA,FALSE,NA,NA,FALSE,NA,NA,FALSE,NA,NA,FALSE,NA,NA,FALSE,7
"PYTZZK6DD6Y","agassiz.Vinther.2009","GlacierIce","iceMelt",80.7,-73.1,"positive",NA,NA,FALSE,NA,NA,FALSE,NA,NA,FALSE,NA,NA,FALSE,NA,NA,FALSE,3
"R17xYRh9kl8","GrosserTreppelsee.EPD","LakeSediment","temperature",52.15,14.45,"positive",NA,NA,FALSE,NA,NA,FALSE,NA,NA,FALSE,NA,NA,FALSE,NA,NA,FALSE,9
"R1VvKcChK6w","ThorpeBulmer.EPD","Peat","temperature",54.72,-1.3,"positive",NA,NA,FALSE,NA,NA,FALSE,NA,NA,FALSE,NA,NA,FALSE,NA,NA,FALSE,0
"R2YRQoGNa9m","GrosserTreppelsee.EPD","LakeSediment","temperature",52.15,14.45,"positive",NA,NA,FALSE,NA,NA,FALSE,NA,NA,FALSE,NA,NA,FALSE,NA,NA,FALSE,9
"R3CvZBuTHNk","LaPAS_KF02.Pivel.2013","MarineSediment","temperature",-25.84,-45.2,"positive",NA,NA,FALSE,NA,NA,FALSE,NA,NA,FALSE,NA,NA,FALSE,NA,NA,FALSE,0
"R3dXXzumBqy","TurovaDacha.EPD","Peat","temperature",48.9,24.1,"positive",NA,NA,FALSE,NA,NA,FALSE,NA,NA,FALSE,NA,NA,FALSE,NA,NA,FALSE,0
"R4z8Co5Aghx","MD95_2011Assemblage.Risebrobakken.2003","MarineSediment","temperature",66.9697,7.6393,"positive",NA,NA,FALSE,NA,NA,FALSE,NA,NA,FALSE,NA,NA,FALSE,NA,NA,FALSE,0
"R5Ek0KGz0Mt","Trogenmoos.EPD","Peat","temperature",46.76,7.86,"positive",NA,NA,FALSE,NA,NA,FALSE,NA,NA,FALSE,NA,NA,FALSE,NA,NA,FALSE,12
"R7DxiAHp0lf","BiskupinskieLake.Noryskiewicz.1995","LakeSediment","temperature",52.78,17.73,"positive",NA,NA,FALSE,NA,NA,FALSE,NA,NA,FALSE,NA,NA,FALSE,NA,NA,FALSE,0
"R7fUjXXz6iN","Wachel3.Doerfler.1989","LakeSediment","temperature",53.44,8.87,"positive",NA,NA,FALSE,NA,NA,FALSE,NA,NA,FALSE,NA,NA,FALSE,NA,NA,FALSE,1
"RA2dcet2sLE","CF8.Axford.2011","LakeSediment","temperature",70.5569,-68.9519,"positive",NA,NA,FALSE,NA,NA,FALSE,NA,NA,FALSE,NA,NA,FALSE,NA,NA,FALSE,4
"RAdkAjjn94R","Akvaqiak.Frechette.2009","LakeSediment","temperature",66.78,-63.95,"positive",NA,NA,FALSE,NA,NA,FALSE,NA,NA,FALSE,NA,NA,FALSE,NA,NA,FALSE,5
"RAt0wcea1H7","LacBrule.Pollen.Canada","LakeSediment","temperature",45.717,-75.683,"positive",NA,NA,FALSE,NA,NA,FALSE,NA,NA,FALSE,NA,NA,FALSE,NA,NA,FALSE,11
"RB06CbW36T4","Schoepfenwaldmoor.EPD","Peat","temperature",46.74,7.85,"positive",NA,NA,FALSE,NA,NA,FALSE,NA,NA,FALSE,NA,NA,FALSE,NA,NA,FALSE,14
"RBFjUCSs1ez","Holzmaar.Litt.2009","LakeSediment","temperature",50.1167,6.8833,"positive",NA,NA,FALSE,NA,NA,FALSE,NA,NA,FALSE,NA,NA,FALSE,NA,NA,FALSE,9
"RclKPHfeaEb","CarletonLake.Upiter.2014","LakeSediment","temperature",64.2572,-110.1008,"positive",NA,NA,FALSE,NA,NA,FALSE,NA,NA,FALSE,NA,NA,FALSE,NA,NA,FALSE,2
"RER8TJdr7Dg","LochLaxford.EPD","Peat","temperature",58.37,-5,"positive",NA,NA,FALSE,NA,NA,FALSE,NA,NA,FALSE,NA,NA,FALSE,NA,NA,FALSE,2
"Rfe0do1gMXq","MeerfelderMaar.Litt.2009","LakeSediment","temperature",50.1,6.75,"positive",NA,NA,FALSE,NA,NA,FALSE,NA,NA,FALSE,NA,NA,FALSE,NA,NA,FALSE,0
"RFVTO3m1qP4","WilderSeebeimRuhestein.EPD","LakeSediment","temperature",48.57,8.24,"positive",NA,NA,FALSE,NA,NA,FALSE,NA,NA,FALSE,NA,NA,FALSE,NA,NA,FALSE,0
"Rg3HFqd9DyA","ThorpeBulmer.EPD","Peat","temperature",54.72,-1.3,"positive",NA,NA,FALSE,NA,NA,FALSE,NA,NA,FALSE,NA,NA,FALSE,NA,NA,FALSE,0
"RGAbzuFoTA4","WilderSeebeimRuhestein.EPD","LakeSediment","temperature",48.57,8.24,"positive",NA,NA,FALSE,NA,NA,FALSE,NA,NA,FALSE,NA,NA,FALSE,NA,NA,FALSE,0
"RGx72to7BAg","KR02Chironomid.Fortin.2010","LakeSediment","temperature",71.34,-113.78,"positive",NA,NA,FALSE,NA,NA,FALSE,NA,NA,FALSE,NA,NA,FALSE,NA,NA,FALSE,13
"Rh47NjRo74x","LochLaxford.EPD","Peat","temperature",58.37,-5,"positive",NA,NA,FALSE,NA,NA,FALSE,NA,NA,FALSE,NA,NA,FALSE,NA,NA,FALSE,2
"RhF20RCQseU","JR01Chironomid.Fortin.2017","LakeSediment","temperature",69.9,-95.07,"positive",NA,NA,FALSE,NA,NA,FALSE,NA,NA,FALSE,NA,NA,FALSE,NA,NA,FALSE,4
"RHLePxbL9rI","MooseLake.Clegg.2010","LakeSediment","temperature",61.3742,-143.5988,"positive",NA,NA,FALSE,NA,NA,FALSE,NA,NA,FALSE,NA,NA,FALSE,NA,NA,FALSE,6
"RiOf362hfE8","Holzmaar.Litt.2009","LakeSediment","temperature",50.1167,6.8833,"positive",NA,NA,FALSE,NA,NA,FALSE,NA,NA,FALSE,NA,NA,FALSE,NA,NA,FALSE,9
"RiqkBNqHL3T","Holzmaar.Litt.2009","LakeSediment","temperature",50.1167,6.8833,"positive",NA,NA,FALSE,NA,NA,FALSE,NA,NA,FALSE,NA,NA,FALSE,NA,NA,FALSE,9
"RJKdqzZ2YGb","TurovaDacha.EPD","Peat","temperature",48.9,24.1,"positive",NA,NA,FALSE,NA,NA,FALSE,NA,NA,FALSE,NA,NA,FALSE,NA,NA,FALSE,0
"RjpliLMztwC","Schoepfenwaldmoor.EPD","Peat","temperature",46.74,7.85,"positive",NA,NA,FALSE,NA,NA,FALSE,NA,NA,FALSE,NA,NA,FALSE,NA,NA,FALSE,14
"RJqjApSHsW5","Sipola.EPD","Peat","temperature",65.05,24.79,"positive",NA,NA,FALSE,NA,NA,FALSE,NA,NA,FALSE,NA,NA,FALSE,NA,NA,FALSE,3
"Rkmjxk9vPEY","CarletonLake.Upiter.2014","LakeSediment","temperature",64.2572,-110.1008,"positive",NA,NA,FALSE,NA,NA,FALSE,NA,NA,FALSE,NA,NA,FALSE,NA,NA,FALSE,2
"RKQKWjMOAcW","Trogenmoos.EPD","Peat","temperature",46.76,7.86,"positive",NA,NA,FALSE,NA,NA,FALSE,NA,NA,FALSE,NA,NA,FALSE,NA,NA,FALSE,12
"RKWI7Fh79Uk","Sipola.EPD","Peat","temperature",65.05,24.79,"positive",NA,NA,FALSE,NA,NA,FALSE,NA,NA,FALSE,NA,NA,FALSE,NA,NA,FALSE,3
"RLcBkd6hOuO","D13902","MarineSediment","temperature",38.554,-9.3355,"positive",-0.129971928370875,0.486348774560527,FALSE,-0.129971928370875,0.486348774560527,FALSE,-0.129971928370875,0.694783963657895,FALSE,-0.0564909087176603,0.744698469753511,FALSE,-0.0564909087176603,0.851083965432584,FALSE,40
"RljZTHj20qj","Trogenmoos.EPD","Peat","temperature",46.76,7.86,"positive",NA,NA,FALSE,NA,NA,FALSE,NA,NA,FALSE,NA,NA,FALSE,NA,NA,FALSE,12
"RLlDtgL9a38","MeerfelderMaar.Litt.2009","LakeSediment","temperature",50.1,6.75,"positive",NA,NA,FALSE,NA,NA,FALSE,NA,NA,FALSE,NA,NA,FALSE,NA,NA,FALSE,0
"RLmz8TJDPA5","Schoepfenwaldmoor.EPD","Peat","temperature",46.74,7.85,"positive",NA,NA,FALSE,NA,NA,FALSE,NA,NA,FALSE,NA,NA,FALSE,NA,NA,FALSE,14
"RLVhTGXvCnW","DANA12_11_2_GC01.VanNieuwenhove.2018","MarineSediment","temperature",61.6089,-20.7027,"positive",NA,NA,FALSE,NA,NA,FALSE,NA,NA,FALSE,NA,NA,FALSE,NA,NA,FALSE,1
"RMJe78p5Rbv","GeoB6211_2","MarineSediment","temperature",-32.5052,-50.2427,"positive",NA,NA,FALSE,NA,NA,FALSE,NA,NA,FALSE,NA,NA,FALSE,NA,NA,FALSE,0
"RmkH7bJsTt4","CC04.Gibb.2015","MarineSediment","temperature",61.4639,-58.0365,"positive",NA,NA,FALSE,NA,NA,FALSE,NA,NA,FALSE,NA,NA,FALSE,NA,NA,FALSE,1
"RoO1DPJKvcS","BiskupinskieLake.Noryskiewicz.1995","LakeSediment","temperature",52.78,17.73,"positive",NA,NA,FALSE,NA,NA,FALSE,NA,NA,FALSE,NA,NA,FALSE,NA,NA,FALSE,0
"Rp1oVLUaXiR","MeerfelderMaar.Litt.2009","LakeSediment","temperature",50.1,6.75,"positive",NA,NA,FALSE,NA,NA,FALSE,NA,NA,FALSE,NA,NA,FALSE,NA,NA,FALSE,0
"Rp8WBdVm37h","MD95_2011Assemblage.Risebrobakken.2003","MarineSediment","temperature",66.9697,7.6393,"positive",NA,NA,FALSE,NA,NA,FALSE,NA,NA,FALSE,NA,NA,FALSE,NA,NA,FALSE,0
"RpShT6icGvp","Wachel3.Doerfler.1989","LakeSediment","temperature",53.44,8.87,"positive",NA,NA,FALSE,NA,NA,FALSE,NA,NA,FALSE,NA,NA,FALSE,NA,NA,FALSE,1
"RR7iIYb69dm","CC04.Gibb.2015","MarineSediment","temperature",61.4639,-58.0365,"positive",NA,NA,FALSE,NA,NA,FALSE,NA,NA,FALSE,NA,NA,FALSE,NA,NA,FALSE,1
"RRGNAojoZVh","MD95_2011Assemblage.Risebrobakken.2003","MarineSediment","temperature",66.9697,7.6393,"positive",NA,NA,FALSE,NA,NA,FALSE,NA,NA,FALSE,NA,NA,FALSE,NA,NA,FALSE,0
"RRKxz11hFqw","BiskupinskieLake.Noryskiewicz.1995","LakeSediment","temperature",52.78,17.73,"positive",NA,NA,FALSE,NA,NA,FALSE,NA,NA,FALSE,NA,NA,FALSE,NA,NA,FALSE,0
"RRY0jogRrD7","Pella.Lim.2016","Midden","temperature",-29.0011,19.135,"positive",NA,NA,FALSE,NA,NA,FALSE,NA,NA,FALSE,NA,NA,FALSE,NA,NA,FALSE,0
"RS6bfDiYewq","Sipola.EPD","Peat","temperature",65.05,24.79,"positive",NA,NA,FALSE,NA,NA,FALSE,NA,NA,FALSE,NA,NA,FALSE,NA,NA,FALSE,3
"RShtOmHDliM","Agassiz.Lecavalier.2017","GlacierIce","temperature",80.67,-73.5,"positive",NA,NA,FALSE,NA,NA,FALSE,NA,NA,FALSE,NA,NA,FALSE,NA,NA,FALSE,1
"RsOB194uJ4j","GrosserTreppelsee.EPD","LakeSediment","temperature",52.15,14.45,"positive",NA,NA,FALSE,NA,NA,FALSE,NA,NA,FALSE,NA,NA,FALSE,NA,NA,FALSE,9
"RtBrqt8sD6A","WilderSeebeimRuhestein.EPD","LakeSediment","temperature",48.57,8.24,"positive",NA,NA,FALSE,NA,NA,FALSE,NA,NA,FALSE,NA,NA,FALSE,NA,NA,FALSE,0
"RtcHGLf9lJV","BiglandTarn.Barber.2013","LakeSediment","temperature",54.24,-2.99,"positive",NA,NA,FALSE,NA,NA,FALSE,NA,NA,FALSE,NA,NA,FALSE,NA,NA,FALSE,1
"RTdDwazy1bI","MilandreCave.Affolter.2019","Speleothem","temperature",47.49,7.02,"positive",NA,NA,FALSE,NA,NA,FALSE,NA,NA,FALSE,NA,NA,FALSE,NA,NA,FALSE,1
"RUnlWXfu5ci","TurovaDacha.EPD","Peat","temperature",48.9,24.1,"positive",NA,NA,FALSE,NA,NA,FALSE,NA,NA,FALSE,NA,NA,FALSE,NA,NA,FALSE,0
"RVIIY9tLqwu","ChallaLake.Damst.2012","LakeSediment","temperature",-3.3167,37.7,"positive",NA,NA,FALSE,NA,NA,FALSE,NA,NA,FALSE,NA,NA,FALSE,NA,NA,FALSE,3
"RW5NY4lp9VS","LacNoir.Pollen.Canada","LakeSediment","temperature",45.775,-75.135,"positive",NA,NA,FALSE,NA,NA,FALSE,NA,NA,FALSE,NA,NA,FALSE,NA,NA,FALSE,15
"RWMZwH85pYo","LochLaxford.EPD","Peat","temperature",58.37,-5,"positive",NA,NA,FALSE,NA,NA,FALSE,NA,NA,FALSE,NA,NA,FALSE,NA,NA,FALSE,2
"RxEPVgNeOJJ","Wachel3.Doerfler.1989","LakeSediment","temperature",53.44,8.87,"positive",NA,NA,FALSE,NA,NA,FALSE,NA,NA,FALSE,NA,NA,FALSE,NA,NA,FALSE,1
"RXGw2dCgVOx","KR02Chironomid.Fortin.2010","LakeSediment","temperature",71.34,-113.78,"positive",NA,NA,FALSE,NA,NA,FALSE,NA,NA,FALSE,NA,NA,FALSE,NA,NA,FALSE,13
"RxPYP3y92HP","CC04.Gibb.2015","MarineSediment","temperature",61.4639,-58.0365,"positive",NA,NA,FALSE,NA,NA,FALSE,NA,NA,FALSE,NA,NA,FALSE,NA,NA,FALSE,1
"RZQSGG3lsml","ThorpeBulmer.EPD","Peat","temperature",54.72,-1.3,"positive",NA,NA,FALSE,NA,NA,FALSE,NA,NA,FALSE,NA,NA,FALSE,NA,NA,FALSE,0
"S2LRDCZHedzPkm","TeReingacave.Lorrey.2008","Speleothem","d18O",-38.82,177.52,"positive",NA,NA,FALSE,NA,NA,FALSE,NA,NA,FALSE,NA,NA,FALSE,NA,NA,FALSE,0
"S2LREFfg8jnl0z","TeReingacave.Lorrey.2008","Speleothem","d18O",-38.82,177.52,"positive",NA,NA,FALSE,NA,NA,FALSE,NA,NA,FALSE,NA,NA,FALSE,NA,NA,FALSE,0
"S2LRsiwBinOC1B","Spannagelcave.Fohlmeister.2013","Speleothem","d18O",47.08,11.67,"negative",0.0663739986916784,0.723887415476244,FALSE,0.0663739986916784,0.723887415476244,FALSE,0.0663739986916784,0.842341719826902,FALSE,0.0210575462847201,0.899807950212014,FALSE,0.0210575462847201,0.944060800222441,FALSE,44
"S2LRTSbmem1S2v","Hollywoodcave.Whittaker.2011","Speleothem","d18O",-41.95,171.47,"positive",NA,NA,FALSE,NA,NA,FALSE,NA,NA,FALSE,NA,NA,FALSE,NA,NA,FALSE,15
"S2LRXN9VFcK1az","NaturalBridgecaverns.Wong.2015","Speleothem","d13C",29.69,-98.34,"positive",NA,NA,FALSE,NA,NA,FALSE,NA,NA,FALSE,NA,NA,FALSE,NA,NA,FALSE,16
"SAm_010","SAm-CentralAndes15.Neukom.2014","Wood","trsgi",-41.17,-71.92,"positive",0.281479867896042,0.00566067514374546,TRUE,0.281479867896042,0.00566067514374546,TRUE,0.281479867896042,0.0245222152990857,TRUE,0.142834756581809,0.11846827545556,FALSE,0.142834756581809,0.289388153784573,FALSE,142
"SAm_015","SAm-CentralAndes6.Villalba.2014","Wood","trsgi",-38.5,-71.5,"positive",0.190345677066946,0.103185456538457,FALSE,0.190345677066946,0.103185456538457,FALSE,0.190345677066946,0.242789309502251,FALSE,-0.0761959865801689,0.441188538898092,FALSE,-0.0761959865801689,0.638825033698594,FALSE,151
"SAm_020","SAm-CentralAndes9.Mundo.2014","Wood","trsgi",-39.33,-71.25,"positive",0.266689426070758,0.0467944948948508,TRUE,0.266689426070758,0.0467944948948508,TRUE,0.266689426070758,0.129647085422963,FALSE,-0.112498281075953,0.284263481343921,FALSE,-0.112498281075953,0.499803923242059,FALSE,151
"SAm_0243","SAm-LagunaAculeo.vonGunten.2009","LakeSediment","temperature",-33.85,-70.92,"positive",0.505111759155359,0.0046833259020132,TRUE,0.505111759155359,0.0046833259020132,TRUE,0.505111759155359,0.0211299735786478,TRUE,0.277235286813608,0.0536412769906448,FALSE,0.277235286813608,0.168286359186337,FALSE,148
"SAm_025","SAm-LagunaChepical.deJong.2013","LakeSediment","temperature",-32.2667,-70.5,"positive",0.401621740453119,0.0357062891791326,TRUE,0.401621740453119,0.0357062891791326,TRUE,0.401621740453119,0.105308871311727,FALSE,-0.215470186126806,0.133174189487656,FALSE,-0.215470186126806,0.314507310967158,FALSE,151
"SAm_032","SAm-LagunaEscondida.Elbert.2013","LakeSediment","temperature",-45.5167,-71.8167,"positive",-0.0823681998623667,0.506021510558374,FALSE,-0.0823681998623667,0.506021510558374,FALSE,-0.0823681998623667,0.702502747846767,FALSE,-0.00988035843685116,0.916123829007576,FALSE,-0.00988035843685116,0.950274312098621,FALSE,144
"SAm_035","SAm-QuelccayaIceCap.Thompson.2013","GlacierIce","d18O",-13.9333,-70.8333,"positive",0.443932848718165,0.00247030178334371,TRUE,0.443932848718165,0.00247030178334371,TRUE,0.443932848718165,0.0127499446882256,TRUE,0.405040465080407,0.00387133835373084,TRUE,0.405040465080407,0.0238236206383436,TRUE,108
"SP05MAAT01A","SP05MAAT","Speleothem","d18O",47.09,11.67,"positive",0.0545158416618747,0.706905726228944,FALSE,0.0545158416618747,0.706905726228944,FALSE,0.0545158416618747,0.832940864342571,FALSE,0.160005273089987,0.267015689715607,FALSE,0.160005273089987,0.48382392357967,FALSE,50
"SP10WINZ01A","SP10WINZ.Williams.2010","Speleothem","d18O",-42,172,"positive",NA,NA,FALSE,NA,NA,FALSE,NA,NA,FALSE,NA,NA,FALSE,NA,NA,FALSE,0
"T2L_GIK17940_2_d18o_ruber_SST_from_d18o_ruber","GIK17940_2.Pelejero.1999","MarineSediment","temperature",20.1167,117.3833,"positive",NA,NA,FALSE,NA,NA,FALSE,NA,NA,FALSE,NA,NA,FALSE,NA,NA,FALSE,7
"T2L_KY07_04_PC1_mgca_ruber_SST_from_mgca_ruber","KY07_04_PC1.Kubota.2010","MarineSediment","temperature",31.63,128.95,"positive",NA,NA,FALSE,NA,NA,FALSE,NA,NA,FALSE,NA,NA,FALSE,NA,NA,FALSE,1
"T2L_M135_005_3_uk37_SST_from_uk37","M135_005_3.Salvatteci.2019","MarineSediment","temperature",-17.4205,-71.769,"positive",NA,NA,FALSE,NA,NA,FALSE,NA,NA,FALSE,NA,NA,FALSE,NA,NA,FALSE,3
"T2L_MD79_257_uk37_SST_from_uk37","MD79_257.Bard.1997","MarineSediment","temperature",-20.4,36.33,"positive",NA,NA,FALSE,NA,NA,FALSE,NA,NA,FALSE,NA,NA,FALSE,NA,NA,FALSE,0
"T2L_MD98_2161_d18o_ruber_SST_from_d18o_ruber","MD98_2161.Fan.2018","MarineSediment","temperature",-5.21,117.48,"positive",NA,NA,FALSE,NA,NA,FALSE,NA,NA,FALSE,NA,NA,FALSE,NA,NA,FALSE,2
"T2L_MD98_2161_mgca_ruber_SST_from_mgca_ruber","MD98_2161.Fan.2018","MarineSediment","temperature",-5.21,117.48,"positive",NA,NA,FALSE,NA,NA,FALSE,NA,NA,FALSE,NA,NA,FALSE,NA,NA,FALSE,2
"T2L_MD98_2181_d18o_ruber_SST_from_d18o_ruber","MD98_2181.Stott.2007","MarineSediment","temperature",6.3,125.82,"positive",NA,NA,FALSE,NA,NA,FALSE,NA,NA,FALSE,NA,NA,FALSE,NA,NA,FALSE,12
"T2L_MD99_2269_d18o_pachyderma_SST_from_d18o_pachyderma","MD99_2269.Kristjnsd_ttir.2017","MarineSediment","temperature",66.6413,-20.8632,"positive",NA,NA,FALSE,NA,NA,FALSE,NA,NA,FALSE,NA,NA,FALSE,NA,NA,FALSE,0
"T2L_MD99_2269_mgca_pachyderma_SST_from_mgca_pachyderma","MD99_2269.Kristjnsd_ttir.2017","MarineSediment","temperature",66.6413,-20.8632,"positive",NA,NA,FALSE,NA,NA,FALSE,NA,NA,FALSE,NA,NA,FALSE,NA,NA,FALSE,0
"T2L_MD99_2269_uk37_SST_from_uk37","MD99_2269.Kristjnsd_ttir.2017","MarineSediment","temperature",66.6413,-20.8632,"positive",NA,NA,FALSE,NA,NA,FALSE,NA,NA,FALSE,NA,NA,FALSE,NA,NA,FALSE,0
"T2L_MSM05_5_712_2_d18o_pachyderma_SST_from_d18o_pachyderma","MSM05_5_712_2.Werner.2013","MarineSediment","temperature",78.9157,6.7672,"positive",NA,NA,FALSE,NA,NA,FALSE,NA,NA,FALSE,NA,NA,FALSE,NA,NA,FALSE,3
"T2L_MV99_GC41_mgca_bulloides_SST_from_mgca_bulloides","MV99_GC41","MarineSediment","temperature",25.2,-112.7167,"positive",NA,NA,FALSE,NA,NA,FALSE,NA,NA,FALSE,NA,NA,FALSE,NA,NA,FALSE,0
"T2L_OCE326_GGC30_uk37_SST_from_uk37","OCE326_GGC30.Sachs.2007","MarineSediment","temperature",43.8853,-62.7953,"positive",NA,NA,FALSE,NA,NA,FALSE,NA,NA,FALSE,NA,NA,FALSE,NA,NA,FALSE,1
"T2L_RAPiD_12_1K_d18o_bulloides_SST_from_d18o_bulloides","RAPiD_12_1K.Thornalley.2010","MarineSediment","temperature",62.0905,-17.8197,"positive",NA,NA,FALSE,NA,NA,FALSE,NA,NA,FALSE,NA,NA,FALSE,NA,NA,FALSE,3
"T2L_SO90_63KA_d18o_ruber_SST_from_d18o_ruber","SO90_63KA.Staubwasser.2003","MarineSediment","temperature",24.61,65.982,"positive",NA,NA,FALSE,NA,NA,FALSE,NA,NA,FALSE,NA,NA,FALSE,NA,NA,FALSE,14
"TR08THCO00","TR08THCO","Wood","d18O",52.5,-118,"negative",NA,NA,FALSE,NA,NA,FALSE,NA,NA,FALSE,NA,NA,FALSE,NA,NA,FALSE,14
"TR15NACA00","TR15NACA","Wood","d18O",54.56,-71.2,"positive",0.295693747223625,0.0086815692275492,TRUE,0.295693747223625,0.0086815692275492,TRUE,0.295693747223625,0.0342782663769701,TRUE,0.210700543161647,0.0166563687213912,TRUE,0.210700543161647,0.073014219052674,TRUE,151
"TR16LAFO00","TR16LAFO","Wood","d18O",48.3833,2.6667,"negative",0.279423113859549,0.00157044208056652,FALSE,0.279423113859549,0.00157044208056652,FALSE,0.279423113859549,0.0090548011852484,FALSE,0.29355215156731,0.000555072720235802,FALSE,0.29355215156731,0.00500347240775934,FALSE,145
"WEB-0e796-091d-40ed-8362-0bc94","TALDICE.Buizert.2021","GlacierIce","temperature",-72.82,159.18,"positive",NA,NA,FALSE,NA,NA,FALSE,NA,NA,FALSE,NA,NA,FALSE,NA,NA,FALSE,0
"WEB-12bc3-a9cc-43b5-a5fe-efc0b","LakeHazar.On.2017","LakeSediment","PC5",38.4778,39.3369,"negative",NA,NA,FALSE,NA,NA,FALSE,NA,NA,FALSE,NA,NA,FALSE,NA,NA,FALSE,7
"WEB-21920-31c4-4e4a-8e35-9361b","CS11.Zhang.2023","MarineSediment","temperature",26.073,121.508,"positive",NA,NA,FALSE,NA,NA,FALSE,NA,NA,FALSE,NA,NA,FALSE,NA,NA,FALSE,2
"WEB-2199a-0faf-4027-bd14-1ab72","SO90_63KA.Burdanowitz.2019","MarineSediment","temperature",24.61,65.982,"positive",NA,NA,FALSE,NA,NA,FALSE,NA,NA,FALSE,NA,NA,FALSE,NA,NA,FALSE,1
"WEB-31975-5de9-4299-be24-f37df","MD95-2042.Davtian.2023","MarineSediment","temperature",37.7998,-10.1665,"positive",NA,NA,FALSE,NA,NA,FALSE,NA,NA,FALSE,NA,NA,FALSE,NA,NA,FALSE,1
"WEB-4eb60-2fd7-4326-83e1-c22a1","Arxan.Leng.2024","LakeSediment","temperature",47.32,120.41,"positive",NA,NA,FALSE,NA,NA,FALSE,NA,NA,FALSE,NA,NA,FALSE,NA,NA,FALSE,1
"WEB-65dca-6fed-4a82-82cf-dd4ed","PC-1.Xu.2021","MarineSediment","temperature",31.458,128.413,"positive",NA,NA,FALSE,NA,NA,FALSE,NA,NA,FALSE,NA,NA,FALSE,NA,NA,FALSE,0
"WEB-66928-4a41-413f-89fd-d31cf","SPICEcore.Buizert.2021","GlacierIce","temperature",-89.99,-99.16,"positive",NA,NA,FALSE,NA,NA,FALSE,NA,NA,FALSE,NA,NA,FALSE,NA,NA,FALSE,0
"WEB-6b2dc-0010-400d-8839-8427b","Gahai.Wang.2022","LakeSediment","temperature",34.2398,102.3133,"positive",NA,NA,FALSE,NA,NA,FALSE,NA,NA,FALSE,NA,NA,FALSE,NA,NA,FALSE,17
"WEB-722f2-7ec7-4b1d-9c80-7c359","MD05-2925.Lo.2021","MarineSediment","temperature",-9.3435,151.4602,"positive",NA,NA,FALSE,NA,NA,FALSE,NA,NA,FALSE,NA,NA,FALSE,NA,NA,FALSE,0
"WEB-75b37-1658-4e61-b880-5b60e","MD07-3088.Haddam.2018","MarineSediment","temperature",-46.067,-75.683,"positive",NA,NA,FALSE,NA,NA,FALSE,NA,NA,FALSE,NA,NA,FALSE,NA,NA,FALSE,3
"WEB-7a3d3-17f4-4e87-b3cb-9d14b","U1429.Lee.2022","MarineSediment","temperature",31.6173,128.9975,"positive",NA,NA,FALSE,NA,NA,FALSE,NA,NA,FALSE,NA,NA,FALSE,NA,NA,FALSE,0
"WEB-84bc2-f82b-4e71-a8ec-9644f","MD95-2042.Davtian.2023","MarineSediment","temperature",37.7998,-10.1665,"positive",NA,NA,FALSE,NA,NA,FALSE,NA,NA,FALSE,NA,NA,FALSE,NA,NA,FALSE,1
"WEB-86a5a-e8e6-4c59-a2f7-aa344","EpicaDomeC.Buizert.2021","GlacierIce","temperature",-75.1,123.35,"positive",NA,NA,FALSE,NA,NA,FALSE,NA,NA,FALSE,NA,NA,FALSE,NA,NA,FALSE,0
"WEB-89cd0-397e-4dd7-aba9-04c27","Vostok.Petit.1999","GlacierIce","temperature",-78.47,106.8,"positive",NA,NA,FALSE,NA,NA,FALSE,NA,NA,FALSE,NA,NA,FALSE,NA,NA,FALSE,0
"WEB-92878-a2d8-4cc6-b982-46344","DomeFuji.Buizert.2021","GlacierIce","temperature",-77.32,39.7,"positive",NA,NA,FALSE,NA,NA,FALSE,NA,NA,FALSE,NA,NA,FALSE,NA,NA,FALSE,0
"WEB-99d4b-f3b6-4af1-85a2-5fad7","U1429.Lee.2022","MarineSediment","temperature",31.6173,128.9975,"positive",NA,NA,FALSE,NA,NA,FALSE,NA,NA,FALSE,NA,NA,FALSE,NA,NA,FALSE,0
"WEB-9d355-bfb0-4829-963e-4cbf2","Haukdalsvatn.Geirsdottir.2013","LakeSediment","composite",65.03,-21.37,"positive",NA,NA,FALSE,NA,NA,FALSE,NA,NA,FALSE,NA,NA,FALSE,NA,NA,FALSE,7
"WEB-bc7c1-fe8e-44ce-8637-3c388","MD12-3396CQ.Civel-Mazens.2021","MarineSediment","temperature",-47.7313,86.6952,"positive",NA,NA,FALSE,NA,NA,FALSE,NA,NA,FALSE,NA,NA,FALSE,NA,NA,FALSE,1
"WEB-c3814-b8e0-473a-96fe-eb0c5","NIOP905.Erdem.2021","MarineSediment","temperature",10.92,51.94,"positive",NA,NA,FALSE,NA,NA,FALSE,NA,NA,FALSE,NA,NA,FALSE,NA,NA,FALSE,1
"WEB-cb0e3-c573-4e55-8ce1-4343f","SS0206-GC15.Barrows.2020","MarineSediment","temperature",-39.3128,142.6839,"positive",NA,NA,FALSE,NA,NA,FALSE,NA,NA,FALSE,NA,NA,FALSE,NA,NA,FALSE,0
"WEB-db95e-e325-4203-969e-274d1","COR1GC.Orme.2020","MarineSediment","temperature",-54.2673,39.7663,"positive",NA,NA,FALSE,NA,NA,FALSE,NA,NA,FALSE,NA,NA,FALSE,NA,NA,FALSE,0
"WEB-f618f-429a-4160-af3d-8b3b0","EDML.Buizert.2021","GlacierIce","temperature",-75,0.0667,"positive",NA,NA,FALSE,NA,NA,FALSE,NA,NA,FALSE,NA,NA,FALSE,NA,NA,FALSE,0
"WEB-fbf1e-87cb-4d31-807f-9f472","Lugu.Zhao.2021","LakeSediment","temperature",27.683,100.75,"positive",NA,NA,FALSE,NA,NA,FALSE,NA,NA,FALSE,NA,NA,FALSE,NA,NA,FALSE,7
"WEB-fd04d-2e62-4ea4-bf04-e654a","SipleDome.Buizert.2021","GlacierIce","temperature",-81.65,-148.81,"positive",NA,NA,FALSE,NA,NA,FALSE,NA,NA,FALSE,NA,NA,FALSE,NA,NA,FALSE,0
"WEB02525b7b-dup-dup","Hakluytvatnet.vanderBilt.2019","LakeSediment","Uk37",79.77,10.74,"positive",NA,NA,FALSE,NA,NA,FALSE,NA,NA,FALSE,NA,NA,FALSE,NA,NA,FALSE,0
"WEB03081f2f","JamesRossIsland.Mulvaney.2012","GlacierIce","temperature",-64.2017,-57.685,"positive",NA,NA,FALSE,NA,NA,FALSE,NA,NA,FALSE,NA,NA,FALSE,NA,NA,FALSE,14
"WEB0c142d5f","BrayaSo.vonGunten.2012","LakeSediment","temperature",66.9875,-51.0333,"positive",0.267591606973741,0.191245896937184,FALSE,0.267591606973741,0.191245896937184,FALSE,0.267591606973741,0.37316272573109,FALSE,0.151499605550079,0.452566043899542,FALSE,0.151499605550079,0.645083002440327,FALSE,33
"WEB0fee2851","NorthGRIP.Gkinis.2014","GlacierIce","temperature",75.1,-42.32,"positive",NA,NA,FALSE,NA,NA,FALSE,NA,NA,FALSE,NA,NA,FALSE,NA,NA,FALSE,0
"WEB13e37e8c","DomeF.Uemura.2018","GlacierIce","temperature",-77.3167,39.67,"positive",NA,NA,FALSE,NA,NA,FALSE,NA,NA,FALSE,NA,NA,FALSE,NA,NA,FALSE,4
"WEB1bc4c057","DYE3.Dahl-Jensen.1998","GlacierIce","temperature",65.1857,-43.8248,"positive",NA,NA,FALSE,NA,NA,FALSE,NA,NA,FALSE,NA,NA,FALSE,NA,NA,FALSE,9
"WEB24e039a6","Hidden.Tang.1999","LakeSediment","temperature",29.81,92.54,"positive",NA,NA,FALSE,NA,NA,FALSE,NA,NA,FALSE,NA,NA,FALSE,NA,NA,FALSE,2
"WEB29a1ba78","QongjiamongCo.Shen.2003","LakeSediment","temperature",29.81,92.37,"positive",NA,NA,FALSE,NA,NA,FALSE,NA,NA,FALSE,NA,NA,FALSE,NA,NA,FALSE,2
"WEB29cf12bd","CreviceLake.Whitlock.2012","LakeSediment","CaCO3",45,-110.58,"positive",NA,NA,FALSE,NA,NA,FALSE,NA,NA,FALSE,NA,NA,FALSE,NA,NA,FALSE,11
"WEB2fbd7e47","PlateauRemote.MosleyThompson.1996","GlacierIce","d18O",-84,43,"positive",NA,NA,FALSE,NA,NA,FALSE,NA,NA,FALSE,NA,NA,FALSE,NA,NA,FALSE,0
"WEB387ae876","JPC42.Caniupan.2014","MarineSediment","temperature",-49.917,-74.383,"positive",NA,NA,FALSE,NA,NA,FALSE,NA,NA,FALSE,NA,NA,FALSE,NA,NA,FALSE,1
"WEB3b80ddb0","Komosomolskaia.Ciais.1992","GlacierIce","temperature",-74.083,97.4833,"positive",NA,NA,FALSE,NA,NA,FALSE,NA,NA,FALSE,NA,NA,FALSE,NA,NA,FALSE,0
"WEB3ca1b65e","Mackenzie.Woltering.2014","LakeSediment","temperature",-25.4475,153.0533,"positive",NA,NA,FALSE,NA,NA,FALSE,NA,NA,FALSE,NA,NA,FALSE,NA,NA,FALSE,6
"WEB3f3a069d","ChihuahuenosBog.Anderson.2008","Peat","Picea/Artemisia",36.0475,-106.51,"positive",NA,NA,FALSE,NA,NA,FALSE,NA,NA,FALSE,NA,NA,FALSE,NA,NA,FALSE,6
"WEB42e5f4d1","SelinCo.Sun.1993","LakeSediment","temperature",31.65,89.14,"positive",NA,NA,FALSE,NA,NA,FALSE,NA,NA,FALSE,NA,NA,FALSE,NA,NA,FALSE,2
"WEB45a0b5cd","TR17EDSW","Wood","d18O",57.815,15.26,"positive",0.103372887515086,0.590353676048595,FALSE,0.103372887515086,0.590353676048595,FALSE,0.103372887515086,0.758060409975625,FALSE,-0.00553310677734993,0.976849855374058,FALSE,-0.00553310677734993,0.984541586518735,FALSE,30
"WEB4be1aff2","LittlePondRoyalston.Marsicek.2013","LakeSediment","temperature",42.68,-72.19,"positive",NA,NA,FALSE,NA,NA,FALSE,NA,NA,FALSE,NA,NA,FALSE,NA,NA,FALSE,9
"WEB59f13cd6","StewartBog.Jimenez-Moreno.2008","Peat","Picea/Pinus",35.8323,-105.7225,"positive",NA,NA,FALSE,NA,NA,FALSE,NA,NA,FALSE,NA,NA,FALSE,NA,NA,FALSE,3
"WEB5e35a876","NorthGRIP.Gkinis.2014","GlacierIce","temperature",75.1,-42.32,"positive",NA,NA,FALSE,NA,NA,FALSE,NA,NA,FALSE,NA,NA,FALSE,NA,NA,FALSE,0
"WEB6df77dbb","FanLake.Foster.2016","LakeSediment","temperature",-54.497,-37.053,"positive",NA,NA,FALSE,NA,NA,FALSE,NA,NA,FALSE,NA,NA,FALSE,NA,NA,FALSE,10
"WEB7014bceb","Mansell.Shuman.2016","LakeSediment","temperature",45.04,-68.73,"positive",NA,NA,FALSE,NA,NA,FALSE,NA,NA,FALSE,NA,NA,FALSE,NA,NA,FALSE,11
"WEB73fbe78c_iso2k","GI19POYU","GroundIce","d2H",65.21,-138.32,"positive",NA,NA,FALSE,NA,NA,FALSE,NA,NA,FALSE,NA,NA,FALSE,NA,NA,FALSE,8
"WEB7fccbe93","ZigetangCo.Herzschuh.2006","LakeSediment","temperature",32,90.9,"positive",NA,NA,FALSE,NA,NA,FALSE,NA,NA,FALSE,NA,NA,FALSE,NA,NA,FALSE,2
"WEB919184b7","Korallgrottan.Sundqvist.2010","Speleothem","d18O",64.89,14.16,"negative",NA,NA,FALSE,NA,NA,FALSE,NA,NA,FALSE,NA,NA,FALSE,NA,NA,FALSE,7
"WEB9a26a54b","Eleanor.Gavin.2011","LakeSediment","temperature",47.68,-124.02,"positive",NA,NA,FALSE,NA,NA,FALSE,NA,NA,FALSE,NA,NA,FALSE,NA,NA,FALSE,4
"WEBa1e48de5","Agassiz.Lecavalier.2017","GlacierIce","temperature",80.67,-73.5,"positive",NA,NA,FALSE,NA,NA,FALSE,NA,NA,FALSE,NA,NA,FALSE,NA,NA,FALSE,2
"WEBa31332021","MiddenCluster1.Harbert.2018","Midden","temperature",37.9049,-110.1304,"positive",NA,NA,FALSE,NA,NA,FALSE,NA,NA,FALSE,NA,NA,FALSE,NA,NA,FALSE,3
"WEBa58bb1ff","Mansell.Shuman.2016","LakeSediment","temperature",45.04,-68.73,"positive",NA,NA,FALSE,NA,NA,FALSE,NA,NA,FALSE,NA,NA,FALSE,NA,NA,FALSE,11
"WEBa7012dcb","BloodPond.Marsicek.2013","LakeSediment","temperature",42.08,-71.96,"positive",NA,NA,FALSE,NA,NA,FALSE,NA,NA,FALSE,NA,NA,FALSE,NA,NA,FALSE,20
"WEBaef09a4f","ZigetangCo.Herzschuh.2006","LakeSediment","temperature",32,90.9,"positive",NA,NA,FALSE,NA,NA,FALSE,NA,NA,FALSE,NA,NA,FALSE,NA,NA,FALSE,2
"WEBb46a7c19","Gol-Ho1B-KSGC-31.Sicre.2016","MarineSediment","temperature",43,3.28,"positive",0.413662207391911,0.067567804230925,FALSE,0.413662207391911,0.067567804230925,TRUE,0.413662207391911,0.178691713668562,FALSE,-0.0585946489859049,0.768341018107945,FALSE,-0.0585946489859049,0.862698686998394,FALSE,28
"WEBb9192769","LittlePondRoyalston.Marsicek.2013","LakeSediment","temperature",42.68,-72.19,"positive",NA,NA,FALSE,NA,NA,FALSE,NA,NA,FALSE,NA,NA,FALSE,NA,NA,FALSE,9
"WEBc2d7108b","DonggiCona.Wang.2014","LakeSediment","temperature",35.22,98.33,"positive",NA,NA,FALSE,NA,NA,FALSE,NA,NA,FALSE,NA,NA,FALSE,NA,NA,FALSE,2
"WEBcad1020f","QongjiamongCo.Shen.2003","LakeSediment","temperature",29.81,92.37,"positive",NA,NA,FALSE,NA,NA,FALSE,NA,NA,FALSE,NA,NA,FALSE,NA,NA,FALSE,2
"WEBccdb4e35","BloodPond.Marsicek.2013","LakeSediment","temperature",42.08,-71.96,"positive",NA,NA,FALSE,NA,NA,FALSE,NA,NA,FALSE,NA,NA,FALSE,NA,NA,FALSE,20
"WEBd03dcf34","LittlePondRoyalston.Marsicek.2013","LakeSediment","temperature",42.68,-72.19,"positive",NA,NA,FALSE,NA,NA,FALSE,NA,NA,FALSE,NA,NA,FALSE,NA,NA,FALSE,9
"WEBd30870fb","EPICADomeC.Stenni.2010","GlacierIce","temperature",-75.1019,123.3953,"positive",NA,NA,FALSE,NA,NA,FALSE,NA,NA,FALSE,NA,NA,FALSE,NA,NA,FALSE,0
"WEBd6c7fc0c","Qinghai.Liu.2002","LakeSediment","temperature",36.67,100.58,"positive",NA,NA,FALSE,NA,NA,FALSE,NA,NA,FALSE,NA,NA,FALSE,NA,NA,FALSE,2
"WEBe15adc6e","SipleDomeA.Das.2008","GlacierIce","iceMelt",-81.65,-148.82,"positive",NA,NA,FALSE,NA,NA,FALSE,NA,NA,FALSE,NA,NA,FALSE,NA,NA,FALSE,0
"WEBe79dc8b2","SelinCo.Sun.1993","LakeSediment","temperature",31.65,89.14,"positive",NA,NA,FALSE,NA,NA,FALSE,NA,NA,FALSE,NA,NA,FALSE,NA,NA,FALSE,2
"WEBe7df08f0","Hidden.Tang.1999","LakeSediment","temperature",29.81,92.54,"positive",NA,NA,FALSE,NA,NA,FALSE,NA,NA,FALSE,NA,NA,FALSE,NA,NA,FALSE,2
"WEBed8af4cc","Qinghai.Liu.2002","LakeSediment","temperature",36.67,100.58,"positive",NA,NA,FALSE,NA,NA,FALSE,NA,NA,FALSE,NA,NA,FALSE,NA,NA,FALSE,2
"WEBef5799bb","EDML.Stenni.2010","GlacierIce","temperature",-75.0025,0.0683,"positive",NA,NA,FALSE,NA,NA,FALSE,NA,NA,FALSE,NA,NA,FALSE,NA,NA,FALSE,0
"WEBf671079c","Mansell.Shuman.2016","LakeSediment","temperature",45.04,-68.73,"positive",NA,NA,FALSE,NA,NA,FALSE,NA,NA,FALSE,NA,NA,FALSE,NA,NA,FALSE,11
"WEBf671aef0","WAISDivide.Cuffey.2016","GlacierIce","accumulation",-79.4676,-112.08,"positive",-0.112660552605915,0.560656752135757,FALSE,-0.112660552605915,0.560656752135757,FALSE,-0.112660552605915,0.739835714158524,FALSE,-0.16160057768673,0.402316569927195,FALSE,-0.16160057768673,0.607199912307971,FALSE,29
"WEBf7bafce3_iso2k","GI19POYU","GroundIce","d18O",65.21,-138.32,"positive",NA,NA,FALSE,NA,NA,FALSE,NA,NA,FALSE,NA,NA,FALSE,NA,NA,FALSE,8
"WEBf9c0d6bd","BloodPond.Marsicek.2013","LakeSediment","temperature",42.08,-71.96,"positive",NA,NA,FALSE,NA,NA,FALSE,NA,NA,FALSE,NA,NA,FALSE,NA,NA,FALSE,20
