"TSid","dataSetName","archiveType","variableName","lat","lon","direction","r_p05","p_p05","pass_p05","r_fdr10","p_fdr10","pass_fdr10","r_p05_dt","p_p05_dt","pass_p05_dt","r_fdr10_dt","p_fdr10_dt","pass_fdr10_dt","n_overlap"
"Africa_001","Afr-ColdAirCave.Sundqvist.2013","Speleothem","d18O",-24,29.18,"positive",0.237844228365273,0.256448556058869,FALSE,0.237844228365273,0.610175123750564,FALSE,0.173598571814462,0.422555421346689,FALSE,0.173598571814462,0.70488626131196,FALSE,45
"Africa_004","Afr-LakeTanganyika.Tierney.2010","LakeSediment","temperature",-6.03,28.53,"positive",NA,NA,FALSE,NA,NA,FALSE,NA,NA,FALSE,NA,NA,FALSE,2
"Ant_005","Ant-BerknerIsland.Mulvaney.2002","GlacierIce","d18O",-79.57,-45.72,"positive",NA,NA,FALSE,NA,NA,FALSE,NA,NA,FALSE,NA,NA,FALSE,0
"Ant_006","Ant-SiteDML07.Graf.2002","GlacierIce","d18O",-75.58,-3.43,"positive",NA,NA,FALSE,NA,NA,FALSE,NA,NA,FALSE,NA,NA,FALSE,0
"Ant_008","Ant-SiteDML17.Graf.2002","GlacierIce","d18O",-75.17,6.5,"positive",NA,NA,FALSE,NA,NA,FALSE,NA,NA,FALSE,NA,NA,FALSE,0
"Ant_009","Ant-DomeF1993.Uemura.2014","GlacierIce","d18O",-77.32,39.7,"positive",NA,NA,FALSE,NA,NA,FALSE,NA,NA,FALSE,NA,NA,FALSE,0
"Ant_010","Ant-DomeF2001.Uemura.2008","GlacierIce","d18O",-77.32,39.7,"positive",NA,NA,FALSE,NA,NA,FALSE,NA,NA,FALSE,NA,NA,FALSE,0
"Ant_012","Ant-DomeC.Stenni.2001","GlacierIce","d18O",-75.1,123.39,"positive",NA,NA,FALSE,NA,NA,FALSE,NA,NA,FALSE,NA,NA,FALSE,0
"Ant_013","Ant-DomeC.Jouzel.2001","GlacierIce","d2H",-75.1,123.39,"positive",NA,NA,FALSE,NA,NA,FALSE,NA,NA,FALSE,NA,NA,FALSE,0
"Ant_014","Ant-Ferrigno.Thomas.2013","GlacierIce","d2H",-74.57,-86.9,"positive",NA,NA,FALSE,NA,NA,FALSE,NA,NA,FALSE,NA,NA,FALSE,0
"Ant_022","Ant-JamesRossIsland.Mulvaney.2013","GlacierIce","d2H",-64.2017,-57.685,"positive",-0.122060837025771,0.338432869181541,FALSE,-0.122060837025771,0.655748446021237,FALSE,-0.21003765650229,0.0901083466985597,FALSE,-0.21003765650229,0.324230035864012,FALSE,68
"Ant_024","Ant-SipleStation.Mosley-Thompson.1990","GlacierIce","d18O",-75.92,-84.25,"positive",NA,NA,FALSE,NA,NA,FALSE,NA,NA,FALSE,NA,NA,FALSE,0
"Ant_026","Ant-TalosDome.Stenni.2002","GlacierIce","d2H",-72.8,159.06,"positive",NA,NA,FALSE,NA,NA,FALSE,NA,NA,FALSE,NA,NA,FALSE,0
"Ant_027","Ant-VLG.Bertler.2011","GlacierIce","d2H",-77.3302,162.5332,"positive",NA,NA,FALSE,NA,NA,FALSE,NA,NA,FALSE,NA,NA,FALSE,0
"Ant_028","Ant-Vostok.Ekaykin.2014","GlacierIce","d2H",-78.2785,104.8005,"positive",NA,NA,FALSE,NA,NA,FALSE,NA,NA,FALSE,NA,NA,FALSE,0
"Ant_030","Ant-WDC05A.Steig.2013","GlacierIce","d18O",-79.46,-112.09,"positive",NA,NA,FALSE,NA,NA,FALSE,NA,NA,FALSE,NA,NA,FALSE,0
"Ant_031","Ant-WDC06A.Steig.2013","GlacierIce","d18O",-79.46,-112.09,"positive",NA,NA,FALSE,NA,NA,FALSE,NA,NA,FALSE,NA,NA,FALSE,0
"Ant_031dD","Ant-WDC06A.Steig.2013","GlacierIce","d2H",-79.46,-112.09,"positive",NA,NA,FALSE,NA,NA,FALSE,NA,NA,FALSE,NA,NA,FALSE,0
"Ant_033","Ant-MES.Rhodes.2012","GlacierIce","d2H",-77.515,167.6765,"positive",NA,NA,FALSE,NA,NA,FALSE,NA,NA,FALSE,NA,NA,FALSE,0
"Ant_035","Ant-TaylorDome.Steig.2000","GlacierIce","d18O",-77.78,158.72,"positive",NA,NA,FALSE,NA,NA,FALSE,NA,NA,FALSE,NA,NA,FALSE,0
"Ant_037","Ant-US-ITASE-2000-1.Steig.2013","GlacierIce","d18O",-79.3838,-111.24,"positive",NA,NA,FALSE,NA,NA,FALSE,NA,NA,FALSE,NA,NA,FALSE,0
"Ant_050","Ant-US-ITASE-2002-4.Steig.2013","GlacierIce","d18O",-86.5,-107.99,"positive",NA,NA,FALSE,NA,NA,FALSE,NA,NA,FALSE,NA,NA,FALSE,0
"Arc_001","Arc-BlueLake.Bird.2008","LakeSediment","thickness",68.09,-150.47,"positive",-0.228919297000966,0.155360308849421,FALSE,-0.228919297000966,0.466080926548263,FALSE,-0.203018239746615,0.208964659503859,FALSE,-0.203018239746615,0.531313730666763,FALSE,40
"Arc_002","Arc-Avam-Taimyr.Briffa.2008","Wood","trsgi",72,101,"positive",0.452288480441347,0.00482656783532819,TRUE,0.452288480441347,0.0530091762566671,TRUE,0.431828064895379,0.00358454304629916,TRUE,0.431828064895379,0.0384185077550891,TRUE,48
"Arc_004","Arc-LowerMurrayLake.Cook.2008","LakeSediment","MAR",81.35,-69.53,"positive",NA,NA,FALSE,NA,NA,FALSE,NA,NA,FALSE,NA,NA,FALSE,16
"Arc_005","Arc-CampCentury.Fisher.1969","GlacierIce","d18O",77.17,-61.13,"positive",-0.163672137455282,0.30329910476777,FALSE,-0.163672137455282,0.655748446021237,FALSE,-0.111225903916439,0.486523447127824,FALSE,-0.111225903916439,0.768408898388513,FALSE,53
"Arc_007","Arc-GulfofAlaska.Wilson.2014","Wood","temperature",61.03,-146.59,"positive",0.362722087090724,0.0057559047771068,TRUE,0.362722087090724,0.0572561054143782,TRUE,0.501081861687943,3.71492890118181e-05,TRUE,0.501081861687943,0.00110861299314215,TRUE,67
"Arc_008","Arc-Yukon.D'Arrigo.2006","Wood","trsgi",67.9,-140.7,"positive",-0.264192956218742,0.142256955848167,FALSE,-0.264192956218742,0.444545599780977,FALSE,-0.0157524584215503,0.917959092451539,FALSE,-0.0157524584215503,0.969730125112167,FALSE,46
"Arc_011","Arc-GISP2.Grootes.1997","GlacierIce","d18O",72.1,-38.08,"positive",0.147409573242477,0.26039824783691,FALSE,0.147409573242477,0.610175123750564,FALSE,0.211724216889178,0.0966029559734316,FALSE,0.211724216889178,0.338074152272059,FALSE,76
"Arc_012mxd","Arc-Tornetrask.Melvin.2012","Wood","temperature",68.26,19.6,"positive",0.565712653286408,1.00914362781371e-07,TRUE,0.565712653286408,9.53640728283955e-06,TRUE,0.582409536207296,3.40946997292369e-08,TRUE,0.582409536207296,6.44389824882576e-06,TRUE,76
"Arc_014","Arc-LakeLehmilampi.Haltia-Hovi.2007","LakeSediment","thickness",63.62,29.1,"negative",NA,NA,FALSE,NA,NA,FALSE,NA,NA,FALSE,NA,NA,FALSE,0
"Arc_016","Arc-Indigirka.Hughes.1999","Wood","trsgi",69.5,147,"positive",0.0595054304456968,0.691134455383219,FALSE,0.0595054304456968,0.896735094284405,FALSE,0.041598296560686,0.781300705858533,FALSE,0.041598296560686,0.915687095149606,FALSE,47
"Arc_020","Arc-LakeC2.Lamoureux.1996","LakeSediment","thickness",82.83,-77.9,"positive",NA,NA,FALSE,NA,NA,FALSE,NA,NA,FALSE,NA,NA,FALSE,5
"Arc_021","Arc-Hvitarvatn.Larsen.2011","LakeSediment","thickness",64.6,-19.8,"negative",0.189377461238753,0.107793006371038,FALSE,0.189377461238753,0.389290666320882,FALSE,0.183506162429096,0.118562111177366,FALSE,0.183506162429096,0.369366577129487,FALSE,76
"Arc_023","Arc-LenaRiver.McDonald.1998","Wood","trsgi",70.67,125.87,"positive",0.144516337302089,0.355174717307407,FALSE,0.144516337302089,0.662969076745807,FALSE,0.18116847946147,0.251945355505768,FALSE,0.18116847946147,0.571626017067,FALSE,43
"Arc_024","Arc-LakeDonardBaffinIsland.Moore.2001","LakeSediment","thickness",66.73,-61.35,"positive",-0.227491108011565,0.0680176824191119,FALSE,-0.227491108011565,0.281503838917054,FALSE,-0.208449948262303,0.092058982077869,FALSE,-0.208449948262303,0.328285804013533,FALSE,76
"Arc_025","Arc-LakeNataujaervi.Ojala.2005","LakeSediment","reflectance",61.81,24.68,"positive",NA,NA,FALSE,NA,NA,FALSE,NA,NA,FALSE,NA,NA,FALSE,0
"Arc_026","Arc-NGTB16.Schwager.1998","GlacierIce","d18O",73.94,-37.63,"positive",0.274953539499951,0.0309352217732488,TRUE,0.274953539499951,0.166561768359192,FALSE,0.301317565416427,0.0161245723257544,TRUE,0.301317565416427,0.108840863198842,FALSE,76
"Arc_027","Arc-NGTB18.Schwager.1998","GlacierIce","d18O",76.62,-36.4,"positive",-0.0717179597170712,0.645410020811802,FALSE,-0.0717179597170712,0.869460085267687,FALSE,-0.078131347317695,0.615266251640142,FALSE,-0.078131347317695,0.844687565811042,FALSE,76
"Arc_028","Arc-NGTB21.Schwager.1998","GlacierIce","d18O",80,-41.14,"positive",0.248810899552507,0.106267022457058,FALSE,0.248810899552507,0.388731624084853,FALSE,0.254680489515466,0.0972605611836133,FALSE,0.254680489515466,0.338074152272059,FALSE,75
"Arc_029","Arc-BigRoundLake.Thomas.2009","LakeSediment","temperature",69.87,-68.83,NA,-0.0495664220136789,0.689244078106063,FALSE,-0.0495664220136789,0.896735094284405,FALSE,-0.0601741502182414,0.625331596301061,FALSE,-0.0601741502182414,0.851397390075758,FALSE,76
"Arc_029_varvethickness","Arc-BigRoundLake.Thomas.2009","LakeSediment","varveThickness",69.87,-68.83,"positive",-0.0500625453870498,0.686403444337218,FALSE,-0.0500625453870498,0.896735094284405,FALSE,-0.0609082687918389,0.621215232068087,FALSE,-0.0609082687918389,0.848744666464109,FALSE,76
"Arc_031","Arc-NGRIP1.Vinther.2006","GlacierIce","d18O",75.1,-42.32,"positive",0.224708291121595,0.102805748563869,FALSE,0.224708291121595,0.378512074257882,FALSE,0.225559819334671,0.101369508019987,FALSE,0.225559819334671,0.346244042453809,FALSE,75
"Arc_032","Arc-Agassiz.Vinther.2008","GlacierIce","d18O",80.7,-73.1,"positive",NA,NA,FALSE,NA,NA,FALSE,NA,NA,FALSE,NA,NA,FALSE,6
"Arc_033","Arc-Crete.Vinther.2010","GlacierIce","d18O",71.12,-37.32,"positive",0.30168530874436,0.0104484136180894,TRUE,0.30168530874436,0.0911423157147181,TRUE,0.337197590747023,0.00371247509228927,TRUE,0.337197590747023,0.0384185077550891,TRUE,76
"Arc_034","Arc-Dye.Vinther.2010","GlacierIce","d18O",65.18,-43.83,"positive",0.261443166194022,0.0271186144442432,TRUE,0.261443166194022,0.158542805573522,FALSE,0.281197102558542,0.0165857687128994,TRUE,0.281197102558542,0.110636833649576,FALSE,76
"Arc_035","Arc-GRIP.Vinther.2010","GlacierIce","d18O",72.58,-37.64,"positive",0.108917839990782,0.35661039614735,FALSE,0.108917839990782,0.662969076745807,FALSE,0.136363554270304,0.245300110682369,FALSE,0.136363554270304,0.570067486044136,FALSE,76
"Arc_036","Arc-Iceland.Bergthorsson.1969","Documents","temperature",64.77,-18.37,"positive",NA,NA,FALSE,NA,NA,FALSE,NA,NA,FALSE,NA,NA,FALSE,2
"Arc_037","Arc-VoeringPlateau.Berner.2011","MarineSediment","temperature",66.97,7.64,"positive",NA,NA,FALSE,NA,NA,FALSE,NA,NA,FALSE,NA,NA,FALSE,6
"Arc_039","Arc-MooseLake.Clegg.2010","LakeSediment","temperature",61.35,-143.6,"positive",NA,NA,FALSE,NA,NA,FALSE,NA,NA,FALSE,NA,NA,FALSE,2
"Arc_040","Arc-HudsonLake.Clegg.2011","LakeSediment","temperature",61.9,-145.66,"positive",NA,NA,FALSE,NA,NA,FALSE,NA,NA,FALSE,NA,NA,FALSE,2
"Arc_041","Arc-ScreamingLynxLake.Clegg.2011","LakeSediment","temperature",66.07,-145.4,"positive",NA,NA,FALSE,NA,NA,FALSE,NA,NA,FALSE,NA,NA,FALSE,1
"Arc_042","Arc-BrayaSoe.D'Andrea.2011","LakeSediment","temperature",67,-50.7,"positive",NA,NA,FALSE,NA,NA,FALSE,NA,NA,FALSE,NA,NA,FALSE,4
"Arc_043","Arc-DevonIceCap.Fisher.1983","GlacierIce","d18O",75.33,-82.5,"positive",NA,NA,FALSE,NA,NA,FALSE,NA,NA,FALSE,NA,NA,FALSE,10
"Arc_044","Arc-PennyIceCapP96.Fisher.1998","GlacierIce","d18O",67.25,-66.75,"positive",NA,NA,FALSE,NA,NA,FALSE,NA,NA,FALSE,NA,NA,FALSE,3
"Arc_045","Arc-MD992275.Jiang.2005","MarineSediment","temperature",66.55,-17.7,"positive",NA,NA,FALSE,NA,NA,FALSE,NA,NA,FALSE,NA,NA,FALSE,9
"Arc_048","Arc-LakeHamptraesk.Luoto.2009","LakeSediment","temperature",60.28,25.42,"positive",NA,NA,FALSE,NA,NA,FALSE,NA,NA,FALSE,NA,NA,FALSE,5
"Arc_049","Arc-LakePieni-Kauro.Luoto.2010","LakeSediment","temperature",64.28,30.12,"positive",NA,NA,FALSE,NA,NA,FALSE,NA,NA,FALSE,NA,NA,FALSE,1
"Arc_051","Arc-PennyIceCapP96.Okuyama.2003","GlacierIce","iceMelt",67.25,-65.75,"positive",NA,NA,FALSE,NA,NA,FALSE,NA,NA,FALSE,NA,NA,FALSE,3
"Arc_052","Arc-Lake4.Rolland.2009","LakeSediment","temperature",65.1,-83.79,"positive",NA,NA,FALSE,NA,NA,FALSE,NA,NA,FALSE,NA,NA,FALSE,1
"Arc_053","Arc-StoreggaSlide.Sejrup.2011","MarineSediment","d18O",63.76,5.26,"negative",NA,NA,FALSE,NA,NA,FALSE,NA,NA,FALSE,NA,NA,FALSE,15
"Arc_056","Arc-Renland.Vinther.2008","GlacierIce","d18O",71.27,-26.73,"positive",NA,NA,FALSE,NA,NA,FALSE,NA,NA,FALSE,NA,NA,FALSE,15
"Arc_057","Arc-Kittelfjall.Bjorklund.2012","Wood","density",65.2,15.5,"positive",0.49041011087394,6.89085601638671e-06,TRUE,0.49041011087394,0.000279079668663662,TRUE,0.490103371875646,6.99651690513312e-06,TRUE,0.490103371875646,0.000247939067825655,TRUE,76
"Arc_058","Arc-Armarnaes.Bjorklund.2012","Wood","density",65.9,16.1,"positive",0.576545796752697,5.02558208658585e-08,TRUE,0.576545796752697,6.79779155749475e-06,TRUE,0.569306339222944,8.03008370449854e-08,TRUE,0.569306339222944,9.10611492090135e-06,TRUE,76
"Arc_059","Arc-Tjeggelvas.Bjorklund.2012","Wood","density",66.6,17.6,"positive",0.604036334135725,7.6123725999522e-09,TRUE,0.604036334135725,2.15810763208645e-06,TRUE,0.591479814261354,1.84249779215489e-08,TRUE,0.591479814261354,5.22348124075911e-06,TRUE,76
"Arc_060","Arc-Arjeplog.Bjorklund.2014","Wood","density",66.3,18.2,"positive",0.463418761474334,2.48975236093758e-05,TRUE,0.463418761474334,0.000705844794325805,TRUE,0.449488507935294,4.63653491060836e-05,TRUE,0.449488507935294,0.00123273718198832,TRUE,76
"Arc_073","Arc-HalletLake.McKay.2008","LakeSediment","temperature",61.5,-146.2,"positive",NA,NA,FALSE,NA,NA,FALSE,NA,NA,FALSE,NA,NA,FALSE,5
"Arc_076","Arc-SoperLake.Hughen.2000","LakeSediment","temperature",62.917,-69.883,"positive",0.123550024731695,0.32536594728905,FALSE,0.123550024731695,0.655748446021237,FALSE,0.116502640767234,0.350910871629501,FALSE,0.116502640767234,0.663221547379757,FALSE,76
"Arc_078","Arc-Kongressvatnet.D'Andrea.2012","LakeSediment","temperature",78.0217,13.9311,"positive",NA,NA,FALSE,NA,NA,FALSE,NA,NA,FALSE,NA,NA,FALSE,7
"Arc_079","Arc-LakeE.D'Andrea.2011","LakeSediment","temperature",67,-50.7,"positive",NA,NA,FALSE,NA,NA,FALSE,NA,NA,FALSE,NA,NA,FALSE,3
"Arc_089","Arc-AkademiiNaukIceCap.Opel.2013","GlacierIce","d18O",80.52,94.82,"positive",NA,NA,FALSE,NA,NA,FALSE,NA,NA,FALSE,NA,NA,FALSE,17
"Arc_093","Arc-MackenzieDelta.Porter.2013","Wood","trsgi",68.625,-133.87,"positive",-0.360145757677182,0.0179371972230733,FALSE,-0.360145757677182,0.121076081255745,FALSE,-0.305692518368106,0.0411402615315375,FALSE,-0.305692518368106,0.208272574003408,FALSE,45
"Arc_099","Arc-WindyDome.Henderson.2011","GlacierIce","iceMelt",80.783,65.63,"positive",-0.0211367942420816,0.922611150374465,FALSE,-0.0211367942420816,0.97779536871462,FALSE,0.0208390346001966,0.923704129380794,FALSE,0.0208390346001966,0.969730125112167,FALSE,32
"Arc_099d18O","Arc-WindyDome.Henderson.2011","GlacierIce","d18O",80.783,65.63,"positive",0.202007520399301,0.464535532812022,FALSE,0.202007520399301,0.755376858415506,FALSE,0.116116560281349,0.665331091528363,FALSE,0.116116560281349,0.861284769170279,FALSE,32
"Arc_100","Arc-Yamalia.Briffa.2013","Wood","temperature",66.8,68,"positive",0.531129253399946,3.18968953715834e-06,TRUE,0.531129253399946,0.00015233940964729,TRUE,0.510987251035399,6.07819101954906e-06,TRUE,0.510987251035399,0.000229755620538954,TRUE,76
"Arc_150","Arc-Forfjorddalen.McCarroll.2013","Wood","MXD",68.73,15.73,"positive",0.584939464276637,2.87711253640395e-08,TRUE,0.584939464276637,5.43774269380346e-06,TRUE,0.570780762729991,7.3057308453825e-08,TRUE,0.570780762729991,9.10611492090135e-06,TRUE,76
"Arc_152","Arc-Jamtland.Wilson.2016","Wood","MXD",63.2475,13.3375,"positive",0.475091673417724,1.6351098861958e-05,TRUE,0.475091673417724,0.000545357238513542,TRUE,0.453451462737185,5.00052119677801e-05,TRUE,0.453451462737185,0.00123273718198832,TRUE,76
"Arc_162","Arc-PolarUrals.Wilson.2015","Wood","density",66.9,65.6,"positive",0.529194029072985,5.81029936159008e-06,TRUE,0.529194029072985,0.000253418441386275,TRUE,0.496989357220931,1.4597209720384e-05,TRUE,0.496989357220931,0.000486859877144573,TRUE,76
"Asia_001","Asi-AltaiAktru.Cook.2005","Wood","trsgi",50.08,87.77,"positive",0.081052480365458,0.508322955202307,FALSE,0.081052480365458,0.795539479920561,FALSE,-0.0661206638893301,0.572017803372934,FALSE,-0.0661206638893301,0.821098973449249,FALSE,76
"Asia_002","Asi-AltaiDjasator.Cook.2011","Wood","trsgi",49.62,88.1,"positive",0.0952208100452167,0.437991866937103,FALSE,0.0952208100452167,0.739111275456361,FALSE,-0.073369872611478,0.528777762408914,FALSE,-0.073369872611478,0.799256597875253,FALSE,76
"Asia_003","Asi-AltaiJablonsky.Cook.2000","Wood","trsgi",50.87,85.23,"positive",-0.0875234688225565,0.478457887573855,FALSE,-0.0875234688225565,0.770697790495386,FALSE,-0.0598427742268693,0.609735468599903,FALSE,-0.0598427742268693,0.840316015787312,FALSE,76
"Asia_004","Asi-AltaiKuraisky.Cook.2011","Wood","trsgi",50.3,87.83,"positive",-0.102789565277542,0.397991482216935,FALSE,-0.102789565277542,0.711832205762909,FALSE,-0.112073425298675,0.337296128019398,FALSE,-0.112073425298675,0.65425062495812,FALSE,76
"Asia_005","Asi-AltaiKuraiskySteppe.Cook.2011","Wood","trsgi",50.27,87.83,"positive",-0.202004248052374,0.0965671459843545,FALSE,-0.202004248052374,0.36502381182086,FALSE,-0.254670953096689,0.0272043137137955,FALSE,-0.254670953096689,0.148315825728097,FALSE,76
"Asia_006","Asi-AltaiSamakhaSteppe.Cook.2011","Wood","trsgi",49.72,87.28,"positive",0.0401861062261063,0.751080222408939,FALSE,0.0401861062261063,0.923440830304378,FALSE,-0.129352044215866,0.265424098494541,FALSE,-0.129352044215866,0.578124339471417,FALSE,76
"Asia_007","Asi-AltaiKorumdu.Cook.2005","Wood","trsgi",50.14,87.72,"positive",0.13390192522923,0.272660359576295,FALSE,0.13390192522923,0.625320386667041,FALSE,-0.0450166888128213,0.700360727014034,FALSE,-0.0450166888128213,0.889208206144009,FALSE,76
"Asia_008","Asi-AltaiTjute.Cook.2011","Wood","trsgi",50.12,87.92,"positive",-0.315483935945985,0.00799603572919675,FALSE,-0.315483935945985,0.0731250364266864,FALSE,-0.277238064151531,0.0157923884333314,FALSE,-0.277238064151531,0.107882942671071,FALSE,76
"Asia_009","Asi-AltaiUstUlaganLake.Cook.2005","Wood","trsgi",50.48,87.67,"positive",0.0667848222834382,0.584039838857385,FALSE,0.0667848222834382,0.834132465068355,FALSE,-0.0945294577720581,0.418268267746189,FALSE,-0.0945294577720581,0.70488626131196,FALSE,76
"Asia_010","Asi-AltaiUlaganValley.Cook.2011","Wood","trsgi",50.68,87.97,"positive",-0.148661246894181,0.220817095949074,FALSE,-0.148661246894181,0.561449746202355,FALSE,-0.16065289708389,0.167618140441525,FALSE,-0.16065289708389,0.450424102513481,FALSE,76
"Asia_011","Asi-UULTRW.Schweingruber.2002","Wood","trsgi",50.48,87.65,"positive",0.0171399043640265,0.888091334968144,FALSE,0.0171399043640265,0.960996019062216,FALSE,-0.0765653399715015,0.512657036507928,FALSE,-0.0765653399715015,0.794198195901626,FALSE,76
"Asia_013","Asi-UULLWW.Schweingruber.2002","Wood","trsgi",50.48,87.65,"positive",0.0169998991961135,0.888067185783206,FALSE,0.0169998991961135,0.960996019062216,FALSE,-0.0529192985682312,0.650913887021448,FALSE,-0.0529192985682312,0.861284769170279,FALSE,76
"Asia_014","Asi-UULEWD.Schweingruber.2002","Wood","trsgi",50.48,87.65,"positive",-0.00422901534150102,0.971579596386477,FALSE,-0.00422901534150102,0.992074882144284,FALSE,0.027890004382368,0.81130559908941,FALSE,0.027890004382368,0.927440069926805,FALSE,76
"Asia_015","Asi-UULLWD.Schweingruber.2002","Wood","trsgi",50.48,87.65,"positive",0.099652545523248,0.406304582906443,FALSE,0.099652545523248,0.713234360705738,FALSE,0.07047548593475,0.546446677581912,FALSE,0.07047548593475,0.807840304391288,FALSE,76
"Asia_016","Asi-UULMND.Schweingruber.2002","Wood","trsgi",50.48,87.65,"positive",0.0471530975282235,0.68721353646636,FALSE,0.0471530975282235,0.896735094284405,FALSE,0.0690100134897228,0.553794202936492,FALSE,0.0690100134897228,0.807840304391288,FALSE,76
"Asia_018","Asi-UKHTRW.Schweingruber.2002","Wood","trsgi",50.15,85.37,"positive",0.173543062797155,0.151660414469416,FALSE,0.173543062797155,0.457401356405101,FALSE,0.043245564791074,0.711661690810142,FALSE,0.043245564791074,0.892686876532018,FALSE,76
"Asia_020","Asi-UKHLWW.Schweingruber.2002","Wood","trsgi",50.15,85.37,"positive",0.278928584971769,0.0204486487267994,TRUE,0.278928584971769,0.130273975596576,FALSE,0.155652596881803,0.18115856788546,FALSE,0.155652596881803,0.473349806410396,FALSE,76
"Asia_021","Asi-UKHEWD.Schweingruber.2002","Wood","trsgi",50.15,85.37,"positive",0.127146453375571,0.273728734525183,FALSE,0.127146453375571,0.625320386667041,FALSE,0.22638132584823,0.0492468092194122,TRUE,0.22638132584823,0.227015779084608,FALSE,76
"Asia_023","Asi-UKHMND.Schweingruber.2002","Wood","trsgi",50.15,85.37,"positive",0.0937773246564347,0.420380979424295,FALSE,0.0937773246564347,0.72371412713826,FALSE,0.201080494388652,0.0815496008290395,FALSE,0.201080494388652,0.314548460340581,FALSE,76
"Asia_024","Asi-UKHMXD.Schweingruber.2002","Wood","trsgi",50.15,85.37,"positive",0.257334601645431,0.028764141376401,TRUE,0.257334601645431,0.16147790257841,FALSE,0.178101330234178,0.124492193894789,FALSE,0.178101330234178,0.376638961532695,FALSE,76
"Asia_025","Asi-BT001.Cook.2010","Wood","trsgi",27.58,90.65,"positive",0.2388749259126,0.201706723629625,FALSE,0.2388749259126,0.535274649643573,FALSE,0.129407315937122,0.441558792083826,FALSE,0.129407315937122,0.719444893211331,FALSE,64
"Asia_026","Asi-BT002.Cook.2010","Wood","trsgi",27.67,90.73,"positive",0.421785011856276,0.0140479164861195,TRUE,0.421785011856276,0.110627342328191,FALSE,0.252151181667486,0.104930652408871,FALSE,0.252151181667486,0.354140951879938,FALSE,64
"Asia_027","Asi-BT003.Cook.2010","Wood","trsgi",27.7,90.77,"positive",0.419728407378331,0.0207919228988973,TRUE,0.419728407378331,0.130989114263053,FALSE,0.252089282425262,0.122527062977982,FALSE,0.252089282425262,0.376638961532695,FALSE,64
"Asia_028","Asi-BT004.Cook.2010","Wood","trsgi",27.7,90.68,"positive",0.45338296585852,0.0144936751005917,TRUE,0.45338296585852,0.111141410611219,FALSE,0.327584090359104,0.0484784286866188,TRUE,0.327584090359104,0.225305484141909,FALSE,64
"Asia_029","Asi-BHUTTD.PAGES2k.2013","Wood","trsgi",27.67,90.72,"positive",0.445009192229894,0.0165271753961779,TRUE,0.445009192229894,0.12013985191837,FALSE,0.259797798959229,0.114260834411882,FALSE,0.259797798959229,0.358281002491761,FALSE,64
"Asia_030","Asi-BT006.Cook.2010","Wood","trsgi",27.63,90.13,"positive",0.0473065980486033,0.789341241134063,FALSE,0.0473065980486033,0.930470860131005,FALSE,0.0430692589325371,0.790967122441465,FALSE,0.0430692589325371,0.918797392007654,FALSE,64
"Asia_031","Asi-BT008.Cook.2010","Wood","trsgi",27.58,90.65,"positive",0.146271983051527,0.423473689347778,FALSE,0.146271983051527,0.725406591722629,FALSE,0.0738831003080098,0.65672620104427,FALSE,0.0738831003080098,0.861284769170279,FALSE,64
"Asia_032","Asi-BT009.Cook.2010","Wood","trsgi",27.42,90.97,"positive",0.241507277965458,0.112072185366299,FALSE,0.241507277965458,0.394497842806427,FALSE,0.111314829344308,0.442715573109289,FALSE,0.111314829344308,0.719444893211331,FALSE,64
"Asia_033","Asi-BT010.Cook.2010","Wood","trsgi",27.25,89.38,"positive",0.112536790716832,0.448838850097575,FALSE,0.112536790716832,0.746309759546408,FALSE,0.199808914055594,0.162271524511128,FALSE,0.199808914055594,0.44790113406729,FALSE,60
"Asia_034","Asi-BHUTSP.PAGES2k.2013","Wood","trsgi",27.45,90,"positive",0.269542549101144,0.0814537320984007,FALSE,0.269542549101144,0.3169276273379,FALSE,0.152121780876997,0.306465996110882,FALSE,0.152121780876997,0.61838512382516,FALSE,60
"Asia_035","Asi-BT018.Cook.2010","Wood","trsgi",27.95,89.75,"positive",-0.00907721105607589,0.959619046849059,FALSE,-0.00907721105607589,0.991081966417881,FALSE,0.1315125214916,0.423515014915273,FALSE,0.1315125214916,0.70488626131196,FALSE,60
"Asia_036","Asi-BT011.Cook.2010","Wood","trsgi",27.45,90.15,"positive",0.0232554841317013,0.893913181194536,FALSE,0.0232554841317013,0.961762379008163,FALSE,0.0745001233315835,0.64254069328583,FALSE,0.0745001233315835,0.861284769170279,FALSE,64
"Asia_037","Asi-BT005.Cook.2010","Wood","trsgi",27.45,90.15,"positive",0.0561723590482443,0.775601102523158,FALSE,0.0561723590482443,0.924351402831187,FALSE,0.280067093657363,0.097785116353823,FALSE,0.280067093657363,0.338074152272059,FALSE,64
"Asia_038","Asi-CHIN020.Li.2010","Wood","trsgi",30.23,100.27,"positive",0.159571866675382,0.285029877167156,FALSE,0.159571866675382,0.631298143406779,FALSE,0.177867164008047,0.228886169290249,FALSE,0.177867164008047,0.558627569279205,FALSE,58
"Asia_039","Asi-CHIN021.Li.2010","Wood","trsgi",28.98,99.93,"positive",-0.0504181019071788,0.746578898127074,FALSE,-0.0504181019071788,0.922441030059546,FALSE,-0.129025596262738,0.38716579629494,FALSE,-0.129025596262738,0.686009395310096,FALSE,60
"Asia_040","Asi-CHIN018.Li.2010","Wood","trsgi",29.28,100.08,"positive",-0.0914239718034779,0.581283384515748,FALSE,-0.0914239718034779,0.834132465068355,FALSE,-0.160632948882975,0.309288354638665,FALSE,-0.160632948882975,0.620181488113769,FALSE,56
"Asia_041","Asi-CHIN019.Li.2010","Wood","trsgi",29.15,99.93,"positive",0.111656437811364,0.411937795693784,FALSE,0.111656437811364,0.716231099928783,FALSE,0.112922700308149,0.406433815323443,FALSE,0.112922700308149,0.702014604506693,FALSE,60
"Asia_042","Asi-WXIYUN.Wright.2010","Wood","trsgi",27.33,99.3,"positive",-0.251948341238789,0.122478910544189,FALSE,-0.251948341238789,0.404273235825071,FALSE,-0.291507254277942,0.0716550708343927,FALSE,-0.291507254277942,0.292290828511515,FALSE,60
"Asia_043","Asi-DEZQIN.PAGES2k.2013","Wood","trsgi",34.75,100.82,"positive",0.0945290016618082,0.556212095559046,FALSE,0.0945290016618082,0.82426905560341,FALSE,0.0565310688857012,0.718911551487516,FALSE,0.0565310688857012,0.893909758099608,FALSE,58
"Asia_044","Asi-GOUQIN.PAGES2k.2013","Wood","trsgi",34.73,100.8,"positive",0.155583763415322,0.333489773981189,FALSE,0.155583763415322,0.655748446021237,FALSE,0.130818243260875,0.408948373233098,FALSE,0.130818243260875,0.702453567477442,FALSE,58
"Asia_045","Asi-HEBQIN.PAGES2k.2013","Wood","trsgi",34.73,100.78,"positive",0.0696029204430648,0.653115786094771,FALSE,0.0696029204430648,0.877527608331126,FALSE,0.0484454358730226,0.751701484997073,FALSE,0.0484454358730226,0.90108824945738,FALSE,58
"Asia_046","Asi-LAJQIN.PAGES2k.2013","Wood","trsgi",34.72,100.72,"positive",0.113632952767672,0.527886701805432,FALSE,0.113632952767672,0.803215131292784,FALSE,0.109345133895759,0.535132032571206,FALSE,0.109345133895759,0.804827221400196,FALSE,58
"Asia_047","Asi-GHEGAN.PAGES2k.2013","Wood","trsgi",37.93,101.53,"positive",-0.227489204877972,0.149302631193912,FALSE,-0.227489204877972,0.452698352336621,FALSE,-0.175455662529275,0.245320046904355,FALSE,-0.175455662529275,0.570067486044136,FALSE,60
"Asia_048","Asi-CHIN006.Sheppard.2013","Wood","trsgi",36.3,98.08,"positive",0.066122542212704,0.666615854385481,FALSE,0.066122542212704,0.888659421169968,FALSE,0.0488430531262816,0.745582986597752,FALSE,0.0488430531262816,0.897252998595565,FALSE,54
"Asia_049","Asi-CHIN005.Sheppard.2013","Wood","trsgi",37,98.08,"positive",-0.232720924341969,0.135301504237921,FALSE,-0.232720924341969,0.432122267418348,FALSE,-0.230792188757318,0.13896914504051,FALSE,-0.230792188757318,0.412541912240675,FALSE,54
"Asia_050","Asi-DUSHJP.PAGES2k.2013","Wood","trsgi",36.65,98.08,"positive",-0.129704129070342,0.40256832946634,FALSE,-0.129704129070342,0.711832205762909,FALSE,-0.14064479753118,0.361381617937649,FALSE,-0.14064479753118,0.66743771130504,FALSE,54
"Asia_051","Asi-MQAXJP.PAGES2k.2013","Wood","trsgi",35.07,100.35,"positive",-0.0688753418232239,0.671885573452699,FALSE,-0.0688753418232239,0.892175925404404,FALSE,-0.081939042864865,0.606928822167648,FALSE,-0.081939042864865,0.840316015787312,FALSE,60
"Asia_052","Asi-MQBXJP.PAGES2k.2013","Wood","trsgi",34.78,99.78,"positive",-3.09977602970386e-06,0.999984052593784,FALSE,-3.09977602970386e-06,0.999984052593784,FALSE,0.0539076626555935,0.723421634597126,FALSE,0.0539076626555935,0.894666971761574,FALSE,60
"Asia_053","Asi-MQDXJP.PAGES2k.2013","Wood","trsgi",34.72,99.67,"positive",0.0255142170112317,0.87141044724546,FALSE,0.0255142170112317,0.960996019062216,FALSE,0.0550460013843514,0.726464962049545,FALSE,0.0550460013843514,0.894666971761574,FALSE,60
"Asia_054","Asi-MQFXJP.PAGES2k.2013","Wood","trsgi",34.75,99.68,"positive",-0.0913383718616463,0.581833276543916,FALSE,-0.0913383718616463,0.834132465068355,FALSE,-0.0613038391183627,0.709417385913683,FALSE,-0.0613038391183627,0.892686876532018,FALSE,60
"Asia_055","Asi-MQRXJP.PAGES2k.2013","Wood","trsgi",34.75,99.68,"positive",-0.0449395041390517,0.778380230978188,FALSE,-0.0449395041390517,0.924351402831187,FALSE,0.0134356964971609,0.931801907648911,FALSE,0.0134356964971609,0.969730125112167,FALSE,60
"Asia_056","Asi-TDAXJP.PAGES2k.2013","Wood","trsgi",34.78,100.8,"positive",0.268411056609168,0.145828488890378,FALSE,0.268411056609168,0.451829252463631,FALSE,0.246107175561613,0.170479993599617,FALSE,0.246107175561613,0.451692319490575,FALSE,58
"Asia_057","Asi-TDBXJP.PAGES2k.2013","Wood","trsgi",34.78,100.82,"positive",0.0238818688764456,0.890215226886078,FALSE,0.0238818688764456,0.960996019062216,FALSE,0.0266999511161304,0.875361512498072,FALSE,0.0266999511161304,0.957804901418602,FALSE,58
"Asia_058","Asi-HBLXJP.PAGES2k.2013","Wood","trsgi",34.78,100.82,"positive",0.108987647621192,0.499985128625486,FALSE,0.108987647621192,0.78747657758514,FALSE,0.112759878905688,0.481220833629658,FALSE,0.112759878905688,0.762157018625742,FALSE,58
"Asia_059","Asi-HBMXJP.PAGES2k.2013","Wood","trsgi",34.78,100.82,"positive",0.120180267093694,0.463487877009626,FALSE,0.120180267093694,0.755376858415506,FALSE,0.0569911252861495,0.716353666352854,FALSE,0.0569911252861495,0.892686876532018,FALSE,58
"Asia_060","Asi-HBHXJP.PAGES2k.2013","Wood","trsgi",34.78,100.82,"positive",0.00471081503868973,0.97680934006501,FALSE,0.00471081503868973,0.992074882144284,FALSE,-0.00470318731046504,0.97653010806135,FALSE,-0.00470318731046504,0.986974280340081,FALSE,58
"Asia_061","Asi-BARELC.PAGES2k.2013","Wood","trsgi",33.75,107.8,"positive",-0.0569360139235288,0.745264025720123,FALSE,-0.0569360139235288,0.922441030059546,FALSE,-0.0295547180648808,0.85671576890675,FALSE,-0.0295547180648808,0.947542857696061,FALSE,67
"Asia_062","Asi-CHIN004.Wu.2013","Wood","trsgi",34.48,110.08,"positive",-0.0893378473448776,0.559173711545894,FALSE,-0.0893378473448776,0.825654933454484,FALSE,-0.00980988774520084,0.945699022529819,FALSE,-0.00980988774520084,0.970648698585156,FALSE,67
"Asia_063","Asi-SANGTS.PAGES2k.2013","Wood","trsgi",33.65,107.8,"positive",-0.0933986521720805,0.534210312635302,FALSE,-0.0933986521720805,0.804171864975858,FALSE,-0.0297421632534177,0.837202767470983,FALSE,-0.0297421632534177,0.934436947157574,FALSE,67
"Asia_064","Asi-CHIN029.Krusic.2010","Wood","trsgi",43.85,93.3,"positive",-0.0348549013101925,0.817536867047468,FALSE,-0.0348549013101925,0.94093772850949,FALSE,-0.113978624987051,0.435155341009661,FALSE,-0.113978624987051,0.719338420852705,FALSE,56
"Asia_065","Asi-TIANMU.PAGES2k.2013","Wood","trsgi",30.33,119.43,"positive",-0.0387953329802081,0.742781620403393,FALSE,-0.0387953329802081,0.922441030059546,FALSE,0.0356047172737192,0.763289077192459,FALSE,0.0356047172737192,0.908789272268,FALSE,74
"Asia_066","Asi-WULANJ.PAGES2k.2013","Wood","trsgi",37.03,98.68,"positive",0.0219472160686787,0.891506007101809,FALSE,0.0219472160686787,0.960996019062216,FALSE,-0.000518736451854448,0.997378376157485,FALSE,-0.000518736451854448,0.997378376157485,FALSE,54
"Asia_067","Asi-QUMAJP.PAGES2k.2013","Wood","trsgi",33.8,96.13,"positive",-0.272247960792518,0.0480970577805973,FALSE,-0.272247960792518,0.221715705378851,FALSE,-0.318291894144945,0.0191792892570664,FALSE,-0.318291894144945,0.118202793573442,FALSE,60
"Asia_068","Asi-ZHIDJP.Shao.2003","Wood","trsgi",33.72,96.28,"positive",-0.139832943713085,0.385698265739565,FALSE,-0.139832943713085,0.698693024518637,FALSE,-0.0966799540578368,0.543135859291845,FALSE,-0.0966799540578368,0.807088870397938,FALSE,60
"Asia_069","Asi-ZHANGX.PAGES2k.2010","Wood","trsgi",34.63,104.47,"positive",-0.150987994676955,0.344087717394442,FALSE,-0.150987994676955,0.655987176757966,FALSE,-0.192964787218365,0.213550440416027,FALSE,-0.192964787218365,0.535765927946404,FALSE,58
"Asia_070","Asi-CHIN017.Li.2010","Wood","trsgi",28.9,99.75,"positive",-0.137926861631142,0.325183902554067,FALSE,-0.137926861631142,0.655748446021237,FALSE,-0.124687602416987,0.373802993025979,FALSE,-0.124687602416987,0.681542203488453,FALSE,60
"Asia_071","Asi-CHIN016.Li.2010","Wood","trsgi",31.78,101.92,"positive",0.325417098833468,0.0417780942365125,TRUE,0.325417098833468,0.200747283322903,FALSE,0.282636003794978,0.0698249361854062,FALSE,0.282636003794978,0.28773354528661,FALSE,58
"Asia_072","Asi-PTCYUN.PAGES2k.2013","Wood","trsgi",27.37,99.37,"positive",-0.360320528556742,0.0311385316509248,FALSE,-0.360320528556742,0.166561768359192,FALSE,-0.36129101436334,0.0323344997686521,FALSE,-0.36129101436334,0.171342629615194,FALSE,60
"Asia_073","Asi-WEXYUN.Wright.2010","Wood","trsgi",27.33,99.3,"positive",-0.162904763537578,0.319516848845048,FALSE,-0.162904763537578,0.655748446021237,FALSE,-0.242753930849118,0.124882054264809,FALSE,-0.242753930849118,0.376638961532695,FALSE,60
"Asia_074","Asi-HXBURU.PAGES2k.2013","Wood","trsgi",43.18,87.18,"positive",-0.0725766200551483,0.629676674706356,FALSE,-0.0725766200551483,0.864471366969743,FALSE,-0.035634593451351,0.807511153144345,FALSE,-0.035634593451351,0.926839724357983,FALSE,56
"Asia_075","Asi-DQHZHO.PAGES2k.2013","Wood","trsgi",35,100.07,"positive",0.0128512833755361,0.943117160522971,FALSE,0.0128512833755361,0.982991599295082,FALSE,-0.073278742032917,0.66301655437043,FALSE,-0.073278742032917,0.861284769170279,FALSE,58
"Asia_076","Asi-CHIN026.Wright.2010","Wood","trsgi",27.62,99.8,"positive",-0.044420313698255,0.774686136154927,FALSE,-0.044420313698255,0.924351402831187,FALSE,-0.0348756847279537,0.82293523708616,FALSE,-0.0348756847279537,0.931174565255833,FALSE,60
"Asia_077","Asi-HYGJUP.PAGES2k.2013","Wood","trsgi",38.7,99.68,"positive",-0.142307694317588,0.395231621376309,FALSE,-0.142307694317588,0.709165599115086,FALSE,-0.147046285772424,0.381608169301682,FALSE,-0.147046285772424,0.68256098420837,FALSE,54
"Asia_078","Asi-MQACJP.PAGES2k.2013","Wood","trsgi",35.07,100.35,"positive",-0.0826943224054204,0.619231147858809,FALSE,-0.0826943224054204,0.856370789551415,FALSE,-0.151632359116207,0.34185503095483,FALSE,-0.151632359116207,0.659291845412887,FALSE,60
"Asia_079","Asi-CHIN037.Fan.2013","Wood","trsgi",27.58,99.35,"positive",-0.0998980171453315,0.547721225623475,FALSE,-0.0998980171453315,0.81725772349608,FALSE,-0.127103051792884,0.443723316742591,FALSE,-0.127103051792884,0.719444893211331,FALSE,60
"Asia_080","Asi-CHIN038.Fan.2013","Wood","trsgi",27.58,99.28,"positive",-0.252861552819092,0.12002224226969,FALSE,-0.252861552819092,0.402678173768723,FALSE,-0.274658560808893,0.0903498159903242,FALSE,-0.274658560808893,0.324230035864012,FALSE,60
"Asia_081","Asi-CHIN039.Fan.2013","Wood","trsgi",28.03,99.02,"positive",-0.104830602998451,0.512383733443067,FALSE,-0.104830602998451,0.798136200170932,FALSE,-0.127696957490387,0.423926305304018,FALSE,-0.127696957490387,0.70488626131196,FALSE,60
"Asia_082","Asi-CHIN040.Fan.2013","Wood","trsgi",28.03,98.98,"positive",-0.195089437021207,0.239774041860837,FALSE,-0.195089437021207,0.598906967996012,FALSE,-0.235801341159186,0.151941247687039,FALSE,-0.235801341159186,0.431482310907003,FALSE,60
"Asia_083","Asi-CHIN041.Fan.2013","Wood","trsgi",27.88,98.4,"positive",0.0366394312982694,0.83902436572931,FALSE,0.0366394312982694,0.952484769939943,FALSE,0.0683560015693305,0.704153455593016,FALSE,0.0683560015693305,0.891176617563617,FALSE,60
"Asia_084","Asi-CHIN050.Shao.2013","Wood","trsgi",37.47,97.23,"positive",-0.0514457327597235,0.73630372895472,FALSE,-0.0514457327597235,0.922441030059546,FALSE,-0.0349641928874912,0.817129937689917,FALSE,-0.0349641928874912,0.930022531067539,FALSE,54
"Asia_085","Asi-CHIN051.Shao.2013","Wood","trsgi",37.47,97.22,"positive",-0.14845899159547,0.347568607172022,FALSE,-0.14845899159547,0.65738347652926,FALSE,-0.139184282538898,0.37931543293121,FALSE,-0.139184282538898,0.681542203488453,FALSE,54
"Asia_086","Asi-CHIN052.Shao.2013","Wood","trsgi",37.45,97.53,"positive",-0.130906492100968,0.421209280345019,FALSE,-0.130906492100968,0.72371412713826,FALSE,-0.131147239886614,0.421214806195723,FALSE,-0.131147239886614,0.70488626131196,FALSE,54
"Asia_087","Asi-CHIN053.Shao.2013","Wood","trsgi",37.43,98.05,"positive",-0.103403656602205,0.526617740893013,FALSE,-0.103403656602205,0.803215131292784,FALSE,-0.123684363764386,0.44410178593292,FALSE,-0.123684363764386,0.719444893211331,FALSE,54
"Asia_088","Asi-CHIN054.Shao.2013","Wood","trsgi",37.45,97.78,"positive",-0.22671688898406,0.164330821706463,FALSE,-0.22671688898406,0.480628982999489,FALSE,-0.235512474768292,0.146545983936417,FALSE,-0.235512474768292,0.429439413422706,FALSE,54
"Asia_089","Asi-CHIN055.Shao.2013","Wood","trsgi",37.52,97.05,"positive",-0.202614133019934,0.205333597741952,FALSE,-0.202614133019934,0.541507674045054,FALSE,-0.19754846663487,0.217211672287763,FALSE,-0.19754846663487,0.542550740912606,FALSE,54
"Asia_090","Asi-CHIN056.Shao.2013","Wood","trsgi",34.47,110.08,"positive",-0.112532775070754,0.381377554681569,FALSE,-0.112532775070754,0.695308918020739,FALSE,-0.0134515710368132,0.915042938818397,FALSE,-0.0134515710368132,0.969730125112167,FALSE,67
"Asia_091","Asi-CHIN057.Shao.2013","Wood","trsgi",34.47,110.08,"positive",-0.0951653857253799,0.526332383804062,FALSE,-0.0951653857253799,0.803215131292784,FALSE,0.0007859370674319,0.995570774911087,FALSE,0.0007859370674319,0.997329733877361,FALSE,67
"Asia_092","Asi-CHIN058.Shao.2013","Wood","trsgi",34.47,110.08,"positive",-0.025524829260704,0.844719663961117,FALSE,-0.025524829260704,0.954095716067636,FALSE,0.0282188149536053,0.826713960966171,FALSE,0.0282188149536053,0.931174565255833,FALSE,67
"Asia_093","Asi-CHIN059.Shao.2013","Wood","trsgi",33.8,96.13,"positive",-0.250354753150103,0.0725433921575474,FALSE,-0.250354753150103,0.29591441261388,FALSE,-0.32334789566346,0.0172983868414371,FALSE,-0.32334789566346,0.112737762518332,FALSE,60
"Asia_094","Asi-CHIN060.Shao.2013","Wood","trsgi",37.32,98.4,"positive",-0.0901000176244435,0.569628253116453,FALSE,-0.0901000176244435,0.83237466671642,FALSE,-0.0949162545783498,0.550008076661711,FALSE,-0.0949162545783498,0.807840304391288,FALSE,54
"Asia_095","Asi-CHIN061.Shao.2013","Wood","trsgi",37.03,98.63,"positive",-0.224208476352332,0.163644052719792,FALSE,-0.224208476352332,0.480628982999489,FALSE,-0.232314318476892,0.146933414821878,FALSE,-0.232314318476892,0.429439413422706,FALSE,54
"Asia_096","Asi-CHIN062.Shao.2013","Wood","trsgi",37.03,98.67,"positive",-0.189195694784333,0.226997891964818,FALSE,-0.189195694784333,0.574588414035945,FALSE,-0.187153167212751,0.23137518920884,FALSE,-0.187153167212751,0.558627569279205,FALSE,54
"Asia_097","Asi-CHIN063.Shao.2013","Wood","trsgi",36.75,98.22,"positive",-0.195460702910766,0.217770448470363,FALSE,-0.195460702910766,0.561449746202355,FALSE,-0.221287705008662,0.153720329458932,FALSE,-0.221287705008662,0.431482310907003,FALSE,54
"Asia_098","Asi-CHIN064.Shao.2013","Wood","trsgi",36.68,98.42,"positive",-0.0905896598555401,0.581040661222555,FALSE,-0.0905896598555401,0.834132465068355,FALSE,-0.0948761323897902,0.561910523986793,FALSE,-0.0948761323897902,0.810695336133617,FALSE,54
"Asia_099","Asi-CHIN065.Shao.2013","Wood","trsgi",32.67,95.72,"positive",-0.1998785040014,0.210050520764516,FALSE,-0.1998785040014,0.548841683287928,FALSE,-0.148133033831196,0.346095681718843,FALSE,-0.148133033831196,0.660728119645063,FALSE,60
"Asia_101","Asi-INDO005.D'Arrigo.2010","Wood","trsgi",-5.5,122.8,"positive",0.0362279843458529,0.771572614196307,FALSE,0.0362279843458529,0.924351402831187,FALSE,0.0503147959148716,0.684102968917546,FALSE,0.0503147959148716,0.879091539438829,FALSE,69
"Asia_102","Asi-GANGCD.PAGES2k.2013","Wood","trsgi",30.98,78.93,"positive",-0.0377551828821324,0.787233737166077,FALSE,-0.0377551828821324,0.929919852027428,FALSE,-0.030416980786459,0.827710724671851,FALSE,-0.030416980786459,0.931174565255833,FALSE,55
"Asia_103","Asi-RANGCD.PAGES2k.2013","Wood","trsgi",33.08,76.43,"positive",-0.160256619977334,0.251798589953839,FALSE,-0.160256619977334,0.610175123750564,FALSE,-0.156079781318079,0.264882980636372,FALSE,-0.156079781318079,0.578124339471417,FALSE,55
"Asia_104","Asi-INDI015.Borgaonkar.2013","Wood","trsgi",31.2,77.23,"positive",-0.175663734256101,0.218565853357764,FALSE,-0.175663734256101,0.561449746202355,FALSE,-0.151931898206436,0.282957689157867,FALSE,-0.151931898206436,0.59421114723152,FALSE,55
"Asia_105","Asi-INDI025.Borgaonkar.2013","Wood","trsgi",10.18,76.87,"positive",-0.369657116938167,0.00486151175546153,FALSE,-0.369657116938167,0.0530091762566671,FALSE,-0.348151668075405,0.00561868939747265,FALSE,-0.348151668075405,0.0475492072890596,FALSE,71
"Asia_106","Asi-KERALA.PAGES2k.2013","Wood","trsgi",10,76.67,"positive",-0.169287099226664,0.161217169592713,FALSE,-0.169287099226664,0.479928504477077,FALSE,-0.169524895795057,0.160620836234125,FALSE,-0.169524895795057,0.446431441886023,FALSE,70
"Asia_107","Asi-INDI024.Borgaonkar.2013","Wood","trsgi",31.37,78.17,"positive",0.267527940327156,0.0596899980751796,FALSE,0.267527940327156,0.258352892432266,FALSE,0.274146613345957,0.05237557431983,FALSE,0.274146613345957,0.239491537414061,FALSE,55
"Asia_108","Asi-MTASSP.Davi.2013","Wood","trsgi",43.77,142.55,"positive",0.128046446763108,0.334611567950313,FALSE,0.128046446763108,0.655748446021237,FALSE,0.112101471824398,0.39592180924509,FALSE,0.112101471824398,0.692725733778061,FALSE,65
"Asia_109","Asi-MTASMD.Davi.2013","Wood","trsgi",43.77,142.55,"positive",0.196428868684555,0.122636678239704,FALSE,0.196428868684555,0.404273235825071,FALSE,0.204432067885382,0.108348536873993,FALSE,0.204432067885382,0.357172211671827,FALSE,65
"Asia_110","Asi-RUSS219.Jacoby.2010","Wood","trsgi",43.88,145.6,"positive",0.396012199147617,0.00340235434993177,TRUE,0.396012199147617,0.0459426708181648,TRUE,0.401448200515746,0.00291572732833999,TRUE,0.401448200515746,0.0351748381950803,TRUE,59
"Asia_111","Asi-JAPA020.Kimura.2013","Wood","trsgi",30.33,130.5,"positive",-0.0603631086546898,0.645506557162725,FALSE,-0.0603631086546898,0.869460085267687,FALSE,-0.160012053869581,0.205201636077608,FALSE,-0.160012053869581,0.526467545954769,FALSE,74
"Asia_112","Asi-JAPA013.Yasue.1997","Wood","trsgi",44.35,142.18,"positive",0.288430584123552,0.0266011928654165,TRUE,0.288430584123552,0.158542805573522,FALSE,0.30368004790739,0.0188542971160152,TRUE,0.30368004790739,0.117476774338248,FALSE,65
"Asia_113","Asi-JAPA015.Yasue.2013","Wood","trsgi",43.22,145.47,"positive",0.360534582398938,0.00558606516315727,TRUE,0.360534582398938,0.0565589097769674,TRUE,0.363327487850441,0.00523540362308768,TRUE,0.363327487850441,0.0463824039732924,TRUE,59
"Asia_114","Asi-JAPA016.Yasue.2013","Wood","trsgi",35.73,138.22,"positive",-0.0638409512959828,0.627630316737294,FALSE,-0.0638409512959828,0.863753372791373,FALSE,-0.0565794098085025,0.662607488225127,FALSE,-0.0565794098085025,0.861284769170279,FALSE,70
"Asia_115","Asi-JAPA014.Yasue.2013","Wood","trsgi",43.5,143.2,"positive",0.266130214314426,0.0416550367834219,TRUE,0.266130214314426,0.200747283322903,FALSE,0.264709436958085,0.042576568634757,TRUE,0.264709436958085,0.212785198690177,FALSE,65
"Asia_116","Asi-JAPA012.Yasue.1997","Wood","trsgi",44.95,142.12,"positive",0.0705996465945158,0.59385948743102,FALSE,0.0705996465945158,0.843905587401976,FALSE,0.085134499467714,0.518832090258791,FALSE,0.085134499467714,0.799256597875253,FALSE,65
"Asia_117","Asi-YKCOM.Yasue.2013","Wood","trsgi",30.37,130.53,"positive",0.133852063777871,0.334988713956302,FALSE,0.133852063777871,0.655748446021237,FALSE,0.0159509339953104,0.903403198624046,FALSE,0.0159509339953104,0.969730125112167,FALSE,74
"Asia_118","Asi-JAPA017.Yasue.2013","Wood","trsgi",30.37,130.53,"positive",-0.108052108148611,0.413064496784325,FALSE,-0.108052108148611,0.716231099928783,FALSE,-0.0983424225665391,0.447731783166683,FALSE,-0.0983424225665391,0.72278605182236,FALSE,74
"Asia_119","Asi-YKC.Yasue.2013","Wood","trsgi",30.33,130.45,"positive",0.14671482379775,0.284348312775078,FALSE,0.14671482379775,0.631298143406779,FALSE,0.0753096740313815,0.569687465363689,FALSE,0.0753096740313815,0.819829423505614,FALSE,74
"Asia_120","Asi-JAPA019.Sano.2013","Wood","trsgi",33.73,133.12,"positive",-0.30968247720075,0.035845240912763,FALSE,-0.30968247720075,0.186540115992438,FALSE,-0.325792135569962,0.0208765876914229,FALSE,-0.325792135569962,0.123302346052467,FALSE,74
"Asia_121","Asi-KYRG002.Esper.2007","Wood","trsgi",40.17,72.58,"positive",0.149126451332759,0.320415238842624,FALSE,0.149126451332759,0.655748446021237,FALSE,0.127439001463955,0.393183767818456,FALSE,0.127439001463955,0.692345330289021,FALSE,51
"Asia_122","Asi-KYRG003.Esper.2007","Wood","trsgi",40.17,72.58,"positive",-0.195448036796513,0.178472452437416,FALSE,-0.195448036796513,0.497035902754166,FALSE,-0.208252070529976,0.150110257253925,FALSE,-0.208252070529976,0.431482310907003,FALSE,51
"Asia_123","Asi-KYRG004.Esper.2007","Wood","trsgi",40.17,72.58,"positive",-0.0501330639750364,0.738053568105703,FALSE,-0.0501330639750364,0.922441030059546,FALSE,-0.0131610187127636,0.929775226244437,FALSE,-0.0131610187127636,0.969730125112167,FALSE,51
"Asia_124","Asi-KYRG005.Esper.2007","Wood","trsgi",40.17,72.58,"positive",0.0228917351007666,0.874431439950477,FALSE,0.0228917351007666,0.960996019062216,FALSE,0.0532897946144012,0.715751686010251,FALSE,0.0532897946144012,0.892686876532018,FALSE,51
"Asia_125","Asi-KYRG007.Esper.2007","Wood","trsgi",40.17,72.58,"positive",-0.0122314343212258,0.936247121611447,FALSE,-0.0122314343212258,0.982991599295082,FALSE,-0.00172524541100795,0.990955409109743,FALSE,-0.00172524541100795,0.995838589226175,FALSE,51
"Asia_126","Asi-KYRG008.Shiyatov.2013","Wood","trsgi",40.2,72.58,"positive",-0.198290485814756,0.180337975429922,FALSE,-0.198290485814756,0.497035902754166,FALSE,-0.127985603375135,0.38597241086823,FALSE,-0.127985603375135,0.686009395310096,FALSE,51
"Asia_127","Asi-KYRG009.Shiyatov.2013","Wood","trsgi",39.92,71.47,"positive",0.00395462581861331,0.978496597709811,FALSE,0.00395462581861331,0.992074882144284,FALSE,0.00602988402377314,0.967318853938138,FALSE,0.00602988402377314,0.986180369693537,FALSE,51
"Asia_128","Asi-KYRG010.Shiyatov.2013","Wood","trsgi",40.17,72.62,"positive",-0.290430795097982,0.041606976461447,FALSE,-0.290430795097982,0.200747283322903,FALSE,-0.256796400053199,0.0700303866835135,FALSE,-0.256796400053199,0.28773354528661,FALSE,51
"Asia_129","Asi-KYRG011.Shiyatov.2013","Wood","trsgi",39.83,71.5,"positive",0.0994414063424119,0.509313635293058,FALSE,0.0994414063424119,0.795539479920561,FALSE,0.11586256939454,0.440360731668556,FALSE,0.11586256939454,0.719444893211331,FALSE,51
"Asia_130","Asi-SHIYAT.PAGES2k.2013","Wood","trsgi",39.83,71.5,"positive",-0.108058655322175,0.466282011367596,FALSE,-0.108058655322175,0.755376858415506,FALSE,-0.0508454089406033,0.733193759166974,FALSE,-0.0508454089406033,0.897252998595565,FALSE,51
"Asia_131","Asi-ESPERG.PAGES2k.2013","Wood","trsgi",40.17,72.58,"positive",0.0150509313340235,0.919876004813001,FALSE,0.0150509313340235,0.97779536871462,FALSE,0.0426953644762465,0.775675562260507,FALSE,0.0426953644762465,0.914361837425587,FALSE,51
"Asia_133","Asi-RUSS236.Sano.2009","Wood","trsgi",55,160.5,"positive",-0.0383477620308631,0.818134568174918,FALSE,-0.0383477620308631,0.94093772850949,FALSE,-0.0382314616784387,0.818485437394536,FALSE,-0.0382314616784387,0.930022531067539,FALSE,45
"Asia_134","Asi-KAZ001.Solomina.2010","Wood","trsgi",43.35,77.35,"positive",-0.203129615052542,0.17632535416331,FALSE,-0.203129615052542,0.497035902754166,FALSE,-0.149550856067632,0.309543846801052,FALSE,-0.149550856067632,0.620181488113769,FALSE,55
"Asia_135","Asi-KYRG012.Solomina.2013","Wood","trsgi",42.2,79.05,"positive",-0.210778795888203,0.168455062344263,FALSE,-0.210778795888203,0.487316430353047,FALSE,-0.190606411146833,0.199604684508247,FALSE,-0.190606411146833,0.514435709618983,FALSE,55
"Asia_136","Asi-KYRG013.Solomina.2013","Wood","trsgi",42.15,79.47,"positive",-0.202765857394207,0.178233963379273,FALSE,-0.202765857394207,0.497035902754166,FALSE,-0.122593048697535,0.401699981490008,FALSE,-0.122593048697535,0.696525655978087,FALSE,55
"Asia_137","Asi-KYRG014.Solomina.2013","Wood","trsgi",42.42,78.97,"positive",-0.102128299534643,0.509027497246864,FALSE,-0.102128299534643,0.795539479920561,FALSE,-0.0532045845674967,0.723318315422317,FALSE,-0.0532045845674967,0.894666971761574,FALSE,55
"Asia_138","Asi-KYRG015.Solomina.2013","Wood","trsgi",42.15,79.45,"positive",-0.0527076036342921,0.723491699853135,FALSE,-0.0527076036342921,0.921754913527994,FALSE,-0.0118037675529255,0.935407003248663,FALSE,-0.0118037675529255,0.969730125112167,FALSE,55
"Asia_139","Asi-MONG016.Jacoby.2010","Wood","trsgi",48.6,88.37,"positive",-0.0391812431951848,0.758389260907697,FALSE,-0.0391812431951848,0.923440830304378,FALSE,0.0647682182392031,0.578304820217595,FALSE,0.0647682182392031,0.82594164499591,FALSE,76
"Asia_140","Asi-MONG027.Jacoby.2010","Wood","trsgi",46.32,101.32,"positive",-0.0910777792226694,0.520314487856773,FALSE,-0.0910777792226694,0.803215131292784,FALSE,-0.0660322963295487,0.63487367612768,FALSE,-0.0660322963295487,0.857341056685917,FALSE,75
"Asia_141","Asi-MONG017.Jacoby.2010","Wood","trsgi",49.97,91,"positive",-0.192036277672556,0.114920286664207,FALSE,-0.192036277672556,0.397315869137837,FALSE,-0.316320750928352,0.00665174173474703,FALSE,-0.316320750928352,0.0538791080514509,FALSE,76
"Asia_142","Asi-MONG018.Jacoby.2010","Wood","trsgi",49.97,90.98,"positive",0.114184950738795,0.365804878139072,FALSE,0.114184950738795,0.677814921257692,FALSE,-0.0578924513187515,0.63106908827481,FALSE,-0.0578924513187515,0.856019552755544,FALSE,76
"Asia_143","Asi-MONG019.Jacoby.2010","Wood","trsgi",47.1,90.97,"positive",0.030265561669323,0.808243228793323,FALSE,0.030265561669323,0.94093772850949,FALSE,-0.0526308530424741,0.663669571682223,FALSE,-0.0526308530424741,0.861284769170279,FALSE,76
"Asia_144","Asi-MONG020.Jacoby.2010","Wood","trsgi",48.27,88.87,"positive",-0.00863581559164015,0.945556207256568,FALSE,-0.00863581559164015,0.983455215689116,FALSE,-0.0179198251660023,0.877889949244212,FALSE,-0.0179198251660023,0.957804901418602,FALSE,76
"Asia_145","Asi-MONG021.Jacoby.2010","Wood","trsgi",48.35,107.47,"positive",-0.132057463556434,0.337086823517351,FALSE,-0.132057463556434,0.655748446021237,FALSE,-0.130773806831993,0.320729389999708,FALSE,-0.130773806831993,0.631435986561925,FALSE,76
"Asia_146","Asi-MONG033.Jacoby.2010","Wood","trsgi",49.37,94.88,"positive",0.131402411831708,0.307154284165702,FALSE,0.131402411831708,0.655748446021237,FALSE,-0.130738366537321,0.27803594478242,FALSE,-0.130738366537321,0.588848821755513,FALSE,76
"Asia_147","Asi-MONG009.Jacoby.2013","Wood","trsgi",49.92,91.57,"positive",-0.0683118153607761,0.569883992621799,FALSE,-0.0683118153607761,0.83237466671642,FALSE,-0.134581115334797,0.254076030620739,FALSE,-0.134581115334797,0.571671068896662,FALSE,76
"Asia_148","Asi-MONG015.Jacoby.2013","Wood","trsgi",48.17,99.87,"positive",-0.0441891037086324,0.723899190169991,FALSE,-0.0441891037086324,0.921754913527994,FALSE,-0.040207596472481,0.743867923701375,FALSE,-0.040207596472481,0.897252998595565,FALSE,74
"Asia_149","Asi-MONG024.Jacoby.2010","Wood","trsgi",48.5,88.5,"positive",-0.0922600375808156,0.463240284473977,FALSE,-0.0922600375808156,0.755376858415506,FALSE,-0.0617133260065066,0.596394111370197,FALSE,-0.0617133260065066,0.839095437089086,FALSE,76
"Asia_150","Asi-MONG025.Jacoby.2010","Wood","trsgi",48.7,88.8,"positive",0.0757218208749805,0.546670318321073,FALSE,0.0757218208749805,0.81725772349608,FALSE,-0.0509425441603982,0.66208925370509,FALSE,-0.0509425441603982,0.861284769170279,FALSE,76
"Asia_151","Asi-MONG026.Jacoby.2010","Wood","trsgi",46.82,100.12,"positive",-0.0390829735932943,0.779013776765373,FALSE,-0.0390829735932943,0.924351402831187,FALSE,-0.0285148503345682,0.8365088870483,FALSE,-0.0285148503345682,0.934436947157574,FALSE,75
"Asia_152","Asi-MONG002.Jacoby.2013","Wood","trsgi",47.77,107,"positive",-0.276625157419589,0.0196660462103828,FALSE,-0.276625157419589,0.126711911378262,FALSE,-0.27355904070711,0.0203692372306188,FALSE,-0.27355904070711,0.121572184313272,FALSE,76
"Asia_153","Asi-MONG028.Jacoby.2010","Wood","trsgi",48.83,111.68,"positive",-0.0486919106620103,0.728490853412696,FALSE,-0.0486919106620103,0.921996236350443,FALSE,-0.0349135316943788,0.797580085632013,FALSE,-0.0349135316943788,0.918797392007654,FALSE,76
"Asia_154","Asi-MONG029.Jacoby.2010","Wood","trsgi",49.87,91.43,"positive",-0.0418832621742421,0.737937491364914,FALSE,-0.0418832621742421,0.922441030059546,FALSE,-0.174607774550988,0.145740879391675,FALSE,-0.174607774550988,0.429439413422706,FALSE,76
"Asia_155","Asi-SODAPS.PAGES2k.2013","Wood","trsgi",48.3,98.93,"positive",-0.051640282078818,0.697178872759319,FALSE,-0.051640282078818,0.900456539531967,FALSE,-0.0755181806978631,0.552223098230134,FALSE,-0.0755181806978631,0.807840304391288,FALSE,74
"Asia_156","Asi-MONG030.Jacoby.2010","Wood","trsgi",49.38,94.88,"positive",-0.158114908267709,0.2020260582429,FALSE,-0.158114908267709,0.535274649643573,FALSE,-0.207009691471962,0.0849925012906574,FALSE,-0.207009691471962,0.32119673682534,FALSE,76
"Asia_157","Asi-MONG010.Jacoby.2013","Wood","trsgi",47.27,100.03,"positive",-0.166313224609479,0.207365530588319,FALSE,-0.166313224609479,0.544334517794338,FALSE,-0.142854170802003,0.263461097130612,FALSE,-0.142854170802003,0.578124339471417,FALSE,75
"Asia_158","Asi-MONG014.Jacoby.2013","Wood","trsgi",47.43,100.42,"positive",-0.27314985038167,0.0358604455787932,FALSE,-0.27314985038167,0.186540115992438,FALSE,-0.264631068295155,0.0407338074625375,FALSE,-0.264631068295155,0.208072692173502,FALSE,75
"Asia_159","Asi-MONG007.Schweingruber.2013","Wood","trsgi",49.7,91.55,"positive",0.0111937321049038,0.929801683248372,FALSE,0.0111937321049038,0.981745911362806,FALSE,-0.0792328653232733,0.517596866267419,FALSE,-0.0792328653232733,0.799256597875253,FALSE,76
"Asia_160","Asi-MONG012.Jacoby.2006","Wood","trsgi",48.98,103.22,"positive",-0.17077967112418,0.18834771907503,FALSE,-0.17077967112418,0.5159089696403,FALSE,-0.157366611230943,0.221014843770102,FALSE,-0.157366611230943,0.549629019375648,FALSE,75
"Asia_161","Asi-MONG031.Jacoby.2010","Wood","trsgi",48.25,97.4,"positive",-0.122749841066931,0.33034343614201,FALSE,-0.122749841066931,0.655748446021237,FALSE,-0.127272444302311,0.305181834392193,FALSE,-0.127272444302311,0.617993214644191,FALSE,74
"Asia_162","Asi-MONG006.Jacoby.2006","Wood","trsgi",47.78,107.5,"positive",-0.271481791106587,0.0195059712432513,FALSE,-0.271481791106587,0.126711911378262,FALSE,-0.26952929830904,0.0201933219695673,FALSE,-0.26952929830904,0.121572184313272,FALSE,76
"Asia_163","Asi-MONG011.Jacoby.2006","Wood","trsgi",48.13,100.27,"positive",-0.143491766568292,0.276924769751622,FALSE,-0.143491766568292,0.625563125295496,FALSE,-0.125398711376172,0.335040129591239,FALSE,-0.125398711376172,0.652810149409734,FALSE,75
"Asia_164","Asi-MONG032.Jacoby.2010","Wood","trsgi",46.52,100.95,"positive",-0.113308576751093,0.410475533899029,FALSE,-0.113308576751093,0.716231099928783,FALSE,-0.0979210462746778,0.471927434340499,FALSE,-0.0979210462746778,0.755163368279104,FALSE,75
"Asia_165","Asi-Hushre.PAGES2k.2013","Wood","trsgi",46.78,101.95,"positive",-0.199449397568036,0.126206148345914,FALSE,-0.199449397568036,0.413635179838922,FALSE,-0.184360607880755,0.152654605858469,FALSE,-0.184360607880755,0.431482310907003,FALSE,75
"Asia_166","Asi-MONG004.Jacoby.2013","Wood","trsgi",47.95,107.45,"positive",-0.205146395006716,0.11799143357417,FALSE,-0.205146395006716,0.40121727241379,FALSE,-0.20415154581845,0.11095920153238,FALSE,-0.20415154581845,0.358281002491761,FALSE,76
"Asia_167","Asi-NEPA003.Krusic.2013","Wood","trsgi",29.48,82.08,"positive",0.364362856663903,0.0145052281926459,TRUE,0.364362856663903,0.111141410611219,FALSE,0.343695288703196,0.0186279698040425,TRUE,0.343695288703196,0.117476774338248,FALSE,60
"Asia_168","Asi-NEPA010.Krusic.2013","Wood","trsgi",27.7,86.45,"positive",0.201817419238603,0.232632448168249,FALSE,0.201817419238603,0.583990635817126,FALSE,0.0425141512734058,0.787950435320645,FALSE,0.0425141512734058,0.918797392007654,FALSE,60
"Asia_169","Asi-NEPA014.Krusic.2013","Wood","trsgi",27.7,86.28,"positive",0.0461670901335753,0.768581075263896,FALSE,0.0461670901335753,0.924351402831187,FALSE,0.0553020927339861,0.71465538263571,FALSE,0.0553020927339861,0.892686876532018,FALSE,60
"Asia_170","Asi-NEPA015.Krusic.2013","Wood","trsgi",28.38,83.7,"positive",0.0151194175497458,0.92089641881109,FALSE,0.0151194175497458,0.97779536871462,FALSE,0.172141823115918,0.235920308723669,FALSE,0.172141823115918,0.564818473002752,FALSE,60
"Asia_171","Asi-NEPA018.Krusic.2013","Wood","trsgi",27.73,86.33,"positive",0.284834272804606,0.0724915361717276,FALSE,0.284834272804606,0.29591441261388,FALSE,0.355728938608152,0.0168030769819561,TRUE,0.355728938608152,0.110783077311269,FALSE,60
"Asia_172","Asi-NEPA019.Krusic.2013","Wood","trsgi",29.47,82.12,"positive",0.261271481170964,0.114086234384279,FALSE,0.261271481170964,0.396852115925682,FALSE,0.188932666011582,0.237705571954309,FALSE,0.188932666011582,0.566071272516463,FALSE,60
"Asia_173","Asi-NEPA025.Krusic.2013","Wood","trsgi",29.52,82.03,"positive",-0.0569251544494438,0.722173132384121,FALSE,-0.0569251544494438,0.921754913527994,FALSE,0.0122946596828583,0.936694608844779,FALSE,0.0122946596828583,0.969730125112167,FALSE,60
"Asia_174","Asi-NEPA029.Krusic.2013","Wood","trsgi",28.18,85.43,"positive",0.0993403733286168,0.543624703674243,FALSE,0.0993403733286168,0.815437055511365,FALSE,0.126719761256174,0.412552095185164,FALSE,0.126719761256174,0.702453567477442,FALSE,60
"Asia_175","Asi-NEPA030.Krusic.2013","Wood","trsgi",27.78,87.27,"positive",-0.0314699156841745,0.84080186992845,FALSE,-0.0314699156841745,0.952484769939943,FALSE,-0.0506307855034369,0.736234686856507,FALSE,-0.0506307855034369,0.897252998595565,FALSE,60
"Asia_176","Asi-NEPA032.Krusic.2013","Wood","trsgi",27.67,87.2,"positive",-0.154155362494814,0.321588157792038,FALSE,-0.154155362494814,0.655748446021237,FALSE,-0.0586918928203873,0.694450568002229,FALSE,-0.0586918928203873,0.884839263050031,FALSE,60
"Asia_177","Asi-NEPA036.Krusic.2013","Wood","trsgi",27.73,87.2,"positive",0.0555588637523406,0.74467520234258,FALSE,0.0555588637523406,0.922441030059546,FALSE,0.26448303636092,0.0867763886189388,FALSE,0.26448303636092,0.323698765440384,FALSE,60
"Asia_178","Asi-BURGPW.PAGES2k.2013","Wood","trsgi",28.77,83.73,"positive",-0.0676708198378582,0.67785795523803,FALSE,-0.0676708198378582,0.895000737323887,FALSE,-0.0731562430273195,0.642539921623776,FALSE,-0.0731562430273195,0.861284769170279,FALSE,60
"Asia_179","Asi-NEPA021.Krusic.2013","Wood","trsgi",27.5,88.02,"positive",0.0668066831204793,0.690855789237161,FALSE,0.0668066831204793,0.896735094284405,FALSE,0.183750202559525,0.239470078859066,FALSE,0.183750202559525,0.566071272516463,FALSE,60
"Asia_180","Asi-NEPA027.Krusic.2013","Wood","trsgi",27.5,87.98,"positive",-0.0386231676619931,0.814637227900945,FALSE,-0.0386231676619931,0.94093772850949,FALSE,-0.0513041630128495,0.742417768840067,FALSE,-0.0513041630128495,0.897252998595565,FALSE,60
"Asia_181","Asi-NEPA042.Krusic.2010","Wood","trsgi",27.83,88.02,"positive",0.154759968179894,0.338861189919264,FALSE,0.154759968179894,0.655748446021237,FALSE,0.211081548850472,0.168871746829112,FALSE,0.211081548850472,0.450664030862281,FALSE,60
"Asia_182","Asi-ENEPAB.PAGES2k.2013","Wood","trsgi",27.73,87.2,"positive",-0.0675476781022102,0.683422011799145,FALSE,-0.0675476781022102,0.896735094284405,FALSE,0.13357291865153,0.379077317788948,FALSE,0.13357291865153,0.681542203488453,FALSE,60
"Asia_183","Asi-ESPPAK.PAGES2k.2013","Wood","trsgi",35.17,75.5,"positive",-0.213121132256471,0.164448011819931,FALSE,-0.213121132256471,0.480628982999489,FALSE,-0.163954879966401,0.277154658010207,FALSE,-0.163954879966401,0.588848821755513,FALSE,51
"Asia_184","Asi-PAKI017.Cook.2013","Wood","trsgi",35.33,74.8,"positive",-0.10679267409889,0.46817187626193,FALSE,-0.10679267409889,0.756277646269272,FALSE,-0.133360295748707,0.360935768391337,FALSE,-0.133360295748707,0.66743771130504,FALSE,51
"Asia_185","Asi-PAKI018.Cook.2013","Wood","trsgi",35.33,74.8,"positive",-0.142042510717252,0.338150738935434,FALSE,-0.142042510717252,0.655748446021237,FALSE,-0.139477122671635,0.344234617459498,FALSE,-0.139477122671635,0.659395365201134,FALSE,51
"Asia_186","Asi-PAKI001.Esper.2007","Wood","trsgi",36.03,74.58,"positive",-0.176604821688321,0.265865838960754,FALSE,-0.176604821688321,0.614910238807305,FALSE,-0.14243143434612,0.359823115038063,FALSE,-0.14243143434612,0.66743771130504,FALSE,51
"Asia_187","Asi-PAKI002.Esper.2007","Wood","trsgi",36.03,74.58,"positive",0.000531808621560363,0.9973883582464,FALSE,0.000531808621560363,0.999150528490651,FALSE,-0.0931349083689489,0.552502903153165,FALSE,-0.0931349083689489,0.807840304391288,FALSE,51
"Asia_188","Asi-PAKI003.Esper.2007","Wood","trsgi",36.03,74.58,"positive",-0.10329619237055,0.523177422789193,FALSE,-0.10329619237055,0.803215131292784,FALSE,-0.17984450016046,0.250002692258517,FALSE,-0.17984450016046,0.571626017067,FALSE,51
"Asia_189","Asi-PAKI004.Esper.2007","Wood","trsgi",36.03,74.58,"positive",-0.0401801898351714,0.798744476422029,FALSE,-0.0401801898351714,0.935719252337377,FALSE,-0.173323568683289,0.24638408905409,FALSE,-0.173323568683289,0.570203177525179,FALSE,51
"Asia_190","Asi-PAKI020.Cook.2013","Wood","trsgi",35.68,71.63,"positive",-0.363433013724658,0.0193811996798153,FALSE,-0.363433013724658,0.126711911378262,FALSE,-0.355154619177567,0.0198611065318933,FALSE,-0.355154619177567,0.121088681758962,FALSE,51
"Asia_191","Asi-PAKI021.Cook.2013","Wood","trsgi",35.68,71.63,"positive",-0.164436960413134,0.290043592711269,FALSE,-0.164436960413134,0.639901622829921,FALSE,-0.245759562807161,0.103109325960405,FALSE,-0.245759562807161,0.35007777137455,FALSE,51
"Asia_192","Asi-PAKI022.Cook.2013","Wood","trsgi",35.9,71.73,"positive",-0.423948045742803,0.00359106431109468,FALSE,-0.423948045742803,0.0462757605543338,FALSE,-0.446991947414258,0.00176569979098758,FALSE,-0.446991947414258,0.0238369471783323,FALSE,51
"Asia_193","Asi-PAKI023.Cook.2013","Wood","trsgi",35.9,71.73,"positive",-0.188883952593608,0.196469485370394,FALSE,-0.188883952593608,0.533005733038343,FALSE,-0.232041632494268,0.109877544988061,FALSE,-0.232041632494268,0.358281002491761,FALSE,51
"Asia_194","Asi-PAKI024.Cook.2013","Wood","trsgi",35.03,74.58,"positive",-0.118489962361956,0.429865223866456,FALSE,-0.118489962361956,0.731932678475316,FALSE,-0.131785485978228,0.375178029324452,FALSE,-0.131785485978228,0.681542203488453,FALSE,51
"Asia_195","Asi-PAKI006.Esper.2007","Wood","trsgi",36.33,74.03,"positive",-0.23518614136399,0.129192281358222,FALSE,-0.23518614136399,0.418582991600638,FALSE,-0.166173956389159,0.278327132681618,FALSE,-0.166173956389159,0.588848821755513,FALSE,51
"Asia_196","Asi-PAKI007.Esper.2007","Wood","trsgi",36.33,74.03,"positive",-0.157018760713032,0.282115938214044,FALSE,-0.157018760713032,0.631298143406779,FALSE,-0.090710490043288,0.541493611665379,FALSE,-0.090710490043288,0.807088870397938,FALSE,51
"Asia_197","Asi-PAKI025.Cook.2013","Wood","trsgi",35.45,74.78,"positive",-0.118914782097795,0.446663731335653,FALSE,-0.118914782097795,0.744877457845045,FALSE,-0.169462630768131,0.266120727693192,FALSE,-0.169462630768131,0.578124339471417,FALSE,51
"Asia_198","Asi-PAKI027.Cook.2013","Wood","trsgi",35.35,71.93,"positive",-0.109583834716657,0.480721841133656,FALSE,-0.109583834716657,0.772150945956892,FALSE,-0.229628308254258,0.123747460801858,FALSE,-0.229628308254258,0.376638961532695,FALSE,51
"Asia_199","Asi-PAKI028.Cook.2013","Wood","trsgi",35.4,74.12,"positive",-0.0728070029265052,0.64453826176655,FALSE,-0.0728070029265052,0.869460085267687,FALSE,-0.0975189487257767,0.52858301649346,FALSE,-0.0975189487257767,0.799256597875253,FALSE,51
"Asia_200","Asi-PAKI029.Cook.2013","Wood","trsgi",35.83,74.33,"positive",-0.00406251908828247,0.979541935538733,FALSE,-0.00406251908828247,0.992074882144284,FALSE,-0.00784277979126219,0.959800194001495,FALSE,-0.00784277979126219,0.982322581225357,FALSE,51
"Asia_201","Asi-PAKI030.Cook.2013","Wood","trsgi",35.88,74.18,"positive",-0.0966936683533449,0.534291244949926,FALSE,-0.0966936683533449,0.804171864975858,FALSE,-0.0474284466365461,0.758046725314792,FALSE,-0.0474284466365461,0.904868406849446,FALSE,51
"Asia_202","Asi-PAKI009.Esper.2007","Wood","trsgi",36.58,75.08,"positive",-0.193226372616919,0.232772281648449,FALSE,-0.193226372616919,0.583990635817126,FALSE,-0.0446698572817178,0.774402185258036,FALSE,-0.0446698572817178,0.914361837425587,FALSE,51
"Asia_203","Asi-PAKI010.Esper.2007","Wood","trsgi",36.58,75.08,"positive",-0.0184317213991218,0.901055109779944,FALSE,-0.0184317213991218,0.967610316752326,FALSE,-0.0203000075750296,0.890008272310754,FALSE,-0.0203000075750296,0.968588657198075,FALSE,51
"Asia_204","Asi-PAKI011.Esper.2007","Wood","trsgi",36.58,75.08,"positive",-0.0504986488472967,0.730947405939261,FALSE,-0.0504986488472967,0.922441030059546,FALSE,-0.0771307425983672,0.595635218276418,FALSE,-0.0771307425983672,0.839095437089086,FALSE,51
"Asia_205","Asi-PAKI012.Esper.2007","Wood","trsgi",36.58,75.08,"positive",-0.166987301304599,0.260427477861793,FALSE,-0.166987301304599,0.610175123750564,FALSE,-0.143136923153019,0.331458661967183,FALSE,-0.143136923153019,0.648058832191009,FALSE,51
"Asia_206","Asi-PAKI031.Cook.2013","Wood","trsgi",35.5,74.08,"positive",0.0094178186831413,0.951742513662719,FALSE,0.0094178186831413,0.98548106190569,FALSE,-0.00492156083322874,0.974371999606225,FALSE,-0.00492156083322874,0.986974280340081,FALSE,51
"Asia_207","Asi-PAKI033.Cook.2013","Wood","trsgi",35.5,74.75,"positive",-0.260917575696184,0.0816074666513816,FALSE,-0.260917575696184,0.3169276273379,FALSE,-0.262904216890883,0.0758696348208186,FALSE,-0.262904216890883,0.30082575484898,FALSE,51
"Asia_208","Asi-PAKI035.Cook.2013","Wood","trsgi",36.15,74.18,"positive",-0.286275489438951,0.0661816452847789,FALSE,-0.286275489438951,0.278286812512973,FALSE,-0.189451339786919,0.213323857775811,FALSE,-0.189451339786919,0.535765927946404,FALSE,51
"Asia_209","Asi-PAKI036.Cook.2013","Wood","trsgi",36.15,74.18,"positive",-0.0748191003529228,0.609679289527886,FALSE,-0.0748191003529228,0.856370789551415,FALSE,-0.121384780747672,0.407341807553266,FALSE,-0.121384780747672,0.702014604506693,FALSE,51
"Asia_210","Asi-PAKI014.Esper.2007","Wood","trsgi",35.17,75.5,"positive",-0.19979785652784,0.20015111430879,FALSE,-0.19979785652784,0.535274649643573,FALSE,-0.077301927481418,0.607103809815818,FALSE,-0.077301927481418,0.840316015787312,FALSE,51
"Asia_211","Asi-PAKI015.Esper.2007","Wood","trsgi",35.17,75.5,"positive",-0.216562024221857,0.166324045481553,FALSE,-0.216562024221857,0.483619147630977,FALSE,-0.174860245931566,0.249963478498479,FALSE,-0.174860245931566,0.571626017067,FALSE,51
"Asia_212","Asi-PAKI016.Esper.2007","Wood","trsgi",35.17,75.5,"positive",-0.239146323649631,0.132487832376716,FALSE,-0.239146323649631,0.426821596349989,FALSE,-0.103357196352324,0.506273386974018,FALSE,-0.103357196352324,0.788618160478759,FALSE,51
"Asia_213","Asi-PAKI039.Cook.2013","Wood","trsgi",35,70.78,"positive",-0.145769495829632,0.330752586433147,FALSE,-0.145769495829632,0.655748446021237,FALSE,-0.171043726781415,0.250230276974739,FALSE,-0.171043726781415,0.571626017067,FALSE,51
"Asia_214","Asi-PAKI040.Cook.2011","Wood","trsgi",35.35,71.8,"positive",-0.256241531152256,0.102498951735825,FALSE,-0.256241531152256,0.378512074257882,FALSE,-0.308919371882355,0.0427822092604588,FALSE,-0.308919371882355,0.212785198690177,FALSE,51
"Asia_215","Asi-HRPCSM.PAGES2k.2013","Wood","trsgi",35.88,74.88,"positive",-0.201774168332975,0.179714513505521,FALSE,-0.201774168332975,0.497035902754166,FALSE,-0.212021489340552,0.153639944324339,FALSE,-0.212021489340552,0.431482310907003,FALSE,51
"Asia_216","Asi-NOGSAK.PAGES2k.2013","Wood","trsgi",51.83,143.13,"positive",0.225710055222353,0.0736882506492788,FALSE,0.225710055222353,0.298437415129579,FALSE,0.200142092677867,0.107671876594874,FALSE,0.200142092677867,0.357017275025109,FALSE,74
"Asia_217","Asi-CHIN042.Brauning.2013","Wood","trsgi",31.95,98.87,"positive",-0.287864236472516,0.111759829151712,FALSE,-0.287864236472516,0.394497842806427,FALSE,-0.397122102274556,0.0213128856078993,FALSE,-0.397122102274556,0.124581506594628,FALSE,60
"Asia_218","Asi-CHIN047.Brauning.2013","Wood","trsgi",31.12,97.03,"positive",0.00426783843336985,0.980278498715364,FALSE,0.00426783843336985,0.992074882144284,FALSE,-0.110815399723678,0.505492889948204,FALSE,-0.110815399723678,0.788618160478759,FALSE,60
"Asia_219","Asi-CHIN049.Brauning.2013","Wood","trsgi",31.23,96.48,"positive",-0.0242488777442287,0.876244747303285,FALSE,-0.0242488777442287,0.960996019062216,FALSE,-0.205728508030368,0.134357808632456,FALSE,-0.205728508030368,0.400951986813698,FALSE,60
"Asia_220","Asi-CHIN043.Brauning.2013","Wood","trsgi",29.3,91.97,"positive",-0.107751368310371,0.465529802299635,FALSE,-0.107751368310371,0.755376858415506,FALSE,-0.0368398433925427,0.795167366702832,FALSE,-0.0368398433925427,0.918797392007654,FALSE,64
"Asia_221","Asi-CHIN046.Brauning.2013","Wood","trsgi",31.12,97.03,"positive",0.252221310345042,0.0953756713083474,FALSE,0.252221310345042,0.362939635112973,FALSE,0.12376934619737,0.357748693289182,FALSE,0.12376934619737,0.66743771130504,FALSE,60
"Asia_222","Asi-CHIN044.Brauning.2013","Wood","trsgi",29.07,93.95,"positive",-0.000884637642821538,0.995998007548597,FALSE,-0.000884637642821538,0.999150528490651,FALSE,-0.0830457259252672,0.606658793422189,FALSE,-0.0830457259252672,0.840316015787312,FALSE,64
"Asia_223","Asi-CHIN045.Brauning.2013","Wood","trsgi",29.62,94.67,"positive",0.451580052920858,0.0171105537039141,TRUE,0.451580052920858,0.120219325307134,FALSE,0.0696792065583666,0.619720147074228,FALSE,0.0696792065583666,0.848744666464109,FALSE,64
"Asia_224","Asi-CHIN048.Brauning.2013","Wood","trsgi",30.3,91.52,"positive",-0.321301569632631,0.0404604189854984,FALSE,-0.321301569632631,0.199487457085022,FALSE,-0.297358795418309,0.053872842223292,FALSE,-0.297358795418309,0.244367212324852,FALSE,60
"Asia_225","Asi-CENTIB.PAGES2k.2013","Wood","trsgi",29.35,92,"positive",-0.0108718289297077,0.939050111335913,FALSE,-0.0108718289297077,0.982991599295082,FALSE,-0.037696449944416,0.78550641328869,FALSE,-0.037696449944416,0.918313683164304,FALSE,64
"Asia_226","Asi-TH001.Buckley.2010","Wood","trsgi",19.28,98.93,"positive",-0.00212842486582043,0.987469963640083,FALSE,-0.00212842486582043,0.994485736028289,FALSE,-0.0720050576246365,0.581967768144281,FALSE,-0.0720050576246365,0.829084735019617,FALSE,65
"Asia_227","Asi-TW001.Wright.2010","Wood","trsgi",24.53,121.38,"positive",-0.0956259649271406,0.529810333515875,FALSE,-0.0956259649271406,0.803215131292784,FALSE,-0.022442864291151,0.877879408738757,FALSE,-0.022442864291151,0.957804901418602,FALSE,76
"Asia_228","Asi-MCCHFH.Sano.2008","Wood","trsgi",21.67,104.1,"positive",-0.0983789098918186,0.616086583488825,FALSE,-0.0983789098918186,0.856370789551415,FALSE,-0.238381619285481,0.179180191242311,FALSE,-0.238381619285481,0.470348002011066,FALSE,56
"Asia_229","Asi-VIET001.Buckley.2010","Wood","trsgi",12.22,108.73,"positive",-0.4985406832478,8.20925365658583e-05,FALSE,-0.4985406832478,0.00211574855603826,FALSE,-0.505401658027538,4.91411916875345e-05,FALSE,-0.505401658027538,0.00123273718198832,FALSE,75
"Asia_230","Asi-SourthAndMiddleUrals.Demezhko.2007","Borehole","temperature",55,59.5,"positive",NA,NA,FALSE,NA,NA,FALSE,NA,NA,FALSE,NA,NA,FALSE,2
"Asia_235","Asi-KunashirIsland.Demezhko.2009","Other","temperature",43.955,145.725,"positive",0.324658397484144,0.0278030995820665,TRUE,0.324658397484144,0.160860790439099,FALSE,0.360192341454063,0.0137524408188624,TRUE,0.360192341454063,0.0987042271429743,TRUE,59
"Asia_236","Asi-Dasuopu.Thompson.2000","GlacierIce","d18O",28.38,85.72,"positive",0.233572075126633,0.107147561026826,FALSE,0.233572075126633,0.389290666320882,FALSE,0.166111615242826,0.243822650483455,FALSE,0.166111615242826,0.570067486044136,FALSE,60
"Asia_247","Asi-Guliya.Thompson.1997","GlacierIce","d18O",35.28,81.48,"positive",NA,NA,FALSE,NA,NA,FALSE,NA,NA,FALSE,NA,NA,FALSE,6
"Asia_305","Asi-Puruogangri.Thompson.2006","GlacierIce","d18O",33.9167,89.0833,"positive",NA,NA,FALSE,NA,NA,FALSE,NA,NA,FALSE,NA,NA,FALSE,6
"Asia_317","Asi-EastChina.Wang.1990","Documents","temperature",30,117.5,"positive",NA,NA,FALSE,NA,NA,FALSE,NA,NA,FALSE,NA,NA,FALSE,8
"Asia_318","Asi-EastChina.Wang.1998","Documents","temperature",34,120,"positive",NA,NA,FALSE,NA,NA,FALSE,NA,NA,FALSE,NA,NA,FALSE,8
"Asia_319","Asi-SouthChina.Wang.1998","Documents","temperature",23,114,"positive",NA,NA,FALSE,NA,NA,FALSE,NA,NA,FALSE,NA,NA,FALSE,8
"Asia_320","Asi-CentralChina.Wang.1998","Documents","temperature",29,113,"positive",NA,NA,FALSE,NA,NA,FALSE,NA,NA,FALSE,NA,NA,FALSE,6
"Asia_321","Asi-Fujian.Wang.1998","Documents","temperature",24,121,"positive",NA,NA,FALSE,NA,NA,FALSE,NA,NA,FALSE,NA,NA,FALSE,8
"Asia_324","Asi-LowerYangtzeRiver.Zhang.1980","Documents","temperature",32.1,118.8,"positive",NA,NA,FALSE,NA,NA,FALSE,NA,NA,FALSE,NA,NA,FALSE,8
"Asia_325","Asi-MiddleYangtzeRiver.Zhang.1980","Documents","temperature",30.5,114.5,"positive",NA,NA,FALSE,NA,NA,FALSE,NA,NA,FALSE,NA,NA,FALSE,8
"Asia_326","Asi-GuangdongAndGuangxi.Zhang.1980","Documents","temperature",23.5,112.5,"positive",NA,NA,FALSE,NA,NA,FALSE,NA,NA,FALSE,NA,NA,FALSE,8
"Asia_327","Asi-ZhejiangAndFujian.Zhang.1980","Documents","temperature",25,118,"positive",NA,NA,FALSE,NA,NA,FALSE,NA,NA,FALSE,NA,NA,FALSE,8
"Asia_328","Asi-Hunan-Jiangsu.Zhang.1980","Documents","temperature",28,116.5,"positive",NA,NA,FALSE,NA,NA,FALSE,NA,NA,FALSE,NA,NA,FALSE,8
"Asia_329","Asi-Guangdong.Zheng.1982","Documents","temperature",23.16,113.23,"positive",NA,NA,FALSE,NA,NA,FALSE,NA,NA,FALSE,NA,NA,FALSE,8
"Asia_335","Asi-SO90-39KG_SO130-275KL.Munz.2015","MarineSediment","temperature",24.8333,65.9167,"positive",NA,NA,FALSE,NA,NA,FALSE,NA,NA,FALSE,NA,NA,FALSE,5
"Aus_010","Aus-BuckleysChance.Buckley.1997","Wood","trsgi",-42.27,145.87,"positive",0.453991762776981,0.00281217221772475,TRUE,0.453991762776981,0.0408846576269214,TRUE,0.447489670810645,0.00328813514946311,TRUE,0.447489670810645,0.038048421015216,TRUE,73
"Aus_015","Aus-CTPEastTasmania.Allen.2001","Wood","trsgi",-41.31,147.75,"positive",-0.0121326240945301,0.918855308919901,FALSE,-0.0121326240945301,0.97779536871462,FALSE,0.00932932377831256,0.937561032050529,FALSE,0.00932932377831256,0.969730125112167,FALSE,73
"Aus_020","Aus-CTPWestTasmania.Allen.2001","Wood","trsgi",-41.67,145.65,"positive",-0.205366797834057,0.0813335378621747,FALSE,-0.205366797834057,0.3169276273379,FALSE,-0.187117009156307,0.112927605939379,FALSE,-0.187117009156307,0.358281002491761,FALSE,73
"Aus_041","Aus-MtRead.Cook.2006","Wood","temperature",-41.83,145.53,"positive",0.494591641097077,0.00388560781898031,TRUE,0.494591641097077,0.0475584564171586,TRUE,0.497661717613412,0.00251007506583232,TRUE,0.497661717613412,0.0309394035288462,TRUE,73
"Aus_057","Aus-Oroko.Cook.2002","Wood","temperature",-43.23,170.28,"positive",0.163513676049898,0.198840902798298,FALSE,0.163513676049898,0.535274649643573,FALSE,0.193245708600821,0.124144355489574,FALSE,0.193245708600821,0.376638961532695,FALSE,72
"Aus_062","Aus-PinkPine.Duncan.2010","Wood","trsgi",-43,171,"positive",0.631862007868683,3.15821433682138e-06,TRUE,0.631862007868683,0.00015233940964729,TRUE,0.619687980291755,4.21197389997885e-06,TRUE,0.619687980291755,0.000170584942949144,TRUE,72
"Aus_067","Aus-StewartIsland.D'Arrigo.1996","Wood","trsgi",-47,167.8,"positive",0.178685159051979,0.257732614257047,FALSE,0.178685159051979,0.610175123750564,FALSE,0.26265841261384,0.0742597411426407,FALSE,0.26265841261384,0.300751951627695,FALSE,71
"Aus_071","Aus-TakapariCedar.Xiong.2000","Wood","trsgi",-40.07,175.98,"positive",0.0134493433503563,0.941757135997658,FALSE,0.0134493433503563,0.982991599295082,FALSE,-0.0322074499351854,0.857300680772626,FALSE,-0.0322074499351854,0.947542857696061,FALSE,72
"can1101","SAm-CentralAndes11.PAGES2k.2011","Wood","trsgi",-40.1,-72.05,"positive",-0.260871819451344,0.122591747718574,FALSE,-0.260871819451344,0.404273235825071,FALSE,-0.315815824058302,0.0270680922680167,FALSE,-0.315815824058302,0.148315825728097,FALSE,76
"diggerHogPigs","TY93-905.Kim.2004","MarineSediment","temperature",11.0667,51.95,"positive",NA,NA,FALSE,NA,NA,FALSE,NA,NA,FALSE,NA,NA,FALSE,0
"Eur_002","Eur-LakeSilvaplana.Trachsel.2010","LakeSediment","temperature",46.5,9.8,"positive",0.0883413926139202,0.494148780246279,FALSE,0.0883413926139202,0.782632286032515,FALSE,0.119876867959696,0.350474072290651,FALSE,0.119876867959696,0.663221547379757,FALSE,76
"Eur_003","Eur-LakeSilvaplana.Larocque-Tobler.2010","LakeSediment","temperature",46.5,9.8,"positive",0.0611563248864356,0.637498916448811,FALSE,0.0611563248864356,0.867236137566866,FALSE,0.168875657833299,0.188357920795715,FALSE,0.168875657833299,0.489903399500783,FALSE,76
"Eur_005","Eur-FinnishLakelands.Helama.2014","Wood","temperature",62,28.325,"positive",0.573842770463765,5.99452518297597e-08,TRUE,0.573842770463765,6.79779155749475e-06,TRUE,0.539685992347977,5.78163894926786e-07,TRUE,0.539685992347977,3.64243253803875e-05,TRUE,76
"Eur_006","Eur-Stockholm.Leijonhufvud.2009","Documents","temperature",59.32,18.06,"positive",0.702638768493555,4.42311019330656e-07,TRUE,0.702638768493555,3.13487934950602e-05,TRUE,0.701643639593737,4.65384246692801e-07,TRUE,0.701643639593737,3.37749817823963e-05,TRUE,43
"Eur_007","Eur-Seebergsee.Larocque-Tobler.2012","LakeSediment","temperature",46.15,7.5,"positive",-0.427967650184496,0.000511892163207224,FALSE,-0.427967650184496,0.0105133110662036,FALSE,-0.42218135831129,0.000587806971468923,FALSE,-0.42218135831129,0.0111095517607626,FALSE,76
"Eur_008","Eur-NorthernSpain.Martin-Chivelet.2011","Speleothem","d18O",42.9,-3.5,"positive",-0.223857976568139,0.214597230196199,FALSE,-0.223857976568139,0.558149676702958,FALSE,-0.182634599656148,0.301976354382373,FALSE,-0.182634599656148,0.613693881486758,FALSE,34
"Eur_009","Eur-RAPiD-17-5P.Moffa-Sanchez.2014","MarineSediment","d18O",61.48,-19.53,"positive",NA,NA,FALSE,NA,NA,FALSE,NA,NA,FALSE,NA,NA,FALSE,5
"Eur_010","Eur-CoastofPortugal.Abrantes.2011","LakeSediment","temperature",41.1,-8.9,"positive",NA,NA,FALSE,NA,NA,FALSE,NA,NA,FALSE,NA,NA,FALSE,11
"Eur_014","Eur-NorthernScandinavia.Esper.2012","Wood","MXD",68,25,"positive",0.484901242322117,9.03645319781565e-06,TRUE,0.484901242322117,0.000320229310197592,TRUE,0.511307140630176,2.35865520062037e-06,TRUE,0.511307140630176,0.000111446458229312,TRUE,76
"Eur_015","Eur-TatraMountains.Buentgen.2013","Wood","trsgi",49,20,"positive",0.0897474634406028,0.440712234298903,FALSE,0.0897474634406028,0.73930129244816,FALSE,0.0473792735306654,0.684429730275031,FALSE,0.0473792735306654,0.879091539438829,FALSE,76
"Eur_016","Eur-EasternCarpathianMountains.Popa.2008","Wood","trsgi",47,25.3,"positive",-0.0639901365447232,0.582888120748383,FALSE,-0.0639901365447232,0.834132465068355,FALSE,-0.0256211407000387,0.826109347266263,FALSE,-0.0256211407000387,0.931174565255833,FALSE,76
"Eur_017","Eur-EuropeanAlps.Buentgen.2011","Wood","trsgi",47,10.7,"positive",0.019316712103545,0.872741693679325,FALSE,0.019316712103545,0.960996019062216,FALSE,0.0309926200614121,0.796105180116768,FALSE,0.0309926200614121,0.918797392007654,FALSE,76
"Eur_018","Eur-Loetschental.Buentgen.2006","Wood","MXD",46.4,7.8,"positive",0.414900187469769,0.000270593701796754,TRUE,0.414900187469769,0.00639277620494832,TRUE,0.409015178189289,0.000324846454646048,TRUE,0.409015178189289,0.00736751759137236,TRUE,76
"Eur_019","Eur-MaritimeFrenchAlps.Buentgen.2012","Wood","trsgi",44,7.5,"positive",0.063307231100526,0.621945585882057,FALSE,0.063307231100526,0.858012523589115,FALSE,0.0606913944585315,0.635067449396976,FALSE,0.0606913944585315,0.857341056685917,FALSE,76
"Eur_020","Eur-SpanishPyrenees.Dorado-Linan.2012","Wood","trsgi",42.5,1,"positive",0.550862049823283,2.52232869504429e-07,TRUE,0.550862049823283,2.04308624298588e-05,TRUE,0.563958691281081,1.12709118930101e-07,TRUE,0.563958691281081,1.06510117388945e-05,TRUE,76
"Eur_022","Eur-CentralEurope.Dobrovolny.2009","Documents","temperature",49,13,"positive",0.27580655032394,0.0158848137509674,TRUE,0.27580655032394,0.118509071010507,FALSE,0.321531714806024,0.00462265659413848,TRUE,0.321531714806024,0.0429679719487954,TRUE,76
"Eur_024","Eur-CentralandEasternPyrenees.Pla.2004","LakeSediment","temperature",42.5,0.75,"positive",NA,NA,FALSE,NA,NA,FALSE,NA,NA,FALSE,NA,NA,FALSE,4
"Eur_026","Eur-Tallinn.Tarand.2001","Documents","temperature",59.4,24.75,"positive",0.696872817616663,4.40718563196558e-12,TRUE,0.696872817616663,2.49887425332448e-09,TRUE,0.684769107319332,2.35261484585209e-11,TRUE,0.684769107319332,1.33393261759813e-08,TRUE,76
"GBG100dogCow","M40-4-SL78.Emeis.2003","MarineSediment","temperature",37.036,13.19,"positive",NA,NA,FALSE,NA,NA,FALSE,NA,NA,FALSE,NA,NA,FALSE,2
"GH0207d98d","GeoB59012.Kim.2004","MarineSediment","temperature",36.4,-7.1,"positive",NA,NA,FALSE,NA,NA,FALSE,NA,NA,FALSE,NA,NA,FALSE,0
"GH1c49f7ab","DomeC.Stenni.2001","GlacierIce","d2H",-75.1,123.4,"positive",NA,NA,FALSE,NA,NA,FALSE,NA,NA,FALSE,NA,NA,FALSE,0
"GH26a3a772","NGRIP.NGRIP.2004","GlacierIce","d18O",75.1,-42.32,"positive",NA,NA,FALSE,NA,NA,FALSE,NA,NA,FALSE,NA,NA,FALSE,4
"GH28c9a9bd","Mjauvotn.Olsen.2010","LakeSediment","PC1",62.12,-7,"positive",NA,NA,FALSE,NA,NA,FALSE,NA,NA,FALSE,NA,NA,FALSE,12
"GH34755740","Alley.GISP2.2000","GlacierIce","temperature",72.6,-38.5,"positive",NA,NA,FALSE,NA,NA,FALSE,NA,NA,FALSE,NA,NA,FALSE,1
"GH437973f1","DomeC.Jouzel.2007","GlacierIce","temperature",-75.1,123.4,"positive",NA,NA,FALSE,NA,NA,FALSE,NA,NA,FALSE,NA,NA,FALSE,0
"GH47c8e274","PathLake.Neil.2014","LakeSediment","temperature",43.87,-64.93,"positive",NA,NA,FALSE,NA,NA,FALSE,NA,NA,FALSE,NA,NA,FALSE,3
"GH6edd69de","GeoB33131.Lamy.2002","MarineSediment","temperature",-41,-74.3,"positive",NA,NA,FALSE,NA,NA,FALSE,NA,NA,FALSE,NA,NA,FALSE,0
"GH73726cce","MountHoney.McGlone.2010","Peat","temperature",-52.5,169.1625,"positive",NA,NA,FALSE,NA,NA,FALSE,NA,NA,FALSE,NA,NA,FALSE,7
"GH77e777b0","Hams.Shuman.2016","LakeSediment","temperature",43.24,-80.41,"positive",NA,NA,FALSE,NA,NA,FALSE,NA,NA,FALSE,NA,NA,FALSE,2
"GH7a27907e","SouthIsland.Williams.2005","Speleothem","d18O",-42,172,"positive",NA,NA,FALSE,NA,NA,FALSE,NA,NA,FALSE,NA,NA,FALSE,0
"GH7fb77a0c","Nutt.Shuman.2016","LakeSediment","temperature",45.22,-79.45,"positive",NA,NA,FALSE,NA,NA,FALSE,NA,NA,FALSE,NA,NA,FALSE,2
"GH8784f3d0","MD01-2444.Martrat.2007","MarineSediment","temperature",37.565,-10.134,"positive",NA,NA,FALSE,NA,NA,FALSE,NA,NA,FALSE,NA,NA,FALSE,1
"GH8c73b2a9","MoonLake.Shuman.2016","LakeSediment","temperature",46.86,-98.16,"positive",NA,NA,FALSE,NA,NA,FALSE,NA,NA,FALSE,NA,NA,FALSE,2
"GH90151260","Pickerel.Shuman.2016","LakeSediment","temperature",45.5052,-97.2743,"positive",NA,NA,FALSE,NA,NA,FALSE,NA,NA,FALSE,NA,NA,FALSE,2
"GH9547ee89","Okoboji.Shuman.2016","LakeSediment","temperature",43.33,-95.2,"positive",NA,NA,FALSE,NA,NA,FALSE,NA,NA,FALSE,NA,NA,FALSE,2
"GHb9285123","GrahamLake.Shuman.2016","LakeSediment","temperature",45.1902,-77.357,"positive",NA,NA,FALSE,NA,NA,FALSE,NA,NA,FALSE,NA,NA,FALSE,2
"GHbf21e8dc","MD012390.Steinke.2008","MarineSediment","temperature",6.6,113.4,"positive",NA,NA,FALSE,NA,NA,FALSE,NA,NA,FALSE,NA,NA,FALSE,0
"GHdaff1a81","ODP1751078C","MarineSediment","temperature",-11.9208,13.4002,"positive",NA,NA,FALSE,NA,NA,FALSE,NA,NA,FALSE,NA,NA,FALSE,0
"GHe1824e32","MD982170","MarineSediment","temperature",10.6,125.39,"positive",NA,NA,FALSE,NA,NA,FALSE,NA,NA,FALSE,NA,NA,FALSE,1
"GHe913d7ac","Vostok.Vimeux.2002","GlacierIce","temperature",-78.5,108,"positive",NA,NA,FALSE,NA,NA,FALSE,NA,NA,FALSE,NA,NA,FALSE,0
"GHf2f9415c","TaylorDome_dD","GlacierIce","d2H",-77.8,158.7,"negative",NA,NA,FALSE,NA,NA,FALSE,NA,NA,FALSE,NA,NA,FALSE,0
"GHfa7d77a6","GeoB65181.Schefu.2005","MarineSediment","temperature",-5.6,11.2,"positive",NA,NA,FALSE,NA,NA,FALSE,NA,NA,FALSE,NA,NA,FALSE,1
"IC00COPR01A","IC00COPR","GlacierIce","d18O",-84,43,"positive",NA,NA,FALSE,NA,NA,FALSE,NA,NA,FALSE,NA,NA,FALSE,0
"IC00SC1801A","IC00SC18","GlacierIce","d18O",76.617,-36.4033,"positive",0.0545894488803979,0.726674508548525,FALSE,0.0545894488803979,0.921754913527994,FALSE,0.0503088431011362,0.746919603769147,FALSE,0.0503088431011362,0.897252998595565,FALSE,76
"IC00SC2101A","IC00SC21","GlacierIce","d18O",80,-41.1374,"positive",0.210906214117024,0.174511067541672,FALSE,0.210906214117024,0.497035902754166,FALSE,0.214379128570071,0.166856713724629,FALSE,0.214379128570071,0.450424102513481,FALSE,75
"IC00SC2601A","IC00SC26","GlacierIce","d18O",77.2533,-49.2167,"positive",0.160381887577428,0.257717401422447,FALSE,0.160381887577428,0.610175123750564,FALSE,0.192881188367637,0.167222191963303,FALSE,0.192881188367637,0.450424102513481,FALSE,73
"IC00SC2901A","IC00SC29","GlacierIce","d18O",76.0039,-43.492,"positive",0.386422864733435,0.0068322930740412,TRUE,0.386422864733435,0.0656594944573112,TRUE,0.384407024919206,0.00691180519460589,TRUE,0.384407024919206,0.055197092187909,TRUE,75
"IC00STTY01A","IC00STTY","GlacierIce","d18O",-77.78,158.72,"positive",NA,NA,FALSE,NA,NA,FALSE,NA,NA,FALSE,NA,NA,FALSE,0
"IC00THDS03B","IC00THDS","GlacierIce","d18O",28.38,85.72,"positive",NA,NA,FALSE,NA,NA,FALSE,NA,NA,FALSE,NA,NA,FALSE,7
"IC02GR0501A","IC02GR05","GlacierIce","d18O",-75,0.01,"positive",NA,NA,FALSE,NA,NA,FALSE,NA,NA,FALSE,NA,NA,FALSE,0
"IC02HEWD01A","IC02HEWD","GlacierIce","d18O",81,64,"positive",0.170582533537121,0.492108359397926,FALSE,0.170582533537121,0.782632286032515,FALSE,0.107374902066927,0.655181658401162,FALSE,0.107374902066927,0.861284769170279,FALSE,36
"IC02STTA02A","IC02STTA","GlacierIce","d2H",-72.8,159.06,"positive",NA,NA,FALSE,NA,NA,FALSE,NA,NA,FALSE,NA,NA,FALSE,0
"IC02THKI02A","IC02THKI","GlacierIce","d18O",-3.08,37.35,"positive",NA,NA,FALSE,NA,NA,FALSE,NA,NA,FALSE,NA,NA,FALSE,3
"IC02THKI03A","IC02THKI","GlacierIce","d18O",-3.08,37.35,"positive",NA,NA,FALSE,NA,NA,FALSE,NA,NA,FALSE,NA,NA,FALSE,3
"IC02THKI04A","IC02THKI","GlacierIce","d18O",-3.08,37.35,"positive",NA,NA,FALSE,NA,NA,FALSE,NA,NA,FALSE,NA,NA,FALSE,3
"IC05ISAU01A","IC05ISAU","GlacierIce","d18O",79.83,24,"positive",-0.0317212118859071,0.815678922628348,FALSE,-0.0317212118859071,0.94093772850949,FALSE,-0.027310207304983,0.836961973061614,FALSE,-0.027310207304983,0.934436947157574,FALSE,76
"IC06THDD01A","IC06THDD","GlacierIce","d18O",38.1,96.4,"positive",NA,NA,FALSE,NA,NA,FALSE,NA,NA,FALSE,NA,NA,FALSE,6
"IC06THPR02B","IC06THPR","GlacierIce","d18O",33.9167,89.0833,"positive",NA,NA,FALSE,NA,NA,FALSE,NA,NA,FALSE,NA,NA,FALSE,6
"IC06VIGR01A","IC06VIGR","GlacierIce","d18O",72.3,-37.4,"positive",NA,NA,FALSE,NA,NA,FALSE,NA,NA,FALSE,NA,NA,FALSE,4
"IC06VING01A","IC06VING","GlacierIce","d18O",75.1,-42.32,"positive",NA,NA,FALSE,NA,NA,FALSE,NA,NA,FALSE,NA,NA,FALSE,4
"IC06WAML01A","IC06WAML","GlacierIce","d18O",35.81,90.76,"positive",-0.0381525242517903,0.848381937867602,FALSE,-0.0381525242517903,0.956327154614176,FALSE,0.0140779283515956,0.941838761264459,FALSE,0.0140779283515956,0.969730125112167,FALSE,55
"IC08VI7701A","IC08VI77","GlacierIce","d18O",80.7,-73.1,"positive",NA,NA,FALSE,NA,NA,FALSE,NA,NA,FALSE,NA,NA,FALSE,1
"IC08VI7901A","IC08VI79","GlacierIce","d18O",80.7,-73.1,"positive",NA,NA,FALSE,NA,NA,FALSE,NA,NA,FALSE,NA,NA,FALSE,1
"IC08VI8401A","IC08VI84","GlacierIce","d18O",80.7,-73.1,"positive",NA,NA,FALSE,NA,NA,FALSE,NA,NA,FALSE,NA,NA,FALSE,1
"IC08VI8701A","IC08VI87","GlacierIce","d18O",80.7,-73.1,"positive",NA,NA,FALSE,NA,NA,FALSE,NA,NA,FALSE,NA,NA,FALSE,1
"IC08VIRE01A","IC08VIRE","GlacierIce","d18O",71.27,-26.73,"positive",NA,NA,FALSE,NA,NA,FALSE,NA,NA,FALSE,NA,NA,FALSE,4
"IC09EIBE01A","IC09EIBE","GlacierIce","d18O",49.8067,86.56,"positive",NA,NA,FALSE,NA,NA,FALSE,NA,NA,FALSE,NA,NA,FALSE,8
"IC09KAD301A","IC09KAD3","GlacierIce","d18O",65.18,-43.83,"positive",NA,NA,FALSE,NA,NA,FALSE,NA,NA,FALSE,NA,NA,FALSE,8
"IC09VIA800A","IC09VIA8","GlacierIce","d18O",80.7,-73.1,"positive",NA,NA,FALSE,NA,NA,FALSE,NA,NA,FALSE,NA,NA,FALSE,1
"IC10VICR01A","IC10VICR","GlacierIce","d18O",71.12,-37.32,"positive",0.333137597787827,0.0055040100060414,TRUE,0.333137597787827,0.0565589097769674,TRUE,0.341947574879701,0.00409842655998893,TRUE,0.341947574879701,0.0393865738900631,TRUE,76
"IC10VICR01B","IC10VICR","GlacierIce","d18O",71.12,-37.32,"positive",0.13320464548154,0.252486706531407,FALSE,0.13320464548154,0.610175123750564,FALSE,0.106612138835441,0.359333639716079,FALSE,0.106612138835441,0.66743771130504,FALSE,76
"IC11BEVL01A","IC11BEVL","GlacierIce","d2H",-77.33,162.53,"positive",NA,NA,FALSE,NA,NA,FALSE,NA,NA,FALSE,NA,NA,FALSE,0
"IC11DILO01A","IC11DILO","GlacierIce","d18O",78.86,17.42,"positive",-0.00308906450361582,0.982451674503025,FALSE,-0.00308906450361582,0.992074882144284,FALSE,0.016644039042715,0.90178559591361,FALSE,0.016644039042715,0.969730125112167,FALSE,76
"IC11KIPW01A","IC11KIPW","GlacierIce","d18O",78.4,-80.4,"positive",0.00146005964865252,0.993280882811871,FALSE,0.00146005964865252,0.998564291762998,FALSE,0.0474743694707598,0.781644716141815,FALSE,0.0474743694707598,0.915687095149606,FALSE,50
"IC11LAB401A","IC11LAB4","GlacierIce","d18O",-70.86,11.54,"positive",NA,NA,FALSE,NA,NA,FALSE,NA,NA,FALSE,NA,NA,FALSE,0
"IC11STTA01A","IC11STTA","GlacierIce","d18O",-72.82,159.18,"positive",NA,NA,FALSE,NA,NA,FALSE,NA,NA,FALSE,NA,NA,FALSE,0
"IC12MUJR01A","IC12MUJR","GlacierIce","d2H",-64.2,-57.69,"positive",-0.122060594582953,0.338433853607073,FALSE,-0.122060594582953,0.655748446021237,FALSE,-0.210037561194616,0.0901084872314317,FALSE,-0.210037561194616,0.324230035864012,FALSE,68
"IC12RHME01A","IC12RHME","GlacierIce","d2H",-77.52,167.68,"positive",NA,NA,FALSE,NA,NA,FALSE,NA,NA,FALSE,NA,NA,FALSE,0
"IC13PALD01A","IC13PALD","GlacierIce","d18O",-66.77,112.81,"positive",NA,NA,FALSE,NA,NA,FALSE,NA,NA,FALSE,NA,NA,FALSE,0
"IC13STN801A","IC13STN8","GlacierIce","d18O",-74.88,1.6,"positive",NA,NA,FALSE,NA,NA,FALSE,NA,NA,FALSE,NA,NA,FALSE,0
"IC13THFE01A","IC13THFE","GlacierIce","d2H",-74.57,-86.9,"positive",NA,NA,FALSE,NA,NA,FALSE,NA,NA,FALSE,NA,NA,FALSE,0
"IC14EKVK00A","IC14EKVK","GlacierIce","d2H",-78.47,106.83,"positive",NA,NA,FALSE,NA,NA,FALSE,NA,NA,FALSE,NA,NA,FALSE,0
"IC16WE1701A","IC16WE17","GlacierIce","d18O",75.2504,-37.6248,"positive",-0.143113130773516,0.317488213496845,FALSE,-0.143113130773516,0.655748446021237,FALSE,-0.12958497297647,0.35604449779866,FALSE,-0.12958497297647,0.66743771130504,FALSE,76
"IC16WE1901A","IC16WE19","GlacierIce","d18O",78.0006,-36.3978,"positive",0.275212571067452,0.0744621383258062,FALSE,0.275212571067452,0.299432854118668,FALSE,0.283834050002826,0.0646913156710489,FALSE,0.283834050002826,0.273731164070782,FALSE,76
"IC16WE2001A","IC16WE20","GlacierIce","d18O",78.8333,-36.5,"positive",0.223755314642914,0.148238310711038,FALSE,0.223755314642914,0.452698352336621,FALSE,0.222391929721056,0.150274750457075,FALSE,0.222391929721056,0.431482310907003,FALSE,76
"IC16WE2201A","IC16WE22","GlacierIce","d18O",79.3414,-45.9116,"positive",0.129852249607987,0.375642271185489,FALSE,0.129852249607987,0.687061831490878,FALSE,0.133020666750959,0.360809376766447,FALSE,0.133020666750959,0.66743771130504,FALSE,73
"IC16WE2301A","IC16WE23","GlacierIce","d18O",78,-44,"positive",0.228042260626692,0.117033675442196,FALSE,0.228042260626692,0.40121727241379,FALSE,0.229575685017069,0.114371889684319,FALSE,0.229575685017069,0.358281002491761,FALSE,75
"IC16WE2701A","IC16WE27","GlacierIce","d18O",76.6594,-46.4837,"positive",-0.021653126437387,0.881372609191729,FALSE,-0.021653126437387,0.960996019062216,FALSE,-0.024271728714431,0.866283232660668,FALSE,-0.024271728714431,0.954958706998159,FALSE,73
"IC16WE3001A","IC16WE30","GlacierIce","d18O",75.0016,-42.0004,"positive",0.152384223275291,0.275688953766437,FALSE,0.152384223275291,0.625320386667041,FALSE,0.152900282591371,0.273975850855261,FALSE,0.152900282591371,0.588848821755513,FALSE,75
"IC16WENG00A","IC16WENG","GlacierIce","d18O",76,-46,"positive",0.313927354315408,0.0367830823854596,TRUE,0.313927354315408,0.189465804249856,FALSE,0.330010985267301,0.0262938641818517,TRUE,0.330010985267301,0.146162950893235,FALSE,73
"IC17BERI01A","IC17BERI","GlacierIce","d2H",-79.36,-161.7,"positive",NA,NA,FALSE,NA,NA,FALSE,NA,NA,FALSE,NA,NA,FALSE,0
"IC17EK4K01A","IC17EK4K","GlacierIce","d2H",-69.95,95.62,"positive",NA,NA,FALSE,NA,NA,FALSE,NA,NA,FALSE,NA,NA,FALSE,0
"IC76FIDE02A","IC76FIDE","GlacierIce","d18O",75.33,-82.5,"positive",-0.0257299100283394,0.869634169714136,FALSE,-0.0257299100283394,0.960996019062216,FALSE,-0.070407385977415,0.648085631681684,FALSE,-0.070407385977415,0.861284769170279,FALSE,50
"IC93BAGI01A","IC93BAGI","GlacierIce","d2H",72.59,-38.46,"positive",0.286292278482518,0.0292429382646386,TRUE,0.286292278482518,0.162556333294609,FALSE,0.364502309375421,0.0038850757610006,TRUE,0.364502309375421,0.0384185077550891,TRUE,76
"IC93BAGI02A","IC93BAGI","GlacierIce","d2H",72.59,-38.46,"positive",0.140874812986519,0.266786452815868,FALSE,0.140874812986519,0.614910238807305,FALSE,0.197264044304653,0.111777466912252,FALSE,0.197264044304653,0.358281002491761,FALSE,76
"IC94THDP01A","IC94THDP","GlacierIce","d18O",-70.68,-64.87,"positive",NA,NA,FALSE,NA,NA,FALSE,NA,NA,FALSE,NA,NA,FALSE,0
"IC95FI8701A","IC95FI87","GlacierIce","d18O",80.7,-73.1,"positive",NA,NA,FALSE,NA,NA,FALSE,NA,NA,FALSE,NA,NA,FALSE,6
"IC95THHU02D_iso2k","IC95THHU","GlacierIce","d18O",-9,-77.5,"positive",NA,NA,FALSE,NA,NA,FALSE,NA,NA,FALSE,NA,NA,FALSE,1
"IC97GRGI01A","IC97GRGI","GlacierIce","d18O",72.6,-38.5,"positive",0.147409573242477,0.26039824783691,FALSE,0.147409573242477,0.610175123750564,FALSE,0.211724216889178,0.0966029559734316,FALSE,0.211724216889178,0.338074152272059,FALSE,76
"IC97THGL01A","IC97THGL","GlacierIce","d18O",35.2833,81.4833,"positive",NA,NA,FALSE,NA,NA,FALSE,NA,NA,FALSE,NA,NA,FALSE,6
"IW15MELD00A","IW15MELD","GroundIce","d18O",72.4,126,"positive",NA,NA,FALSE,NA,NA,FALSE,NA,NA,FALSE,NA,NA,FALSE,0
"lcR0b7dbb501xuLtuao","Langarud.Haghani.2015","Peat","temperature",37.1856,50.1475,"positive",NA,NA,FALSE,NA,NA,FALSE,NA,NA,FALSE,NA,NA,FALSE,1
"lcR0eeJLNAyOazjygHP","KleinenMochowsee.Jahns.1999","LakeSediment","temperature",51.9964,14.1989,"positive",NA,NA,FALSE,NA,NA,FALSE,NA,NA,FALSE,NA,NA,FALSE,1
"lcR15twfUxvMIx7rgAy","MindenBog.Booth.2003","Peat","temperature",43.6037,-82.8639,"positive",NA,NA,FALSE,NA,NA,FALSE,NA,NA,FALSE,NA,NA,FALSE,0
"lcR20Z924i7ZXG81AON","HerrenwieserSee.Rosch.2012","LakeSediment","temperature",48.6685,8.2955,"positive",NA,NA,FALSE,NA,NA,FALSE,NA,NA,FALSE,NA,NA,FALSE,4
"lcR261cdFIoUWnKEZ5m","PenaNegra.AbelSchaad.2013","Peat","temperature",40.3347,-5.7922,"positive",NA,NA,FALSE,NA,NA,FALSE,NA,NA,FALSE,NA,NA,FALSE,2
"lcR26hacBbYjoOCqq0R","Carquefou.Cyprien.2001","Peat","temperature",47.3092,-1.4769,"positive",NA,NA,FALSE,NA,NA,FALSE,NA,NA,FALSE,NA,NA,FALSE,1
"lcR2BTqnkHxtvMCOUFb","MaboMoss.Goransson.1977","Peat","temperature",58.0211,16.056,"positive",NA,NA,FALSE,NA,NA,FALSE,NA,NA,FALSE,NA,NA,FALSE,0
"lcR2vmDqVJdQh6axavi","OtterPond.Fuller.1998","LakeSediment","temperature",42.6549,-72.5332,"positive",NA,NA,FALSE,NA,NA,FALSE,NA,NA,FALSE,NA,NA,FALSE,5
"lcR32QmXtVsHnBMTPdx","TawnyPond.Keizer.2015","LakeSediment","temperature",44.8164,-77.1825,"positive",NA,NA,FALSE,NA,NA,FALSE,NA,NA,FALSE,NA,NA,FALSE,8
"lcR3FYwTmOa7ISsMuSS","SehestedterAussendeichsmoor.Behre.2005","Peat","temperature",53.4389,8.3071,"positive",NA,NA,FALSE,NA,NA,FALSE,NA,NA,FALSE,NA,NA,FALSE,5
"lcR457uPYbBDgXA5Pk5","LongLake.Carter.2017","LakeSediment","temperature",41.4998,-106.3679,"positive",NA,NA,FALSE,NA,NA,FALSE,NA,NA,FALSE,NA,NA,FALSE,8
"lcR46XHgr5K0yqF8BHQ","ArroyodeNavalacarreta.MoralesMolino.2017","Other","temperature",40.8522,-4.0311,"positive",NA,NA,FALSE,NA,NA,FALSE,NA,NA,FALSE,NA,NA,FALSE,3
"lcR4CwtLVJ1icgSFhg7","SlishLake.Dodson.1987","LakeSediment","temperature",54.2439,-8.3719,"positive",NA,NA,FALSE,NA,NA,FALSE,NA,NA,FALSE,NA,NA,FALSE,1
"lcR5AgBubPHTYbqF395","Cernohorskeraseliniste.Speranza.2000","Peat","temperature",50.6612,15.7534,"positive",NA,NA,FALSE,NA,NA,FALSE,NA,NA,FALSE,NA,NA,FALSE,1
"lcR5RPi4dbch3BeBtp7","BarchampeLake.author.1111","LakeSediment","temperature",30.6222,-83.2539,"positive",NA,NA,FALSE,NA,NA,FALSE,NA,NA,FALSE,NA,NA,FALSE,3
"lcR5sefyEatpn9XpKEd","TaibaiLakeTN1.Tong.2009","LakeSediment","temperature",29.9957,115.8073,"positive",NA,NA,FALSE,NA,NA,FALSE,NA,NA,FALSE,NA,NA,FALSE,7
"lcR6oJJ8kfOEhIr8Ryk","LoxahatcheeNationalWildlifeRefugeSite1EPASite7.Willard.1997","Peat","temperature",26.4811,-80.4156,"positive",NA,NA,FALSE,NA,NA,FALSE,NA,NA,FALSE,NA,NA,FALSE,3
"lcR6QoHSgAfDBYunbmZ","CharcodaCandieira.VanderKnaap.1984","LakeSediment","temperature",40.3417,-7.5764,"positive",NA,NA,FALSE,NA,NA,FALSE,NA,NA,FALSE,NA,NA,FALSE,3
"lcR70HbVhhtnHdkpzSQ","TourbieredeLandemarais.Visset.1989","Peat","temperature",48.4417,-1.1817,"positive",NA,NA,FALSE,NA,NA,FALSE,NA,NA,FALSE,NA,NA,FALSE,5
"lcR711YeTvyQTx30t1d","AndersonPond.Liu.2013","LakeSediment","temperature",36.0301,-85.5013,"positive",NA,NA,FALSE,NA,NA,FALSE,NA,NA,FALSE,NA,NA,FALSE,2
"lcR7ud3XC9UR7QyJp2L","Labradillosmire.RoblesLopez.2017","Peat","temperature",40.3447,-4.5706,"positive",NA,NA,FALSE,NA,NA,FALSE,NA,NA,FALSE,NA,NA,FALSE,0
"lcR8uLcZ5eyNHZGF7Ze","MobecheForest.CletPellerin.1993","Other","temperature",48.5167,-1,"positive",NA,NA,FALSE,NA,NA,FALSE,NA,NA,FALSE,NA,NA,FALSE,5
"lcR9du4sIfScHScl1UZ","IsleauHautNorthHollow.Schauffler.1998","LakeSediment","temperature",44.0651,-68.6354,"positive",NA,NA,FALSE,NA,NA,FALSE,NA,NA,FALSE,NA,NA,FALSE,2
"lcR9Ii9bXQoYSoZQYo1","EmrickLake.Spigel.2006","LakeSediment","temperature",43.8002,-89.5943,"positive",NA,NA,FALSE,NA,NA,FALSE,NA,NA,FALSE,NA,NA,FALSE,2
"lcR9Q28Ec5biIUwt2vN","HiddenLake.Calder.2016","LakeSediment","temperature",40.5047,-106.6075,"positive",NA,NA,FALSE,NA,NA,FALSE,NA,NA,FALSE,NA,NA,FALSE,1
"lcRAbB9vzhsqgpW1ex1","PasacacoPond.author.1111","LakeSediment","temperature",41.5167,-71.45,"positive",NA,NA,FALSE,NA,NA,FALSE,NA,NA,FALSE,NA,NA,FALSE,3
"lcRAFTeLSERjxwWh1el","LakeBlatisto.vvanHuis.2013","LakeSediment","temperature",41.6213,24.6781,"positive",NA,NA,FALSE,NA,NA,FALSE,NA,NA,FALSE,NA,NA,FALSE,3
"lcRagPv5JmNWfKvwrqY","AmberLake.UmbanhowarJr.2004","LakeSediment","temperature",43.6071,-94.4736,"positive",NA,NA,FALSE,NA,NA,FALSE,NA,NA,FALSE,NA,NA,FALSE,3
"lcRAQdgT1Mc1SGJlDoy","DeltadelRioBesos.PantaleonCano.1994","FluvialSediment","temperature",41.4053,2.2483,"positive",NA,NA,FALSE,NA,NA,FALSE,NA,NA,FALSE,NA,NA,FALSE,7
"lcRAqQ9kdfm1KINK9IU","MissionCrossBog.Allan.2003","LakeSediment","temperature",41.7847,-115.4836,"positive",NA,NA,FALSE,NA,NA,FALSE,NA,NA,FALSE,NA,NA,FALSE,2
"lcRAwUd7UfA0VNvvXR3","Mars.Miras.2013","Peat","temperature",45.3053,1.8361,"positive",NA,NA,FALSE,NA,NA,FALSE,NA,NA,FALSE,NA,NA,FALSE,1
"lcRAYBRHkDoaNj3kvyS","StonetorBrook.Fyfe.2008","Peat","temperature",50.6556,-3.91,"positive",NA,NA,FALSE,NA,NA,FALSE,NA,NA,FALSE,NA,NA,FALSE,2
"lcRB1BWv1x1vTDU0xlR","LagunaPompal.Goman.1998","LakeSediment","temperature",18.3761,-94.9556,"positive",NA,NA,FALSE,NA,NA,FALSE,NA,NA,FALSE,NA,NA,FALSE,0
"lcRBGyQq1JuRSSj98QC","Lacawac.Russell.1993","LakeSediment","temperature",41.3821,-75.2913,"positive",NA,NA,FALSE,NA,NA,FALSE,NA,NA,FALSE,NA,NA,FALSE,5
"lcRBNAzjmPLR82ae22v","LagodeAjo.Allen.1996Legacy","LakeSediment","temperature",43.0417,-6.1388,"positive",NA,NA,FALSE,NA,NA,FALSE,NA,NA,FALSE,NA,NA,FALSE,4
"lcRbPVGSZCaTXgHeZrX","LilyWarwick.Fuller.1998","LakeSediment","temperature",42.6884,-72.3372,"positive",NA,NA,FALSE,NA,NA,FALSE,NA,NA,FALSE,NA,NA,FALSE,4
"lcRbSCPUmbpIjmWch7Q","AkTerek.Beer.2008","Peat","temperature",41.2815,72.8343,"positive",NA,NA,FALSE,NA,NA,FALSE,NA,NA,FALSE,NA,NA,FALSE,1
"lcRC1ZAz4X1fefwq7b2","FontSalesse.deBeaulieu.1969","Peat","temperature",43.6017,2.9789,"positive",NA,NA,FALSE,NA,NA,FALSE,NA,NA,FALSE,NA,NA,FALSE,3
"lcRcQ9KW8oxXFg1yWqC","ChesapeakeBayRhodeRiver.Baucom.2000","MarineSediment","temperature",38.8864,-76.3947,"positive",NA,NA,FALSE,NA,NA,FALSE,NA,NA,FALSE,NA,NA,FALSE,8
"lcRCt6u019QQzW7Nhz5","KalsaMire.Kimmel.1999","Peat","temperature",58.1914,27.4115,"positive",NA,NA,FALSE,NA,NA,FALSE,NA,NA,FALSE,NA,NA,FALSE,2
"lcRd7PjlW4sREUVKRXW","SweetonPond.Nanavati.2019","LakeSediment","temperature",36.7913,-92.2231,"positive",NA,NA,FALSE,NA,NA,FALSE,NA,NA,FALSE,NA,NA,FALSE,3
"lcRd8tywf0ttZpjeAGH","WaterConservationArea2ASite2SiteF1.Willard.1997","Peat","temperature",26.3597,-80.3706,"positive",NA,NA,FALSE,NA,NA,FALSE,NA,NA,FALSE,NA,NA,FALSE,2
"lcRdbReSjFrNhFkgMvL","HellHoleLake.Hotchkiss.2007","LakeSediment","temperature",45.7866,-92.219,"positive",NA,NA,FALSE,NA,NA,FALSE,NA,NA,FALSE,NA,NA,FALSE,3
"lcRdFNOoh3FGWfIEIgm","LaMolinamire.LopezMerino.2011","Peat","temperature",43.3811,-6.3272,"positive",NA,NA,FALSE,NA,NA,FALSE,NA,NA,FALSE,NA,NA,FALSE,6
"lcRdr1mXf7h9m2RMXg7","LagodiOriglio.Tinner.1999","LakeSediment","temperature",46.0515,8.9433,"positive",NA,NA,FALSE,NA,NA,FALSE,NA,NA,FALSE,NA,NA,FALSE,3
"lcRdShBI8LEpNVnTVlY","DyanushkaK7P2.Werner.2010","Peat","temperature",65.0394,125.0369,"positive",NA,NA,FALSE,NA,NA,FALSE,NA,NA,FALSE,NA,NA,FALSE,0
"lcRea5YRvPHaBlssrES","LakeKolmilatrask.SarmajaKorjonen.1991","LakeSediment","temperature",60.2917,20.1414,"positive",NA,NA,FALSE,NA,NA,FALSE,NA,NA,FALSE,NA,NA,FALSE,2
"lcREFsvQV9Z5n99omGW","KellysLough.Leira.2007","LakeSediment","temperature",52.9585,-6.4257,"positive",NA,NA,FALSE,NA,NA,FALSE,NA,NA,FALSE,NA,NA,FALSE,2
"lcRevSrSJ6Y4iMApChz","Durchenbergried.Rosch.1990","Peat","temperature",47.775,8.9788,"positive",NA,NA,FALSE,NA,NA,FALSE,NA,NA,FALSE,NA,NA,FALSE,1
"lcRfo8HLKTzKQmY9Lql","Couedic.Visset.2001","FluvialSediment","temperature",47.2139,-1.5572,"positive",NA,NA,FALSE,NA,NA,FALSE,NA,NA,FALSE,NA,NA,FALSE,0
"lcRfrr5PzONt6ZBow19","HornstaadHornle.Rosch.1992","LakeSediment","temperature",47.6946,9.0066,"positive",NA,NA,FALSE,NA,NA,FALSE,NA,NA,FALSE,NA,NA,FALSE,6
"lcRFTGwkgL2lvikrZVp","IrwinSmithBog.Booth.2012","Peat","temperature",45.0265,-83.61,"positive",NA,NA,FALSE,NA,NA,FALSE,NA,NA,FALSE,NA,NA,FALSE,0
"lcRFTN0y0aUFhVngFqR","BuckbeanBog.Heinrichs.1999","Peat","temperature",49.1191,-119.683,"positive",NA,NA,FALSE,NA,NA,FALSE,NA,NA,FALSE,NA,NA,FALSE,3
"lcRFWn6U2MAaRAahGiZ","KnobHillPond.Oswald.2018","LakeSediment","temperature",44.3603,-72.373,"positive",NA,NA,FALSE,NA,NA,FALSE,NA,NA,FALSE,NA,NA,FALSE,6
"lcRFZusTqpbEtt1B3JI","Songjiang.Zhang.2008","FluvialSediment","temperature",50.4,80.4667,"positive",NA,NA,FALSE,NA,NA,FALSE,NA,NA,FALSE,NA,NA,FALSE,0
"lcRghXAPhVPRCaWmOKl","AltesMoorWachel.Dorfler.1989","Peat","temperature",53.4373,8.8678,"positive",NA,NA,FALSE,NA,NA,FALSE,NA,NA,FALSE,NA,NA,FALSE,2
"lcRgk3j6nErViRXrp8v","BlackwoodSinkhole.Tamalavage.2018","LakeSediment","temperature",26.7987,-77.4234,"positive",NA,NA,FALSE,NA,NA,FALSE,NA,NA,FALSE,NA,NA,FALSE,3
"lcRGMoX9ZylfD2rKV7v","Foyechi.Tong.1996","LakeSediment","temperature",37.3833,122.5167,"positive",NA,NA,FALSE,NA,NA,FALSE,NA,NA,FALSE,NA,NA,FALSE,2
"lcRgU9lZt1iCaxQ2O5S","LilyPond.Foster.2002","LakeSediment","temperature",42.4179,-72.3469,"positive",NA,NA,FALSE,NA,NA,FALSE,NA,NA,FALSE,NA,NA,FALSE,3
"lcRGy09ItWZAcCGXu5i","TrinityRiverbayhead.Anderson.2008","FluvialSediment","temperature",29.7662,-94.7082,"positive",NA,NA,FALSE,NA,NA,FALSE,NA,NA,FALSE,NA,NA,FALSE,0
"lcRH79gkHAqShSZg1Sg","BeefPasture.Wright.2012","Peat","temperature",37.4731,-108.1604,"positive",NA,NA,FALSE,NA,NA,FALSE,NA,NA,FALSE,NA,NA,FALSE,4
"lcRh7Z4V3IuWBKFrinQ","DevilsLakeCreelBay.Jacobson.1989","LakeSediment","temperature",48.0859,-98.9293,"positive",NA,NA,FALSE,NA,NA,FALSE,NA,NA,FALSE,NA,NA,FALSE,6
"lcRhanMzxWMQTNQG3Wx","MinnesotaPoint.Nurse.2017","FluvialSediment","temperature",46.7334,-92.065,"positive",NA,NA,FALSE,NA,NA,FALSE,NA,NA,FALSE,NA,NA,FALSE,3
"lcRHiHwNfSIJOf4ibky","DagsMosse.Goransson.1989","Peat","temperature",58.3229,14.7065,"positive",NA,NA,FALSE,NA,NA,FALSE,NA,NA,FALSE,NA,NA,FALSE,2
"lcRHIMVLMQLSixfanJF","ValhallaHollow.Kearsley.1995","Peat","temperature",44.3086,-74.3708,"positive",NA,NA,FALSE,NA,NA,FALSE,NA,NA,FALSE,NA,NA,FALSE,4
"lcRi5e2Wq9lUvl2VdRO","Fjallnas.Konigsson.1984","FluvialSediment","temperature",62.6159,12.1339,"positive",NA,NA,FALSE,NA,NA,FALSE,NA,NA,FALSE,NA,NA,FALSE,3
"lcRI7Ml5QyuvrpBhRzR","Nanwangzhuang.Guo.1999","FluvialSediment","temperature",38.45,114.9167,"positive",NA,NA,FALSE,NA,NA,FALSE,NA,NA,FALSE,NA,NA,FALSE,0
"lcRIjouF7RUndRFUNyA","WaccamawRiverButlerIslandModeratelySaltImpacted.Jones.2017","Peat","temperature",33.4228,-79.208,"positive",NA,NA,FALSE,NA,NA,FALSE,NA,NA,FALSE,NA,NA,FALSE,5
"lcRIT1DYxYiLBfKhgbX","HorseshoeLake.Munoz.2014","LakeSediment","temperature",38.7018,-90.095,"positive",NA,NA,FALSE,NA,NA,FALSE,NA,NA,FALSE,NA,NA,FALSE,2
"lcRiTlpsMJl8dTHotVe","Pezou.Cyprien.2006","FluvialSediment","temperature",47.8708,1.1508,"positive",NA,NA,FALSE,NA,NA,FALSE,NA,NA,FALSE,NA,NA,FALSE,2
"lcRIwTndwZWVBasjuvs","ClearwaterBog.Nichols.1969","Peat","temperature",54.0236,-101.2588,"positive",NA,NA,FALSE,NA,NA,FALSE,NA,NA,FALSE,NA,NA,FALSE,2
"lcRj1ZGE3Bw8DT5QmJz","UpperSouthBranchPond.Anderson.1986","LakeSediment","temperature",46.0901,-68.8933,"positive",NA,NA,FALSE,NA,NA,FALSE,NA,NA,FALSE,NA,NA,FALSE,3
"lcRJjJBwmLs9PEUa7qD","EtangdelaGruere.RoosBarraclough.2002","Peat","temperature",47.2406,7.05,"positive",NA,NA,FALSE,NA,NA,FALSE,NA,NA,FALSE,NA,NA,FALSE,2
"lcRJSdnNJk8NTaJyDwO","TaylorSloughSite15.Willard.1997","Peat","temperature",25.2019,-80.6872,"positive",NA,NA,FALSE,NA,NA,FALSE,NA,NA,FALSE,NA,NA,FALSE,1
"lcRjugz6QafJ2GJGZ5P","LakeSapanca.Leroy.2010","LakeSediment","temperature",40.7167,30.25,"positive",NA,NA,FALSE,NA,NA,FALSE,NA,NA,FALSE,NA,NA,FALSE,1
"lcRKCw132BNpMi5JpJ7","Lavare.Barbier.1999","Peat","temperature",48.4333,-0.9167,"positive",NA,NA,FALSE,NA,NA,FALSE,NA,NA,FALSE,NA,NA,FALSE,2
"lcRKgxpr49pqfEsGAjs","Ballyduff.Stefanini.2008","Peat","temperature",53.0822,-7.992,"positive",NA,NA,FALSE,NA,NA,FALSE,NA,NA,FALSE,NA,NA,FALSE,4
"lcRKla0inIbwLreLoWC","Tlstahora.Rybnickova.2005","Peat","temperature",48.8942,17.8886,"positive",NA,NA,FALSE,NA,NA,FALSE,NA,NA,FALSE,NA,NA,FALSE,3
"lcRKoyoRCMHM2hnFb0Y","LakeKvarntrask.SarmajaKorjonen.1991","LakeSediment","temperature",60.3458,19.9717,"positive",NA,NA,FALSE,NA,NA,FALSE,NA,NA,FALSE,NA,NA,FALSE,1
"lcRKoyvGIn2y3KKjI98","ChickareeLake.Dunnette.2014","LakeSediment","temperature",40.3341,-105.8411,"positive",NA,NA,FALSE,NA,NA,FALSE,NA,NA,FALSE,NA,NA,FALSE,3
"lcRKtqdRhG7A3tJLj75","CienegadeSanBernadino.Blissett.2010","Other","temperature",31.3222,-109.2562,"positive",NA,NA,FALSE,NA,NA,FALSE,NA,NA,FALSE,NA,NA,FALSE,1
"lcRKXHkOBR4CWd1961I","MiddleNorthCoombe.Fyfe.2004","Peat","temperature",50.9339,-3.4333,"positive",NA,NA,FALSE,NA,NA,FALSE,NA,NA,FALSE,NA,NA,FALSE,2
"lcRLDTlgb8iOjDOBOFf","PrazRodet.vanderKnaap.2000","Peat","temperature",46.5667,6.1736,"positive",NA,NA,FALSE,NA,NA,FALSE,NA,NA,FALSE,NA,NA,FALSE,4
"lcRlHORqReK0wmEXzk9","LakeSambosjon.Digerfeldt.1982","LakeSediment","temperature",57.1631,12.4143,"positive",NA,NA,FALSE,NA,NA,FALSE,NA,NA,FALSE,NA,NA,FALSE,1
"lcRlZrcfXewvBCRS55H","SummitLake.Calder.2016","LakeSediment","temperature",40.5455,-106.6824,"positive",NA,NA,FALSE,NA,NA,FALSE,NA,NA,FALSE,NA,NA,FALSE,3
"lcRmC0zyUbxqTKccwp3","LilyLake.Hotchkiss.2007","LakeSediment","temperature",45.901,-92.273,"positive",NA,NA,FALSE,NA,NA,FALSE,NA,NA,FALSE,NA,NA,FALSE,2
"lcRmG0zRQQ5f6hPZV0d","HerrenwieserSee.Rosch.2009","LakeSediment","temperature",48.6685,8.2955,"positive",NA,NA,FALSE,NA,NA,FALSE,NA,NA,FALSE,NA,NA,FALSE,2
"lcRmszlPoPyliZ6gh9W","Upskeraseliniste.Speranza.2000","Peat","temperature",50.7366,15.7084,"positive",NA,NA,FALSE,NA,NA,FALSE,NA,NA,FALSE,NA,NA,FALSE,3
"lcRmw8C3D3JTx5o13m4","Foula.Shotyk.1996","Peat","temperature",60.1374,-2.0793,"positive",NA,NA,FALSE,NA,NA,FALSE,NA,NA,FALSE,NA,NA,FALSE,3
"lcRnN8sshDkE1vk7Snb","FlorenceLake.Pellatt.2015","LakeSediment","temperature",48.4586,-123.513,"positive",NA,NA,FALSE,NA,NA,FALSE,NA,NA,FALSE,NA,NA,FALSE,5
"lcRNtmq7Ek5eHMbmsZq","LesNaudieres.Poirier.2013","FluvialSediment","temperature",47.5375,0.7022,"positive",NA,NA,FALSE,NA,NA,FALSE,NA,NA,FALSE,NA,NA,FALSE,3
"lcRNts7m8X8duEqSKUd","Minnreg.UmbanhowarJr.2004","LakeSediment","temperature",44.6934,-93.3212,"positive",NA,NA,FALSE,NA,NA,FALSE,NA,NA,FALSE,NA,NA,FALSE,3
"lcRNU49g5E5dtDPE0nm","LakeEmilyNortheastBasin.UmbanhowarJr.2004","LakeSediment","temperature",44.3138,-93.9144,"positive",NA,NA,FALSE,NA,NA,FALSE,NA,NA,FALSE,NA,NA,FALSE,0
"lcRNykeGxpm91qlV071","RidgeandSlough0205215.Bernhardt.2009","Peat","temperature",25.829,-80.7675,"positive",NA,NA,FALSE,NA,NA,FALSE,NA,NA,FALSE,NA,NA,FALSE,2
"lcRo0NjquwOS6OyfsLq","SharkeyLake.Camill.2003","LakeSediment","temperature",44.5924,-93.4132,"positive",NA,NA,FALSE,NA,NA,FALSE,NA,NA,FALSE,NA,NA,FALSE,0
"lcROdTm64RGdiEEaBe5","Ispani2.deKlerk.2009","Peat","temperature",41.8623,41.802,"positive",NA,NA,FALSE,NA,NA,FALSE,NA,NA,FALSE,NA,NA,FALSE,3
"lcROeNm7yL6Sw0DZrmL","QigaiNuur.Sun.2013","LakeSediment","temperature",72.3989,102.2886,"positive",NA,NA,FALSE,NA,NA,FALSE,NA,NA,FALSE,NA,NA,FALSE,1
"lcRogdM8y3sBb4WjIqY","Kralovec.Rybnickova.2005","Peat","temperature",49.1319,18.0278,"positive",NA,NA,FALSE,NA,NA,FALSE,NA,NA,FALSE,NA,NA,FALSE,2
"lcROLLP2orfQAh84tjC","MolesChamber.Fyfe.2012","Peat","temperature",51.1394,-3.8328,"positive",NA,NA,FALSE,NA,NA,FALSE,NA,NA,FALSE,NA,NA,FALSE,3
"lcROM9ag5qLZPxWgCGB","Fuschlsee.Voigt.1996","LakeSediment","temperature",47.8042,13.2747,"positive",NA,NA,FALSE,NA,NA,FALSE,NA,NA,FALSE,NA,NA,FALSE,1
"lcRoqPH2IlEzf1htLPH","Adange.Kvavadze.1989","FluvialSediment","temperature",43.3056,41.3333,"positive",NA,NA,FALSE,NA,NA,FALSE,NA,NA,FALSE,NA,NA,FALSE,1
"lcROzCWwV6duormHFFr","Vladar.Pokorny.2006","LakeSediment","temperature",50.0786,13.214,"positive",NA,NA,FALSE,NA,NA,FALSE,NA,NA,FALSE,NA,NA,FALSE,1
"lcRpHNk7SXJPgM8auii","NorthFlatLake.Hart.2009","LakeSediment","temperature",53.6115,-106.4952,"positive",NA,NA,FALSE,NA,NA,FALSE,NA,NA,FALSE,NA,NA,FALSE,2
"lcRPl3DzcrmuXfMZPdL","ZoigeBasin.Zhao.2011","Peat","temperature",33.45,102.6333,"positive",NA,NA,FALSE,NA,NA,FALSE,NA,NA,FALSE,NA,NA,FALSE,2
"lcRqkEOjnIxUivVAVzD","Valdeyernosbog.DoradoValino.2014","Peat","temperature",39.4411,-4.0964,"positive",NA,NA,FALSE,NA,NA,FALSE,NA,NA,FALSE,NA,NA,FALSE,4
"lcRQN1HTzRhJbpngy6G","TuskegeePond.Steventon.1983","LakeSediment","temperature",35.5847,-84.2106,"positive",NA,NA,FALSE,NA,NA,FALSE,NA,NA,FALSE,NA,NA,FALSE,2
"lcRqN3jJcvhEJoVRlh7","WarePond.Oswald.2018","LakeSediment","temperature",42.4824,-70.8822,"positive",NA,NA,FALSE,NA,NA,FALSE,NA,NA,FALSE,NA,NA,FALSE,2
"lcRqrM7YKwWCs0lt4kU","NovoUspenka.Blyakharchuk.1989","Peat","temperature",56.6167,84.1667,"positive",NA,NA,FALSE,NA,NA,FALSE,NA,NA,FALSE,NA,NA,FALSE,1
"lcRQuck8KYYo9yxfO1e","Litzelsee.Rosch.2016","LakeSediment","temperature",47.7679,8.9296,"positive",NA,NA,FALSE,NA,NA,FALSE,NA,NA,FALSE,NA,NA,FALSE,5
"lcRqXRJps0N46pwFQrW","EinGedi.Litt.2012","MarineSediment","temperature",31.4189,35.3883,"positive",NA,NA,FALSE,NA,NA,FALSE,NA,NA,FALSE,NA,NA,FALSE,1
"lcRR05QblzbZTjMF6WG","MaraisdeMazerolles.Ouguerram.2002","Peat","temperature",47.3581,-1.4786,"positive",NA,NA,FALSE,NA,NA,FALSE,NA,NA,FALSE,NA,NA,FALSE,3
"lcRRdpJsmxp9JmCSaCc","ChesapeakeBayMD992209.Willard.2005","MarineSediment","temperature",38.8861,-76.3944,"positive",NA,NA,FALSE,NA,NA,FALSE,NA,NA,FALSE,NA,NA,FALSE,2
"lcRrNI9WV0Di5YuLM42","ArroyodeValdeconejos.MoralesMolino.2017","Peat","temperature",40.861,-4.061,"positive",NA,NA,FALSE,NA,NA,FALSE,NA,NA,FALSE,NA,NA,FALSE,6
"lcRrQd2RCUXvcVkMNt5","Fougeres.CletPellerin.1993","Peat","temperature",48.5167,-0.8333,"positive",NA,NA,FALSE,NA,NA,FALSE,NA,NA,FALSE,NA,NA,FALSE,8
"lcRRuckupPnKAAoWdwA","Zhoulao.Gu.2004","LakeSediment","temperature",29.8167,112.8833,"positive",NA,NA,FALSE,NA,NA,FALSE,NA,NA,FALSE,NA,NA,FALSE,0
"lcRsEU7CLf3lslRBTkM","Diheen.author.1111","LakeSediment","temperature",52.3695,-8.1707,"positive",NA,NA,FALSE,NA,NA,FALSE,NA,NA,FALSE,NA,NA,FALSE,1
"lcRSQeShsWJp2rp4Y0x","LittleMirrorLake.Fuller.1998","LakeSediment","temperature",42.5244,-71.6085,"positive",NA,NA,FALSE,NA,NA,FALSE,NA,NA,FALSE,NA,NA,FALSE,3
"lcRsV75FSReTV83pH5Z","Verkhnee.Beer.2008","LakeSediment","temperature",41.3091,72.9576,"positive",NA,NA,FALSE,NA,NA,FALSE,NA,NA,FALSE,NA,NA,FALSE,1
"lcRSyfunCjqP6OonP5X","Changeon.Cyprien.2001","FluvialSediment","temperature",47.2761,0.1319,"positive",NA,NA,FALSE,NA,NA,FALSE,NA,NA,FALSE,NA,NA,FALSE,3
"lcRsyg1ULpVHuVB884V","SaintMichelenBrenne.McGhee.1975","Other","temperature",46.8094,1.1639,"positive",NA,NA,FALSE,NA,NA,FALSE,NA,NA,FALSE,NA,NA,FALSE,3
"lcRtlRevPyBxvGlN5qx","Ortok.Beer.2008","LakeSediment","temperature",41.2456,73.2645,"positive",NA,NA,FALSE,NA,NA,FALSE,NA,NA,FALSE,NA,NA,FALSE,1
"lcRtPHhiQRui6RwygUt","FerryLake.Hotchkiss.2007","LakeSediment","temperature",46.013,-92.125,"positive",NA,NA,FALSE,NA,NA,FALSE,NA,NA,FALSE,NA,NA,FALSE,1
"lcRTSBwLOnlwQELKa7a","AsiGonia.Atherden.1999","Peat","temperature",35.2489,24.2782,"positive",NA,NA,FALSE,NA,NA,FALSE,NA,NA,FALSE,NA,NA,FALSE,5
"lcRUdRAHY0QjyVRsYcm","HicksLake.Hupy.2012","LakeSediment","temperature",44.0228,-85.2833,"positive",NA,NA,FALSE,NA,NA,FALSE,NA,NA,FALSE,NA,NA,FALSE,5
"lcRuF0iH5KU9Di3uSg9","AnthonyLake.Long.2019","LakeSediment","temperature",44.9597,-118.2314,"positive",NA,NA,FALSE,NA,NA,FALSE,NA,NA,FALSE,NA,NA,FALSE,0
"lcRUhwWhCpalwTTdGYC","DeepFalmouthPond.Oswald.2018","LakeSediment","temperature",41.564,-70.6357,"positive",NA,NA,FALSE,NA,NA,FALSE,NA,NA,FALSE,NA,NA,FALSE,4
"lcRVcIOIY0GJtCc1Gac","LakeNuochaga.Andreev.1989","LakeSediment","temperature",61.3006,129.5558,"positive",NA,NA,FALSE,NA,NA,FALSE,NA,NA,FALSE,NA,NA,FALSE,0
"lcRVdGR6FmOIjBSD2ML","Culazon.LopezSaez.2013","Peat","temperature",43.2328,-4.4892,"positive",NA,NA,FALSE,NA,NA,FALSE,NA,NA,FALSE,NA,NA,FALSE,8
"lcRVJQLGBiFe9Wcy6YY","LilyLake.UmbanhowarJr.2004","LakeSediment","temperature",44.1929,-93.6398,"positive",NA,NA,FALSE,NA,NA,FALSE,NA,NA,FALSE,NA,NA,FALSE,5
"lcRvtxdbMZhFE0pJ5n2","OgacLake.Doner.2001","LakeSediment","temperature",62.8455,-67.3415,"positive",NA,NA,FALSE,NA,NA,FALSE,NA,NA,FALSE,NA,NA,FALSE,2
"lcRVuWMASPSGYjP9VI6","LAnseauxMeadowsSite.Davis.1988","Peat","temperature",51.5733,-55.55,"positive",NA,NA,FALSE,NA,NA,FALSE,NA,NA,FALSE,NA,NA,FALSE,2
"lcRw0weQe8R8dzoxBIk","ChesapeakeBayPotomacRiver.Willard.2003","FluvialSediment","temperature",38.0269,-76.22,"positive",NA,NA,FALSE,NA,NA,FALSE,NA,NA,FALSE,NA,NA,FALSE,4
"lcRw5ZUlPjjR3IUL4EP","LakeBillyakh.Muller.2009","LakeSediment","temperature",65.2891,126.7699,"positive",NA,NA,FALSE,NA,NA,FALSE,NA,NA,FALSE,NA,NA,FALSE,0
"lcRWDTAG0myQBlebbV1","LagodiVenere.Calo.2013","LakeSediment","temperature",36.8169,11.987,"positive",NA,NA,FALSE,NA,NA,FALSE,NA,NA,FALSE,NA,NA,FALSE,2
"lcRWeU9Rn0RJk30YG48","Kirkkosaari.Rankama.1988","Peat","temperature",60.8577,24.4906,"positive",NA,NA,FALSE,NA,NA,FALSE,NA,NA,FALSE,NA,NA,FALSE,2
"lcRwmahVM5ioB7mNypO","FreshPond.Parshall.2002","LakeSediment","temperature",41.5941,-70.5328,"positive",NA,NA,FALSE,NA,NA,FALSE,NA,NA,FALSE,NA,NA,FALSE,3
"lcRx4dCnUq2nkmqYouZ","Iaz.Grindean.2014","Peat","temperature",47.1083,22.6611,"positive",NA,NA,FALSE,NA,NA,FALSE,NA,NA,FALSE,NA,NA,FALSE,2
"lcRx68DE4Npgy8udK5h","UpperSquawLake.Colombaroli.2010","LakeSediment","temperature",42.0321,-123.0149,"positive",NA,NA,FALSE,NA,NA,FALSE,NA,NA,FALSE,NA,NA,FALSE,2
"lcRxOXDdmxmf6XSYetM","CenoteSanJoseChulchaca.Leyden.1996","LakeSediment","temperature",20.8667,-90.1333,"positive",NA,NA,FALSE,NA,NA,FALSE,NA,NA,FALSE,NA,NA,FALSE,2
"lcRXq2SGj4V3APUczE0","OverGunnarsfjorden.Allen.2007","LakeSediment","temperature",71.0381,28.1691,"positive",NA,NA,FALSE,NA,NA,FALSE,NA,NA,FALSE,NA,NA,FALSE,1
"lcRxsUYqaSobvgNrGNK","WawonaMeadow.Anderson.2013","Peat","temperature",37.5286,-119.6454,"positive",NA,NA,FALSE,NA,NA,FALSE,NA,NA,FALSE,NA,NA,FALSE,4
"lcRY7Hz1GgA2UqzJFC3","MudCreekSite1.Willard.1997","Peat","temperature",25.2197,-80.6047,"positive",NA,NA,FALSE,NA,NA,FALSE,NA,NA,FALSE,NA,NA,FALSE,3
"lcRYLwdGqJTHgAsTb10","LagunaBiajaca.CastillaBeltran.2018","FluvialSediment","temperature",19.5909,-71.0865,"positive",NA,NA,FALSE,NA,NA,FALSE,NA,NA,FALSE,NA,NA,FALSE,3
"lcRyNX3hmIhWMIf8YOj","PiermontMarsh.Pederson.2005","Peat","temperature",41.0276,-73.9084,"positive",NA,NA,FALSE,NA,NA,FALSE,NA,NA,FALSE,NA,NA,FALSE,6
"lcRyOpcW4lpGwzug6cx","ChesapeakeBayPTMC32.Willard.2005","MarineSediment","temperature",38.0267,-76.2197,"positive",NA,NA,FALSE,NA,NA,FALSE,NA,NA,FALSE,NA,NA,FALSE,3
"lcRyRxuYzfSg1Gfp2xf","MaksimkinYar.Blyakharchuk.1980","Peat","temperature",58.6952,86.7855,"positive",NA,NA,FALSE,NA,NA,FALSE,NA,NA,FALSE,NA,NA,FALSE,0
"lcRySC9kE0LDMTd99yQ","GrandMez.McGhee.1975","LakeSediment","temperature",46.7461,1.4425,"positive",NA,NA,FALSE,NA,NA,FALSE,NA,NA,FALSE,NA,NA,FALSE,1
"lcRZ2olGsAHiQB8MqFK","SonnenbergerMoor.Willutzki.1962","Peat","temperature",51.7663,10.5135,"positive",NA,NA,FALSE,NA,NA,FALSE,NA,NA,FALSE,NA,NA,FALSE,1
"lcRzaeEZdZMOeoSEay5","OumiExposure.Anderson.2002","Peat","temperature",48.2167,138.4,"positive",NA,NA,FALSE,NA,NA,FALSE,NA,NA,FALSE,NA,NA,FALSE,0
"lcRzEH0LIHAml6iSe09","KettleLake.Brown.2005","LakeSediment","temperature",48.6071,-103.624,"positive",NA,NA,FALSE,NA,NA,FALSE,NA,NA,FALSE,NA,NA,FALSE,7
"lcRzmMMVCrMmfboidQf","Loddigsee.Jahns.2007","LakeSediment","temperature",53.4333,11.85,"positive",NA,NA,FALSE,NA,NA,FALSE,NA,NA,FALSE,NA,NA,FALSE,4
"LPD016ef221_iso2k","MS07JRGM","MarineSediment","temperature",27.2,-91.42,"positive",NA,NA,FALSE,NA,NA,FALSE,NA,NA,FALSE,NA,NA,FALSE,7
"LPD07ea24cb","BighornBasin.Shuman.2012","LakeSediment","temperature",44.285,-108.635,"positive",NA,NA,FALSE,NA,NA,FALSE,NA,NA,FALSE,NA,NA,FALSE,2
"LPD0e0867fe","Ocn-AlboranSea436B.Nieto-Moreno.2013","MarineSediment","temperature",36.2053,-4.3133,"positive",NA,NA,FALSE,NA,NA,FALSE,NA,NA,FALSE,NA,NA,FALSE,3
"LPD0fe90f66","JPC76.Friddell.2002","MarineSediment","d18O",34.27,-120.07,"negative",NA,NA,FALSE,NA,NA,FALSE,NA,NA,FALSE,NA,NA,FALSE,0
"LPD10e9f8f7","Ocn-MinorcaContourite.Moreno.2012","MarineSediment","temperature",40.5,4.03,"positive",NA,NA,FALSE,NA,NA,FALSE,NA,NA,FALSE,NA,NA,FALSE,3
"LPD13a78f9b","Ocn-EasternTropicalNorthAtlantic.Kuhnert.2011","MarineSediment","temperature",16.8402,-16.7327,"positive",NA,NA,FALSE,NA,NA,FALSE,NA,NA,FALSE,NA,NA,FALSE,15
"LPD13ec3942","P178-15P.Tierney.2015","MarineSediment","temperature",11.955,44.3,"positive",NA,NA,FALSE,NA,NA,FALSE,NA,NA,FALSE,NA,NA,FALSE,1
"LPD1a0245b7","Ocn-Philippines.Stott.2007","MarineSediment","temperature",6.3,125.82,"positive",NA,NA,FALSE,NA,NA,FALSE,NA,NA,FALSE,NA,NA,FALSE,8
"LPD24dd89b2","Ocn-ImperieuseRowleyShoals.Cooper.2012","Coral","composite",-17.5167,118.9667,"positive",0.233962270566301,0.249995576585347,FALSE,0.233962270566301,0.610175123750564,FALSE,0.221378304588956,0.277102248062183,FALSE,0.221378304588956,0.588848821755513,FALSE,26
"LPD257214a7accr","IC00SC29","GlacierIce","accumulation",76.0039,-43.492,"positive",-0.0429616543176315,0.810624381385401,FALSE,-0.0429616543176315,0.94093772850949,FALSE,-0.0198376559067594,0.910216900970746,FALSE,-0.0198376559067594,0.969730125112167,FALSE,75
"LPD28794972dp_SST_from_d18O2","893A.Kennet.2007","MarineSediment","temperature",34.2875,-120.036,"positive",NA,NA,FALSE,NA,NA,FALSE,NA,NA,FALSE,NA,NA,FALSE,3
"LPD2a3997a7","Ocn-WesternAntarcticPeninsula.Shevenell.2011","MarineSediment","temperature",-64.87,-64.2,"positive",NA,NA,FALSE,NA,NA,FALSE,NA,NA,FALSE,NA,NA,FALSE,1
"LPD30c5b95c","Ocn-MD98-2177.Newton.2010","MarineSediment","temperature",1.4033,119.078,"positive",NA,NA,FALSE,NA,NA,FALSE,NA,NA,FALSE,NA,NA,FALSE,4
"LPD3100fe0a","Ocn-CoralBayNingaloo.Cooper.2012","Coral","composite",-23.0333,113.8167,"positive",0.21128057057406,0.300157958225334,FALSE,0.21128057057406,0.652067288558483,FALSE,0.19371657920129,0.343023090167039,FALSE,0.19371657920129,0.659302007202411,FALSE,26
"LPD315357f3","GISP2.Kobashi.2017","GlacierIce","temperature",72.6,-38.5,"positive",0.133952807443924,0.395205853626264,FALSE,0.133952807443924,0.709165599115086,FALSE,-0.0972269201549535,0.523649898088386,FALSE,-0.0972269201549535,0.799256597875253,FALSE,76
"LPD335d863f","Aus-DuckholeLake.Saunders.2013","LakeSediment","RABD660670",-43.3646,146.8749,"negative",-0.0223064324289894,0.906899048805482,FALSE,-0.0223064324289894,0.972044916205497,FALSE,-0.0143339838588295,0.940085667125303,FALSE,-0.0143339838588295,0.969730125112167,FALSE,69
"LPD33b45b88","Chatsworth.Shuman.2016","Peat","temperature",40.68,-88.34,"positive",NA,NA,FALSE,NA,NA,FALSE,NA,NA,FALSE,NA,NA,FALSE,0
"LPD378db911","Ocn-HoutmanAbrolhosIslands.Cooper.2012","Coral","composite",-28.4667,113.7667,"positive",-0.0712548755041039,0.733394153348295,FALSE,-0.0712548755041039,0.922441030059546,FALSE,-0.106941063672067,0.610537363188247,FALSE,-0.106941063672067,0.840316015787312,FALSE,26
"LPD3eabac7b1","IC16WE22","GlacierIce","accumulation",79.3414,-45.9116,"positive",-0.108175509781148,0.528557086810875,FALSE,-0.108175509781148,0.803215131292784,FALSE,-0.0194407737113985,0.90745824054352,FALSE,-0.0194407737113985,0.969730125112167,FALSE,73
"LPD44b374e7","Ocn-SouthChinaSea.Zhao.2006","MarineSediment","temperature",8.73,109.869,"positive",NA,NA,FALSE,NA,NA,FALSE,NA,NA,FALSE,NA,NA,FALSE,0
"LPD47182517","Ocn-FeniDrift.Richter.2009","MarineSediment","temperature",55.5,-13.9,"positive",NA,NA,FALSE,NA,NA,FALSE,NA,NA,FALSE,NA,NA,FALSE,5
"LPD4c60df181","IC16WE19","GlacierIce","accumulation",78.0006,-36.3978,"positive",-0.0356356985793165,0.841613526878151,FALSE,-0.0356356985793165,0.952484769939943,FALSE,0.011703987553246,0.94668206405219,FALSE,0.011703987553246,0.970648698585156,FALSE,76
"LPD53e179ad","Afr-P178-15P.Tierney.2015","MarineSediment","temperature",11.955,44.3,"positive",NA,NA,FALSE,NA,NA,FALSE,NA,NA,FALSE,NA,NA,FALSE,4
"LPD55779927accr","IC16WE27","GlacierIce","accumulation",76.6594,-46.4837,"positive",-0.0646057135876178,0.706570608183121,FALSE,-0.0646057135876178,0.910512579181431,FALSE,0.0332117252416202,0.842457363518512,FALSE,0.0332117252416202,0.936614362970581,FALSE,73
"LPD572f7cc3","Ocn-PigmyBasin.Richey.2015","MarineSediment","temperature",27.2,-91.42,"positive",NA,NA,FALSE,NA,NA,FALSE,NA,NA,FALSE,NA,NA,FALSE,5
"LPD57d40973","Ocn-FiskBasin.Richey.2009","MarineSediment","temperature",27.55,-93.93,"positive",NA,NA,FALSE,NA,NA,FALSE,NA,NA,FALSE,NA,NA,FALSE,4
"LPD6315f935","Ocn-JacafFjord.Sepulveda.2009","MarineSediment","temperature",-44.33,-72.97,"positive",NA,NA,FALSE,NA,NA,FALSE,NA,NA,FALSE,NA,NA,FALSE,0
"LPD66bfd9f9accr","IC16WE23","GlacierIce","accumulation",78,-44,"positive",-0.0538506228844665,0.763833773214732,FALSE,-0.0538506228844665,0.923440830304378,FALSE,-0.0336960970170238,0.847511253141814,FALSE,-0.0336960970170238,0.940389198691602,FALSE,75
"LPD68872399","Ocn-EmeraldBasin.Keigwin.2007","MarineSediment","temperature",43.53,-62.48,"positive",NA,NA,FALSE,NA,NA,FALSE,NA,NA,FALSE,NA,NA,FALSE,0
"LPD6e4ccc39","DevilsLake.Shuman.2016","LakeSediment","temperature",43.42,-89.73,"positive",NA,NA,FALSE,NA,NA,FALSE,NA,NA,FALSE,NA,NA,FALSE,2
"LPD6e872195","MD99-2256.Jennings.2015","MarineSediment","temperature",64.3032,-24.2067,"positive",NA,NA,FALSE,NA,NA,FALSE,NA,NA,FALSE,NA,NA,FALSE,0
"LPD716b88d0_iso2k","MS07SWGG","MarineSediment","temperature",2.5,9.38,"positive",NA,NA,FALSE,NA,NA,FALSE,NA,NA,FALSE,NA,NA,FALSE,2
"LPD779b21dc","BloodPond.Marsicek.2013","LakeSediment","temperature",42.08,-71.96,"positive",NA,NA,FALSE,NA,NA,FALSE,NA,NA,FALSE,NA,NA,FALSE,2
"LPD78d0b77c","GISP2.Kobashi.2012","GlacierIce","temperature",70.6,-38.5,"positive",0.108524268680275,0.487567714581544,FALSE,0.108524268680275,0.778734913148551,FALSE,-0.0312238863859546,0.83614656552911,FALSE,-0.0312238863859546,0.934436947157574,FALSE,76
"LPD7abab671","Ant-DSS.DahlJensen.1999","Borehole","temperature",-66.77,112.807,"positive",NA,NA,FALSE,NA,NA,FALSE,NA,NA,FALSE,NA,NA,FALSE,0
"LPD7abab671-dup","LawDome.Dahl-Jensen.1999","GlacierIce","temperature",-66.7697,112.8069,"positive",NA,NA,FALSE,NA,NA,FALSE,NA,NA,FALSE,NA,NA,FALSE,0
"LPD7c7e19c5","Ocn-GreatBahamaBank.Lund.2006","MarineSediment","temperature",24.765,-79.29,"positive",NA,NA,FALSE,NA,NA,FALSE,NA,NA,FALSE,NA,NA,FALSE,1
"LPD7de8d7c5","GeoB12610-2.Rippert.2015","MarineSediment","temperature",-4.8167,39.4237,"positive",NA,NA,FALSE,NA,NA,FALSE,NA,NA,FALSE,NA,NA,FALSE,0
"LPD7e8e8eaa","Ocn-MD98-2160.Newton.2010","MarineSediment","temperature",-5.2012,117.4867,"positive",NA,NA,FALSE,NA,NA,FALSE,NA,NA,FALSE,NA,NA,FALSE,0
"LPD81e53153","Afr-P178-15P.Tierney.2015","MarineSediment","temperature",11.955,44.3,"positive",NA,NA,FALSE,NA,NA,FALSE,NA,NA,FALSE,NA,NA,FALSE,6
"LPD84ab67b9","Ocn-CapeGhir.McGregor.2007","MarineSediment","temperature",30.845,-10.0983,"positive",NA,NA,FALSE,NA,NA,FALSE,NA,NA,FALSE,NA,NA,FALSE,16
"LPD8bd4e07e","Ocn-TantabiddiReefNingaloo.Cooper.2012","Coral","composite",-21.9,113.9667,"positive",-0.0299472906897994,0.886187408330254,FALSE,-0.0299472906897994,0.960996019062216,FALSE,-0.00663355165613883,0.974800052352838,FALSE,-0.00663355165613883,0.986974280340081,FALSE,26
"LPD8d84bf64","GreatBasin.Salzer.2014","Wood","temperature",38,-116.5,"positive",-0.267942631164982,0.118879191826308,FALSE,-0.267942631164982,0.40121727241379,FALSE,0.15026457570831,0.297483809693308,FALSE,0.15026457570831,0.611372316697243,FALSE,76
"LPD94e74028cc","Leviathan.Lachniet.2014","Speleothem","d18O",37.89,-115.58,"positive",NA,NA,FALSE,NA,NA,FALSE,NA,NA,FALSE,NA,NA,FALSE,15
"LPD995c6f3c","Ocn-WestSpitzberg.Bonnet.2010","MarineSediment","temperature",78.96,5.885,"positive",NA,NA,FALSE,NA,NA,FALSE,NA,NA,FALSE,NA,NA,FALSE,4
"LPD9bb7b0312","HighLake.Shuman.2016","LakeSediment","temperature",44.52,-76.6,"positive",NA,NA,FALSE,NA,NA,FALSE,NA,NA,FALSE,NA,NA,FALSE,2
"LPD9cc3baf6","Turkana.Berke.2012","LakeSediment","temperature",2.7125,36.537,"positive",NA,NA,FALSE,NA,NA,FALSE,NA,NA,FALSE,NA,NA,FALSE,0
"LPD9cc3baf6-dup","Ocn-GulfofGuinea.Weldeab.2007","MarineSediment","temperature",2.5,9.38,"positive",NA,NA,FALSE,NA,NA,FALSE,NA,NA,FALSE,NA,NA,FALSE,0
"LPDa03ec713","Ocn-CH07-98-MC-22.Saenger.2011","MarineSediment","temperature",32.784,-76.276,"positive",NA,NA,FALSE,NA,NA,FALSE,NA,NA,FALSE,NA,NA,FALSE,1
"LPDa0c5bf8a","MSM055_712-2.Werner.2015","MarineSediment","temperature",78.9157,6.7672,"positive",NA,NA,FALSE,NA,NA,FALSE,NA,NA,FALSE,NA,NA,FALSE,0
"LPDa2107e77","Ocn-KNR140‐2‐59GGC.Saenger.2011","MarineSediment","temperature",32.977,-76.316,"positive",NA,NA,FALSE,NA,NA,FALSE,NA,NA,FALSE,NA,NA,FALSE,1
"LPDa4fe7b7faccr","IC16WE30","GlacierIce","accumulation",75.0016,-42.0004,"positive",-0.0319189785982062,0.858927035699564,FALSE,-0.0319189785982062,0.960996019062216,FALSE,-0.00523753244117828,0.976309193503523,FALSE,-0.00523753244117828,0.986974280340081,FALSE,75
"LPDa77273bb","Ocn-SouthAtlanticWestAfrica.Leduc.2010","MarineSediment","temperature",-29.14,16.72,"positive",NA,NA,FALSE,NA,NA,FALSE,NA,NA,FALSE,NA,NA,FALSE,4
"LPDaa786707","Ocn-BundegireefNingaloo.Cooper.2012","Coral","composite",-21.8333,114.1833,"positive",0.0324438857464002,0.874979328693304,FALSE,0.0324438857464002,0.960996019062216,FALSE,0.0255928390835247,0.901235849909692,FALSE,0.0255928390835247,0.969730125112167,FALSE,26
"LPDaf84af37","Deep.Shuman.2016","LakeSediment","temperature",41.74,-69.99,"positive",NA,NA,FALSE,NA,NA,FALSE,NA,NA,FALSE,NA,NA,FALSE,2
"LPDasan2012","Ocn-AlboranSea384B.Nieto-Moreno.2013","MarineSediment","temperature",35.986,-4.7496,"positive",NA,NA,FALSE,NA,NA,FALSE,NA,NA,FALSE,NA,NA,FALSE,1
"LPDb17a5e9e","GreatBasin.Salzer.2014","Wood","uncertaintyLow",38,-116.5,NA,-0.26819316258047,0.118519179120366,FALSE,-0.26819316258047,0.40121727241379,FALSE,0.149691563087396,0.299349357247322,FALSE,0.149691563087396,0.612747601296864,FALSE,76
"LPDb17a5e9e-dup","Ocn-RAPiD-12-1K.Thornalley.2009","MarineSediment","temperature",62.08,-17.82,"positive",NA,NA,FALSE,NA,NA,FALSE,NA,NA,FALSE,NA,NA,FALSE,0
"LPDb676e71d","KaiteCobreMayor.MartinChivelet.2011","Speleothem","temperature",42.7918,-3.8496,"positive",-0.0848679192911259,0.633210185490404,FALSE,-0.0848679192911259,0.867222645345553,FALSE,-0.0225737785369258,0.899162663449249,FALSE,-0.0225737785369258,0.969730125112167,FALSE,34
"LPDb7290ea4_iso2k","MS09TRFD","MarineSediment","temperature",55.5,-13.9,"positive",NA,NA,FALSE,NA,NA,FALSE,NA,NA,FALSE,NA,NA,FALSE,5
"LPDb7ba9166","Ocn-TagusMudPatch.Abrantes.2005","MarineSediment","temperature",38.556,-9.3498,"positive",0.0935497885611992,0.616681670779204,FALSE,0.0935497885611992,0.856370789551415,FALSE,0.109493739929186,0.557640124684324,FALSE,0.109493739929186,0.809061934676416,FALSE,31
"LPDb9285123","Ant-WAIS-Divide.Severinghaus.2012","Borehole","temperature",-79.463,-112.125,"positive",NA,NA,FALSE,NA,NA,FALSE,NA,NA,FALSE,NA,NA,FALSE,0
"LPDbd07f717","Ocn-ODP984.Came.2007","MarineSediment","temperature",61.43,-24.085,"positive",NA,NA,FALSE,NA,NA,FALSE,NA,NA,FALSE,NA,NA,FALSE,0
"LPDc9f78438dp","Core17940","MarineSediment","temperature",20.1,117.4,"positive",NA,NA,FALSE,NA,NA,FALSE,NA,NA,FALSE,NA,NA,FALSE,0
"LPDcda1c277","Ocn-CariacoBasin.Lea.2003","MarineSediment","temperature",10.7,-64.94,"positive",NA,NA,FALSE,NA,NA,FALSE,NA,NA,FALSE,NA,NA,FALSE,0
"LPDce0e7640","P178-15P.Tierney.2015","MarineSediment","temperature",11.955,44.3,"positive",NA,NA,FALSE,NA,NA,FALSE,NA,NA,FALSE,NA,NA,FALSE,1
"LPDd23545f9","TTR-12_293G.Rodrigo-Gamiz.2014","MarineSediment","temperature",36.1736,-2.7547,"positive",NA,NA,FALSE,NA,NA,FALSE,NA,NA,FALSE,NA,NA,FALSE,1
"LPDd2a984fe","AMP112.vanderBilt.2016","LakeSediment","temperature",79.77,10.74,"positive",NA,NA,FALSE,NA,NA,FALSE,NA,NA,FALSE,NA,NA,FALSE,0
"LPDd2e3a924","TTR-12_293G.Rodrigo-Gamiz.2014","MarineSediment","temperature",36.1736,-2.7547,"positive",NA,NA,FALSE,NA,NA,FALSE,NA,NA,FALSE,NA,NA,FALSE,1
"LPDdc74a376","Asi-SihailongwaLake.Chu.2011","LakeSediment","temperature",42.17,126.36,"positive",NA,NA,FALSE,NA,NA,FALSE,NA,NA,FALSE,NA,NA,FALSE,8
"LPDe1fb72db-dup","Ocn-ClerkeReefRowleyShoals.Cooper.2012","Coral","composite",-17.2667,119.3667,"positive",-0.183518011300282,0.369507891881509,FALSE,-0.183518011300282,0.680230437327323,FALSE,-0.291869377300451,0.14795987736331,FALSE,-0.291869377300451,0.430221797256394,FALSE,26
"LPDe1fb72db-dup_lev","Leviathan.Lachniet.2014","Speleothem","d18O",37.89,-115.58,"positive",NA,NA,FALSE,NA,NA,FALSE,NA,NA,FALSE,NA,NA,FALSE,2
"LPDe51d17e8","Ocn-CariacoBasin.Black.2007","MarineSediment","temperature",10.77,-64.77,"positive",0.209047903104294,0.220565532750276,FALSE,0.209047903104294,0.561449746202355,FALSE,0.217093738116574,0.166558846247136,FALSE,0.217093738116574,0.450424102513481,FALSE,50
"LPDefb3d2b0","Ocn-GreatBahamaBank.Richter.2006","MarineSediment","temperature",24.58,-79.26,"positive",NA,NA,FALSE,NA,NA,FALSE,NA,NA,FALSE,NA,NA,FALSE,3
"LPDf7bace53","Ocn-DryTortugas.Lund.2006","MarineSediment","temperature",24.59,-83.58,"positive",NA,NA,FALSE,NA,NA,FALSE,NA,NA,FALSE,NA,NA,FALSE,0
"LS00WODE","LS00WODE","LakeSediment","d18O",69.23,86.57,"positive",NA,NA,FALSE,NA,NA,FALSE,NA,NA,FALSE,NA,NA,FALSE,1
"LS96VOAM01","Ammersee.vonGrafenstein.1996","LakeSediment","d18O",48,11.1167,"positive",NA,NA,FALSE,NA,NA,FALSE,NA,NA,FALSE,NA,NA,FALSE,22
"LS96VOAM01_iso2k","LS96VOAM","LakeSediment","d18O",47.1,11.0166,"positive",NA,NA,FALSE,NA,NA,FALSE,NA,NA,FALSE,NA,NA,FALSE,22
"M2L2322dg93P","Cranberry.McAndrews.NA","LakeSediment","temperature",44.1,-78.1,"positive",NA,NA,FALSE,NA,NA,FALSE,NA,NA,FALSE,NA,NA,FALSE,2
"M2L7p5fn09cP","Moon.Grimm.1996","LakeSediment","temperature",46.86,-98.16,"positive",NA,NA,FALSE,NA,NA,FALSE,NA,NA,FALSE,NA,NA,FALSE,7
"M2La3lgwa79P","ClearLakeIN.Bailey.1972","LakeSediment","temperature",41.64,-86.54,"positive",NA,NA,FALSE,NA,NA,FALSE,NA,NA,FALSE,NA,NA,FALSE,4
"M2LbakiygplP","Moon.Grimm.1996","LakeSediment","temperature",46.86,-98.16,"positive",NA,NA,FALSE,NA,NA,FALSE,NA,NA,FALSE,NA,NA,FALSE,7
"M2Leb83o3ngP","DevonIslandGlacier.McAndrews.1984","LakeSediment","temperature",75.35,-82.5,"positive",NA,NA,FALSE,NA,NA,FALSE,NA,NA,FALSE,NA,NA,FALSE,1
"M2Lgb6c2jm2P","BeefPasture.Petersen.1985","LakeSediment","temperature",37.47,-108.16,"positive",NA,NA,FALSE,NA,NA,FALSE,NA,NA,FALSE,NA,NA,FALSE,2
"M2Lmj0qhtsrP","Billys.Jacobson.1975","LakeSediment","temperature",46.27,-94.55,"positive",NA,NA,FALSE,NA,NA,FALSE,NA,NA,FALSE,NA,NA,FALSE,3
"M2Ln0os2orwP","DevonIslandGlacier.McAndrews.1984","LakeSediment","temperature",75.35,-82.5,"positive",NA,NA,FALSE,NA,NA,FALSE,NA,NA,FALSE,NA,NA,FALSE,1
"M2Loy7jz53zP","Cranberry.McAndrews.NA","LakeSediment","temperature",44.1,-78.1,"positive",NA,NA,FALSE,NA,NA,FALSE,NA,NA,FALSE,NA,NA,FALSE,2
"M2Loyk9yzdgP","BeefPasture.Petersen.1985","LakeSediment","temperature",37.47,-108.16,"positive",NA,NA,FALSE,NA,NA,FALSE,NA,NA,FALSE,NA,NA,FALSE,2
"M2Lp7ovi4zuP","DevonIslandGlacier.McAndrews.1984","LakeSediment","temperature",75.35,-82.5,"positive",NA,NA,FALSE,NA,NA,FALSE,NA,NA,FALSE,NA,NA,FALSE,1
"M2Lqditl4qyP","Billys.Jacobson.1975","LakeSediment","temperature",46.27,-94.55,"positive",NA,NA,FALSE,NA,NA,FALSE,NA,NA,FALSE,NA,NA,FALSE,3
"M2Lr1vurcfcP","ClearLakeIN.Bailey.1972","LakeSediment","temperature",41.64,-86.54,"positive",NA,NA,FALSE,NA,NA,FALSE,NA,NA,FALSE,NA,NA,FALSE,4
"M2Lrb7axgd8P","BeefPasture.Petersen.1985","LakeSediment","temperature",37.47,-108.16,"positive",NA,NA,FALSE,NA,NA,FALSE,NA,NA,FALSE,NA,NA,FALSE,2
"M2Lsn8ueflfP","Billys.Jacobson.1975","LakeSediment","temperature",46.27,-94.55,"positive",NA,NA,FALSE,NA,NA,FALSE,NA,NA,FALSE,NA,NA,FALSE,3
"M2Lsys9r95jP","Moon.Grimm.1996","LakeSediment","temperature",46.86,-98.16,"positive",NA,NA,FALSE,NA,NA,FALSE,NA,NA,FALSE,NA,NA,FALSE,7
"M2Ltp1i0aflP","Cranberry.McAndrews.NA","LakeSediment","temperature",44.1,-78.1,"positive",NA,NA,FALSE,NA,NA,FALSE,NA,NA,FALSE,NA,NA,FALSE,2
"M2Lypiizu4hP","ClearLakeIN.Bailey.1972","LakeSediment","temperature",41.64,-86.54,"positive",NA,NA,FALSE,NA,NA,FALSE,NA,NA,FALSE,NA,NA,FALSE,4
"Malawi05","Afr-LakeMalawi.Powers.2011","LakeSediment","temperature",-10.0033,34.2883,"positive",NA,NA,FALSE,NA,NA,FALSE,NA,NA,FALSE,NA,NA,FALSE,2
"MS14CCBC02","MS15VIBC","MarineSediment","d18O",-32.5052,-50.2427,"positive",NA,NA,FALSE,NA,NA,FALSE,NA,NA,FALSE,NA,NA,FALSE,4
"NAm_004","NAm-CarltonRidge.Kipfmuller.2008","Wood","trsgi",46.7,-114.2,"positive",-0.0193274573628496,0.877215164030421,FALSE,-0.0193274573628496,0.960996019062216,FALSE,-0.064023060616364,0.603098945646521,FALSE,-0.064023060616364,0.840316015787312,FALSE,73
"NAm_016","NAm-FremontGlacier.Hill.0","Wood","trsgi",43,-109.6,"positive",0.187772648552097,0.136795561467365,FALSE,0.187772648552097,0.433313314815621,FALSE,0.0102454494351312,0.930778381506902,FALSE,0.0102454494351312,0.969730125112167,FALSE,76
"NAm_028","NAm-GreatBasin.Salzer.2013","Wood","trsgi",37,-116.5,"positive",-0.0638089938828201,0.614039954450668,FALSE,-0.0638089938828201,0.856370789551415,FALSE,0.127008469258331,0.285184506702956,FALSE,0.127008469258331,0.594483879781529,FALSE,76
"NAm_040","NAm-SanFrancisoPeaksUpdate.Graybill.2005","Wood","trsgi",35.3,-111.4,"positive",-0.073083361000492,0.565172248808605,FALSE,-0.073083361000492,0.830188251488288,FALSE,-0.134405739666857,0.260607851634171,FALSE,-0.134405739666857,0.578124339471417,FALSE,76
"NAm_052","NAm-SiberianOutpostView.Bunn.2010","Wood","trsgi",36.5,-118.3,"positive",-0.0873200176545227,0.493532230917801,FALSE,-0.0873200176545227,0.782632286032515,FALSE,-0.0138408018369074,0.90983936126325,FALSE,-0.0138408018369074,0.969730125112167,FALSE,76
"NAm_064","NAm-HerringAlpine.Fritts.1995","Wood","trsgi",60.4,-147.8,"positive",0.130263829268215,0.343758159026834,FALSE,0.130263829268215,0.655987176757966,FALSE,0.244328380862729,0.0573335990874164,FALSE,0.244328380862729,0.255969690413899,FALSE,67
"NAm_088","NAm-DenaliNationalPark.Schweingruber.1996","Wood","MXD",63.7,-149.6,"positive",0.111714395749249,0.368101631265823,FALSE,0.111714395749249,0.679848941132643,FALSE,0.136350596307661,0.271235310496943,FALSE,0.136350596307661,0.586986339892238,FALSE,67
"NAm_1012","NAm-LacRomanel.Schweingruber.1996","Wood","trsgi",56.2,-67.7,"positive",-0.0370079832296706,0.779809741531808,FALSE,-0.0370079832296706,0.924351402831187,FALSE,0.0565465870781146,0.652721349412943,FALSE,0.0565465870781146,0.861284769170279,FALSE,75
"NAm_1024","NAm-LacRomanel.Schweingruber.1996","Wood","MXD",56.2,-67.7,"positive",0.354060467973345,0.00213528137474955,TRUE,0.354060467973345,0.0319226009586435,TRUE,0.376004692942776,0.00102379449526643,TRUE,0.376004692942776,0.0170345917603513,TRUE,75
"NAm_1072","NAm-DonJekRiverBridge.Schweingruber.1996","Wood","MXD",61.7,-139.7,"positive",0.0566791187907267,0.659645019133773,FALSE,0.0566791187907267,0.884205025647399,FALSE,0.0428681723914465,0.729818885681497,FALSE,0.0428681723914465,0.895686814245473,FALSE,68
"NAm_1108","NAm-SmithersSkiArea.Schweingruber.1996","Wood","trsgi",54.9,-127.3,"positive",-0.0781214352733217,0.551363003482729,FALSE,-0.0781214352733217,0.820532343765636,FALSE,0.0868696094977856,0.478018968823127,FALSE,0.0868696094977856,0.759206597542614,FALSE,75
"NAm_1120","NAm-SmithersSkiArea.Schweingruber.1996","Wood","MXD",54.9,-127.3,"positive",0.253221408123905,0.0310070471310603,TRUE,0.253221408123905,0.166561768359192,FALSE,0.302922352626801,0.00880334040715874,TRUE,0.302922352626801,0.0665532534781201,TRUE,75
"NAm_1168","NAm-BellMountain.Schweingruber.1996","Wood","MXD",53.3,-120.7,"positive",0.264467928265225,0.0234790666840958,TRUE,0.264467928265225,0.141623732020025,FALSE,0.286992256935376,0.0130495553770876,TRUE,0.286992256935376,0.094860229471906,TRUE,75
"NAm_1204","NAm-SunwaptaPass.Schweingruber.1996","Wood","trsgi",52.3,-117,"positive",-0.0051995221567107,0.966114976607742,FALSE,-0.0051995221567107,0.992074882144284,FALSE,-0.0459377838306477,0.705711289746145,FALSE,-0.0459377838306477,0.891176617563617,FALSE,70
"NAm_1216","NAm-SunwaptaPass.Schweingruber.1996","Wood","MXD",52.3,-117,"positive",0.177001007578975,0.142693649312412,FALSE,0.177001007578975,0.444545599780977,FALSE,0.272477878825804,0.0224875299130567,TRUE,0.272477878825804,0.12993995874344,FALSE,70
"NAm_1240","NAm-PeytoLake.Schweingruber.1996","Wood","MXD",51.8,-116.2,"positive",0.328956239847525,0.00542705773272618,TRUE,0.328956239847525,0.0565589097769674,TRUE,0.332737888019808,0.00488633145158215,TRUE,0.332737888019808,0.0439769830642394,TRUE,70
"NAm_1312","NAm-VancouverCyprusProvincialPark.Briffa.1996","Wood","MXD",49.4,-123.1,"positive",0.149225386241841,0.257473696213487,FALSE,0.149225386241841,0.610175123750564,FALSE,0.214508403534548,0.0887430003215845,FALSE,0.214508403534548,0.324230035864012,FALSE,73
"NAm_1360","NAm-ArrowsmithMountain.Briffa.1996","Wood","MXD",49.2,-125.2,"positive",0.39313493698786,0.000911739606292288,TRUE,0.39313493698786,0.0164705934060247,TRUE,0.462475478703677,5.73318764451712e-05,TRUE,0.462475478703677,0.00135446558101717,TRUE,74
"NAm_1384","NAm-BigWhite.Parish.2000","Wood","trsgi",49.9,-118.9,"positive",-0.0901287073433439,0.514164383633721,FALSE,-0.0901287073433439,0.798715631562521,FALSE,0.07359596952339,0.558681303371926,FALSE,0.07359596952339,0.809061934676416,FALSE,73
"NAm_1396","NAm-CoppermineRiver.Jacoby.1989","Wood","trsgi",67.2,-115.9,"positive",-0.0802267534063063,0.645577946909517,FALSE,-0.0802267534063063,0.869460085267687,FALSE,-0.10344557786614,0.543752995576741,FALSE,-0.10344557786614,0.807088870397938,FALSE,37
"NAm_1408","NAm-HornbyCabin.Jacoby.1989","Wood","trsgi",64,-103.9,"positive",0.350547326639085,0.0222593187952381,TRUE,0.350547326639085,0.135710040396774,FALSE,0.174812465046941,0.256392744531905,FALSE,0.174812465046941,0.57460350256755,FALSE,44
"NAm_1420","NAm-TwistedTreeHeartrotHill.Jacoby.1989","Wood","trsgi",65,-138.3,"positive",-0.053306845176715,0.696907601541959,FALSE,-0.053306845176715,0.900456539531967,FALSE,-0.0369100665587193,0.768855782627958,FALSE,-0.0369100665587193,0.910106949373804,FALSE,68
"NAm_1432","NAm-Bonif.Schweingruber.1996","Wood","trsgi",55.3,-77.8,"positive",-0.356946361584722,0.0370911891917708,FALSE,-0.356946361584722,0.189465804249856,FALSE,-0.285697581260402,0.0788086871606717,FALSE,-0.285697581260402,0.306058394658225,FALSE,60
"NAm_1444","NAm-Bonif.Schweingruber.1996","Wood","MXD",55.3,-77.8,"positive",0.214078461976111,0.100493701955837,FALSE,0.214078461976111,0.376222687974087,FALSE,0.28224494558774,0.0288959452410793,TRUE,0.28224494558774,0.156038104301828,FALSE,60
"NAm_1468","NAm-Athabasca.Schweingruber.1996","Wood","MXD",51.4,-117.3,"positive",0.422728057225589,0.000519175855121167,TRUE,0.422728057225589,0.0105133110662036,TRUE,0.377484902524649,0.00165109856028936,TRUE,0.377484902524649,0.0228334849679041,TRUE,70
"NAm_148","NAm-EurekaSummit.Schweingruber.1996","Wood","trsgi",61.8,-147.3,"positive",0.101417715228657,0.451124186255376,FALSE,0.101417715228657,0.747916414054966,FALSE,0.0796832486768192,0.54092194048474,FALSE,0.0796832486768192,0.807088870397938,FALSE,67
"NAm_1564","NAm-MedusaBay.Buckley.2003","Wood","trsgi",56.9,-61.5,"positive",-0.168103587163593,0.171278352758691,FALSE,-0.168103587163593,0.492968659970446,FALSE,-0.126824078247976,0.280432580103365,FALSE,-0.126824078247976,0.591097668842409,FALSE,76
"NAm_1576","NAm-MeadowMountain.Wilson.2005","Wood","trsgi",50.2,-117.1,"positive",0.00861434923036754,0.947030948441371,FALSE,0.00861434923036754,0.983455215689116,FALSE,-0.0130763179588201,0.918132223850217,FALSE,-0.0130763179588201,0.969730125112167,FALSE,70
"NAm_1588","NAm-MeadowMountain.Wilson.2005","Wood","MXD",50.2,-117.1,"positive",0.326432946051142,0.00712784682830576,TRUE,0.326432946051142,0.066253920518842,TRUE,0.391811017649631,0.000935054682485688,TRUE,0.391811017649631,0.0170345917603513,TRUE,70
"NAm_160","NAm-EurekaSummit.Schweingruber.1996","Wood","MXD",61.8,-147.3,"positive",0.353124379829302,0.0034347862688536,TRUE,0.353124379829302,0.0459426708181648,TRUE,0.382014377809997,0.00142273925064593,TRUE,0.382014377809997,0.0206844398747754,TRUE,67
"NAm_1600","NAm-Ymir.Wilson.2005","Wood","trsgi",49.4,-117.2,"positive",-0.12765275525055,0.356623577438221,FALSE,-0.12765275525055,0.662969076745807,FALSE,-0.0482475460496464,0.715870996967782,FALSE,-0.0482475460496464,0.892686876532018,FALSE,73
"NAm_1636","NAm-ParkMountain.Wilson.2005","Wood","trsgi",50.6,-118.6,"positive",-0.0406354075706696,0.74673797671487,FALSE,-0.0406354075706696,0.922441030059546,FALSE,0.0344954668940314,0.77985271580103,FALSE,0.0344954668940314,0.915687095149606,FALSE,70
"NAm_1648","NAm-ParkMountain.Wilson.2005","Wood","MXD",50.6,-118.6,"positive",0.325060776780564,0.00680337561846653,TRUE,0.325060776780564,0.0656594944573112,TRUE,0.364215968437591,0.00213730194064857,TRUE,0.364215968437591,0.0269300044521719,TRUE,70
"NAm_1660","NAm-BigWhite2.Wilson.2005","Wood","trsgi",49.7,-118.9,"positive",0.0404306259814715,0.763426157376448,FALSE,0.0404306259814715,0.923440830304378,FALSE,0.114074409816823,0.377819623593984,FALSE,0.114074409816823,0.681542203488453,FALSE,73
"NAm_1672","NAm-BigWhite2.Wilson.2005","Wood","MXD",49.7,-118.9,"positive",0.347208998438016,0.00452412843806835,TRUE,0.347208998438016,0.0513036164876951,TRUE,0.389012556752558,0.00114827232070793,TRUE,0.389012556752558,0.0175964974551728,TRUE,73
"NAm_1708","NAm-CornwallHills.Wilson.2005","Wood","trsgi",50.7,-121.5,"positive",0.0530620157220894,0.662419287908736,FALSE,0.0530620157220894,0.885829566613805,FALSE,0.081796003164767,0.49236003125728,FALSE,0.081796003164767,0.771982869560354,FALSE,75
"NAm_172","NAm-SettlementPointAfognakIsland.Harlan.1998","Wood","trsgi",58.1,-152.7,"positive",0.00508382549999359,0.970106307953347,FALSE,0.00508382549999359,0.992074882144284,FALSE,-0.0205143586563638,0.878410138867148,FALSE,-0.0205143586563638,0.957804901418602,FALSE,69
"NAm_1720","NAm-CornwallHills.Wilson.2005","Wood","MXD",50.7,-121.5,"positive",0.343312786927179,0.00319582358985612,TRUE,0.343312786927179,0.0453007993862105,TRUE,0.363275078908096,0.0015268565298763,TRUE,0.363275078908096,0.0216431913109966,TRUE,75
"NAm_1744","NAm-IttyhaukBay.D'Arrigo.2011","Wood","trsgi",56,-61,"positive",-0.091586811561484,0.436288166531514,FALSE,-0.091586811561484,0.739111275456361,FALSE,-0.0995031286428446,0.397065014952152,FALSE,-0.0995031286428446,0.692725733778061,FALSE,76
"NAm_1816","NAm-EagleFecal_PtarmiganMerge.Jacoby.2011","Wood","MXD",69.5,-127.8,"positive",-0.0245667284523928,0.879806662553072,FALSE,-0.0245667284523928,0.960996019062216,FALSE,0.0174528140717025,0.913772498633863,FALSE,0.0174528140717025,0.969730125112167,FALSE,42
"NAm_1828","NAm-Manitoba.D'Arrigo.2006","Wood","trsgi",58,-94,"positive",0.0110939877490559,0.937158330787646,FALSE,0.0110939877490559,0.982991599295082,FALSE,-0.0967365156003044,0.49077410320302,FALSE,-0.0967365156003044,0.771982869560354,FALSE,53
"NAm_184","NAm-MinersWell.Wiles.2000","Wood","trsgi",60,-141.7,"positive",0.258606132081073,0.0519576281797713,FALSE,0.258606132081073,0.235047398119456,FALSE,0.431742473116404,0.000416368898822064,TRUE,0.431742473116404,0.0084314702011468,TRUE,69
"NAm_1840","NAm-Bennington.Luckman.2013","Wood","trsgi",52.7,-118.3,"positive",-0.0567000726494478,0.683116896203477,FALSE,-0.0567000726494478,0.896735094284405,FALSE,0.0800583733008976,0.54119649384033,FALSE,0.0800583733008976,0.807088870397938,FALSE,70
"NAm_1852","NAm-FrenchGlacier.Colenutt.1995","Wood","trsgi",50.8,-115.3,"positive",-0.259268746092089,0.0479912881157681,FALSE,-0.259268746092089,0.221715705378851,FALSE,-0.214358752148668,0.0936111397414769,FALSE,-0.214358752148668,0.331734476458859,FALSE,70
"NAm_1876","NAm-Landslide.Luckman.2006","Wood","trsgi",60.2,-138.5,"positive",-0.106217792055809,0.402994952468949,FALSE,-0.106217792055809,0.711832205762909,FALSE,-0.110136814616925,0.384983012913058,FALSE,-0.110136814616925,0.686009395310096,FALSE,68
"NAm_1924","NAm-BlanchardRiver.Luckman.2013","Wood","trsgi",59.9,-136.8,"positive",-0.112636379082121,0.350695833581825,FALSE,-0.112636379082121,0.660613081863438,FALSE,-0.097394053967212,0.419082666177412,FALSE,-0.097394053967212,0.70488626131196,FALSE,71
"NAm_1936","NAm-Nadahini.Luckman.2013","Wood","trsgi",59.8,-136.6,"positive",-0.0272199088228965,0.82973526538641,FALSE,-0.0272199088228965,0.94659938727182,FALSE,-0.0724007039747378,0.554232589785205,FALSE,-0.0724007039747378,0.807840304391288,FALSE,71
"NAm_196","NAm-CanyonCreek.Lloyd.2002","Wood","trsgi",63.3,-147.8,"positive",0.0657225553310373,0.635612421517888,FALSE,0.0657225553310373,0.867236137566866,FALSE,0.044303645590371,0.746104990820825,FALSE,0.044303645590371,0.897252998595565,FALSE,67
"NAm_1972","NAm-RockGlacierYukon.Kenigsberg.2013","Wood","trsgi",61.4,-128.4,"positive",0.150363612446968,0.259725294767898,FALSE,0.150363612446968,0.610175123750564,FALSE,0.0372910732993776,0.76574457863963,FALSE,0.0372910732993776,0.908789272268,FALSE,71
"NAm_1996","NAm-SnakeCreek.Kenigsberg.2013","Wood","trsgi",59.6,-133.4,"positive",0.337092333976265,0.00404512391169643,TRUE,0.337092333976265,0.0477830262069141,TRUE,0.339878173232887,0.00373290768051207,TRUE,0.339878173232887,0.0384185077550891,TRUE,71
"NAm_2008","NAm-Sugarloaf.Kenigsberg.2013","Wood","trsgi",60.1,-134.4,"positive",0.205113763371083,0.0950041944816818,FALSE,0.205113763371083,0.362939635112973,FALSE,0.209627150538987,0.0873613218972864,FALSE,0.209627150538987,0.323750781148767,FALSE,70
"NAm_2056","NAm-SunshineMeadows.Colenutt.1995","Wood","MXD",51.1,-115.8,"positive",-0.0257586179916673,0.838258463484765,FALSE,-0.0257586179916673,0.952484769939943,FALSE,0.0117488183459268,0.924843917578855,FALSE,0.0117488183459268,0.969730125112167,FALSE,70
"NAm_2068","NAm-AthabascaGlacier2.Luckman.2005","Wood","trsgi",52.2,-117.2,"positive",0.0651070841551676,0.610558455605023,FALSE,0.0651070841551676,0.856370789551415,FALSE,0.0439490517501732,0.727410007023079,FALSE,0.0439490517501732,0.894666971761574,FALSE,70
"NAm_2080","NAm-AthabascaGlacier2.Luckman.2005","Wood","MXD",52.2,-117.2,"positive",0.228385493182873,0.0572208108685973,FALSE,0.228385493182873,0.249878770439579,FALSE,0.280215201957415,0.0187977886705217,TRUE,0.280215201957415,0.117476774338248,FALSE,70
"NAm_2092","NAm-Bennington.Luckman.2001","Wood","trsgi",52.7,-118.3,"positive",-0.0119075495504779,0.928699263078824,FALSE,-0.0119075495504779,0.981745911362806,FALSE,0.00508025841869053,0.96878741784709,FALSE,0.00508025841869053,0.986180369693537,FALSE,70
"NAm_2116","NAm-BowSummit-PeytoLake.Luckman.2005","Wood","trsgi",51.7,-116.5,"positive",-0.0487044598249304,0.71352235937688,FALSE,-0.0487044598249304,0.916218726931589,FALSE,-0.0810490644406831,0.530018484658016,FALSE,-0.0810490644406831,0.799256597875253,FALSE,70
"NAm_2128","NAm-CardinalDivide.Luckman.2001","Wood","trsgi",52.9,-117.3,"positive",-0.14725561128351,0.263987969077149,FALSE,-0.14725561128351,0.614303525677279,FALSE,-0.230101346890744,0.069191763600668,FALSE,-0.230101346890744,0.28773354528661,FALSE,70
"NAm_2152","NAm-GeraldineLakes.Luckman.2001","Wood","trsgi",52.6,-117.9,"positive",-0.0430490311095611,0.738978570742872,FALSE,-0.0430490311095611,0.922441030059546,FALSE,-0.0378245375925538,0.766139809777961,FALSE,-0.0378245375925538,0.908789272268,FALSE,70
"NAm_2164","NAm-HighwoodPass.Luckman.2001","Wood","trsgi",50.6,-115,"positive",-0.00429719040961533,0.9733493993848,FALSE,-0.00429719040961533,0.992074882144284,FALSE,0.0426196717152873,0.735489001779722,FALSE,0.0426196717152873,0.897252998595565,FALSE,70
"NAm_2176","NAm-Hilda.Kavanagh.2000","Wood","trsgi",52.2,-117.2,"positive",-0.0783890667822574,0.583763312038193,FALSE,-0.0783890667822574,0.834132465068355,FALSE,0.14584118532832,0.261494791032021,FALSE,0.14584118532832,0.578124339471417,FALSE,70
"NAm_220","NAm-KobukNoatak.King.2003","Wood","trsgi",67.1,-159.6,"positive",0.134961385538257,0.425790805667974,FALSE,0.134961385538257,0.727178875945004,FALSE,0.070856508383188,0.676872472636631,FALSE,0.070856508383188,0.87422936670836,FALSE,37
"NAm_2212","NAm-Nakiska.Luckman.2001","Wood","trsgi",50.9,-115.2,"positive",-0.0181157680386527,0.885597753888283,FALSE,-0.0181157680386527,0.960996019062216,FALSE,0.0775087416890971,0.528614589739432,FALSE,0.0775087416890971,0.799256597875253,FALSE,70
"NAm_2236","NAm-PyramidMountain.Luckman.2001","Wood","trsgi",53,-118.2,"positive",-0.127333657483527,0.314200258941312,FALSE,-0.127333657483527,0.655748446021237,FALSE,-0.101563129091237,0.41685038738185,FALSE,-0.101563129091237,0.70488626131196,FALSE,70
"NAm_2260","NAm-SignalMountain.Luckman.2001","Wood","trsgi",52.9,-118,"positive",0.0437779065896074,0.752639915919203,FALSE,0.0437779065896074,0.923440830304378,FALSE,0.109075503514038,0.412518909868539,FALSE,0.109075503514038,0.702453567477442,FALSE,70
"NAm_2272","NAm-SmallRiver.Luckman.2001","Wood","trsgi",53.2,-119.5,"positive",0.112700816754901,0.440320771086238,FALSE,0.112700816754901,0.73930129244816,FALSE,0.37336214397161,0.00425034309413689,TRUE,0.37336214397161,0.0401657422395936,TRUE,70
"NAm_2308","NAm-SurpriseValley.Luckman.2001","Wood","trsgi",52.8,-117.7,"positive",0.0371189553907686,0.763305830926702,FALSE,0.0371189553907686,0.923440830304378,FALSE,0.0147808928173808,0.904007205486018,FALSE,0.0147808928173808,0.969730125112167,FALSE,70
"NAm_232","NAm-AlmondButterLower.D'Arrigo.2005","Wood","trsgi",65.2,-162.2,"positive",-0.241809738593354,0.161669037663354,FALSE,-0.241809738593354,0.479928504477077,FALSE,-0.241217966012288,0.162729512553548,FALSE,-0.241217966012288,0.44790113406729,FALSE,35
"NAm_2392","NAm-Arapahoe.Kienast.1996","Wood","MXD",40.1,-105.6,"positive",0.120147496548388,0.313295618319919,FALSE,0.120147496548388,0.655748446021237,FALSE,0.0961085598722881,0.415159486365714,FALSE,0.0961085598722881,0.704776732842395,FALSE,76
"NAm_244","NAm-AlmondButterUpper.D'Arrigo.2005","Wood","trsgi",65.2,-162.2,"positive",-0.19702102419926,0.256616873822994,FALSE,-0.19702102419926,0.610175123750564,FALSE,-0.20785160014908,0.230859537630176,FALSE,-0.20785160014908,0.558627569279205,FALSE,35
"NAm_2464","NAm-RedMountainPassSilverton.Graybill.1994","Wood","MXD",37.9,-107.7,"positive",0.262454453802555,0.0219972647607258,TRUE,0.262454453802555,0.135570099123169,FALSE,0.320851474321461,0.00471500394776529,TRUE,0.320851474321461,0.0431194715868213,TRUE,76
"NAm_2476","NAm-PikePeaks.Harlan.1996","Wood","trsgi",39.3,-105,"positive",-0.120128057934466,0.328721245615477,FALSE,-0.120128057934466,0.655748446021237,FALSE,-0.0143968003893988,0.903127565450041,FALSE,-0.0143968003893988,0.969730125112167,FALSE,76
"NAm_2488","NAm-PikePeaks.Harlan.1996","Wood","MXD",39.3,-105,"positive",0.243271125106385,0.0342120050885862,TRUE,0.243271125106385,0.181291653132975,FALSE,0.232331119231448,0.0434276229529512,TRUE,0.232331119231448,0.214117062733246,FALSE,76
"NAm_2500","NAm-CottonwoodPass.Briffa.1996","Wood","trsgi",38.7,-107.6,"positive",0.101014667357332,0.411447432484636,FALSE,0.101014667357332,0.716231099928783,FALSE,0.142021342452565,0.229030468048262,FALSE,0.142021342452565,0.558627569279205,FALSE,76
"NAm_2512","NAm-CottonwoodPass.Briffa.1996","Wood","MXD",38.7,-107.6,"positive",0.30116140163988,0.00820219171830188,TRUE,0.30116140163988,0.0738197254647169,TRUE,0.315384190049257,0.00551861697823674,TRUE,0.315384190049257,0.0474353691731596,TRUE,76
"NAm_256","NAm-BurntOver.D'Arrigo.2005","Wood","trsgi",65.2,-162.3,"positive",-0.161763116079122,0.353209358796691,FALSE,-0.161763116079122,0.662969076745807,FALSE,-0.162623401544086,0.350620585283823,FALSE,-0.162623401544086,0.663221547379757,FALSE,35
"NAm_2560","NAm-FoolCreek.Brown.2005","Wood","trsgi",39.9,-105.9,"positive",0.0303155849885099,0.807762114521758,FALSE,0.0303155849885099,0.94093772850949,FALSE,0.118490853060265,0.317395737753555,FALSE,0.118490853060265,0.627050116049706,FALSE,76
"NAm_2572","NAm-FoolCreek.Brown.2005","Wood","MXD",39.9,-105.9,"positive",0.12381078009823,0.293699690349867,FALSE,0.12381078009823,0.642964186982141,FALSE,0.231761128953458,0.0443211190881088,TRUE,0.231761128953458,0.215822982310436,FALSE,76
"NAm_2596","NAm-CameronPass.Bigler.2007","Wood","trsgi",40.6,-105.8,"positive",0.232899070871768,0.066749570549849,FALSE,0.232899070871768,0.278286812512973,FALSE,0.193862464290236,0.112349582497021,FALSE,0.193862464290236,0.358281002491761,FALSE,76
"NAm_2632","NAm-GalenaPassSawtooth.Briffa.1996","Wood","MXD",43.9,-114.7,"positive",0.349863356053534,0.00194812843705054,TRUE,0.349863356053534,0.0312080706411217,TRUE,0.280433319857096,0.0141396610533664,TRUE,0.280433319857096,0.0991517281231431,TRUE,76
"NAm_2656","NAm-SleepingDeerRoad.Hughes.2005","Wood","trsgi",44.6,-114.5,"positive",-0.116534671239744,0.344769274557097,FALSE,-0.116534671239744,0.655987176757966,FALSE,-0.00206250214909761,0.986090781546705,FALSE,-0.00206250214909761,0.994863831204594,FALSE,76
"NAm_2668","NAm-SleepingDeerRoad.Hughes.2005","Wood","MXD",44.6,-114.5,"positive",0.392012012100356,0.000847613919425567,TRUE,0.392012012100356,0.0160199030771432,TRUE,0.334610044014862,0.00367991010999921,TRUE,0.334610044014862,0.0384185077550891,TRUE,76
"NAm_2704","NAm-ElephantMountain.Conkey.1994","Wood","MXD",44.8,-70.8,"positive",0.508424621644905,2.74620273438921e-06,TRUE,0.508424621644905,0.00015233940964729,TRUE,0.526684807988204,1.02279371575306e-06,TRUE,0.526684807988204,5.27203669847261e-05,TRUE,76
"NAm_2716","NAm-LaTasajera.Biondi.2001","Wood","trsgi",31,-115.5,"positive",-0.13942900761839,0.347821945253577,FALSE,-0.13942900761839,0.65738347652926,FALSE,-0.121732966868304,0.375270200945976,FALSE,-0.121732966868304,0.681542203488453,FALSE,76
"NAm_2728","NAm-CienegadeNuestraSenoradeGuadalupe.Fule.2009","Wood","trsgi",25.1,-106.3,"positive",0.0349844343741688,0.793765472870836,FALSE,0.0349844343741688,0.933744861240175,FALSE,0.0428375486232867,0.741582395154112,FALSE,0.0428375486232867,0.897252998595565,FALSE,76
"NAm_2740","NAm-HighlandFireOutlook.Briffa.1996","Wood","trsgi",45.8,-112.5,"positive",-0.0796453146268264,0.519758356900449,FALSE,-0.0796453146268264,0.803215131292784,FALSE,-0.0123482125402203,0.918889881188779,FALSE,-0.0123482125402203,0.969730125112167,FALSE,73
"NAm_2752","NAm-HighlandFireOutlook.Briffa.1996","Wood","MXD",45.8,-112.5,"positive",0.417542232116106,0.000389400014294168,TRUE,0.417542232116106,0.00883159232419172,TRUE,0.410622281503225,0.000435176099784075,TRUE,0.410622281503225,0.00850844305439899,TRUE,73
"NAm_2776","NAm-YellowMountainRidge.King.2002","Wood","trsgi",45.3,-111.3,"positive",0.254476565685092,0.0667412873831645,FALSE,0.254476565685092,0.278286812512973,FALSE,0.165667506293477,0.210883230198501,FALSE,0.165667506293477,0.533798176439956,FALSE,73
"NAm_2788","NAm-BakerLake.Hughes.2005","Wood","trsgi",45.9,-114.3,"positive",0.0742140343834615,0.571064806618496,FALSE,0.0742140343834615,0.83237466671642,FALSE,0.056521962929958,0.658981634304629,FALSE,0.056521962929958,0.861284769170279,FALSE,73
"NAm_280","NAm-WindyRidgeAlaska.D'Arrigo.2005","Wood","trsgi",65.2,-162.2,"positive",-0.075201234820819,0.667670041302304,FALSE,-0.075201234820819,0.888659421169968,FALSE,-0.11126870239332,0.52454926694872,FALSE,-0.11126870239332,0.799256597875253,FALSE,35
"NAm_2800","NAm-BakerLake.Hughes.2005","Wood","MXD",45.9,-114.3,"positive",0.314019489079705,0.0175277896227949,TRUE,0.314019489079705,0.120219325307134,FALSE,0.252783727312588,0.0481383271866522,TRUE,0.252783727312588,0.225305484141909,FALSE,73
"NAm_2812","NAm-FlintCreekRange.Hughes.2005","Wood","trsgi",46.3,-113.2,"positive",-0.100574579523645,0.454928053094125,FALSE,-0.100574579523645,0.749837808442933,FALSE,-0.13651501187898,0.294879545989523,FALSE,-0.13651501187898,0.610206943708247,FALSE,73
"NAm_2824","NAm-Pintlers.Littell.2011","Wood","trsgi",46,-113.4,"positive",0.297660229225332,0.021382371012865,TRUE,0.297660229225332,0.133228619387851,FALSE,0.231319907973623,0.0644064701503221,FALSE,0.231319907973623,0.273731164070782,FALSE,73
"NAm_2836","NAm-PintlersTwo.Littell.2011","Wood","trsgi",46,-113.4,"positive",0.0656546076142176,0.605338549588735,FALSE,0.0656546076142176,0.855927575104271,FALSE,-0.0317688811228699,0.794313519874025,FALSE,-0.0317688811228699,0.918797392007654,FALSE,73
"NAm_2848","NAm-RoweLakes.Colenutt.2011","Wood","trsgi",49,-114,"positive",0.126189014156254,0.314054712790834,FALSE,0.126189014156254,0.655748446021237,FALSE,0.0426352560358967,0.726004514041231,FALSE,0.0426352560358967,0.894666971761574,FALSE,73
"NAm_292","NAm-NabesnaMine.Jacoby.2003","Wood","trsgi",62.4,-143.1,"positive",0.246059459913661,0.0560793023162027,FALSE,0.246059459913661,0.248413784478804,FALSE,0.245583628659072,0.0553826873129449,FALSE,0.245583628659072,0.249222092908252,FALSE,68
"NAm_3004","NAm-PearlPeak.Graybill.1994","Wood","trsgi",40.2,-115.5,"positive",0.344642597423114,0.00502289691928403,TRUE,0.344642597423114,0.0537355198723405,TRUE,0.269330760513908,0.0226879293044102,TRUE,0.269330760513908,0.12993995874344,FALSE,76
"NAm_3016","NAm-MountWashington.Graybill.1994","Wood","trsgi",38.5,-114.2,"positive",-0.022633609230482,0.858055862032014,FALSE,-0.022633609230482,0.960996019062216,FALSE,0.0271504848567146,0.820753491168022,FALSE,0.0271504848567146,0.930734458984537,FALSE,76
"NAm_304","NAm-NabesnaMine.Jacoby.2003","Wood","MXD",62.4,-143.1,"positive",0.375256200915519,0.0019814648026109,TRUE,0.375256200915519,0.0312080706411217,TRUE,0.389403986360231,0.00119349995777018,TRUE,0.389403986360231,0.0178082756856762,TRUE,68
"NAm_3100","NAm-CraterLakeNE.Briffa.2002","Wood","MXD",43,-122.2,"positive",0.438133354742271,0.00051304125224628,TRUE,0.438133354742271,0.0105133110662036,TRUE,0.346801957054482,0.00380535422512403,TRUE,0.346801957054482,0.0384185077550891,TRUE,76
"NAm_3124","NAm-BarlowPassamMtHood.Briffa.1996","Wood","MXD",45.3,-121.7,"positive",0.480747453253044,1.90189989923112e-05,TRUE,0.480747453253044,0.0005881506669548,TRUE,0.550867301631106,4.76542952838043e-07,TRUE,0.550867301631106,3.37749817823963e-05,TRUE,73
"NAm_3184","NAm-TamarackBowl.Sauchyn.2016","Wood","trsgi",49.3,-114.4,"positive",0.180814408353614,0.180580945268709,FALSE,0.180814408353614,0.497035902754166,FALSE,0.0484535358343342,0.701015993203478,FALSE,0.0484535358343342,0.889208206144009,FALSE,73
"NAm_3244","NAm-CeaderBreaks.Briffa.1996","Wood","MXD",37.6,-113.9,"positive",0.271783364981319,0.0175500719654446,TRUE,0.271783364981319,0.120219325307134,FALSE,0.215889176951055,0.0610629123529837,FALSE,0.215889176951055,0.268249620231251,FALSE,76
"NAm_3280","NAm-VicaryMine.Sauchyn.2016","Wood","trsgi",49.8,-114.5,"positive",-0.128461793997057,0.304438375382904,FALSE,-0.128461793997057,0.655748446021237,FALSE,-0.0628173860969688,0.608136197001614,FALSE,-0.0628173860969688,0.840316015787312,FALSE,73
"NAm_3352","NAm-GraniteMountain.Graumlich.2003","Wood","trsgi",47.3,-121.3,"positive",0.120614904762463,0.400729070207159,FALSE,0.120614904762463,0.711832205762909,FALSE,0.432118203343166,0.000380125436596617,TRUE,0.432118203343166,0.00828965855962622,TRUE,73
"NAm_3376","NAm-ScatterLake.Graumlich.2003","Wood","trsgi",48.3,-120.3,"positive",-0.0148765112936238,0.911444396148348,FALSE,-0.0148765112936238,0.97507353323795,FALSE,-0.0681974313437686,0.59446628368664,FALSE,-0.0681974313437686,0.839095437089086,FALSE,73
"NAm_3388","NAm-wa069.Peterson.1994","Wood","trsgi",48.7,-120.7,"positive",0.0236913952115878,0.868539583319309,FALSE,0.0236913952115878,0.960996019062216,FALSE,0.031412371456946,0.815268496057601,FALSE,0.031412371456946,0.930022531067539,FALSE,73
"NAm_3400","NAm-wa071.Peterson.1994","Wood","trsgi",48.7,-120.7,"positive",0.138272165753438,0.317816897313764,FALSE,0.138272165753438,0.655748446021237,FALSE,0.255799447693982,0.0467090016839534,TRUE,0.255799447693982,0.222554655082366,FALSE,73
"NAm_3412","NAm-HartsPassN2.Peterson.1994","Wood","trsgi",48.7,-120.7,"positive",-0.011949295901479,0.934457761052783,FALSE,-0.011949295901479,0.982991599295082,FALSE,-0.101248327905195,0.452604159866299,FALSE,-0.101248327905195,0.726987418255499,FALSE,73
"NAm_3436","NAm-MtStHelens.Briffa.1996","Wood","MXD",46.2,-122.2,"positive",0.511410846952322,8.86104759298852e-06,TRUE,0.511410846952322,0.000320229310197592,TRUE,0.552251870991757,8.10950970478602e-07,TRUE,0.552251870991757,4.59809200261367e-05,TRUE,73
"NAm_3472","NAm-ShermanCreekPass.Briffa.1996","Wood","trsgi",48.7,-118.3,"positive",0.142546790188311,0.342843288910424,FALSE,0.142546790188311,0.655987176757966,FALSE,0.143520776763307,0.316502425289826,FALSE,0.143520776763307,0.627050116049706,FALSE,73
"NAm_3484","NAm-ShermanCreekPass.Briffa.1996","Wood","MXD",48.7,-118.3,"positive",0.314333761744621,0.0136002913672782,TRUE,0.314333761744621,0.108610777538687,FALSE,0.358219570897703,0.0038194485970506,TRUE,0.358219570897703,0.0384185077550891,TRUE,73
"NAm_3520","NAm-HohLakeHigh.Peterson.1994","Wood","trsgi",47.9,-123.8,"positive",0.277168005961044,0.0175982433871113,TRUE,0.277168005961044,0.120219325307134,FALSE,0.376793877474738,0.00101706513501921,TRUE,0.376793877474738,0.0170345917603513,TRUE,73
"NAm_3556","NAm-MountAdamsLow.Peterson.1994","Wood","trsgi",46.2,-121.5,"positive",0.334875130672957,0.00706612278430565,TRUE,0.334875130672957,0.066253920518842,TRUE,0.372435506321709,0.00198396300050645,TRUE,0.372435506321709,0.0255660686656171,TRUE,73
"NAm_3604","NAm-PowderRiverPass.Briffa.1996","Wood","MXD",44.2,-107.1,"positive",0.419918189096364,0.000159218344140926,TRUE,0.419918189096364,0.00392507830990892,TRUE,0.369550009837792,0.00101838940326814,TRUE,0.369550009837792,0.0170345917603513,TRUE,76
"NAm_3616","NAm-MedicineBowPeak.Briffa.1996","Wood","trsgi",41.3,-107.7,"positive",0.242749312113322,0.0572914288485806,FALSE,0.242749312113322,0.249878770439579,FALSE,0.144602018010698,0.236088144800092,FALSE,0.144602018010698,0.564818473002752,FALSE,76
"NAm_3628","NAm-MedicineBowPeak.Briffa.1996","Wood","MXD",41.3,-107.7,"positive",0.285556172015365,0.0124031016071706,TRUE,0.285556172015365,0.101921139293706,FALSE,0.259501725897464,0.0235912971052163,TRUE,0.259501725897464,0.133762654586576,FALSE,76
"NAm_364","NAm-BigBendLake.Jacoby.2003","Wood","trsgi",61.3,-142.7,"positive",-0.105803935668901,0.43669195169372,FALSE,-0.105803935668901,0.739111275456361,FALSE,-0.156959203579467,0.229120605232348,FALSE,-0.156959203579467,0.558627569279205,FALSE,68
"NAm_3652","NAm-SylvanPassbeiCody.Briffa.1996","Wood","MXD",44.4,-110.1,"positive",0.234163440927193,0.0652215700469301,FALSE,0.234163440927193,0.278286812512973,FALSE,0.334799231811951,0.00552157736407148,TRUE,0.334799231811951,0.0474353691731596,TRUE,76
"NAm_3676","NAm-GranitePassHuntMountain.Briffa.1996","Wood","MXD",44.8,-107.9,"positive",0.474506192573312,6.90891403386321e-05,TRUE,0.474506192573312,0.00186540678914307,TRUE,0.372093623717956,0.00109700354992583,TRUE,0.372093623717956,0.0172778059113318,TRUE,76
"NAm_3688","NAm-TogwateePass.Briffa.1996","Wood","trsgi",43.7,-110.1,"positive",0.0668048482763,0.582368240509554,FALSE,0.0668048482763,0.834132465068355,FALSE,0.0374236741728172,0.755253321993734,FALSE,0.0374236741728172,0.903435935802631,FALSE,76
"NAm_3700","NAm-TogwateePass.Briffa.1996","Wood","MXD",43.7,-110.1,"positive",0.333762824962698,0.00447164702410859,TRUE,0.333762824962698,0.0513036164876951,TRUE,0.283983568601442,0.0143394033617244,TRUE,0.283983568601442,0.0991517281231431,TRUE,76
"NAm_3712","NAm-SheepTrail.Brown.2005","Wood","trsgi",41.4,-106.2,"positive",0.189087382247738,0.127988218394415,FALSE,0.189087382247738,0.417065056492144,FALSE,0.314728495520149,0.0073286299659231,TRUE,0.314728495520149,0.0577129609816444,TRUE,76
"NAm_3724","NAm-SheepTrail.Brown.2005","Wood","MXD",41.4,-106.2,"positive",0.232527646612692,0.0432455665927819,TRUE,0.232527646612692,0.204335302150895,FALSE,0.285515938816263,0.0124159840484241,TRUE,0.285515938816263,0.091426791629305,TRUE,76
"NAm_3748","NAm-WrangellsComposite.D'Arrigo.2006","Wood","MXD",62,-142,"positive",0.308864906504737,0.0121112928052997,TRUE,0.308864906504737,0.101921139293706,FALSE,0.329085629986495,0.00663769432065143,TRUE,0.329085629986495,0.0538791080514509,TRUE,68
"NAm_3760","NAm-NorthernAlaskaComposite.D'Arrigo.2006","Wood","MXD",67,-152,"positive",-0.0940328149628875,0.56384586003522,FALSE,-0.0940328149628875,0.830188251488288,FALSE,0.0142364198701728,0.9305219091742,FALSE,0.0142364198701728,0.969730125112167,FALSE,40
"NAm_3772","NAm-FirthRiver.Anchukaitis.2013","Wood","MXD",68.7,-141.6,"positive",0.161627991556917,0.285030555047858,FALSE,0.161627991556917,0.631298143406779,FALSE,0.256703234876504,0.0850475781378556,FALSE,0.256703234876504,0.32119673682534,FALSE,46
"NAm_3796","NAm-STREC.Gennaretti.2014","Wood","temperature",54.21,-71.35,"positive",-0.130876544431705,0.334910390735673,FALSE,-0.130876544431705,0.655748446021237,FALSE,-0.13605561226013,0.301312573997688,FALSE,-0.13605561226013,0.613693881486758,FALSE,76
"NAm_3798","NAm-HellsKitchenLake.Gajewski.1988","LakeSediment","temperature",46.2,-89.7,"positive",NA,NA,FALSE,NA,NA,FALSE,NA,NA,FALSE,NA,NA,FALSE,8
"NAm_3801","NAm-BasinPond.Gajewski.1988","LakeSediment","temperature",44.5,-70.1,"positive",NA,NA,FALSE,NA,NA,FALSE,NA,NA,FALSE,NA,NA,FALSE,5
"NAm_3804","NAm-ClearPond.Gajewski.1988","LakeSediment","temperature",33.8,-79,"positive",NA,NA,FALSE,NA,NA,FALSE,NA,NA,FALSE,NA,NA,FALSE,2
"NAm_3807","NAm-ConroyLake.Gajewski.1988","LakeSediment","temperature",46.3,-67.9,"positive",NA,NA,FALSE,NA,NA,FALSE,NA,NA,FALSE,NA,NA,FALSE,9
"NAm_3810","NAm-DarkLake.Gajewski.1988","LakeSediment","temperature",45.3,-91.5,"positive",NA,NA,FALSE,NA,NA,FALSE,NA,NA,FALSE,NA,NA,FALSE,6
"NAm_3816","NAm-RubyLake.Gajewski.1988","LakeSediment","temperature",45.3,-91.5,"positive",NA,NA,FALSE,NA,NA,FALSE,NA,NA,FALSE,NA,NA,FALSE,4
"NAm_3819","NAm-LittlePineLake.Gajewski.1988","LakeSediment","temperature",45.3,-91.5,"positive",NA,NA,FALSE,NA,NA,FALSE,NA,NA,FALSE,NA,NA,FALSE,5
"NAm_3851","NAm-LakeoftheClouds.Gajewski.1988","LakeSediment","temperature",48,-91,"positive",NA,NA,FALSE,NA,NA,FALSE,NA,NA,FALSE,NA,NA,FALSE,8
"NAm_3853","NAm-LacNoir.Paquette.2013","LakeSediment","temperature",45.8,-75.1,"positive",NA,NA,FALSE,NA,NA,FALSE,NA,NA,FALSE,NA,NA,FALSE,7
"NAm_3865","NAm-GreenLake.Menounos.2006","LakeSediment","thickness",50.2,-122.9,"positive",0.121437849492909,0.315383342622444,FALSE,0.121437849492909,0.655748446021237,FALSE,0.24780535125209,0.0331772604776756,TRUE,0.24780535125209,0.174180617507797,FALSE,75
"NAm_3867","NAm-LakeMina.St.Jacques.2008","LakeSediment","temperature",45.89,-95.478,"positive",NA,NA,FALSE,NA,NA,FALSE,NA,NA,FALSE,NA,NA,FALSE,13
"NAm_3868","NAm-LakeMina.St.Jacques.2008","LakeSediment","temperature",45.89,-95.478,"positive",NA,NA,FALSE,NA,NA,FALSE,NA,NA,FALSE,NA,NA,FALSE,13
"NAm_3870","NAm-OregonCaves.Ersek.2012","Speleothem","d18O",42.083,-123.416,"positive",NA,NA,FALSE,NA,NA,FALSE,NA,NA,FALSE,NA,NA,FALSE,0
"NAm_388","NAm-PrinceWilliamSound.Barclay.1999","Wood","trsgi",60.5,-148.3,"positive",0.166712787870156,0.21987487238511,FALSE,0.166712787870156,0.561449746202355,FALSE,0.185487869501378,0.169297069794825,FALSE,0.185487869501378,0.450664030862281,FALSE,67
"NAm_412","NAm-DeerMountain.Wiles.2011","Wood","trsgi",55.3,-131.6,"positive",0.36155195830678,0.00382172828335206,TRUE,0.36155195830678,0.0475584564171586,TRUE,0.36243930703671,0.00357711674797271,TRUE,0.36243930703671,0.0384185077550891,TRUE,71
"NAm_424","NAm-McGinnisTrail.Wiles.2013","Wood","trsgi",58.4,-134.6,"positive",0.241429945888425,0.066516885404147,FALSE,0.241429945888425,0.278286812512973,FALSE,0.239942606362138,0.0675095729029624,FALSE,0.239942606362138,0.283540206192442,FALSE,71
"NAm_436","NAm-SouthernAlaskacomposite.D'Arrigo.2006","Wood","trsgi",56,-132,"positive",0.260667280888301,0.0401069986272313,TRUE,0.260667280888301,0.199479545803861,FALSE,0.260020298128016,0.0406147599586617,TRUE,0.260020298128016,0.208072692173502,FALSE,71
"NAm_448","NAm-SewardComposite.D'Arrigo.2006","Wood","trsgi",65.2,-162.3,"positive",0.0559443422726519,0.751306623824396,FALSE,0.0559443422726519,0.923440830304378,FALSE,0.0126804596955671,0.942365606590483,FALSE,0.0126804596955671,0.969730125112167,FALSE,35
"NAm_460","NAm-SewardComposite.D'Arrigo.2006","Wood","MXD",65.2,-162.3,"positive",0.255453121728467,0.138581172716354,FALSE,0.255453121728467,0.436530694056515,FALSE,0.291808440880176,0.0889600649385687,FALSE,0.291808440880176,0.324230035864012,FALSE,35
"NAm_484","NAm-StarrigawanOldSitka.Kaiser.1996","Wood","trsgi",57.1,-135.4,"positive",0.0306747347572781,0.825973429639542,FALSE,0.0306747347572781,0.944207529446815,FALSE,0.113999390507844,0.3947381996142,FALSE,0.113999390507844,0.692725733778061,FALSE,71
"NAm_520","NAm-SnowBowlSanFranciscoPeak.Briffa.2002","Wood","MXD",35.4,-110.2,"positive",0.358653343443457,0.00151181869570556,TRUE,0.358653343443457,0.025211800013678,TRUE,0.327058083229987,0.00392993553755761,TRUE,0.327058083229987,0.0384185077550891,TRUE,76
"NAm_568","NAm-MtLemon.Briffa.2002","Wood","MXD",32.5,-110.8,"positive",0.153380554594233,0.190264235715141,FALSE,0.153380554594233,0.518652988704253,FALSE,0.102917856529522,0.376318633271271,FALSE,0.102917856529522,0.681542203488453,FALSE,76
"NAm_616","NAm-FlowerLake.Graybill.1995","Wood","trsgi",36.5,-118.2,"positive",-0.27072448863395,0.0304736310799108,FALSE,-0.27072448863395,0.166561768359192,FALSE,-0.133488885138069,0.263024810877906,FALSE,-0.133488885138069,0.578124339471417,FALSE,76
"NAm_628","NAm-TimberGapUpper.Graybill.1995","Wood","trsgi",36.3,-118.4,"positive",-0.335188906265905,0.00909889167480887,FALSE,-0.335188906265905,0.0806104934315098,FALSE,-0.125886543661837,0.284136730889995,FALSE,-0.125886543661837,0.594483879781529,FALSE,76
"NAm_640","NAm-CirquePeak.Graybill.1995","Wood","trsgi",36.3,-118.2,"positive",-0.302379380148512,0.0285028415878,FALSE,-0.302379380148512,0.16147790257841,FALSE,-0.120655105806146,0.338087183620334,FALSE,-0.120655105806146,0.65425062495812,FALSE,76
"NAm_664","NAm-SheepMountain.Graybill.1995","Wood","trsgi",37.2,-118.1,"positive",-0.132473142793192,0.323754035616133,FALSE,-0.132473142793192,0.655748446021237,FALSE,0.143511414720157,0.231529944939353,FALSE,0.143511414720157,0.558627569279205,FALSE,76
"NAm_760","NAm-YosemiteParkEEingang.Briffa.1996","Wood","MXD",37.8,-119.3,"positive",0.229444474865675,0.046175579277876,TRUE,0.229444474865675,0.216376474797981,FALSE,0.199195632239657,0.0845092638152133,FALSE,0.199195632239657,0.32119673682534,FALSE,76
"NAm_772","NAm-DanaPlateauInyoNationalForest.King.2000","Wood","trsgi",37.9,-119.2,"positive",0.0737449567411754,0.593832035587049,FALSE,0.0737449567411754,0.843905587401976,FALSE,-0.0898768668401588,0.476505390742291,FALSE,-0.0898768668401588,0.758928529637301,FALSE,76
"NAm_796","NAm-SpillwayLakeYosemiteNationalPark.King.2000","Wood","trsgi",37.8,-119.2,"positive",-0.0833421786613175,0.556781390292956,FALSE,-0.0833421786613175,0.82426905560341,FALSE,-0.152098167193559,0.239606887837656,FALSE,-0.152098167193559,0.566071272516463,FALSE,76
"NAm_808","NAm-FishCreekTrail.Biondi.2001","Wood","trsgi",34.1,-116.8,"positive",0.0951484953543071,0.497168529412043,FALSE,0.0951484953543071,0.785221604948826,FALSE,-0.0725374577763701,0.573905524727075,FALSE,-0.0725374577763701,0.82172836495013,FALSE,76
"NAm_868","NAm-BorealPlateau.Graumlich.2005","Wood","trsgi",36.3,-118.3,"positive",-0.15385245744556,0.253999911007387,FALSE,-0.15385245744556,0.610175123750564,FALSE,-0.0499096892036026,0.691537560510777,FALSE,-0.0499096892036026,0.8831121549766,FALSE,76
"NAm_880","NAm-UpperWrightLakes.Graumlich.2005","Wood","trsgi",36.4,-118.2,"positive",-0.364119528795516,0.00394223536438528,FALSE,-0.364119528795516,0.0475584564171586,FALSE,-0.236217477336849,0.0483716578529967,FALSE,-0.236217477336849,0.225305484141909,FALSE,76
"NAm_916","NAm-FortChimo.Fritts.1981","Wood","trsgi",58.4,-68.4,"positive",0.102189124301719,0.464809244775076,FALSE,0.102189124301719,0.755376858415506,FALSE,0.0547305998527296,0.688933333657946,FALSE,0.0547305998527296,0.881772460912089,FALSE,75
"NAm_940","NAm-SpruceCreek.Church.1981","Wood","trsgi",68.6,-138.6,"positive",0.115214512243091,0.454912924717783,FALSE,0.115214512243091,0.749837808442933,FALSE,0.0400624897637417,0.792210693150351,FALSE,0.0400624897637417,0.918797392007654,FALSE,47
"NAm_976","NAm-PethaiPeninsula.Schweingruber.1996","Wood","MXD",62.7,-111,"positive",0.285941673132794,0.0537326306390114,FALSE,0.285941673132794,0.239892925766295,FALSE,0.275373507506688,0.0632628457014422,FALSE,0.275373507506688,0.273731164070782,FALSE,47
"NAm2kHydro069","JPC76.Friddell.2002","MarineSediment","d18O",34.27,-120.07,"negative",NA,NA,FALSE,NA,NA,FALSE,NA,NA,FALSE,NA,NA,FALSE,0
"NAm2kHydro109","MV99-GC41.Marchitto.2010","MarineSediment","temperature",25.2,-112.7,"positive",NA,NA,FALSE,NA,NA,FALSE,NA,NA,FALSE,NA,NA,FALSE,0
"NAm2kHydro111","P178-15P.Tierney.2015","MarineSediment","temperature",11.955,44.3,"positive",NA,NA,FALSE,NA,NA,FALSE,NA,NA,FALSE,NA,NA,FALSE,1
"NPM11111","IC00SC18","GlacierIce","d18O",76.617,-36.4033,"positive",0.0545894488803979,0.726674508548525,FALSE,0.0545894488803979,0.921754913527994,FALSE,0.0503088431011362,0.746919603769147,FALSE,0.0503088431011362,0.897252998595565,FALSE,76
"NPMlaanila2","Arc-Laanila.Lindholm.2013","Wood","MXD",68.4917,27.3333,"positive",0.505355827950792,3.22411448988973e-06,TRUE,0.505355827950792,0.00015233940964729,TRUE,0.501725916217795,3.89009738528397e-06,TRUE,0.501725916217795,0.000169668093650462,TRUE,76
"O2kLR_007","Ocn-WesternSvalbard.Spielhagen.2011","MarineSediment","temperature",78.91,6.77,"positive",NA,NA,FALSE,NA,NA,FALSE,NA,NA,FALSE,NA,NA,FALSE,4
"O2kLR_017","Ocn-GarrisonBasin.Richey.2009","MarineSediment","temperature",26.68,-93.93,"positive",NA,NA,FALSE,NA,NA,FALSE,NA,NA,FALSE,NA,NA,FALSE,5
"O2kLR_030","Ocn-LaurentianFan.Keigwin.2005","MarineSediment","temperature",43.48,-54.87,"positive",NA,NA,FALSE,NA,NA,FALSE,NA,NA,FALSE,NA,NA,FALSE,1
"O2kLR_045","Ocn-NorthIceland.Sicre.2011","MarineSediment","temperature",66.55,-17.42,"positive",0.0391176142817543,0.823454950434185,FALSE,0.0391176142817543,0.944207529446815,FALSE,0.102131595904914,0.559351461010856,FALSE,0.102131595904914,0.809061934676416,FALSE,35
"O2kLR_047","Ocn-SouthIceland.Sicre.2011","MarineSediment","temperature",57.45,-27.91,"positive",NA,NA,FALSE,NA,NA,FALSE,NA,NA,FALSE,NA,NA,FALSE,0
"O2kLR_066","Ocn-DryTortugasA.Lund.2006","MarineSediment","temperature",24.33,-83.26,"positive",NA,NA,FALSE,NA,NA,FALSE,NA,NA,FALSE,NA,NA,FALSE,2
"O2kLR_074","Ocn-EmeraldBasin.Keigwin.2003","MarineSediment","temperature",45.89,-62.8,"positive",NA,NA,FALSE,NA,NA,FALSE,NA,NA,FALSE,NA,NA,FALSE,9
"O2kLR_082","Ocn-SubTropicalEasternNorthAtlantic.deMenocal.2000","MarineSediment","temperature",20.75,-18.5833,"positive",NA,NA,FALSE,NA,NA,FALSE,NA,NA,FALSE,NA,NA,FALSE,0
"O2kLR_101","Ocn-CapeHatteras.Cleroux.2008","MarineSediment","temperature",34.973,-75.201,"positive",NA,NA,FALSE,NA,NA,FALSE,NA,NA,FALSE,NA,NA,FALSE,0
"O2kLR_105","Ocn-MD95-2011.Grimalt.2002","MarineSediment","temperature",66.97,7.63,"positive",NA,NA,FALSE,NA,NA,FALSE,NA,NA,FALSE,NA,NA,FALSE,0
"O2kLR_112","Ocn-CapeGhir.Doose-Rolinski.2007","MarineSediment","temperature",30.85,-10.2685,"positive",NA,NA,FALSE,NA,NA,FALSE,NA,NA,FALSE,NA,NA,FALSE,2
"O2kLR_114","Ocn-ArabianSea.Doose-Rolinski.2001","MarineSediment","temperature",24.83,65.92,"positive",NA,NA,FALSE,NA,NA,FALSE,NA,NA,FALSE,NA,NA,FALSE,6
"O2kLR_118","Ocn-SWCoastOfIndia.Saraswat.2013","MarineSediment","temperature",10.98,74.9993,"positive",NA,NA,FALSE,NA,NA,FALSE,NA,NA,FALSE,NA,NA,FALSE,0
"O2kLR_131","Ocn-WEqPacific.Stott.2007","MarineSediment","temperature",-5,133.44,"positive",NA,NA,FALSE,NA,NA,FALSE,NA,NA,FALSE,NA,NA,FALSE,0
"O2kLR_135","Ocn-MakassarStrait.Linsley.2010","MarineSediment","temperature",-7.4,115.2,"positive",NA,NA,FALSE,NA,NA,FALSE,NA,NA,FALSE,NA,NA,FALSE,0
"O2kLR_135_iso2k","MS10BLMS","MarineSediment","temperature",-7.4,115.2,"positive",NA,NA,FALSE,NA,NA,FALSE,NA,NA,FALSE,NA,NA,FALSE,0
"O2kLR_146","Ocn-NorthwestPacificOcean.Harada.2004","MarineSediment","temperature",46.32,152.53,"positive",NA,NA,FALSE,NA,NA,FALSE,NA,NA,FALSE,NA,NA,FALSE,0
"O2kLR_148","Ocn-MakassarStrait.Oppo.2009","MarineSediment","temperature",-3.53,119.2,"positive",NA,NA,FALSE,NA,NA,FALSE,NA,NA,FALSE,NA,NA,FALSE,18
"O2kLR_150","Ocn-GreatBarrierReef.Hendy.2002","Coral","temperature",-18.315,146.595,"positive",NA,NA,FALSE,NA,NA,FALSE,NA,NA,FALSE,NA,NA,FALSE,10
"O2kLR_165","Ocn-OkinawaTrough.Wu.2012","MarineSediment","temperature",24.8,122.5,"positive",NA,NA,FALSE,NA,NA,FALSE,NA,NA,FALSE,NA,NA,FALSE,0
"O2kLR_175","Ocn-KuroshioCurrent.Isono.2009","MarineSediment","temperature",36.03,141.78,"positive",NA,NA,FALSE,NA,NA,FALSE,NA,NA,FALSE,NA,NA,FALSE,3
"O2kLR_183","Ocn-SantaBarbaraBasin.Zhao.2000","MarineSediment","temperature",34.23,-120.02,"positive",0.0364176385915826,0.825102529380066,FALSE,0.0364176385915826,0.944207529446815,FALSE,-0.194836587275405,0.175828530268892,FALSE,-0.194836587275405,0.463696635639357,FALSE,74
"O2kLR_187","Ocn-ChileanMargin.Lamy.2002","MarineSediment","temperature",-41,-74.45,"positive",NA,NA,FALSE,NA,NA,FALSE,NA,NA,FALSE,NA,NA,FALSE,0
"O2kLR_195","Ocn-SouthernChileMargin.Mohtadi.2007","MarineSediment","temperature",-44.15,-75.16,"positive",NA,NA,FALSE,NA,NA,FALSE,NA,NA,FALSE,NA,NA,FALSE,2
"Ocean2kHR_001","Ocn-Malindi.Cole.2000","Coral","d18O",-3.2,40.1,"negative",-0.383940169942749,0.0271228432815372,TRUE,-0.383940169942749,0.158542805573522,FALSE,-0.373419886748527,0.030377092004251,TRUE,-0.373419886748527,0.162488784588776,FALSE,47
"Ocean2kHR_002","Ocn-Mayotte.Zinke.2008","Coral","d18O",-12.65,45.1,"negative",0.00468935312613857,0.975108392634864,FALSE,0.00468935312613857,0.992074882144284,FALSE,0.0248233929662823,0.869062950284039,FALSE,0.0248233929662823,0.954958706998159,FALSE,47
"Ocean2kHR_003","Ocn-Mayotte.Zinke.2008","Coral","Sr/Ca",-12.65,45.1,"negative",-0.0266134053039659,0.865318652148576,FALSE,-0.0266134053039659,0.960996019062216,FALSE,-0.0147461910080286,0.925069451758508,FALSE,-0.0147461910080286,0.969730125112167,FALSE,44
"Ocean2kHR_005","Ocn-Mayotte.Zinke.2008","Coral","d18O",-12.65,45.1,"positive",0.0113639324840121,0.942264747961681,FALSE,0.0113639324840121,0.982991599295082,FALSE,-0.00232347869748718,0.988170778338117,FALSE,-0.00232347869748718,0.995191529871603,FALSE,44
"Ocean2kHR_006","Ocn-Lombok.Charles.2003","Coral","d18O",-8.2473,115.5757,"negative",-0.034971002224765,0.768425578852021,FALSE,-0.034971002224765,0.924351402831187,FALSE,0.0238407657042124,0.839242739307162,FALSE,0.0238407657042124,0.934873542607388,FALSE,75
"Ocean2kHR_007","Ocn-Mafia.Damassa.2006","Coral","d18O",-8.0167,39.5,"negative",0.250590530825819,0.292682499511493,FALSE,0.250590530825819,0.642964186982141,FALSE,0.102825815079747,0.647941929530984,FALSE,0.102825815079747,0.861284769170279,FALSE,29
"Ocean2kHR_008","Ocn-Ningaloo.Kuhnert.2000","Coral","d18O",-21.905,113.965,"negative",-0.499517126105245,0.00137938508504731,TRUE,-0.499517126105245,0.0237003437339947,TRUE,-0.480666683579025,0.00197947886074371,TRUE,-0.480666683579025,0.0255660686656171,TRUE,47
"Ocean2kHR_010","Ocn-MentawaiIslands.Abram.2008","Coral","d18O",-0.13,98.52,"negative",-0.0806539053814212,0.534696284119751,FALSE,-0.0806539053814212,0.804171864975858,FALSE,-0.176233448203435,0.158237646776628,FALSE,-0.176233448203435,0.441974116858857,FALSE,68
"Ocean2kHR_011","Ocn-Mahe.Charles.1997","Coral","d18O",-4.62,55,"negative",-0.302505823876138,0.051644638703818,FALSE,-0.302505823876138,0.235047398119456,FALSE,-0.244045452813764,0.107157957364778,FALSE,-0.244045452813764,0.357017275025109,FALSE,55
"Ocean2kHR_012","Ocn-Malindi.Nakamura.2009","Coral","d18O",-3.2,40.1,"negative",0.32480596605811,0.112713669373265,FALSE,0.32480596605811,0.394497842806427,FALSE,0.347874287941237,0.0855391662444908,FALSE,0.347874287941237,0.32119673682534,FALSE,39
"Ocean2kHR_013","Ocn-Reunion.Pfeiffer.2004","Coral","d18O",-21.0333,55.25,"negative",-0.0132041144885609,0.919334298736323,FALSE,-0.0132041144885609,0.97779536871462,FALSE,-0.188708740163928,0.120682758733596,FALSE,-0.188708740163928,0.37391871148606,FALSE,76
"Ocean2kHR_014","Ocn-AqabaJordanAQ18.Heiss.1999","Coral","d18O",29.42,34.97,"negative",0.118736017027552,0.383433428253425,FALSE,0.118736017027552,0.696816518652858,FALSE,0.133809215734168,0.325517655418117,FALSE,0.133809215734168,0.6386453654743,FALSE,56
"Ocean2kHR_016","Ocn-AqabaJordanAQ19.Heiss.1999","Coral","d18O",29.42,34.97,"negative",-0.164450234813497,0.313109665147899,FALSE,-0.164450234813497,0.655748446021237,FALSE,-0.254322224440349,0.113277018803451,FALSE,-0.254322224440349,0.358281002491761,FALSE,40
"Ocean2kHR_018","Ocn-SinaiPeninsula,RedSea.Moustafa.2000","Coral","d18O",27.8483,34.31,"negative",-0.177270694670862,0.414454702588664,FALSE,-0.177270694670862,0.716450659657843,FALSE,-0.102509552328837,0.626159985293812,FALSE,-0.102509552328837,0.851397390075758,FALSE,29
"Ocean2kHR_019","Ocn-RedSea.Felis.2000","Coral","d18O",27.85,34.32,"negative",-0.261122168464989,0.0834587385295855,FALSE,-0.261122168464989,0.321912277185544,FALSE,-0.176318960831396,0.226252261226585,FALSE,-0.176318960831396,0.558627569279205,FALSE,56
"Ocean2kHR_020","Ocn-Ifaty4.Zinke.2004","Coral","d18O",-23.15,43.58,"negative",0.142461468923824,0.243101790477199,FALSE,0.142461468923824,0.60455576842356,FALSE,0.0986641685310171,0.411898850900656,FALSE,0.0986641685310171,0.702453567477442,FALSE,76
"Ocean2kHR_021","Ocn-Ifaty1.Zinke.2014","Coral","d18O",-23.15,43.58,"negative",-0.128776869655024,0.404791284415461,FALSE,-0.128776869655024,0.712784652992442,FALSE,-0.130292012917012,0.399239221607388,FALSE,-0.130292012917012,0.694382327151501,FALSE,44
"Ocean2kHR_022","Ocn-IfatyTul3.Zinke.2014","Coral","d18O",-23.3572,43.6195,"negative",NA,NA,FALSE,NA,NA,FALSE,NA,NA,FALSE,NA,NA,FALSE,21
"Ocean2kHR_023","Ocn-HoutmanAbrolhos.Kuhnert.1999","Coral","d18O",-28.47,113.77,"negative",-0.53755181230851,1.97087525081855e-05,TRUE,-0.53755181230851,0.0005881506669548,TRUE,-0.535497138588224,2.08825230235919e-05,TRUE,-0.535497138588224,0.000657799475243144,TRUE,72
"Ocean2kHR_025","Ocn-HoutmanAbrolhosHAB05B.Zinke.2014","Coral","Sr/Ca",-28.4609,113.772,"negative",-0.097993633486653,0.485110930897917,FALSE,-0.097993633486653,0.776999711353444,FALSE,-0.100540765093897,0.448713739402946,FALSE,-0.100540765093897,0.72278605182236,FALSE,64
"Ocean2kHR_026","Ocn-HoutmanAbrolhosHAB10A.Zinke.2014","Coral","d18O",-28.4589,113.749,"negative",-0.0706162124393978,0.614849570105921,FALSE,-0.0706162124393978,0.856370789551415,FALSE,-0.06258412453102,0.6546645071157,FALSE,-0.06258412453102,0.861284769170279,FALSE,65
"Ocean2kHR_027","Ocn-HoutmanAbrolhosHAB10A.Zinke.2014","Coral","Sr/Ca",-28.4589,113.749,"negative",-0.343645736166513,0.0152899416745383,TRUE,-0.343645736166513,0.115591959059509,FALSE,-0.366780987943144,0.00876771423253556,TRUE,-0.366780987943144,0.0665532534781201,TRUE,65
"Ocean2kHR_094","Ocn-BermudaSouthShore.Goodkin.2008","Coral","d18O",30.6486,-64.9888,"negative",0.3429688776203,0.0164810672760655,FALSE,0.3429688776203,0.12013985191837,FALSE,0.271879607226852,0.0465695976311906,FALSE,0.271879607226852,0.222554655082366,FALSE,68
"Ocean2kHR_095","Ocn-BermudaSouthShore.Goodkin.2008","Coral","Sr/Ca",30.6486,-64.9888,"negative",0.334337970693958,0.0285009736754182,FALSE,0.334337970693958,0.16147790257841,FALSE,0.257883484500973,0.0757253981796929,FALSE,0.257883484500973,0.30082575484898,FALSE,68
"Ocean2kHR_096","Ocn-LosRoques.Hetzinger.2008","Coral","d18O",11.77,-66.75,"negative",NA,NA,FALSE,NA,NA,FALSE,NA,NA,FALSE,NA,NA,FALSE,8
"Ocean2kHR_097","Ocn-Guadeloupe.Steinhilber.2010","Coral","d18O",16.2,-61.49,"negative",-0.055986774219513,0.780889456712766,FALSE,-0.055986774219513,0.924351402831187,FALSE,-0.0876091670595791,0.66216150867531,FALSE,-0.0876091670595791,0.861284769170279,FALSE,30
"Ocean2kHR_098","Ocn-Guadeloupe.Steinhilber.2010","Coral","Sr/Ca",16.2,-61.49,"negative",-0.188509953585896,0.340742654609078,FALSE,-0.188509953585896,0.655987176757966,FALSE,-0.0824991356998798,0.66471984095202,FALSE,-0.0824991356998798,0.861284769170279,FALSE,30
"Ocean2kHR_099","Ocn-TurrumoteReefPuertoRico.Kilbourne.2008","Coral","d18O",17.93,-67,"negative",-0.147788148044477,0.307050115398944,FALSE,-0.147788148044477,0.655748446021237,FALSE,-0.160674764047487,0.263768415747552,FALSE,-0.160674764047487,0.578124339471417,FALSE,67
"Ocean2kHR_100","Ocn-TurrumoteReefPuertoRico.Kilbourne.2008","Coral","Sr/Ca",17.93,-67,"negative",-0.0811321561442271,0.597614278792702,FALSE,-0.0811321561442271,0.847118240188655,FALSE,-0.169232486877475,0.240888110530591,FALSE,-0.169232486877475,0.566736757970311,FALSE,66
"Ocean2kHR_102","Ocn-NorthEastBreakers_Bermuda.Kuhnert.2002","Coral","d18O",32.47,-64.7,"negative",NA,NA,FALSE,NA,NA,FALSE,NA,NA,FALSE,NA,NA,FALSE,0
"Ocean2kHR_105","Ocn-NorthEastBreakers_Bermuda.Kuhnert.2005","Coral","d18O",32.467,-64.7,"negative",-0.00637762491292636,0.96588859091864,FALSE,-0.00637762491292636,0.992074882144284,FALSE,-0.140053664466441,0.315024451654431,FALSE,-0.140053664466441,0.626732856449342,FALSE,68
"Ocean2kHR_106","Ocn-NorthEastBreakers_Bermuda.Kuhnert.2005","Coral","Sr/Ca",32.467,-64.7,"negative",-0.221049764963365,0.14920677763686,FALSE,-0.221049764963365,0.452698352336621,FALSE,-0.211246787808664,0.167144371679676,FALSE,-0.211246787808664,0.450424102513481,FALSE,55
"Ocean2kHR_107","Ocn-PedradeLume-CapeVerdeIslands.Moses.2006","Coral","d18O",16.76,-22.8883,"negative",NA,NA,FALSE,NA,NA,FALSE,NA,NA,FALSE,NA,NA,FALSE,0
"Ocean2kHR_108","Ocn-BuccooReefTobagoMontastrea.Moses.2006","Coral","d18O",11.17,-60.85,"negative",NA,NA,FALSE,NA,NA,FALSE,NA,NA,FALSE,NA,NA,FALSE,0
"Ocean2kHR_110","Ocn-BuccooReefTobagoSidereastrea.Moses.2006","Coral","d18O",11.17,-60.85,"negative",NA,NA,FALSE,NA,NA,FALSE,NA,NA,FALSE,NA,NA,FALSE,0
"Ocean2kHR_112","Ocn-TongueoftheOceanExuma.Rosenheim.2005","Sclerosponge","d18O",23.766,-76.053,"negative",-0.0132317017670864,0.952457886991742,FALSE,-0.0132317017670864,0.98548106190569,FALSE,-0.00227267436019596,0.99232593106312,FALSE,-0.00227267436019596,0.995838589226175,FALSE,36
"Ocean2kHR_113","Ocn-TongueoftheOceanExuma.Rosenheim.2005","Sclerosponge","Sr/Ca",23.766,-76.053,"negative",0.0282664337885702,0.889841516632809,FALSE,0.0282664337885702,0.960996019062216,FALSE,0.101879306526655,0.610599997362209,FALSE,0.101879306526655,0.840316015787312,FALSE,36
"Ocean2kHR_114","Ocn-TongueoftheOcean.Rosenheim.2005","Sclerosponge","d18O",23.504,-76.577,"negative",0.258650832613315,0.201466577159178,FALSE,0.258650832613315,0.535274649643573,FALSE,0.220454291654628,0.297599222942573,FALSE,0.220454291654628,0.611372316697243,FALSE,36
"Ocean2kHR_115","Ocn-TongueoftheOcean.Rosenheim.2005","Sclerosponge","Sr/Ca",23.504,-76.577,"negative",0.0564035994246837,0.775813666098114,FALSE,0.0564035994246837,0.924351402831187,FALSE,0.106493351184463,0.594207619216717,FALSE,0.106493351184463,0.839095437089086,FALSE,36
"Ocean2kHR_116","Ocn-FloridaBay.Swart.1996","Coral","d18O",24.93,-80.75,"positive",0.024515638317014,0.890139416747166,FALSE,0.024515638317014,0.960996019062216,FALSE,0.161393535621325,0.294019831545875,FALSE,0.161393535621325,0.610206943708247,FALSE,76
"Ocean2kHR_118","Ocn-BiscayneBay.Swart.1996","Coral","d18O",25.38,-80.17,"positive",0.110911378742363,0.399673761267669,FALSE,0.110911378742363,0.711832205762909,FALSE,0.0795774069412493,0.525038520088073,FALSE,0.0795774069412493,0.799256597875253,FALSE,76
"Ocean2kHR_122","Ocn-GulfofMaine.Wanamaker.2007","MarineSediment","d18O",43.6561,-69.8017,"negative",-0.0874856435558282,0.525371488252069,FALSE,-0.0874856435558282,0.803215131292784,FALSE,-0.0925561955248856,0.49287089732072,FALSE,-0.0925561955248856,0.771982869560354,FALSE,62
"Ocean2kHR_123","Ocn-DryTortugas.DeLong.2014","Coral","Sr/Ca",24.6,-82.3,"negative",0.151283380763756,0.298256119176969,FALSE,0.151283380763756,0.650427767589774,FALSE,-0.098245330511356,0.443352117907728,FALSE,-0.098245330511356,0.719444893211331,FALSE,76
"Ocean2kHR_124","Ocn-Bermuda.DraschbaA.2000","Coral","d18O",30.0867,-64.5417,"negative",NA,NA,FALSE,NA,NA,FALSE,NA,NA,FALSE,NA,NA,FALSE,20
"Ocean2kHR_125","Ocn-Bermuda.DraschbaB.2000","Coral","d18O",30.0867,-64.5417,"negative",NA,NA,FALSE,NA,NA,FALSE,NA,NA,FALSE,NA,NA,FALSE,16
"Ocean2kHR_126","Ocn-MontegoBayJamaica.Haase-Schramm.2003","Sclerosponge","d18O",18.4667,-77.95,"negative",NA,NA,FALSE,NA,NA,FALSE,NA,NA,FALSE,NA,NA,FALSE,15
"Ocean2kHR_127","Ocn-MontegoBayJamaica.Haase-Schramm.2003","Sclerosponge","Sr/Ca",18.4667,-77.95,"negative",NA,NA,FALSE,NA,NA,FALSE,NA,NA,FALSE,NA,NA,FALSE,15
"Ocean2kHR_128","Ocn-PedroBankJamaica.Haase-Schramm.2003","Sclerosponge","d18O",17.5333,-78.95,"negative",NA,NA,FALSE,NA,NA,FALSE,NA,NA,FALSE,NA,NA,FALSE,16
"Ocean2kHR_129","Ocn-PedroBankJamaica.Haase-Schramm.2003","Sclerosponge","Sr/Ca",17.5333,-78.95,"negative",NA,NA,FALSE,NA,NA,FALSE,NA,NA,FALSE,NA,NA,FALSE,14
"Ocean2kHR_130","Ocn-GingerbreadsBahamas.Saenger.2009","Coral","calcificationRate",25.84,-78.62,"negative",-0.192785654132915,0.147622770398271,FALSE,-0.192785654132915,0.452698352336621,FALSE,-0.146817963838204,0.253005192952621,FALSE,-0.146817963838204,0.571626017067,FALSE,76
"Ocean2kHR_131","Ocn-PuntaMaroma.Vasquez-Bedoya.2012","Coral","calcificationRate",20.83,-86.74,"negative",-0.187261387178978,0.316322337539884,FALSE,-0.187261387178978,0.655748446021237,FALSE,-0.142646993927888,0.379836571961819,FALSE,-0.142646993927888,0.681542203488453,FALSE,76
"Ocean2kHR_132","Ocn-Moorea.Boiseau.1998","Coral","d18O",-17.5,-149.8333,"negative",0.0882559772722045,0.613999341486226,FALSE,0.0882559772722045,0.856370789551415,FALSE,0.0882379693924313,0.603567520848274,FALSE,0.0882379693924313,0.840316015787312,FALSE,43
"Ocean2kHR_133","Ocn-Vanuatu.Quinn.1996","Coral","d18O",-15,166.99,"negative",-0.321763611524352,0.052232755137657,FALSE,-0.321763611524352,0.235047398119456,FALSE,-0.304380821468873,0.0769407065026093,FALSE,-0.304380821468873,0.300864693703307,FALSE,43
"Ocean2kHR_134","Ocn-AmedeeIsland.DeLong.2012","Coral","Sr/Ca",-22.475,166.4667,"negative",-0.585595211996111,0.000721893020845678,TRUE,-0.585595211996111,0.0141142532006724,TRUE,-0.662753543016111,4.96806456626137e-05,TRUE,-0.662753543016111,0.00123273718198832,TRUE,53
"Ocean2kHR_135","Ocn-Kiritimati.Evans.1998","Coral","d18O",1.6792,-157.2473,"negative",NA,NA,FALSE,NA,NA,FALSE,NA,NA,FALSE,NA,NA,FALSE,0
"Ocean2kHR_137","Ocn-XishaIslandSouthChinaSea.Sun.2004","Coral","Sr/Ca",16.85,112.33,"negative",NA,NA,FALSE,NA,NA,FALSE,NA,NA,FALSE,NA,NA,FALSE,20
"Ocean2kHR_138","Ocn-SecasIslandPanama.Linsley.1994","Coral","d18O",7.95,-82,"negative",-0.0465960234951068,0.760895084818178,FALSE,-0.0465960234951068,0.923440830304378,FALSE,-0.0251333129948491,0.868124360200176,FALSE,-0.0251333129948491,0.954958706998159,FALSE,58
"Ocean2kHR_139","Ocn-Palmyra.Cobb.2013","Coral","d18O",5.87,-162.13,"negative",-0.326314628633371,0.11139055740417,FALSE,-0.326314628633371,0.394497842806427,FALSE,-0.330230839118716,0.106913405592913,FALSE,-0.330230839118716,0.357017275025109,FALSE,25
"Ocean2kHR_140","Ocn-MadangLagoonPapuaNewGuinea.Kuhnert.2001","Coral","d18O",-5.2167,145.8167,"negative",0.0902680609400528,0.619245191739119,FALSE,0.0902680609400528,0.856370789551415,FALSE,0.114767338342701,0.524793415192675,FALSE,0.114767338342701,0.799256597875253,FALSE,33
"Ocean2kHR_141","Ocn-LaingIslandPapuaNewGuinea.Tudhope.2001","Coral","d18O",-4.15,144.8833,"negative",0.00405935368903001,0.983326426393452,FALSE,0.00405935368903001,0.992074882144284,FALSE,0.0213455221461814,0.912484612505308,FALSE,0.0213455221461814,0.969730125112167,FALSE,29
"Ocean2kHR_142","Ocn-SavusavuBayFiji.Bagnato.2005","Coral","d18O",-16.82,179.23,"negative",-0.325314987813904,0.100856875788468,FALSE,-0.325314987813904,0.376222687974087,FALSE,-0.327342076408476,0.0751375579106096,FALSE,-0.327342076408476,0.30082575484898,FALSE,56
"Ocean2kHR_143","Ocn-NewIrelandPapua.Alibert.2008","Coral","Sr/Ca",-2.5,150.5,"negative",-0.250464739953605,0.174858782282657,FALSE,-0.250464739953605,0.497035902754166,FALSE,-0.26405544523369,0.151959797283109,FALSE,-0.26405544523369,0.431482310907003,FALSE,31
"Ocean2kHR_144","Ocn-Rabaul.Quinn.2006","Coral","d18O",-4.1916,151.9772,"negative",-0.144693042158374,0.445541490877836,FALSE,-0.144693042158374,0.744877457845045,FALSE,-0.151048142706417,0.425628266916524,FALSE,-0.151048142706417,0.705646863572131,FALSE,30
"Ocean2kHR_145","Ocn-Rabaul.Quinn.2006","Coral","Sr/Ca",-4.1916,151.9772,"negative",-0.0450124512368112,0.813287685071651,FALSE,-0.0450124512368112,0.94093772850949,FALSE,-0.0458464056696735,0.81000971319993,FALSE,-0.0458464056696735,0.927440069926805,FALSE,30
"Ocean2kHR_147","Ocn-Rarotonga_d18O2R.Linsley.2006","Coral","d18O",-21.2378,-159.8278,"negative",-0.185207250007601,0.246323893273625,FALSE,-0.185207250007601,0.60989365714474,FALSE,-0.275557483734637,0.0768390616645618,FALSE,-0.275557483734637,0.300864693703307,FALSE,43
"Ocean2kHR_149","Ocn-RarotongaSrCa2r.Linsley.2006","Coral","Sr/Ca",-21.2378,-159.8278,"negative",-0.338540300164189,0.0379124675043306,TRUE,-0.338540300164189,0.191931866740674,FALSE,-0.295354248842,0.064334674169344,FALSE,-0.295354248842,0.273731164070782,FALSE,43
"Ocean2kHR_150","Ocn-Rarotonga_d18O3R.Linsley.2006","Coral","d18O",-21.2378,-159.8278,"negative",-0.166997443636876,0.309257745776065,FALSE,-0.166997443636876,0.655748446021237,FALSE,-0.117307638102996,0.472809516294677,FALSE,-0.117307638102996,0.755163368279104,FALSE,42
"Ocean2kHR_152","Ocn-Rarotonga_d18O99.Linsley.2006","Coral","d18O",-21.2378,-159.8278,"negative",NA,NA,FALSE,NA,NA,FALSE,NA,NA,FALSE,NA,NA,FALSE,19
"Ocean2kHR_154","Ocn-Vanuatu.Gorman.2012","Coral","d18O",-15.94,166.04,"negative",-0.416055897558707,0.0135156110125617,TRUE,-0.416055897558707,0.108610777538687,FALSE,-0.369979128249262,0.0445349011116774,TRUE,-0.369979128249262,0.215822982310436,FALSE,43
"Ocean2kHR_156","Ocn-SavusavuBayAB.Linsley.2006","Coral","d18O",-16.8167,179.2333,"negative",-0.0327028633464071,0.863813837733345,FALSE,-0.0327028633464071,0.960996019062216,FALSE,-0.214068355111001,0.20827138229095,FALSE,-0.214068355111001,0.531313730666763,FALSE,56
"Ocean2kHR_157","Ocn-SavusavuBay1F.Linsley.2006","Coral","d18O",-16.8167,179.2333,"negative",0.0515199956834126,0.800667962554877,FALSE,0.0515199956834126,0.936038628388898,FALSE,-0.159078715312004,0.369892246517704,FALSE,-0.159078715312004,0.680937999271228,FALSE,56
"Ocean2kHR_158","Ocn-SavusavuBay1F.Linsley.2006","Coral","Sr/Ca",-16.8167,179.2333,"negative",-0.255455286713444,0.264356367310857,FALSE,-0.255455286713444,0.614303525677279,FALSE,-0.471357780934828,0.0143334284787415,TRUE,-0.471357780934828,0.0991517281231431,TRUE,56
"Ocean2kHR_159","Ocn-HaferaIsland.Wu.2013","Coral","Sr/Ca",-19.9333,-174.7167,"negative",-0.359035968637505,0.0429930271406211,TRUE,-0.359035968637505,0.204335302150895,FALSE,-0.432474212901113,0.0102403492678719,TRUE,-0.432474212901113,0.0763983951958341,TRUE,55
"Ocean2kHR_161","Ocn-Palmyra.Nurhati.2011","Coral","Sr/Ca",5.87,-162.13,"negative",-0.472693083368197,0.017024396375903,TRUE,-0.472693083368197,0.120219325307134,FALSE,-0.469848705432785,0.0177949647978341,TRUE,-0.469848705432785,0.11465619364059,FALSE,25
"Ocean2kHR_163","Ocn-Miyanohama.Felis.2009","Coral","d18O",27.1059,142.1941,"negative",-0.206107527233766,0.392688756225662,FALSE,-0.206107527233766,0.709090843248249,FALSE,-0.331149804922985,0.100400292977333,FALSE,-0.331149804922985,0.345011915867562,FALSE,46
"Ocean2kHR_164","Ocn-Miyanohama.Felis.2009","Coral","Sr/Ca",27.1059,142.1941,"negative",0.265916450331812,0.13565743139412,FALSE,0.265916450331812,0.432122267418348,FALSE,0.271353035477505,0.129614241123031,FALSE,0.271353035477505,0.388842723369092,FALSE,46
"Ocean2kHR_165_iso2k","CO09FEOG","Coral","d13C",27.1059,142.1941,"negative",-0.0996184965960838,0.678748354584253,FALSE,-0.0996184965960838,0.895000737323887,FALSE,-0.146322800841701,0.512622775663546,FALSE,-0.146322800841701,0.794198195901626,FALSE,46
"Ocean2kHR_166","Ocn-DoubleReef.Asami.2005","Coral","d18O",13.5982,144.8359,"negative",-0.0855472593357495,0.677748436512493,FALSE,-0.0855472593357495,0.895000737323887,FALSE,-0.343438558768124,0.060180906314795,FALSE,-0.343438558768124,0.266582608441318,FALSE,38
"Ocean2kHR_167","Ocn-AbrahamReef.Druffel.1999","Coral","d18O",-22.1,153,"negative",0.0737433261442809,0.580114188147669,FALSE,0.0737433261442809,0.834132465068355,FALSE,-0.0752259694237392,0.547724982493436,FALSE,-0.0752259694237392,0.807840304391288,FALSE,67
"Ocean2kHR_169","Ocn-ClippertonAtoll.Linsley.2000","Coral","d18O",10.2773,-109.2131,"negative",-0.572015243767046,0.00213943357394789,TRUE,-0.572015243767046,0.0319226009586435,TRUE,-0.540994771893347,0.00328296651948967,TRUE,-0.540994771893347,0.038048421015216,TRUE,32
"Ocean2kHR_171","Ocn-BunakenIsland.Charles.2003","Coral","d18O",-1.5,124.833,"negative",0.142479624306699,0.2820532797512,FALSE,0.142479624306699,0.631298143406779,FALSE,0.15098753437884,0.253047848825074,FALSE,0.15098753437884,0.571626017067,FALSE,61
"Ocean2kHR_172","Ocn-MadangLagoonPapuaNewGuinea.Tudhope.1995","Coral","d18O",-5.22,145.82,"negative",NA,NA,FALSE,NA,NA,FALSE,NA,NA,FALSE,NA,NA,FALSE,3
"Ocean2kHR_173","Ocn-UrvinaBay.Dunbar.1994","Coral","d18O",-0.4,-91.23,"negative",-0.224425040834384,0.110251458646492,FALSE,-0.224425040834384,0.394497842806427,FALSE,-0.222597072015047,0.112826533321773,FALSE,-0.222597072015047,0.358281002491761,FALSE,52
"Ocean2kHR_174","Ocn-MaloChannelEspirituSantoIsland.Kilbourne.2004","Coral","d18O",-15.7,167.2,"negative",NA,NA,FALSE,NA,NA,FALSE,NA,NA,FALSE,NA,NA,FALSE,0
"Ocean2kHR_175","Ocn-MaloChannelEspirituSantoIsland.Kilbourne.2004","Coral","Sr/Ca",-15.7,167.2,"negative",NA,NA,FALSE,NA,NA,FALSE,NA,NA,FALSE,NA,NA,FALSE,0
"Ocean2kHR_176_iso2k","CO04KIVA","Coral","d13C",-15.7,167.2,"negative",NA,NA,FALSE,NA,NA,FALSE,NA,NA,FALSE,NA,NA,FALSE,0
"Ocean2kHR_177","Ocn-Maiana.Urban.2000","Coral","d18O",1,173,"negative",NA,NA,FALSE,NA,NA,FALSE,NA,NA,FALSE,NA,NA,FALSE,19
"Ocean2kHR_178","Ocn-Tarawa.Cole.1990","Coral","d18O",1,172,"negative",NA,NA,FALSE,NA,NA,FALSE,NA,NA,FALSE,NA,NA,FALSE,17
"Ocean2kHR_179","Ocn-Nauru.Guilderson.1999","Coral","d18O",-0.533,166.9283,"negative",NA,NA,FALSE,NA,NA,FALSE,NA,NA,FALSE,NA,NA,FALSE,16
"Ocean2kHR_181","Ocn-PalauRockIslands.Osborne.2014","Coral","d18O",7.2708,134.3837,"negative",-0.0518888431026639,0.798538034683018,FALSE,-0.0518888431026639,0.935719252337377,FALSE,-0.0518224826954102,0.798883799399953,FALSE,-0.0518224826954102,0.918797392007654,FALSE,27
"Ocean2kHR_183","Ocn-PalauUlongChannel.Osborne.2014","Coral","d18O",7.2859,134.2503,"negative",0.0476832112976437,0.759990208948144,FALSE,0.0476832112976437,0.923440830304378,FALSE,-0.00662018920198823,0.965347258745647,FALSE,-0.00662018920198823,0.986180369693537,FALSE,55
"Ocean2kHR_185","Ocn-Clipperton2b.Wu.2014","Coral","Sr/Ca",10.2773,-109.2131,"negative",NA,NA,FALSE,NA,NA,FALSE,NA,NA,FALSE,NA,NA,FALSE,0
"Ocean2kHR_186","Ocn-Clipperton6a.Wu.2014","Coral","Sr/Ca",10.2773,-109.2131,"negative",NA,NA,FALSE,NA,NA,FALSE,NA,NA,FALSE,NA,NA,FALSE,0
"Ocean2kHR_187","Ocn-Clipperton4b.Wu.2014","Coral","Sr/Ca",10.2773,-109.2131,"negative",-0.471933943067131,0.0122728758870182,TRUE,-0.471933943067131,0.101921139293706,FALSE,-0.504758084952668,0.00610506253426103,TRUE,-0.504758084952668,0.0509054478959706,TRUE,32
"Ocean2kHR_188","Ocn-Clipperton1b.Wu.2014","Coral","d18O",10.2773,-109.2131,"negative",-0.290619793154817,0.0810706179993041,FALSE,-0.290619793154817,0.3169276273379,FALSE,-0.306207322642395,0.0615034402646607,FALSE,-0.306207322642395,0.268249620231251,FALSE,47
"Ocean2kHR_189","Ocn-Clipperton1b.Wu.2014","Coral","Sr/Ca",10.2773,-109.2131,"negative",-0.520033693873561,0.000929557299810915,TRUE,-0.520033693873561,0.0164705934060247,TRUE,-0.545139697079394,0.000395463811881492,TRUE,-0.545139697079394,0.00830474004951134,TRUE,47
"Ocean2kHR_190","Ocn-GBR.Wei.2009","Coral","d18O",-16.7167,146.0333,"negative",NA,NA,FALSE,NA,NA,FALSE,NA,NA,FALSE,NA,NA,FALSE,10
"Ocean2kHR_191","Ocn-GBR.Wei.2009","Coral","Sr/Ca",-16.7167,146.0333,"negative",NA,NA,FALSE,NA,NA,FALSE,NA,NA,FALSE,NA,NA,FALSE,10
"Ocean2kHR_193","Ocn-CoralSea.Calvo.2007","Coral","d18O",-17.73,148.43,"negative",NA,NA,FALSE,NA,NA,FALSE,NA,NA,FALSE,NA,NA,FALSE,10
"Ocean2kHR_194","Ocn-CoralSea.Calvo.2007","Coral","Sr/Ca",-17.73,148.43,"negative",NA,NA,FALSE,NA,NA,FALSE,NA,NA,FALSE,NA,NA,FALSE,10
"PYT041CE8JO","JR51-GC35.Bendle.2007","MarineSediment","temperature",66.59,-17.56,"positive",NA,NA,FALSE,NA,NA,FALSE,NA,NA,FALSE,NA,NA,FALSE,1
"PYT0IFU85C3","PSh-5159N.Risebrobakken.2011","MarineSediment","temperature",71.35,22.6333,"positive",NA,NA,FALSE,NA,NA,FALSE,NA,NA,FALSE,NA,NA,FALSE,2
"PYT0UICY9DO","FauskeCave.Linge.2009","Speleothem","d18O",67.22,15.81,"negative",NA,NA,FALSE,NA,NA,FALSE,NA,NA,FALSE,NA,NA,FALSE,1
"PYT295BX2KQ","Century.Johnsen.1972","GlacierIce","d18O",77.17,-61.13,"positive",NA,NA,FALSE,NA,NA,FALSE,NA,NA,FALSE,NA,NA,FALSE,2
"PYT40VBXBG5","P1B3.deVernal.2005","MarineSediment","temperature",73.683,-162.66,"positive",NA,NA,FALSE,NA,NA,FALSE,NA,NA,FALSE,NA,NA,FALSE,0
"PYT581AWKCZ","Tornetrask.Grudd.2002","Wood","temperature",68,20,"positive",0.267498689992059,0.0194862523106047,TRUE,0.267498689992059,0.126711911378262,FALSE,0.303229337389089,0.00775197401098564,TRUE,0.303229337389089,0.0602105378661487,TRUE,76
"PYT5QHZ4RLO","PSh-5159N.Risebrobakken.2011","MarineSediment","temperature",71.35,22.6333,"positive",NA,NA,FALSE,NA,NA,FALSE,NA,NA,FALSE,NA,NA,FALSE,1
"PYT6CZBVE1E","JR01.Fortin.2017","LakeSediment","temperature",69.9,-95.07,"positive",NA,NA,FALSE,NA,NA,FALSE,NA,NA,FALSE,NA,NA,FALSE,0
"PYTAUVXNNEA","DYE3.Vinther.2006","GlacierIce","d18O",65.1833,-43.82,"positive",NA,NA,FALSE,NA,NA,FALSE,NA,NA,FALSE,NA,NA,FALSE,4
"PYTBSFC6CTW","Soylegrotta.Lauritzen.1999","Speleothem","temperature",66.62,13.68,"positive",NA,NA,FALSE,NA,NA,FALSE,NA,NA,FALSE,NA,NA,FALSE,0
"PYTCX8JIV0J","BrayaSo.DAndrea.2011","LakeSediment","Uk37",66.9875,-51.0333,"positive",NA,NA,FALSE,NA,NA,FALSE,NA,NA,FALSE,NA,NA,FALSE,5
"PYTE06JD9X4","MD99-2284.Risebrobakken.2009","MarineSediment","temperature",62.3667,0.9667,"positive",NA,NA,FALSE,NA,NA,FALSE,NA,NA,FALSE,NA,NA,FALSE,0
"PYTH91MXU0Z","P1003.Sejrup.2011","MarineSediment","temperature",63.7622,5.2553,"positive",NA,NA,FALSE,NA,NA,FALSE,NA,NA,FALSE,NA,NA,FALSE,16
"PYTHQFCVRSQ","vikjordvatnet.Balascio.2012","LakeSediment","organicMatter",68.227,14.063,"positive",NA,NA,FALSE,NA,NA,FALSE,NA,NA,FALSE,NA,NA,FALSE,0
"PYTI3HL2Q73","Hudson.Clegg.2011","LakeSediment","temperature",61.9,-145.6667,"positive",NA,NA,FALSE,NA,NA,FALSE,NA,NA,FALSE,NA,NA,FALSE,3
"PYTIFNEXCAM","Hvitarvatn.Larsen.2013","LakeSediment","PC1",64.6167,-19.85,"positive",NA,NA,FALSE,NA,NA,FALSE,NA,NA,FALSE,NA,NA,FALSE,4
"PYTIYA2IC5S","Qipisarqo.Frechette.2009","LakeSediment","temperature",61.0114,-47.7536,"positive",NA,NA,FALSE,NA,NA,FALSE,NA,NA,FALSE,NA,NA,FALSE,8
"PYTJ3JMX39H","Nautajarvi.Seppa.2009","LakeSediment","temperature",61.8,24.7,"positive",NA,NA,FALSE,NA,NA,FALSE,NA,NA,FALSE,NA,NA,FALSE,2
"PYTKYQ4C1WD","Lonespruce.Kaufman.2012","LakeSediment","BSi",60.007,-159.143,"positive",-0.204483669836845,0.332488941104894,FALSE,-0.204483669836845,0.655748446021237,FALSE,-0.179863918192866,0.391179246096635,FALSE,-0.179863918192866,0.690961472077234,FALSE,27
"PYTMDYO5TUV","MD99-2322.Jennings.2011","MarineSediment","temperature",67.1363,-30.8278,"positive",NA,NA,FALSE,NA,NA,FALSE,NA,NA,FALSE,NA,NA,FALSE,0
"PYTMVGBLPHG_SST_from_d18O","P1003.Sejrup.2011","MarineSediment","temperature",63.7622,5.2553,"positive",NA,NA,FALSE,NA,NA,FALSE,NA,NA,FALSE,NA,NA,FALSE,16
"PYTNG9UXJDL","Lapland.Helama.2009","Wood","temperature",69,25,"positive",0.289014989370696,0.011338069832618,TRUE,0.289014989370696,0.0974043271984004,TRUE,0.257384783358556,0.0247936498084769,TRUE,0.257384783358556,0.139188113281252,FALSE,76
"PYTQSL3KBPX","MD99-2322.Jennings.2011","MarineSediment","d18O",67.1363,-30.8278,"negative",NA,NA,FALSE,NA,NA,FALSE,NA,NA,FALSE,NA,NA,FALSE,0
"PYTRM8XIQ8J","MD99-2269.Justwan.2008","MarineSediment","temperature",66.85,-20.85,"positive",NA,NA,FALSE,NA,NA,FALSE,NA,NA,FALSE,NA,NA,FALSE,2
"PYTSIOJ5D6Y","Penny.Fisher.1998","GlacierIce","d18O",67.25,-66.75,"positive",NA,NA,FALSE,NA,NA,FALSE,NA,NA,FALSE,NA,NA,FALSE,8
"PYTT52RRIXK","agassiz.Vinther.2009","GlacierIce","d18O",80.7,-73.1,"positive",NA,NA,FALSE,NA,NA,FALSE,NA,NA,FALSE,NA,NA,FALSE,0
"PYTTTRD8PMK","P1B3.deVernal.2005","MarineSediment","temperature",73.683,-162.66,"positive",NA,NA,FALSE,NA,NA,FALSE,NA,NA,FALSE,NA,NA,FALSE,0
"PYTZPNPWL0E","GRIP.Vinther.2006","GlacierIce","d18O",72.58,-37.63,"positive",NA,NA,FALSE,NA,NA,FALSE,NA,NA,FALSE,NA,NA,FALSE,4
"PYTZZK6DD6Y","agassiz.Vinther.2009","GlacierIce","iceMelt",80.7,-73.1,"positive",NA,NA,FALSE,NA,NA,FALSE,NA,NA,FALSE,NA,NA,FALSE,0
"R17xYRh9kl8","GrosserTreppelsee.EPD","LakeSediment","temperature",52.15,14.45,"positive",NA,NA,FALSE,NA,NA,FALSE,NA,NA,FALSE,NA,NA,FALSE,5
"R1VvKcChK6w","ThorpeBulmer.EPD","Peat","temperature",54.72,-1.3,"positive",NA,NA,FALSE,NA,NA,FALSE,NA,NA,FALSE,NA,NA,FALSE,0
"R2YRQoGNa9m","GrosserTreppelsee.EPD","LakeSediment","temperature",52.15,14.45,"positive",NA,NA,FALSE,NA,NA,FALSE,NA,NA,FALSE,NA,NA,FALSE,5
"R3CvZBuTHNk","LaPAS_KF02.Pivel.2013","MarineSediment","temperature",-25.84,-45.2,"positive",NA,NA,FALSE,NA,NA,FALSE,NA,NA,FALSE,NA,NA,FALSE,0
"R3dXXzumBqy","TurovaDacha.EPD","Peat","temperature",48.9,24.1,"positive",NA,NA,FALSE,NA,NA,FALSE,NA,NA,FALSE,NA,NA,FALSE,0
"R4z8Co5Aghx","MD95_2011Assemblage.Risebrobakken.2003","MarineSediment","temperature",66.9697,7.6393,"positive",NA,NA,FALSE,NA,NA,FALSE,NA,NA,FALSE,NA,NA,FALSE,0
"R5Ek0KGz0Mt","Trogenmoos.EPD","Peat","temperature",46.76,7.86,"positive",NA,NA,FALSE,NA,NA,FALSE,NA,NA,FALSE,NA,NA,FALSE,6
"R7DxiAHp0lf","BiskupinskieLake.Noryskiewicz.1995","LakeSediment","temperature",52.78,17.73,"positive",NA,NA,FALSE,NA,NA,FALSE,NA,NA,FALSE,NA,NA,FALSE,0
"R7fUjXXz6iN","Wachel3.Doerfler.1989","LakeSediment","temperature",53.44,8.87,"positive",NA,NA,FALSE,NA,NA,FALSE,NA,NA,FALSE,NA,NA,FALSE,1
"RA2dcet2sLE","CF8.Axford.2011","LakeSediment","temperature",70.5569,-68.9519,"positive",NA,NA,FALSE,NA,NA,FALSE,NA,NA,FALSE,NA,NA,FALSE,1
"RAdkAjjn94R","Akvaqiak.Frechette.2009","LakeSediment","temperature",66.78,-63.95,"positive",NA,NA,FALSE,NA,NA,FALSE,NA,NA,FALSE,NA,NA,FALSE,4
"RAt0wcea1H7","LacBrule.Pollen.Canada","LakeSediment","temperature",45.717,-75.683,"positive",NA,NA,FALSE,NA,NA,FALSE,NA,NA,FALSE,NA,NA,FALSE,8
"RB06CbW36T4","Schoepfenwaldmoor.EPD","Peat","temperature",46.74,7.85,"positive",NA,NA,FALSE,NA,NA,FALSE,NA,NA,FALSE,NA,NA,FALSE,5
"RBFjUCSs1ez","Holzmaar.Litt.2009","LakeSediment","temperature",50.1167,6.8833,"positive",NA,NA,FALSE,NA,NA,FALSE,NA,NA,FALSE,NA,NA,FALSE,5
"RclKPHfeaEb","CarletonLake.Upiter.2014","LakeSediment","temperature",64.2572,-110.1008,"positive",NA,NA,FALSE,NA,NA,FALSE,NA,NA,FALSE,NA,NA,FALSE,1
"RER8TJdr7Dg","LochLaxford.EPD","Peat","temperature",58.37,-5,"positive",NA,NA,FALSE,NA,NA,FALSE,NA,NA,FALSE,NA,NA,FALSE,2
"Rfe0do1gMXq","MeerfelderMaar.Litt.2009","LakeSediment","temperature",50.1,6.75,"positive",NA,NA,FALSE,NA,NA,FALSE,NA,NA,FALSE,NA,NA,FALSE,0
"RFVTO3m1qP4","WilderSeebeimRuhestein.EPD","LakeSediment","temperature",48.57,8.24,"positive",NA,NA,FALSE,NA,NA,FALSE,NA,NA,FALSE,NA,NA,FALSE,0
"Rg3HFqd9DyA","ThorpeBulmer.EPD","Peat","temperature",54.72,-1.3,"positive",NA,NA,FALSE,NA,NA,FALSE,NA,NA,FALSE,NA,NA,FALSE,0
"RGAbzuFoTA4","WilderSeebeimRuhestein.EPD","LakeSediment","temperature",48.57,8.24,"positive",NA,NA,FALSE,NA,NA,FALSE,NA,NA,FALSE,NA,NA,FALSE,0
"RGx72to7BAg","KR02Chironomid.Fortin.2010","LakeSediment","temperature",71.34,-113.78,"positive",NA,NA,FALSE,NA,NA,FALSE,NA,NA,FALSE,NA,NA,FALSE,3
"Rh47NjRo74x","LochLaxford.EPD","Peat","temperature",58.37,-5,"positive",NA,NA,FALSE,NA,NA,FALSE,NA,NA,FALSE,NA,NA,FALSE,2
"RhF20RCQseU","JR01Chironomid.Fortin.2017","LakeSediment","temperature",69.9,-95.07,"positive",NA,NA,FALSE,NA,NA,FALSE,NA,NA,FALSE,NA,NA,FALSE,1
"RHLePxbL9rI","MooseLake.Clegg.2010","LakeSediment","temperature",61.3742,-143.5988,"positive",NA,NA,FALSE,NA,NA,FALSE,NA,NA,FALSE,NA,NA,FALSE,2
"RiOf362hfE8","Holzmaar.Litt.2009","LakeSediment","temperature",50.1167,6.8833,"positive",NA,NA,FALSE,NA,NA,FALSE,NA,NA,FALSE,NA,NA,FALSE,5
"RiqkBNqHL3T","Holzmaar.Litt.2009","LakeSediment","temperature",50.1167,6.8833,"positive",NA,NA,FALSE,NA,NA,FALSE,NA,NA,FALSE,NA,NA,FALSE,5
"RJKdqzZ2YGb","TurovaDacha.EPD","Peat","temperature",48.9,24.1,"positive",NA,NA,FALSE,NA,NA,FALSE,NA,NA,FALSE,NA,NA,FALSE,0
"RjpliLMztwC","Schoepfenwaldmoor.EPD","Peat","temperature",46.74,7.85,"positive",NA,NA,FALSE,NA,NA,FALSE,NA,NA,FALSE,NA,NA,FALSE,5
"RJqjApSHsW5","Sipola.EPD","Peat","temperature",65.05,24.79,"positive",NA,NA,FALSE,NA,NA,FALSE,NA,NA,FALSE,NA,NA,FALSE,2
"Rkmjxk9vPEY","CarletonLake.Upiter.2014","LakeSediment","temperature",64.2572,-110.1008,"positive",NA,NA,FALSE,NA,NA,FALSE,NA,NA,FALSE,NA,NA,FALSE,1
"RKQKWjMOAcW","Trogenmoos.EPD","Peat","temperature",46.76,7.86,"positive",NA,NA,FALSE,NA,NA,FALSE,NA,NA,FALSE,NA,NA,FALSE,6
"RKWI7Fh79Uk","Sipola.EPD","Peat","temperature",65.05,24.79,"positive",NA,NA,FALSE,NA,NA,FALSE,NA,NA,FALSE,NA,NA,FALSE,2
"RLcBkd6hOuO","D13902","MarineSediment","temperature",38.554,-9.3355,"positive",NA,NA,FALSE,NA,NA,FALSE,NA,NA,FALSE,NA,NA,FALSE,20
"RljZTHj20qj","Trogenmoos.EPD","Peat","temperature",46.76,7.86,"positive",NA,NA,FALSE,NA,NA,FALSE,NA,NA,FALSE,NA,NA,FALSE,6
"RLlDtgL9a38","MeerfelderMaar.Litt.2009","LakeSediment","temperature",50.1,6.75,"positive",NA,NA,FALSE,NA,NA,FALSE,NA,NA,FALSE,NA,NA,FALSE,0
"RLmz8TJDPA5","Schoepfenwaldmoor.EPD","Peat","temperature",46.74,7.85,"positive",NA,NA,FALSE,NA,NA,FALSE,NA,NA,FALSE,NA,NA,FALSE,5
"RLVhTGXvCnW","DANA12_11_2_GC01.VanNieuwenhove.2018","MarineSediment","temperature",61.6089,-20.7027,"positive",NA,NA,FALSE,NA,NA,FALSE,NA,NA,FALSE,NA,NA,FALSE,1
"RMJe78p5Rbv","GeoB6211_2","MarineSediment","temperature",-32.5052,-50.2427,"positive",NA,NA,FALSE,NA,NA,FALSE,NA,NA,FALSE,NA,NA,FALSE,0
"RmkH7bJsTt4","CC04.Gibb.2015","MarineSediment","temperature",61.4639,-58.0365,"positive",NA,NA,FALSE,NA,NA,FALSE,NA,NA,FALSE,NA,NA,FALSE,0
"RoO1DPJKvcS","BiskupinskieLake.Noryskiewicz.1995","LakeSediment","temperature",52.78,17.73,"positive",NA,NA,FALSE,NA,NA,FALSE,NA,NA,FALSE,NA,NA,FALSE,0
"Rp1oVLUaXiR","MeerfelderMaar.Litt.2009","LakeSediment","temperature",50.1,6.75,"positive",NA,NA,FALSE,NA,NA,FALSE,NA,NA,FALSE,NA,NA,FALSE,0
"Rp8WBdVm37h","MD95_2011Assemblage.Risebrobakken.2003","MarineSediment","temperature",66.9697,7.6393,"positive",NA,NA,FALSE,NA,NA,FALSE,NA,NA,FALSE,NA,NA,FALSE,0
"RpShT6icGvp","Wachel3.Doerfler.1989","LakeSediment","temperature",53.44,8.87,"positive",NA,NA,FALSE,NA,NA,FALSE,NA,NA,FALSE,NA,NA,FALSE,1
"RR7iIYb69dm","CC04.Gibb.2015","MarineSediment","temperature",61.4639,-58.0365,"positive",NA,NA,FALSE,NA,NA,FALSE,NA,NA,FALSE,NA,NA,FALSE,0
"RRGNAojoZVh","MD95_2011Assemblage.Risebrobakken.2003","MarineSediment","temperature",66.9697,7.6393,"positive",NA,NA,FALSE,NA,NA,FALSE,NA,NA,FALSE,NA,NA,FALSE,0
"RRKxz11hFqw","BiskupinskieLake.Noryskiewicz.1995","LakeSediment","temperature",52.78,17.73,"positive",NA,NA,FALSE,NA,NA,FALSE,NA,NA,FALSE,NA,NA,FALSE,0
"RRY0jogRrD7","Pella.Lim.2016","Midden","temperature",-29.0011,19.135,"positive",NA,NA,FALSE,NA,NA,FALSE,NA,NA,FALSE,NA,NA,FALSE,0
"RS6bfDiYewq","Sipola.EPD","Peat","temperature",65.05,24.79,"positive",NA,NA,FALSE,NA,NA,FALSE,NA,NA,FALSE,NA,NA,FALSE,2
"RShtOmHDliM","Agassiz.Lecavalier.2017","GlacierIce","temperature",80.67,-73.5,"positive",NA,NA,FALSE,NA,NA,FALSE,NA,NA,FALSE,NA,NA,FALSE,0
"RsOB194uJ4j","GrosserTreppelsee.EPD","LakeSediment","temperature",52.15,14.45,"positive",NA,NA,FALSE,NA,NA,FALSE,NA,NA,FALSE,NA,NA,FALSE,5
"RtBrqt8sD6A","WilderSeebeimRuhestein.EPD","LakeSediment","temperature",48.57,8.24,"positive",NA,NA,FALSE,NA,NA,FALSE,NA,NA,FALSE,NA,NA,FALSE,0
"RtcHGLf9lJV","BiglandTarn.Barber.2013","LakeSediment","temperature",54.24,-2.99,"positive",NA,NA,FALSE,NA,NA,FALSE,NA,NA,FALSE,NA,NA,FALSE,0
"RTdDwazy1bI","MilandreCave.Affolter.2019","Speleothem","temperature",47.49,7.02,"positive",NA,NA,FALSE,NA,NA,FALSE,NA,NA,FALSE,NA,NA,FALSE,0
"RUnlWXfu5ci","TurovaDacha.EPD","Peat","temperature",48.9,24.1,"positive",NA,NA,FALSE,NA,NA,FALSE,NA,NA,FALSE,NA,NA,FALSE,0
"RVIIY9tLqwu","ChallaLake.Damst.2012","LakeSediment","temperature",-3.3167,37.7,"positive",NA,NA,FALSE,NA,NA,FALSE,NA,NA,FALSE,NA,NA,FALSE,1
"RW5NY4lp9VS","LacNoir.Pollen.Canada","LakeSediment","temperature",45.775,-75.135,"positive",NA,NA,FALSE,NA,NA,FALSE,NA,NA,FALSE,NA,NA,FALSE,7
"RWMZwH85pYo","LochLaxford.EPD","Peat","temperature",58.37,-5,"positive",NA,NA,FALSE,NA,NA,FALSE,NA,NA,FALSE,NA,NA,FALSE,2
"RxEPVgNeOJJ","Wachel3.Doerfler.1989","LakeSediment","temperature",53.44,8.87,"positive",NA,NA,FALSE,NA,NA,FALSE,NA,NA,FALSE,NA,NA,FALSE,1
"RXGw2dCgVOx","KR02Chironomid.Fortin.2010","LakeSediment","temperature",71.34,-113.78,"positive",NA,NA,FALSE,NA,NA,FALSE,NA,NA,FALSE,NA,NA,FALSE,3
"RxPYP3y92HP","CC04.Gibb.2015","MarineSediment","temperature",61.4639,-58.0365,"positive",NA,NA,FALSE,NA,NA,FALSE,NA,NA,FALSE,NA,NA,FALSE,0
"RZQSGG3lsml","ThorpeBulmer.EPD","Peat","temperature",54.72,-1.3,"positive",NA,NA,FALSE,NA,NA,FALSE,NA,NA,FALSE,NA,NA,FALSE,0
"S2LRDCZHedzPkm","TeReingacave.Lorrey.2008","Speleothem","d18O",-38.82,177.52,"positive",NA,NA,FALSE,NA,NA,FALSE,NA,NA,FALSE,NA,NA,FALSE,0
"S2LREFfg8jnl0z","TeReingacave.Lorrey.2008","Speleothem","d18O",-38.82,177.52,"positive",NA,NA,FALSE,NA,NA,FALSE,NA,NA,FALSE,NA,NA,FALSE,0
"S2LRsiwBinOC1B","Spannagelcave.Fohlmeister.2013","Speleothem","d18O",47.08,11.67,"negative",-0.280673628637499,0.176412005168117,FALSE,-0.280673628637499,0.497035902754166,FALSE,-0.269162029442309,0.192771661953146,FALSE,-0.269162029442309,0.499093754919789,FALSE,30
"S2LRTSbmem1S2v","Hollywoodcave.Whittaker.2011","Speleothem","d18O",-41.95,171.47,"positive",NA,NA,FALSE,NA,NA,FALSE,NA,NA,FALSE,NA,NA,FALSE,8
"S2LRXN9VFcK1az","NaturalBridgecaverns.Wong.2015","Speleothem","d13C",29.69,-98.34,"positive",NA,NA,FALSE,NA,NA,FALSE,NA,NA,FALSE,NA,NA,FALSE,14
"SAm_010","SAm-CentralAndes15.Neukom.2014","Wood","trsgi",-41.17,-71.92,"positive",0.156846748106572,0.275714456202399,FALSE,0.156846748106572,0.625320386667041,FALSE,0.0173446710866046,0.894748224462029,FALSE,0.0173446710866046,0.969730125112167,FALSE,76
"SAm_015","SAm-CentralAndes6.Villalba.2014","Wood","trsgi",-38.5,-71.5,"positive",-0.00579371260631139,0.969369016144813,FALSE,-0.00579371260631139,0.992074882144284,FALSE,-0.0780216314159761,0.588967186599073,FALSE,-0.0780216314159761,0.836953370430261,FALSE,76
"SAm_020","SAm-CentralAndes9.Mundo.2014","Wood","trsgi",-39.33,-71.25,"positive",0.127276248796068,0.373717156741723,FALSE,0.127276248796068,0.68575284101151,FALSE,0.0111015661457632,0.934483978872328,FALSE,0.0111015661457632,0.969730125112167,FALSE,76
"SAm_0243","SAm-LagunaAculeo.vonGunten.2009","LakeSediment","temperature",-33.85,-70.92,"positive",0.0788373351888789,0.714230471435207,FALSE,0.0788373351888789,0.916218726931589,FALSE,0.08705513594776,0.685288290003461,FALSE,0.08705513594776,0.879091539438829,FALSE,76
"SAm_025","SAm-LagunaChepical.deJong.2013","LakeSediment","temperature",-32.2667,-70.5,"positive",-0.0401298352933294,0.850707360340691,FALSE,-0.0401298352933294,0.957045780383277,FALSE,-0.0922980188355762,0.652264879030523,FALSE,-0.0922980188355762,0.861284769170279,FALSE,76
"SAm_032","SAm-LagunaEscondida.Elbert.2013","LakeSediment","temperature",-45.5167,-71.8167,"positive",-0.256858802593615,0.0778874049194364,FALSE,-0.256858802593615,0.3110011168262,FALSE,-0.0978202332724235,0.443550538719146,FALSE,-0.0978202332724235,0.719444893211331,FALSE,69
"SAm_035","SAm-QuelccayaIceCap.Thompson.2013","GlacierIce","d18O",-13.9333,-70.8333,"positive",0.665037595609598,0.00348418843947281,TRUE,0.665037595609598,0.0459426708181648,TRUE,0.70067027498746,0.00105151800989823,TRUE,0.70067027498746,0.0170345917603513,TRUE,33
"SP05MAAT01A","SP05MAAT","Speleothem","d18O",47.09,11.67,"positive",0.0472872632352846,0.763327147162472,FALSE,0.0472872632352846,0.923440830304378,FALSE,0.157484976692235,0.313176682667369,FALSE,0.157484976692235,0.625250630536613,FALSE,43
"SP10WINZ01A","SP10WINZ.Williams.2010","Speleothem","d18O",-42,172,"positive",NA,NA,FALSE,NA,NA,FALSE,NA,NA,FALSE,NA,NA,FALSE,0
"T2L_GIK17940_2_d18o_ruber_SST_from_d18o_ruber","GIK17940_2.Pelejero.1999","MarineSediment","temperature",20.1167,117.3833,"positive",NA,NA,FALSE,NA,NA,FALSE,NA,NA,FALSE,NA,NA,FALSE,6
"T2L_KY07_04_PC1_mgca_ruber_SST_from_mgca_ruber","KY07_04_PC1.Kubota.2010","MarineSediment","temperature",31.63,128.95,"positive",NA,NA,FALSE,NA,NA,FALSE,NA,NA,FALSE,NA,NA,FALSE,0
"T2L_M135_005_3_uk37_SST_from_uk37","M135_005_3.Salvatteci.2019","MarineSediment","temperature",-17.4205,-71.769,"positive",NA,NA,FALSE,NA,NA,FALSE,NA,NA,FALSE,NA,NA,FALSE,1
"T2L_MD79_257_uk37_SST_from_uk37","MD79_257.Bard.1997","MarineSediment","temperature",-20.4,36.33,"positive",NA,NA,FALSE,NA,NA,FALSE,NA,NA,FALSE,NA,NA,FALSE,0
"T2L_MD98_2161_d18o_ruber_SST_from_d18o_ruber","MD98_2161.Fan.2018","MarineSediment","temperature",-5.21,117.48,"positive",NA,NA,FALSE,NA,NA,FALSE,NA,NA,FALSE,NA,NA,FALSE,1
"T2L_MD98_2161_mgca_ruber_SST_from_mgca_ruber","MD98_2161.Fan.2018","MarineSediment","temperature",-5.21,117.48,"positive",NA,NA,FALSE,NA,NA,FALSE,NA,NA,FALSE,NA,NA,FALSE,1
"T2L_MD98_2181_d18o_ruber_SST_from_d18o_ruber","MD98_2181.Stott.2007","MarineSediment","temperature",6.3,125.82,"positive",NA,NA,FALSE,NA,NA,FALSE,NA,NA,FALSE,NA,NA,FALSE,10
"T2L_MD99_2269_d18o_pachyderma_SST_from_d18o_pachyderma","MD99_2269.Kristjnsd_ttir.2017","MarineSediment","temperature",66.6413,-20.8632,"positive",NA,NA,FALSE,NA,NA,FALSE,NA,NA,FALSE,NA,NA,FALSE,0
"T2L_MD99_2269_mgca_pachyderma_SST_from_mgca_pachyderma","MD99_2269.Kristjnsd_ttir.2017","MarineSediment","temperature",66.6413,-20.8632,"positive",NA,NA,FALSE,NA,NA,FALSE,NA,NA,FALSE,NA,NA,FALSE,0
"T2L_MD99_2269_uk37_SST_from_uk37","MD99_2269.Kristjnsd_ttir.2017","MarineSediment","temperature",66.6413,-20.8632,"positive",NA,NA,FALSE,NA,NA,FALSE,NA,NA,FALSE,NA,NA,FALSE,0
"T2L_MSM05_5_712_2_d18o_pachyderma_SST_from_d18o_pachyderma","MSM05_5_712_2.Werner.2013","MarineSediment","temperature",78.9157,6.7672,"positive",NA,NA,FALSE,NA,NA,FALSE,NA,NA,FALSE,NA,NA,FALSE,2
"T2L_MV99_GC41_mgca_bulloides_SST_from_mgca_bulloides","MV99_GC41","MarineSediment","temperature",25.2,-112.7167,"positive",NA,NA,FALSE,NA,NA,FALSE,NA,NA,FALSE,NA,NA,FALSE,0
"T2L_OCE326_GGC30_uk37_SST_from_uk37","OCE326_GGC30.Sachs.2007","MarineSediment","temperature",43.8853,-62.7953,"positive",NA,NA,FALSE,NA,NA,FALSE,NA,NA,FALSE,NA,NA,FALSE,0
"T2L_RAPiD_12_1K_d18o_bulloides_SST_from_d18o_bulloides","RAPiD_12_1K.Thornalley.2010","MarineSediment","temperature",62.0905,-17.8197,"positive",NA,NA,FALSE,NA,NA,FALSE,NA,NA,FALSE,NA,NA,FALSE,2
"T2L_SO90_63KA_d18o_ruber_SST_from_d18o_ruber","SO90_63KA.Staubwasser.2003","MarineSediment","temperature",24.61,65.982,"positive",NA,NA,FALSE,NA,NA,FALSE,NA,NA,FALSE,NA,NA,FALSE,6
"TR08THCO00","TR08THCO","Wood","d18O",52.5,-118,"negative",NA,NA,FALSE,NA,NA,FALSE,NA,NA,FALSE,NA,NA,FALSE,7
"TR15NACA00","TR15NACA","Wood","d18O",54.56,-71.2,"positive",0.0718441865223671,0.637808587946002,FALSE,0.0718441865223671,0.867236137566866,FALSE,0.15621770304014,0.277149711830193,FALSE,0.15621770304014,0.588848821755513,FALSE,76
"TR16LAFO00","TR16LAFO","Wood","d18O",48.3833,2.6667,"negative",0.247617998808416,0.0392550802916605,FALSE,0.247617998808416,0.196970181640456,FALSE,0.25178307281239,0.0358392122782479,FALSE,0.25178307281239,0.186429663869418,FALSE,74
"WEB-0e796-091d-40ed-8362-0bc94","TALDICE.Buizert.2021","GlacierIce","temperature",-72.82,159.18,"positive",NA,NA,FALSE,NA,NA,FALSE,NA,NA,FALSE,NA,NA,FALSE,0
"WEB-12bc3-a9cc-43b5-a5fe-efc0b","LakeHazar.On.2017","LakeSediment","PC5",38.4778,39.3369,"negative",NA,NA,FALSE,NA,NA,FALSE,NA,NA,FALSE,NA,NA,FALSE,3
"WEB-21920-31c4-4e4a-8e35-9361b","CS11.Zhang.2023","MarineSediment","temperature",26.073,121.508,"positive",NA,NA,FALSE,NA,NA,FALSE,NA,NA,FALSE,NA,NA,FALSE,2
"WEB-2199a-0faf-4027-bd14-1ab72","SO90_63KA.Burdanowitz.2019","MarineSediment","temperature",24.61,65.982,"positive",NA,NA,FALSE,NA,NA,FALSE,NA,NA,FALSE,NA,NA,FALSE,1
"WEB-31975-5de9-4299-be24-f37df","MD95-2042.Davtian.2023","MarineSediment","temperature",37.7998,-10.1665,"positive",NA,NA,FALSE,NA,NA,FALSE,NA,NA,FALSE,NA,NA,FALSE,0
"WEB-4eb60-2fd7-4326-83e1-c22a1","Arxan.Leng.2024","LakeSediment","temperature",47.32,120.41,"positive",NA,NA,FALSE,NA,NA,FALSE,NA,NA,FALSE,NA,NA,FALSE,0
"WEB-65dca-6fed-4a82-82cf-dd4ed","PC-1.Xu.2021","MarineSediment","temperature",31.458,128.413,"positive",NA,NA,FALSE,NA,NA,FALSE,NA,NA,FALSE,NA,NA,FALSE,0
"WEB-66928-4a41-413f-89fd-d31cf","SPICEcore.Buizert.2021","GlacierIce","temperature",-89.99,-99.16,"positive",NA,NA,FALSE,NA,NA,FALSE,NA,NA,FALSE,NA,NA,FALSE,0
"WEB-6b2dc-0010-400d-8839-8427b","Gahai.Wang.2022","LakeSediment","temperature",34.2398,102.3133,"positive",NA,NA,FALSE,NA,NA,FALSE,NA,NA,FALSE,NA,NA,FALSE,8
"WEB-722f2-7ec7-4b1d-9c80-7c359","MD05-2925.Lo.2021","MarineSediment","temperature",-9.3435,151.4602,"positive",NA,NA,FALSE,NA,NA,FALSE,NA,NA,FALSE,NA,NA,FALSE,0
"WEB-75b37-1658-4e61-b880-5b60e","MD07-3088.Haddam.2018","MarineSediment","temperature",-46.067,-75.683,"positive",NA,NA,FALSE,NA,NA,FALSE,NA,NA,FALSE,NA,NA,FALSE,2
"WEB-7a3d3-17f4-4e87-b3cb-9d14b","U1429.Lee.2022","MarineSediment","temperature",31.6173,128.9975,"positive",NA,NA,FALSE,NA,NA,FALSE,NA,NA,FALSE,NA,NA,FALSE,0
"WEB-84bc2-f82b-4e71-a8ec-9644f","MD95-2042.Davtian.2023","MarineSediment","temperature",37.7998,-10.1665,"positive",NA,NA,FALSE,NA,NA,FALSE,NA,NA,FALSE,NA,NA,FALSE,0
"WEB-86a5a-e8e6-4c59-a2f7-aa344","EpicaDomeC.Buizert.2021","GlacierIce","temperature",-75.1,123.35,"positive",NA,NA,FALSE,NA,NA,FALSE,NA,NA,FALSE,NA,NA,FALSE,0
"WEB-89cd0-397e-4dd7-aba9-04c27","Vostok.Petit.1999","GlacierIce","temperature",-78.47,106.8,"positive",NA,NA,FALSE,NA,NA,FALSE,NA,NA,FALSE,NA,NA,FALSE,0
"WEB-92878-a2d8-4cc6-b982-46344","DomeFuji.Buizert.2021","GlacierIce","temperature",-77.32,39.7,"positive",NA,NA,FALSE,NA,NA,FALSE,NA,NA,FALSE,NA,NA,FALSE,0
"WEB-99d4b-f3b6-4af1-85a2-5fad7","U1429.Lee.2022","MarineSediment","temperature",31.6173,128.9975,"positive",NA,NA,FALSE,NA,NA,FALSE,NA,NA,FALSE,NA,NA,FALSE,0
"WEB-9d355-bfb0-4829-963e-4cbf2","Haukdalsvatn.Geirsdottir.2013","LakeSediment","composite",65.03,-21.37,"positive",NA,NA,FALSE,NA,NA,FALSE,NA,NA,FALSE,NA,NA,FALSE,4
"WEB-bc7c1-fe8e-44ce-8637-3c388","MD12-3396CQ.Civel-Mazens.2021","MarineSediment","temperature",-47.7313,86.6952,"positive",NA,NA,FALSE,NA,NA,FALSE,NA,NA,FALSE,NA,NA,FALSE,0
"WEB-c3814-b8e0-473a-96fe-eb0c5","NIOP905.Erdem.2021","MarineSediment","temperature",10.92,51.94,"positive",NA,NA,FALSE,NA,NA,FALSE,NA,NA,FALSE,NA,NA,FALSE,0
"WEB-cb0e3-c573-4e55-8ce1-4343f","SS0206-GC15.Barrows.2020","MarineSediment","temperature",-39.3128,142.6839,"positive",NA,NA,FALSE,NA,NA,FALSE,NA,NA,FALSE,NA,NA,FALSE,0
"WEB-db95e-e325-4203-969e-274d1","COR1GC.Orme.2020","MarineSediment","temperature",-54.2673,39.7663,"positive",NA,NA,FALSE,NA,NA,FALSE,NA,NA,FALSE,NA,NA,FALSE,0
"WEB-f618f-429a-4160-af3d-8b3b0","EDML.Buizert.2021","GlacierIce","temperature",-75,0.0667,"positive",NA,NA,FALSE,NA,NA,FALSE,NA,NA,FALSE,NA,NA,FALSE,0
"WEB-fbf1e-87cb-4d31-807f-9f472","Lugu.Zhao.2021","LakeSediment","temperature",27.683,100.75,"positive",NA,NA,FALSE,NA,NA,FALSE,NA,NA,FALSE,NA,NA,FALSE,3
"WEB-fd04d-2e62-4ea4-bf04-e654a","SipleDome.Buizert.2021","GlacierIce","temperature",-81.65,-148.81,"positive",NA,NA,FALSE,NA,NA,FALSE,NA,NA,FALSE,NA,NA,FALSE,0
"WEB02525b7b-dup-dup","Hakluytvatnet.vanderBilt.2019","LakeSediment","Uk37",79.77,10.74,"positive",NA,NA,FALSE,NA,NA,FALSE,NA,NA,FALSE,NA,NA,FALSE,0
"WEB03081f2f","JamesRossIsland.Mulvaney.2012","GlacierIce","temperature",-64.2017,-57.685,"positive",NA,NA,FALSE,NA,NA,FALSE,NA,NA,FALSE,NA,NA,FALSE,7
"WEB0c142d5f","BrayaSo.vonGunten.2012","LakeSediment","temperature",66.9875,-51.0333,"positive",NA,NA,FALSE,NA,NA,FALSE,NA,NA,FALSE,NA,NA,FALSE,12
"WEB0fee2851","NorthGRIP.Gkinis.2014","GlacierIce","temperature",75.1,-42.32,"positive",NA,NA,FALSE,NA,NA,FALSE,NA,NA,FALSE,NA,NA,FALSE,0
"WEB13e37e8c","DomeF.Uemura.2018","GlacierIce","temperature",-77.3167,39.67,"positive",NA,NA,FALSE,NA,NA,FALSE,NA,NA,FALSE,NA,NA,FALSE,0
"WEB1bc4c057","DYE3.Dahl-Jensen.1998","GlacierIce","temperature",65.1857,-43.8248,"positive",NA,NA,FALSE,NA,NA,FALSE,NA,NA,FALSE,NA,NA,FALSE,3
"WEB24e039a6","Hidden.Tang.1999","LakeSediment","temperature",29.81,92.54,"positive",NA,NA,FALSE,NA,NA,FALSE,NA,NA,FALSE,NA,NA,FALSE,1
"WEB29a1ba78","QongjiamongCo.Shen.2003","LakeSediment","temperature",29.81,92.37,"positive",NA,NA,FALSE,NA,NA,FALSE,NA,NA,FALSE,NA,NA,FALSE,1
"WEB29cf12bd","CreviceLake.Whitlock.2012","LakeSediment","CaCO3",45,-110.58,"positive",NA,NA,FALSE,NA,NA,FALSE,NA,NA,FALSE,NA,NA,FALSE,11
"WEB2fbd7e47","PlateauRemote.MosleyThompson.1996","GlacierIce","d18O",-84,43,"positive",NA,NA,FALSE,NA,NA,FALSE,NA,NA,FALSE,NA,NA,FALSE,0
"WEB387ae876","JPC42.Caniupan.2014","MarineSediment","temperature",-49.917,-74.383,"positive",NA,NA,FALSE,NA,NA,FALSE,NA,NA,FALSE,NA,NA,FALSE,0
"WEB3b80ddb0","Komosomolskaia.Ciais.1992","GlacierIce","temperature",-74.083,97.4833,"positive",NA,NA,FALSE,NA,NA,FALSE,NA,NA,FALSE,NA,NA,FALSE,0
"WEB3ca1b65e","Mackenzie.Woltering.2014","LakeSediment","temperature",-25.4475,153.0533,"positive",NA,NA,FALSE,NA,NA,FALSE,NA,NA,FALSE,NA,NA,FALSE,1
"WEB3f3a069d","ChihuahuenosBog.Anderson.2008","Peat","Picea/Artemisia",36.0475,-106.51,"positive",NA,NA,FALSE,NA,NA,FALSE,NA,NA,FALSE,NA,NA,FALSE,3
"WEB42e5f4d1","SelinCo.Sun.1993","LakeSediment","temperature",31.65,89.14,"positive",NA,NA,FALSE,NA,NA,FALSE,NA,NA,FALSE,NA,NA,FALSE,1
"WEB45a0b5cd","TR17EDSW","Wood","d18O",57.815,15.26,"positive",NA,NA,FALSE,NA,NA,FALSE,NA,NA,FALSE,NA,NA,FALSE,15
"WEB4be1aff2","LittlePondRoyalston.Marsicek.2013","LakeSediment","temperature",42.68,-72.19,"positive",NA,NA,FALSE,NA,NA,FALSE,NA,NA,FALSE,NA,NA,FALSE,4
"WEB59f13cd6","StewartBog.Jimenez-Moreno.2008","Peat","Picea/Pinus",35.8323,-105.7225,"positive",NA,NA,FALSE,NA,NA,FALSE,NA,NA,FALSE,NA,NA,FALSE,3
"WEB5e35a876","NorthGRIP.Gkinis.2014","GlacierIce","temperature",75.1,-42.32,"positive",NA,NA,FALSE,NA,NA,FALSE,NA,NA,FALSE,NA,NA,FALSE,0
"WEB6df77dbb","FanLake.Foster.2016","LakeSediment","temperature",-54.497,-37.053,"positive",NA,NA,FALSE,NA,NA,FALSE,NA,NA,FALSE,NA,NA,FALSE,4
"WEB7014bceb","Mansell.Shuman.2016","LakeSediment","temperature",45.04,-68.73,"positive",NA,NA,FALSE,NA,NA,FALSE,NA,NA,FALSE,NA,NA,FALSE,7
"WEB73fbe78c_iso2k","GI19POYU","GroundIce","d2H",65.21,-138.32,"positive",NA,NA,FALSE,NA,NA,FALSE,NA,NA,FALSE,NA,NA,FALSE,2
"WEB7fccbe93","ZigetangCo.Herzschuh.2006","LakeSediment","temperature",32,90.9,"positive",NA,NA,FALSE,NA,NA,FALSE,NA,NA,FALSE,NA,NA,FALSE,1
"WEB919184b7","Korallgrottan.Sundqvist.2010","Speleothem","d18O",64.89,14.16,"negative",NA,NA,FALSE,NA,NA,FALSE,NA,NA,FALSE,NA,NA,FALSE,4
"WEB9a26a54b","Eleanor.Gavin.2011","LakeSediment","temperature",47.68,-124.02,"positive",NA,NA,FALSE,NA,NA,FALSE,NA,NA,FALSE,NA,NA,FALSE,1
"WEBa1e48de5","Agassiz.Lecavalier.2017","GlacierIce","temperature",80.67,-73.5,"positive",NA,NA,FALSE,NA,NA,FALSE,NA,NA,FALSE,NA,NA,FALSE,1
"WEBa31332021","MiddenCluster1.Harbert.2018","Midden","temperature",37.9049,-110.1304,"positive",NA,NA,FALSE,NA,NA,FALSE,NA,NA,FALSE,NA,NA,FALSE,1
"WEBa58bb1ff","Mansell.Shuman.2016","LakeSediment","temperature",45.04,-68.73,"positive",NA,NA,FALSE,NA,NA,FALSE,NA,NA,FALSE,NA,NA,FALSE,7
"WEBa7012dcb","BloodPond.Marsicek.2013","LakeSediment","temperature",42.08,-71.96,"positive",NA,NA,FALSE,NA,NA,FALSE,NA,NA,FALSE,NA,NA,FALSE,10
"WEBaef09a4f","ZigetangCo.Herzschuh.2006","LakeSediment","temperature",32,90.9,"positive",NA,NA,FALSE,NA,NA,FALSE,NA,NA,FALSE,NA,NA,FALSE,1
"WEBb46a7c19","Gol-Ho1B-KSGC-31.Sicre.2016","MarineSediment","temperature",43,3.28,"positive",NA,NA,FALSE,NA,NA,FALSE,NA,NA,FALSE,NA,NA,FALSE,7
"WEBb9192769","LittlePondRoyalston.Marsicek.2013","LakeSediment","temperature",42.68,-72.19,"positive",NA,NA,FALSE,NA,NA,FALSE,NA,NA,FALSE,NA,NA,FALSE,4
"WEBc2d7108b","DonggiCona.Wang.2014","LakeSediment","temperature",35.22,98.33,"positive",NA,NA,FALSE,NA,NA,FALSE,NA,NA,FALSE,NA,NA,FALSE,1
"WEBcad1020f","QongjiamongCo.Shen.2003","LakeSediment","temperature",29.81,92.37,"positive",NA,NA,FALSE,NA,NA,FALSE,NA,NA,FALSE,NA,NA,FALSE,1
"WEBccdb4e35","BloodPond.Marsicek.2013","LakeSediment","temperature",42.08,-71.96,"positive",NA,NA,FALSE,NA,NA,FALSE,NA,NA,FALSE,NA,NA,FALSE,10
"WEBd03dcf34","LittlePondRoyalston.Marsicek.2013","LakeSediment","temperature",42.68,-72.19,"positive",NA,NA,FALSE,NA,NA,FALSE,NA,NA,FALSE,NA,NA,FALSE,4
"WEBd30870fb","EPICADomeC.Stenni.2010","GlacierIce","temperature",-75.1019,123.3953,"positive",NA,NA,FALSE,NA,NA,FALSE,NA,NA,FALSE,NA,NA,FALSE,0
"WEBd6c7fc0c","Qinghai.Liu.2002","LakeSediment","temperature",36.67,100.58,"positive",NA,NA,FALSE,NA,NA,FALSE,NA,NA,FALSE,NA,NA,FALSE,1
"WEBe15adc6e","SipleDomeA.Das.2008","GlacierIce","iceMelt",-81.65,-148.82,"positive",NA,NA,FALSE,NA,NA,FALSE,NA,NA,FALSE,NA,NA,FALSE,0
"WEBe79dc8b2","SelinCo.Sun.1993","LakeSediment","temperature",31.65,89.14,"positive",NA,NA,FALSE,NA,NA,FALSE,NA,NA,FALSE,NA,NA,FALSE,1
"WEBe7df08f0","Hidden.Tang.1999","LakeSediment","temperature",29.81,92.54,"positive",NA,NA,FALSE,NA,NA,FALSE,NA,NA,FALSE,NA,NA,FALSE,1
"WEBed8af4cc","Qinghai.Liu.2002","LakeSediment","temperature",36.67,100.58,"positive",NA,NA,FALSE,NA,NA,FALSE,NA,NA,FALSE,NA,NA,FALSE,1
"WEBef5799bb","EDML.Stenni.2010","GlacierIce","temperature",-75.0025,0.0683,"positive",NA,NA,FALSE,NA,NA,FALSE,NA,NA,FALSE,NA,NA,FALSE,0
"WEBf671079c","Mansell.Shuman.2016","LakeSediment","temperature",45.04,-68.73,"positive",NA,NA,FALSE,NA,NA,FALSE,NA,NA,FALSE,NA,NA,FALSE,7
"WEBf671aef0","WAISDivide.Cuffey.2016","GlacierIce","accumulation",-79.4676,-112.08,"positive",NA,NA,FALSE,NA,NA,FALSE,NA,NA,FALSE,NA,NA,FALSE,0
"WEBf7bafce3_iso2k","GI19POYU","GroundIce","d18O",65.21,-138.32,"positive",NA,NA,FALSE,NA,NA,FALSE,NA,NA,FALSE,NA,NA,FALSE,2
"WEBf9c0d6bd","BloodPond.Marsicek.2013","LakeSediment","temperature",42.08,-71.96,"positive",NA,NA,FALSE,NA,NA,FALSE,NA,NA,FALSE,NA,NA,FALSE,10
