"TSid","pool","source"
"RL0SCEeYVWU","temp12k","Temp12k v1.0.0"
"R56JsH0b7h7","temp12k","Temp12k v1.0.0"
"Rl3oDldpRFu_SST_from_planktic0x2EMgCa","temp12k","Temp12k v1.0.0"
"RYfbsh7Nj6W_SST_from_Uk37","temp12k","Temp12k v1.0.0"
"PYTGVVDEA4T","temp12k","Temp12k v1.0.0"
"PYT93BAHDDE","temp12k","Temp12k v1.0.0"
"M2Lv2lo9btoP","temp12k","Temp12k v1.0.0"
"M2Lmk4ecjirP","temp12k","Temp12k v1.0.0"
"M2L7yquhwzuP","temp12k","Temp12k v1.0.0"
"Rlf3YywN7Sz","temp12k","Temp12k v1.0.0"
"R5opojsGcHY","temp12k","Temp12k v1.0.0"
"PYTR4UFZM3W","temp12k","Temp12k v1.0.0"
"LPD05340dbbdp_SST_from_d18O","temp12k","Temp12k v1.0.0"
"LPD28794972dp_SST_from_d18O2","temp12k","Temp12k v1.0.0"
"T2L_A7_mgca_ruber_SST_from_mgca_ruber","temp12k","Temp12k v1.0.0"
"T2L_A7_d18o_ruber_SST_from_d18o_ruber","temp12k","Temp12k v1.0.0"
"M2Lupm3c8kbP","temp12k","Temp12k v1.0.0"
"M2Luu75cnkxP","temp12k","Temp12k v1.0.0"
"M2Lhfelk1bfP","temp12k","Temp12k v1.0.0"
"WEB239e9c22","temp12k","Temp12k v1.0.0"
"RShtOmHDliM","temp12k","Temp12k v1.0.0"
"WEBa1e48de5","temp12k","Temp12k v1.0.0"
"RnxVCFme4M6","temp12k","Temp12k v1.0.0"
"RTdqSojg0st","temp12k","Temp12k v1.0.0"
"RdpMsymwlrC","temp12k","Temp12k v1.0.0"
"R6lPfjM3opf","temp12k","Temp12k v1.0.0"
"Ry0uq7BMis9","temp12k","Temp12k v1.0.0"
"GH34755740","temp12k","Temp12k v1.0.0"
"RFUJxBek9zN","temp12k","Temp12k v1.0.0"
"Rx3TR4XADtS","temp12k","Temp12k v1.0.0"
"R5NnLNvLdVc","temp12k","Temp12k v1.0.0"
"RxVEwJbczte","temp12k","Temp12k v1.0.0"
"RNAncQhRpt8","temp12k","Temp12k v1.0.0"
"RTiSqfSPk0M","temp12k","Temp12k v1.0.0"
"RFcgksnchnI","temp12k","Temp12k v1.0.0"
"RsCmrJ2LIUJ","temp12k","Temp12k v1.0.0"
"R5GBVTGlK5Z","temp12k","Temp12k v1.0.0"
"RcKJrkhJIWx","temp12k","Temp12k v1.0.0"
"RsS9GGho4e3","temp12k","Temp12k v1.0.0"
"R2Y8AnQcVcZ","temp12k","Temp12k v1.0.0"
"RV6sFgBNSUu","temp12k","Temp12k v1.0.0"
"Ry2oSKE2D2P","temp12k","Temp12k v1.0.0"
"RJxXebpMVYB","temp12k","Temp12k v1.0.0"
"LS96VOAM01","temp12k","Temp12k v1.0.0"
"LPDd2a984fe","temp12k","Temp12k v1.0.0"
"PYTMLFNC0A7","temp12k","Temp12k v1.0.0"
"PYTCLN8P1CL","temp12k","Temp12k v1.0.0"
"RSvtIc0N66Y","temp12k","Temp12k v1.0.0"
"PYTXFMZ1EQU","temp12k","Temp12k v1.0.0"
"M2L1r9snju2P","temp12k","Temp12k v1.0.0"
"M2Lr58abc8kP","temp12k","Temp12k v1.0.0"
"M2L68fmqq0lP","temp12k","Temp12k v1.0.0"
"PYTLCCXN62R","temp12k","Temp12k v1.0.0"
"WEB7e132cbf","temp12k","Temp12k v1.0.0"
"T2L_B997_321_d18o_pachyderma_SST_from_d18o_pachyderma","temp12k","Temp12k v1.0.0"
"T2L_B997_324_d18o_pachyderma_SST_from_d18o_pachyderma","temp12k","Temp12k v1.0.0"
"T2L_B997_327_d18o_pachyderma_SST_from_d18o_pachyderma","temp12k","Temp12k v1.0.0"
"R5udN7jdMr6","temp12k","Temp12k v1.0.0"
"Reuxqn1aPrN","temp12k","Temp12k v1.0.0"
"RBT6awPb1VO","temp12k","Temp12k v1.0.0"
"M2L4ptir6l2P","temp12k","Temp12k v1.0.0"
"M2Lfdow59cgP","temp12k","Temp12k v1.0.0"
"M2LnpuqcuqlP","temp12k","Temp12k v1.0.0"
"M2Lqd7jeqa8P","temp12k","Temp12k v1.0.0"
"RXVKcelUtDs","temp12k","Temp12k v1.0.0"
"Rn3tXflt36j","temp12k","Temp12k v1.0.0"
"R4JjJRueZkB","temp12k","Temp12k v1.0.0"
"Rymm6Ej0KFs","temp12k","Temp12k v1.0.0"
"M2Lsnw4qd7nP","temp12k","Temp12k v1.0.0"
"M2Lsvhe5uwvP","temp12k","Temp12k v1.0.0"
"M2Lqrusrc3gP","temp12k","Temp12k v1.0.0"
"M2Lxyvz743zP","temp12k","Temp12k v1.0.0"
"M2Lnb4vidkmP","temp12k","Temp12k v1.0.0"
"M2Lx72gur5lP","temp12k","Temp12k v1.0.0"
"WEBa45174e3","temp12k","Temp12k v1.0.0"
"M2Lwubsanj1P","temp12k","Temp12k v1.0.0"
"M2La6zq11jjP","temp12k","Temp12k v1.0.0"
"M2L6n22fvlcP","temp12k","Temp12k v1.0.0"
"RDAH5bLqI0Y","temp12k","Temp12k v1.0.0"
"RsHcCZf3F0Z","temp12k","Temp12k v1.0.0"
"RqxisXGgu0E","temp12k","Temp12k v1.0.0"
"M2Loyk9yzdgP","temp12k","Temp12k v1.0.0"
"M2Lrb7axgd8P","temp12k","Temp12k v1.0.0"
"M2Lgb6c2jm2P","temp12k","Temp12k v1.0.0"
"RAP1dzJLThI","temp12k","Temp12k v1.0.0"
"RmGezmouka1","temp12k","Temp12k v1.0.0"
"M2Ln0s9p104P","temp12k","Temp12k v1.0.0"
"M2L6hk7di03P","temp12k","Temp12k v1.0.0"
"M2Lsemj4z4fP","temp12k","Temp12k v1.0.0"
"M2L8ta6nvc9P","temp12k","Temp12k v1.0.0"
"M2Ll9trg0t0P","temp12k","Temp12k v1.0.0"
"M2La2ua5w4kP","temp12k","Temp12k v1.0.0"
"RtcHGLf9lJV","temp12k","Temp12k v1.0.0"
"M2Lsn8ueflfP","temp12k","Temp12k v1.0.0"
"M2Lmj0qhtsrP","temp12k","Temp12k v1.0.0"
"M2Lqditl4qyP","temp12k","Temp12k v1.0.0"
"RoO1DPJKvcS","temp12k","Temp12k v1.0.0"
"R7DxiAHp0lf","temp12k","Temp12k v1.0.0"
"RRKxz11hFqw","temp12k","Temp12k v1.0.0"
"T2L_BJ8_03_10GGC_d18o_ruber_SST_from_d18o_ruber","temp12k","Temp12k v1.0.0"
"T2L_BJ8_03_13GGC_mgca_ruber_SST_from_mgca_ruber","temp12k","Temp12k v1.0.0"
"T2L_BJ8_03_13GGC_d18o_ruber_SST_from_d18o_ruber","temp12k","Temp12k v1.0.0"
"T2L_BJ8_03_70GGC_mgca_ruber_SST_from_mgca_ruber","temp12k","Temp12k v1.0.0"
"T2L_BJ8_03_70GGC_d18o_ruber_SST_from_d18o_ruber","temp12k","Temp12k v1.0.0"
"RcHJOeUBfxw","temp12k","Temp12k v1.0.0"
"RqsDm6bDZwv","temp12k","Temp12k v1.0.0"
"R2yzkU2ca31","temp12k","Temp12k v1.0.0"
"RY3BFo7yFd7","temp12k","Temp12k v1.0.0"
"WEBa7012dcb","temp12k","Temp12k v1.0.0"
"WEBccdb4e35","temp12k","Temp12k v1.0.0"
"WEBf9c0d6bd","temp12k","Temp12k v1.0.0"
"M2L4hu4h69oP","temp12k","Temp12k v1.0.0"
"M2L31m0leecP","temp12k","Temp12k v1.0.0"
"M2L3m70t46oP","temp12k","Temp12k v1.0.0"
"RwXhHQgpW2u","temp12k","Temp12k v1.0.0"
"R4NdhyHXypE","temp12k","Temp12k v1.0.0"
"R8v7DcuyImX","temp12k","Temp12k v1.0.0"
"RST39AsmE0I","temp12k","Temp12k v1.0.0"
"M2LzulrgduaP","temp12k","Temp12k v1.0.0"
"M2Lp5wggipyP","temp12k","Temp12k v1.0.0"
"M2Lxytve3doP","temp12k","Temp12k v1.0.0"
"M2L85y6l8ijP","temp12k","Temp12k v1.0.0"
"M2Lzz22ieh1P","temp12k","Temp12k v1.0.0"
"M2Lmp6pxlgjP","temp12k","Temp12k v1.0.0"
"M2Lg3t60401P","temp12k","Temp12k v1.0.0"
"M2L89zd8ncqP","temp12k","Temp12k v1.0.0"
"M2L4wwg6oi5P","temp12k","Temp12k v1.0.0"
"WEB0c142d5f","temp12k","Temp12k v1.0.0"
"R5TK1pF5QBE","temp12k","Temp12k v1.0.0"
"RQHbe4cH6UU","temp12k","Temp12k v1.0.0"
"RBcRoisjDj1","temp12k","Temp12k v1.0.0"
"PYTIRA0OPDR","temp12k","Temp12k v1.0.0"
"GH07da367f_SST_from_Uk37","temp12k","Temp12k v1.0.0"
"RLud13S5mNI","temp12k","Temp12k v1.0.0"
"RLrZViFiuLZ","temp12k","Temp12k v1.0.0"
"RIy9GX5k0xl","temp12k","Temp12k v1.0.0"
"LPDdb9440cb","temp12k","Temp12k v1.0.0"
"M2Le6f1uo55P","temp12k","Temp12k v1.0.0"
"M2L7q0kqi5iP","temp12k","Temp12k v1.0.0"
"M2L215porczP","temp12k","Temp12k v1.0.0"
"PYT17LJ7OZ8","temp12k","Temp12k v1.0.0"
"WEBbc9e627b","temp12k","Temp12k v1.0.0"
"RAll4J7F1rY","temp12k","Temp12k v1.0.0"
"RrLXMslDM70","temp12k","Temp12k v1.0.0"
"GH14bc173e","temp12k","Temp12k v1.0.0"
"M2LsnconpyrP","temp12k","Temp12k v1.0.0"
"M2Lzvyuika0P","temp12k","Temp12k v1.0.0"
"M2L4201jbr2P","temp12k","Temp12k v1.0.0"
"M2L1tucsgyxP","temp12k","Temp12k v1.0.0"
"M2Lgu9mli8uP","temp12k","Temp12k v1.0.0"
"M2Lmxwfo4uxP","temp12k","Temp12k v1.0.0"
"RclKPHfeaEb","temp12k","Temp12k v1.0.0"
"M2Lseyl59f9P","temp12k","Temp12k v1.0.0"
"M2Lpkk1erutP","temp12k","Temp12k v1.0.0"
"M2Lyvstpj8pP","temp12k","Temp12k v1.0.0"
"M2Lfgw3jhx9P","temp12k","Temp12k v1.0.0"
"M2Lgnn5959oP","temp12k","Temp12k v1.0.0"
"M2Lvhsqfd0bP","temp12k","Temp12k v1.0.0"
"M2Loj175nf5P","temp12k","Temp12k v1.0.0"
"M2L7knu3zb6P","temp12k","Temp12k v1.0.0"
"M2Lb1ru7x97P","temp12k","Temp12k v1.0.0"
"RR7iIYb69dm","temp12k","Temp12k v1.0.0"
"RmkH7bJsTt4","temp12k","Temp12k v1.0.0"
"RxPYP3y92HP","temp12k","Temp12k v1.0.0"
"PYT295BX2KQ","temp12k","Temp12k v1.0.0"
"RdV4LGpfddw","temp12k","Temp12k v1.0.0"
"M2Lh4fhttxhP","temp12k","Temp12k v1.0.0"
"M2L726ed2xjP","temp12k","Temp12k v1.0.0"
"M2Lkgti4u2yP","temp12k","Temp12k v1.0.0"
"RVIIY9tLqwu","temp12k","Temp12k v1.0.0"
"Rf9ndgRNF2y","temp12k","Temp12k v1.0.0"
"PYTNKAW5ZDO","temp12k","Temp12k v1.0.0"
"WEB7c7a30a0","temp12k","Temp12k v1.0.0"
"RADdNaFf50i","temp12k","Temp12k v1.0.0"
"Rq20hfvJwc3","temp12k","Temp12k v1.0.0"
"RjaRma7WZui","temp12k","Temp12k v1.0.0"
"RM0SQ5BKOUx","temp12k","Temp12k v1.0.0"
"M2Lb2njsab0P","temp12k","Temp12k v1.0.0"
"M2Lsckwzmv1P","temp12k","Temp12k v1.0.0"
"M2L8muhrctrP","temp12k","Temp12k v1.0.0"
"M2Lypiizu4hP","temp12k","Temp12k v1.0.0"
"M2Lr1vurcfcP","temp12k","Temp12k v1.0.0"
"M2La3lgwa79P","temp12k","Temp12k v1.0.0"
"M2L70fguskmP","temp12k","Temp12k v1.0.0"
"M2L1mbkfqyoP","temp12k","Temp12k v1.0.0"
"M2Lbtzi9joeP","temp12k","Temp12k v1.0.0"
"WEBfc1570c4","temp12k","Temp12k v1.0.0"
"M2Lz8zzjys7P","temp12k","Temp12k v1.0.0"
"M2Ls8oc7swkP","temp12k","Temp12k v1.0.0"
"M2L511e6mjbP","temp12k","Temp12k v1.0.0"
"M2Lakkznb6iP","temp12k","Temp12k v1.0.0"
"M2L3k86dnu3P","temp12k","Temp12k v1.0.0"
"M2Lfqrx9sloP","temp12k","Temp12k v1.0.0"
"M2Lz7ewxd8jP","temp12k","Temp12k v1.0.0"
"M2Lv02p3n8eP","temp12k","Temp12k v1.0.0"
"M2L4attyxxdP","temp12k","Temp12k v1.0.0"
"M2L57gunhnaP","temp12k","Temp12k v1.0.0"
"M2LfavpryfiP","temp12k","Temp12k v1.0.0"
"M2Lo0iw64l3P","temp12k","Temp12k v1.0.0"
"PYTUQPUNFJT","temp12k","Temp12k v1.0.0"
"M2Lhri5d4vvP","temp12k","Temp12k v1.0.0"
"M2Ldae73dbnP","temp12k","Temp12k v1.0.0"
"M2Lwg7wsrd5P","temp12k","Temp12k v1.0.0"
"M2Lyc9a2r23P","temp12k","Temp12k v1.0.0"
"M2Lse70i8puP","temp12k","Temp12k v1.0.0"
"M2L8nwh67cmP","temp12k","Temp12k v1.0.0"
"M2L2322dg93P","temp12k","Temp12k v1.0.0"
"M2Ltp1i0aflP","temp12k","Temp12k v1.0.0"
"M2Loy7jz53zP","temp12k","Temp12k v1.0.0"
"T2L_D13882_uk37_SST_from_uk37","temp12k","Temp12k v1.0.0"
"WEBddd2abef","temp12k","Temp12k v1.0.0"
"PYTPSOT4O3M","temp12k","Temp12k v1.0.0"
"PYTU4TX1ZVV","temp12k","Temp12k v1.0.0"
"PYT7CTPU3HQ","temp12k","Temp12k v1.0.0"
"RJ46xwfMboE","temp12k","Temp12k v1.0.0"
"RLVhTGXvCnW","temp12k","Temp12k v1.0.0"
"RsPmeLbF4Xj","temp12k","Temp12k v1.0.0"
"REW23yVFq2c","temp12k","Temp12k v1.0.0"
"RhceG5t19e4","temp12k","Temp12k v1.0.0"
"M2Lnwn70cm8P","temp12k","Temp12k v1.0.0"
"M2Lb65zci5bP","temp12k","Temp12k v1.0.0"
"M2Lqsgb2az4P","temp12k","Temp12k v1.0.0"
"M2Lqdc73rb2P","temp12k","Temp12k v1.0.0"
"M2Lagkzn1giP","temp12k","Temp12k v1.0.0"
"M2Lhd1b9ejrP","temp12k","Temp12k v1.0.0"
"M2Larzon6irP","temp12k","Temp12k v1.0.0"
"M2Lfauth4q5P","temp12k","Temp12k v1.0.0"
"M2LfdkrvgyhP","temp12k","Temp12k v1.0.0"
"M2L1rw0lmbhP","temp12k","Temp12k v1.0.0"
"M2L8d6q9w3tP","temp12k","Temp12k v1.0.0"
"M2LqxikmeduP","temp12k","Temp12k v1.0.0"
"RvZFkpE8BK4","temp12k","Temp12k v1.0.0"
"M2L3l1fqhcvP","temp12k","Temp12k v1.0.0"
"M2Ldwjqir4jP","temp12k","Temp12k v1.0.0"
"M2Lvlvf54mwP","temp12k","Temp12k v1.0.0"
"WEBfb6b61e3","temp12k","Temp12k v1.0.0"
"M2Lycyl84kiP","temp12k","Temp12k v1.0.0"
"M2Lgulwr3fmP","temp12k","Temp12k v1.0.0"
"M2Lmcalxjr0P","temp12k","Temp12k v1.0.0"
"PYT8NX1Q5ZA","temp12k","Temp12k v1.0.0"
"M2Leb83o3ngP","temp12k","Temp12k v1.0.0"
"M2Ln0os2orwP","temp12k","Temp12k v1.0.0"
"M2Lp7ovi4zuP","temp12k","Temp12k v1.0.0"
"PYTQGF9UT2H","temp12k","Temp12k v1.0.0"
"Rdf2KmRVOb2","temp12k","Temp12k v1.0.0"
"RT9UYffF0r0","temp12k","Temp12k v1.0.0"
"RFnXAgxg0hG","temp12k","Temp12k v1.0.0"
"REFJO9vQCfa","temp12k","Temp12k v1.0.0"
"M2L9b0h67c3P","temp12k","Temp12k v1.0.0"
"M2Lhh6f9sm9P","temp12k","Temp12k v1.0.0"
"M2Lhauzlyt3P","temp12k","Temp12k v1.0.0"
"RfEoNTrvsy9","temp12k","Temp12k v1.0.0"
"RmWAcZM7Ri5","temp12k","Temp12k v1.0.0"
"RPm77pxTowD","temp12k","Temp12k v1.0.0"
"RQ6N1Ktr5Ai","temp12k","Temp12k v1.0.0"
"RXKfG1yd0lA","temp12k","Temp12k v1.0.0"
"RMpGVpFWptO","temp12k","Temp12k v1.0.0"
"WEB1bc4c057","temp12k","Temp12k v1.0.0"
"PYTAUVXNNEA","temp12k","Temp12k v1.0.0"
"R3Ypu5QP5eP","temp12k","Temp12k v1.0.0"
"M2Lg77nq75zP","temp12k","Temp12k v1.0.0"
"M2Lv9gueit2P","temp12k","Temp12k v1.0.0"
"M2L1fcqp9rpP","temp12k","Temp12k v1.0.0"
"M2Lpiyhg2dyP","temp12k","Temp12k v1.0.0"
"M2Lsekb4bsqP","temp12k","Temp12k v1.0.0"
"M2L5adu400zP","temp12k","Temp12k v1.0.0"
"WEBef5799bb","temp12k","Temp12k v1.0.0"
"RHkrEHLrEmG","temp12k","Temp12k v1.0.0"
"M2LlulfcfzyP","temp12k","Temp12k v1.0.0"
"M2Lz04mrkssP","temp12k","Temp12k v1.0.0"
"M2L4110p1qwP","temp12k","Temp12k v1.0.0"
"M2LxrriubooP","temp12k","Temp12k v1.0.0"
"M2LiaueutgvP","temp12k","Temp12k v1.0.0"
"M2Lm8jxg50yP","temp12k","Temp12k v1.0.0"
"WEB9a26a54b","temp12k","Temp12k v1.0.0"
"Rc9cuWIUbO5","temp12k","Temp12k v1.0.0"
"WEB65af657c","temp12k","Temp12k v1.0.0"
"T2L_EN32_PC6_mgca_ruber_SST_from_mgca_ruber","temp12k","Temp12k v1.0.0"
"T2L_EN32_PC6_d18o_ruber_SST_from_d18o_ruber","temp12k","Temp12k v1.0.0"
"M2Lpm21frclP","temp12k","Temp12k v1.0.0"
"M2L9nfmow8zP","temp12k","Temp12k v1.0.0"
"M2Lzhv3nfyiP","temp12k","Temp12k v1.0.0"
"M2Lttreppu1P","temp12k","Temp12k v1.0.0"
"M2L3lackd3rP","temp12k","Temp12k v1.0.0"
"M2L846r0l61P","temp12k","Temp12k v1.0.0"
"WEBd30870fb","temp12k","Temp12k v1.0.0"
"T2L_ERDC_092BX_d18o_sacculifer_SST_from_d18o_sacculifer","temp12k","Temp12k v1.0.0"
"R9q1L6RBaPd","temp12k","Temp12k v1.0.0"
"RiyWXIIlfUl","temp12k","Temp12k v1.0.0"
"RGzc1K1TEcO","temp12k","Temp12k v1.0.0"
"RTl0Xb3NzUT","temp12k","Temp12k v1.0.0"
"T2L_EW0408_66JC_uk37_SST_from_uk37","temp12k","Temp12k v1.0.0"
"T2L_EW0408_66JC_d18o_pachyderma_SST_from_d18o_pachyderma","temp12k","Temp12k v1.0.0"
"T2L_EW0408_85JC_uk37_SST_from_uk37","temp12k","Temp12k v1.0.0"
"T2L_EW0408_85JC_d18o_pachyderma_SST_from_d18o_pachyderma","temp12k","Temp12k v1.0.0"
"T2L_EW0408_85JC_d18o_bulloides_SST_from_d18o_bulloides","temp12k","Temp12k v1.0.0"
"WEB6df77dbb","temp12k","Temp12k v1.0.0"
"PYTUWT2GQ7F","temp12k","Temp12k v1.0.0"
"PYT0UICY9DO","temp12k","Temp12k v1.0.0"
"M2Lfivgg76xP","temp12k","Temp12k v1.0.0"
"M2Lasjuwzq8P","temp12k","Temp12k v1.0.0"
"M2Luyrjjlf0P","temp12k","Temp12k v1.0.0"
"RNUUIt5cNMT","temp12k","Temp12k v1.0.0"
"RFh4TAxf8GA","temp12k","Temp12k v1.0.0"
"Rlr6O7iamYQ","temp12k","Temp12k v1.0.0"
"PYTU1B5B43Z","temp12k","Temp12k v1.0.0"
"PYTSP55UOX3","temp12k","Temp12k v1.0.0"
"RDXh0f5DCO4","temp12k","Temp12k v1.0.0"
"RLAKtgjsUHn","temp12k","Temp12k v1.0.0"
"REMWr1ap7WS","temp12k","Temp12k v1.0.0"
"WEBd6c4bf1f","temp12k","Temp12k v1.0.0"
"PYT6ATFLR1S","temp12k","Temp12k v1.0.0"
"M2Lobppgc8iP","temp12k","Temp12k v1.0.0"
"M2Lreiy4zuwP","temp12k","Temp12k v1.0.0"
"M2Lgupr25mjP","temp12k","Temp12k v1.0.0"
"M2L782p0ctmP","temp12k","Temp12k v1.0.0"
"M2L5sczvonsP","temp12k","Temp12k v1.0.0"
"M2Lf6mllgzvP","temp12k","Temp12k v1.0.0"
"M2L8i5tdwifP","temp12k","Temp12k v1.0.0"
"M2Lse4fodl9P","temp12k","Temp12k v1.0.0"
"M2Lr2u9z69jP","temp12k","Temp12k v1.0.0"
"RrR5q3ibRjl","temp12k","Temp12k v1.0.0"
"RL64xxOUoVT_SST_from_planktic0x2EMgCa","temp12k","Temp12k v1.0.0"
"R3VPL7rxXyk_SST_from_planktic0x2EMgCa","temp12k","Temp12k v1.0.0"
"T2L_GeoB10053_7_d18o_ruber_SST_from_d18o_ruber","temp12k","Temp12k v1.0.0"
"T2L_GeoB10053_7_d18o_bulloides_SST_from_d18o_bulloides","temp12k","Temp12k v1.0.0"
"T2L_GeoB10069_3_mgca_ruber_SST_from_mgca_ruber","temp12k","Temp12k v1.0.0"
"T2L_GeoB10069_3_d18o_ruber_SST_from_d18o_ruber","temp12k","Temp12k v1.0.0"
"T2L_GeoB1023_5_uk37_SST_from_uk37","temp12k","Temp12k v1.0.0"
"T2L_GeoB1023_5_d18o_bulloides_SST_from_d18o_bulloides","temp12k","Temp12k v1.0.0"
"RvgMFNdDqju_SST_from_planktic0x2EMgCa","temp12k","Temp12k v1.0.0"
"T2L_GeoB12615_4_mgca_ruber_SST_from_mgca_ruber","temp12k","Temp12k v1.0.0"
"T2L_GeoB12615_4_d18o_ruber_SST_from_d18o_ruber","temp12k","Temp12k v1.0.0"
"T2L_GeoB1711_4_uk37_SST_from_uk37","temp12k","Temp12k v1.0.0"
"T2L_GeoB17419_1_d18o_ruber_SST_from_d18o_ruber","temp12k","Temp12k v1.0.0"
"T2L_GeoB3104_1_d18o_sacculifer_SST_from_d18o_sacculifer","temp12k","Temp12k v1.0.0"
"T2L_GeoB3104_1_d18o_ruber_pink_SST_from_d18o_ruber_pink","temp12k","Temp12k v1.0.0"
"T2L_GeoB3129_1_mgca_ruber_SST_from_mgca_ruber","temp12k","Temp12k v1.0.0"
"T2L_GeoB3129_1_d18o_ruber_SST_from_d18o_ruber","temp12k","Temp12k v1.0.0"
"T2L_GeoB3129_1_d18o_sacculifer_SST_from_d18o_sacculifer","temp12k","Temp12k v1.0.0"
"T2L_GeoB3129_1_d18o_ruber_pink_SST_from_d18o_ruber_pink","temp12k","Temp12k v1.0.0"
"T2L_GeoB33131_uk37_SST_from_uk37","temp12k","Temp12k v1.0.0"
"T2L_GeoB33131_d18o_pachyderma_SST_from_d18o_pachyderma","temp12k","Temp12k v1.0.0"
"T2L_GeoB3910_2_uk37_SST_from_uk37","temp12k","Temp12k v1.0.0"
"T2L_GeoB3910_2_d18o_sacculifer_SST_from_d18o_sacculifer","temp12k","Temp12k v1.0.0"
"T2L_GeoB4905_4_mgca_ruber_pink_SST_from_mgca_ruber_pink","temp12k","Temp12k v1.0.0"
"T2L_GeoB4905_4_d18o_ruber_pink_SST_from_d18o_ruber_pink","temp12k","Temp12k v1.0.0"
"T2L_GeoB5844_2_uk37_SST_from_uk37","temp12k","Temp12k v1.0.0"
"T2L_GeoB5844_2_d18o_ruber_SST_from_d18o_ruber","temp12k","Temp12k v1.0.0"
"T2L_GeoB5901_2_uk37_SST_from_uk37","temp12k","Temp12k v1.0.0"
"T2L_GeoB6518_1_uk37_SST_from_uk37","temp12k","Temp12k v1.0.0"
"T2L_GeoB6518_1_d18o_ruber_SST_from_d18o_ruber","temp12k","Temp12k v1.0.0"
"GHd6662417","temp12k","Temp12k v1.0.0"
"T2L_GeoB7702_3_tex86_SST_from_tex86","temp12k","Temp12k v1.0.0"
"T2L_GeoB7702_3_uk37_SST_from_uk37","temp12k","Temp12k v1.0.0"
"T2L_GeoB7926_2_uk37_SST_from_uk37","temp12k","Temp12k v1.0.0"
"T2L_GeoB7926_2_tex86_SST_from_tex86","temp12k","Temp12k v1.0.0"
"T2L_GeoB9307_3_mgca_ruber_SST_from_mgca_ruber","temp12k","Temp12k v1.0.0"
"T2L_GeoB9307_3_tex86_SST_from_tex86","temp12k","Temp12k v1.0.0"
"T2L_GeoB9307_3_d18o_ruber_SST_from_d18o_ruber","temp12k","Temp12k v1.0.0"
"T2L_GeoB9310_4_mgca_ruber_SST_from_mgca_ruber","temp12k","Temp12k v1.0.0"
"T2L_GeoB9310_4_d18o_ruber_SST_from_d18o_ruber","temp12k","Temp12k v1.0.0"
"LPD736982dd_SST_from_Mg0x2FCa","temp12k","Temp12k v1.0.0"
"PYTLU4EW21I","temp12k","Temp12k v1.0.0"
"PYT6D3JR7SB","temp12k","Temp12k v1.0.0"
"Ro3B6DNs1ql","temp12k","Temp12k v1.0.0"
"Rd6Oiv4cg6q","temp12k","Temp12k v1.0.0"
"RMr3bTfSrKG","temp12k","Temp12k v1.0.0"
"RcmVWMitlMg","temp12k","Temp12k v1.0.0"
"RKyXg0f8sCz","temp12k","Temp12k v1.0.0"
"Rp7Lgyoj4uQ","temp12k","Temp12k v1.0.0"
"T2L_GIK17049_6_d18o_bulloides_SST_from_d18o_bulloides","temp12k","Temp12k v1.0.0"
"T2L_GIK17049_6_d18o_pachyderma_SST_from_d18o_pachyderma","temp12k","Temp12k v1.0.0"
"T2L_GIK17051_3_d18o_bulloides_SST_from_d18o_bulloides","temp12k","Temp12k v1.0.0"
"T2L_GIK17051_3_d18o_pachyderma_SST_from_d18o_pachyderma","temp12k","Temp12k v1.0.0"
"PYTQY9TKRS3_SST_from_Uk37","temp12k","Temp12k v1.0.0"
"T2L_GIK17940_2_uk37_SST_from_uk37","temp12k","Temp12k v1.0.0"
"T2L_GIK17940_2_d18o_ruber_SST_from_d18o_ruber","temp12k","Temp12k v1.0.0"
"T2L_GIK18287_3_uk37_SST_from_uk37","temp12k","Temp12k v1.0.0"
"T2L_GIK18287_3_d18o_ruber_SST_from_d18o_ruber","temp12k","Temp12k v1.0.0"
"R7fm0TgPac4_SST_from_planktic0x2EMgCa","temp12k","Temp12k v1.0.0"
"T2L_GIK23258_2_uk37_SST_from_uk37","temp12k","Temp12k v1.0.0"
"T2L_GIK23258_2_d18o_pachyderma_SST_from_d18o_pachyderma","temp12k","Temp12k v1.0.0"
"WEB6b4bb5c0","temp12k","Temp12k v1.0.0"
"WEB892a8505","temp12k","Temp12k v1.0.0"
"WEB3c877daf","temp12k","Temp12k v1.0.0"
"PYTRNLIY93N","temp12k","Temp12k v1.0.0"
"PYT6LCMKNSQ","temp12k","Temp12k v1.0.0"
"LPD315357f3","temp12k","Temp12k v1.0.0"
"R7dZDOFallY","temp12k","Temp12k v1.0.0"
"RCdkGYUfpeV","temp12k","Temp12k v1.0.0"
"RGSf66iUGGX","temp12k","Temp12k v1.0.0"
"PYTVPO5NXEA","temp12k","Temp12k v1.0.0"
"RFzafiT2i0G","temp12k","Temp12k v1.0.0"
"R2omRGlE3NW","temp12k","Temp12k v1.0.0"
"RCwRCGbOckk","temp12k","Temp12k v1.0.0"
"Rx5JZzkqphH","temp12k","Temp12k v1.0.0"
"Rc2ObsVyF57","temp12k","Temp12k v1.0.0"
"RhpSRBqCzip","temp12k","Temp12k v1.0.0"
"RcSsvGezIa5","temp12k","Temp12k v1.0.0"
"RgkQUSYm0tI","temp12k","Temp12k v1.0.0"
"RvII85BRN76","temp12k","Temp12k v1.0.0"
"M2L6ew5shwrP","temp12k","Temp12k v1.0.0"
"M2Lqwcm0wf7P","temp12k","Temp12k v1.0.0"
"M2Lxbc1e0kaP","temp12k","Temp12k v1.0.0"
"Rnodq2jxJiF","temp12k","Temp12k v1.0.0"
"Rn31CYQ7kF0","temp12k","Temp12k v1.0.0"
"RnxedBSG27v","temp12k","Temp12k v1.0.0"
"M2L1hd9elcgP","temp12k","Temp12k v1.0.0"
"M2L482cj2l6P","temp12k","Temp12k v1.0.0"
"M2LrfsovzqmP","temp12k","Temp12k v1.0.0"
"RPF4p4q460x","temp12k","Temp12k v1.0.0"
"R1IFPSGR8D4","temp12k","Temp12k v1.0.0"
"RrTXYObncyp","temp12k","Temp12k v1.0.0"
"M2L6kibcpjzP","temp12k","Temp12k v1.0.0"
"M2Lf95apbthP","temp12k","Temp12k v1.0.0"
"M2L7yts2zmyP","temp12k","Temp12k v1.0.0"
"LPD8d84bf64","temp12k","Temp12k v1.0.0"
"M2Lybj31kyvP","temp12k","Temp12k v1.0.0"
"M2L8tu5bymcP","temp12k","Temp12k v1.0.0"
"M2L56xlqdy9P","temp12k","Temp12k v1.0.0"
"M2Llyg55yq9P","temp12k","Temp12k v1.0.0"
"M2L8a4z7ntyP","temp12k","Temp12k v1.0.0"
"M2L2jfcsqvbP","temp12k","Temp12k v1.0.0"
"PYTZPNPWL0E","temp12k","Temp12k v1.0.0"
"PYTXLQJX3FB","temp12k","Temp12k v1.0.0"
"PYTE08I3BN3","temp12k","Temp12k v1.0.0"
"PYTHEC2VIP4","temp12k","Temp12k v1.0.0"
"RznCZXhHXPN","temp12k","Temp12k v1.0.0"
"RypmpVeFWPB","temp12k","Temp12k v1.0.0"
"RiC8o7pLcFf","temp12k","Temp12k v1.0.0"
"RzyRCrnQ01a","temp12k","Temp12k v1.0.0"
"RnZjOuuIWhT","temp12k","Temp12k v1.0.0"
"PYTW12WS22J","temp12k","Temp12k v1.0.0"
"PYT1URDUH1H","temp12k","Temp12k v1.0.0"
"PYTQ80LZ9WG","temp12k","Temp12k v1.0.0"
"M2L8sc7gn3mP","temp12k","Temp12k v1.0.0"
"M2Lx32u25tbP","temp12k","Temp12k v1.0.0"
"M2L7thzxje2P","temp12k","Temp12k v1.0.0"
"R7nzsIEPl8l","temp12k","Temp12k v1.0.0"
"M2L6h0g3irsP","temp12k","Temp12k v1.0.0"
"M2Lx11tsy4kP","temp12k","Temp12k v1.0.0"
"M2L9ewaug0vP","temp12k","Temp12k v1.0.0"
"WEB1fa182ff","temp12k","Temp12k v1.0.0"
"LPD5c89a1b5","temp12k","Temp12k v1.0.0"
"M2L9mcrwzntP","temp12k","Temp12k v1.0.0"
"M2Leb1v0p9eP","temp12k","Temp12k v1.0.0"
"M2Luuo6xgosP","temp12k","Temp12k v1.0.0"
"PYTA1GJPYJV","temp12k","Temp12k v1.0.0"
"WEB-9d355-bfb0-4829-963e-4cbf2","temp12k","Temp12k v1.0.0"
"RrOpDnA7N9p","temp12k","Temp12k v1.0.0"
"R42P7vN8SSD","temp12k","Temp12k v1.0.0"
"ROGtLduWxIY","temp12k","Temp12k v1.0.0"
"M2LtawdjhcuP","temp12k","Temp12k v1.0.0"
"M2Loqs53j91P","temp12k","Temp12k v1.0.0"
"M2Lum6m09hnP","temp12k","Temp12k v1.0.0"
"RiGB29gyPkL","temp12k","Temp12k v1.0.0"
"WEB4f8fa23d","temp12k","Temp12k v1.0.0"
"RIRxCH0hUy2","temp12k","Temp12k v1.0.0"
"M2Lrt4mnt25P","temp12k","Temp12k v1.0.0"
"M2L2ud8w3tmP","temp12k","Temp12k v1.0.0"
"M2Lh5wgkh8bP","temp12k","Temp12k v1.0.0"
"RD1FZyd0zs4","temp12k","Temp12k v1.0.0"
"RNxrM3ZyTMg","temp12k","Temp12k v1.0.0"
"RwrQPSdvMms","temp12k","Temp12k v1.0.0"
"Rf9C1DGdIz2","temp12k","Temp12k v1.0.0"
"RbSONPxSQmW","temp12k","Temp12k v1.0.0"
"PYT88A4DF9B","temp12k","Temp12k v1.0.0"
"WEB6caee137","temp12k","Temp12k v1.0.0"
"T2L_HLY03_05GC_d18o_pachyderma_SST_from_d18o_pachyderma","temp12k","Temp12k v1.0.0"
"PYTKI3J0T5T","temp12k","Temp12k v1.0.0"
"PYT9Y0BB33N","temp12k","Temp12k v1.0.0"
"R4leNyaMf2O","temp12k","Temp12k v1.0.0"
"R9MShz9HNQ2","temp12k","Temp12k v1.0.0"
"RGBciJa69Zj","temp12k","Temp12k v1.0.0"
"PYT7BRB3XHJ","temp12k","Temp12k v1.0.0"
"PYT38GE0NJ3","temp12k","Temp12k v1.0.0"
"RAertBwRhYB","temp12k","Temp12k v1.0.0"
"RBFjUCSs1ez","temp12k","Temp12k v1.0.0"
"RiOf362hfE8","temp12k","Temp12k v1.0.0"
"RiqkBNqHL3T","temp12k","Temp12k v1.0.0"
"GH194ddf83","temp12k","Temp12k v1.0.0"
"PYTN6TJY4W2","temp12k","Temp12k v1.0.0"
"WEB19eac4d9","temp12k","Temp12k v1.0.0"
"RIlNg5PrONi","temp12k","Temp12k v1.0.0"
"M2Lqo9jdhqrP","temp12k","Temp12k v1.0.0"
"M2L2qyuy30kP","temp12k","Temp12k v1.0.0"
"M2L8rmkdbgxP","temp12k","Temp12k v1.0.0"
"T2L_HU73_031_7_d18o_ruber_SST_from_d18o_ruber","temp12k","Temp12k v1.0.0"
"T2L_HU73_031_7_d18o_pachyderma_SST_from_d18o_pachyderma","temp12k","Temp12k v1.0.0"
"PYTT4U7T413","temp12k","Temp12k v1.0.0"
"PYTHNY32G95","temp12k","Temp12k v1.0.0"
"T2L_HU87033_87017PC_d18o_pachyderma_SST_from_d18o_pachyderma","temp12k","Temp12k v1.0.0"
"T2L_HU87033_87018PC_d18o_pachyderma_SST_from_d18o_pachyderma","temp12k","Temp12k v1.0.0"
"T2L_HU90_013_013_d18o_pachyderma_SST_from_d18o_pachyderma","temp12k","Temp12k v1.0.0"
"PYTCN1ME3Q4","temp12k","Temp12k v1.0.0"
"PYT67GRFWKV","temp12k","Temp12k v1.0.0"
"PYT4E9JNK09","temp12k","Temp12k v1.0.0"
"PYTBX6EGUAD","temp12k","Temp12k v1.0.0"
"PYTI3HL2Q73","temp12k","Temp12k v1.0.0"
"LPD25ffc1d5","temp12k","Temp12k v1.0.0"
"LPD50ce7982","temp12k","Temp12k v1.0.0"
"LPD7d6219d0","temp12k","Temp12k v1.0.0"
"M2Lxkkb370mP","temp12k","Temp12k v1.0.0"
"M2Lz9tfayjwP","temp12k","Temp12k v1.0.0"
"M2L1araoamkP","temp12k","Temp12k v1.0.0"
"M2LrtejenybP","temp12k","Temp12k v1.0.0"
"M2Lk4xoowpzP","temp12k","Temp12k v1.0.0"
"M2Lbkd197eqP","temp12k","Temp12k v1.0.0"
"WEB857d0da0","temp12k","Temp12k v1.0.0"
"PYTIFNEXCAM","temp12k","Temp12k v1.0.0"
"RMZxFXZy3Ew","temp12k","Temp12k v1.0.0"
"PYT03KZQAVB","temp12k","Temp12k v1.0.0"
"M2L3288iu79P","temp12k","Temp12k v1.0.0"
"M2Ljdf1685dP","temp12k","Temp12k v1.0.0"
"M2L3khz4mxcP","temp12k","Temp12k v1.0.0"
"M2L821j07cwP","temp12k","Temp12k v1.0.0"
"M2Lywebu2etP","temp12k","Temp12k v1.0.0"
"M2L73grsf22P","temp12k","Temp12k v1.0.0"
"T2L_IOW225514_uk37_SST_from_uk37","temp12k","Temp12k v1.0.0"
"T2L_IOW225517_uk37_SST_from_uk37","temp12k","Temp12k v1.0.0"
"M2Ltylc7shoP","temp12k","Temp12k v1.0.0"
"M2L94hlbgm5P","temp12k","Temp12k v1.0.0"
"M2L7vpov9ueP","temp12k","Temp12k v1.0.0"
"PYTV6QSJN0Y","temp12k","Temp12k v1.0.0"
"RiKlOP798kB","temp12k","Temp12k v1.0.0"
"RXzd4kwZ1XC","temp12k","Temp12k v1.0.0"
"R6bcAqybDA7","temp12k","Temp12k v1.0.0"
"PYT8O5BE482","temp12k","Temp12k v1.0.0"
"WEB3c95e135","temp12k","Temp12k v1.0.0"
"WEB222fb2bd","temp12k","Temp12k v1.0.0"
"PYTFYIETUXB","temp12k","Temp12k v1.0.0"
"PYT43820D4M","temp12k","Temp12k v1.0.0"
"PYTGAQBO3C8","temp12k","Temp12k v1.0.0"
"WEB387ae876","temp12k","Temp12k v1.0.0"
"WEB32a51a83","temp12k","Temp12k v1.0.0"
"PYT6CZBVE1E","temp12k","Temp12k v1.0.0"
"RhF20RCQseU","temp12k","Temp12k v1.0.0"
"T2L_JR244_GC528_uk37_SST_from_uk37","temp12k","Temp12k v1.0.0"
"T2L_JR51GC_35_uk37_SST_from_uk37","temp12k","Temp12k v1.0.0"
"PYT0P81RJWL","temp12k","Temp12k v1.0.0"
"RHlStweE7Z4","temp12k","Temp12k v1.0.0"
"RyLPf9ScmVz","temp12k","Temp12k v1.0.0"
"RqS5ulSHXB6","temp12k","Temp12k v1.0.0"
"LPDb676e71d","temp12k","Temp12k v1.0.0"
"R8B6XMR2wGH","temp12k","Temp12k v1.0.0"
"RwoxLw4fCEO","temp12k","Temp12k v1.0.0"
"RQ4WWK5V6cO","temp12k","Temp12k v1.0.0"
"RoeuHmxH1bK","temp12k","Temp12k v1.0.0"
"R1qHmKcT6AU","temp12k","Temp12k v1.0.0"
"R66BSHlK8bK","temp12k","Temp12k v1.0.0"
"R6leKSiRv4J","temp12k","Temp12k v1.0.0"
"RDGYulsMSkK","temp12k","Temp12k v1.0.0"
"RKBX4bUUNXi","temp12k","Temp12k v1.0.0"
"M2Lut2rpqe2P","temp12k","Temp12k v1.0.0"
"M2L0bknlm1hP","temp12k","Temp12k v1.0.0"
"M2Lhapfah89P","temp12k","Temp12k v1.0.0"
"M2Lzfhpb40oP","temp12k","Temp12k v1.0.0"
"M2Lers6pgmkP","temp12k","Temp12k v1.0.0"
"M2L0pm7wjobP","temp12k","Temp12k v1.0.0"
"M2L54ah2uwsP","temp12k","Temp12k v1.0.0"
"M2Lynyi720vP","temp12k","Temp12k v1.0.0"
"M2L8o4qa5uuP","temp12k","Temp12k v1.0.0"
"R3kXLCnhtdi","temp12k","Temp12k v1.0.0"
"RchrJSmu2H9","temp12k","Temp12k v1.0.0"
"WEB6f612252","temp12k","Temp12k v1.0.0"
"PYTT5VJ1IP1","temp12k","Temp12k v1.0.0"
"RHTI56Pxs41","temp12k","Temp12k v1.0.0"
"PYT4160KEY4","temp12k","Temp12k v1.0.0"
"T2L_KNR159_5_36GGC_d18o_ruber_SST_from_d18o_ruber","temp12k","Temp12k v1.0.0"
"T2L_KNR159_JPC26_mgca_ruber_lato_SST_from_mgca_ruber_lato","temp12k","Temp12k v1.0.0"
"T2L_KNR159_JPC26_mgca_ruber_stricto_SST_from_mgca_ruber_stricto","temp12k","Temp12k v1.0.0"
"T2L_KNR159_JPC26_d18o_ruber_lato_SST_from_d18o_ruber_lato","temp12k","Temp12k v1.0.0"
"T2L_KNR159_JPC26_d18o_ruber_stricto_SST_from_d18o_ruber_stricto","temp12k","Temp12k v1.0.0"
"T2L_KNR166_14_11JPC_d18o_bulloides_SST_from_d18o_bulloides","temp12k","Temp12k v1.0.0"
"T2L_KNR166_14_11JPC_d18o_pachyderma_SST_from_d18o_pachyderma","temp12k","Temp12k v1.0.0"
"T2L_KNR166_JPC26_mgca_ruber_SST_from_mgca_ruber","temp12k","Temp12k v1.0.0"
"T2L_KNR166_JPC26_d18o_ruber_SST_from_d18o_ruber","temp12k","Temp12k v1.0.0"
"T2L_KNR166_JPC51_mgca_ruber_SST_from_mgca_ruber","temp12k","Temp12k v1.0.0"
"T2L_KNR166_JPC51_d18o_ruber_SST_from_d18o_ruber","temp12k","Temp12k v1.0.0"
"T2L_KNR195_5_CDH23_uk37_SST_from_uk37","temp12k","Temp12k v1.0.0"
"T2L_KNR195_5_CDH26_uk37_SST_from_uk37","temp12k","Temp12k v1.0.0"
"RL0y7oNHYEx","temp12k","Temp12k v1.0.0"
"RCzaVnPuDWU","temp12k","Temp12k v1.0.0"
"RKIaXBAVgUE","temp12k","Temp12k v1.0.0"
"WEB3b80ddb0","temp12k","Temp12k v1.0.0"
"RyQ74Z7GxTJ","temp12k","Temp12k v1.0.0"
"PYTRUXBRWZ0","temp12k","Temp12k v1.0.0"
"R1jYCQVBlaV","temp12k","Temp12k v1.0.0"
"RGx72to7BAg","temp12k","Temp12k v1.0.0"
"RWShShxDbGs_SST_from_Uk37","temp12k","Temp12k v1.0.0"
"NAm2kHydro240","temp12k","Temp12k v1.0.0"
"PYT8QV5B55C","temp12k","Temp12k v1.0.0"
"T2L_KY07_04_PC1_mgca_ruber_SST_from_mgca_ruber","temp12k","Temp12k v1.0.0"
"RvoC7ZDCwNh","temp12k","Temp12k v1.0.0"
"RYyDb1URhtN","temp12k","Temp12k v1.0.0"
"RiOWDR3HWB7","temp12k","Temp12k v1.0.0"
"M2Li82rc0jwP","temp12k","Temp12k v1.0.0"
"M2Lcv4kjg1oP","temp12k","Temp12k v1.0.0"
"M2L1vo2cyx4P","temp12k","Temp12k v1.0.0"
"RaVpoBekUwg","temp12k","Temp12k v1.0.0"
"M2Lunmw92slP","temp12k","Temp12k v1.0.0"
"M2La71kexf0P","temp12k","Temp12k v1.0.0"
"M2Ly0wxhoe3P","temp12k","Temp12k v1.0.0"
"M2Luaqav9ebP","temp12k","Temp12k v1.0.0"
"M2L0jqncy8xP","temp12k","Temp12k v1.0.0"
"M2Lpztrlwi8P","temp12k","Temp12k v1.0.0"
"M2Lixgup1qxP","temp12k","Temp12k v1.0.0"
"M2L9cizxjmnP","temp12k","Temp12k v1.0.0"
"M2L58bvkgafP","temp12k","Temp12k v1.0.0"
"M2L7wjxj9y7P","temp12k","Temp12k v1.0.0"
"M2L49huske3P","temp12k","Temp12k v1.0.0"
"M2L5ds3b810P","temp12k","Temp12k v1.0.0"
"M2L5mytb4knP","temp12k","Temp12k v1.0.0"
"M2L8o5wvg1qP","temp12k","Temp12k v1.0.0"
"M2Lzztaq4rxP","temp12k","Temp12k v1.0.0"
"M2Ld31qvuutP","temp12k","Temp12k v1.0.0"
"M2Lsa570nfbP","temp12k","Temp12k v1.0.0"
"M2Lueezxtn4P","temp12k","Temp12k v1.0.0"
"M2L1r5knjoqP","temp12k","Temp12k v1.0.0"
"M2Lwc89q3x6P","temp12k","Temp12k v1.0.0"
"M2LzelduliwP","temp12k","Temp12k v1.0.0"
"M2Leunkc5cxP","temp12k","Temp12k v1.0.0"
"M2Lwal2lj65P","temp12k","Temp12k v1.0.0"
"M2Lvbzbn35sP","temp12k","Temp12k v1.0.0"
"RfT4VtxaNnX","temp12k","Temp12k v1.0.0"
"RnvZu677M4a","temp12k","Temp12k v1.0.0"
"RjHNII78ViO","temp12k","Temp12k v1.0.0"
"LPD6e0eacd1","temp12k","Temp12k v1.0.0"
"Ry7X6BBn8Ko","temp12k","Temp12k v1.0.0"
"RwTmo8nvdZo","temp12k","Temp12k v1.0.0"
"R7eBhCUMOfI","temp12k","Temp12k v1.0.0"
"LPD91355717","temp12k","Temp12k v1.0.0"
"RhOOuR9AepG","temp12k","Temp12k v1.0.0"
"Rt6fvQB2WTI","temp12k","Temp12k v1.0.0"
"Ry6Y07LUJSe","temp12k","Temp12k v1.0.0"
"RZsK5OW5Hsc","temp12k","Temp12k v1.0.0"
"RoXFsXAQiB2","temp12k","Temp12k v1.0.0"
"PYTEE34B0H5","temp12k","Temp12k v1.0.0"
"RV7ogSkZbOS","temp12k","Temp12k v1.0.0"
"R05eeEJNPBo","temp12k","Temp12k v1.0.0"
"R6miF3Chdmb","temp12k","Temp12k v1.0.0"
"R3CvZBuTHNk","temp12k","Temp12k v1.0.0"
"PYTNG9UXJDL","temp12k","Temp12k v1.0.0"
"LPD7abab671","temp12k","Temp12k v1.0.0"
"M2Ly6fk2hmxP","temp12k","Temp12k v1.0.0"
"M2L6ghuwiloP","temp12k","Temp12k v1.0.0"
"M2L5rhw5bdkP","temp12k","Temp12k v1.0.0"
"RUDCXsWTNc9","temp12k","Temp12k v1.0.0"
"RF4G8wwNMQV","temp12k","Temp12k v1.0.0"
"R6856UmenVm","temp12k","Temp12k v1.0.0"
"R2n5O5CHMEz","temp12k","Temp12k v1.0.0"
"RoNOJ66CLPP","temp12k","Temp12k v1.0.0"
"RKCjHAWGmip","temp12k","Temp12k v1.0.0"
"RCmXR6uucj2","temp12k","Temp12k v1.0.0"
"R4mXoPSZA1W","temp12k","Temp12k v1.0.0"
"RTQQouf7pz5","temp12k","Temp12k v1.0.0"
"RnShJ5892qX","temp12k","Temp12k v1.0.0"
"RExuZVVrYKW","temp12k","Temp12k v1.0.0"
"RbWXJcmXeTN","temp12k","Temp12k v1.0.0"
"LPD94e74028cc","temp12k","Temp12k v1.0.0"
"R8dqe2udYAi","temp12k","Temp12k v1.0.0"
"Rv7Rb7TWtL1","temp12k","Temp12k v1.0.0"
"Rb55CRDFnYw","temp12k","Temp12k v1.0.0"
"RAnvzUrwEM2","temp12k","Temp12k v1.0.0"
"PYT4RL17XGB","temp12k","Temp12k v1.0.0"
"PYTZAK3QLN0","temp12k","Temp12k v1.0.0"
"WEB39251bbc","temp12k","Temp12k v1.0.0"
"R9f2mFSr7nU","temp12k","Temp12k v1.0.0"
"RDvOzpHKhDB","temp12k","Temp12k v1.0.0"
"R2RMTzS2yFO","temp12k","Temp12k v1.0.0"
"R83RpXHCLRg","temp12k","Temp12k v1.0.0"
"M2L4dq6gc5iP","temp12k","Temp12k v1.0.0"
"M2Le1i1npbzP","temp12k","Temp12k v1.0.0"
"M2Ldfq1l29fP","temp12k","Temp12k v1.0.0"
"M2L5npp4dw6P","temp12k","Temp12k v1.0.0"
"M2Lry7p3qglP","temp12k","Temp12k v1.0.0"
"M2Lx02nyks5P","temp12k","Temp12k v1.0.0"
"R6flsIy8fhS","temp12k","Temp12k v1.0.0"
"Rs47zWqnTxZ","temp12k","Temp12k v1.0.0"
"RmFXFMHxVmB","temp12k","Temp12k v1.0.0"
"WEBd03dcf34","temp12k","Temp12k v1.0.0"
"WEB4be1aff2","temp12k","Temp12k v1.0.0"
"WEBb9192769","temp12k","Temp12k v1.0.0"
"Rz1sYNeOKel","temp12k","Temp12k v1.0.0"
"PYTP8LM4UJJ","temp12k","Temp12k v1.0.0"
"RzuL2Y5RNzX","temp12k","Temp12k v1.0.0"
"R5MwieDquqJ","temp12k","Temp12k v1.0.0"
"RpHOpWJr2mw","temp12k","Temp12k v1.0.0"
"R7q4fzGNoZ6","temp12k","Temp12k v1.0.0"
"M2Lg25dpklhP","temp12k","Temp12k v1.0.0"
"M2L6qbln98nP","temp12k","Temp12k v1.0.0"
"M2Lvvf8aywtP","temp12k","Temp12k v1.0.0"
"PYTKYQ4C1WD","temp12k","Temp12k v1.0.0"
"RZT20l77VUd","temp12k","Temp12k v1.0.0"
"M2Lf9bpim6mP","temp12k","Temp12k v1.0.0"
"M2LlenyshucP","temp12k","Temp12k v1.0.0"
"M2L2wsvlds8P","temp12k","Temp12k v1.0.0"
"M2Lh2rwmljaP","temp12k","Temp12k v1.0.0"
"M2Lqr52aoj9P","temp12k","Temp12k v1.0.0"
"M2L64f6irzrP","temp12k","Temp12k v1.0.0"
"RWleajAEFwY","temp12k","Temp12k v1.0.0"
"M2Lb8uhg25jP","temp12k","Temp12k v1.0.0"
"M2Ll12txmw7P","temp12k","Temp12k v1.0.0"
"M2Lx8d4iupqP","temp12k","Temp12k v1.0.0"
"PYT7ZDYFS88","temp12k","Temp12k v1.0.0"
"PYTC38VBYRL","temp12k","Temp12k v1.0.0"
"M2Lotb6jbylP","temp12k","Temp12k v1.0.0"
"M2L49808xevP","temp12k","Temp12k v1.0.0"
"M2LkxhxpqjbP","temp12k","Temp12k v1.0.0"
"M2Lx4f7rbp8P","temp12k","Temp12k v1.0.0"
"M2Lmlhwb0htP","temp12k","Temp12k v1.0.0"
"M2Llq9tn1s2P","temp12k","Temp12k v1.0.0"
"Rna4qZwnJYz","temp12k","Temp12k v1.0.0"
"RhtixIQMGTd","temp12k","Temp12k v1.0.0"
"RZnOUS5BScv","temp12k","Temp12k v1.0.0"
"T2L_LV29_114_3_mgca_pachyderma_SST_from_mgca_pachyderma","temp12k","Temp12k v1.0.0"
"T2L_LV29_114_3_uk37_SST_from_uk37","temp12k","Temp12k v1.0.0"
"T2L_LV29_114_3_d18o_pachyderma_SST_from_d18o_pachyderma","temp12k","Temp12k v1.0.0"
"PYTS7QT9329","temp12k","Temp12k v1.0.0"
"M2L4h603qtyP","temp12k","Temp12k v1.0.0"
"M2L8fvxct35P","temp12k","Temp12k v1.0.0"
"M2Lwm503978P","temp12k","Temp12k v1.0.0"
"T2L_M135_004_3_uk37_SST_from_uk37","temp12k","Temp12k v1.0.0"
"T2L_M135_005_3_uk37_SST_from_uk37","temp12k","Temp12k v1.0.0"
"T2L_M35003_4_uk37_SST_from_uk37","temp12k","Temp12k v1.0.0"
"T2L_M35003_4_d18o_ruber_pink_SST_from_d18o_ruber_pink","temp12k","Temp12k v1.0.0"
"RuZd3euHEp0","temp12k","Temp12k v1.0.0"
"RtKEt5VqIb4","temp12k","Temp12k v1.0.0"
"WEB4565226e","temp12k","Temp12k v1.0.0"
"T2L_M39008_3_uk37_SST_from_uk37","temp12k","Temp12k v1.0.0"
"T2L_M39008_3_d18o_bulloides_SST_from_d18o_bulloides","temp12k","Temp12k v1.0.0"
"GBG100dogCow","temp12k","Temp12k v1.0.0"
"RULOqqCg75A","temp12k","Temp12k v1.0.0"
"R1p4PfiUdp8","temp12k","Temp12k v1.0.0"
"T2L_M77_2_003_2_uk37_SST_from_uk37","temp12k","Temp12k v1.0.0"
"T2L_M77_2_024_5_uk37_SST_from_uk37","temp12k","Temp12k v1.0.0"
"T2L_M77_2_029_3_uk37_SST_from_uk37","temp12k","Temp12k v1.0.0"
"RwsnEN3SLKp_SST_from_planktic0x2Ed18O","temp12k","Temp12k v1.0.0"
"RsGueF5Ezuc_SST_from_planktic0x2EMgCa","temp12k","Temp12k v1.0.0"
"RIgJVtRWivz","temp12k","Temp12k v1.0.0"
"RbIuRfn9Vxz_SST_from_Uk37","temp12k","Temp12k v1.0.0"
"WEB3ca1b65e","temp12k","Temp12k v1.0.0"
"WEB91c558e3","temp12k","Temp12k v1.0.0"
"R0jtRdNLrpx","temp12k","Temp12k v1.0.0"
"RToKsaJznWU","temp12k","Temp12k v1.0.0"
"RHBa9EoJKyU","temp12k","Temp12k v1.0.0"
"WEB7014bceb","temp12k","Temp12k v1.0.0"
"WEBf671079c","temp12k","Temp12k v1.0.0"
"WEBa58bb1ff","temp12k","Temp12k v1.0.0"
"M2L506qhzmzP","temp12k","Temp12k v1.0.0"
"M2Lbzvd8czcP","temp12k","Temp12k v1.0.0"
"M2Lzxvu2c01P","temp12k","Temp12k v1.0.0"
"T2L_MD01_2378_mgca_ruber_SST_from_mgca_ruber","temp12k","Temp12k v1.0.0"
"T2L_MD01_2378_d18o_ruber_SST_from_d18o_ruber","temp12k","Temp12k v1.0.0"
"T2L_MD01_2390_mgca_ruber_stricto_SST_from_mgca_ruber_stricto","temp12k","Temp12k v1.0.0"
"T2L_MD01_2390_mgca_ruber_lato_SST_from_mgca_ruber_lato","temp12k","Temp12k v1.0.0"
"T2L_MD01_2390_d18o_ruber_SST_from_d18o_ruber","temp12k","Temp12k v1.0.0"
"T2L_MD01_2412_uk37_SST_from_uk37","temp12k","Temp12k v1.0.0"
"T2L_MD01_2421_uk37_SST_from_uk37","temp12k","Temp12k v1.0.0"
"T2L_MD01_2421_d18o_bulloides_SST_from_d18o_bulloides","temp12k","Temp12k v1.0.0"
"LPD5c8693b4","temp12k","Temp12k v1.0.0"
"GH8784f3d0","temp12k","Temp12k v1.0.0"
"LPD801dea7f","temp12k","Temp12k v1.0.0"
"T2L_MD02_2503_d18o_bulloides_SST_from_d18o_bulloides","temp12k","Temp12k v1.0.0"
"T2L_MD02_2515_uk37_SST_from_uk37","temp12k","Temp12k v1.0.0"
"T2L_MD02_2515_tex86_SST_from_tex86","temp12k","Temp12k v1.0.0"
"T2L_MD02_2575_mgca_ruber_SST_from_mgca_ruber","temp12k","Temp12k v1.0.0"
"T2L_MD02_2575_d18o_ruber_SST_from_d18o_ruber","temp12k","Temp12k v1.0.0"
"T2L_MD02_2594_mgca_ruber_SST_from_mgca_ruber","temp12k","Temp12k v1.0.0"
"T2L_MD02_2594_d18o_ruber_SST_from_d18o_ruber","temp12k","Temp12k v1.0.0"
"RbLKw0ooED9","temp12k","Temp12k v1.0.0"
"T2L_MD03_2607_uk37_SST_from_uk37","temp12k","Temp12k v1.0.0"
"T2L_MD03_2607_tex86_SST_from_tex86","temp12k","Temp12k v1.0.0"
"T2L_MD03_2611_uk37_SST_from_uk37","temp12k","Temp12k v1.0.0"
"T2L_MD03_2611_d18o_bulloides_SST_from_d18o_bulloides","temp12k","Temp12k v1.0.0"
"T2L_MD03_2699_uk37_SST_from_uk37","temp12k","Temp12k v1.0.0"
"T2L_MD03_2707_mgca_ruber_pink_SST_from_mgca_ruber_pink","temp12k","Temp12k v1.0.0"
"T2L_MD03_2707_d18o_ruber_pink_SST_from_d18o_ruber_pink","temp12k","Temp12k v1.0.0"
"PYTQF21HJNC","temp12k","Temp12k v1.0.0"
"GH0a861633","temp12k","Temp12k v1.0.0"
"R89VJHY12Yf_SST_from_planktic0x2EMgCa","temp12k","Temp12k v1.0.0"
"T2L_MD06_3075_uk37_SST_from_uk37","temp12k","Temp12k v1.0.0"
"T2L_MD06_3075_d18o_ruber_SST_from_d18o_ruber","temp12k","Temp12k v1.0.0"
"T2L_MD07_3076Q_d18o_bulloides_SST_from_d18o_bulloides","temp12k","Temp12k v1.0.0"
"RGsuv8QafL5","temp12k","Temp12k v1.0.0"
"R8CuAZC0LEY","temp12k","Temp12k v1.0.0"
"WEBc2989cec","temp12k","Temp12k v1.0.0"
"T2L_MD79_257_uk37_SST_from_uk37","temp12k","Temp12k v1.0.0"
"GHc377da65","temp12k","Temp12k v1.0.0"
"GH4f526bba","temp12k","Temp12k v1.0.0"
"GH06e59526","temp12k","Temp12k v1.0.0"
"T2L_MD84_527_d18o_pachyderma_SST_from_d18o_pachyderma","temp12k","Temp12k v1.0.0"
"T2L_MD84_527_d18o_bulloides_SST_from_d18o_bulloides","temp12k","Temp12k v1.0.0"
"Ri4npkyUs4u","temp12k","Temp12k v1.0.0"
"T2L_MD94_103_uk37_SST_from_uk37","temp12k","Temp12k v1.0.0"
"RyGcEO9mj5G","temp12k","Temp12k v1.0.0"
"RffUhzhAxgw","temp12k","Temp12k v1.0.0"
"RikalEe9ykS","temp12k","Temp12k v1.0.0"
"T2L_MD95_2011_d18o_pachyderma_SST_from_d18o_pachyderma","temp12k","Temp12k v1.0.0"
"T2L_MD95_2011_d18o_pachyderma_d_SST_from_d18o_pachyderma_d","temp12k","Temp12k v1.0.0"
"R4z8Co5Aghx","temp12k","Temp12k v1.0.0"
"RRd6osZyB8H","temp12k","Temp12k v1.0.0"
"RRGNAojoZVh","temp12k","Temp12k v1.0.0"
"T2L_MD95_2015_uk37_SST_from_uk37","temp12k","Temp12k v1.0.0"
"T2L_MD95_2043_d18o_bulloides_SST_from_d18o_bulloides","temp12k","Temp12k v1.0.0"
"T2L_MD95_2043_uk37_SST_from_uk37","temp12k","Temp12k v1.0.0"
"T2L_MD95_2043_mgca_bulloides_SST_from_mgca_bulloides","temp12k","Temp12k v1.0.0"
"T2L_MD97_2120_d18o_bulloides_SST_from_d18o_bulloides","temp12k","Temp12k v1.0.0"
"T2L_MD97_2120_mgca_bulloides_SST_from_mgca_bulloides","temp12k","Temp12k v1.0.0"
"T2L_MD97_2120_uk37_SST_from_uk37","temp12k","Temp12k v1.0.0"
"T2L_MD97_2121_uk37_SST_from_uk37","temp12k","Temp12k v1.0.0"
"T2L_MD97_2141_d18o_ruber_SST_from_d18o_ruber","temp12k","Temp12k v1.0.0"
"T2L_MD97_2141_mgca_ruber_SST_from_mgca_ruber","temp12k","Temp12k v1.0.0"
"T2L_MD97_2146_tex86_SST_from_tex86","temp12k","Temp12k v1.0.0"
"T2L_MD97_2146_uk37_SST_from_uk37","temp12k","Temp12k v1.0.0"
"T2L_MD97_2151_tex86_SST_from_tex86","temp12k","Temp12k v1.0.0"
"T2L_MD97_2151_uk37_SST_from_uk37","temp12k","Temp12k v1.0.0"
"T2L_MD98_2161_mgca_ruber_SST_from_mgca_ruber","temp12k","Temp12k v1.0.0"
"T2L_MD98_2161_d18o_ruber_SST_from_d18o_ruber","temp12k","Temp12k v1.0.0"
"T2L_MD98_2165_mgca_ruber_SST_from_mgca_ruber","temp12k","Temp12k v1.0.0"
"T2L_MD98_2176_d18o_ruber_SST_from_d18o_ruber","temp12k","Temp12k v1.0.0"
"T2L_MD98_2176_mgca_ruber_SST_from_mgca_ruber","temp12k","Temp12k v1.0.0"
"T2L_MD98_2178_mgca_ruber_SST_from_mgca_ruber","temp12k","Temp12k v1.0.0"
"T2L_MD98_2178_d18o_ruber_SST_from_d18o_ruber","temp12k","Temp12k v1.0.0"
"T2L_MD98_2181_d18o_ruber_SST_from_d18o_ruber","temp12k","Temp12k v1.0.0"
"T2L_MD98_2181_mgca_ruber_SST_from_mgca_ruber","temp12k","Temp12k v1.0.0"
"RVW8LmOBhyk","temp12k","Temp12k v1.0.0"
"T2L_MD98_2195_uk37_SST_from_uk37","temp12k","Temp12k v1.0.0"
"T2L_MD98_2195_tex86_SST_from_tex86","temp12k","Temp12k v1.0.0"
"T2L_MD99_2251_mgca_bulloides_SST_from_mgca_bulloides","temp12k","Temp12k v1.0.0"
"T2L_MD99_2269_uk37_SST_from_uk37","temp12k","Temp12k v1.0.0"
"T2L_MD99_2269_mgca_pachyderma_SST_from_mgca_pachyderma","temp12k","Temp12k v1.0.0"
"T2L_MD99_2269_d18o_pachyderma_SST_from_d18o_pachyderma","temp12k","Temp12k v1.0.0"
"T2L_MD99_2339_d18o_bulloides_SST_from_d18o_bulloides","temp12k","Temp12k v1.0.0"
"T2L_MD99_2341_d18o_bulloides_SST_from_d18o_bulloides","temp12k","Temp12k v1.0.0"
"PYT0WZDHWV1","temp12k","Temp12k v1.0.0"
"PYTOD9Z2SMD","temp12k","Temp12k v1.0.0"
"LPD6e872195","temp12k","Temp12k v1.0.0"
"LPD8d94d24a","temp12k","Temp12k v1.0.0"
"PYTRM8XIQ8J","temp12k","Temp12k v1.0.0"
"PYTE06JD9X4","temp12k","Temp12k v1.0.0"
"PYTMDYO5TUV","temp12k","Temp12k v1.0.0"
"T2L_ME0005A_43JC_mgca_ruber_SST_from_mgca_ruber","temp12k","Temp12k v1.0.0"
"T2L_ME0005A_43JC_uk37_SST_from_uk37","temp12k","Temp12k v1.0.0"
"T2L_ME0005A_43JC_d18o_ruber_SST_from_d18o_ruber","temp12k","Temp12k v1.0.0"
"R7YTiLNN0tn","temp12k","Temp12k v1.0.0"
"RLlDtgL9a38","temp12k","Temp12k v1.0.0"
"Rp1oVLUaXiR","temp12k","Temp12k v1.0.0"
"Rfe0do1gMXq","temp12k","Temp12k v1.0.0"
"M2L4yie76w8P","temp12k","Temp12k v1.0.0"
"M2Lx0vmbprjP","temp12k","Temp12k v1.0.0"
"M2Lgco71n3sP","temp12k","Temp12k v1.0.0"
"R11ObTSN9ck","temp12k","Temp12k v1.0.0"
"R83f1LHfRjQ","temp12k","Temp12k v1.0.0"
"RnKEaWsBwfI","temp12k","Temp12k v1.0.0"
"WEBa31332021","temp12k","Temp12k v1.0.0"
"WEBa31332022","temp12k","Temp12k v1.0.0"
"WEBa31332023","temp12k","Temp12k v1.0.0"
"WEBa31332024","temp12k","Temp12k v1.0.0"
"WEBa31332025","temp12k","Temp12k v1.0.0"
"WEBa31332026","temp12k","Temp12k v1.0.0"
"WEBa31332027","temp12k","Temp12k v1.0.0"
"WEBa31332028","temp12k","Temp12k v1.0.0"
"WEBa31332029","temp12k","Temp12k v1.0.0"
"RTdDwazy1bI","temp12k","Temp12k v1.0.0"
"S2LRbOP1AVmCx1","temp12k","Temp12k v1.0.0"
"Rl7stqgkRL4","temp12k","Temp12k v1.0.0"
"Rjo3neVs3tA","temp12k","Temp12k v1.0.0"
"RNpncVOKBxa","temp12k","Temp12k v1.0.0"
"RwO7RKqNFpE","temp12k","Temp12k v1.0.0"
"R4ZD9cQexvE","temp12k","Temp12k v1.0.0"
"ReTuVryIGiI","temp12k","Temp12k v1.0.0"
"M2LwpcxxempP","temp12k","Temp12k v1.0.0"
"M2Lbyxlfr07P","temp12k","Temp12k v1.0.0"
"M2L1es9v20zP","temp12k","Temp12k v1.0.0"
"WEB9af63008","temp12k","Temp12k v1.0.0"
"M2Ljua8y8v7P","temp12k","Temp12k v1.0.0"
"M2Les9iz3udP","temp12k","Temp12k v1.0.0"
"M2Ln2l8gcheP","temp12k","Temp12k v1.0.0"
"M2Li4ocm337P","temp12k","Temp12k v1.0.0"
"M2L8vysx7yvP","temp12k","Temp12k v1.0.0"
"M2Ld2ou4usrP","temp12k","Temp12k v1.0.0"
"M2LbakiygplP","temp12k","Temp12k v1.0.0"
"M2Lsys9r95jP","temp12k","Temp12k v1.0.0"
"M2L7p5fn09cP","temp12k","Temp12k v1.0.0"
"R1nNBObu5aA","temp12k","Temp12k v1.0.0"
"R80Zur79Zc7","temp12k","Temp12k v1.0.0"
"R7rauvFO4PX","temp12k","Temp12k v1.0.0"
"RKNgotlYkya","temp12k","Temp12k v1.0.0"
"RzyEckXGPZe","temp12k","Temp12k v1.0.0"
"RXVE87BcyHp","temp12k","Temp12k v1.0.0"
"RHLePxbL9rI","temp12k","Temp12k v1.0.0"
"M2LwijmfkaeP","temp12k","Temp12k v1.0.0"
"M2L5k49n7abP","temp12k","Temp12k v1.0.0"
"M2Lthi33n58P","temp12k","Temp12k v1.0.0"
"GH73726cce","temp12k","Temp12k v1.0.0"
"T2L_PC01_uk37_SST_from_uk37","temp12k","Temp12k v1.0.0"
"T2L_MSM05_5_712_2_mgca_pachyderma_SST_from_mgca_pachyderma","temp12k","Temp12k v1.0.0"
"T2L_MSM05_5_712_2_d18o_pachyderma_SST_from_d18o_pachyderma","temp12k","Temp12k v1.0.0"
"PYTLX9PMLVS","temp12k","Temp12k v1.0.0"
"PYTS0ELQKO1","temp12k","Temp12k v1.0.0"
"LPDa0c5bf8a","temp12k","Temp12k v1.0.0"
"LPD95b2b1f9","temp12k","Temp12k v1.0.0"
"RBI7CBVMMvy","temp12k","Temp12k v1.0.0"
"R0TCCue9rMw","temp12k","Temp12k v1.0.0"
"R7NCYvaRppQ","temp12k","Temp12k v1.0.0"
"T2L_MV1014_09MC_tex86_SST_from_tex86","temp12k","Temp12k v1.0.0"
"T2L_MV1014_09MC_mgca_ruber_SST_from_mgca_ruber","temp12k","Temp12k v1.0.0"
"T2L_MV99_PC14_mgca_bulloides_SST_from_mgca_bulloides","temp12k","Temp12k v1.0.0"
"M2Lhx2fpxbnP","temp12k","Temp12k v1.0.0"
"M2Lbxbdp2r2P","temp12k","Temp12k v1.0.0"
"M2Lryhea56aP","temp12k","Temp12k v1.0.0"
"PYTG8DTT9X6","temp12k","Temp12k v1.0.0"
"R4IqlneHg0B","temp12k","Temp12k v1.0.0"
"RUSsCExepnT","temp12k","Temp12k v1.0.0"
"RO0fn3HkrCf","temp12k","Temp12k v1.0.0"
"R2iEguO3VtJ","temp12k","Temp12k v1.0.0"
"PYT6W4ZFN6N","temp12k","Temp12k v1.0.0"
"PYTJ3JMX39H","temp12k","Temp12k v1.0.0"
"M2Lk8innz60P","temp12k","Temp12k v1.0.0"
"M2Ltt7xfunjP","temp12k","Temp12k v1.0.0"
"M2Lks0hut9wP","temp12k","Temp12k v1.0.0"
"IC95THHU02D","temp12k","Temp12k v1.0.0"
"GH26a3a772","temp12k","Temp12k v1.0.0"
"R7xfSla4XGC","temp12k","Temp12k v1.0.0"
"RmF8m0ywgsv","temp12k","Temp12k v1.0.0"
"T2L_NIOP_C2_905_PC_uk37_SST_from_uk37","temp12k","Temp12k v1.0.0"
"T2L_NIOP_C2_905_PC_tex86_SST_from_tex86","temp12k","Temp12k v1.0.0"
"PYTK055L6OA","temp12k","Temp12k v1.0.0"
"PYT2ED9T23H","temp12k","Temp12k v1.0.0"
"WEB571a8fc4","temp12k","Temp12k v1.0.0"
"WEB5e35a876","temp12k","Temp12k v1.0.0"
"PYTRGDDL048","temp12k","Temp12k v1.0.0"
"M2Ly9ivg9w7P","temp12k","Temp12k v1.0.0"
"M2L68iw0l2eP","temp12k","Temp12k v1.0.0"
"M2Lfwuhv0pjP","temp12k","Temp12k v1.0.0"
"RSehX4Oy8JF","temp12k","Temp12k v1.0.0"
"RfS6nLBgBZ2","temp12k","Temp12k v1.0.0"
"R72NWbIq18J","temp12k","Temp12k v1.0.0"
"M2L1hwhpc1zP","temp12k","Temp12k v1.0.0"
"M2L32ho1gq6P","temp12k","Temp12k v1.0.0"
"M2LvnfrppdsP","temp12k","Temp12k v1.0.0"
"T2L_OCE326_GGC26_d18o_pachyderma_SST_from_d18o_pachyderma","temp12k","Temp12k v1.0.0"
"T2L_OCE326_GGC26_uk37_SST_from_uk37","temp12k","Temp12k v1.0.0"
"T2L_OCE326_GGC30_uk37_SST_from_uk37","temp12k","Temp12k v1.0.0"
"T2L_ODP_165_999A_mgca_ruber_SST_from_mgca_ruber","temp12k","Temp12k v1.0.0"
"T2L_ODP_165_999A_d18o_ruber_SST_from_d18o_ruber","temp12k","Temp12k v1.0.0"
"T2L_ODP_167_1019C_uk37_SST_from_uk37","temp12k","Temp12k v1.0.0"
"T2L_ODP_175_1078C_uk37_SST_from_uk37","temp12k","Temp12k v1.0.0"
"T2L_ODP_175_1084B_mgca_bulloides_SST_from_mgca_bulloides","temp12k","Temp12k v1.0.0"
"T2L_ODP_178_1098B_tex86_SST_from_tex86","temp12k","Temp12k v1.0.0"
"T2L_ODP162_984_mgca_pachyderma_d_SST_from_mgca_pachyderma_d","temp12k","Temp12k v1.0.0"
"T2L_ODP162_984_d18o_pachyderma_d_SST_from_d18o_pachyderma_d","temp12k","Temp12k v1.0.0"
"LPDb217bdbexxxx_SST_from_Uk37","temp12k","Temp12k v1.0.0"
"LPD493f1394xxxx","temp12k","Temp12k v1.0.0"
"RWhiKajgudD","temp12k","Temp12k v1.0.0"
"RnejfefEp45","temp12k","Temp12k v1.0.0"
"R4Kh3OLslvX","temp12k","Temp12k v1.0.0"
"ROtgXZAO8P8","temp12k","Temp12k v1.0.0"
"NAm_3870","temp12k","Temp12k v1.0.0"
"Ri0KbJXweb6","temp12k","Temp12k v1.0.0"
"R9nRxnnlMq9","temp12k","Temp12k v1.0.0"
"RWuU6CCP1hM","temp12k","Temp12k v1.0.0"
"RhaczESBPAy","temp12k","Temp12k v1.0.0"
"RGbAjislfPd","temp12k","Temp12k v1.0.0"
"RKQCjOZHPjy","temp12k","Temp12k v1.0.0"
"PYTMVGBLPHG_SST_from_d18O","temp12k","Temp12k v1.0.0"
"T2L_P178_15P_uk37_SST_from_uk37","temp12k","Temp12k v1.0.0"
"T2L_P178_15P_tex86_SST_from_tex86","temp12k","Temp12k v1.0.0"
"T2L_P178_15P_mgca_ruber_SST_from_mgca_ruber","temp12k","Temp12k v1.0.0"
"T2L_P178_15P_d18o_ruber_SST_from_d18o_ruber","temp12k","Temp12k v1.0.0"
"PYT40VBXBG5","temp12k","Temp12k v1.0.0"
"PYTTTRD8PMK","temp12k","Temp12k v1.0.0"
"RYWJxrYXOJA","temp12k","Temp12k v1.0.0"
"RzpuGYfIHLy","temp12k","Temp12k v1.0.0"
"RdglYaaJ04H","temp12k","Temp12k v1.0.0"
"M2L63wmizbwP","temp12k","Temp12k v1.0.0"
"M2L8gmvex23P","temp12k","Temp12k v1.0.0"
"M2Lubfra1b3P","temp12k","Temp12k v1.0.0"
"GH47c8e274","temp12k","Temp12k v1.0.0"
"T2L_PC_1_d18o_ruber_SST_from_d18o_ruber","temp12k","Temp12k v1.0.0"
"T2L_PC6_uk37_SST_from_uk37","temp12k","Temp12k v1.0.0"
"RFnBSJqZOIU","temp12k","Temp12k v1.0.0"
"ROuKCaB3W1T","temp12k","Temp12k v1.0.0"
"RRY0jogRrD7","temp12k","Temp12k v1.0.0"
"PYTSIOJ5D6Y","temp12k","Temp12k v1.0.0"
"M2L9mmr6iaoP","temp12k","Temp12k v1.0.0"
"M2L7mtaz9ziP","temp12k","Temp12k v1.0.0"
"M2Lmx8lcp55P","temp12k","Temp12k v1.0.0"
"M2Le3bson7zP","temp12k","Temp12k v1.0.0"
"M2Llhu7ub80P","temp12k","Temp12k v1.0.0"
"M2Lyi1ajruwP","temp12k","Temp12k v1.0.0"
"R47g8nheBej","temp12k","Temp12k v1.0.0"
"M2Lqezod5l2P","temp12k","Temp12k v1.0.0"
"M2L2g5c3hl4P","temp12k","Temp12k v1.0.0"
"M2Leha3eu5bP","temp12k","Temp12k v1.0.0"
"PYTWQAQ2RWC","temp12k","Temp12k v1.0.0"
"PYTE6TL93XT","temp12k","Temp12k v1.0.0"
"T2L_PL07_39PC_mgca_ruber_SST_from_mgca_ruber","temp12k","Temp12k v1.0.0"
"T2L_PL07_39PC_d18o_ruber_SST_from_d18o_ruber","temp12k","Temp12k v1.0.0"
"T2L_PL07_39PC_d18o_ruber_pink_SST_from_d18o_ruber_pink","temp12k","Temp12k v1.0.0"
"T2L_PL07_39PC_d18o_bulloides_SST_from_d18o_bulloides","temp12k","Temp12k v1.0.0"
"WEB2fbd7e47","temp12k","Temp12k v1.0.0"
"RwUGHZyJRVj","temp12k","Temp12k v1.0.0"
"M2L0c69vb39P","temp12k","Temp12k v1.0.0"
"M2Lckxe1xiaP","temp12k","Temp12k v1.0.0"
"M2L2pv1afjnP","temp12k","Temp12k v1.0.0"
"M2Lnoi13syzP","temp12k","Temp12k v1.0.0"
"M2L0qv5k07fP","temp12k","Temp12k v1.0.0"
"M2L55sfpyavP","temp12k","Temp12k v1.0.0"
"M2Ljvt13d76P","temp12k","Temp12k v1.0.0"
"M2L3g8r4sstP","temp12k","Temp12k v1.0.0"
"M2Lhfe9p1b1P","temp12k","Temp12k v1.0.0"
"WEB21765f70","temp12k","Temp12k v1.0.0"
"M2Lipgt0z5oP","temp12k","Temp12k v1.0.0"
"M2Lf5zj1b7vP","temp12k","Temp12k v1.0.0"
"M2Liaj596e6P","temp12k","Temp12k v1.0.0"
"RrJegNZeUh6","temp12k","Temp12k v1.0.0"
"LPD24407fc4","temp12k","Temp12k v1.0.0"
"LPD3393775f","temp12k","Temp12k v1.0.0"
"LPD3267fe5d","temp12k","Temp12k v1.0.0"
"RTdfxL4kvaw","temp12k","Temp12k v1.0.0"
"RUMQl9vuJeH","temp12k","Temp12k v1.0.0"
"RuQKGEIDjoB","temp12k","Temp12k v1.0.0"
"PYT0IFU85C3","temp12k","Temp12k v1.0.0"
"PYT5QHZ4RLO","temp12k","Temp12k v1.0.0"
"R4EA7xKol5Q","temp12k","Temp12k v1.0.0"
"RvH2C2fgn19","temp12k","Temp12k v1.0.0"
"RH1ejnzYAyc","temp12k","Temp12k v1.0.0"
"RlmsfwNxebj","temp12k","Temp12k v1.0.0"
"RpbgDFH9OsU","temp12k","Temp12k v1.0.0"
"ReEnzeIOExA","temp12k","Temp12k v1.0.0"
"RFp6BZOriow","temp12k","Temp12k v1.0.0"
"RvmcU2wvWXo","temp12k","Temp12k v1.0.0"
"RtFeO54Q5Zm","temp12k","Temp12k v1.0.0"
"LPDbfac52bb","temp12k","Temp12k v1.0.0"
"PYTIYA2IC5S","temp12k","Temp12k v1.0.0"
"PYT66RBVNK6","temp12k","Temp12k v1.0.0"
"M2Lfut6kmdqP","temp12k","Temp12k v1.0.0"
"M2LdjjxzkgtP","temp12k","Temp12k v1.0.0"
"M2Lha822fsjP","temp12k","Temp12k v1.0.0"
"M2Lk5f6jbluP","temp12k","Temp12k v1.0.0"
"M2Lq7umd2r5P","temp12k","Temp12k v1.0.0"
"M2Lbp57wnhkP","temp12k","Temp12k v1.0.0"
"PYTD73YMWR3","temp12k","Temp12k v1.0.0"
"RjCNrwgxKC6","temp12k","Temp12k v1.0.0"
"RdbNEBCu3Ry","temp12k","Temp12k v1.0.0"
"RjbcVRxqZO8","temp12k","Temp12k v1.0.0"
"PYTZOBOLJRG","temp12k","Temp12k v1.0.0"
"PYT909ZJ7SN","temp12k","Temp12k v1.0.0"
"PYTW8HHSCX2","temp12k","Temp12k v1.0.0"
"T2L_RAPiD_12_1K_mgca_bulloides_SST_from_mgca_bulloides","temp12k","Temp12k v1.0.0"
"T2L_RAPiD_12_1K_d18o_bulloides_SST_from_d18o_bulloides","temp12k","Temp12k v1.0.0"
"M2LnhwqahwwP","temp12k","Temp12k v1.0.0"
"M2Li3rwsbjdP","temp12k","Temp12k v1.0.0"
"M2L6aaquiz9P","temp12k","Temp12k v1.0.0"
"PYTM75R3NFI","temp12k","Temp12k v1.0.0"
"WEBd5f320fe","temp12k","Temp12k v1.0.0"
"T2L_RC24_08GC_mgca_ruber_SST_from_mgca_ruber","temp12k","Temp12k v1.0.0"
"T2L_RC24_08GC_d18o_ruber_SST_from_d18o_ruber","temp12k","Temp12k v1.0.0"
"T2L_RC27_23_d18o_bulloides_SST_from_d18o_bulloides","temp12k","Temp12k v1.0.0"
"T2L_RC27_28_d18o_bulloides_SST_from_d18o_bulloides","temp12k","Temp12k v1.0.0"
"M2L4xdcrrehP","temp12k","Temp12k v1.0.0"
"M2Lv9vzhhk5P","temp12k","Temp12k v1.0.0"
"M2Lj3ejix02P","temp12k","Temp12k v1.0.0"
"PYTLC5FYZTA","temp12k","Temp12k v1.0.0"
"M2Lf0be4nu8P","temp12k","Temp12k v1.0.0"
"M2Lgdk78ontP","temp12k","Temp12k v1.0.0"
"M2Lgneiy358P","temp12k","Temp12k v1.0.0"
"PYTUAENTJO2","temp12k","Temp12k v1.0.0"
"M2Lj2a34shzP","temp12k","Temp12k v1.0.0"
"M2Lr8ym3fooP","temp12k","Temp12k v1.0.0"
"M2Lwxwvqju6P","temp12k","Temp12k v1.0.0"
"RrXL5yQhooZ_SST_from_Mg0x2FCa","temp12k","Temp12k v1.0.0"
"PYTH254O9NJ","temp12k","Temp12k v1.0.0"
"RV8BFRs2TZQ","temp12k","Temp12k v1.0.0"
"Rk9wmJSBiX2","temp12k","Temp12k v1.0.0"
"RleHZuEebhb","temp12k","Temp12k v1.0.0"
"PYTJ6FGBAO9","temp12k","Temp12k v1.0.0"
"GH401cbc9d","temp12k","Temp12k v1.0.0"
"R4kI6sToaCE","temp12k","Temp12k v1.0.0"
"R3Snc0P3mi3","temp12k","Temp12k v1.0.0"
"RqEIGInULco","temp12k","Temp12k v1.0.0"
"WEB3a8703e6","temp12k","Temp12k v1.0.0"
"M2L6jjg500gP","temp12k","Temp12k v1.0.0"
"M2Lemd7g470P","temp12k","Temp12k v1.0.0"
"M2LyqddixcyP","temp12k","Temp12k v1.0.0"
"M2Ltt67sy8bP","temp12k","Temp12k v1.0.0"
"M2LsdjhmhltP","temp12k","Temp12k v1.0.0"
"M2Luwan852aP","temp12k","Temp12k v1.0.0"
"RvBCUo47OXO","temp12k","Temp12k v1.0.0"
"RxUtcuAADeo","temp12k","Temp12k v1.0.0"
"R6hvF3KYsDS","temp12k","Temp12k v1.0.0"
"RzBLHVIWGFZ","temp12k","Temp12k v1.0.0"
"R4rQaKneurq","temp12k","Temp12k v1.0.0"
"R2Lt2HhYud5","temp12k","Temp12k v1.0.0"
"RusYkZhjLAA","temp12k","Temp12k v1.0.0"
"RK3DipzaeJ8","temp12k","Temp12k v1.0.0"
"RVLw41g4PZ3","temp12k","Temp12k v1.0.0"
"RhcdDYg86PD","temp12k","Temp12k v1.0.0"
"RrSSENwU17n","temp12k","Temp12k v1.0.0"
"RJ7e97qSKPK","temp12k","Temp12k v1.0.0"
"Rjf3He8jPwh","temp12k","Temp12k v1.0.0"
"R70zKk7ZGum","temp12k","Temp12k v1.0.0"
"Rv85dcUllsQ","temp12k","Temp12k v1.0.0"
"PYTXQZAZD6M","temp12k","Temp12k v1.0.0"
"WEBe35a67a8","temp12k","Temp12k v1.0.0"
"WEBfb9ada34","temp12k","Temp12k v1.0.0"
"WEB81ce5808","temp12k","Temp12k v1.0.0"
"LPD575ea390","temp12k","Temp12k v1.0.0"
"WEBe15adc6e","temp12k","Temp12k v1.0.0"
"M2LtzimrmumP","temp12k","Temp12k v1.0.0"
"M2L86od0qqfP","temp12k","Temp12k v1.0.0"
"M2L2xbh2w6zP","temp12k","Temp12k v1.0.0"
"PYTTYZNWOYL","temp12k","Temp12k v1.0.0"
"PYTN99W834C","temp12k","Temp12k v1.0.0"
"PYT4HOSEYKO","temp12k","Temp12k v1.0.0"
"T2L_SK237_GC04_mgca_ruber_SST_from_mgca_ruber","temp12k","Temp12k v1.0.0"
"T2L_SK237_GC04_d18o_ruber_SST_from_d18o_ruber","temp12k","Temp12k v1.0.0"
"RMVQTZ65X71","temp12k","Temp12k v1.0.0"
"RYLGNrM0mIK","temp12k","Temp12k v1.0.0"
"RUtYCcZRwZB","temp12k","Temp12k v1.0.0"
"RjJwyWX7Ask","temp12k","Temp12k v1.0.0"
"RNsd247y3UK","temp12k","Temp12k v1.0.0"
"RexZkuuXg1A","temp12k","Temp12k v1.0.0"
"LPD5f9ad71d_SST_from_Mg0x2FCa","temp12k","Temp12k v1.0.0"
"T2L_SO136_GC11_uk37_SST_from_uk37","temp12k","Temp12k v1.0.0"
"T2L_SO189_039KL_mgca_ruber_SST_from_mgca_ruber","temp12k","Temp12k v1.0.0"
"T2L_SO189_039KL_d18o_ruber_SST_from_d18o_ruber","temp12k","Temp12k v1.0.0"
"T2L_SO189_119KL_mgca_ruber_SST_from_mgca_ruber","temp12k","Temp12k v1.0.0"
"T2L_SO189_119KL_d18o_ruber_SST_from_d18o_ruber","temp12k","Temp12k v1.0.0"
"T2L_SO189_144KL_d18o_ruber_SST_from_d18o_ruber","temp12k","Temp12k v1.0.0"
"T2L_SO42_74KL_tex86_SST_from_tex86","temp12k","Temp12k v1.0.0"
"T2L_SO42_74KL_uk37_SST_from_uk37","temp12k","Temp12k v1.0.0"
"T2L_SO42_74KL_d18o_ruber_SST_from_d18o_ruber","temp12k","Temp12k v1.0.0"
"Rm6U0TeZKat","temp12k","Temp12k v1.0.0"
"Rq6GES99dEo","temp12k","Temp12k v1.0.0"
"RRDZgNq0gYv","temp12k","Temp12k v1.0.0"
"RfOqYf6ktxg","temp12k","Temp12k v1.0.0"
"T2L_SO90_63KA_d18o_ruber_SST_from_d18o_ruber","temp12k","Temp12k v1.0.0"
"R3mfDzogKdd","temp12k","Temp12k v1.0.0"
"RZPRigavTYR","temp12k","Temp12k v1.0.0"
"LPDbf7cf949","temp12k","Temp12k v1.0.0"
"GH7a27907e","temp12k","Temp12k v1.0.0"
"PYTBSFC6CTW","temp12k","Temp12k v1.0.0"
"PYTRVU3SGRP","temp12k","Temp12k v1.0.0"
"PYTE4BGWG4T","temp12k","Temp12k v1.0.0"
"LPD74b7663d","temp12k","Temp12k v1.0.0"
"WEB5c1c47dd","temp12k","Temp12k v1.0.0"
"WEBfc26d017","temp12k","Temp12k v1.0.0"
"WEB7576b2ac","temp12k","Temp12k v1.0.0"
"T2L_SSDP_102_uk37_SST_from_uk37","temp12k","Temp12k v1.0.0"
"RAftFZHtDFF","temp12k","Temp12k v1.0.0"
"PYTK1DNFLN5","temp12k","Temp12k v1.0.0"
"WEB1da17ab5","temp12k","Temp12k v1.0.0"
"RdMYb0NYnMr","temp12k","Temp12k v1.0.0"
"WEBc195beb6","temp12k","Temp12k v1.0.0"
"WEB78de109e","temp12k","Temp12k v1.0.0"
"WEB9789c890","temp12k","Temp12k v1.0.0"
"Ru90Iq5Epgy","temp12k","Temp12k v1.0.0"
"RykWIZX4YJn","temp12k","Temp12k v1.0.0"
"RRIojtgUFtZ","temp12k","Temp12k v1.0.0"
"ROXRKk6OjOr","temp12k","Temp12k v1.0.0"
"T2L_SU81_18_uk37_SST_from_uk37","temp12k","Temp12k v1.0.0"
"RnKIwwjevU5","temp12k","Temp12k v1.0.0"
"RKnJTIhDMzv","temp12k","Temp12k v1.0.0"
"Ra2Ym2ZQjLK","temp12k","Temp12k v1.0.0"
"WEB08ae101c","temp12k","Temp12k v1.0.0"
"WEBd9eb828a","temp12k","Temp12k v1.0.0"
"WEBdfc3b3d1","temp12k","Temp12k v1.0.0"
"T2L_SV04_uk37_SST_from_uk37","temp12k","Temp12k v1.0.0"
"PYTC5120NTS","temp12k","Temp12k v1.0.0"
"WEBd214eb25","temp12k","Temp12k v1.0.0"
"RKGBoyglpjK","temp12k","Temp12k v1.0.0"
"PYTF0TCBDSN","temp12k","Temp12k v1.0.0"
"ROLIF2bYUKe","temp12k","Temp12k v1.0.0"
"RLL7sC7ToiR","temp12k","Temp12k v1.0.0"
"RLvTOvCOiO1","temp12k","Temp12k v1.0.0"
"RIp3Z76QSZU","temp12k","Temp12k v1.0.0"
"RJScjIOuD1N","temp12k","Temp12k v1.0.0"
"RbBDRBGatdB","temp12k","Temp12k v1.0.0"
"RSl6G5DrD4D","temp12k","Temp12k v1.0.0"
"RC2B0mY8ADP","temp12k","Temp12k v1.0.0"
"RPFV4gD5Gp5","temp12k","Temp12k v1.0.0"
"RQiWIUs15zk","temp12k","Temp12k v1.0.0"
"Rzr1TEfhyeB","temp12k","Temp12k v1.0.0"
"R1QDGHIH68w","temp12k","Temp12k v1.0.0"
"NAm2kHydro255","temp12k","Temp12k v1.0.0"
"WEB2f42be14","temp12k","Temp12k v1.0.0"
"WEBb9f39481","temp12k","Temp12k v1.0.0"
"R3adlKbahdz","temp12k","Temp12k v1.0.0"
"RPgvdkQ2iJm","temp12k","Temp12k v1.0.0"
"RkAjgi0iAKl","temp12k","Temp12k v1.0.0"
"RGDTw0z1ByL","temp12k","Temp12k v1.0.0"
"RFipONYZrE4","temp12k","Temp12k v1.0.0"
"RZHD2qbGw9D","temp12k","Temp12k v1.0.0"
"R00MppLNlF5","temp12k","Temp12k v1.0.0"
"PYTHS3BFBJ9","temp12k","Temp12k v1.0.0"
"PYTUVY5YO9W","temp12k","Temp12k v1.0.0"
"RiFf6Q0GKhT","temp12k","Temp12k v1.0.0"
"RiB0APxe8nT","temp12k","Temp12k v1.0.0"
"RGoGCWU3ZCt","temp12k","Temp12k v1.0.0"
"WEB1a9dec29","temp12k","Temp12k v1.0.0"
"WEB0b81d9ad","temp12k","Temp12k v1.0.0"
"WEB655ed0a8","temp12k","Temp12k v1.0.0"
"WEBc643c8dc","temp12k","Temp12k v1.0.0"
"WEBe7dad2eb","temp12k","Temp12k v1.0.0"
"RNOeIkUQCVD","temp12k","Temp12k v1.0.0"
"PYT581AWKCZ","temp12k","Temp12k v1.0.0"
"RTOk5mcjdOx","temp12k","Temp12k v1.0.0"
"M2Lvr18g4z8P","temp12k","Temp12k v1.0.0"
"M2Ls7w55knhP","temp12k","Temp12k v1.0.0"
"M2Lppfxxw0rP","temp12k","Temp12k v1.0.0"
"M2L4j68oy6fP","temp12k","Temp12k v1.0.0"
"M2L85fol0e4P","temp12k","Temp12k v1.0.0"
"M2Lf3zm167mP","temp12k","Temp12k v1.0.0"
"T2L_TR163_22_mgca_ruber_SST_from_mgca_ruber","temp12k","Temp12k v1.0.0"
"T2L_TR163_22_uk37_SST_from_uk37","temp12k","Temp12k v1.0.0"
"T2L_TR163_22_d18o_ruber_SST_from_d18o_ruber","temp12k","Temp12k v1.0.0"
"T2L_TR163_31_uk37_SST_from_uk37","temp12k","Temp12k v1.0.0"
"PYTYAXHRPNM","temp12k","Temp12k v1.0.0"
"PYTCTWLUCL5","temp12k","Temp12k v1.0.0"
"PYT7NHBFOF7","temp12k","Temp12k v1.0.0"
"PYTD948WIQW","temp12k","Temp12k v1.0.0"
"PYTXW9IIYVO","temp12k","Temp12k v1.0.0"
"PYTWINY5YP7","temp12k","Temp12k v1.0.0"
"PYTEQOAQT1K","temp12k","Temp12k v1.0.0"
"LPDe6c52b99","temp12k","Temp12k v1.0.0"
"LPD44c75538_SST_from_Uk37","temp12k","Temp12k v1.0.0"
"RBCwBdRr3uN","temp12k","Temp12k v1.0.0"
"LPD9cc3baf6","temp12k","Temp12k v1.0.0"
"RoZoLBD7dbj","temp12k","Temp12k v1.0.0"
"R65ANi9f7Hh","temp12k","Temp12k v1.0.0"
"RTHzYBGNAHW","temp12k","Temp12k v1.0.0"
"RVe1xW3SMQi","temp12k","Temp12k v1.0.0"
"PYTXRLAM6GY","temp12k","Temp12k v1.0.0"
"RY7uUsK03D7","temp12k","Temp12k v1.0.0"
"RjCYQmZsVIx","temp12k","Temp12k v1.0.0"
"RJ1PlcMDoUi","temp12k","Temp12k v1.0.0"
"RCCp2vqrv7C","temp12k","Temp12k v1.0.0"
"R5WmG8mpYa1","temp12k","Temp12k v1.0.0"
"RgdX8FLTmzV","temp12k","Temp12k v1.0.0"
"Rype18ENY0T","temp12k","Temp12k v1.0.0"
"RTsFai0RqCP","temp12k","Temp12k v1.0.0"
"RLDXb7gHylf","temp12k","Temp12k v1.0.0"
"RtznZ64JsLy","temp12k","Temp12k v1.0.0"
"Rqqg8yf9kNR","temp12k","Temp12k v1.0.0"
"RVvqTnCQTPj","temp12k","Temp12k v1.0.0"
"WEB127ac992","temp12k","Temp12k v1.0.0"
"PYTHQFCVRSQ","temp12k","Temp12k v1.0.0"
"T2L_VM12_107_mgca_ruber_SST_from_mgca_ruber","temp12k","Temp12k v1.0.0"
"T2L_VM12_107_d18o_ruber_SST_from_d18o_ruber","temp12k","Temp12k v1.0.0"
"T2L_VM21_30_mgca_ruber_SST_from_mgca_ruber","temp12k","Temp12k v1.0.0"
"T2L_VM21_30_mgca_sacculifer_SST_from_mgca_sacculifer","temp12k","Temp12k v1.0.0"
"T2L_VM21_30_uk37_SST_from_uk37","temp12k","Temp12k v1.0.0"
"T2L_VM21_30_d18o_ruber_SST_from_d18o_ruber","temp12k","Temp12k v1.0.0"
"T2L_VM21_30_d18o_sacculifer_SST_from_d18o_sacculifer","temp12k","Temp12k v1.0.0"
"T2L_VM28_122_mgca_ruber_SST_from_mgca_ruber","temp12k","Temp12k v1.0.0"
"T2L_VM28_122_d18o_ruber_SST_from_d18o_ruber","temp12k","Temp12k v1.0.0"
"GHe913d7ac","temp12k","Temp12k v1.0.0"
"RtnsIQv2Pp1","temp12k","Temp12k v1.0.0"
"RuRSFTJPObx","temp12k","Temp12k v1.0.0"
"PYT5NNRROEV","temp12k","Temp12k v1.0.0"
"PYTCDW3ELK3","temp12k","Temp12k v1.0.0"
"PYT8K9SZXFO","temp12k","Temp12k v1.0.0"
"WEB47072267","temp12k","Temp12k v1.0.0"
"RT1Bytelilf","temp12k","Temp12k v1.0.0"
"RpShT6icGvp","temp12k","Temp12k v1.0.0"
"RxEPVgNeOJJ","temp12k","Temp12k v1.0.0"
"R7fUjXXz6iN","temp12k","Temp12k v1.0.0"
"RSxYsJ99Tfh","temp12k","Temp12k v1.0.0"
"RJMuYNva9bv","temp12k","Temp12k v1.0.0"
"RqNRfcM7fei","temp12k","Temp12k v1.0.0"
"WEBf4040255","temp12k","Temp12k v1.0.0"
"WEB7f2f016d","temp12k","Temp12k v1.0.0"
"PYT4TLJ4Q7Z","temp12k","Temp12k v1.0.0"
"Rty5zp1fztI","temp12k","Temp12k v1.0.0"
"RGWemwytx8C","temp12k","Temp12k v1.0.0"
"R7LeQoyUglX","temp12k","Temp12k v1.0.0"
"M2Lie0hh3q2P","temp12k","Temp12k v1.0.0"
"M2Lspymp544P","temp12k","Temp12k v1.0.0"
"M2Lms7eo3jnP","temp12k","Temp12k v1.0.0"
"M2Lt18wgyziP","temp12k","Temp12k v1.0.0"
"M2Lphmnx36dP","temp12k","Temp12k v1.0.0"
"M2Lz07o8f1sP","temp12k","Temp12k v1.0.0"
"M2Luthn1956P","temp12k","Temp12k v1.0.0"
"M2Lakoilg5dP","temp12k","Temp12k v1.0.0"
"M2L89nzt2ckP","temp12k","Temp12k v1.0.0"
"WEB1f75199d","temp12k","Temp12k v1.0.0"
"RFa9Lrv5bcW","temp12k","Temp12k v1.0.0"
"RoeFXt7UD1Q","temp12k","Temp12k v1.0.0"
"RFSErbDMhoZ","temp12k","Temp12k v1.0.0"
"RtBrqt8sD6A","temp12k","Temp12k v1.0.0"
"RFVTO3m1qP4","temp12k","Temp12k v1.0.0"
"RGAbzuFoTA4","temp12k","Temp12k v1.0.0"
"T2L_WIND28K_d18o_ruber_SST_from_d18o_ruber","temp12k","Temp12k v1.0.0"
"WEBf35d2722","temp12k","Temp12k v1.0.0"
"RLWjHSdRtHs","temp12k","Temp12k v1.0.0"
"RtpMcgORKEU","temp12k","Temp12k v1.0.0"
"Rp2JYWaTx52","temp12k","Temp12k v1.0.0"
"RL9fsjHX6Mw","temp12k","Temp12k v1.0.0"
"ReWrRAaxLgp","temp12k","Temp12k v1.0.0"
"RoNp0y5n6f1","temp12k","Temp12k v1.0.0"
"RF0gr6pQtHK","temp12k","Temp12k v1.0.0"
"LPDf97892fc","temp12k","Temp12k v1.0.0"
"LPD27f34021","temp12k","Temp12k v1.0.0"
"WEB911b3b41","temp12k","Temp12k v1.0.0"
"PYTZVO3IV03","temp12k","Temp12k v1.0.0"
"Rqj999VObpj","temp12k","Temp12k v1.0.0"
"RnT1vXlxV0s","temp12k","Temp12k v1.0.0"
"RZG6XCZFVZ9","temp12k","Temp12k v1.0.0"
"RC2dWewDD1P","temp12k","Temp12k v1.0.0"
"RU1JPEhvxNc","temp12k","Temp12k v1.0.0"
"RCsdIg28KWg","temp12k","Temp12k v1.0.0"
"R7eqdjgsLJd","temp12k","Temp12k v1.0.0"
"RssW5xNcgSt","temp12k","Temp12k v1.0.0"
"RqepDp2u3w6","temp12k","Temp12k v1.0.0"
"RzCb40vfx4B","temp12k","Temp12k v1.0.0"
"RXEc3JaUSUk","temp12k","Temp12k (current)"
"LPD7abab671-dup","temp12k","Temp12k (current)"
"lcR0OCaHpsmDJ1TPVYG","temp12k","Temp12k (current)"
"lcRgmHexiOqsXuHbSrO","temp12k","Temp12k (current)"
"RCP5UgOcOkR","temp12k","Temp12k (current)"
"WEB8d90dc28","temp12k","Temp12k (current)"
"Africa_001","pages2k2017","PAGES2k v2.0.0"
"Africa_004","pages2k2017","PAGES2k v2.0.0"
"Malawi05","pages2k2017","PAGES2k v2.0.0"
"LPD81e53153","pages2k2017","PAGES2k v2.0.0"
"LPD53e179ad","pages2k2017","PAGES2k v2.0.0"
"Ant_005","pages2k2017","PAGES2k v2.0.0"
"Ant_017","pages2k2017","PAGES2k v2.0.0"
"Ant_013","pages2k2017","PAGES2k v2.0.0"
"Ant_012","pages2k2017","PAGES2k v2.0.0"
"Ant_010","pages2k2017","PAGES2k v2.0.0"
"Ant_009","pages2k2017","PAGES2k v2.0.0"
"Ant_011","pages2k2017","PAGES2k v2.0.0"
"Ant_014","pages2k2017","PAGES2k v2.0.0"
"Ant_022","pages2k2017","PAGES2k v2.0.0"
"LPD7abab671","pages2k2017","PAGES2k v2.0.0"
"Ant_033","pages2k2017","PAGES2k v2.0.0"
"Ant_023","pages2k2017","PAGES2k v2.0.0"
"Ant_024","pages2k2017","PAGES2k v2.0.0"
"Ant_007","pages2k2017","PAGES2k v2.0.0"
"Ant_006","pages2k2017","PAGES2k v2.0.0"
"Ant_008","pages2k2017","PAGES2k v2.0.0"
"Ant_025","pages2k2017","PAGES2k v2.0.0"
"Ant_026","pages2k2017","PAGES2k v2.0.0"
"Ant_035","pages2k2017","PAGES2k v2.0.0"
"Ant_037","pages2k2017","PAGES2k v2.0.0"
"Ant_050","pages2k2017","PAGES2k v2.0.0"
"Ant_027","pages2k2017","PAGES2k v2.0.0"
"Ant_028","pages2k2017","PAGES2k v2.0.0"
"Ant_030","pages2k2017","PAGES2k v2.0.0"
"LPDb9285123","pages2k2017","PAGES2k v2.0.0"
"Ant_031","pages2k2017","PAGES2k v2.0.0"
"Ant_031dD","pages2k2017","PAGES2k v2.0.0"
"Arc_032","pages2k2017","PAGES2k v2.0.0"
"Arc_089","pages2k2017","PAGES2k v2.0.0"
"Arc_060","pages2k2017","PAGES2k v2.0.0"
"Arc_058","pages2k2017","PAGES2k v2.0.0"
"Arc_018","pages2k2017","PAGES2k v2.0.0"
"Arc_002","pages2k2017","PAGES2k v2.0.0"
"Arc_001","pages2k2017","PAGES2k v2.0.0"
"Arc_042","pages2k2017","PAGES2k v2.0.0"
"Arc_039","pages2k2017","PAGES2k v2.0.0"
"Arc_004","pages2k2017","PAGES2k v2.0.0"
"Arc_033","pages2k2017","PAGES2k v2.0.0"
"Arc_005","pages2k2017","PAGES2k v2.0.0"
"Arc_008","pages2k2017","PAGES2k v2.0.0"
"Arc_034","pages2k2017","PAGES2k v2.0.0"
"Arc_043","pages2k2017","PAGES2k v2.0.0"
"Arc_011","pages2k2017","PAGES2k v2.0.0"
"Arc_035","pages2k2017","PAGES2k v2.0.0"
"Arc_007","pages2k2017","PAGES2k v2.0.0"
"Arc_073","pages2k2017","PAGES2k v2.0.0"
"Arc_014","pages2k2017","PAGES2k v2.0.0"
"Arc_040","pages2k2017","PAGES2k v2.0.0"
"Arc_036","pages2k2017","PAGES2k v2.0.0"
"Arc_016","pages2k2017","PAGES2k v2.0.0"
"Arc_057","pages2k2017","PAGES2k v2.0.0"
"Arc_078","pages2k2017","PAGES2k v2.0.0"
"Arc_052","pages2k2017","PAGES2k v2.0.0"
"Arc_024","pages2k2017","PAGES2k v2.0.0"
"Arc_079","pages2k2017","PAGES2k v2.0.0"
"Arc_049","pages2k2017","PAGES2k v2.0.0"
"Arc_020","pages2k2017","PAGES2k v2.0.0"
"Arc_021","pages2k2017","PAGES2k v2.0.0"
"Arc_023","pages2k2017","PAGES2k v2.0.0"
"Arc_066","pages2k2017","PAGES2k v2.0.0"
"Arc_048","pages2k2017","PAGES2k v2.0.0"
"Arc_093","pages2k2017","PAGES2k v2.0.0"
"Arc_150","pages2k2017","PAGES2k v2.0.0"
"NPMlaanila2","pages2k2017","PAGES2k v2.0.0"
"Arc_045","pages2k2017","PAGES2k v2.0.0"
"Arc_031","pages2k2017","PAGES2k v2.0.0"
"Arc_026","pages2k2017","PAGES2k v2.0.0"
"Arc_027","pages2k2017","PAGES2k v2.0.0"
"Arc_028","pages2k2017","PAGES2k v2.0.0"
"Arc_025","pages2k2017","PAGES2k v2.0.0"
"Arc_044","pages2k2017","PAGES2k v2.0.0"
"Arc_051","pages2k2017","PAGES2k v2.0.0"
"Arc_151","pages2k2017","PAGES2k v2.0.0"
"Arc_056","pages2k2017","PAGES2k v2.0.0"
"Arc_162","pages2k2017","PAGES2k v2.0.0"
"Arc_041","pages2k2017","PAGES2k v2.0.0"
"Arc_076","pages2k2017","PAGES2k v2.0.0"
"Arc_053","pages2k2017","PAGES2k v2.0.0"
"Arc_029","pages2k2017","PAGES2k v2.0.0"
"Arc_059","pages2k2017","PAGES2k v2.0.0"
"Arc_012mxd","pages2k2017","PAGES2k v2.0.0"
"Arc_037","pages2k2017","PAGES2k v2.0.0"
"Arc_099","pages2k2017","PAGES2k v2.0.0"
"Arc_099d18O","pages2k2017","PAGES2k v2.0.0"
"Arc_100","pages2k2017","PAGES2k v2.0.0"
"Arc_152","pages2k2017","PAGES2k v2.0.0"
"Asia_079","pages2k2017","PAGES2k v2.0.0"
"Asia_080","pages2k2017","PAGES2k v2.0.0"
"Asia_081","pages2k2017","PAGES2k v2.0.0"
"Asia_082","pages2k2017","PAGES2k v2.0.0"
"Asia_083","pages2k2017","PAGES2k v2.0.0"
"Asia_167","pages2k2017","PAGES2k v2.0.0"
"Asia_126","pages2k2017","PAGES2k v2.0.0"
"Asia_001","pages2k2017","PAGES2k v2.0.0"
"Asia_139","pages2k2017","PAGES2k v2.0.0"
"Asia_184","pages2k2017","PAGES2k v2.0.0"
"Asia_185","pages2k2017","PAGES2k v2.0.0"
"Asia_186","pages2k2017","PAGES2k v2.0.0"
"Asia_187","pages2k2017","PAGES2k v2.0.0"
"Asia_188","pages2k2017","PAGES2k v2.0.0"
"Asia_189","pages2k2017","PAGES2k v2.0.0"
"Asia_061","pages2k2017","PAGES2k v2.0.0"
"Asia_071","pages2k2017","PAGES2k v2.0.0"
"Asia_140","pages2k2017","PAGES2k v2.0.0"
"Asia_229","pages2k2017","PAGES2k v2.0.0"
"Asia_168","pages2k2017","PAGES2k v2.0.0"
"Asia_034","pages2k2017","PAGES2k v2.0.0"
"Asia_029","pages2k2017","PAGES2k v2.0.0"
"Asia_142","pages2k2017","PAGES2k v2.0.0"
"Asia_141","pages2k2017","PAGES2k v2.0.0"
"Asia_064","pages2k2017","PAGES2k v2.0.0"
"Asia_121","pages2k2017","PAGES2k v2.0.0"
"Asia_190","pages2k2017","PAGES2k v2.0.0"
"Asia_191","pages2k2017","PAGES2k v2.0.0"
"Asia_143","pages2k2017","PAGES2k v2.0.0"
"Asia_178","pages2k2017","PAGES2k v2.0.0"
"Asia_030","pages2k2017","PAGES2k v2.0.0"
"Asia_225","pages2k2017","PAGES2k v2.0.0"
"Asia_320","pages2k2017","PAGES2k v2.0.0"
"Asia_192","pages2k2017","PAGES2k v2.0.0"
"Asia_193","pages2k2017","PAGES2k v2.0.0"
"Asia_169","pages2k2017","PAGES2k v2.0.0"
"Asia_194","pages2k2017","PAGES2k v2.0.0"
"Asia_217","pages2k2017","PAGES2k v2.0.0"
"Asia_195","pages2k2017","PAGES2k v2.0.0"
"Asia_196","pages2k2017","PAGES2k v2.0.0"
"LPDdc74a376","pages2k2017","PAGES2k v2.0.0"
"Asia_227","pages2k2017","PAGES2k v2.0.0"
"Asia_040","pages2k2017","PAGES2k v2.0.0"
"Asia_236","pages2k2017","PAGES2k v2.0.0"
"Asia_144","pages2k2017","PAGES2k v2.0.0"
"Asia_171","pages2k2017","PAGES2k v2.0.0"
"Asia_220","pages2k2017","PAGES2k v2.0.0"
"Asia_170","pages2k2017","PAGES2k v2.0.0"
"Asia_043","pages2k2017","PAGES2k v2.0.0"
"Asia_031","pages2k2017","PAGES2k v2.0.0"
"Asia_002","pages2k2017","PAGES2k v2.0.0"
"Asia_084","pages2k2017","PAGES2k v2.0.0"
"Asia_085","pages2k2017","PAGES2k v2.0.0"
"Asia_086","pages2k2017","PAGES2k v2.0.0"
"Asia_087","pages2k2017","PAGES2k v2.0.0"
"Asia_088","pages2k2017","PAGES2k v2.0.0"
"Asia_089","pages2k2017","PAGES2k v2.0.0"
"Asia_075","pages2k2017","PAGES2k v2.0.0"
"Asia_197","pages2k2017","PAGES2k v2.0.0"
"Asia_048","pages2k2017","PAGES2k v2.0.0"
"Asia_050","pages2k2017","PAGES2k v2.0.0"
"Asia_317","pages2k2017","PAGES2k v2.0.0"
"Asia_318","pages2k2017","PAGES2k v2.0.0"
"Asia_182","pages2k2017","PAGES2k v2.0.0"
"Asia_136","pages2k2017","PAGES2k v2.0.0"
"Asia_131","pages2k2017","PAGES2k v2.0.0"
"Asia_183","pages2k2017","PAGES2k v2.0.0"
"Asia_321","pages2k2017","PAGES2k v2.0.0"
"Asia_102","pages2k2017","PAGES2k v2.0.0"
"Asia_025","pages2k2017","PAGES2k v2.0.0"
"Asia_122","pages2k2017","PAGES2k v2.0.0"
"Asia_032","pages2k2017","PAGES2k v2.0.0"
"Asia_047","pages2k2017","PAGES2k v2.0.0"
"Asia_179","pages2k2017","PAGES2k v2.0.0"
"Asia_172","pages2k2017","PAGES2k v2.0.0"
"Asia_044","pages2k2017","PAGES2k v2.0.0"
"Asia_123","pages2k2017","PAGES2k v2.0.0"
"Asia_329","pages2k2017","PAGES2k v2.0.0"
"Asia_326","pages2k2017","PAGES2k v2.0.0"
"Asia_247","pages2k2017","PAGES2k v2.0.0"
"Asia_060","pages2k2017","PAGES2k v2.0.0"
"Asia_058","pages2k2017","PAGES2k v2.0.0"
"Asia_059","pages2k2017","PAGES2k v2.0.0"
"Asia_045","pages2k2017","PAGES2k v2.0.0"
"Asia_145","pages2k2017","PAGES2k v2.0.0"
"Asia_124","pages2k2017","PAGES2k v2.0.0"
"Asia_146","pages2k2017","PAGES2k v2.0.0"
"Asia_215","pages2k2017","PAGES2k v2.0.0"
"Asia_090","pages2k2017","PAGES2k v2.0.0"
"Asia_091","pages2k2017","PAGES2k v2.0.0"
"Asia_092","pages2k2017","PAGES2k v2.0.0"
"Asia_062","pages2k2017","PAGES2k v2.0.0"
"Asia_328","pages2k2017","PAGES2k v2.0.0"
"Asia_165","pages2k2017","PAGES2k v2.0.0"
"Asia_074","pages2k2017","PAGES2k v2.0.0"
"Asia_077","pages2k2017","PAGES2k v2.0.0"
"Asia_198","pages2k2017","PAGES2k v2.0.0"
"Asia_003","pages2k2017","PAGES2k v2.0.0"
"Asia_107","pages2k2017","PAGES2k v2.0.0"
"Asia_199","pages2k2017","PAGES2k v2.0.0"
"Asia_200","pages2k2017","PAGES2k v2.0.0"
"Asia_201","pages2k2017","PAGES2k v2.0.0"
"Asia_173","pages2k2017","PAGES2k v2.0.0"
"Asia_106","pages2k2017","PAGES2k v2.0.0"
"Asia_147","pages2k2017","PAGES2k v2.0.0"
"Asia_148","pages2k2017","PAGES2k v2.0.0"
"Asia_149","pages2k2017","PAGES2k v2.0.0"
"Asia_150","pages2k2017","PAGES2k v2.0.0"
"Asia_127","pages2k2017","PAGES2k v2.0.0"
"Asia_120","pages2k2017","PAGES2k v2.0.0"
"Asia_135","pages2k2017","PAGES2k v2.0.0"
"Asia_137","pages2k2017","PAGES2k v2.0.0"
"Asia_007","pages2k2017","PAGES2k v2.0.0"
"Asia_133","pages2k2017","PAGES2k v2.0.0"
"Asia_110","pages2k2017","PAGES2k v2.0.0"
"Asia_235","pages2k2017","PAGES2k v2.0.0"
"Asia_004","pages2k2017","PAGES2k v2.0.0"
"Asia_005","pages2k2017","PAGES2k v2.0.0"
"Asia_046","pages2k2017","PAGES2k v2.0.0"
"Asia_180","pages2k2017","PAGES2k v2.0.0"
"Asia_174","pages2k2017","PAGES2k v2.0.0"
"Asia_035","pages2k2017","PAGES2k v2.0.0"
"Asia_324","pages2k2017","PAGES2k v2.0.0"
"Asia_175","pages2k2017","PAGES2k v2.0.0"
"Asia_222","pages2k2017","PAGES2k v2.0.0"
"Asia_151","pages2k2017","PAGES2k v2.0.0"
"Asia_152","pages2k2017","PAGES2k v2.0.0"
"Asia_041","pages2k2017","PAGES2k v2.0.0"
"Asia_228","pages2k2017","PAGES2k v2.0.0"
"Asia_226","pages2k2017","PAGES2k v2.0.0"
"Asia_325","pages2k2017","PAGES2k v2.0.0"
"Asia_128","pages2k2017","PAGES2k v2.0.0"
"Asia_202","pages2k2017","PAGES2k v2.0.0"
"Asia_203","pages2k2017","PAGES2k v2.0.0"
"Asia_204","pages2k2017","PAGES2k v2.0.0"
"Asia_205","pages2k2017","PAGES2k v2.0.0"
"Asia_078","pages2k2017","PAGES2k v2.0.0"
"Asia_051","pages2k2017","PAGES2k v2.0.0"
"Asia_052","pages2k2017","PAGES2k v2.0.0"
"Asia_053","pages2k2017","PAGES2k v2.0.0"
"Asia_054","pages2k2017","PAGES2k v2.0.0"
"Asia_055","pages2k2017","PAGES2k v2.0.0"
"Asia_006","pages2k2017","PAGES2k v2.0.0"
"Asia_206","pages2k2017","PAGES2k v2.0.0"
"Asia_112","pages2k2017","PAGES2k v2.0.0"
"Asia_109","pages2k2017","PAGES2k v2.0.0"
"Asia_108","pages2k2017","PAGES2k v2.0.0"
"Asia_176","pages2k2017","PAGES2k v2.0.0"
"Asia_101","pages2k2017","PAGES2k v2.0.0"
"Asia_125","pages2k2017","PAGES2k v2.0.0"
"Asia_207","pages2k2017","PAGES2k v2.0.0"
"Asia_138","pages2k2017","PAGES2k v2.0.0"
"Asia_105","pages2k2017","PAGES2k v2.0.0"
"Asia_104","pages2k2017","PAGES2k v2.0.0"
"Asia_026","pages2k2017","PAGES2k v2.0.0"
"Asia_208","pages2k2017","PAGES2k v2.0.0"
"Asia_209","pages2k2017","PAGES2k v2.0.0"
"Asia_216","pages2k2017","PAGES2k v2.0.0"
"Asia_223","pages2k2017","PAGES2k v2.0.0"
"Asia_113","pages2k2017","PAGES2k v2.0.0"
"Asia_153","pages2k2017","PAGES2k v2.0.0"
"Asia_154","pages2k2017","PAGES2k v2.0.0"
"Asia_033","pages2k2017","PAGES2k v2.0.0"
"Asia_027","pages2k2017","PAGES2k v2.0.0"
"Asia_072","pages2k2017","PAGES2k v2.0.0"
"Asia_305","pages2k2017","PAGES2k v2.0.0"
"Asia_221","pages2k2017","PAGES2k v2.0.0"
"Asia_218","pages2k2017","PAGES2k v2.0.0"
"Asia_093","pages2k2017","PAGES2k v2.0.0"
"Asia_067","pages2k2017","PAGES2k v2.0.0"
"Asia_177","pages2k2017","PAGES2k v2.0.0"
"Asia_103","pages2k2017","PAGES2k v2.0.0"
"Asia_224","pages2k2017","PAGES2k v2.0.0"
"Asia_219","pages2k2017","PAGES2k v2.0.0"
"Asia_063","pages2k2017","PAGES2k v2.0.0"
"Asia_210","pages2k2017","PAGES2k v2.0.0"
"Asia_211","pages2k2017","PAGES2k v2.0.0"
"Asia_212","pages2k2017","PAGES2k v2.0.0"
"Asia_049","pages2k2017","PAGES2k v2.0.0"
"Asia_132","pages2k2017","PAGES2k v2.0.0"
"Asia_130","pages2k2017","PAGES2k v2.0.0"
"Asia_114","pages2k2017","PAGES2k v2.0.0"
"Asia_076","pages2k2017","PAGES2k v2.0.0"
"Asia_335","pages2k2017","PAGES2k v2.0.0"
"Asia_155","pages2k2017","PAGES2k v2.0.0"
"Asia_230","pages2k2017","PAGES2k v2.0.0"
"Asia_319","pages2k2017","PAGES2k v2.0.0"
"Asia_156","pages2k2017","PAGES2k v2.0.0"
"Asia_157","pages2k2017","PAGES2k v2.0.0"
"Asia_158","pages2k2017","PAGES2k v2.0.0"
"Asia_038","pages2k2017","PAGES2k v2.0.0"
"Asia_056","pages2k2017","PAGES2k v2.0.0"
"Asia_057","pages2k2017","PAGES2k v2.0.0"
"Asia_166","pages2k2017","PAGES2k v2.0.0"
"Asia_065","pages2k2017","PAGES2k v2.0.0"
"Asia_094","pages2k2017","PAGES2k v2.0.0"
"Asia_213","pages2k2017","PAGES2k v2.0.0"
"Asia_115","pages2k2017","PAGES2k v2.0.0"
"Asia_036","pages2k2017","PAGES2k v2.0.0"
"Asia_037","pages2k2017","PAGES2k v2.0.0"
"Asia_116","pages2k2017","PAGES2k v2.0.0"
"Asia_159","pages2k2017","PAGES2k v2.0.0"
"Asia_008","pages2k2017","PAGES2k v2.0.0"
"Asia_009","pages2k2017","PAGES2k v2.0.0"
"Asia_021","pages2k2017","PAGES2k v2.0.0"
"Asia_019","pages2k2017","PAGES2k v2.0.0"
"Asia_022","pages2k2017","PAGES2k v2.0.0"
"Asia_020","pages2k2017","PAGES2k v2.0.0"
"Asia_023","pages2k2017","PAGES2k v2.0.0"
"Asia_024","pages2k2017","PAGES2k v2.0.0"
"Asia_018","pages2k2017","PAGES2k v2.0.0"
"Asia_010","pages2k2017","PAGES2k v2.0.0"
"Asia_134","pages2k2017","PAGES2k v2.0.0"
"Asia_160","pages2k2017","PAGES2k v2.0.0"
"Asia_014","pages2k2017","PAGES2k v2.0.0"
"Asia_012","pages2k2017","PAGES2k v2.0.0"
"Asia_015","pages2k2017","PAGES2k v2.0.0"
"Asia_013","pages2k2017","PAGES2k v2.0.0"
"Asia_016","pages2k2017","PAGES2k v2.0.0"
"Asia_017","pages2k2017","PAGES2k v2.0.0"
"Asia_011","pages2k2017","PAGES2k v2.0.0"
"Asia_073","pages2k2017","PAGES2k v2.0.0"
"Asia_095","pages2k2017","PAGES2k v2.0.0"
"Asia_096","pages2k2017","PAGES2k v2.0.0"
"Asia_097","pages2k2017","PAGES2k v2.0.0"
"Asia_098","pages2k2017","PAGES2k v2.0.0"
"Asia_066","pages2k2017","PAGES2k v2.0.0"
"Asia_042","pages2k2017","PAGES2k v2.0.0"
"Asia_039","pages2k2017","PAGES2k v2.0.0"
"Asia_070","pages2k2017","PAGES2k v2.0.0"
"Asia_129","pages2k2017","PAGES2k v2.0.0"
"Asia_181","pages2k2017","PAGES2k v2.0.0"
"Asia_118","pages2k2017","PAGES2k v2.0.0"
"Asia_119","pages2k2017","PAGES2k v2.0.0"
"Asia_117","pages2k2017","PAGES2k v2.0.0"
"Asia_111","pages2k2017","PAGES2k v2.0.0"
"Asia_214","pages2k2017","PAGES2k v2.0.0"
"Asia_028","pages2k2017","PAGES2k v2.0.0"
"Asia_099","pages2k2017","PAGES2k v2.0.0"
"Asia_069","pages2k2017","PAGES2k v2.0.0"
"Asia_100","pages2k2017","PAGES2k v2.0.0"
"Asia_327","pages2k2017","PAGES2k v2.0.0"
"Asia_068","pages2k2017","PAGES2k v2.0.0"
"Asia_161","pages2k2017","PAGES2k v2.0.0"
"Asia_162","pages2k2017","PAGES2k v2.0.0"
"Asia_163","pages2k2017","PAGES2k v2.0.0"
"Asia_164","pages2k2017","PAGES2k v2.0.0"
"Aus_010","pages2k2017","PAGES2k v2.0.0"
"Aus_015","pages2k2017","PAGES2k v2.0.0"
"Aus_020","pages2k2017","PAGES2k v2.0.0"
"LPD335d863f","pages2k2017","PAGES2k v2.0.0"
"Aus_041","pages2k2017","PAGES2k v2.0.0"
"Aus_057","pages2k2017","PAGES2k v2.0.0"
"Aus_062","pages2k2017","PAGES2k v2.0.0"
"Aus_067","pages2k2017","PAGES2k v2.0.0"
"Aus_071","pages2k2017","PAGES2k v2.0.0"
"Eur_024","pages2k2017","PAGES2k v2.0.0"
"Eur_017","pages2k2017","PAGES2k v2.0.0"
"Eur_022","pages2k2017","PAGES2k v2.0.0"
"Eur_010","pages2k2017","PAGES2k v2.0.0"
"Eur_016","pages2k2017","PAGES2k v2.0.0"
"Eur_005","pages2k2017","PAGES2k v2.0.0"
"Eur_019","pages2k2017","PAGES2k v2.0.0"
"Eur_003","pages2k2017","PAGES2k v2.0.0"
"Eur_002","pages2k2017","PAGES2k v2.0.0"
"Eur_018","pages2k2017","PAGES2k v2.0.0"
"Eur_014","pages2k2017","PAGES2k v2.0.0"
"Eur_007","pages2k2017","PAGES2k v2.0.0"
"Eur_009","pages2k2017","PAGES2k v2.0.0"
"Eur_008","pages2k2017","PAGES2k v2.0.0"
"Eur_001","pages2k2017","PAGES2k v2.0.0"
"Eur_020","pages2k2017","PAGES2k v2.0.0"
"Eur_006","pages2k2017","PAGES2k v2.0.0"
"Eur_026","pages2k2017","PAGES2k v2.0.0"
"Eur_015","pages2k2017","PAGES2k v2.0.0"
"NAm_064","pages2k2017","PAGES2k v2.0.0"
"NAm_088","pages2k2017","PAGES2k v2.0.0"
"NAm_148","pages2k2017","PAGES2k v2.0.0"
"NAm_160","pages2k2017","PAGES2k v2.0.0"
"NAm_172","pages2k2017","PAGES2k v2.0.0"
"NAm_184","pages2k2017","PAGES2k v2.0.0"
"NAm_196","pages2k2017","PAGES2k v2.0.0"
"NAm_220","pages2k2017","PAGES2k v2.0.0"
"NAm_232","pages2k2017","PAGES2k v2.0.0"
"NAm_244","pages2k2017","PAGES2k v2.0.0"
"NAm_256","pages2k2017","PAGES2k v2.0.0"
"NAm_280","pages2k2017","PAGES2k v2.0.0"
"NAm_292","pages2k2017","PAGES2k v2.0.0"
"NAm_304","pages2k2017","PAGES2k v2.0.0"
"NAm_364","pages2k2017","PAGES2k v2.0.0"
"NAm_388","pages2k2017","PAGES2k v2.0.0"
"NAm_412","pages2k2017","PAGES2k v2.0.0"
"NAm_424","pages2k2017","PAGES2k v2.0.0"
"NAm_436","pages2k2017","PAGES2k v2.0.0"
"NAm_448","pages2k2017","PAGES2k v2.0.0"
"NAm_460","pages2k2017","PAGES2k v2.0.0"
"NAm_3748","pages2k2017","PAGES2k v2.0.0"
"NAm_3760","pages2k2017","PAGES2k v2.0.0"
"NAm_3772","pages2k2017","PAGES2k v2.0.0"
"NAm_484","pages2k2017","PAGES2k v2.0.0"
"NAm_520","pages2k2017","PAGES2k v2.0.0"
"NAm_568","pages2k2017","PAGES2k v2.0.0"
"NAm_3801","pages2k2017","PAGES2k v2.0.0"
"NAm_616","pages2k2017","PAGES2k v2.0.0"
"NAm_628","pages2k2017","PAGES2k v2.0.0"
"NAm_640","pages2k2017","PAGES2k v2.0.0"
"NAm_664","pages2k2017","PAGES2k v2.0.0"
"NAm_760","pages2k2017","PAGES2k v2.0.0"
"NAm_772","pages2k2017","PAGES2k v2.0.0"
"NAm_796","pages2k2017","PAGES2k v2.0.0"
"NAm_808","pages2k2017","PAGES2k v2.0.0"
"NAm_868","pages2k2017","PAGES2k v2.0.0"
"NAm_880","pages2k2017","PAGES2k v2.0.0"
"NAm_916","pages2k2017","PAGES2k v2.0.0"
"NAm_940","pages2k2017","PAGES2k v2.0.0"
"NAm_976","pages2k2017","PAGES2k v2.0.0"
"NAm_1012","pages2k2017","PAGES2k v2.0.0"
"NAm_1024","pages2k2017","PAGES2k v2.0.0"
"NAm_1072","pages2k2017","PAGES2k v2.0.0"
"NAm_1108","pages2k2017","PAGES2k v2.0.0"
"NAm_1120","pages2k2017","PAGES2k v2.0.0"
"NAm_1168","pages2k2017","PAGES2k v2.0.0"
"NAm_1204","pages2k2017","PAGES2k v2.0.0"
"NAm_1216","pages2k2017","PAGES2k v2.0.0"
"NAm_1240","pages2k2017","PAGES2k v2.0.0"
"NAm_1312","pages2k2017","PAGES2k v2.0.0"
"NAm_1360","pages2k2017","PAGES2k v2.0.0"
"NAm_1384","pages2k2017","PAGES2k v2.0.0"
"NAm_1396","pages2k2017","PAGES2k v2.0.0"
"NAm_1408","pages2k2017","PAGES2k v2.0.0"
"NAm_1420","pages2k2017","PAGES2k v2.0.0"
"NAm_1432","pages2k2017","PAGES2k v2.0.0"
"NAm_1444","pages2k2017","PAGES2k v2.0.0"
"NAm_1468","pages2k2017","PAGES2k v2.0.0"
"NAm_1564","pages2k2017","PAGES2k v2.0.0"
"NAm_1576","pages2k2017","PAGES2k v2.0.0"
"NAm_1588","pages2k2017","PAGES2k v2.0.0"
"NAm_1600","pages2k2017","PAGES2k v2.0.0"
"NAm_1636","pages2k2017","PAGES2k v2.0.0"
"NAm_1648","pages2k2017","PAGES2k v2.0.0"
"NAm_1660","pages2k2017","PAGES2k v2.0.0"
"NAm_1672","pages2k2017","PAGES2k v2.0.0"
"NAm_1708","pages2k2017","PAGES2k v2.0.0"
"NAm_1720","pages2k2017","PAGES2k v2.0.0"
"NAm_1744","pages2k2017","PAGES2k v2.0.0"
"NAm_1816","pages2k2017","PAGES2k v2.0.0"
"NAm_1828","pages2k2017","PAGES2k v2.0.0"
"NAm_1840","pages2k2017","PAGES2k v2.0.0"
"NAm_1852","pages2k2017","PAGES2k v2.0.0"
"NAm_1876","pages2k2017","PAGES2k v2.0.0"
"NAm_1924","pages2k2017","PAGES2k v2.0.0"
"NAm_1936","pages2k2017","PAGES2k v2.0.0"
"NAm_1972","pages2k2017","PAGES2k v2.0.0"
"NAm_1996","pages2k2017","PAGES2k v2.0.0"
"NAm_2008","pages2k2017","PAGES2k v2.0.0"
"NAm_2056","pages2k2017","PAGES2k v2.0.0"
"NAm_2068","pages2k2017","PAGES2k v2.0.0"
"NAm_2080","pages2k2017","PAGES2k v2.0.0"
"NAm_2092","pages2k2017","PAGES2k v2.0.0"
"NAm_2116","pages2k2017","PAGES2k v2.0.0"
"NAm_2128","pages2k2017","PAGES2k v2.0.0"
"NAm_2152","pages2k2017","PAGES2k v2.0.0"
"NAm_2164","pages2k2017","PAGES2k v2.0.0"
"NAm_2176","pages2k2017","PAGES2k v2.0.0"
"NAm_2212","pages2k2017","PAGES2k v2.0.0"
"NAm_2236","pages2k2017","PAGES2k v2.0.0"
"NAm_2260","pages2k2017","PAGES2k v2.0.0"
"NAm_2272","pages2k2017","PAGES2k v2.0.0"
"NAm_2308","pages2k2017","PAGES2k v2.0.0"
"NAm_3804","pages2k2017","PAGES2k v2.0.0"
"NAm_2392","pages2k2017","PAGES2k v2.0.0"
"NAm_2464","pages2k2017","PAGES2k v2.0.0"
"NAm_2476","pages2k2017","PAGES2k v2.0.0"
"NAm_2488","pages2k2017","PAGES2k v2.0.0"
"NAm_2500","pages2k2017","PAGES2k v2.0.0"
"NAm_2512","pages2k2017","PAGES2k v2.0.0"
"NAm_2560","pages2k2017","PAGES2k v2.0.0"
"NAm_2572","pages2k2017","PAGES2k v2.0.0"
"NAm_2596","pages2k2017","PAGES2k v2.0.0"
"NAm_3807","pages2k2017","PAGES2k v2.0.0"
"NAm_004","pages2k2017","PAGES2k v2.0.0"
"NAm_3810","pages2k2017","PAGES2k v2.0.0"
"NAm_016","pages2k2017","PAGES2k v2.0.0"
"NAm_028","pages2k2017","PAGES2k v2.0.0"
"NAm_3865","pages2k2017","PAGES2k v2.0.0"
"NAm_3798","pages2k2017","PAGES2k v2.0.0"
"NAm_2632","pages2k2017","PAGES2k v2.0.0"
"NAm_2656","pages2k2017","PAGES2k v2.0.0"
"NAm_2668","pages2k2017","PAGES2k v2.0.0"
"NAm_3868","pages2k2017","PAGES2k v2.0.0"
"NAm_3867","pages2k2017","PAGES2k v2.0.0"
"NAm_3851","pages2k2017","PAGES2k v2.0.0"
"NAm_3819","pages2k2017","PAGES2k v2.0.0"
"NAm_3853","pages2k2017","PAGES2k v2.0.0"
"NAm_2704","pages2k2017","PAGES2k v2.0.0"
"NAm_2716","pages2k2017","PAGES2k v2.0.0"
"NAm_2728","pages2k2017","PAGES2k v2.0.0"
"NAm_2740","pages2k2017","PAGES2k v2.0.0"
"NAm_2752","pages2k2017","PAGES2k v2.0.0"
"NAm_2776","pages2k2017","PAGES2k v2.0.0"
"NAm_2788","pages2k2017","PAGES2k v2.0.0"
"NAm_2800","pages2k2017","PAGES2k v2.0.0"
"NAm_2812","pages2k2017","PAGES2k v2.0.0"
"NAm_2824","pages2k2017","PAGES2k v2.0.0"
"NAm_2836","pages2k2017","PAGES2k v2.0.0"
"NAm_2848","pages2k2017","PAGES2k v2.0.0"
"NAm_3004","pages2k2017","PAGES2k v2.0.0"
"NAm_3016","pages2k2017","PAGES2k v2.0.0"
"NAm_3870","pages2k2017","PAGES2k v2.0.0"
"NAm_3100","pages2k2017","PAGES2k v2.0.0"
"NAm_3124","pages2k2017","PAGES2k v2.0.0"
"NAm_3816","pages2k2017","PAGES2k v2.0.0"
"NAm_040","pages2k2017","PAGES2k v2.0.0"
"NAm_052","pages2k2017","PAGES2k v2.0.0"
"NAm_3796","pages2k2017","PAGES2k v2.0.0"
"NAm_3184","pages2k2017","PAGES2k v2.0.0"
"NAm_3244","pages2k2017","PAGES2k v2.0.0"
"NAm_3280","pages2k2017","PAGES2k v2.0.0"
"NAm_3352","pages2k2017","PAGES2k v2.0.0"
"NAm_3376","pages2k2017","PAGES2k v2.0.0"
"NAm_3388","pages2k2017","PAGES2k v2.0.0"
"NAm_3400","pages2k2017","PAGES2k v2.0.0"
"NAm_3412","pages2k2017","PAGES2k v2.0.0"
"NAm_3436","pages2k2017","PAGES2k v2.0.0"
"NAm_3472","pages2k2017","PAGES2k v2.0.0"
"NAm_3484","pages2k2017","PAGES2k v2.0.0"
"NAm_3520","pages2k2017","PAGES2k v2.0.0"
"NAm_3556","pages2k2017","PAGES2k v2.0.0"
"NAm_3604","pages2k2017","PAGES2k v2.0.0"
"NAm_3616","pages2k2017","PAGES2k v2.0.0"
"NAm_3628","pages2k2017","PAGES2k v2.0.0"
"NAm_3652","pages2k2017","PAGES2k v2.0.0"
"NAm_3676","pages2k2017","PAGES2k v2.0.0"
"NAm_3688","pages2k2017","PAGES2k v2.0.0"
"NAm_3700","pages2k2017","PAGES2k v2.0.0"
"NAm_3712","pages2k2017","PAGES2k v2.0.0"
"NAm_3724","pages2k2017","PAGES2k v2.0.0"
"LPDasan2012","pages2k2017","PAGES2k v2.0.0"
"LPD0e0867fe","pages2k2017","PAGES2k v2.0.0"
"O2kLR_114","pages2k2017","PAGES2k v2.0.0"
"O2kLR_112","pages2k2017","PAGES2k v2.0.0"
"LPD84ab67b9","pages2k2017","PAGES2k v2.0.0"
"O2kLR_101","pages2k2017","PAGES2k v2.0.0"
"LPDe51d17e8","pages2k2017","PAGES2k v2.0.0"
"LPDcda1c277","pages2k2017","PAGES2k v2.0.0"
"LPDa03ec713","pages2k2017","PAGES2k v2.0.0"
"O2kLR_187","pages2k2017","PAGES2k v2.0.0"
"LPDf7bace53","pages2k2017","PAGES2k v2.0.0"
"O2kLR_066","pages2k2017","PAGES2k v2.0.0"
"LPD13a78f9b","pages2k2017","PAGES2k v2.0.0"
"O2kLR_074","pages2k2017","PAGES2k v2.0.0"
"LPD68872399","pages2k2017","PAGES2k v2.0.0"
"LPD47182517","pages2k2017","PAGES2k v2.0.0"
"LPD57d40973","pages2k2017","PAGES2k v2.0.0"
"O2kLR_017","pages2k2017","PAGES2k v2.0.0"
"LPDefb3d2b0","pages2k2017","PAGES2k v2.0.0"
"LPD7c7e19c5","pages2k2017","PAGES2k v2.0.0"
"O2kLR_150","pages2k2017","PAGES2k v2.0.0"
"LPD9cc3baf6","pages2k2017","PAGES2k v2.0.0"
"LPD6315f935","pages2k2017","PAGES2k v2.0.0"
"LPDa2107e77","pages2k2017","PAGES2k v2.0.0"
"O2kLR_175","pages2k2017","PAGES2k v2.0.0"
"O2kLR_030","pages2k2017","PAGES2k v2.0.0"
"LPD30c5b95c","pages2k2017","PAGES2k v2.0.0"
"O2kLR_135","pages2k2017","PAGES2k v2.0.0"
"O2kLR_148","pages2k2017","PAGES2k v2.0.0"
"O2kLR_105","pages2k2017","PAGES2k v2.0.0"
"LPD10e9f8f7","pages2k2017","PAGES2k v2.0.0"
"O2kLR_045","pages2k2017","PAGES2k v2.0.0"
"O2kLR_146","pages2k2017","PAGES2k v2.0.0"
"LPDbd07f717","pages2k2017","PAGES2k v2.0.0"
"O2kLR_165","pages2k2017","PAGES2k v2.0.0"
"LPD1a0245b7","pages2k2017","PAGES2k v2.0.0"
"LPD572f7cc3","pages2k2017","PAGES2k v2.0.0"
"LPDb17a5e9e","pages2k2017","PAGES2k v2.0.0"
"O2kLR_183","pages2k2017","PAGES2k v2.0.0"
"LPDa77273bb","pages2k2017","PAGES2k v2.0.0"
"LPD44b374e7","pages2k2017","PAGES2k v2.0.0"
"O2kLR_195","pages2k2017","PAGES2k v2.0.0"
"O2kLR_047","pages2k2017","PAGES2k v2.0.0"
"O2kLR_082","pages2k2017","PAGES2k v2.0.0"
"O2kLR_118","pages2k2017","PAGES2k v2.0.0"
"LPDb7ba9166","pages2k2017","PAGES2k v2.0.0"
"O2kLR_131","pages2k2017","PAGES2k v2.0.0"
"LPD2a3997a7","pages2k2017","PAGES2k v2.0.0"
"O2kLR_007","pages2k2017","PAGES2k v2.0.0"
"LPD995c6f3c","pages2k2017","PAGES2k v2.0.0"
"LPD7e8e8eaa","pages2k2017","PAGES2k v2.0.0"
"Ocean2kHR_112","pages2k2017","PAGES2k v2.0.0"
"Ocean2kHR_113","pages2k2017","PAGES2k v2.0.0"
"Ocean2kHR_130","pages2k2017","PAGES2k v2.0.0"
"Ocean2kHR_114","pages2k2017","PAGES2k v2.0.0"
"Ocean2kHR_115","pages2k2017","PAGES2k v2.0.0"
"Ocean2kHR_124","pages2k2017","PAGES2k v2.0.0"
"Ocean2kHR_125","pages2k2017","PAGES2k v2.0.0"
"Ocean2kHR_094","pages2k2017","PAGES2k v2.0.0"
"Ocean2kHR_095","pages2k2017","PAGES2k v2.0.0"
"Ocean2kHR_102","pages2k2017","PAGES2k v2.0.0"
"Ocean2kHR_105","pages2k2017","PAGES2k v2.0.0"
"Ocean2kHR_106","pages2k2017","PAGES2k v2.0.0"
"Ocean2kHR_118","pages2k2017","PAGES2k v2.0.0"
"Ocean2kHR_107","pages2k2017","PAGES2k v2.0.0"
"Ocean2kHR_123","pages2k2017","PAGES2k v2.0.0"
"Ocean2kHR_116","pages2k2017","PAGES2k v2.0.0"
"Ocean2kHR_097","pages2k2017","PAGES2k v2.0.0"
"Ocean2kHR_098","pages2k2017","PAGES2k v2.0.0"
"Ocean2kHR_096","pages2k2017","PAGES2k v2.0.0"
"Ocean2kHR_122","pages2k2017","PAGES2k v2.0.0"
"Ocean2kHR_131","pages2k2017","PAGES2k v2.0.0"
"Ocean2kHR_126","pages2k2017","PAGES2k v2.0.0"
"Ocean2kHR_127","pages2k2017","PAGES2k v2.0.0"
"Ocean2kHR_128","pages2k2017","PAGES2k v2.0.0"
"Ocean2kHR_129","pages2k2017","PAGES2k v2.0.0"
"Ocean2kHR_099","pages2k2017","PAGES2k v2.0.0"
"Ocean2kHR_100","pages2k2017","PAGES2k v2.0.0"
"Ocean2kHR_108","pages2k2017","PAGES2k v2.0.0"
"Ocean2kHR_110","pages2k2017","PAGES2k v2.0.0"
"Ocean2kHR_023","pages2k2017","PAGES2k v2.0.0"
"Ocean2kHR_025","pages2k2017","PAGES2k v2.0.0"
"Ocean2kHR_026","pages2k2017","PAGES2k v2.0.0"
"Ocean2kHR_027","pages2k2017","PAGES2k v2.0.0"
"Ocean2kHR_014","pages2k2017","PAGES2k v2.0.0"
"Ocean2kHR_016","pages2k2017","PAGES2k v2.0.0"
"Ocean2kHR_006","pages2k2017","PAGES2k v2.0.0"
"Ocean2kHR_021","pages2k2017","PAGES2k v2.0.0"
"Ocean2kHR_020","pages2k2017","PAGES2k v2.0.0"
"Ocean2kHR_022","pages2k2017","PAGES2k v2.0.0"
"Ocean2kHR_012","pages2k2017","PAGES2k v2.0.0"
"Ocean2kHR_007","pages2k2017","PAGES2k v2.0.0"
"Ocean2kHR_001","pages2k2017","PAGES2k v2.0.0"
"Ocean2kHR_002","pages2k2017","PAGES2k v2.0.0"
"Ocean2kHR_003","pages2k2017","PAGES2k v2.0.0"
"Ocean2kHR_005","pages2k2017","PAGES2k v2.0.0"
"Ocean2kHR_010","pages2k2017","PAGES2k v2.0.0"
"Ocean2kHR_008","pages2k2017","PAGES2k v2.0.0"
"Ocean2kHR_019","pages2k2017","PAGES2k v2.0.0"
"Ocean2kHR_013","pages2k2017","PAGES2k v2.0.0"
"Ocean2kHR_018","pages2k2017","PAGES2k v2.0.0"
"Ocean2kHR_011","pages2k2017","PAGES2k v2.0.0"
"LPD378db911","pages2k2017","PAGES2k v2.0.0"
"LPDaa786707","pages2k2017","PAGES2k v2.0.0"
"LPDe1fb72db-dup","pages2k2017","PAGES2k v2.0.0"
"LPD3100fe0a","pages2k2017","PAGES2k v2.0.0"
"LPD24dd89b2","pages2k2017","PAGES2k v2.0.0"
"LPD8bd4e07e","pages2k2017","PAGES2k v2.0.0"
"Ocean2kHR_143","pages2k2017","PAGES2k v2.0.0"
"Ocean2kHR_171","pages2k2017","PAGES2k v2.0.0"
"Ocean2kHR_185","pages2k2017","PAGES2k v2.0.0"
"Ocean2kHR_187","pages2k2017","PAGES2k v2.0.0"
"Ocean2kHR_186","pages2k2017","PAGES2k v2.0.0"
"Ocean2kHR_188","pages2k2017","PAGES2k v2.0.0"
"Ocean2kHR_189","pages2k2017","PAGES2k v2.0.0"
"Ocean2kHR_169","pages2k2017","PAGES2k v2.0.0"
"Ocean2kHR_193","pages2k2017","PAGES2k v2.0.0"
"Ocean2kHR_194","pages2k2017","PAGES2k v2.0.0"
"Ocean2kHR_163","pages2k2017","PAGES2k v2.0.0"
"Ocean2kHR_164","pages2k2017","PAGES2k v2.0.0"
"Ocean2kHR_173","pages2k2017","PAGES2k v2.0.0"
"Ocean2kHR_167","pages2k2017","PAGES2k v2.0.0"
"Ocean2kHR_190","pages2k2017","PAGES2k v2.0.0"
"Ocean2kHR_191","pages2k2017","PAGES2k v2.0.0"
"Ocean2kHR_154","pages2k2017","PAGES2k v2.0.0"
"Ocean2kHR_166","pages2k2017","PAGES2k v2.0.0"
"Ocean2kHR_135","pages2k2017","PAGES2k v2.0.0"
"Ocean2kHR_141","pages2k2017","PAGES2k v2.0.0"
"Ocean2kHR_157","pages2k2017","PAGES2k v2.0.0"
"Ocean2kHR_158","pages2k2017","PAGES2k v2.0.0"
"Ocean2kHR_156","pages2k2017","PAGES2k v2.0.0"
"Ocean2kHR_147","pages2k2017","PAGES2k v2.0.0"
"Ocean2kHR_150","pages2k2017","PAGES2k v2.0.0"
"Ocean2kHR_152","pages2k2017","PAGES2k v2.0.0"
"Ocean2kHR_149","pages2k2017","PAGES2k v2.0.0"
"Ocean2kHR_140","pages2k2017","PAGES2k v2.0.0"
"Ocean2kHR_177","pages2k2017","PAGES2k v2.0.0"
"Ocean2kHR_132","pages2k2017","PAGES2k v2.0.0"
"Ocean2kHR_179","pages2k2017","PAGES2k v2.0.0"
"Ocean2kHR_134","pages2k2017","PAGES2k v2.0.0"
"Ocean2kHR_161","pages2k2017","PAGES2k v2.0.0"
"Ocean2kHR_181","pages2k2017","PAGES2k v2.0.0"
"Ocean2kHR_183","pages2k2017","PAGES2k v2.0.0"
"Ocean2kHR_139","pages2k2017","PAGES2k v2.0.0"
"Ocean2kHR_138","pages2k2017","PAGES2k v2.0.0"
"Ocean2kHR_172","pages2k2017","PAGES2k v2.0.0"
"Ocean2kHR_144","pages2k2017","PAGES2k v2.0.0"
"Ocean2kHR_145","pages2k2017","PAGES2k v2.0.0"
"Ocean2kHR_137","pages2k2017","PAGES2k v2.0.0"
"Ocean2kHR_142","pages2k2017","PAGES2k v2.0.0"
"Ocean2kHR_178","pages2k2017","PAGES2k v2.0.0"
"Ocean2kHR_174","pages2k2017","PAGES2k v2.0.0"
"Ocean2kHR_175","pages2k2017","PAGES2k v2.0.0"
"Ocean2kHR_133","pages2k2017","PAGES2k v2.0.0"
"Ocean2kHR_159","pages2k2017","PAGES2k v2.0.0"
"can1101","pages2k2017","PAGES2k v2.0.0"
"SAm_010","pages2k2017","PAGES2k v2.0.0"
"SAm_015","pages2k2017","PAGES2k v2.0.0"
"SAm_020","pages2k2017","PAGES2k v2.0.0"
"SAm_0243","pages2k2017","PAGES2k v2.0.0"
"SAm_025","pages2k2017","PAGES2k v2.0.0"
"SAm_032","pages2k2017","PAGES2k v2.0.0"
"SAm_035","pages2k2017","PAGES2k v2.0.0"
"Arc_029_varvethickness","pages2k2017","Pages2kTemperature QC inThisCompilation TRUE"
"LPD9cc3baf6-dup","pages2k2017","Pages2kTemperature QC inThisCompilation TRUE"
"LPDb17a5e9e-dup","pages2k2017","Pages2kTemperature QC inThisCompilation TRUE"
"Ant_030","cfr_annual","PReSto2k (2025) proxy database"
"NAm_568","cfr_annual","PReSto2k (2025) proxy database"
"Arc_060","cfr_annual","PReSto2k (2025) proxy database"
"Asia_041","cfr_annual","PReSto2k (2025) proxy database"
"NAm_1876","cfr_annual","PReSto2k (2025) proxy database"
"NAm_1108","cfr_annual","PReSto2k (2025) proxy database"
"NAm_1120","cfr_annual","PReSto2k (2025) proxy database"
"Asia_102","cfr_annual","PReSto2k (2025) proxy database"
"Arc_032","cfr_annual","PReSto2k (2025) proxy database"
"SAm_025","cfr_annual","PReSto2k (2025) proxy database"
"NAm_1396","cfr_annual","PReSto2k (2025) proxy database"
"NAm_220","cfr_annual","PReSto2k (2025) proxy database"
"Asia_037","cfr_annual","PReSto2k (2025) proxy database"
"SAm_020","cfr_annual","PReSto2k (2025) proxy database"
"Asia_114","cfr_annual","PReSto2k (2025) proxy database"
"Asia_219","cfr_annual","PReSto2k (2025) proxy database"
"NAm_1588","cfr_annual","PReSto2k (2025) proxy database"
"NAm_1576","cfr_annual","PReSto2k (2025) proxy database"
"NAm_3388","cfr_annual","PReSto2k (2025) proxy database"
"NAm_3604","cfr_annual","PReSto2k (2025) proxy database"
"Asia_117","cfr_annual","PReSto2k (2025) proxy database"
"Arc_093","cfr_annual","PReSto2k (2025) proxy database"
"O2kLR_066","cfr_annual","PReSto2k (2025) proxy database"
"Asia_324","cfr_annual","PReSto2k (2025) proxy database"
"Asia_173","cfr_annual","PReSto2k (2025) proxy database"
"Asia_061","cfr_annual","PReSto2k (2025) proxy database"
"Asia_200","cfr_annual","PReSto2k (2025) proxy database"
"Asia_171","cfr_annual","PReSto2k (2025) proxy database"
"Arc_025","cfr_annual","PReSto2k (2025) proxy database"
"NAm_3004","cfr_annual","PReSto2k (2025) proxy database"
"Ocean2kHR_143","cfr_annual","PReSto2k (2025) proxy database"
"Asia_016","cfr_annual","PReSto2k (2025) proxy database"
"Ant_023","cfr_annual","PReSto2k (2025) proxy database"
"Asia_025","cfr_annual","PReSto2k (2025) proxy database"
"Ocean2kHR_156","cfr_annual","PReSto2k (2025) proxy database"
"Aus_057","cfr_annual","PReSto2k (2025) proxy database"
"Ant_010","cfr_annual","PReSto2k (2025) proxy database"
"Asia_227","cfr_annual","PReSto2k (2025) proxy database"
"Arc_051","cfr_annual","PReSto2k (2025) proxy database"
"O2kLR_045","cfr_annual","PReSto2k (2025) proxy database"
"Ocean2kHR_147","cfr_annual","PReSto2k (2025) proxy database"
"Asia_137","cfr_annual","PReSto2k (2025) proxy database"
"Ocean2kHR_006","cfr_annual","PReSto2k (2025) proxy database"
"Arc_040","cfr_annual","PReSto2k (2025) proxy database"
"Ocean2kHR_142","cfr_annual","PReSto2k (2025) proxy database"
"Asia_145","cfr_annual","PReSto2k (2025) proxy database"
"Ocean2kHR_019","cfr_annual","PReSto2k (2025) proxy database"
"Asia_003","cfr_annual","PReSto2k (2025) proxy database"
"Asia_131","cfr_annual","PReSto2k (2025) proxy database"
"NAm_1408","cfr_annual","PReSto2k (2025) proxy database"
"NAm_184","cfr_annual","PReSto2k (2025) proxy database"
"Asia_097","cfr_annual","PReSto2k (2025) proxy database"
"LPD68872399","cfr_annual","PReSto2k (2025) proxy database"
"Asia_048","cfr_annual","PReSto2k (2025) proxy database"
"Arc_018","cfr_annual","PReSto2k (2025) proxy database"
"NAm_1564","cfr_annual","PReSto2k (2025) proxy database"
"LPDb9285123","cfr_annual","PReSto2k (2025) proxy database"
"LPD7abab671","cfr_annual","PReSto2k (2025) proxy database"
"Arc_002","cfr_annual","PReSto2k (2025) proxy database"
"Arc_008","cfr_annual","PReSto2k (2025) proxy database"
"NAm_088","cfr_annual","PReSto2k (2025) proxy database"
"NAm_3810","cfr_annual","PReSto2k (2025) proxy database"
"NAm_1852","cfr_annual","PReSto2k (2025) proxy database"
"Arc_150","cfr_annual","PReSto2k (2025) proxy database"
"Asia_105","cfr_annual","PReSto2k (2025) proxy database"
"Asia_158","cfr_annual","PReSto2k (2025) proxy database"
"Asia_125","cfr_annual","PReSto2k (2025) proxy database"
"Ocean2kHR_194","cfr_annual","PReSto2k (2025) proxy database"
"Ocean2kHR_193","cfr_annual","PReSto2k (2025) proxy database"
"Eur_026","cfr_annual","PReSto2k (2025) proxy database"
"LPD7e8e8eaa","cfr_annual","PReSto2k (2025) proxy database"
"Asia_098","cfr_annual","PReSto2k (2025) proxy database"
"Ocean2kHR_023","cfr_annual","PReSto2k (2025) proxy database"
"Ocean2kHR_133","cfr_annual","PReSto2k (2025) proxy database"
"LPD995c6f3c","cfr_annual","PReSto2k (2025) proxy database"
"Asia_015","cfr_annual","PReSto2k (2025) proxy database"
"O2kLR_074","cfr_annual","PReSto2k (2025) proxy database"
"SAm_0243","cfr_annual","PReSto2k (2025) proxy database"
"Asia_224","cfr_annual","PReSto2k (2025) proxy database"
"NAm_868","cfr_annual","PReSto2k (2025) proxy database"
"Ocean2kHR_183","cfr_annual","PReSto2k (2025) proxy database"
"NAm_3804","cfr_annual","PReSto2k (2025) proxy database"
"Asia_011","cfr_annual","PReSto2k (2025) proxy database"
"Arc_027","cfr_annual","PReSto2k (2025) proxy database"
"LPD57d40973","cfr_annual","PReSto2k (2025) proxy database"
"Arc_034","cfr_annual","PReSto2k (2025) proxy database"
"Asia_094","cfr_annual","PReSto2k (2025) proxy database"
"NAm_808","cfr_annual","PReSto2k (2025) proxy database"
"Asia_151","cfr_annual","PReSto2k (2025) proxy database"
"Ocean2kHR_166","cfr_annual","PReSto2k (2025) proxy database"
"Asia_107","cfr_annual","PReSto2k (2025) proxy database"
"Asia_044","cfr_annual","PReSto2k (2025) proxy database"
"Asia_093","cfr_annual","PReSto2k (2025) proxy database"
"Asia_134","cfr_annual","PReSto2k (2025) proxy database"
"Eur_024","cfr_annual","PReSto2k (2025) proxy database"
"NAm_2056","cfr_annual","PReSto2k (2025) proxy database"
"Ant_033","cfr_annual","PReSto2k (2025) proxy database"
"Asia_024","cfr_annual","PReSto2k (2025) proxy database"
"Ocean2kHR_026","cfr_annual","PReSto2k (2025) proxy database"
"Ocean2kHR_027","cfr_annual","PReSto2k (2025) proxy database"
"NAm_3376","cfr_annual","PReSto2k (2025) proxy database"
"Asia_168","cfr_annual","PReSto2k (2025) proxy database"
"Asia_230","cfr_annual","PReSto2k (2025) proxy database"
"Arc_044","cfr_annual","PReSto2k (2025) proxy database"
"Asia_029","cfr_annual","PReSto2k (2025) proxy database"
"Asia_213","cfr_annual","PReSto2k (2025) proxy database"
"Asia_154","cfr_annual","PReSto2k (2025) proxy database"
"NAm_2812","cfr_annual","PReSto2k (2025) proxy database"
"Asia_138","cfr_annual","PReSto2k (2025) proxy database"
"NAm_2260","cfr_annual","PReSto2k (2025) proxy database"
"Ant_014","cfr_annual","PReSto2k (2025) proxy database"
"Arc_059","cfr_annual","PReSto2k (2025) proxy database"
"Asia_021","cfr_annual","PReSto2k (2025) proxy database"
"Eur_022","cfr_annual","PReSto2k (2025) proxy database"
"Arc_016","cfr_annual","PReSto2k (2025) proxy database"
"Asia_042","cfr_annual","PReSto2k (2025) proxy database"
"NAm_3400","cfr_annual","PReSto2k (2025) proxy database"
"LPD0e0867fe","cfr_annual","PReSto2k (2025) proxy database"
"O2kLR_187","cfr_annual","PReSto2k (2025) proxy database"
"Ant_037","cfr_annual","PReSto2k (2025) proxy database"
"Asia_152","cfr_annual","PReSto2k (2025) proxy database"
"Asia_036","cfr_annual","PReSto2k (2025) proxy database"
"NAm_3280","cfr_annual","PReSto2k (2025) proxy database"
"Asia_030","cfr_annual","PReSto2k (2025) proxy database"
"NAm_3772","cfr_annual","PReSto2k (2025) proxy database"
"Ocean2kHR_099","cfr_annual","PReSto2k (2025) proxy database"
"Ocean2kHR_100","cfr_annual","PReSto2k (2025) proxy database"
"Asia_184","cfr_annual","PReSto2k (2025) proxy database"
"Eur_015","cfr_annual","PReSto2k (2025) proxy database"
"NAm_1012","cfr_annual","PReSto2k (2025) proxy database"
"NAm_1024","cfr_annual","PReSto2k (2025) proxy database"
"NAm_2152","cfr_annual","PReSto2k (2025) proxy database"
"Asia_317","cfr_annual","PReSto2k (2025) proxy database"
"Asia_073","cfr_annual","PReSto2k (2025) proxy database"
"Eur_001","cfr_annual","PReSto2k (2025) proxy database"
"NAm_3676","cfr_annual","PReSto2k (2025) proxy database"
"Asia_026","cfr_annual","PReSto2k (2025) proxy database"
"Asia_118","cfr_annual","PReSto2k (2025) proxy database"
"NAm_1972","cfr_annual","PReSto2k (2025) proxy database"
"NAm_2164","cfr_annual","PReSto2k (2025) proxy database"
"NAm_1660","cfr_annual","PReSto2k (2025) proxy database"
"NAm_1672","cfr_annual","PReSto2k (2025) proxy database"
"Asia_305","cfr_annual","PReSto2k (2025) proxy database"
"Asia_156","cfr_annual","PReSto2k (2025) proxy database"
"Eur_019","cfr_annual","PReSto2k (2025) proxy database"
"Asia_136","cfr_annual","PReSto2k (2025) proxy database"
"LPDa03ec713","cfr_annual","PReSto2k (2025) proxy database"
"Asia_018","cfr_annual","PReSto2k (2025) proxy database"
"Aus_015","cfr_annual","PReSto2k (2025) proxy database"
"Ocean2kHR_173","cfr_annual","PReSto2k (2025) proxy database"
"Asia_190","cfr_annual","PReSto2k (2025) proxy database"
"Asia_017","cfr_annual","PReSto2k (2025) proxy database"
"NAm_3816","cfr_annual","PReSto2k (2025) proxy database"
"Asia_121","cfr_annual","PReSto2k (2025) proxy database"
"Asia_148","cfr_annual","PReSto2k (2025) proxy database"
"Asia_031","cfr_annual","PReSto2k (2025) proxy database"
"NAm_3244","cfr_annual","PReSto2k (2025) proxy database"
"Asia_083","cfr_annual","PReSto2k (2025) proxy database"
"Ocean2kHR_001","cfr_annual","PReSto2k (2025) proxy database"
"Asia_129","cfr_annual","PReSto2k (2025) proxy database"
"Asia_064","cfr_annual","PReSto2k (2025) proxy database"
"LPD47182517","cfr_annual","PReSto2k (2025) proxy database"
"Asia_194","cfr_annual","PReSto2k (2025) proxy database"
"O2kLR_007","cfr_annual","PReSto2k (2025) proxy database"
"Asia_113","cfr_annual","PReSto2k (2025) proxy database"
"NAm_052","cfr_annual","PReSto2k (2025) proxy database"
"Asia_207","cfr_annual","PReSto2k (2025) proxy database"
"NAm_1384","cfr_annual","PReSto2k (2025) proxy database"
"Ocean2kHR_167","cfr_annual","PReSto2k (2025) proxy database"
"Aus_062","cfr_annual","PReSto2k (2025) proxy database"
"Ant_017","cfr_annual","PReSto2k (2025) proxy database"
"NAm_004","cfr_annual","PReSto2k (2025) proxy database"
"Ocean2kHR_116","cfr_annual","PReSto2k (2025) proxy database"
"NAm_3851","cfr_annual","PReSto2k (2025) proxy database"
"Asia_140","cfr_annual","PReSto2k (2025) proxy database"
"Asia_022","cfr_annual","PReSto2k (2025) proxy database"
"NAm_3100","cfr_annual","PReSto2k (2025) proxy database"
"Ant_009","cfr_annual","PReSto2k (2025) proxy database"
"NAm_2212","cfr_annual","PReSto2k (2025) proxy database"
"LPD30c5b95c","cfr_annual","PReSto2k (2025) proxy database"
"NAm_520","cfr_annual","PReSto2k (2025) proxy database"
"Ant_027","cfr_annual","PReSto2k (2025) proxy database"
"Aus_010","cfr_annual","PReSto2k (2025) proxy database"
"NAm_1816","cfr_annual","PReSto2k (2025) proxy database"
"SAm_032","cfr_annual","PReSto2k (2025) proxy database"
"NAm_2776","cfr_annual","PReSto2k (2025) proxy database"
"Asia_067","cfr_annual","PReSto2k (2025) proxy database"
"Aus_041","cfr_annual","PReSto2k (2025) proxy database"
"Arc_152","cfr_annual","PReSto2k (2025) proxy database"
"Asia_072","cfr_annual","PReSto2k (2025) proxy database"
"Asia_126","cfr_annual","PReSto2k (2025) proxy database"
"Ocean2kHR_094","cfr_annual","PReSto2k (2025) proxy database"
"Ocean2kHR_095","cfr_annual","PReSto2k (2025) proxy database"
"NAm_1468","cfr_annual","PReSto2k (2025) proxy database"
"Asia_153","cfr_annual","PReSto2k (2025) proxy database"
"Asia_087","cfr_annual","PReSto2k (2025) proxy database"
"NAm_3796","cfr_annual","PReSto2k (2025) proxy database"
"Ocean2kHR_007","cfr_annual","PReSto2k (2025) proxy database"
"Asia_079","cfr_annual","PReSto2k (2025) proxy database"
"Asia_124","cfr_annual","PReSto2k (2025) proxy database"
"LPDbd07f717","cfr_annual","PReSto2k (2025) proxy database"
"Asia_014","cfr_annual","PReSto2k (2025) proxy database"
"NAm_292","cfr_annual","PReSto2k (2025) proxy database"
"NAm_304","cfr_annual","PReSto2k (2025) proxy database"
"Asia_247","cfr_annual","PReSto2k (2025) proxy database"
"Asia_103","cfr_annual","PReSto2k (2025) proxy database"
"Asia_071","cfr_annual","PReSto2k (2025) proxy database"
"Eur_009","cfr_annual","PReSto2k (2025) proxy database"
"NAm_2488","cfr_annual","PReSto2k (2025) proxy database"
"NAm_2476","cfr_annual","PReSto2k (2025) proxy database"
"Asia_161","cfr_annual","PReSto2k (2025) proxy database"
"NAm_1936","cfr_annual","PReSto2k (2025) proxy database"
"Asia_321","cfr_annual","PReSto2k (2025) proxy database"
"NAm_1204","cfr_annual","PReSto2k (2025) proxy database"
"NAm_1216","cfr_annual","PReSto2k (2025) proxy database"
"Arc_035","cfr_annual","PReSto2k (2025) proxy database"
"NAm_424","cfr_annual","PReSto2k (2025) proxy database"
"Eur_002","cfr_annual","PReSto2k (2025) proxy database"
"Asia_091","cfr_annual","PReSto2k (2025) proxy database"
"Ant_025","cfr_annual","PReSto2k (2025) proxy database"
"NAm_2068","cfr_annual","PReSto2k (2025) proxy database"
"NAm_2080","cfr_annual","PReSto2k (2025) proxy database"
"NAm_3712","cfr_annual","PReSto2k (2025) proxy database"
"NAm_3724","cfr_annual","PReSto2k (2025) proxy database"
"NAm_2272","cfr_annual","PReSto2k (2025) proxy database"
"Ocean2kHR_177","cfr_annual","PReSto2k (2025) proxy database"
"LPD9cc3baf6-dup","cfr_annual","PReSto2k (2025) proxy database"
"Arc_031","cfr_annual","PReSto2k (2025) proxy database"
"Ant_008","cfr_annual","PReSto2k (2025) proxy database"
"NAm_1924","cfr_annual","PReSto2k (2025) proxy database"
"Asia_135","cfr_annual","PReSto2k (2025) proxy database"
"NAm_2800","cfr_annual","PReSto2k (2025) proxy database"
"NAm_2788","cfr_annual","PReSto2k (2025) proxy database"
"NAm_1312","cfr_annual","PReSto2k (2025) proxy database"
"O2kLR_030","cfr_annual","PReSto2k (2025) proxy database"
"NAm_1072","cfr_annual","PReSto2k (2025) proxy database"
"Ant_006","cfr_annual","PReSto2k (2025) proxy database"
"Asia_039","cfr_annual","PReSto2k (2025) proxy database"
"Arc_073","cfr_annual","PReSto2k (2025) proxy database"
"Asia_084","cfr_annual","PReSto2k (2025) proxy database"
"Asia_034","cfr_annual","PReSto2k (2025) proxy database"
"SAm_035","cfr_annual","PReSto2k (2025) proxy database"
"Asia_023","cfr_annual","PReSto2k (2025) proxy database"
"LPD44b374e7","cfr_annual","PReSto2k (2025) proxy database"
"O2kLR_082","cfr_annual","PReSto2k (2025) proxy database"
"Asia_128","cfr_annual","PReSto2k (2025) proxy database"
"Asia_328","cfr_annual","PReSto2k (2025) proxy database"
"NAm_3184","cfr_annual","PReSto2k (2025) proxy database"
"Asia_123","cfr_annual","PReSto2k (2025) proxy database"
"Asia_111","cfr_annual","PReSto2k (2025) proxy database"
"Asia_082","cfr_annual","PReSto2k (2025) proxy database"
"Asia_132","cfr_annual","PReSto2k (2025) proxy database"
"Asia_088","cfr_annual","PReSto2k (2025) proxy database"
"Asia_166","cfr_annual","PReSto2k (2025) proxy database"
"NAm_1648","cfr_annual","PReSto2k (2025) proxy database"
"NAm_1636","cfr_annual","PReSto2k (2025) proxy database"
"NAm_028","cfr_annual","PReSto2k (2025) proxy database"
"NAm_796","cfr_annual","PReSto2k (2025) proxy database"
"Asia_172","cfr_annual","PReSto2k (2025) proxy database"
"LPD6315f935","cfr_annual","PReSto2k (2025) proxy database"
"Asia_193","cfr_annual","PReSto2k (2025) proxy database"
"Asia_115","cfr_annual","PReSto2k (2025) proxy database"
"NAm_3436","cfr_annual","PReSto2k (2025) proxy database"
"NAm_2008","cfr_annual","PReSto2k (2025) proxy database"
"Asia_078","cfr_annual","PReSto2k (2025) proxy database"
"Asia_144","cfr_annual","PReSto2k (2025) proxy database"
"Ant_005","cfr_annual","PReSto2k (2025) proxy database"
"Asia_127","cfr_annual","PReSto2k (2025) proxy database"
"Asia_066","cfr_annual","PReSto2k (2025) proxy database"
"Asia_214","cfr_annual","PReSto2k (2025) proxy database"
"Asia_320","cfr_annual","PReSto2k (2025) proxy database"
"O2kLR_114","cfr_annual","PReSto2k (2025) proxy database"
"Eur_017","cfr_annual","PReSto2k (2025) proxy database"
"Asia_160","cfr_annual","PReSto2k (2025) proxy database"
"NAm_3801","cfr_annual","PReSto2k (2025) proxy database"
"LPDdc74a376","cfr_annual","PReSto2k (2025) proxy database"
"Asia_201","cfr_annual","PReSto2k (2025) proxy database"
"Ocean2kHR_014","cfr_annual","PReSto2k (2025) proxy database"
"Arc_021","cfr_annual","PReSto2k (2025) proxy database"
"Ocean2kHR_118","cfr_annual","PReSto2k (2025) proxy database"
"Asia_049","cfr_annual","PReSto2k (2025) proxy database"
"Asia_176","cfr_annual","PReSto2k (2025) proxy database"
"Asia_198","cfr_annual","PReSto2k (2025) proxy database"
"Arc_151","cfr_annual","PReSto2k (2025) proxy database"
"Asia_228","cfr_annual","PReSto2k (2025) proxy database"
"NAm_3016","cfr_annual","PReSto2k (2025) proxy database"
"NAm_3556","cfr_annual","PReSto2k (2025) proxy database"
"NAm_3870","cfr_annual","PReSto2k (2025) proxy database"
"Asia_035","cfr_annual","PReSto2k (2025) proxy database"
"Ant_013","cfr_annual","PReSto2k (2025) proxy database"
"LPD335d863f","cfr_annual","PReSto2k (2025) proxy database"
"Arc_014","cfr_annual","PReSto2k (2025) proxy database"
"Asia_122","cfr_annual","PReSto2k (2025) proxy database"
"Arc_039","cfr_annual","PReSto2k (2025) proxy database"
"Arc_012mxd","cfr_annual","PReSto2k (2025) proxy database"
"Asia_052","cfr_annual","PReSto2k (2025) proxy database"
"Asia_089","cfr_annual","PReSto2k (2025) proxy database"
"Asia_060","cfr_annual","PReSto2k (2025) proxy database"
"NAm_1996","cfr_annual","PReSto2k (2025) proxy database"
"NAm_2704","cfr_annual","PReSto2k (2025) proxy database"
"Asia_221","cfr_annual","PReSto2k (2025) proxy database"
"O2kLR_150","cfr_annual","PReSto2k (2025) proxy database"
"NAm_616","cfr_annual","PReSto2k (2025) proxy database"
"NAm_2836","cfr_annual","PReSto2k (2025) proxy database"
"NAm_1600","cfr_annual","PReSto2k (2025) proxy database"
"NAm_256","cfr_annual","PReSto2k (2025) proxy database"
"Asia_181","cfr_annual","PReSto2k (2025) proxy database"
"O2kLR_112","cfr_annual","PReSto2k (2025) proxy database"
"Asia_065","cfr_annual","PReSto2k (2025) proxy database"
"Asia_229","cfr_annual","PReSto2k (2025) proxy database"
"Asia_133","cfr_annual","PReSto2k (2025) proxy database"
"Arc_042","cfr_annual","PReSto2k (2025) proxy database"
"NAm_016","cfr_annual","PReSto2k (2025) proxy database"
"Ant_024","cfr_annual","PReSto2k (2025) proxy database"
"LPD572f7cc3","cfr_annual","PReSto2k (2025) proxy database"
"Asia_142","cfr_annual","PReSto2k (2025) proxy database"
"Ocean2kHR_149","cfr_annual","PReSto2k (2025) proxy database"
"O2kLR_105","cfr_annual","PReSto2k (2025) proxy database"
"Asia_009","cfr_annual","PReSto2k (2025) proxy database"
"Asia_055","cfr_annual","PReSto2k (2025) proxy database"
"Asia_150","cfr_annual","PReSto2k (2025) proxy database"
"Ocean2kHR_020","cfr_annual","PReSto2k (2025) proxy database"
"Asia_001","cfr_annual","PReSto2k (2025) proxy database"
"Asia_013","cfr_annual","PReSto2k (2025) proxy database"
"Asia_188","cfr_annual","PReSto2k (2025) proxy database"
"Asia_212","cfr_annual","PReSto2k (2025) proxy database"
"Ocean2kHR_125","cfr_annual","PReSto2k (2025) proxy database"
"NAm_880","cfr_annual","PReSto2k (2025) proxy database"
"Asia_085","cfr_annual","PReSto2k (2025) proxy database"
"Malawi05","cfr_annual","PReSto2k (2025) proxy database"
"Ocean2kHR_122","cfr_annual","PReSto2k (2025) proxy database"
"LPD10e9f8f7","cfr_annual","PReSto2k (2025) proxy database"
"Arc_026","cfr_annual","PReSto2k (2025) proxy database"
"Asia_069","cfr_annual","PReSto2k (2025) proxy database"
"Africa_004","cfr_annual","PReSto2k (2025) proxy database"
"Ocean2kHR_134","cfr_annual","PReSto2k (2025) proxy database"
"NAm_436","cfr_annual","PReSto2k (2025) proxy database"
"NAm_1240","cfr_annual","PReSto2k (2025) proxy database"
"Asia_215","cfr_annual","PReSto2k (2025) proxy database"
"NAm_3853","cfr_annual","PReSto2k (2025) proxy database"
"Asia_146","cfr_annual","PReSto2k (2025) proxy database"
"Asia_182","cfr_annual","PReSto2k (2025) proxy database"
"Eur_016","cfr_annual","PReSto2k (2025) proxy database"
"Asia_220","cfr_annual","PReSto2k (2025) proxy database"
"Arc_099","cfr_annual","PReSto2k (2025) proxy database"
"Arc_099d18O","cfr_annual","PReSto2k (2025) proxy database"
"Asia_327","cfr_annual","PReSto2k (2025) proxy database"
"NAm_244","cfr_annual","PReSto2k (2025) proxy database"
"NAm_3760","cfr_annual","PReSto2k (2025) proxy database"
"NAm_916","cfr_annual","PReSto2k (2025) proxy database"
"Asia_206","cfr_annual","PReSto2k (2025) proxy database"
"LPDcda1c277","cfr_annual","PReSto2k (2025) proxy database"
"Ocean2kHR_123","cfr_annual","PReSto2k (2025) proxy database"
"NAm_2500","cfr_annual","PReSto2k (2025) proxy database"
"NAm_2512","cfr_annual","PReSto2k (2025) proxy database"
"Asia_179","cfr_annual","PReSto2k (2025) proxy database"
"Arc_001","cfr_annual","PReSto2k (2025) proxy database"
"Ocean2kHR_130","cfr_annual","PReSto2k (2025) proxy database"
"Asia_204","cfr_annual","PReSto2k (2025) proxy database"
"Asia_189","cfr_annual","PReSto2k (2025) proxy database"
"O2kLR_047","cfr_annual","PReSto2k (2025) proxy database"
"SAm_015","cfr_annual","PReSto2k (2025) proxy database"
"NAm_1432","cfr_annual","PReSto2k (2025) proxy database"
"NAm_1444","cfr_annual","PReSto2k (2025) proxy database"
"NAm_2392","cfr_annual","PReSto2k (2025) proxy database"
"Asia_326","cfr_annual","PReSto2k (2025) proxy database"
"Asia_225","cfr_annual","PReSto2k (2025) proxy database"
"Asia_051","cfr_annual","PReSto2k (2025) proxy database"
"Asia_208","cfr_annual","PReSto2k (2025) proxy database"
"Asia_141","cfr_annual","PReSto2k (2025) proxy database"
"Asia_236","cfr_annual","PReSto2k (2025) proxy database"
"Asia_019","cfr_annual","PReSto2k (2025) proxy database"
"Asia_192","cfr_annual","PReSto2k (2025) proxy database"
"Asia_159","cfr_annual","PReSto2k (2025) proxy database"
"Asia_074","cfr_annual","PReSto2k (2025) proxy database"
"Arc_076","cfr_annual","PReSto2k (2025) proxy database"
"NAm_628","cfr_annual","PReSto2k (2025) proxy database"
"LPD53e179ad","cfr_annual","PReSto2k (2025) proxy database"
"LPD81e53153","cfr_annual","PReSto2k (2025) proxy database"
"Asia_218","cfr_annual","PReSto2k (2025) proxy database"
"Asia_203","cfr_annual","PReSto2k (2025) proxy database"
"Ocean2kHR_011","cfr_annual","PReSto2k (2025) proxy database"
"NAm_280","cfr_annual","PReSto2k (2025) proxy database"
"Asia_155","cfr_annual","PReSto2k (2025) proxy database"
"Arc_100","cfr_annual","PReSto2k (2025) proxy database"
"Asia_059","cfr_annual","PReSto2k (2025) proxy database"
"Asia_197","cfr_annual","PReSto2k (2025) proxy database"
"O2kLR_101","cfr_annual","PReSto2k (2025) proxy database"
"Asia_046","cfr_annual","PReSto2k (2025) proxy database"
"LPD2a3997a7","cfr_annual","PReSto2k (2025) proxy database"
"Arc_058","cfr_annual","PReSto2k (2025) proxy database"
"NAm_3798","cfr_annual","PReSto2k (2025) proxy database"
"Asia_162","cfr_annual","PReSto2k (2025) proxy database"
"Asia_032","cfr_annual","PReSto2k (2025) proxy database"
"Asia_185","cfr_annual","PReSto2k (2025) proxy database"
"Ocean2kHR_190","cfr_annual","PReSto2k (2025) proxy database"
"Ocean2kHR_191","cfr_annual","PReSto2k (2025) proxy database"
"Asia_226","cfr_annual","PReSto2k (2025) proxy database"
"NAm_484","cfr_annual","PReSto2k (2025) proxy database"
"Asia_329","cfr_annual","PReSto2k (2025) proxy database"
"LPDb7ba9166","cfr_annual","PReSto2k (2025) proxy database"
"Asia_058","cfr_annual","PReSto2k (2025) proxy database"
"NAm_3520","cfr_annual","PReSto2k (2025) proxy database"
"Asia_054","cfr_annual","PReSto2k (2025) proxy database"
"Ant_031dD","cfr_annual","PReSto2k (2025) proxy database"
"Ant_031","cfr_annual","PReSto2k (2025) proxy database"
"Asia_191","cfr_annual","PReSto2k (2025) proxy database"
"Asia_209","cfr_annual","PReSto2k (2025) proxy database"
"Aus_020","cfr_annual","PReSto2k (2025) proxy database"
"Asia_319","cfr_annual","PReSto2k (2025) proxy database"
"NAm_412","cfr_annual","PReSto2k (2025) proxy database"
"NAm_2560","cfr_annual","PReSto2k (2025) proxy database"
"NAm_2572","cfr_annual","PReSto2k (2025) proxy database"
"Asia_005","cfr_annual","PReSto2k (2025) proxy database"
"NAm_1360","cfr_annual","PReSto2k (2025) proxy database"
"Asia_187","cfr_annual","PReSto2k (2025) proxy database"
"Asia_175","cfr_annual","PReSto2k (2025) proxy database"
"NAm_2848","cfr_annual","PReSto2k (2025) proxy database"
"NAm_3616","cfr_annual","PReSto2k (2025) proxy database"
"NAm_3628","cfr_annual","PReSto2k (2025) proxy database"
"Asia_157","cfr_annual","PReSto2k (2025) proxy database"
"NAm_3807","cfr_annual","PReSto2k (2025) proxy database"
"O2kLR_165","cfr_annual","PReSto2k (2025) proxy database"
"Asia_047","cfr_annual","PReSto2k (2025) proxy database"
"Asia_090","cfr_annual","PReSto2k (2025) proxy database"
"Asia_217","cfr_annual","PReSto2k (2025) proxy database"
"Arc_056","cfr_annual","PReSto2k (2025) proxy database"
"Ocean2kHR_013","cfr_annual","PReSto2k (2025) proxy database"
"NAm_196","cfr_annual","PReSto2k (2025) proxy database"
"Asia_086","cfr_annual","PReSto2k (2025) proxy database"
"Ant_011","cfr_annual","PReSto2k (2025) proxy database"
"Asia_165","cfr_annual","PReSto2k (2025) proxy database"
"Ant_007","cfr_annual","PReSto2k (2025) proxy database"
"NAm_664","cfr_annual","PReSto2k (2025) proxy database"
"Asia_109","cfr_annual","PReSto2k (2025) proxy database"
"Eur_018","cfr_annual","PReSto2k (2025) proxy database"
"NAm_1168","cfr_annual","PReSto2k (2025) proxy database"
"Ocean2kHR_129","cfr_annual","PReSto2k (2025) proxy database"
"Ocean2kHR_128","cfr_annual","PReSto2k (2025) proxy database"
"O2kLR_183","cfr_annual","PReSto2k (2025) proxy database"
"LPDa77273bb","cfr_annual","PReSto2k (2025) proxy database"
"Asia_053","cfr_annual","PReSto2k (2025) proxy database"
"Asia_040","cfr_annual","PReSto2k (2025) proxy database"
"Arc_066","cfr_annual","PReSto2k (2025) proxy database"
"LPDf7bace53","cfr_annual","PReSto2k (2025) proxy database"
"Asia_147","cfr_annual","PReSto2k (2025) proxy database"
"Asia_174","cfr_annual","PReSto2k (2025) proxy database"
"Asia_325","cfr_annual","PReSto2k (2025) proxy database"
"Asia_077","cfr_annual","PReSto2k (2025) proxy database"
"Asia_169","cfr_annual","PReSto2k (2025) proxy database"
"NAm_2656","cfr_annual","PReSto2k (2025) proxy database"
"NAm_2668","cfr_annual","PReSto2k (2025) proxy database"
"NAm_172","cfr_annual","PReSto2k (2025) proxy database"
"Asia_007","cfr_annual","PReSto2k (2025) proxy database"
"Asia_178","cfr_annual","PReSto2k (2025) proxy database"
"NAm_3652","cfr_annual","PReSto2k (2025) proxy database"
"NAm_388","cfr_annual","PReSto2k (2025) proxy database"
"Asia_222","cfr_annual","PReSto2k (2025) proxy database"
"Arc_162","cfr_annual","PReSto2k (2025) proxy database"
"Arc_036","cfr_annual","PReSto2k (2025) proxy database"
"NAm_1708","cfr_annual","PReSto2k (2025) proxy database"
"NAm_1720","cfr_annual","PReSto2k (2025) proxy database"
"Asia_180","cfr_annual","PReSto2k (2025) proxy database"
"Asia_092","cfr_annual","PReSto2k (2025) proxy database"
"Asia_119","cfr_annual","PReSto2k (2025) proxy database"
"Ant_022","cfr_annual","PReSto2k (2025) proxy database"
"LPD7c7e19c5","cfr_annual","PReSto2k (2025) proxy database"
"Asia_004","cfr_annual","PReSto2k (2025) proxy database"
"NAm_1840","cfr_annual","PReSto2k (2025) proxy database"
"Eur_008","cfr_annual","PReSto2k (2025) proxy database"
"NAm_3867","cfr_annual","PReSto2k (2025) proxy database"
"NAm_3868","cfr_annual","PReSto2k (2025) proxy database"
"Eur_003","cfr_annual","PReSto2k (2025) proxy database"
"O2kLR_131","cfr_annual","PReSto2k (2025) proxy database"
"Asia_211","cfr_annual","PReSto2k (2025) proxy database"
"O2kLR_118","cfr_annual","PReSto2k (2025) proxy database"
"Arc_052","cfr_annual","PReSto2k (2025) proxy database"
"LPD13a78f9b","cfr_annual","PReSto2k (2025) proxy database"
"Asia_108","cfr_annual","PReSto2k (2025) proxy database"
"Asia_095","cfr_annual","PReSto2k (2025) proxy database"
"Ocean2kHR_126","cfr_annual","PReSto2k (2025) proxy database"
"Ocean2kHR_127","cfr_annual","PReSto2k (2025) proxy database"
"Ant_028","cfr_annual","PReSto2k (2025) proxy database"
"Asia_050","cfr_annual","PReSto2k (2025) proxy database"
"NAm_2308","cfr_annual","PReSto2k (2025) proxy database"
"NAm_2716","cfr_annual","PReSto2k (2025) proxy database"
"NAm_3472","cfr_annual","PReSto2k (2025) proxy database"
"NAm_3484","cfr_annual","PReSto2k (2025) proxy database"
"Asia_080","cfr_annual","PReSto2k (2025) proxy database"
"Asia_076","cfr_annual","PReSto2k (2025) proxy database"
"Asia_002","cfr_annual","PReSto2k (2025) proxy database"
"Asia_216","cfr_annual","PReSto2k (2025) proxy database"
"NAm_364","cfr_annual","PReSto2k (2025) proxy database"
"O2kLR_175","cfr_annual","PReSto2k (2025) proxy database"
"O2kLR_146","cfr_annual","PReSto2k (2025) proxy database"
"O2kLR_195","cfr_annual","PReSto2k (2025) proxy database"
"Ant_050","cfr_annual","PReSto2k (2025) proxy database"
"Asia_099","cfr_annual","PReSto2k (2025) proxy database"
"Asia_167","cfr_annual","PReSto2k (2025) proxy database"
"NAm_772","cfr_annual","PReSto2k (2025) proxy database"
"NAm_3748","cfr_annual","PReSto2k (2025) proxy database"
"Asia_075","cfr_annual","PReSto2k (2025) proxy database"
"LPD1a0245b7","cfr_annual","PReSto2k (2025) proxy database"
"O2kLR_148","cfr_annual","PReSto2k (2025) proxy database"
"Ant_012","cfr_annual","PReSto2k (2025) proxy database"
"NAm_2728","cfr_annual","PReSto2k (2025) proxy database"
"Asia_008","cfr_annual","PReSto2k (2025) proxy database"
"Asia_130","cfr_annual","PReSto2k (2025) proxy database"
"NAm_2632","cfr_annual","PReSto2k (2025) proxy database"
"NAm_3124","cfr_annual","PReSto2k (2025) proxy database"
"Aus_067","cfr_annual","PReSto2k (2025) proxy database"
"Arc_037","cfr_annual","PReSto2k (2025) proxy database"
"LPDefb3d2b0","cfr_annual","PReSto2k (2025) proxy database"
"NAm_2752","cfr_annual","PReSto2k (2025) proxy database"
"NAm_2740","cfr_annual","PReSto2k (2025) proxy database"
"Arc_041","cfr_annual","PReSto2k (2025) proxy database"
"Arc_033","cfr_annual","PReSto2k (2025) proxy database"
"Ocean2kHR_102","cfr_annual","PReSto2k (2025) proxy database"
"Asia_027","cfr_annual","PReSto2k (2025) proxy database"
"NAm_1744","cfr_annual","PReSto2k (2025) proxy database"
"NAm_2128","cfr_annual","PReSto2k (2025) proxy database"
"Arc_078","cfr_annual","PReSto2k (2025) proxy database"
"NAm_2464","cfr_annual","PReSto2k (2025) proxy database"
"Asia_116","cfr_annual","PReSto2k (2025) proxy database"
"NAm_640","cfr_annual","PReSto2k (2025) proxy database"
"Arc_011","cfr_annual","PReSto2k (2025) proxy database"
"Arc_024","cfr_annual","PReSto2k (2025) proxy database"
"Asia_196","cfr_annual","PReSto2k (2025) proxy database"
"Asia_205","cfr_annual","PReSto2k (2025) proxy database"
"NAm_1828","cfr_annual","PReSto2k (2025) proxy database"
"Aus_071","cfr_annual","PReSto2k (2025) proxy database"
"NAm_3865","cfr_annual","PReSto2k (2025) proxy database"
"NAm_232","cfr_annual","PReSto2k (2025) proxy database"
"LPDb17a5e9e-dup","cfr_annual","PReSto2k (2025) proxy database"
"Asia_163","cfr_annual","PReSto2k (2025) proxy database"
"Asia_104","cfr_annual","PReSto2k (2025) proxy database"
"Asia_170","cfr_annual","PReSto2k (2025) proxy database"
"Arc_043","cfr_annual","PReSto2k (2025) proxy database"
"Ocean2kHR_025","cfr_annual","PReSto2k (2025) proxy database"
"Eur_010","cfr_annual","PReSto2k (2025) proxy database"
"Asia_033","cfr_annual","PReSto2k (2025) proxy database"
"Arc_049","cfr_annual","PReSto2k (2025) proxy database"
"NAm_2116","cfr_annual","PReSto2k (2025) proxy database"
"NAm_3819","cfr_annual","PReSto2k (2025) proxy database"
"Asia_335","cfr_annual","PReSto2k (2025) proxy database"
"LPDe51d17e8","cfr_annual","PReSto2k (2025) proxy database"
"Asia_235","cfr_annual","PReSto2k (2025) proxy database"
"SAm_010","cfr_annual","PReSto2k (2025) proxy database"
"Asia_038","cfr_annual","PReSto2k (2025) proxy database"
"Asia_101","cfr_annual","PReSto2k (2025) proxy database"
"Asia_223","cfr_annual","PReSto2k (2025) proxy database"
"LPDasan2012","cfr_annual","PReSto2k (2025) proxy database"
"Ant_035","cfr_annual","PReSto2k (2025) proxy database"
"Ocean2kHR_157","cfr_annual","PReSto2k (2025) proxy database"
"Ocean2kHR_158","cfr_annual","PReSto2k (2025) proxy database"
"Ocean2kHR_154","cfr_annual","PReSto2k (2025) proxy database"
"Asia_070","cfr_annual","PReSto2k (2025) proxy database"
"Asia_143","cfr_annual","PReSto2k (2025) proxy database"
"NAm_3352","cfr_annual","PReSto2k (2025) proxy database"
"Asia_081","cfr_annual","PReSto2k (2025) proxy database"
"NPMlaanila2","cfr_annual","PReSto2k (2025) proxy database"
"Asia_149","cfr_annual","PReSto2k (2025) proxy database"
"NAm_2092","cfr_annual","PReSto2k (2025) proxy database"
"Arc_005","cfr_annual","PReSto2k (2025) proxy database"
"NAm_760","cfr_annual","PReSto2k (2025) proxy database"
"LPD84ab67b9","cfr_annual","PReSto2k (2025) proxy database"
"Asia_063","cfr_annual","PReSto2k (2025) proxy database"
"Asia_020","cfr_annual","PReSto2k (2025) proxy database"
"Arc_079","cfr_annual","PReSto2k (2025) proxy database"
"Arc_053","cfr_annual","PReSto2k (2025) proxy database"
"can1101","cfr_annual","PReSto2k (2025) proxy database"
"O2kLR_017","cfr_annual","PReSto2k (2025) proxy database"
"Asia_057","cfr_annual","PReSto2k (2025) proxy database"
"Arc_020","cfr_annual","PReSto2k (2025) proxy database"
"Asia_199","cfr_annual","PReSto2k (2025) proxy database"
"Asia_110","cfr_annual","PReSto2k (2025) proxy database"
"Asia_010","cfr_annual","PReSto2k (2025) proxy database"
"Arc_028","cfr_annual","PReSto2k (2025) proxy database"
"Arc_048","cfr_annual","PReSto2k (2025) proxy database"
"Asia_120","cfr_annual","PReSto2k (2025) proxy database"
"Eur_020","cfr_annual","PReSto2k (2025) proxy database"
"NAm_1420","cfr_annual","PReSto2k (2025) proxy database"
"Asia_177","cfr_annual","PReSto2k (2025) proxy database"
"NAm_940","cfr_annual","PReSto2k (2025) proxy database"
"Asia_043","cfr_annual","PReSto2k (2025) proxy database"
"Asia_028","cfr_annual","PReSto2k (2025) proxy database"
"Arc_029_varvethickness","cfr_annual","PReSto2k (2025) proxy database"
"Eur_005","cfr_annual","PReSto2k (2025) proxy database"
"Eur_007","cfr_annual","PReSto2k (2025) proxy database"
"Asia_195","cfr_annual","PReSto2k (2025) proxy database"
"Ocean2kHR_159","cfr_annual","PReSto2k (2025) proxy database"
"Arc_045","cfr_annual","PReSto2k (2025) proxy database"
"Eur_014","cfr_annual","PReSto2k (2025) proxy database"
"Asia_068","cfr_annual","PReSto2k (2025) proxy database"
"NAm_2824","cfr_annual","PReSto2k (2025) proxy database"
"NAm_460","cfr_annual","PReSto2k (2025) proxy database"
"NAm_448","cfr_annual","PReSto2k (2025) proxy database"
"Asia_106","cfr_annual","PReSto2k (2025) proxy database"
"Asia_112","cfr_annual","PReSto2k (2025) proxy database"
"NAm_064","cfr_annual","PReSto2k (2025) proxy database"
"Arc_007","cfr_annual","PReSto2k (2025) proxy database"
"O2kLR_135","cfr_annual","PReSto2k (2025) proxy database"
"Asia_202","cfr_annual","PReSto2k (2025) proxy database"
"NAm_3412","cfr_annual","PReSto2k (2025) proxy database"
"Arc_004","cfr_annual","PReSto2k (2025) proxy database"
"Asia_045","cfr_annual","PReSto2k (2025) proxy database"
"Arc_057","cfr_annual","PReSto2k (2025) proxy database"
"Ocean2kHR_131","cfr_annual","PReSto2k (2025) proxy database"
"NAm_148","cfr_annual","PReSto2k (2025) proxy database"
"NAm_160","cfr_annual","PReSto2k (2025) proxy database"
"Asia_318","cfr_annual","PReSto2k (2025) proxy database"
"Asia_096","cfr_annual","PReSto2k (2025) proxy database"
"Asia_012","cfr_annual","PReSto2k (2025) proxy database"
"Ocean2kHR_138","cfr_annual","PReSto2k (2025) proxy database"
"NAm_040","cfr_annual","PReSto2k (2025) proxy database"
"Asia_006","cfr_annual","PReSto2k (2025) proxy database"
"Ant_026","cfr_annual","PReSto2k (2025) proxy database"
"Asia_164","cfr_annual","PReSto2k (2025) proxy database"
"Eur_006","cfr_annual","PReSto2k (2025) proxy database"
"Arc_023","cfr_annual","PReSto2k (2025) proxy database"
"NAm_2596","cfr_annual","PReSto2k (2025) proxy database"
"Asia_056","cfr_annual","PReSto2k (2025) proxy database"
"Asia_139","cfr_annual","PReSto2k (2025) proxy database"
"Arc_089","cfr_annual","PReSto2k (2025) proxy database"
"Asia_062","cfr_annual","PReSto2k (2025) proxy database"
"Asia_183","cfr_annual","PReSto2k (2025) proxy database"
"NAm_976","cfr_annual","PReSto2k (2025) proxy database"
"Ocean2kHR_105","cfr_annual","PReSto2k (2025) proxy database"
"Africa_001","cfr_annual","PReSto2k (2025) proxy database"
"NAm_3688","cfr_annual","PReSto2k (2025) proxy database"
"NAm_3700","cfr_annual","PReSto2k (2025) proxy database"
"NAm_2176","cfr_annual","PReSto2k (2025) proxy database"
"NAm_2236","cfr_annual","PReSto2k (2025) proxy database"
"Asia_186","cfr_annual","PReSto2k (2025) proxy database"
"Asia_210","cfr_annual","PReSto2k (2025) proxy database"
"Asia_100","cfr_annual","PReSto2k (2025) proxy database"
"Ocean2kHR_125_iso2k","cfr_annual","PReSto2k (2025) proxy database"
"Ocean2kHR_128_iso2k","cfr_annual","PReSto2k (2025) proxy database"
"Ocean2kHR_011_iso2k","cfr_annual","PReSto2k (2025) proxy database"
"KA17RYU01_SrCa","cfr_annual","PReSto2k (2025) proxy database"
"FL17DTO02_SrCa","cfr_annual","PReSto2k (2025) proxy database"
"BO14HTI01_SrCa","cfr_annual","PReSto2k (2025) proxy database"
"ZI04IFR01_SrCa","cfr_annual","PReSto2k (2025) proxy database"
"SA16CLA01_d18O","cfr_annual","PReSto2k (2025) proxy database"
"AB20MEN03_d18O","cfr_annual","PReSto2k (2025) proxy database"
"AB20MEN02_d18O","cfr_annual","PReSto2k (2025) proxy database"
"AB20MEN06_d18O","cfr_annual","PReSto2k (2025) proxy database"
"AB20MEN07_d18O","cfr_annual","PReSto2k (2025) proxy database"
"DR00NBB01_d18O","cfr_annual","PReSto2k (2025) proxy database"
"ZI16ROD01_SrCa","cfr_annual","PReSto2k (2025) proxy database"
"AB20MEN05_d18O","cfr_annual","PReSto2k (2025) proxy database"
"HE13MIS01_d18O","cfr_annual","PReSto2k (2025) proxy database"
"HE13MIS01_SrCa","cfr_annual","PReSto2k (2025) proxy database"
"AB20MEN04_d18O","cfr_annual","PReSto2k (2025) proxy database"
"RA20TAI01_SrCa","cfr_annual","PReSto2k (2025) proxy database"
"RA20TAI01_d18O","cfr_annual","PReSto2k (2025) proxy database"
"TA18TAS01_d18O","cfr_annual","PReSto2k (2025) proxy database"
"LI04FIJ01_d18O","cfr_annual","PReSto2k (2025) proxy database"
"LI04FIJ01_SrCa","cfr_annual","PReSto2k (2025) proxy database"
"WU13TON01_d18O","cfr_annual","PReSto2k (2025) proxy database"
"RO19PAR01_SrCa","cfr_annual","PReSto2k (2025) proxy database"
"CH97BVB01_d18O","cfr_annual","PReSto2k (2025) proxy database"
"HE18COC01_d18O","cfr_annual","PReSto2k (2025) proxy database"
"HE18COC01_SrCa","cfr_annual","PReSto2k (2025) proxy database"
"MU18NPI01_SrCa","cfr_annual","PReSto2k (2025) proxy database"
"MU18NPI01_d18O","cfr_annual","PReSto2k (2025) proxy database"
"ZI15IMP02_SrCa","cfr_annual","PReSto2k (2025) proxy database"
"KI14PAR01_SrCa","cfr_annual","PReSto2k (2025) proxy database"
"KI14PAR01_d18O","cfr_annual","PReSto2k (2025) proxy database"
"ZI15IMP01_SrCa","cfr_annual","PReSto2k (2025) proxy database"
"HE02GBR01_d18O","cfr_annual","PReSto2k (2025) proxy database"
"HE02GBR01_SrCa","cfr_annual","PReSto2k (2025) proxy database"
"GO08BER01_SrCa","cfr_annual","PReSto2k (2025) proxy database"
"GO08BER01_d18O","cfr_annual","PReSto2k (2025) proxy database"
"KI08PAR01_SrCa","cfr_annual","PReSto2k (2025) proxy database"
"AB20MEN09_d18O","cfr_annual","PReSto2k (2025) proxy database"
"AB20MEN08_d18O","cfr_annual","PReSto2k (2025) proxy database"
"XI17HAI01_SrCa","cfr_annual","PReSto2k (2025) proxy database"
"XI17HAI01_d18O","cfr_annual","PReSto2k (2025) proxy database"
"DE14DTO01_SrCa","cfr_annual","PReSto2k (2025) proxy database"
"FE18RUS01_SrCa","cfr_annual","PReSto2k (2025) proxy database"
"DE14DTO02_SrCa","cfr_annual","PReSto2k (2025) proxy database"
"LI06FIJ01_d18O","cfr_annual","PReSto2k (2025) proxy database"
