"TSid","pool","source"
"RVwo44cKoew","temp12k","Temp12k v1.0.0 Tverse"
"RscxCqgnTot","temp12k","Temp12k v1.0.0 Tverse"
"R7iVi9SqggU","temp12k","Temp12k v1.0.0 Tverse"
"LPDf4934b2cdp","temp12k","Temp12k v1.0.0 Tverse"
"WEB623c3552","temp12k","Temp12k v1.0.0 Tverse"
"WEB9ff85914","temp12k","Temp12k v1.0.0 Tverse"
"R2HkffJ85JD","temp12k","Temp12k v1.0.0 Tverse"
"LPDdd0e97b8","temp12k","Temp12k v1.0.0 Tverse"
"WEB2a9c6342","temp12k","Temp12k v1.0.0 Tverse"
"M2L4bz5nk5qP","temp12k","Temp12k v1.0.0 Tverse"
"M2Lzkp2ld6fP","temp12k","Temp12k v1.0.0 Tverse"
"RBwzKRiF2rZ","temp12k","Temp12k v1.0.0 Tverse"
"PYTGDOTSUKQ","temp12k","Temp12k v1.0.0 Tverse"
"PYTV4OH8PKH","temp12k","Temp12k v1.0.0 Tverse"
"PYTNNSXZFMF","temp12k","Temp12k v1.0.0 Tverse"
"RjOdH1MOUQD","temp12k","Temp12k v1.0.0 Tverse"
"RtB93Zh1uCl","temp12k","Temp12k v1.0.0 Tverse"
"LPD779b21dc","temp12k","Temp12k v1.0.0 Tverse"
"GH2d963782","temp12k","Temp12k v1.0.0 Tverse"
"RUOh8VFHUOx","temp12k","Temp12k v1.0.0 Tverse"
"RAdpCHyuc68","temp12k","Temp12k v1.0.0 Tverse"
"RA2dcet2sLE","temp12k","Temp12k v1.0.0 Tverse"
"RdyYllBkB6b","temp12k","Temp12k v1.0.0 Tverse"
"R7erF84XRXy","temp12k","Temp12k v1.0.0 Tverse"
"RmE2SJeGukx","temp12k","Temp12k v1.0.0 Tverse"
"WEB13e37e8c","temp12k","Temp12k v1.0.0 Tverse"
"RchUIrrkpoo","temp12k","Temp12k v1.0.0 Tverse"
"T2L_ERDC_092BX_mgca_sacculifer_SST_from_mgca_sacculifer","temp12k","Temp12k v1.0.0 Tverse"
"RGIi8rzDMmj","temp12k","Temp12k v1.0.0 Tverse"
"REFHcFMUP7Z","temp12k","Temp12k v1.0.0 Tverse"
"RWaSw2Is14j","temp12k","Temp12k v1.0.0 Tverse"
"GH6edd69de","temp12k","Temp12k v1.0.0 Tverse"
"GHfa7d77a6","temp12k","Temp12k v1.0.0 Tverse"
"LPD52d54dc4","temp12k","Temp12k v1.0.0 Tverse"
"LPDc82d344d","temp12k","Temp12k v1.0.0 Tverse"
"PYT0ZB7WHKL","temp12k","Temp12k v1.0.0 Tverse"
"PYTX9J4H9KP","temp12k","Temp12k v1.0.0 Tverse"
"PYT917S9C8J","temp12k","Temp12k v1.0.0 Tverse"
"R6WsAc5ruph","temp12k","Temp12k v1.0.0 Tverse"
"PYTDSG9BNO2","temp12k","Temp12k v1.0.0 Tverse"
"PYTRS33LNIK","temp12k","Temp12k v1.0.0 Tverse"
"PYT0Z2ISPZM","temp12k","Temp12k v1.0.0 Tverse"
"PYTQ1C0DAFD","temp12k","Temp12k v1.0.0 Tverse"
"LPD35442a44","temp12k","Temp12k v1.0.0 Tverse"
"RVvxchpKsq6","temp12k","Temp12k v1.0.0 Tverse"
"PYTQ5AK802P","temp12k","Temp12k v1.0.0 Tverse"
"R4t5kuYK7RC","temp12k","Temp12k v1.0.0 Tverse"
"PYT46POC234","temp12k","Temp12k v1.0.0 Tverse"
"PYTHRCE0L7W","temp12k","Temp12k v1.0.0 Tverse"
"PYT61WOP14Y","temp12k","Temp12k v1.0.0 Tverse"
"WEB03081f2f","temp12k","Temp12k v1.0.0 Tverse"
"R8jRGF3A5Va","temp12k","Temp12k v1.0.0 Tverse"
"T2L_KNR159_5_36GGC_mgca_ruber_SST_from_mgca_ruber","temp12k","Temp12k v1.0.0 Tverse"
"PYTJF2ANYG5","temp12k","Temp12k v1.0.0 Tverse"
"PYTAQLF5M5B","temp12k","Temp12k v1.0.0 Tverse"
"RWUoA3NZNjx","temp12k","Temp12k v1.0.0 Tverse"
"RkcSPEYOXLj","temp12k","Temp12k v1.0.0 Tverse"
"LPDe1fb72db","temp12k","Temp12k v1.0.0 Tverse"
"LPD74bc6584","temp12k","Temp12k v1.0.0 Tverse"
"R4ANboj7Oxa","temp12k","Temp12k v1.0.0 Tverse"
"RI2vCrHM2fw","temp12k","Temp12k v1.0.0 Tverse"
"RWjDY49jUxg","temp12k","Temp12k v1.0.0 Tverse"
"RvhBzegpmNO","temp12k","Temp12k v1.0.0 Tverse"
"Ry7Sq4X11wb","temp12k","Temp12k v1.0.0 Tverse"
"RcA6vLnL9kR","temp12k","Temp12k v1.0.0 Tverse"
"WEB1a0aec2f","temp12k","Temp12k v1.0.0 Tverse"
"T2L_MD01_2390_uk37_SST_from_uk37","temp12k","Temp12k v1.0.0 Tverse"
"LPD2d83141e","temp12k","Temp12k v1.0.0 Tverse"
"RtQ7NHTiWRl","temp12k","Temp12k v1.0.0 Tverse"
"RxsPWmbc8Uw","temp12k","Temp12k v1.0.0 Tverse"
"RJ64ej30dlD","temp12k","Temp12k v1.0.0 Tverse"
"GH28bebb64","temp12k","Temp12k v1.0.0 Tverse"
"RyTmrAjXXbI","temp12k","Temp12k v1.0.0 Tverse"
"RKz0xLW2LFh","temp12k","Temp12k v1.0.0 Tverse"
"T2L_MD07_3076Q_d18o_pachyderma_SST_from_d18o_pachyderma","temp12k","Temp12k v1.0.0 Tverse"
"RaDWbqDlqLI","temp12k","Temp12k v1.0.0 Tverse"
"RF0w8uU3asy","temp12k","Temp12k v1.0.0 Tverse"
"T2L_MD94_103_d18o_bulloides_SST_from_d18o_bulloides","temp12k","Temp12k v1.0.0 Tverse"
"T2L_MD94_103_d18o_pachyderma_SST_from_d18o_pachyderma","temp12k","Temp12k v1.0.0 Tverse"
"LPD947a7acd","temp12k","Temp12k v1.0.0 Tverse"
"Rsce2Jw11ma","temp12k","Temp12k v1.0.0 Tverse"
"RXWwFaPaJds","temp12k","Temp12k v1.0.0 Tverse"
"RpJBUdQZbF5","temp12k","Temp12k v1.0.0 Tverse"
"RcqRo8jDUCp","temp12k","Temp12k v1.0.0 Tverse"
"T2L_MD99_2251_d18o_bulloides_SST_from_d18o_bulloides","temp12k","Temp12k v1.0.0 Tverse"
"T2L_MD99_2339_d18o_ruber_SST_from_d18o_ruber","temp12k","Temp12k v1.0.0 Tverse"
"T2L_MD99_2339_d18o_pachyderma_d_SST_from_d18o_pachyderma_d","temp12k","Temp12k v1.0.0 Tverse"
"PYTQSL3KBPX","temp12k","Temp12k v1.0.0 Tverse"
"WEB663b1513","temp12k","Temp12k v1.0.0 Tverse"
"T2L_NA87_22_d18o_pachyderma_SST_from_d18o_pachyderma","temp12k","Temp12k v1.0.0 Tverse"
"IC95THHU02B","temp12k","Temp12k v1.0.0 Tverse"
"IC95THHU02A","temp12k","Temp12k v1.0.0 Tverse"
"IC95THHU01B","temp12k","Temp12k v1.0.0 Tverse"
"IC95THHU01A","temp12k","Temp12k v1.0.0 Tverse"
"IC95THHU02C","temp12k","Temp12k v1.0.0 Tverse"
"IC95THHU01C","temp12k","Temp12k v1.0.0 Tverse"
"REx6xe24o55","temp12k","Temp12k v1.0.0 Tverse"
"WEB0fee2851","temp12k","Temp12k v1.0.0 Tverse"
"PYT9XKF8IP7","temp12k","Temp12k v1.0.0 Tverse"
"PYTY2LX1D7S","temp12k","Temp12k v1.0.0 Tverse"
"LPD9c79485dxxxx","temp12k","Temp12k v1.0.0 Tverse"
"RRxknsp35Cn","temp12k","Temp12k v1.0.0 Tverse"
"PYTH91MXU0Z","temp12k","Temp12k v1.0.0 Tverse"
"RVutdRMw858","temp12k","Temp12k v1.0.0 Tverse"
"RSbDCtMJ6sw","temp12k","Temp12k v1.0.0 Tverse"
"Rsk8UYlBGjw","temp12k","Temp12k v1.0.0 Tverse"
"PYTV8L8FSTC","temp12k","Temp12k v1.0.0 Tverse"
"LPDa0c55c63","temp12k","Temp12k v1.0.0 Tverse"
"LPD73260700","temp12k","Temp12k v1.0.0 Tverse"
"LPD2dc804fb","temp12k","Temp12k v1.0.0 Tverse"
"LPD3927c717","temp12k","Temp12k v1.0.0 Tverse"
"LPD92d845a8","temp12k","Temp12k v1.0.0 Tverse"
"LPD75707e85","temp12k","Temp12k v1.0.0 Tverse"
"LPDc2177ba7","temp12k","Temp12k v1.0.0 Tverse"
"LPD77dc7067","temp12k","Temp12k v1.0.0 Tverse"
"LPD92760267","temp12k","Temp12k v1.0.0 Tverse"
"LPD5d932ca5","temp12k","Temp12k v1.0.0 Tverse"
"LPD0777df63","temp12k","Temp12k v1.0.0 Tverse"
"LPDfae9a609","temp12k","Temp12k v1.0.0 Tverse"
"PYTFQ9JCMJD","temp12k","Temp12k v1.0.0 Tverse"
"R8mN0ryC3Ws","temp12k","Temp12k v1.0.0 Tverse"
"RPZj5YKrFr0","temp12k","Temp12k v1.0.0 Tverse"
"PYT2GZRWCSF","temp12k","Temp12k v1.0.0 Tverse"
"PYT5H6FC5I1","temp12k","Temp12k v1.0.0 Tverse"
"RNAQJ20Sh7j","temp12k","Temp12k v1.0.0 Tverse"
"R44sJqMKSiW","temp12k","Temp12k v1.0.0 Tverse"
"RUYuyL1qVPp","temp12k","Temp12k v1.0.0 Tverse"
"R2xzsjjS5NO","temp12k","Temp12k v1.0.0 Tverse"
"RlJqSsmhI8R","temp12k","Temp12k v1.0.0 Tverse"
"PYTQBB7JT6P","temp12k","Temp12k v1.0.0 Tverse"
"LPDadaae75f","temp12k","Temp12k v1.0.0 Tverse"
"Rh47NU9GjOt","temp12k","Temp12k v1.0.0 Tverse"
"LPDb59e4b87","temp12k","Temp12k v1.0.0 Tverse"
"LPD537be86c","temp12k","Temp12k v1.0.0 Tverse"
"R60yDfufGWZ","temp12k","Temp12k v1.0.0 Tverse"
"RSkOVUdjmEp","temp12k","Temp12k v1.0.0 Tverse"
"RWzl4NCma8r","temp12k","Temp12k v1.0.0 Tverse"
"WEBf7e97d2c","temp12k","Temp12k v1.0.0 Tverse"
"WEBe5d5c17a","temp12k","Temp12k v1.0.0 Tverse"
"WEB0911d108","temp12k","Temp12k v1.0.0 Tverse"
"WEB2350250e","temp12k","Temp12k v1.0.0 Tverse"
"WEBb68390ad","temp12k","Temp12k v1.0.0 Tverse"
"WEBa88ad0e3","temp12k","Temp12k v1.0.0 Tverse"
"WEB1baf7f84","temp12k","Temp12k v1.0.0 Tverse"
"WEBa2d03151","temp12k","Temp12k v1.0.0 Tverse"
"WEB460ab94e","temp12k","Temp12k v1.0.0 Tverse"
"WEB069fbb10","temp12k","Temp12k v1.0.0 Tverse"
"WEB2ba2caf1","temp12k","Temp12k v1.0.0 Tverse"
"R1XHWiCgTJM","temp12k","Temp12k v1.0.0 Tverse"
"T2L_SU81_18_d18o_bulloides_SST_from_d18o_bulloides","temp12k","Temp12k v1.0.0 Tverse"
"RCKF2f3kvmx","temp12k","Temp12k v1.0.0 Tverse"
"WEBc1f8ca4c","temp12k","Temp12k v1.0.0 Tverse"
"PYTYWY7YERN","temp12k","Temp12k v1.0.0 Tverse"
"PYT79QPULU7","temp12k","Temp12k v1.0.0 Tverse"
"PYT2264KMU9","temp12k","Temp12k v1.0.0 Tverse"
"LPD71287822","temp12k","Temp12k v1.0.0 Tverse"
"PYTRXOT29B2","temp12k","Temp12k v1.0.0 Tverse"
"PYTP4VYPRWB","temp12k","Temp12k v1.0.0 Tverse"
"WEB4accbd38","temp12k","Temp12k v1.0.0 Tverse"
"WEB952f9fc6","temp12k","Temp12k v1.0.0 Tverse"
"RnWFgx2EeJy","temp12k","Temp12k v1.0.0 Tverse"
"RIUbIUm4xse","temp12k","Temp12k v1.0.0 Tverse"
"PYT5C722B8Z","temp12k","Temp12k v1.0.0 Tverse"
"WEB7ed46879","temp12k","Temp12k v1.0.0 Tverse"
"T2L_WIND28K_mgca_ruber_SST_from_mgca_ruber","temp12k","Temp12k v1.0.0 Tverse"
"RY88atNNOGA","temp12k","Temp12k v1.0.0 Tverse"
"LPD5c7dbad2","temp12k","Temp12k v1.0.0 Tverse"
"LPD274a3399","temp12k","Temp12k v1.0.0 Tverse"
"LPDffbd62c9","temp12k","Temp12k v1.0.0 Tverse"
"LPDfcf2b497","temp12k","Temp12k v1.0.0 Tverse"
"LPD7e71c684","temp12k","Temp12k v1.0.0 Tverse"
"LPD9d98e500","temp12k","Temp12k v1.0.0 Tverse"
"LPDcfb4b1ec","temp12k","Temp12k v1.0.0 Tverse"
"LPDb18c1a76","temp12k","Temp12k v1.0.0 Tverse"
"WEB9a94ffe8","temp12k","Temp12k v1.0.0 Tverse"
"RzYn1VqHzJi","temp12k","Temp12k v1.0.0 Tverse"
"R9Mayq8oKWg","temp12k","Temp12k v1.0.0 Tverse"
"RDIGASkcKy7","temp12k","Temp12k v1.0.0 Tverse"
"R6p203ipUkR","temp12k","Temp12k v1.0.0 Tverse"
"WEB31c43bba","temp12k","Temp12k v1.0.0 Tverse"
"WEB9a696d01","temp12k","Temp12k v1.0.0 Tverse"
"WEBb970a404","temp12k","Temp12k v1.0.0 Tverse"
"WEB8b55dcb3","temp12k","Temp12k v1.0.0 Tverse"
"RtIyYakGebv","temp12k","Tverse (current)"
"RQrs5Bcvt1T","temp12k","Tverse (current)"
"GHb1defdc8","temp12k","Tverse (current)"
"RRSjZKAEXAL","temp12k","Tverse (current)"
"Rb9BMzM6eEF","temp12k","Tverse (current)"
"RY0UvBUTiq4","temp12k","Tverse (current)"
"RUGG5bttdBj","temp12k","Tverse (current)"
"T2L_RC11_238_d18o_ruber_SST_from_d18o_ruber","temp12k","Tverse (current)"
"RUECFJaPepM","temp12k","Tverse (current)"
"RnYZK4rUvAJ","temp12k","Tverse (current)"
"RTeYtbDGOGe","temp12k","Tverse (current)"
"T2L_GeoB3911_3_d18o_ruber_pink_SST_from_d18o_ruber_pink","temp12k","Tverse (current)"
"RxJvgQhydP1","temp12k","Tverse (current)"
"T2L_HU87033_87017TWC_d18o_pachyderma_SST_from_d18o_pachyderma","temp12k","Tverse (current)"
"RxM5vPdoIFW","temp12k","Tverse (current)"
"RvL7EFEeLa2","temp12k","Tverse (current)"
"T2L_NAP_63_1_tex86_SST_from_tex86","temp12k","Tverse (current)"
"R2YEd7jAM0l","temp12k","Tverse (current)"
"Rvvz8itcA42","temp12k","Tverse (current)"
"RdTzqxQVgfs","temp12k","Tverse (current)"
"Rj4kXiUwMjO","temp12k","Tverse (current)"
"T2L_HU87033_87018TWC_d18o_pachyderma_SST_from_d18o_pachyderma","temp12k","Tverse (current)"
"T2L_MD84_551_d18o_pachyderma_SST_from_d18o_pachyderma","temp12k","Tverse (current)"
"T2L_MD88_770_d18o_pachyderma_SST_from_d18o_pachyderma","temp12k","Tverse (current)"
"Rparp0jbEXs","temp12k","Tverse (current)"
"RYNgsUHubcx","temp12k","Tverse (current)"
"T2L_RC11_238_uk37_SST_from_uk37","temp12k","Tverse (current)"
"Rp3NSN3Cos5","temp12k","Tverse (current)"
"LPD78bb3782","temp12k","Tverse (current)"
"RPdaJunCjl6","temp12k","Tverse (current)"
"O2kLR_118_2","temp12k","Tverse (current)"
"R5Ek0KGz0Mt","temp12k","Tverse (current)"
"T2L_VM19_27_d18o_ruber_SST_from_d18o_ruber","temp12k","Tverse (current)"
"RTpadwJXWuR","temp12k","Tverse (current)"
"RyupXOaROtE","temp12k","Tverse (current)"
"T2L_GIK17961_2_d18o_ruber_SST_from_d18o_ruber","temp12k","Tverse (current)"
"T2L_GeoB3202_1_d18o_sacculifer_SST_from_d18o_sacculifer","temp12k","Tverse (current)"
"Rslox6C7D6D","temp12k","Tverse (current)"
"T2L_NAP_63_1_uk37_SST_from_uk37","temp12k","Tverse (current)"
"RRSa0LiwJZm","temp12k","Tverse (current)"
"RhNgYiICliI","temp12k","Tverse (current)"
"Rne2EJUfWbZ","temp12k","Tverse (current)"
"RPiT6xzQIBK","temp12k","Tverse (current)"
"R0EzAucR8Yx","temp12k","Tverse (current)"
"RWwcsb7nuDx","temp12k","Tverse (current)"
"T2L_RC11_238_d18o_sacculifer_SST_from_d18o_sacculifer","temp12k","Tverse (current)"
"O2kLR_118q","temp12k","Tverse (current)"
"RB06CbW36T4","temp12k","Tverse (current)"
"RrmKrnG5oF2","temp12k","Tverse (current)"
"RljZTHj20qj","temp12k","Tverse (current)"
"T2L_GeoB10029_4_mgca_ruber_lato_SST_from_mgca_ruber_lato","temp12k","Tverse (current)"
"LPDae761fd0xxxx","temp12k","Tverse (current)"
"R3YK7ZO5clD","temp12k","Tverse (current)"
"T2L_MV1014_17JC_tex86_SST_from_tex86","temp12k","Tverse (current)"
"T2L_MV1014_17JC_mgca_ruber_SST_from_mgca_ruber","temp12k","Tverse (current)"
"RSch1vR2zFH","temp12k","Tverse (current)"
"T2L_RC08_102_d18o_sacculifer_SST_from_d18o_sacculifer","temp12k","Tverse (current)"
"RLmz8TJDPA5","temp12k","Tverse (current)"
"RjpliLMztwC","temp12k","Tverse (current)"
"R911b09Pi3c","temp12k","Tverse (current)"
"RAt0wcea1H7","temp12k","Tverse (current)"
"RW5NY4lp9VS","temp12k","Tverse (current)"
"RPupPW84LAW","temp12k","Tverse (current)"
"T2L_Nesmeyanov_GGC_15_d18o_pachyderma_SST_from_d18o_pachyderma","temp12k","Tverse (current)"
"T2L_SK157_4_mgca_ruber_SST_from_mgca_ruber","temp12k","Tverse (current)"
"Rt2KTlfbHBu","temp12k","Tverse (current)"
"RKQKWjMOAcW","temp12k","Tverse (current)"
"T2L_VM21_40_d18o_ruber_SST_from_d18o_ruber","temp12k","Tverse (current)"
"RhlRYvQBLWQ","temp12k","Tverse (current)"
"R3U06XeeZi0","temp12k","Tverse (current)"
"T2L_KH_79_3_L3_d18o_pachyderma_SST_from_d18o_pachyderma","temp12k","Tverse (current)"
"T2L_SK168_GC1_d18o_sacculifer_SST_from_d18o_sacculifer","temp12k","Tverse (current)"
"RMlWoW2LVnR","temp12k","Tverse (current)"
"R3vkj9nm4cN","temp12k","Tverse (current)"
"RbZ9wyKWByi","temp12k","Tverse (current)"
"T2L_GIK17964_2_d18o_ruber_SST_from_d18o_ruber","temp12k","Tverse (current)"
"T2L_GeoB10029_4_mgca_ruber_stricto_SST_from_mgca_ruber_stricto","temp12k","Tverse (current)"
"T2L_GeoB3911_3_d18o_sacculifer_SST_from_d18o_sacculifer","temp12k","Tverse (current)"
"R88xcOosPd2","temp12k","Tverse (current)"
"T2L_KH_79_3_L3_uk37_SST_from_uk37","temp12k","Tverse (current)"
"T2L_VM19_30_uk37_SST_from_uk37","temp12k","Tverse (current)"
"R1Oids7UvUV","temp12k","Tverse (current)"
"RkMIcfVvIkj","temp12k","Tverse (current)"
"T2L_GeoB10029_4_d18o_ruber_SST_from_d18o_ruber","temp12k","Tverse (current)"
"RydRULpkhTx","temp12k","Tverse (current)"
"RiuqXXChSJC","temp12k","Tverse (current)"
"T2L_MV99_GC41_mgca_bulloides_SST_from_mgca_bulloides","temp12k","Tverse (current)"
"RhTWQkxsRNY","temp12k","Tverse (current)"
"RBNdEaYLeoh","temp12k","Tverse (current)"
"ReuuHoP1M2x","temp12k","Tverse (current)"
"T2L_RC08_102_d18o_ruber_SST_from_d18o_ruber","temp12k","Tverse (current)"
"MS13RSAS01b","temp12k","Tverse (current)"
"RDR0RRA3smX","temp12k","Tverse (current)"
"RoeTCQH78k5","temp12k","Tverse (current)"
"RZB4v6iqA3N","temp12k","Tverse (current)"
"MS13RSAS01a","temp12k","Tverse (current)"
"O2kLR_120_2","temp12k","Tverse (current)"
"RhZtaE9y5I0","temp12k","Tverse (current)"
"T2L_GS07_150_10_3MC_B_d18o_ruber_SST_from_d18o_ruber","temp12k","Tverse (current)"
"T2L_GeoB7139_2_uk37_SST_from_uk37","temp12k","Tverse (current)"
"Ru123glBOSW","temp12k","Tverse (current)"
"RAk2fpbI0za","temp12k","Tverse (current)"
"T2L_M77_2_005_3_uk37_SST_from_uk37","temp12k","Tverse (current)"
"T2L_MV1014_07MC_tex86_SST_from_tex86","temp12k","Tverse (current)"
"T2L_SCS90_36_uk37_SST_from_uk37","temp12k","Tverse (current)"
"RZYjOhQG29T","temp12k","Tverse (current)"
"RlCeFfbwi5K","temp12k","Tverse (current)"
"RfWsTYBdWqH","temp12k","Tverse (current)"
"T2L_MD03_2697_d18o_bulloides_SST_from_d18o_bulloides","temp12k","Tverse (current)"
"R13poqA5uYT","temp12k","Tverse (current)"
"RmJuqikEUVQ","temp12k","Tverse (current)"
"RztxWNJI8Nf","temp12k","Tverse (current)"
"T2L_GeoB3202_1_d18o_ruber_pink_SST_from_d18o_ruber_pink","temp12k","Tverse (current)"
"T2L_GeoB7165_1_d18o_pachyderma_SST_from_d18o_pachyderma","temp12k","Tverse (current)"
"RhKl4Vgz2Xp","temp12k","Tverse (current)"
"RCCSxqKRMbv","temp12k","Tverse (current)"
"LPD1028d531xxx","temp12k","Tverse (current)"
"RC8UhJSN4xp","temp12k","Tverse (current)"
"T2L_SCS90_36_d18o_sacculifer_SST_from_d18o_sacculifer","temp12k","Tverse (current)"
"T2L_Station_6_MC_uk37_SST_from_uk37","temp12k","Tverse (current)"
"RLPfK8IMBHh","temp12k","Tverse (current)"
"RgdeBeLMjxA","temp12k","Tverse (current)"
"T2L_1670_d18o_pachyderma_SST_from_d18o_pachyderma","temp12k","Tverse (current)"
"RaTsmqJn6GV","temp12k","Tverse (current)"
"T2L_RC24_11G_d18o_ruber_SST_from_d18o_ruber","temp12k","Tverse (current)"
"T2L_RC27_14_d18o_bulloides_SST_from_d18o_bulloides","temp12k","Tverse (current)"
"T2L_SK168_GC1_mgca_sacculifer_SST_from_mgca_sacculifer","temp12k","Tverse (current)"
"RqT400awLAh","temp12k","Tverse (current)"
"T2L_VM21_40_d18o_sacculifer_SST_from_d18o_sacculifer","temp12k","Tverse (current)"
"Africa_002","pages2k2017","PAGES2k v2.0.0 useInGlobalTemperatureAnalysis FALSE"
"Africa_003","pages2k2017","PAGES2k v2.0.0 useInGlobalTemperatureAnalysis FALSE"
"Africa_005","pages2k2017","PAGES2k v2.0.0 useInGlobalTemperatureAnalysis FALSE"
"Africa_006","pages2k2017","PAGES2k v2.0.0 useInGlobalTemperatureAnalysis FALSE"
"Malawi01","pages2k2017","PAGES2k v2.0.0 useInGlobalTemperatureAnalysis FALSE"
"Malawi04","pages2k2017","PAGES2k v2.0.0 useInGlobalTemperatureAnalysis FALSE"
"Ant_029","pages2k2017","PAGES2k v2.0.0 useInGlobalTemperatureAnalysis FALSE"
"LPDa7a4074f","pages2k2017","PAGES2k v2.0.0 useInGlobalTemperatureAnalysis FALSE"
"Arc_088","pages2k2017","PAGES2k v2.0.0 useInGlobalTemperatureAnalysis FALSE"
"Arc_090","pages2k2017","PAGES2k v2.0.0 useInGlobalTemperatureAnalysis FALSE"
"Arc_161","pages2k2017","PAGES2k v2.0.0 useInGlobalTemperatureAnalysis FALSE"
"Arc_061","pages2k2017","PAGES2k v2.0.0 useInGlobalTemperatureAnalysis FALSE"
"Arc_070","pages2k2017","PAGES2k v2.0.0 useInGlobalTemperatureAnalysis FALSE"
"Arc_071","pages2k2017","PAGES2k v2.0.0 useInGlobalTemperatureAnalysis FALSE"
"Arc_072","pages2k2017","PAGES2k v2.0.0 useInGlobalTemperatureAnalysis FALSE"
"Arc_074","pages2k2017","PAGES2k v2.0.0 useInGlobalTemperatureAnalysis FALSE"
"Arc_077","pages2k2017","PAGES2k v2.0.0 useInGlobalTemperatureAnalysis FALSE"
"Arc_065","pages2k2017","PAGES2k v2.0.0 useInGlobalTemperatureAnalysis FALSE"
"Arc_091","pages2k2017","PAGES2k v2.0.0 useInGlobalTemperatureAnalysis FALSE"
"Arc_094","pages2k2017","PAGES2k v2.0.0 useInGlobalTemperatureAnalysis FALSE"
"Arc_096","pages2k2017","PAGES2k v2.0.0 useInGlobalTemperatureAnalysis FALSE"
"NPMlaanila3","pages2k2017","PAGES2k v2.0.0 useInGlobalTemperatureAnalysis FALSE"
"NPMlaanila4","pages2k2017","PAGES2k v2.0.0 useInGlobalTemperatureAnalysis FALSE"
"Arc_075","pages2k2017","PAGES2k v2.0.0 useInGlobalTemperatureAnalysis FALSE"
"Arc_012","pages2k2017","PAGES2k v2.0.0 useInGlobalTemperatureAnalysis FALSE"
"Arc_101","pages2k2017","PAGES2k v2.0.0 useInGlobalTemperatureAnalysis FALSE"
"LPD2c9bc1f8","pages2k2017","PAGES2k v2.0.0 useInGlobalTemperatureAnalysis FALSE"
"LPDbbd279ed","pages2k2017","PAGES2k v2.0.0 useInGlobalTemperatureAnalysis FALSE"
"LPDb2294566","pages2k2017","PAGES2k v2.0.0 useInGlobalTemperatureAnalysis FALSE"
"LPD692315c3","pages2k2017","PAGES2k v2.0.0 useInGlobalTemperatureAnalysis FALSE"
"Asia_237","pages2k2017","PAGES2k v2.0.0 useInGlobalTemperatureAnalysis FALSE"
"Asia_238","pages2k2017","PAGES2k v2.0.0 useInGlobalTemperatureAnalysis FALSE"
"Asia_239","pages2k2017","PAGES2k v2.0.0 useInGlobalTemperatureAnalysis FALSE"
"Asia_240","pages2k2017","PAGES2k v2.0.0 useInGlobalTemperatureAnalysis FALSE"
"Asia_245","pages2k2017","PAGES2k v2.0.0 useInGlobalTemperatureAnalysis FALSE"
"Asia_246","pages2k2017","PAGES2k v2.0.0 useInGlobalTemperatureAnalysis FALSE"
"Asia_248","pages2k2017","PAGES2k v2.0.0 useInGlobalTemperatureAnalysis FALSE"
"Asia_249","pages2k2017","PAGES2k v2.0.0 useInGlobalTemperatureAnalysis FALSE"
"Asia_250","pages2k2017","PAGES2k v2.0.0 useInGlobalTemperatureAnalysis FALSE"
"Asia_251","pages2k2017","PAGES2k v2.0.0 useInGlobalTemperatureAnalysis FALSE"
"Asia_252","pages2k2017","PAGES2k v2.0.0 useInGlobalTemperatureAnalysis FALSE"
"Asia_233","pages2k2017","PAGES2k v2.0.0 useInGlobalTemperatureAnalysis FALSE"
"Asia_303","pages2k2017","PAGES2k v2.0.0 useInGlobalTemperatureAnalysis FALSE"
"Asia_304","pages2k2017","PAGES2k v2.0.0 useInGlobalTemperatureAnalysis FALSE"
"Asia_331","pages2k2017","PAGES2k v2.0.0 useInGlobalTemperatureAnalysis FALSE"
"Asia_332","pages2k2017","PAGES2k v2.0.0 useInGlobalTemperatureAnalysis FALSE"
"Asia_333","pages2k2017","PAGES2k v2.0.0 useInGlobalTemperatureAnalysis FALSE"
"Asia_334","pages2k2017","PAGES2k v2.0.0 useInGlobalTemperatureAnalysis FALSE"
"Aus_005","pages2k2017","PAGES2k v2.0.0 useInGlobalTemperatureAnalysis FALSE"
"LPDbff7f105","pages2k2017","PAGES2k v2.0.0 useInGlobalTemperatureAnalysis FALSE"
"LPD77e777b0","pages2k2017","PAGES2k v2.0.0 useInGlobalTemperatureAnalysis FALSE"
"LPDc2846a24","pages2k2017","PAGES2k v2.0.0 useInGlobalTemperatureAnalysis FALSE"
"LPD6d96dc7c","pages2k2017","PAGES2k v2.0.0 useInGlobalTemperatureAnalysis FALSE"
"LPDe759ea6b","pages2k2017","PAGES2k v2.0.0 useInGlobalTemperatureAnalysis FALSE"
"LPDf7751317","pages2k2017","PAGES2k v2.0.0 useInGlobalTemperatureAnalysis FALSE"
"LPD0e900372","pages2k2017","PAGES2k v2.0.0 useInGlobalTemperatureAnalysis FALSE"
"LPD0b6c7700","pages2k2017","PAGES2k v2.0.0 useInGlobalTemperatureAnalysis FALSE"
"Eur_023","pages2k2017","PAGES2k v2.0.0 useInGlobalTemperatureAnalysis FALSE"
"Eur_025","pages2k2017","PAGES2k v2.0.0 useInGlobalTemperatureAnalysis FALSE"
"Eur_011","pages2k2017","PAGES2k v2.0.0 useInGlobalTemperatureAnalysis FALSE"
"Eur_027","pages2k2017","PAGES2k v2.0.0 useInGlobalTemperatureAnalysis FALSE"
"NAm_061","pages2k2017","PAGES2k v2.0.0 useInGlobalTemperatureAnalysis FALSE"
"NAm_062","pages2k2017","PAGES2k v2.0.0 useInGlobalTemperatureAnalysis FALSE"
"NAm_063","pages2k2017","PAGES2k v2.0.0 useInGlobalTemperatureAnalysis FALSE"
"NAm_065","pages2k2017","PAGES2k v2.0.0 useInGlobalTemperatureAnalysis FALSE"
"NAm_066","pages2k2017","PAGES2k v2.0.0 useInGlobalTemperatureAnalysis FALSE"
"NAm_067","pages2k2017","PAGES2k v2.0.0 useInGlobalTemperatureAnalysis FALSE"
"NAm_068","pages2k2017","PAGES2k v2.0.0 useInGlobalTemperatureAnalysis FALSE"
"NAm_069","pages2k2017","PAGES2k v2.0.0 useInGlobalTemperatureAnalysis FALSE"
"NAm_070","pages2k2017","PAGES2k v2.0.0 useInGlobalTemperatureAnalysis FALSE"
"NAm_071","pages2k2017","PAGES2k v2.0.0 useInGlobalTemperatureAnalysis FALSE"
"NAm_072","pages2k2017","PAGES2k v2.0.0 useInGlobalTemperatureAnalysis FALSE"
"NAm_073","pages2k2017","PAGES2k v2.0.0 useInGlobalTemperatureAnalysis FALSE"
"NAm_074","pages2k2017","PAGES2k v2.0.0 useInGlobalTemperatureAnalysis FALSE"
"NAm_075","pages2k2017","PAGES2k v2.0.0 useInGlobalTemperatureAnalysis FALSE"
"NAm_076","pages2k2017","PAGES2k v2.0.0 useInGlobalTemperatureAnalysis FALSE"
"NAm_077","pages2k2017","PAGES2k v2.0.0 useInGlobalTemperatureAnalysis FALSE"
"NAm_078","pages2k2017","PAGES2k v2.0.0 useInGlobalTemperatureAnalysis FALSE"
"NAm_079","pages2k2017","PAGES2k v2.0.0 useInGlobalTemperatureAnalysis FALSE"
"NAm_080","pages2k2017","PAGES2k v2.0.0 useInGlobalTemperatureAnalysis FALSE"
"NAm_081","pages2k2017","PAGES2k v2.0.0 useInGlobalTemperatureAnalysis FALSE"
"NAm_082","pages2k2017","PAGES2k v2.0.0 useInGlobalTemperatureAnalysis FALSE"
"NAm_083","pages2k2017","PAGES2k v2.0.0 useInGlobalTemperatureAnalysis FALSE"
"NAm_084","pages2k2017","PAGES2k v2.0.0 useInGlobalTemperatureAnalysis FALSE"
"NAm_085","pages2k2017","PAGES2k v2.0.0 useInGlobalTemperatureAnalysis FALSE"
"NAm_086","pages2k2017","PAGES2k v2.0.0 useInGlobalTemperatureAnalysis FALSE"
"NAm_087","pages2k2017","PAGES2k v2.0.0 useInGlobalTemperatureAnalysis FALSE"
"NAm_089","pages2k2017","PAGES2k v2.0.0 useInGlobalTemperatureAnalysis FALSE"
"NAm_090","pages2k2017","PAGES2k v2.0.0 useInGlobalTemperatureAnalysis FALSE"
"NAm_091","pages2k2017","PAGES2k v2.0.0 useInGlobalTemperatureAnalysis FALSE"
"NAm_092","pages2k2017","PAGES2k v2.0.0 useInGlobalTemperatureAnalysis FALSE"
"NAm_093","pages2k2017","PAGES2k v2.0.0 useInGlobalTemperatureAnalysis FALSE"
"NAm_094","pages2k2017","PAGES2k v2.0.0 useInGlobalTemperatureAnalysis FALSE"
"NAm_095","pages2k2017","PAGES2k v2.0.0 useInGlobalTemperatureAnalysis FALSE"
"NAm_096","pages2k2017","PAGES2k v2.0.0 useInGlobalTemperatureAnalysis FALSE"
"NAm_145","pages2k2017","PAGES2k v2.0.0 useInGlobalTemperatureAnalysis FALSE"
"NAm_146","pages2k2017","PAGES2k v2.0.0 useInGlobalTemperatureAnalysis FALSE"
"NAm_147","pages2k2017","PAGES2k v2.0.0 useInGlobalTemperatureAnalysis FALSE"
"NAm_149","pages2k2017","PAGES2k v2.0.0 useInGlobalTemperatureAnalysis FALSE"
"NAm_150","pages2k2017","PAGES2k v2.0.0 useInGlobalTemperatureAnalysis FALSE"
"NAm_151","pages2k2017","PAGES2k v2.0.0 useInGlobalTemperatureAnalysis FALSE"
"NAm_152","pages2k2017","PAGES2k v2.0.0 useInGlobalTemperatureAnalysis FALSE"
"NAm_153","pages2k2017","PAGES2k v2.0.0 useInGlobalTemperatureAnalysis FALSE"
"NAm_154","pages2k2017","PAGES2k v2.0.0 useInGlobalTemperatureAnalysis FALSE"
"NAm_155","pages2k2017","PAGES2k v2.0.0 useInGlobalTemperatureAnalysis FALSE"
"NAm_156","pages2k2017","PAGES2k v2.0.0 useInGlobalTemperatureAnalysis FALSE"
"NAm_157","pages2k2017","PAGES2k v2.0.0 useInGlobalTemperatureAnalysis FALSE"
"NAm_158","pages2k2017","PAGES2k v2.0.0 useInGlobalTemperatureAnalysis FALSE"
"NAm_159","pages2k2017","PAGES2k v2.0.0 useInGlobalTemperatureAnalysis FALSE"
"NAm_161","pages2k2017","PAGES2k v2.0.0 useInGlobalTemperatureAnalysis FALSE"
"NAm_162","pages2k2017","PAGES2k v2.0.0 useInGlobalTemperatureAnalysis FALSE"
"NAm_163","pages2k2017","PAGES2k v2.0.0 useInGlobalTemperatureAnalysis FALSE"
"NAm_164","pages2k2017","PAGES2k v2.0.0 useInGlobalTemperatureAnalysis FALSE"
"NAm_165","pages2k2017","PAGES2k v2.0.0 useInGlobalTemperatureAnalysis FALSE"
"NAm_166","pages2k2017","PAGES2k v2.0.0 useInGlobalTemperatureAnalysis FALSE"
"NAm_167","pages2k2017","PAGES2k v2.0.0 useInGlobalTemperatureAnalysis FALSE"
"NAm_168","pages2k2017","PAGES2k v2.0.0 useInGlobalTemperatureAnalysis FALSE"
"NAm_169","pages2k2017","PAGES2k v2.0.0 useInGlobalTemperatureAnalysis FALSE"
"NAm_170","pages2k2017","PAGES2k v2.0.0 useInGlobalTemperatureAnalysis FALSE"
"NAm_171","pages2k2017","PAGES2k v2.0.0 useInGlobalTemperatureAnalysis FALSE"
"NAm_173","pages2k2017","PAGES2k v2.0.0 useInGlobalTemperatureAnalysis FALSE"
"NAm_174","pages2k2017","PAGES2k v2.0.0 useInGlobalTemperatureAnalysis FALSE"
"NAm_175","pages2k2017","PAGES2k v2.0.0 useInGlobalTemperatureAnalysis FALSE"
"NAm_176","pages2k2017","PAGES2k v2.0.0 useInGlobalTemperatureAnalysis FALSE"
"NAm_177","pages2k2017","PAGES2k v2.0.0 useInGlobalTemperatureAnalysis FALSE"
"NAm_178","pages2k2017","PAGES2k v2.0.0 useInGlobalTemperatureAnalysis FALSE"
"NAm_179","pages2k2017","PAGES2k v2.0.0 useInGlobalTemperatureAnalysis FALSE"
"NAm_180","pages2k2017","PAGES2k v2.0.0 useInGlobalTemperatureAnalysis FALSE"
"NAm_181","pages2k2017","PAGES2k v2.0.0 useInGlobalTemperatureAnalysis FALSE"
"NAm_182","pages2k2017","PAGES2k v2.0.0 useInGlobalTemperatureAnalysis FALSE"
"NAm_183","pages2k2017","PAGES2k v2.0.0 useInGlobalTemperatureAnalysis FALSE"
"NAm_185","pages2k2017","PAGES2k v2.0.0 useInGlobalTemperatureAnalysis FALSE"
"NAm_186","pages2k2017","PAGES2k v2.0.0 useInGlobalTemperatureAnalysis FALSE"
"NAm_187","pages2k2017","PAGES2k v2.0.0 useInGlobalTemperatureAnalysis FALSE"
"NAm_188","pages2k2017","PAGES2k v2.0.0 useInGlobalTemperatureAnalysis FALSE"
"NAm_189","pages2k2017","PAGES2k v2.0.0 useInGlobalTemperatureAnalysis FALSE"
"NAm_190","pages2k2017","PAGES2k v2.0.0 useInGlobalTemperatureAnalysis FALSE"
"NAm_191","pages2k2017","PAGES2k v2.0.0 useInGlobalTemperatureAnalysis FALSE"
"NAm_192","pages2k2017","PAGES2k v2.0.0 useInGlobalTemperatureAnalysis FALSE"
"NAm_193","pages2k2017","PAGES2k v2.0.0 useInGlobalTemperatureAnalysis FALSE"
"NAm_194","pages2k2017","PAGES2k v2.0.0 useInGlobalTemperatureAnalysis FALSE"
"NAm_195","pages2k2017","PAGES2k v2.0.0 useInGlobalTemperatureAnalysis FALSE"
"NAm_197","pages2k2017","PAGES2k v2.0.0 useInGlobalTemperatureAnalysis FALSE"
"NAm_198","pages2k2017","PAGES2k v2.0.0 useInGlobalTemperatureAnalysis FALSE"
"NAm_199","pages2k2017","PAGES2k v2.0.0 useInGlobalTemperatureAnalysis FALSE"
"NAm_200","pages2k2017","PAGES2k v2.0.0 useInGlobalTemperatureAnalysis FALSE"
"NAm_201","pages2k2017","PAGES2k v2.0.0 useInGlobalTemperatureAnalysis FALSE"
"NAm_202","pages2k2017","PAGES2k v2.0.0 useInGlobalTemperatureAnalysis FALSE"
"NAm_203","pages2k2017","PAGES2k v2.0.0 useInGlobalTemperatureAnalysis FALSE"
"NAm_204","pages2k2017","PAGES2k v2.0.0 useInGlobalTemperatureAnalysis FALSE"
"NAm_217","pages2k2017","PAGES2k v2.0.0 useInGlobalTemperatureAnalysis FALSE"
"NAm_218","pages2k2017","PAGES2k v2.0.0 useInGlobalTemperatureAnalysis FALSE"
"NAm_219","pages2k2017","PAGES2k v2.0.0 useInGlobalTemperatureAnalysis FALSE"
"NAm_221","pages2k2017","PAGES2k v2.0.0 useInGlobalTemperatureAnalysis FALSE"
"NAm_222","pages2k2017","PAGES2k v2.0.0 useInGlobalTemperatureAnalysis FALSE"
"NAm_223","pages2k2017","PAGES2k v2.0.0 useInGlobalTemperatureAnalysis FALSE"
"NAm_224","pages2k2017","PAGES2k v2.0.0 useInGlobalTemperatureAnalysis FALSE"
"NAm_225","pages2k2017","PAGES2k v2.0.0 useInGlobalTemperatureAnalysis FALSE"
"NAm_226","pages2k2017","PAGES2k v2.0.0 useInGlobalTemperatureAnalysis FALSE"
"NAm_227","pages2k2017","PAGES2k v2.0.0 useInGlobalTemperatureAnalysis FALSE"
"NAm_228","pages2k2017","PAGES2k v2.0.0 useInGlobalTemperatureAnalysis FALSE"
"NAm_229","pages2k2017","PAGES2k v2.0.0 useInGlobalTemperatureAnalysis FALSE"
"NAm_230","pages2k2017","PAGES2k v2.0.0 useInGlobalTemperatureAnalysis FALSE"
"NAm_231","pages2k2017","PAGES2k v2.0.0 useInGlobalTemperatureAnalysis FALSE"
"NAm_233","pages2k2017","PAGES2k v2.0.0 useInGlobalTemperatureAnalysis FALSE"
"NAm_234","pages2k2017","PAGES2k v2.0.0 useInGlobalTemperatureAnalysis FALSE"
"NAm_235","pages2k2017","PAGES2k v2.0.0 useInGlobalTemperatureAnalysis FALSE"
"NAm_236","pages2k2017","PAGES2k v2.0.0 useInGlobalTemperatureAnalysis FALSE"
"NAm_237","pages2k2017","PAGES2k v2.0.0 useInGlobalTemperatureAnalysis FALSE"
"NAm_238","pages2k2017","PAGES2k v2.0.0 useInGlobalTemperatureAnalysis FALSE"
"NAm_239","pages2k2017","PAGES2k v2.0.0 useInGlobalTemperatureAnalysis FALSE"
"NAm_240","pages2k2017","PAGES2k v2.0.0 useInGlobalTemperatureAnalysis FALSE"
"NAm_241","pages2k2017","PAGES2k v2.0.0 useInGlobalTemperatureAnalysis FALSE"
"NAm_242","pages2k2017","PAGES2k v2.0.0 useInGlobalTemperatureAnalysis FALSE"
"NAm_243","pages2k2017","PAGES2k v2.0.0 useInGlobalTemperatureAnalysis FALSE"
"NAm_245","pages2k2017","PAGES2k v2.0.0 useInGlobalTemperatureAnalysis FALSE"
"NAm_246","pages2k2017","PAGES2k v2.0.0 useInGlobalTemperatureAnalysis FALSE"
"NAm_247","pages2k2017","PAGES2k v2.0.0 useInGlobalTemperatureAnalysis FALSE"
"NAm_248","pages2k2017","PAGES2k v2.0.0 useInGlobalTemperatureAnalysis FALSE"
"NAm_249","pages2k2017","PAGES2k v2.0.0 useInGlobalTemperatureAnalysis FALSE"
"NAm_250","pages2k2017","PAGES2k v2.0.0 useInGlobalTemperatureAnalysis FALSE"
"NAm_251","pages2k2017","PAGES2k v2.0.0 useInGlobalTemperatureAnalysis FALSE"
"NAm_252","pages2k2017","PAGES2k v2.0.0 useInGlobalTemperatureAnalysis FALSE"
"NAm_253","pages2k2017","PAGES2k v2.0.0 useInGlobalTemperatureAnalysis FALSE"
"NAm_254","pages2k2017","PAGES2k v2.0.0 useInGlobalTemperatureAnalysis FALSE"
"NAm_255","pages2k2017","PAGES2k v2.0.0 useInGlobalTemperatureAnalysis FALSE"
"NAm_257","pages2k2017","PAGES2k v2.0.0 useInGlobalTemperatureAnalysis FALSE"
"NAm_258","pages2k2017","PAGES2k v2.0.0 useInGlobalTemperatureAnalysis FALSE"
"NAm_259","pages2k2017","PAGES2k v2.0.0 useInGlobalTemperatureAnalysis FALSE"
"NAm_260","pages2k2017","PAGES2k v2.0.0 useInGlobalTemperatureAnalysis FALSE"
"NAm_261","pages2k2017","PAGES2k v2.0.0 useInGlobalTemperatureAnalysis FALSE"
"NAm_262","pages2k2017","PAGES2k v2.0.0 useInGlobalTemperatureAnalysis FALSE"
"NAm_263","pages2k2017","PAGES2k v2.0.0 useInGlobalTemperatureAnalysis FALSE"
"NAm_264","pages2k2017","PAGES2k v2.0.0 useInGlobalTemperatureAnalysis FALSE"
"NAm_277","pages2k2017","PAGES2k v2.0.0 useInGlobalTemperatureAnalysis FALSE"
"NAm_278","pages2k2017","PAGES2k v2.0.0 useInGlobalTemperatureAnalysis FALSE"
"NAm_279","pages2k2017","PAGES2k v2.0.0 useInGlobalTemperatureAnalysis FALSE"
"NAm_281","pages2k2017","PAGES2k v2.0.0 useInGlobalTemperatureAnalysis FALSE"
"NAm_282","pages2k2017","PAGES2k v2.0.0 useInGlobalTemperatureAnalysis FALSE"
"NAm_283","pages2k2017","PAGES2k v2.0.0 useInGlobalTemperatureAnalysis FALSE"
"NAm_284","pages2k2017","PAGES2k v2.0.0 useInGlobalTemperatureAnalysis FALSE"
"NAm_285","pages2k2017","PAGES2k v2.0.0 useInGlobalTemperatureAnalysis FALSE"
"NAm_286","pages2k2017","PAGES2k v2.0.0 useInGlobalTemperatureAnalysis FALSE"
"NAm_287","pages2k2017","PAGES2k v2.0.0 useInGlobalTemperatureAnalysis FALSE"
"NAm_288","pages2k2017","PAGES2k v2.0.0 useInGlobalTemperatureAnalysis FALSE"
"NAm_289","pages2k2017","PAGES2k v2.0.0 useInGlobalTemperatureAnalysis FALSE"
"NAm_290","pages2k2017","PAGES2k v2.0.0 useInGlobalTemperatureAnalysis FALSE"
"NAm_291","pages2k2017","PAGES2k v2.0.0 useInGlobalTemperatureAnalysis FALSE"
"NAm_293","pages2k2017","PAGES2k v2.0.0 useInGlobalTemperatureAnalysis FALSE"
"NAm_294","pages2k2017","PAGES2k v2.0.0 useInGlobalTemperatureAnalysis FALSE"
"NAm_295","pages2k2017","PAGES2k v2.0.0 useInGlobalTemperatureAnalysis FALSE"
"NAm_296","pages2k2017","PAGES2k v2.0.0 useInGlobalTemperatureAnalysis FALSE"
"NAm_297","pages2k2017","PAGES2k v2.0.0 useInGlobalTemperatureAnalysis FALSE"
"NAm_298","pages2k2017","PAGES2k v2.0.0 useInGlobalTemperatureAnalysis FALSE"
"NAm_299","pages2k2017","PAGES2k v2.0.0 useInGlobalTemperatureAnalysis FALSE"
"NAm_300","pages2k2017","PAGES2k v2.0.0 useInGlobalTemperatureAnalysis FALSE"
"NAm_301","pages2k2017","PAGES2k v2.0.0 useInGlobalTemperatureAnalysis FALSE"
"NAm_302","pages2k2017","PAGES2k v2.0.0 useInGlobalTemperatureAnalysis FALSE"
"NAm_303","pages2k2017","PAGES2k v2.0.0 useInGlobalTemperatureAnalysis FALSE"
"NAm_305","pages2k2017","PAGES2k v2.0.0 useInGlobalTemperatureAnalysis FALSE"
"NAm_306","pages2k2017","PAGES2k v2.0.0 useInGlobalTemperatureAnalysis FALSE"
"NAm_307","pages2k2017","PAGES2k v2.0.0 useInGlobalTemperatureAnalysis FALSE"
"NAm_308","pages2k2017","PAGES2k v2.0.0 useInGlobalTemperatureAnalysis FALSE"
"NAm_309","pages2k2017","PAGES2k v2.0.0 useInGlobalTemperatureAnalysis FALSE"
"NAm_310","pages2k2017","PAGES2k v2.0.0 useInGlobalTemperatureAnalysis FALSE"
"NAm_311","pages2k2017","PAGES2k v2.0.0 useInGlobalTemperatureAnalysis FALSE"
"NAm_312","pages2k2017","PAGES2k v2.0.0 useInGlobalTemperatureAnalysis FALSE"
"NAm_361","pages2k2017","PAGES2k v2.0.0 useInGlobalTemperatureAnalysis FALSE"
"NAm_362","pages2k2017","PAGES2k v2.0.0 useInGlobalTemperatureAnalysis FALSE"
"NAm_363","pages2k2017","PAGES2k v2.0.0 useInGlobalTemperatureAnalysis FALSE"
"NAm_365","pages2k2017","PAGES2k v2.0.0 useInGlobalTemperatureAnalysis FALSE"
"NAm_366","pages2k2017","PAGES2k v2.0.0 useInGlobalTemperatureAnalysis FALSE"
"NAm_367","pages2k2017","PAGES2k v2.0.0 useInGlobalTemperatureAnalysis FALSE"
"NAm_368","pages2k2017","PAGES2k v2.0.0 useInGlobalTemperatureAnalysis FALSE"
"NAm_369","pages2k2017","PAGES2k v2.0.0 useInGlobalTemperatureAnalysis FALSE"
"NAm_370","pages2k2017","PAGES2k v2.0.0 useInGlobalTemperatureAnalysis FALSE"
"NAm_371","pages2k2017","PAGES2k v2.0.0 useInGlobalTemperatureAnalysis FALSE"
"NAm_372","pages2k2017","PAGES2k v2.0.0 useInGlobalTemperatureAnalysis FALSE"
"NAm_373","pages2k2017","PAGES2k v2.0.0 useInGlobalTemperatureAnalysis FALSE"
"NAm_374","pages2k2017","PAGES2k v2.0.0 useInGlobalTemperatureAnalysis FALSE"
"NAm_375","pages2k2017","PAGES2k v2.0.0 useInGlobalTemperatureAnalysis FALSE"
"NAm_376","pages2k2017","PAGES2k v2.0.0 useInGlobalTemperatureAnalysis FALSE"
"NAm_377","pages2k2017","PAGES2k v2.0.0 useInGlobalTemperatureAnalysis FALSE"
"NAm_378","pages2k2017","PAGES2k v2.0.0 useInGlobalTemperatureAnalysis FALSE"
"NAm_379","pages2k2017","PAGES2k v2.0.0 useInGlobalTemperatureAnalysis FALSE"
"NAm_380","pages2k2017","PAGES2k v2.0.0 useInGlobalTemperatureAnalysis FALSE"
"NAm_381","pages2k2017","PAGES2k v2.0.0 useInGlobalTemperatureAnalysis FALSE"
"NAm_382","pages2k2017","PAGES2k v2.0.0 useInGlobalTemperatureAnalysis FALSE"
"NAm_383","pages2k2017","PAGES2k v2.0.0 useInGlobalTemperatureAnalysis FALSE"
"NAm_384","pages2k2017","PAGES2k v2.0.0 useInGlobalTemperatureAnalysis FALSE"
"NAm_385","pages2k2017","PAGES2k v2.0.0 useInGlobalTemperatureAnalysis FALSE"
"NAm_386","pages2k2017","PAGES2k v2.0.0 useInGlobalTemperatureAnalysis FALSE"
"NAm_387","pages2k2017","PAGES2k v2.0.0 useInGlobalTemperatureAnalysis FALSE"
"NAm_389","pages2k2017","PAGES2k v2.0.0 useInGlobalTemperatureAnalysis FALSE"
"NAm_390","pages2k2017","PAGES2k v2.0.0 useInGlobalTemperatureAnalysis FALSE"
"NAm_391","pages2k2017","PAGES2k v2.0.0 useInGlobalTemperatureAnalysis FALSE"
"NAm_392","pages2k2017","PAGES2k v2.0.0 useInGlobalTemperatureAnalysis FALSE"
"NAm_393","pages2k2017","PAGES2k v2.0.0 useInGlobalTemperatureAnalysis FALSE"
"NAm_394","pages2k2017","PAGES2k v2.0.0 useInGlobalTemperatureAnalysis FALSE"
"NAm_395","pages2k2017","PAGES2k v2.0.0 useInGlobalTemperatureAnalysis FALSE"
"NAm_396","pages2k2017","PAGES2k v2.0.0 useInGlobalTemperatureAnalysis FALSE"
"NAm_409","pages2k2017","PAGES2k v2.0.0 useInGlobalTemperatureAnalysis FALSE"
"NAm_410","pages2k2017","PAGES2k v2.0.0 useInGlobalTemperatureAnalysis FALSE"
"NAm_411","pages2k2017","PAGES2k v2.0.0 useInGlobalTemperatureAnalysis FALSE"
"NAm_413","pages2k2017","PAGES2k v2.0.0 useInGlobalTemperatureAnalysis FALSE"
"NAm_414","pages2k2017","PAGES2k v2.0.0 useInGlobalTemperatureAnalysis FALSE"
"NAm_415","pages2k2017","PAGES2k v2.0.0 useInGlobalTemperatureAnalysis FALSE"
"NAm_416","pages2k2017","PAGES2k v2.0.0 useInGlobalTemperatureAnalysis FALSE"
"NAm_417","pages2k2017","PAGES2k v2.0.0 useInGlobalTemperatureAnalysis FALSE"
"NAm_418","pages2k2017","PAGES2k v2.0.0 useInGlobalTemperatureAnalysis FALSE"
"NAm_419","pages2k2017","PAGES2k v2.0.0 useInGlobalTemperatureAnalysis FALSE"
"NAm_420","pages2k2017","PAGES2k v2.0.0 useInGlobalTemperatureAnalysis FALSE"
"NAm_421","pages2k2017","PAGES2k v2.0.0 useInGlobalTemperatureAnalysis FALSE"
"NAm_422","pages2k2017","PAGES2k v2.0.0 useInGlobalTemperatureAnalysis FALSE"
"NAm_423","pages2k2017","PAGES2k v2.0.0 useInGlobalTemperatureAnalysis FALSE"
"NAm_425","pages2k2017","PAGES2k v2.0.0 useInGlobalTemperatureAnalysis FALSE"
"NAm_426","pages2k2017","PAGES2k v2.0.0 useInGlobalTemperatureAnalysis FALSE"
"NAm_427","pages2k2017","PAGES2k v2.0.0 useInGlobalTemperatureAnalysis FALSE"
"NAm_428","pages2k2017","PAGES2k v2.0.0 useInGlobalTemperatureAnalysis FALSE"
"NAm_429","pages2k2017","PAGES2k v2.0.0 useInGlobalTemperatureAnalysis FALSE"
"NAm_430","pages2k2017","PAGES2k v2.0.0 useInGlobalTemperatureAnalysis FALSE"
"NAm_431","pages2k2017","PAGES2k v2.0.0 useInGlobalTemperatureAnalysis FALSE"
"NAm_432","pages2k2017","PAGES2k v2.0.0 useInGlobalTemperatureAnalysis FALSE"
"NAm_433","pages2k2017","PAGES2k v2.0.0 useInGlobalTemperatureAnalysis FALSE"
"NAm_434","pages2k2017","PAGES2k v2.0.0 useInGlobalTemperatureAnalysis FALSE"
"NAm_435","pages2k2017","PAGES2k v2.0.0 useInGlobalTemperatureAnalysis FALSE"
"NAm_437","pages2k2017","PAGES2k v2.0.0 useInGlobalTemperatureAnalysis FALSE"
"NAm_438","pages2k2017","PAGES2k v2.0.0 useInGlobalTemperatureAnalysis FALSE"
"NAm_439","pages2k2017","PAGES2k v2.0.0 useInGlobalTemperatureAnalysis FALSE"
"NAm_440","pages2k2017","PAGES2k v2.0.0 useInGlobalTemperatureAnalysis FALSE"
"NAm_441","pages2k2017","PAGES2k v2.0.0 useInGlobalTemperatureAnalysis FALSE"
"NAm_442","pages2k2017","PAGES2k v2.0.0 useInGlobalTemperatureAnalysis FALSE"
"NAm_443","pages2k2017","PAGES2k v2.0.0 useInGlobalTemperatureAnalysis FALSE"
"NAm_444","pages2k2017","PAGES2k v2.0.0 useInGlobalTemperatureAnalysis FALSE"
"NAm_445","pages2k2017","PAGES2k v2.0.0 useInGlobalTemperatureAnalysis FALSE"
"NAm_446","pages2k2017","PAGES2k v2.0.0 useInGlobalTemperatureAnalysis FALSE"
"NAm_447","pages2k2017","PAGES2k v2.0.0 useInGlobalTemperatureAnalysis FALSE"
"NAm_449","pages2k2017","PAGES2k v2.0.0 useInGlobalTemperatureAnalysis FALSE"
"NAm_450","pages2k2017","PAGES2k v2.0.0 useInGlobalTemperatureAnalysis FALSE"
"NAm_451","pages2k2017","PAGES2k v2.0.0 useInGlobalTemperatureAnalysis FALSE"
"NAm_452","pages2k2017","PAGES2k v2.0.0 useInGlobalTemperatureAnalysis FALSE"
"NAm_453","pages2k2017","PAGES2k v2.0.0 useInGlobalTemperatureAnalysis FALSE"
"NAm_454","pages2k2017","PAGES2k v2.0.0 useInGlobalTemperatureAnalysis FALSE"
"NAm_455","pages2k2017","PAGES2k v2.0.0 useInGlobalTemperatureAnalysis FALSE"
"NAm_456","pages2k2017","PAGES2k v2.0.0 useInGlobalTemperatureAnalysis FALSE"
"NAm_457","pages2k2017","PAGES2k v2.0.0 useInGlobalTemperatureAnalysis FALSE"
"NAm_458","pages2k2017","PAGES2k v2.0.0 useInGlobalTemperatureAnalysis FALSE"
"NAm_459","pages2k2017","PAGES2k v2.0.0 useInGlobalTemperatureAnalysis FALSE"
"NAm_461","pages2k2017","PAGES2k v2.0.0 useInGlobalTemperatureAnalysis FALSE"
"NAm_462","pages2k2017","PAGES2k v2.0.0 useInGlobalTemperatureAnalysis FALSE"
"NAm_463","pages2k2017","PAGES2k v2.0.0 useInGlobalTemperatureAnalysis FALSE"
"NAm_464","pages2k2017","PAGES2k v2.0.0 useInGlobalTemperatureAnalysis FALSE"
"NAm_465","pages2k2017","PAGES2k v2.0.0 useInGlobalTemperatureAnalysis FALSE"
"NAm_466","pages2k2017","PAGES2k v2.0.0 useInGlobalTemperatureAnalysis FALSE"
"NAm_467","pages2k2017","PAGES2k v2.0.0 useInGlobalTemperatureAnalysis FALSE"
"NAm_468","pages2k2017","PAGES2k v2.0.0 useInGlobalTemperatureAnalysis FALSE"
"NAm_3745","pages2k2017","PAGES2k v2.0.0 useInGlobalTemperatureAnalysis FALSE"
"NAm_3746","pages2k2017","PAGES2k v2.0.0 useInGlobalTemperatureAnalysis FALSE"
"NAm_3747","pages2k2017","PAGES2k v2.0.0 useInGlobalTemperatureAnalysis FALSE"
"NAm_3749","pages2k2017","PAGES2k v2.0.0 useInGlobalTemperatureAnalysis FALSE"
"NAm_3750","pages2k2017","PAGES2k v2.0.0 useInGlobalTemperatureAnalysis FALSE"
"NAm_3751","pages2k2017","PAGES2k v2.0.0 useInGlobalTemperatureAnalysis FALSE"
"NAm_3752","pages2k2017","PAGES2k v2.0.0 useInGlobalTemperatureAnalysis FALSE"
"NAm_3753","pages2k2017","PAGES2k v2.0.0 useInGlobalTemperatureAnalysis FALSE"
"NAm_3754","pages2k2017","PAGES2k v2.0.0 useInGlobalTemperatureAnalysis FALSE"
"NAm_3755","pages2k2017","PAGES2k v2.0.0 useInGlobalTemperatureAnalysis FALSE"
"NAm_3756","pages2k2017","PAGES2k v2.0.0 useInGlobalTemperatureAnalysis FALSE"
"NAm_3757","pages2k2017","PAGES2k v2.0.0 useInGlobalTemperatureAnalysis FALSE"
"NAm_3758","pages2k2017","PAGES2k v2.0.0 useInGlobalTemperatureAnalysis FALSE"
"NAm_3759","pages2k2017","PAGES2k v2.0.0 useInGlobalTemperatureAnalysis FALSE"
"NAm_3761","pages2k2017","PAGES2k v2.0.0 useInGlobalTemperatureAnalysis FALSE"
"NAm_3762","pages2k2017","PAGES2k v2.0.0 useInGlobalTemperatureAnalysis FALSE"
"NAm_3763","pages2k2017","PAGES2k v2.0.0 useInGlobalTemperatureAnalysis FALSE"
"NAm_3764","pages2k2017","PAGES2k v2.0.0 useInGlobalTemperatureAnalysis FALSE"
"NAm_3765","pages2k2017","PAGES2k v2.0.0 useInGlobalTemperatureAnalysis FALSE"
"NAm_3766","pages2k2017","PAGES2k v2.0.0 useInGlobalTemperatureAnalysis FALSE"
"NAm_3767","pages2k2017","PAGES2k v2.0.0 useInGlobalTemperatureAnalysis FALSE"
"NAm_3768","pages2k2017","PAGES2k v2.0.0 useInGlobalTemperatureAnalysis FALSE"
"NAm_3769","pages2k2017","PAGES2k v2.0.0 useInGlobalTemperatureAnalysis FALSE"
"NAm_3770","pages2k2017","PAGES2k v2.0.0 useInGlobalTemperatureAnalysis FALSE"
"NAm_3771","pages2k2017","PAGES2k v2.0.0 useInGlobalTemperatureAnalysis FALSE"
"NAm_3773","pages2k2017","PAGES2k v2.0.0 useInGlobalTemperatureAnalysis FALSE"
"NAm_3774","pages2k2017","PAGES2k v2.0.0 useInGlobalTemperatureAnalysis FALSE"
"NAm_3775","pages2k2017","PAGES2k v2.0.0 useInGlobalTemperatureAnalysis FALSE"
"NAm_3776","pages2k2017","PAGES2k v2.0.0 useInGlobalTemperatureAnalysis FALSE"
"NAm_3777","pages2k2017","PAGES2k v2.0.0 useInGlobalTemperatureAnalysis FALSE"
"NAm_3778","pages2k2017","PAGES2k v2.0.0 useInGlobalTemperatureAnalysis FALSE"
"NAm_3779","pages2k2017","PAGES2k v2.0.0 useInGlobalTemperatureAnalysis FALSE"
"NAm_3780","pages2k2017","PAGES2k v2.0.0 useInGlobalTemperatureAnalysis FALSE"
"NAm_481","pages2k2017","PAGES2k v2.0.0 useInGlobalTemperatureAnalysis FALSE"
"NAm_482","pages2k2017","PAGES2k v2.0.0 useInGlobalTemperatureAnalysis FALSE"
"NAm_483","pages2k2017","PAGES2k v2.0.0 useInGlobalTemperatureAnalysis FALSE"
"NAm_485","pages2k2017","PAGES2k v2.0.0 useInGlobalTemperatureAnalysis FALSE"
"NAm_486","pages2k2017","PAGES2k v2.0.0 useInGlobalTemperatureAnalysis FALSE"
"NAm_487","pages2k2017","PAGES2k v2.0.0 useInGlobalTemperatureAnalysis FALSE"
"NAm_488","pages2k2017","PAGES2k v2.0.0 useInGlobalTemperatureAnalysis FALSE"
"NAm_489","pages2k2017","PAGES2k v2.0.0 useInGlobalTemperatureAnalysis FALSE"
"NAm_490","pages2k2017","PAGES2k v2.0.0 useInGlobalTemperatureAnalysis FALSE"
"NAm_491","pages2k2017","PAGES2k v2.0.0 useInGlobalTemperatureAnalysis FALSE"
"NAm_492","pages2k2017","PAGES2k v2.0.0 useInGlobalTemperatureAnalysis FALSE"
"NAm_505","pages2k2017","PAGES2k v2.0.0 useInGlobalTemperatureAnalysis FALSE"
"NAm_506","pages2k2017","PAGES2k v2.0.0 useInGlobalTemperatureAnalysis FALSE"
"NAm_507","pages2k2017","PAGES2k v2.0.0 useInGlobalTemperatureAnalysis FALSE"
"NAm_508","pages2k2017","PAGES2k v2.0.0 useInGlobalTemperatureAnalysis FALSE"
"NAm_509","pages2k2017","PAGES2k v2.0.0 useInGlobalTemperatureAnalysis FALSE"
"NAm_510","pages2k2017","PAGES2k v2.0.0 useInGlobalTemperatureAnalysis FALSE"
"NAm_511","pages2k2017","PAGES2k v2.0.0 useInGlobalTemperatureAnalysis FALSE"
"NAm_512","pages2k2017","PAGES2k v2.0.0 useInGlobalTemperatureAnalysis FALSE"
"NAm_513","pages2k2017","PAGES2k v2.0.0 useInGlobalTemperatureAnalysis FALSE"
"NAm_514","pages2k2017","PAGES2k v2.0.0 useInGlobalTemperatureAnalysis FALSE"
"NAm_515","pages2k2017","PAGES2k v2.0.0 useInGlobalTemperatureAnalysis FALSE"
"NAm_516","pages2k2017","PAGES2k v2.0.0 useInGlobalTemperatureAnalysis FALSE"
"NAm_517","pages2k2017","PAGES2k v2.0.0 useInGlobalTemperatureAnalysis FALSE"
"NAm_518","pages2k2017","PAGES2k v2.0.0 useInGlobalTemperatureAnalysis FALSE"
"NAm_519","pages2k2017","PAGES2k v2.0.0 useInGlobalTemperatureAnalysis FALSE"
"NAm_521","pages2k2017","PAGES2k v2.0.0 useInGlobalTemperatureAnalysis FALSE"
"NAm_522","pages2k2017","PAGES2k v2.0.0 useInGlobalTemperatureAnalysis FALSE"
"NAm_523","pages2k2017","PAGES2k v2.0.0 useInGlobalTemperatureAnalysis FALSE"
"NAm_524","pages2k2017","PAGES2k v2.0.0 useInGlobalTemperatureAnalysis FALSE"
"NAm_525","pages2k2017","PAGES2k v2.0.0 useInGlobalTemperatureAnalysis FALSE"
"NAm_526","pages2k2017","PAGES2k v2.0.0 useInGlobalTemperatureAnalysis FALSE"
"NAm_527","pages2k2017","PAGES2k v2.0.0 useInGlobalTemperatureAnalysis FALSE"
"NAm_528","pages2k2017","PAGES2k v2.0.0 useInGlobalTemperatureAnalysis FALSE"
"NAm_553","pages2k2017","PAGES2k v2.0.0 useInGlobalTemperatureAnalysis FALSE"
"NAm_554","pages2k2017","PAGES2k v2.0.0 useInGlobalTemperatureAnalysis FALSE"
"NAm_555","pages2k2017","PAGES2k v2.0.0 useInGlobalTemperatureAnalysis FALSE"
"NAm_556","pages2k2017","PAGES2k v2.0.0 useInGlobalTemperatureAnalysis FALSE"
"NAm_557","pages2k2017","PAGES2k v2.0.0 useInGlobalTemperatureAnalysis FALSE"
"NAm_558","pages2k2017","PAGES2k v2.0.0 useInGlobalTemperatureAnalysis FALSE"
"NAm_559","pages2k2017","PAGES2k v2.0.0 useInGlobalTemperatureAnalysis FALSE"
"NAm_560","pages2k2017","PAGES2k v2.0.0 useInGlobalTemperatureAnalysis FALSE"
"NAm_561","pages2k2017","PAGES2k v2.0.0 useInGlobalTemperatureAnalysis FALSE"
"NAm_562","pages2k2017","PAGES2k v2.0.0 useInGlobalTemperatureAnalysis FALSE"
"NAm_563","pages2k2017","PAGES2k v2.0.0 useInGlobalTemperatureAnalysis FALSE"
"NAm_564","pages2k2017","PAGES2k v2.0.0 useInGlobalTemperatureAnalysis FALSE"
"NAm_565","pages2k2017","PAGES2k v2.0.0 useInGlobalTemperatureAnalysis FALSE"
"NAm_566","pages2k2017","PAGES2k v2.0.0 useInGlobalTemperatureAnalysis FALSE"
"NAm_567","pages2k2017","PAGES2k v2.0.0 useInGlobalTemperatureAnalysis FALSE"
"NAm_569","pages2k2017","PAGES2k v2.0.0 useInGlobalTemperatureAnalysis FALSE"
"NAm_570","pages2k2017","PAGES2k v2.0.0 useInGlobalTemperatureAnalysis FALSE"
"NAm_571","pages2k2017","PAGES2k v2.0.0 useInGlobalTemperatureAnalysis FALSE"
"NAm_572","pages2k2017","PAGES2k v2.0.0 useInGlobalTemperatureAnalysis FALSE"
"NAm_573","pages2k2017","PAGES2k v2.0.0 useInGlobalTemperatureAnalysis FALSE"
"NAm_574","pages2k2017","PAGES2k v2.0.0 useInGlobalTemperatureAnalysis FALSE"
"NAm_575","pages2k2017","PAGES2k v2.0.0 useInGlobalTemperatureAnalysis FALSE"
"NAm_576","pages2k2017","PAGES2k v2.0.0 useInGlobalTemperatureAnalysis FALSE"
"NAm_613","pages2k2017","PAGES2k v2.0.0 useInGlobalTemperatureAnalysis FALSE"
"NAm_614","pages2k2017","PAGES2k v2.0.0 useInGlobalTemperatureAnalysis FALSE"
"NAm_615","pages2k2017","PAGES2k v2.0.0 useInGlobalTemperatureAnalysis FALSE"
"NAm_617","pages2k2017","PAGES2k v2.0.0 useInGlobalTemperatureAnalysis FALSE"
"NAm_618","pages2k2017","PAGES2k v2.0.0 useInGlobalTemperatureAnalysis FALSE"
"NAm_619","pages2k2017","PAGES2k v2.0.0 useInGlobalTemperatureAnalysis FALSE"
"NAm_620","pages2k2017","PAGES2k v2.0.0 useInGlobalTemperatureAnalysis FALSE"
"NAm_621","pages2k2017","PAGES2k v2.0.0 useInGlobalTemperatureAnalysis FALSE"
"NAm_622","pages2k2017","PAGES2k v2.0.0 useInGlobalTemperatureAnalysis FALSE"
"NAm_623","pages2k2017","PAGES2k v2.0.0 useInGlobalTemperatureAnalysis FALSE"
"NAm_624","pages2k2017","PAGES2k v2.0.0 useInGlobalTemperatureAnalysis FALSE"
"NAm_625","pages2k2017","PAGES2k v2.0.0 useInGlobalTemperatureAnalysis FALSE"
"NAm_626","pages2k2017","PAGES2k v2.0.0 useInGlobalTemperatureAnalysis FALSE"
"NAm_627","pages2k2017","PAGES2k v2.0.0 useInGlobalTemperatureAnalysis FALSE"
"NAm_629","pages2k2017","PAGES2k v2.0.0 useInGlobalTemperatureAnalysis FALSE"
"NAm_630","pages2k2017","PAGES2k v2.0.0 useInGlobalTemperatureAnalysis FALSE"
"NAm_631","pages2k2017","PAGES2k v2.0.0 useInGlobalTemperatureAnalysis FALSE"
"NAm_632","pages2k2017","PAGES2k v2.0.0 useInGlobalTemperatureAnalysis FALSE"
"NAm_633","pages2k2017","PAGES2k v2.0.0 useInGlobalTemperatureAnalysis FALSE"
"NAm_634","pages2k2017","PAGES2k v2.0.0 useInGlobalTemperatureAnalysis FALSE"
"NAm_635","pages2k2017","PAGES2k v2.0.0 useInGlobalTemperatureAnalysis FALSE"
"NAm_636","pages2k2017","PAGES2k v2.0.0 useInGlobalTemperatureAnalysis FALSE"
"NAm_637","pages2k2017","PAGES2k v2.0.0 useInGlobalTemperatureAnalysis FALSE"
"NAm_638","pages2k2017","PAGES2k v2.0.0 useInGlobalTemperatureAnalysis FALSE"
"NAm_639","pages2k2017","PAGES2k v2.0.0 useInGlobalTemperatureAnalysis FALSE"
"NAm_641","pages2k2017","PAGES2k v2.0.0 useInGlobalTemperatureAnalysis FALSE"
"NAm_642","pages2k2017","PAGES2k v2.0.0 useInGlobalTemperatureAnalysis FALSE"
"NAm_643","pages2k2017","PAGES2k v2.0.0 useInGlobalTemperatureAnalysis FALSE"
"NAm_644","pages2k2017","PAGES2k v2.0.0 useInGlobalTemperatureAnalysis FALSE"
"NAm_645","pages2k2017","PAGES2k v2.0.0 useInGlobalTemperatureAnalysis FALSE"
"NAm_646","pages2k2017","PAGES2k v2.0.0 useInGlobalTemperatureAnalysis FALSE"
"NAm_647","pages2k2017","PAGES2k v2.0.0 useInGlobalTemperatureAnalysis FALSE"
"NAm_648","pages2k2017","PAGES2k v2.0.0 useInGlobalTemperatureAnalysis FALSE"
"NAm_661","pages2k2017","PAGES2k v2.0.0 useInGlobalTemperatureAnalysis FALSE"
"NAm_662","pages2k2017","PAGES2k v2.0.0 useInGlobalTemperatureAnalysis FALSE"
"NAm_663","pages2k2017","PAGES2k v2.0.0 useInGlobalTemperatureAnalysis FALSE"
"NAm_665","pages2k2017","PAGES2k v2.0.0 useInGlobalTemperatureAnalysis FALSE"
"NAm_666","pages2k2017","PAGES2k v2.0.0 useInGlobalTemperatureAnalysis FALSE"
"NAm_667","pages2k2017","PAGES2k v2.0.0 useInGlobalTemperatureAnalysis FALSE"
"NAm_668","pages2k2017","PAGES2k v2.0.0 useInGlobalTemperatureAnalysis FALSE"
"NAm_669","pages2k2017","PAGES2k v2.0.0 useInGlobalTemperatureAnalysis FALSE"
"NAm_670","pages2k2017","PAGES2k v2.0.0 useInGlobalTemperatureAnalysis FALSE"
"NAm_671","pages2k2017","PAGES2k v2.0.0 useInGlobalTemperatureAnalysis FALSE"
"NAm_672","pages2k2017","PAGES2k v2.0.0 useInGlobalTemperatureAnalysis FALSE"
"NAm_745","pages2k2017","PAGES2k v2.0.0 useInGlobalTemperatureAnalysis FALSE"
"NAm_746","pages2k2017","PAGES2k v2.0.0 useInGlobalTemperatureAnalysis FALSE"
"NAm_747","pages2k2017","PAGES2k v2.0.0 useInGlobalTemperatureAnalysis FALSE"
"NAm_748","pages2k2017","PAGES2k v2.0.0 useInGlobalTemperatureAnalysis FALSE"
"NAm_749","pages2k2017","PAGES2k v2.0.0 useInGlobalTemperatureAnalysis FALSE"
"NAm_750","pages2k2017","PAGES2k v2.0.0 useInGlobalTemperatureAnalysis FALSE"
"NAm_751","pages2k2017","PAGES2k v2.0.0 useInGlobalTemperatureAnalysis FALSE"
"NAm_752","pages2k2017","PAGES2k v2.0.0 useInGlobalTemperatureAnalysis FALSE"
"NAm_753","pages2k2017","PAGES2k v2.0.0 useInGlobalTemperatureAnalysis FALSE"
"NAm_754","pages2k2017","PAGES2k v2.0.0 useInGlobalTemperatureAnalysis FALSE"
"NAm_755","pages2k2017","PAGES2k v2.0.0 useInGlobalTemperatureAnalysis FALSE"
"NAm_756","pages2k2017","PAGES2k v2.0.0 useInGlobalTemperatureAnalysis FALSE"
"NAm_757","pages2k2017","PAGES2k v2.0.0 useInGlobalTemperatureAnalysis FALSE"
"NAm_758","pages2k2017","PAGES2k v2.0.0 useInGlobalTemperatureAnalysis FALSE"
"NAm_759","pages2k2017","PAGES2k v2.0.0 useInGlobalTemperatureAnalysis FALSE"
"NAm_761","pages2k2017","PAGES2k v2.0.0 useInGlobalTemperatureAnalysis FALSE"
"NAm_762","pages2k2017","PAGES2k v2.0.0 useInGlobalTemperatureAnalysis FALSE"
"NAm_763","pages2k2017","PAGES2k v2.0.0 useInGlobalTemperatureAnalysis FALSE"
"NAm_764","pages2k2017","PAGES2k v2.0.0 useInGlobalTemperatureAnalysis FALSE"
"NAm_765","pages2k2017","PAGES2k v2.0.0 useInGlobalTemperatureAnalysis FALSE"
"NAm_766","pages2k2017","PAGES2k v2.0.0 useInGlobalTemperatureAnalysis FALSE"
"NAm_767","pages2k2017","PAGES2k v2.0.0 useInGlobalTemperatureAnalysis FALSE"
"NAm_768","pages2k2017","PAGES2k v2.0.0 useInGlobalTemperatureAnalysis FALSE"
"NAm_769","pages2k2017","PAGES2k v2.0.0 useInGlobalTemperatureAnalysis FALSE"
"NAm_770","pages2k2017","PAGES2k v2.0.0 useInGlobalTemperatureAnalysis FALSE"
"NAm_771","pages2k2017","PAGES2k v2.0.0 useInGlobalTemperatureAnalysis FALSE"
"NAm_773","pages2k2017","PAGES2k v2.0.0 useInGlobalTemperatureAnalysis FALSE"
"NAm_774","pages2k2017","PAGES2k v2.0.0 useInGlobalTemperatureAnalysis FALSE"
"NAm_775","pages2k2017","PAGES2k v2.0.0 useInGlobalTemperatureAnalysis FALSE"
"NAm_776","pages2k2017","PAGES2k v2.0.0 useInGlobalTemperatureAnalysis FALSE"
"NAm_777","pages2k2017","PAGES2k v2.0.0 useInGlobalTemperatureAnalysis FALSE"
"NAm_778","pages2k2017","PAGES2k v2.0.0 useInGlobalTemperatureAnalysis FALSE"
"NAm_779","pages2k2017","PAGES2k v2.0.0 useInGlobalTemperatureAnalysis FALSE"
"NAm_780","pages2k2017","PAGES2k v2.0.0 useInGlobalTemperatureAnalysis FALSE"
"NAm_793","pages2k2017","PAGES2k v2.0.0 useInGlobalTemperatureAnalysis FALSE"
"NAm_794","pages2k2017","PAGES2k v2.0.0 useInGlobalTemperatureAnalysis FALSE"
"NAm_795","pages2k2017","PAGES2k v2.0.0 useInGlobalTemperatureAnalysis FALSE"
"NAm_797","pages2k2017","PAGES2k v2.0.0 useInGlobalTemperatureAnalysis FALSE"
"NAm_798","pages2k2017","PAGES2k v2.0.0 useInGlobalTemperatureAnalysis FALSE"
"NAm_799","pages2k2017","PAGES2k v2.0.0 useInGlobalTemperatureAnalysis FALSE"
"NAm_800","pages2k2017","PAGES2k v2.0.0 useInGlobalTemperatureAnalysis FALSE"
"NAm_801","pages2k2017","PAGES2k v2.0.0 useInGlobalTemperatureAnalysis FALSE"
"NAm_802","pages2k2017","PAGES2k v2.0.0 useInGlobalTemperatureAnalysis FALSE"
"NAm_803","pages2k2017","PAGES2k v2.0.0 useInGlobalTemperatureAnalysis FALSE"
"NAm_804","pages2k2017","PAGES2k v2.0.0 useInGlobalTemperatureAnalysis FALSE"
"NAm_805","pages2k2017","PAGES2k v2.0.0 useInGlobalTemperatureAnalysis FALSE"
"NAm_806","pages2k2017","PAGES2k v2.0.0 useInGlobalTemperatureAnalysis FALSE"
"NAm_807","pages2k2017","PAGES2k v2.0.0 useInGlobalTemperatureAnalysis FALSE"
"NAm_809","pages2k2017","PAGES2k v2.0.0 useInGlobalTemperatureAnalysis FALSE"
"NAm_810","pages2k2017","PAGES2k v2.0.0 useInGlobalTemperatureAnalysis FALSE"
"NAm_811","pages2k2017","PAGES2k v2.0.0 useInGlobalTemperatureAnalysis FALSE"
"NAm_812","pages2k2017","PAGES2k v2.0.0 useInGlobalTemperatureAnalysis FALSE"
"NAm_813","pages2k2017","PAGES2k v2.0.0 useInGlobalTemperatureAnalysis FALSE"
"NAm_814","pages2k2017","PAGES2k v2.0.0 useInGlobalTemperatureAnalysis FALSE"
"NAm_815","pages2k2017","PAGES2k v2.0.0 useInGlobalTemperatureAnalysis FALSE"
"NAm_816","pages2k2017","PAGES2k v2.0.0 useInGlobalTemperatureAnalysis FALSE"
"NAm_865","pages2k2017","PAGES2k v2.0.0 useInGlobalTemperatureAnalysis FALSE"
"NAm_866","pages2k2017","PAGES2k v2.0.0 useInGlobalTemperatureAnalysis FALSE"
"NAm_867","pages2k2017","PAGES2k v2.0.0 useInGlobalTemperatureAnalysis FALSE"
"NAm_869","pages2k2017","PAGES2k v2.0.0 useInGlobalTemperatureAnalysis FALSE"
"NAm_870","pages2k2017","PAGES2k v2.0.0 useInGlobalTemperatureAnalysis FALSE"
"NAm_871","pages2k2017","PAGES2k v2.0.0 useInGlobalTemperatureAnalysis FALSE"
"NAm_872","pages2k2017","PAGES2k v2.0.0 useInGlobalTemperatureAnalysis FALSE"
"NAm_873","pages2k2017","PAGES2k v2.0.0 useInGlobalTemperatureAnalysis FALSE"
"NAm_874","pages2k2017","PAGES2k v2.0.0 useInGlobalTemperatureAnalysis FALSE"
"NAm_875","pages2k2017","PAGES2k v2.0.0 useInGlobalTemperatureAnalysis FALSE"
"NAm_876","pages2k2017","PAGES2k v2.0.0 useInGlobalTemperatureAnalysis FALSE"
"NAm_877","pages2k2017","PAGES2k v2.0.0 useInGlobalTemperatureAnalysis FALSE"
"NAm_878","pages2k2017","PAGES2k v2.0.0 useInGlobalTemperatureAnalysis FALSE"
"NAm_879","pages2k2017","PAGES2k v2.0.0 useInGlobalTemperatureAnalysis FALSE"
"NAm_881","pages2k2017","PAGES2k v2.0.0 useInGlobalTemperatureAnalysis FALSE"
"NAm_882","pages2k2017","PAGES2k v2.0.0 useInGlobalTemperatureAnalysis FALSE"
"NAm_883","pages2k2017","PAGES2k v2.0.0 useInGlobalTemperatureAnalysis FALSE"
"NAm_884","pages2k2017","PAGES2k v2.0.0 useInGlobalTemperatureAnalysis FALSE"
"NAm_885","pages2k2017","PAGES2k v2.0.0 useInGlobalTemperatureAnalysis FALSE"
"NAm_886","pages2k2017","PAGES2k v2.0.0 useInGlobalTemperatureAnalysis FALSE"
"NAm_887","pages2k2017","PAGES2k v2.0.0 useInGlobalTemperatureAnalysis FALSE"
"NAm_888","pages2k2017","PAGES2k v2.0.0 useInGlobalTemperatureAnalysis FALSE"
"NAm_913","pages2k2017","PAGES2k v2.0.0 useInGlobalTemperatureAnalysis FALSE"
"NAm_914","pages2k2017","PAGES2k v2.0.0 useInGlobalTemperatureAnalysis FALSE"
"NAm_915","pages2k2017","PAGES2k v2.0.0 useInGlobalTemperatureAnalysis FALSE"
"NAm_917","pages2k2017","PAGES2k v2.0.0 useInGlobalTemperatureAnalysis FALSE"
"NAm_918","pages2k2017","PAGES2k v2.0.0 useInGlobalTemperatureAnalysis FALSE"
"NAm_919","pages2k2017","PAGES2k v2.0.0 useInGlobalTemperatureAnalysis FALSE"
"NAm_920","pages2k2017","PAGES2k v2.0.0 useInGlobalTemperatureAnalysis FALSE"
"NAm_921","pages2k2017","PAGES2k v2.0.0 useInGlobalTemperatureAnalysis FALSE"
"NAm_922","pages2k2017","PAGES2k v2.0.0 useInGlobalTemperatureAnalysis FALSE"
"NAm_923","pages2k2017","PAGES2k v2.0.0 useInGlobalTemperatureAnalysis FALSE"
"NAm_924","pages2k2017","PAGES2k v2.0.0 useInGlobalTemperatureAnalysis FALSE"
"NAm_937","pages2k2017","PAGES2k v2.0.0 useInGlobalTemperatureAnalysis FALSE"
"NAm_938","pages2k2017","PAGES2k v2.0.0 useInGlobalTemperatureAnalysis FALSE"
"NAm_939","pages2k2017","PAGES2k v2.0.0 useInGlobalTemperatureAnalysis FALSE"
"NAm_941","pages2k2017","PAGES2k v2.0.0 useInGlobalTemperatureAnalysis FALSE"
"NAm_942","pages2k2017","PAGES2k v2.0.0 useInGlobalTemperatureAnalysis FALSE"
"NAm_943","pages2k2017","PAGES2k v2.0.0 useInGlobalTemperatureAnalysis FALSE"
"NAm_944","pages2k2017","PAGES2k v2.0.0 useInGlobalTemperatureAnalysis FALSE"
"NAm_945","pages2k2017","PAGES2k v2.0.0 useInGlobalTemperatureAnalysis FALSE"
"NAm_946","pages2k2017","PAGES2k v2.0.0 useInGlobalTemperatureAnalysis FALSE"
"NAm_947","pages2k2017","PAGES2k v2.0.0 useInGlobalTemperatureAnalysis FALSE"
"NAm_948","pages2k2017","PAGES2k v2.0.0 useInGlobalTemperatureAnalysis FALSE"
"NAm_961","pages2k2017","PAGES2k v2.0.0 useInGlobalTemperatureAnalysis FALSE"
"NAm_962","pages2k2017","PAGES2k v2.0.0 useInGlobalTemperatureAnalysis FALSE"
"NAm_963","pages2k2017","PAGES2k v2.0.0 useInGlobalTemperatureAnalysis FALSE"
"NAm_964","pages2k2017","PAGES2k v2.0.0 useInGlobalTemperatureAnalysis FALSE"
"NAm_965","pages2k2017","PAGES2k v2.0.0 useInGlobalTemperatureAnalysis FALSE"
"NAm_966","pages2k2017","PAGES2k v2.0.0 useInGlobalTemperatureAnalysis FALSE"
"NAm_967","pages2k2017","PAGES2k v2.0.0 useInGlobalTemperatureAnalysis FALSE"
"NAm_968","pages2k2017","PAGES2k v2.0.0 useInGlobalTemperatureAnalysis FALSE"
"NAm_969","pages2k2017","PAGES2k v2.0.0 useInGlobalTemperatureAnalysis FALSE"
"NAm_970","pages2k2017","PAGES2k v2.0.0 useInGlobalTemperatureAnalysis FALSE"
"NAm_971","pages2k2017","PAGES2k v2.0.0 useInGlobalTemperatureAnalysis FALSE"
"NAm_972","pages2k2017","PAGES2k v2.0.0 useInGlobalTemperatureAnalysis FALSE"
"NAm_973","pages2k2017","PAGES2k v2.0.0 useInGlobalTemperatureAnalysis FALSE"
"NAm_974","pages2k2017","PAGES2k v2.0.0 useInGlobalTemperatureAnalysis FALSE"
"NAm_975","pages2k2017","PAGES2k v2.0.0 useInGlobalTemperatureAnalysis FALSE"
"NAm_977","pages2k2017","PAGES2k v2.0.0 useInGlobalTemperatureAnalysis FALSE"
"NAm_978","pages2k2017","PAGES2k v2.0.0 useInGlobalTemperatureAnalysis FALSE"
"NAm_979","pages2k2017","PAGES2k v2.0.0 useInGlobalTemperatureAnalysis FALSE"
"NAm_980","pages2k2017","PAGES2k v2.0.0 useInGlobalTemperatureAnalysis FALSE"
"NAm_981","pages2k2017","PAGES2k v2.0.0 useInGlobalTemperatureAnalysis FALSE"
"NAm_982","pages2k2017","PAGES2k v2.0.0 useInGlobalTemperatureAnalysis FALSE"
"NAm_983","pages2k2017","PAGES2k v2.0.0 useInGlobalTemperatureAnalysis FALSE"
"NAm_984","pages2k2017","PAGES2k v2.0.0 useInGlobalTemperatureAnalysis FALSE"
"NAm_1009","pages2k2017","PAGES2k v2.0.0 useInGlobalTemperatureAnalysis FALSE"
"NAm_1010","pages2k2017","PAGES2k v2.0.0 useInGlobalTemperatureAnalysis FALSE"
"NAm_1011","pages2k2017","PAGES2k v2.0.0 useInGlobalTemperatureAnalysis FALSE"
"NAm_1013","pages2k2017","PAGES2k v2.0.0 useInGlobalTemperatureAnalysis FALSE"
"NAm_1014","pages2k2017","PAGES2k v2.0.0 useInGlobalTemperatureAnalysis FALSE"
"NAm_1015","pages2k2017","PAGES2k v2.0.0 useInGlobalTemperatureAnalysis FALSE"
"NAm_1016","pages2k2017","PAGES2k v2.0.0 useInGlobalTemperatureAnalysis FALSE"
"NAm_1017","pages2k2017","PAGES2k v2.0.0 useInGlobalTemperatureAnalysis FALSE"
"NAm_1018","pages2k2017","PAGES2k v2.0.0 useInGlobalTemperatureAnalysis FALSE"
"NAm_1019","pages2k2017","PAGES2k v2.0.0 useInGlobalTemperatureAnalysis FALSE"
"NAm_1020","pages2k2017","PAGES2k v2.0.0 useInGlobalTemperatureAnalysis FALSE"
"NAm_1021","pages2k2017","PAGES2k v2.0.0 useInGlobalTemperatureAnalysis FALSE"
"NAm_1022","pages2k2017","PAGES2k v2.0.0 useInGlobalTemperatureAnalysis FALSE"
"NAm_1023","pages2k2017","PAGES2k v2.0.0 useInGlobalTemperatureAnalysis FALSE"
"NAm_1025","pages2k2017","PAGES2k v2.0.0 useInGlobalTemperatureAnalysis FALSE"
"NAm_1026","pages2k2017","PAGES2k v2.0.0 useInGlobalTemperatureAnalysis FALSE"
"NAm_1027","pages2k2017","PAGES2k v2.0.0 useInGlobalTemperatureAnalysis FALSE"
"NAm_1028","pages2k2017","PAGES2k v2.0.0 useInGlobalTemperatureAnalysis FALSE"
"NAm_1029","pages2k2017","PAGES2k v2.0.0 useInGlobalTemperatureAnalysis FALSE"
"NAm_1030","pages2k2017","PAGES2k v2.0.0 useInGlobalTemperatureAnalysis FALSE"
"NAm_1031","pages2k2017","PAGES2k v2.0.0 useInGlobalTemperatureAnalysis FALSE"
"NAm_1032","pages2k2017","PAGES2k v2.0.0 useInGlobalTemperatureAnalysis FALSE"
"NAm_1057","pages2k2017","PAGES2k v2.0.0 useInGlobalTemperatureAnalysis FALSE"
"NAm_1058","pages2k2017","PAGES2k v2.0.0 useInGlobalTemperatureAnalysis FALSE"
"NAm_1059","pages2k2017","PAGES2k v2.0.0 useInGlobalTemperatureAnalysis FALSE"
"NAm_1060","pages2k2017","PAGES2k v2.0.0 useInGlobalTemperatureAnalysis FALSE"
"NAm_1061","pages2k2017","PAGES2k v2.0.0 useInGlobalTemperatureAnalysis FALSE"
"NAm_1062","pages2k2017","PAGES2k v2.0.0 useInGlobalTemperatureAnalysis FALSE"
"NAm_1063","pages2k2017","PAGES2k v2.0.0 useInGlobalTemperatureAnalysis FALSE"
"NAm_1064","pages2k2017","PAGES2k v2.0.0 useInGlobalTemperatureAnalysis FALSE"
"NAm_1065","pages2k2017","PAGES2k v2.0.0 useInGlobalTemperatureAnalysis FALSE"
"NAm_1066","pages2k2017","PAGES2k v2.0.0 useInGlobalTemperatureAnalysis FALSE"
"NAm_1067","pages2k2017","PAGES2k v2.0.0 useInGlobalTemperatureAnalysis FALSE"
"NAm_1068","pages2k2017","PAGES2k v2.0.0 useInGlobalTemperatureAnalysis FALSE"
"NAm_1069","pages2k2017","PAGES2k v2.0.0 useInGlobalTemperatureAnalysis FALSE"
"NAm_1070","pages2k2017","PAGES2k v2.0.0 useInGlobalTemperatureAnalysis FALSE"
"NAm_1071","pages2k2017","PAGES2k v2.0.0 useInGlobalTemperatureAnalysis FALSE"
"NAm_1073","pages2k2017","PAGES2k v2.0.0 useInGlobalTemperatureAnalysis FALSE"
"NAm_1074","pages2k2017","PAGES2k v2.0.0 useInGlobalTemperatureAnalysis FALSE"
"NAm_1075","pages2k2017","PAGES2k v2.0.0 useInGlobalTemperatureAnalysis FALSE"
"NAm_1076","pages2k2017","PAGES2k v2.0.0 useInGlobalTemperatureAnalysis FALSE"
"NAm_1077","pages2k2017","PAGES2k v2.0.0 useInGlobalTemperatureAnalysis FALSE"
"NAm_1078","pages2k2017","PAGES2k v2.0.0 useInGlobalTemperatureAnalysis FALSE"
"NAm_1079","pages2k2017","PAGES2k v2.0.0 useInGlobalTemperatureAnalysis FALSE"
"NAm_1080","pages2k2017","PAGES2k v2.0.0 useInGlobalTemperatureAnalysis FALSE"
"NAm_1105","pages2k2017","PAGES2k v2.0.0 useInGlobalTemperatureAnalysis FALSE"
"NAm_1106","pages2k2017","PAGES2k v2.0.0 useInGlobalTemperatureAnalysis FALSE"
"NAm_1107","pages2k2017","PAGES2k v2.0.0 useInGlobalTemperatureAnalysis FALSE"
"NAm_1109","pages2k2017","PAGES2k v2.0.0 useInGlobalTemperatureAnalysis FALSE"
"NAm_1110","pages2k2017","PAGES2k v2.0.0 useInGlobalTemperatureAnalysis FALSE"
"NAm_1111","pages2k2017","PAGES2k v2.0.0 useInGlobalTemperatureAnalysis FALSE"
"NAm_1112","pages2k2017","PAGES2k v2.0.0 useInGlobalTemperatureAnalysis FALSE"
"NAm_1113","pages2k2017","PAGES2k v2.0.0 useInGlobalTemperatureAnalysis FALSE"
"NAm_1114","pages2k2017","PAGES2k v2.0.0 useInGlobalTemperatureAnalysis FALSE"
"NAm_1115","pages2k2017","PAGES2k v2.0.0 useInGlobalTemperatureAnalysis FALSE"
"NAm_1116","pages2k2017","PAGES2k v2.0.0 useInGlobalTemperatureAnalysis FALSE"
"NAm_1117","pages2k2017","PAGES2k v2.0.0 useInGlobalTemperatureAnalysis FALSE"
"NAm_1118","pages2k2017","PAGES2k v2.0.0 useInGlobalTemperatureAnalysis FALSE"
"NAm_1119","pages2k2017","PAGES2k v2.0.0 useInGlobalTemperatureAnalysis FALSE"
"NAm_1121","pages2k2017","PAGES2k v2.0.0 useInGlobalTemperatureAnalysis FALSE"
"NAm_1122","pages2k2017","PAGES2k v2.0.0 useInGlobalTemperatureAnalysis FALSE"
"NAm_1123","pages2k2017","PAGES2k v2.0.0 useInGlobalTemperatureAnalysis FALSE"
"NAm_1124","pages2k2017","PAGES2k v2.0.0 useInGlobalTemperatureAnalysis FALSE"
"NAm_1125","pages2k2017","PAGES2k v2.0.0 useInGlobalTemperatureAnalysis FALSE"
"NAm_1126","pages2k2017","PAGES2k v2.0.0 useInGlobalTemperatureAnalysis FALSE"
"NAm_1127","pages2k2017","PAGES2k v2.0.0 useInGlobalTemperatureAnalysis FALSE"
"NAm_1128","pages2k2017","PAGES2k v2.0.0 useInGlobalTemperatureAnalysis FALSE"
"NAm_1153","pages2k2017","PAGES2k v2.0.0 useInGlobalTemperatureAnalysis FALSE"
"NAm_1154","pages2k2017","PAGES2k v2.0.0 useInGlobalTemperatureAnalysis FALSE"
"NAm_1155","pages2k2017","PAGES2k v2.0.0 useInGlobalTemperatureAnalysis FALSE"
"NAm_1156","pages2k2017","PAGES2k v2.0.0 useInGlobalTemperatureAnalysis FALSE"
"NAm_1157","pages2k2017","PAGES2k v2.0.0 useInGlobalTemperatureAnalysis FALSE"
"NAm_1158","pages2k2017","PAGES2k v2.0.0 useInGlobalTemperatureAnalysis FALSE"
"NAm_1159","pages2k2017","PAGES2k v2.0.0 useInGlobalTemperatureAnalysis FALSE"
"NAm_1160","pages2k2017","PAGES2k v2.0.0 useInGlobalTemperatureAnalysis FALSE"
"NAm_1161","pages2k2017","PAGES2k v2.0.0 useInGlobalTemperatureAnalysis FALSE"
"NAm_1162","pages2k2017","PAGES2k v2.0.0 useInGlobalTemperatureAnalysis FALSE"
"NAm_1163","pages2k2017","PAGES2k v2.0.0 useInGlobalTemperatureAnalysis FALSE"
"NAm_1164","pages2k2017","PAGES2k v2.0.0 useInGlobalTemperatureAnalysis FALSE"
"NAm_1165","pages2k2017","PAGES2k v2.0.0 useInGlobalTemperatureAnalysis FALSE"
"NAm_1166","pages2k2017","PAGES2k v2.0.0 useInGlobalTemperatureAnalysis FALSE"
"NAm_1167","pages2k2017","PAGES2k v2.0.0 useInGlobalTemperatureAnalysis FALSE"
"NAm_1169","pages2k2017","PAGES2k v2.0.0 useInGlobalTemperatureAnalysis FALSE"
"NAm_1170","pages2k2017","PAGES2k v2.0.0 useInGlobalTemperatureAnalysis FALSE"
"NAm_1171","pages2k2017","PAGES2k v2.0.0 useInGlobalTemperatureAnalysis FALSE"
"NAm_1172","pages2k2017","PAGES2k v2.0.0 useInGlobalTemperatureAnalysis FALSE"
"NAm_1173","pages2k2017","PAGES2k v2.0.0 useInGlobalTemperatureAnalysis FALSE"
"NAm_1174","pages2k2017","PAGES2k v2.0.0 useInGlobalTemperatureAnalysis FALSE"
"NAm_1175","pages2k2017","PAGES2k v2.0.0 useInGlobalTemperatureAnalysis FALSE"
"NAm_1176","pages2k2017","PAGES2k v2.0.0 useInGlobalTemperatureAnalysis FALSE"
"NAm_1201","pages2k2017","PAGES2k v2.0.0 useInGlobalTemperatureAnalysis FALSE"
"NAm_1202","pages2k2017","PAGES2k v2.0.0 useInGlobalTemperatureAnalysis FALSE"
"NAm_1203","pages2k2017","PAGES2k v2.0.0 useInGlobalTemperatureAnalysis FALSE"
"NAm_1205","pages2k2017","PAGES2k v2.0.0 useInGlobalTemperatureAnalysis FALSE"
"NAm_1206","pages2k2017","PAGES2k v2.0.0 useInGlobalTemperatureAnalysis FALSE"
"NAm_1207","pages2k2017","PAGES2k v2.0.0 useInGlobalTemperatureAnalysis FALSE"
"NAm_1208","pages2k2017","PAGES2k v2.0.0 useInGlobalTemperatureAnalysis FALSE"
"NAm_1209","pages2k2017","PAGES2k v2.0.0 useInGlobalTemperatureAnalysis FALSE"
"NAm_1210","pages2k2017","PAGES2k v2.0.0 useInGlobalTemperatureAnalysis FALSE"
"NAm_1211","pages2k2017","PAGES2k v2.0.0 useInGlobalTemperatureAnalysis FALSE"
"NAm_1212","pages2k2017","PAGES2k v2.0.0 useInGlobalTemperatureAnalysis FALSE"
"NAm_1213","pages2k2017","PAGES2k v2.0.0 useInGlobalTemperatureAnalysis FALSE"
"NAm_1214","pages2k2017","PAGES2k v2.0.0 useInGlobalTemperatureAnalysis FALSE"
"NAm_1215","pages2k2017","PAGES2k v2.0.0 useInGlobalTemperatureAnalysis FALSE"
"NAm_1217","pages2k2017","PAGES2k v2.0.0 useInGlobalTemperatureAnalysis FALSE"
"NAm_1218","pages2k2017","PAGES2k v2.0.0 useInGlobalTemperatureAnalysis FALSE"
"NAm_1219","pages2k2017","PAGES2k v2.0.0 useInGlobalTemperatureAnalysis FALSE"
"NAm_1220","pages2k2017","PAGES2k v2.0.0 useInGlobalTemperatureAnalysis FALSE"
"NAm_1221","pages2k2017","PAGES2k v2.0.0 useInGlobalTemperatureAnalysis FALSE"
"NAm_1222","pages2k2017","PAGES2k v2.0.0 useInGlobalTemperatureAnalysis FALSE"
"NAm_1223","pages2k2017","PAGES2k v2.0.0 useInGlobalTemperatureAnalysis FALSE"
"NAm_1224","pages2k2017","PAGES2k v2.0.0 useInGlobalTemperatureAnalysis FALSE"
"NAm_1225","pages2k2017","PAGES2k v2.0.0 useInGlobalTemperatureAnalysis FALSE"
"NAm_1226","pages2k2017","PAGES2k v2.0.0 useInGlobalTemperatureAnalysis FALSE"
"NAm_1227","pages2k2017","PAGES2k v2.0.0 useInGlobalTemperatureAnalysis FALSE"
"NAm_1228","pages2k2017","PAGES2k v2.0.0 useInGlobalTemperatureAnalysis FALSE"
"NAm_1229","pages2k2017","PAGES2k v2.0.0 useInGlobalTemperatureAnalysis FALSE"
"NAm_1230","pages2k2017","PAGES2k v2.0.0 useInGlobalTemperatureAnalysis FALSE"
"NAm_1231","pages2k2017","PAGES2k v2.0.0 useInGlobalTemperatureAnalysis FALSE"
"NAm_1232","pages2k2017","PAGES2k v2.0.0 useInGlobalTemperatureAnalysis FALSE"
"NAm_1233","pages2k2017","PAGES2k v2.0.0 useInGlobalTemperatureAnalysis FALSE"
"NAm_1234","pages2k2017","PAGES2k v2.0.0 useInGlobalTemperatureAnalysis FALSE"
"NAm_1235","pages2k2017","PAGES2k v2.0.0 useInGlobalTemperatureAnalysis FALSE"
"NAm_1236","pages2k2017","PAGES2k v2.0.0 useInGlobalTemperatureAnalysis FALSE"
"NAm_1237","pages2k2017","PAGES2k v2.0.0 useInGlobalTemperatureAnalysis FALSE"
"NAm_1238","pages2k2017","PAGES2k v2.0.0 useInGlobalTemperatureAnalysis FALSE"
"NAm_1239","pages2k2017","PAGES2k v2.0.0 useInGlobalTemperatureAnalysis FALSE"
"NAm_1241","pages2k2017","PAGES2k v2.0.0 useInGlobalTemperatureAnalysis FALSE"
"NAm_1242","pages2k2017","PAGES2k v2.0.0 useInGlobalTemperatureAnalysis FALSE"
"NAm_1243","pages2k2017","PAGES2k v2.0.0 useInGlobalTemperatureAnalysis FALSE"
"NAm_1244","pages2k2017","PAGES2k v2.0.0 useInGlobalTemperatureAnalysis FALSE"
"NAm_1245","pages2k2017","PAGES2k v2.0.0 useInGlobalTemperatureAnalysis FALSE"
"NAm_1246","pages2k2017","PAGES2k v2.0.0 useInGlobalTemperatureAnalysis FALSE"
"NAm_1247","pages2k2017","PAGES2k v2.0.0 useInGlobalTemperatureAnalysis FALSE"
"NAm_1248","pages2k2017","PAGES2k v2.0.0 useInGlobalTemperatureAnalysis FALSE"
"NAm_1297","pages2k2017","PAGES2k v2.0.0 useInGlobalTemperatureAnalysis FALSE"
"NAm_1298","pages2k2017","PAGES2k v2.0.0 useInGlobalTemperatureAnalysis FALSE"
"NAm_1299","pages2k2017","PAGES2k v2.0.0 useInGlobalTemperatureAnalysis FALSE"
"NAm_1300","pages2k2017","PAGES2k v2.0.0 useInGlobalTemperatureAnalysis FALSE"
"NAm_1301","pages2k2017","PAGES2k v2.0.0 useInGlobalTemperatureAnalysis FALSE"
"NAm_1302","pages2k2017","PAGES2k v2.0.0 useInGlobalTemperatureAnalysis FALSE"
"NAm_1303","pages2k2017","PAGES2k v2.0.0 useInGlobalTemperatureAnalysis FALSE"
"NAm_1304","pages2k2017","PAGES2k v2.0.0 useInGlobalTemperatureAnalysis FALSE"
"NAm_1305","pages2k2017","PAGES2k v2.0.0 useInGlobalTemperatureAnalysis FALSE"
"NAm_1306","pages2k2017","PAGES2k v2.0.0 useInGlobalTemperatureAnalysis FALSE"
"NAm_1307","pages2k2017","PAGES2k v2.0.0 useInGlobalTemperatureAnalysis FALSE"
"NAm_1308","pages2k2017","PAGES2k v2.0.0 useInGlobalTemperatureAnalysis FALSE"
"NAm_1309","pages2k2017","PAGES2k v2.0.0 useInGlobalTemperatureAnalysis FALSE"
"NAm_1310","pages2k2017","PAGES2k v2.0.0 useInGlobalTemperatureAnalysis FALSE"
"NAm_1311","pages2k2017","PAGES2k v2.0.0 useInGlobalTemperatureAnalysis FALSE"
"NAm_1313","pages2k2017","PAGES2k v2.0.0 useInGlobalTemperatureAnalysis FALSE"
"NAm_1314","pages2k2017","PAGES2k v2.0.0 useInGlobalTemperatureAnalysis FALSE"
"NAm_1315","pages2k2017","PAGES2k v2.0.0 useInGlobalTemperatureAnalysis FALSE"
"NAm_1316","pages2k2017","PAGES2k v2.0.0 useInGlobalTemperatureAnalysis FALSE"
"NAm_1317","pages2k2017","PAGES2k v2.0.0 useInGlobalTemperatureAnalysis FALSE"
"NAm_1318","pages2k2017","PAGES2k v2.0.0 useInGlobalTemperatureAnalysis FALSE"
"NAm_1319","pages2k2017","PAGES2k v2.0.0 useInGlobalTemperatureAnalysis FALSE"
"NAm_1320","pages2k2017","PAGES2k v2.0.0 useInGlobalTemperatureAnalysis FALSE"
"NAm_1345","pages2k2017","PAGES2k v2.0.0 useInGlobalTemperatureAnalysis FALSE"
"NAm_1346","pages2k2017","PAGES2k v2.0.0 useInGlobalTemperatureAnalysis FALSE"
"NAm_1347","pages2k2017","PAGES2k v2.0.0 useInGlobalTemperatureAnalysis FALSE"
"NAm_1348","pages2k2017","PAGES2k v2.0.0 useInGlobalTemperatureAnalysis FALSE"
"NAm_1349","pages2k2017","PAGES2k v2.0.0 useInGlobalTemperatureAnalysis FALSE"
"NAm_1350","pages2k2017","PAGES2k v2.0.0 useInGlobalTemperatureAnalysis FALSE"
"NAm_1351","pages2k2017","PAGES2k v2.0.0 useInGlobalTemperatureAnalysis FALSE"
"NAm_1352","pages2k2017","PAGES2k v2.0.0 useInGlobalTemperatureAnalysis FALSE"
"NAm_1353","pages2k2017","PAGES2k v2.0.0 useInGlobalTemperatureAnalysis FALSE"
"NAm_1354","pages2k2017","PAGES2k v2.0.0 useInGlobalTemperatureAnalysis FALSE"
"NAm_1355","pages2k2017","PAGES2k v2.0.0 useInGlobalTemperatureAnalysis FALSE"
"NAm_1356","pages2k2017","PAGES2k v2.0.0 useInGlobalTemperatureAnalysis FALSE"
"NAm_1357","pages2k2017","PAGES2k v2.0.0 useInGlobalTemperatureAnalysis FALSE"
"NAm_1358","pages2k2017","PAGES2k v2.0.0 useInGlobalTemperatureAnalysis FALSE"
"NAm_1359","pages2k2017","PAGES2k v2.0.0 useInGlobalTemperatureAnalysis FALSE"
"NAm_1361","pages2k2017","PAGES2k v2.0.0 useInGlobalTemperatureAnalysis FALSE"
"NAm_1362","pages2k2017","PAGES2k v2.0.0 useInGlobalTemperatureAnalysis FALSE"
"NAm_1363","pages2k2017","PAGES2k v2.0.0 useInGlobalTemperatureAnalysis FALSE"
"NAm_1364","pages2k2017","PAGES2k v2.0.0 useInGlobalTemperatureAnalysis FALSE"
"NAm_1365","pages2k2017","PAGES2k v2.0.0 useInGlobalTemperatureAnalysis FALSE"
"NAm_1366","pages2k2017","PAGES2k v2.0.0 useInGlobalTemperatureAnalysis FALSE"
"NAm_1367","pages2k2017","PAGES2k v2.0.0 useInGlobalTemperatureAnalysis FALSE"
"NAm_1368","pages2k2017","PAGES2k v2.0.0 useInGlobalTemperatureAnalysis FALSE"
"NAm_1381","pages2k2017","PAGES2k v2.0.0 useInGlobalTemperatureAnalysis FALSE"
"NAm_1382","pages2k2017","PAGES2k v2.0.0 useInGlobalTemperatureAnalysis FALSE"
"NAm_1383","pages2k2017","PAGES2k v2.0.0 useInGlobalTemperatureAnalysis FALSE"
"NAm_1385","pages2k2017","PAGES2k v2.0.0 useInGlobalTemperatureAnalysis FALSE"
"NAm_1386","pages2k2017","PAGES2k v2.0.0 useInGlobalTemperatureAnalysis FALSE"
"NAm_1387","pages2k2017","PAGES2k v2.0.0 useInGlobalTemperatureAnalysis FALSE"
"NAm_1388","pages2k2017","PAGES2k v2.0.0 useInGlobalTemperatureAnalysis FALSE"
"NAm_1389","pages2k2017","PAGES2k v2.0.0 useInGlobalTemperatureAnalysis FALSE"
"NAm_1390","pages2k2017","PAGES2k v2.0.0 useInGlobalTemperatureAnalysis FALSE"
"NAm_1391","pages2k2017","PAGES2k v2.0.0 useInGlobalTemperatureAnalysis FALSE"
"NAm_1392","pages2k2017","PAGES2k v2.0.0 useInGlobalTemperatureAnalysis FALSE"
"NAm_1393","pages2k2017","PAGES2k v2.0.0 useInGlobalTemperatureAnalysis FALSE"
"NAm_1394","pages2k2017","PAGES2k v2.0.0 useInGlobalTemperatureAnalysis FALSE"
"NAm_1395","pages2k2017","PAGES2k v2.0.0 useInGlobalTemperatureAnalysis FALSE"
"NAm_1397","pages2k2017","PAGES2k v2.0.0 useInGlobalTemperatureAnalysis FALSE"
"NAm_1398","pages2k2017","PAGES2k v2.0.0 useInGlobalTemperatureAnalysis FALSE"
"NAm_1399","pages2k2017","PAGES2k v2.0.0 useInGlobalTemperatureAnalysis FALSE"
"NAm_1400","pages2k2017","PAGES2k v2.0.0 useInGlobalTemperatureAnalysis FALSE"
"NAm_1401","pages2k2017","PAGES2k v2.0.0 useInGlobalTemperatureAnalysis FALSE"
"NAm_1402","pages2k2017","PAGES2k v2.0.0 useInGlobalTemperatureAnalysis FALSE"
"NAm_1403","pages2k2017","PAGES2k v2.0.0 useInGlobalTemperatureAnalysis FALSE"
"NAm_1404","pages2k2017","PAGES2k v2.0.0 useInGlobalTemperatureAnalysis FALSE"
"NAm_1405","pages2k2017","PAGES2k v2.0.0 useInGlobalTemperatureAnalysis FALSE"
"NAm_1406","pages2k2017","PAGES2k v2.0.0 useInGlobalTemperatureAnalysis FALSE"
"NAm_1407","pages2k2017","PAGES2k v2.0.0 useInGlobalTemperatureAnalysis FALSE"
"NAm_1409","pages2k2017","PAGES2k v2.0.0 useInGlobalTemperatureAnalysis FALSE"
"NAm_1410","pages2k2017","PAGES2k v2.0.0 useInGlobalTemperatureAnalysis FALSE"
"NAm_1411","pages2k2017","PAGES2k v2.0.0 useInGlobalTemperatureAnalysis FALSE"
"NAm_1412","pages2k2017","PAGES2k v2.0.0 useInGlobalTemperatureAnalysis FALSE"
"NAm_1413","pages2k2017","PAGES2k v2.0.0 useInGlobalTemperatureAnalysis FALSE"
"NAm_1414","pages2k2017","PAGES2k v2.0.0 useInGlobalTemperatureAnalysis FALSE"
"NAm_1415","pages2k2017","PAGES2k v2.0.0 useInGlobalTemperatureAnalysis FALSE"
"NAm_1416","pages2k2017","PAGES2k v2.0.0 useInGlobalTemperatureAnalysis FALSE"
"NAm_1417","pages2k2017","PAGES2k v2.0.0 useInGlobalTemperatureAnalysis FALSE"
"NAm_1418","pages2k2017","PAGES2k v2.0.0 useInGlobalTemperatureAnalysis FALSE"
"NAm_1419","pages2k2017","PAGES2k v2.0.0 useInGlobalTemperatureAnalysis FALSE"
"NAm_1421","pages2k2017","PAGES2k v2.0.0 useInGlobalTemperatureAnalysis FALSE"
"NAm_1422","pages2k2017","PAGES2k v2.0.0 useInGlobalTemperatureAnalysis FALSE"
"NAm_1423","pages2k2017","PAGES2k v2.0.0 useInGlobalTemperatureAnalysis FALSE"
"NAm_1424","pages2k2017","PAGES2k v2.0.0 useInGlobalTemperatureAnalysis FALSE"
"NAm_1425","pages2k2017","PAGES2k v2.0.0 useInGlobalTemperatureAnalysis FALSE"
"NAm_1426","pages2k2017","PAGES2k v2.0.0 useInGlobalTemperatureAnalysis FALSE"
"NAm_1427","pages2k2017","PAGES2k v2.0.0 useInGlobalTemperatureAnalysis FALSE"
"NAm_1428","pages2k2017","PAGES2k v2.0.0 useInGlobalTemperatureAnalysis FALSE"
"NAm_1429","pages2k2017","PAGES2k v2.0.0 useInGlobalTemperatureAnalysis FALSE"
"NAm_1430","pages2k2017","PAGES2k v2.0.0 useInGlobalTemperatureAnalysis FALSE"
"NAm_1431","pages2k2017","PAGES2k v2.0.0 useInGlobalTemperatureAnalysis FALSE"
"NAm_1433","pages2k2017","PAGES2k v2.0.0 useInGlobalTemperatureAnalysis FALSE"
"NAm_1434","pages2k2017","PAGES2k v2.0.0 useInGlobalTemperatureAnalysis FALSE"
"NAm_1435","pages2k2017","PAGES2k v2.0.0 useInGlobalTemperatureAnalysis FALSE"
"NAm_1436","pages2k2017","PAGES2k v2.0.0 useInGlobalTemperatureAnalysis FALSE"
"NAm_1437","pages2k2017","PAGES2k v2.0.0 useInGlobalTemperatureAnalysis FALSE"
"NAm_1438","pages2k2017","PAGES2k v2.0.0 useInGlobalTemperatureAnalysis FALSE"
"NAm_1439","pages2k2017","PAGES2k v2.0.0 useInGlobalTemperatureAnalysis FALSE"
"NAm_1440","pages2k2017","PAGES2k v2.0.0 useInGlobalTemperatureAnalysis FALSE"
"NAm_1441","pages2k2017","PAGES2k v2.0.0 useInGlobalTemperatureAnalysis FALSE"
"NAm_1442","pages2k2017","PAGES2k v2.0.0 useInGlobalTemperatureAnalysis FALSE"
"NAm_1443","pages2k2017","PAGES2k v2.0.0 useInGlobalTemperatureAnalysis FALSE"
"NAm_1445","pages2k2017","PAGES2k v2.0.0 useInGlobalTemperatureAnalysis FALSE"
"NAm_1446","pages2k2017","PAGES2k v2.0.0 useInGlobalTemperatureAnalysis FALSE"
"NAm_1447","pages2k2017","PAGES2k v2.0.0 useInGlobalTemperatureAnalysis FALSE"
"NAm_1448","pages2k2017","PAGES2k v2.0.0 useInGlobalTemperatureAnalysis FALSE"
"NAm_1449","pages2k2017","PAGES2k v2.0.0 useInGlobalTemperatureAnalysis FALSE"
"NAm_1450","pages2k2017","PAGES2k v2.0.0 useInGlobalTemperatureAnalysis FALSE"
"NAm_1451","pages2k2017","PAGES2k v2.0.0 useInGlobalTemperatureAnalysis FALSE"
"NAm_1452","pages2k2017","PAGES2k v2.0.0 useInGlobalTemperatureAnalysis FALSE"
"NAm_1453","pages2k2017","PAGES2k v2.0.0 useInGlobalTemperatureAnalysis FALSE"
"NAm_1454","pages2k2017","PAGES2k v2.0.0 useInGlobalTemperatureAnalysis FALSE"
"NAm_1455","pages2k2017","PAGES2k v2.0.0 useInGlobalTemperatureAnalysis FALSE"
"NAm_1456","pages2k2017","PAGES2k v2.0.0 useInGlobalTemperatureAnalysis FALSE"
"NAm_1457","pages2k2017","PAGES2k v2.0.0 useInGlobalTemperatureAnalysis FALSE"
"NAm_1458","pages2k2017","PAGES2k v2.0.0 useInGlobalTemperatureAnalysis FALSE"
"NAm_1459","pages2k2017","PAGES2k v2.0.0 useInGlobalTemperatureAnalysis FALSE"
"NAm_1460","pages2k2017","PAGES2k v2.0.0 useInGlobalTemperatureAnalysis FALSE"
"NAm_1461","pages2k2017","PAGES2k v2.0.0 useInGlobalTemperatureAnalysis FALSE"
"NAm_1462","pages2k2017","PAGES2k v2.0.0 useInGlobalTemperatureAnalysis FALSE"
"NAm_1463","pages2k2017","PAGES2k v2.0.0 useInGlobalTemperatureAnalysis FALSE"
"NAm_1464","pages2k2017","PAGES2k v2.0.0 useInGlobalTemperatureAnalysis FALSE"
"NAm_1465","pages2k2017","PAGES2k v2.0.0 useInGlobalTemperatureAnalysis FALSE"
"NAm_1466","pages2k2017","PAGES2k v2.0.0 useInGlobalTemperatureAnalysis FALSE"
"NAm_1467","pages2k2017","PAGES2k v2.0.0 useInGlobalTemperatureAnalysis FALSE"
"NAm_1469","pages2k2017","PAGES2k v2.0.0 useInGlobalTemperatureAnalysis FALSE"
"NAm_1470","pages2k2017","PAGES2k v2.0.0 useInGlobalTemperatureAnalysis FALSE"
"NAm_1471","pages2k2017","PAGES2k v2.0.0 useInGlobalTemperatureAnalysis FALSE"
"NAm_1472","pages2k2017","PAGES2k v2.0.0 useInGlobalTemperatureAnalysis FALSE"
"NAm_1473","pages2k2017","PAGES2k v2.0.0 useInGlobalTemperatureAnalysis FALSE"
"NAm_1474","pages2k2017","PAGES2k v2.0.0 useInGlobalTemperatureAnalysis FALSE"
"NAm_1475","pages2k2017","PAGES2k v2.0.0 useInGlobalTemperatureAnalysis FALSE"
"NAm_1476","pages2k2017","PAGES2k v2.0.0 useInGlobalTemperatureAnalysis FALSE"
"NAm_1477","pages2k2017","PAGES2k v2.0.0 useInGlobalTemperatureAnalysis FALSE"
"NAm_1478","pages2k2017","PAGES2k v2.0.0 useInGlobalTemperatureAnalysis FALSE"
"NAm_1479","pages2k2017","PAGES2k v2.0.0 useInGlobalTemperatureAnalysis FALSE"
"NAm_1480","pages2k2017","PAGES2k v2.0.0 useInGlobalTemperatureAnalysis FALSE"
"NAm_1481","pages2k2017","PAGES2k v2.0.0 useInGlobalTemperatureAnalysis FALSE"
"NAm_1482","pages2k2017","PAGES2k v2.0.0 useInGlobalTemperatureAnalysis FALSE"
"NAm_1483","pages2k2017","PAGES2k v2.0.0 useInGlobalTemperatureAnalysis FALSE"
"NAm_1484","pages2k2017","PAGES2k v2.0.0 useInGlobalTemperatureAnalysis FALSE"
"NAm_1485","pages2k2017","PAGES2k v2.0.0 useInGlobalTemperatureAnalysis FALSE"
"NAm_1486","pages2k2017","PAGES2k v2.0.0 useInGlobalTemperatureAnalysis FALSE"
"NAm_1487","pages2k2017","PAGES2k v2.0.0 useInGlobalTemperatureAnalysis FALSE"
"NAm_1488","pages2k2017","PAGES2k v2.0.0 useInGlobalTemperatureAnalysis FALSE"
"NAm_1489","pages2k2017","PAGES2k v2.0.0 useInGlobalTemperatureAnalysis FALSE"
"NAm_1490","pages2k2017","PAGES2k v2.0.0 useInGlobalTemperatureAnalysis FALSE"
"NAm_1491","pages2k2017","PAGES2k v2.0.0 useInGlobalTemperatureAnalysis FALSE"
"NAm_1493","pages2k2017","PAGES2k v2.0.0 useInGlobalTemperatureAnalysis FALSE"
"NAm_1494","pages2k2017","PAGES2k v2.0.0 useInGlobalTemperatureAnalysis FALSE"
"NAm_1495","pages2k2017","PAGES2k v2.0.0 useInGlobalTemperatureAnalysis FALSE"
"NAm_1496","pages2k2017","PAGES2k v2.0.0 useInGlobalTemperatureAnalysis FALSE"
"NAm_1497","pages2k2017","PAGES2k v2.0.0 useInGlobalTemperatureAnalysis FALSE"
"NAm_1498","pages2k2017","PAGES2k v2.0.0 useInGlobalTemperatureAnalysis FALSE"
"NAm_1499","pages2k2017","PAGES2k v2.0.0 useInGlobalTemperatureAnalysis FALSE"
"NAm_1500","pages2k2017","PAGES2k v2.0.0 useInGlobalTemperatureAnalysis FALSE"
"NAm_1561","pages2k2017","PAGES2k v2.0.0 useInGlobalTemperatureAnalysis FALSE"
"NAm_1562","pages2k2017","PAGES2k v2.0.0 useInGlobalTemperatureAnalysis FALSE"
"NAm_1563","pages2k2017","PAGES2k v2.0.0 useInGlobalTemperatureAnalysis FALSE"
"NAm_1565","pages2k2017","PAGES2k v2.0.0 useInGlobalTemperatureAnalysis FALSE"
"NAm_1566","pages2k2017","PAGES2k v2.0.0 useInGlobalTemperatureAnalysis FALSE"
"NAm_1567","pages2k2017","PAGES2k v2.0.0 useInGlobalTemperatureAnalysis FALSE"
"NAm_1568","pages2k2017","PAGES2k v2.0.0 useInGlobalTemperatureAnalysis FALSE"
"NAm_1569","pages2k2017","PAGES2k v2.0.0 useInGlobalTemperatureAnalysis FALSE"
"NAm_1570","pages2k2017","PAGES2k v2.0.0 useInGlobalTemperatureAnalysis FALSE"
"NAm_1571","pages2k2017","PAGES2k v2.0.0 useInGlobalTemperatureAnalysis FALSE"
"NAm_1572","pages2k2017","PAGES2k v2.0.0 useInGlobalTemperatureAnalysis FALSE"
"NAm_1573","pages2k2017","PAGES2k v2.0.0 useInGlobalTemperatureAnalysis FALSE"
"NAm_1574","pages2k2017","PAGES2k v2.0.0 useInGlobalTemperatureAnalysis FALSE"
"NAm_1575","pages2k2017","PAGES2k v2.0.0 useInGlobalTemperatureAnalysis FALSE"
"NAm_1577","pages2k2017","PAGES2k v2.0.0 useInGlobalTemperatureAnalysis FALSE"
"NAm_1578","pages2k2017","PAGES2k v2.0.0 useInGlobalTemperatureAnalysis FALSE"
"NAm_1579","pages2k2017","PAGES2k v2.0.0 useInGlobalTemperatureAnalysis FALSE"
"NAm_1580","pages2k2017","PAGES2k v2.0.0 useInGlobalTemperatureAnalysis FALSE"
"NAm_1581","pages2k2017","PAGES2k v2.0.0 useInGlobalTemperatureAnalysis FALSE"
"NAm_1582","pages2k2017","PAGES2k v2.0.0 useInGlobalTemperatureAnalysis FALSE"
"NAm_1583","pages2k2017","PAGES2k v2.0.0 useInGlobalTemperatureAnalysis FALSE"
"NAm_1584","pages2k2017","PAGES2k v2.0.0 useInGlobalTemperatureAnalysis FALSE"
"NAm_1585","pages2k2017","PAGES2k v2.0.0 useInGlobalTemperatureAnalysis FALSE"
"NAm_1586","pages2k2017","PAGES2k v2.0.0 useInGlobalTemperatureAnalysis FALSE"
"NAm_1587","pages2k2017","PAGES2k v2.0.0 useInGlobalTemperatureAnalysis FALSE"
"NAm_1589","pages2k2017","PAGES2k v2.0.0 useInGlobalTemperatureAnalysis FALSE"
"NAm_1590","pages2k2017","PAGES2k v2.0.0 useInGlobalTemperatureAnalysis FALSE"
"NAm_1591","pages2k2017","PAGES2k v2.0.0 useInGlobalTemperatureAnalysis FALSE"
"NAm_1592","pages2k2017","PAGES2k v2.0.0 useInGlobalTemperatureAnalysis FALSE"
"NAm_1593","pages2k2017","PAGES2k v2.0.0 useInGlobalTemperatureAnalysis FALSE"
"NAm_1594","pages2k2017","PAGES2k v2.0.0 useInGlobalTemperatureAnalysis FALSE"
"NAm_1595","pages2k2017","PAGES2k v2.0.0 useInGlobalTemperatureAnalysis FALSE"
"NAm_1596","pages2k2017","PAGES2k v2.0.0 useInGlobalTemperatureAnalysis FALSE"
"NAm_1597","pages2k2017","PAGES2k v2.0.0 useInGlobalTemperatureAnalysis FALSE"
"NAm_1598","pages2k2017","PAGES2k v2.0.0 useInGlobalTemperatureAnalysis FALSE"
"NAm_1599","pages2k2017","PAGES2k v2.0.0 useInGlobalTemperatureAnalysis FALSE"
"NAm_1601","pages2k2017","PAGES2k v2.0.0 useInGlobalTemperatureAnalysis FALSE"
"NAm_1602","pages2k2017","PAGES2k v2.0.0 useInGlobalTemperatureAnalysis FALSE"
"NAm_1603","pages2k2017","PAGES2k v2.0.0 useInGlobalTemperatureAnalysis FALSE"
"NAm_1604","pages2k2017","PAGES2k v2.0.0 useInGlobalTemperatureAnalysis FALSE"
"NAm_1605","pages2k2017","PAGES2k v2.0.0 useInGlobalTemperatureAnalysis FALSE"
"NAm_1606","pages2k2017","PAGES2k v2.0.0 useInGlobalTemperatureAnalysis FALSE"
"NAm_1607","pages2k2017","PAGES2k v2.0.0 useInGlobalTemperatureAnalysis FALSE"
"NAm_1608","pages2k2017","PAGES2k v2.0.0 useInGlobalTemperatureAnalysis FALSE"
"NAm_1633","pages2k2017","PAGES2k v2.0.0 useInGlobalTemperatureAnalysis FALSE"
"NAm_1634","pages2k2017","PAGES2k v2.0.0 useInGlobalTemperatureAnalysis FALSE"
"NAm_1635","pages2k2017","PAGES2k v2.0.0 useInGlobalTemperatureAnalysis FALSE"
"NAm_1637","pages2k2017","PAGES2k v2.0.0 useInGlobalTemperatureAnalysis FALSE"
"NAm_1638","pages2k2017","PAGES2k v2.0.0 useInGlobalTemperatureAnalysis FALSE"
"NAm_1639","pages2k2017","PAGES2k v2.0.0 useInGlobalTemperatureAnalysis FALSE"
"NAm_1640","pages2k2017","PAGES2k v2.0.0 useInGlobalTemperatureAnalysis FALSE"
"NAm_1641","pages2k2017","PAGES2k v2.0.0 useInGlobalTemperatureAnalysis FALSE"
"NAm_1642","pages2k2017","PAGES2k v2.0.0 useInGlobalTemperatureAnalysis FALSE"
"NAm_1643","pages2k2017","PAGES2k v2.0.0 useInGlobalTemperatureAnalysis FALSE"
"NAm_1644","pages2k2017","PAGES2k v2.0.0 useInGlobalTemperatureAnalysis FALSE"
"NAm_1645","pages2k2017","PAGES2k v2.0.0 useInGlobalTemperatureAnalysis FALSE"
"NAm_1646","pages2k2017","PAGES2k v2.0.0 useInGlobalTemperatureAnalysis FALSE"
"NAm_1647","pages2k2017","PAGES2k v2.0.0 useInGlobalTemperatureAnalysis FALSE"
"NAm_1649","pages2k2017","PAGES2k v2.0.0 useInGlobalTemperatureAnalysis FALSE"
"NAm_1650","pages2k2017","PAGES2k v2.0.0 useInGlobalTemperatureAnalysis FALSE"
"NAm_1651","pages2k2017","PAGES2k v2.0.0 useInGlobalTemperatureAnalysis FALSE"
"NAm_1652","pages2k2017","PAGES2k v2.0.0 useInGlobalTemperatureAnalysis FALSE"
"NAm_1653","pages2k2017","PAGES2k v2.0.0 useInGlobalTemperatureAnalysis FALSE"
"NAm_1654","pages2k2017","PAGES2k v2.0.0 useInGlobalTemperatureAnalysis FALSE"
"NAm_1655","pages2k2017","PAGES2k v2.0.0 useInGlobalTemperatureAnalysis FALSE"
"NAm_1656","pages2k2017","PAGES2k v2.0.0 useInGlobalTemperatureAnalysis FALSE"
"NAm_1657","pages2k2017","PAGES2k v2.0.0 useInGlobalTemperatureAnalysis FALSE"
"NAm_1658","pages2k2017","PAGES2k v2.0.0 useInGlobalTemperatureAnalysis FALSE"
"NAm_1659","pages2k2017","PAGES2k v2.0.0 useInGlobalTemperatureAnalysis FALSE"
"NAm_1661","pages2k2017","PAGES2k v2.0.0 useInGlobalTemperatureAnalysis FALSE"
"NAm_1662","pages2k2017","PAGES2k v2.0.0 useInGlobalTemperatureAnalysis FALSE"
"NAm_1663","pages2k2017","PAGES2k v2.0.0 useInGlobalTemperatureAnalysis FALSE"
"NAm_1664","pages2k2017","PAGES2k v2.0.0 useInGlobalTemperatureAnalysis FALSE"
"NAm_1665","pages2k2017","PAGES2k v2.0.0 useInGlobalTemperatureAnalysis FALSE"
"NAm_1666","pages2k2017","PAGES2k v2.0.0 useInGlobalTemperatureAnalysis FALSE"
"NAm_1667","pages2k2017","PAGES2k v2.0.0 useInGlobalTemperatureAnalysis FALSE"
"NAm_1668","pages2k2017","PAGES2k v2.0.0 useInGlobalTemperatureAnalysis FALSE"
"NAm_1669","pages2k2017","PAGES2k v2.0.0 useInGlobalTemperatureAnalysis FALSE"
"NAm_1670","pages2k2017","PAGES2k v2.0.0 useInGlobalTemperatureAnalysis FALSE"
"NAm_1671","pages2k2017","PAGES2k v2.0.0 useInGlobalTemperatureAnalysis FALSE"
"NAm_1673","pages2k2017","PAGES2k v2.0.0 useInGlobalTemperatureAnalysis FALSE"
"NAm_1674","pages2k2017","PAGES2k v2.0.0 useInGlobalTemperatureAnalysis FALSE"
"NAm_1675","pages2k2017","PAGES2k v2.0.0 useInGlobalTemperatureAnalysis FALSE"
"NAm_1676","pages2k2017","PAGES2k v2.0.0 useInGlobalTemperatureAnalysis FALSE"
"NAm_1677","pages2k2017","PAGES2k v2.0.0 useInGlobalTemperatureAnalysis FALSE"
"NAm_1678","pages2k2017","PAGES2k v2.0.0 useInGlobalTemperatureAnalysis FALSE"
"NAm_1679","pages2k2017","PAGES2k v2.0.0 useInGlobalTemperatureAnalysis FALSE"
"NAm_1680","pages2k2017","PAGES2k v2.0.0 useInGlobalTemperatureAnalysis FALSE"
"NAm_1705","pages2k2017","PAGES2k v2.0.0 useInGlobalTemperatureAnalysis FALSE"
"NAm_1706","pages2k2017","PAGES2k v2.0.0 useInGlobalTemperatureAnalysis FALSE"
"NAm_1707","pages2k2017","PAGES2k v2.0.0 useInGlobalTemperatureAnalysis FALSE"
"NAm_1709","pages2k2017","PAGES2k v2.0.0 useInGlobalTemperatureAnalysis FALSE"
"NAm_1710","pages2k2017","PAGES2k v2.0.0 useInGlobalTemperatureAnalysis FALSE"
"NAm_1711","pages2k2017","PAGES2k v2.0.0 useInGlobalTemperatureAnalysis FALSE"
"NAm_1712","pages2k2017","PAGES2k v2.0.0 useInGlobalTemperatureAnalysis FALSE"
"NAm_1713","pages2k2017","PAGES2k v2.0.0 useInGlobalTemperatureAnalysis FALSE"
"NAm_1714","pages2k2017","PAGES2k v2.0.0 useInGlobalTemperatureAnalysis FALSE"
"NAm_1715","pages2k2017","PAGES2k v2.0.0 useInGlobalTemperatureAnalysis FALSE"
"NAm_1716","pages2k2017","PAGES2k v2.0.0 useInGlobalTemperatureAnalysis FALSE"
"NAm_1717","pages2k2017","PAGES2k v2.0.0 useInGlobalTemperatureAnalysis FALSE"
"NAm_1718","pages2k2017","PAGES2k v2.0.0 useInGlobalTemperatureAnalysis FALSE"
"NAm_1719","pages2k2017","PAGES2k v2.0.0 useInGlobalTemperatureAnalysis FALSE"
"NAm_1721","pages2k2017","PAGES2k v2.0.0 useInGlobalTemperatureAnalysis FALSE"
"NAm_1722","pages2k2017","PAGES2k v2.0.0 useInGlobalTemperatureAnalysis FALSE"
"NAm_1723","pages2k2017","PAGES2k v2.0.0 useInGlobalTemperatureAnalysis FALSE"
"NAm_1724","pages2k2017","PAGES2k v2.0.0 useInGlobalTemperatureAnalysis FALSE"
"NAm_1725","pages2k2017","PAGES2k v2.0.0 useInGlobalTemperatureAnalysis FALSE"
"NAm_1726","pages2k2017","PAGES2k v2.0.0 useInGlobalTemperatureAnalysis FALSE"
"NAm_1727","pages2k2017","PAGES2k v2.0.0 useInGlobalTemperatureAnalysis FALSE"
"NAm_1728","pages2k2017","PAGES2k v2.0.0 useInGlobalTemperatureAnalysis FALSE"
"NAm_1741","pages2k2017","PAGES2k v2.0.0 useInGlobalTemperatureAnalysis FALSE"
"NAm_1742","pages2k2017","PAGES2k v2.0.0 useInGlobalTemperatureAnalysis FALSE"
"NAm_1743","pages2k2017","PAGES2k v2.0.0 useInGlobalTemperatureAnalysis FALSE"
"NAm_1745","pages2k2017","PAGES2k v2.0.0 useInGlobalTemperatureAnalysis FALSE"
"NAm_1746","pages2k2017","PAGES2k v2.0.0 useInGlobalTemperatureAnalysis FALSE"
"NAm_1747","pages2k2017","PAGES2k v2.0.0 useInGlobalTemperatureAnalysis FALSE"
"NAm_1748","pages2k2017","PAGES2k v2.0.0 useInGlobalTemperatureAnalysis FALSE"
"NAm_1749","pages2k2017","PAGES2k v2.0.0 useInGlobalTemperatureAnalysis FALSE"
"NAm_1750","pages2k2017","PAGES2k v2.0.0 useInGlobalTemperatureAnalysis FALSE"
"NAm_1751","pages2k2017","PAGES2k v2.0.0 useInGlobalTemperatureAnalysis FALSE"
"NAm_1752","pages2k2017","PAGES2k v2.0.0 useInGlobalTemperatureAnalysis FALSE"
"NAm_1801","pages2k2017","PAGES2k v2.0.0 useInGlobalTemperatureAnalysis FALSE"
"NAm_1802","pages2k2017","PAGES2k v2.0.0 useInGlobalTemperatureAnalysis FALSE"
"NAm_1803","pages2k2017","PAGES2k v2.0.0 useInGlobalTemperatureAnalysis FALSE"
"NAm_1804","pages2k2017","PAGES2k v2.0.0 useInGlobalTemperatureAnalysis FALSE"
"NAm_1805","pages2k2017","PAGES2k v2.0.0 useInGlobalTemperatureAnalysis FALSE"
"NAm_1806","pages2k2017","PAGES2k v2.0.0 useInGlobalTemperatureAnalysis FALSE"
"NAm_1807","pages2k2017","PAGES2k v2.0.0 useInGlobalTemperatureAnalysis FALSE"
"NAm_1808","pages2k2017","PAGES2k v2.0.0 useInGlobalTemperatureAnalysis FALSE"
"NAm_1809","pages2k2017","PAGES2k v2.0.0 useInGlobalTemperatureAnalysis FALSE"
"NAm_1810","pages2k2017","PAGES2k v2.0.0 useInGlobalTemperatureAnalysis FALSE"
"NAm_1811","pages2k2017","PAGES2k v2.0.0 useInGlobalTemperatureAnalysis FALSE"
"NAm_1812","pages2k2017","PAGES2k v2.0.0 useInGlobalTemperatureAnalysis FALSE"
"NAm_1813","pages2k2017","PAGES2k v2.0.0 useInGlobalTemperatureAnalysis FALSE"
"NAm_1814","pages2k2017","PAGES2k v2.0.0 useInGlobalTemperatureAnalysis FALSE"
"NAm_1815","pages2k2017","PAGES2k v2.0.0 useInGlobalTemperatureAnalysis FALSE"
"NAm_1817","pages2k2017","PAGES2k v2.0.0 useInGlobalTemperatureAnalysis FALSE"
"NAm_1818","pages2k2017","PAGES2k v2.0.0 useInGlobalTemperatureAnalysis FALSE"
"NAm_1819","pages2k2017","PAGES2k v2.0.0 useInGlobalTemperatureAnalysis FALSE"
"NAm_1820","pages2k2017","PAGES2k v2.0.0 useInGlobalTemperatureAnalysis FALSE"
"NAm_1821","pages2k2017","PAGES2k v2.0.0 useInGlobalTemperatureAnalysis FALSE"
"NAm_1822","pages2k2017","PAGES2k v2.0.0 useInGlobalTemperatureAnalysis FALSE"
"NAm_1823","pages2k2017","PAGES2k v2.0.0 useInGlobalTemperatureAnalysis FALSE"
"NAm_1824","pages2k2017","PAGES2k v2.0.0 useInGlobalTemperatureAnalysis FALSE"
"NAm_1825","pages2k2017","PAGES2k v2.0.0 useInGlobalTemperatureAnalysis FALSE"
"NAm_1826","pages2k2017","PAGES2k v2.0.0 useInGlobalTemperatureAnalysis FALSE"
"NAm_1827","pages2k2017","PAGES2k v2.0.0 useInGlobalTemperatureAnalysis FALSE"
"NAm_1829","pages2k2017","PAGES2k v2.0.0 useInGlobalTemperatureAnalysis FALSE"
"NAm_1830","pages2k2017","PAGES2k v2.0.0 useInGlobalTemperatureAnalysis FALSE"
"NAm_1831","pages2k2017","PAGES2k v2.0.0 useInGlobalTemperatureAnalysis FALSE"
"NAm_1832","pages2k2017","PAGES2k v2.0.0 useInGlobalTemperatureAnalysis FALSE"
"NAm_1833","pages2k2017","PAGES2k v2.0.0 useInGlobalTemperatureAnalysis FALSE"
"NAm_1834","pages2k2017","PAGES2k v2.0.0 useInGlobalTemperatureAnalysis FALSE"
"NAm_1835","pages2k2017","PAGES2k v2.0.0 useInGlobalTemperatureAnalysis FALSE"
"NAm_1836","pages2k2017","PAGES2k v2.0.0 useInGlobalTemperatureAnalysis FALSE"
"NAm_1837","pages2k2017","PAGES2k v2.0.0 useInGlobalTemperatureAnalysis FALSE"
"NAm_1838","pages2k2017","PAGES2k v2.0.0 useInGlobalTemperatureAnalysis FALSE"
"NAm_1839","pages2k2017","PAGES2k v2.0.0 useInGlobalTemperatureAnalysis FALSE"
"NAm_1841","pages2k2017","PAGES2k v2.0.0 useInGlobalTemperatureAnalysis FALSE"
"NAm_1842","pages2k2017","PAGES2k v2.0.0 useInGlobalTemperatureAnalysis FALSE"
"NAm_1843","pages2k2017","PAGES2k v2.0.0 useInGlobalTemperatureAnalysis FALSE"
"NAm_1844","pages2k2017","PAGES2k v2.0.0 useInGlobalTemperatureAnalysis FALSE"
"NAm_1845","pages2k2017","PAGES2k v2.0.0 useInGlobalTemperatureAnalysis FALSE"
"NAm_1846","pages2k2017","PAGES2k v2.0.0 useInGlobalTemperatureAnalysis FALSE"
"NAm_1847","pages2k2017","PAGES2k v2.0.0 useInGlobalTemperatureAnalysis FALSE"
"NAm_1848","pages2k2017","PAGES2k v2.0.0 useInGlobalTemperatureAnalysis FALSE"
"NAm_1849","pages2k2017","PAGES2k v2.0.0 useInGlobalTemperatureAnalysis FALSE"
"NAm_1850","pages2k2017","PAGES2k v2.0.0 useInGlobalTemperatureAnalysis FALSE"
"NAm_1851","pages2k2017","PAGES2k v2.0.0 useInGlobalTemperatureAnalysis FALSE"
"NAm_1853","pages2k2017","PAGES2k v2.0.0 useInGlobalTemperatureAnalysis FALSE"
"NAm_1854","pages2k2017","PAGES2k v2.0.0 useInGlobalTemperatureAnalysis FALSE"
"NAm_1855","pages2k2017","PAGES2k v2.0.0 useInGlobalTemperatureAnalysis FALSE"
"NAm_1856","pages2k2017","PAGES2k v2.0.0 useInGlobalTemperatureAnalysis FALSE"
"NAm_1857","pages2k2017","PAGES2k v2.0.0 useInGlobalTemperatureAnalysis FALSE"
"NAm_1858","pages2k2017","PAGES2k v2.0.0 useInGlobalTemperatureAnalysis FALSE"
"NAm_1859","pages2k2017","PAGES2k v2.0.0 useInGlobalTemperatureAnalysis FALSE"
"NAm_1860","pages2k2017","PAGES2k v2.0.0 useInGlobalTemperatureAnalysis FALSE"
"NAm_1873","pages2k2017","PAGES2k v2.0.0 useInGlobalTemperatureAnalysis FALSE"
"NAm_1874","pages2k2017","PAGES2k v2.0.0 useInGlobalTemperatureAnalysis FALSE"
"NAm_1875","pages2k2017","PAGES2k v2.0.0 useInGlobalTemperatureAnalysis FALSE"
"NAm_1877","pages2k2017","PAGES2k v2.0.0 useInGlobalTemperatureAnalysis FALSE"
"NAm_1878","pages2k2017","PAGES2k v2.0.0 useInGlobalTemperatureAnalysis FALSE"
"NAm_1879","pages2k2017","PAGES2k v2.0.0 useInGlobalTemperatureAnalysis FALSE"
"NAm_1880","pages2k2017","PAGES2k v2.0.0 useInGlobalTemperatureAnalysis FALSE"
"NAm_1881","pages2k2017","PAGES2k v2.0.0 useInGlobalTemperatureAnalysis FALSE"
"NAm_1882","pages2k2017","PAGES2k v2.0.0 useInGlobalTemperatureAnalysis FALSE"
"NAm_1883","pages2k2017","PAGES2k v2.0.0 useInGlobalTemperatureAnalysis FALSE"
"NAm_1884","pages2k2017","PAGES2k v2.0.0 useInGlobalTemperatureAnalysis FALSE"
"NAm_1921","pages2k2017","PAGES2k v2.0.0 useInGlobalTemperatureAnalysis FALSE"
"NAm_1922","pages2k2017","PAGES2k v2.0.0 useInGlobalTemperatureAnalysis FALSE"
"NAm_1923","pages2k2017","PAGES2k v2.0.0 useInGlobalTemperatureAnalysis FALSE"
"NAm_1925","pages2k2017","PAGES2k v2.0.0 useInGlobalTemperatureAnalysis FALSE"
"NAm_1926","pages2k2017","PAGES2k v2.0.0 useInGlobalTemperatureAnalysis FALSE"
"NAm_1927","pages2k2017","PAGES2k v2.0.0 useInGlobalTemperatureAnalysis FALSE"
"NAm_1928","pages2k2017","PAGES2k v2.0.0 useInGlobalTemperatureAnalysis FALSE"
"NAm_1929","pages2k2017","PAGES2k v2.0.0 useInGlobalTemperatureAnalysis FALSE"
"NAm_1930","pages2k2017","PAGES2k v2.0.0 useInGlobalTemperatureAnalysis FALSE"
"NAm_1931","pages2k2017","PAGES2k v2.0.0 useInGlobalTemperatureAnalysis FALSE"
"NAm_1932","pages2k2017","PAGES2k v2.0.0 useInGlobalTemperatureAnalysis FALSE"
"NAm_1933","pages2k2017","PAGES2k v2.0.0 useInGlobalTemperatureAnalysis FALSE"
"NAm_1934","pages2k2017","PAGES2k v2.0.0 useInGlobalTemperatureAnalysis FALSE"
"NAm_1935","pages2k2017","PAGES2k v2.0.0 useInGlobalTemperatureAnalysis FALSE"
"NAm_1937","pages2k2017","PAGES2k v2.0.0 useInGlobalTemperatureAnalysis FALSE"
"NAm_1938","pages2k2017","PAGES2k v2.0.0 useInGlobalTemperatureAnalysis FALSE"
"NAm_1939","pages2k2017","PAGES2k v2.0.0 useInGlobalTemperatureAnalysis FALSE"
"NAm_1940","pages2k2017","PAGES2k v2.0.0 useInGlobalTemperatureAnalysis FALSE"
"NAm_1941","pages2k2017","PAGES2k v2.0.0 useInGlobalTemperatureAnalysis FALSE"
"NAm_1942","pages2k2017","PAGES2k v2.0.0 useInGlobalTemperatureAnalysis FALSE"
"NAm_1943","pages2k2017","PAGES2k v2.0.0 useInGlobalTemperatureAnalysis FALSE"
"NAm_1944","pages2k2017","PAGES2k v2.0.0 useInGlobalTemperatureAnalysis FALSE"
"NAm_1969","pages2k2017","PAGES2k v2.0.0 useInGlobalTemperatureAnalysis FALSE"
"NAm_1970","pages2k2017","PAGES2k v2.0.0 useInGlobalTemperatureAnalysis FALSE"
"NAm_1971","pages2k2017","PAGES2k v2.0.0 useInGlobalTemperatureAnalysis FALSE"
"NAm_1973","pages2k2017","PAGES2k v2.0.0 useInGlobalTemperatureAnalysis FALSE"
"NAm_1974","pages2k2017","PAGES2k v2.0.0 useInGlobalTemperatureAnalysis FALSE"
"NAm_1975","pages2k2017","PAGES2k v2.0.0 useInGlobalTemperatureAnalysis FALSE"
"NAm_1976","pages2k2017","PAGES2k v2.0.0 useInGlobalTemperatureAnalysis FALSE"
"NAm_1977","pages2k2017","PAGES2k v2.0.0 useInGlobalTemperatureAnalysis FALSE"
"NAm_1978","pages2k2017","PAGES2k v2.0.0 useInGlobalTemperatureAnalysis FALSE"
"NAm_1979","pages2k2017","PAGES2k v2.0.0 useInGlobalTemperatureAnalysis FALSE"
"NAm_1980","pages2k2017","PAGES2k v2.0.0 useInGlobalTemperatureAnalysis FALSE"
"NAm_1993","pages2k2017","PAGES2k v2.0.0 useInGlobalTemperatureAnalysis FALSE"
"NAm_1994","pages2k2017","PAGES2k v2.0.0 useInGlobalTemperatureAnalysis FALSE"
"NAm_1995","pages2k2017","PAGES2k v2.0.0 useInGlobalTemperatureAnalysis FALSE"
"NAm_1997","pages2k2017","PAGES2k v2.0.0 useInGlobalTemperatureAnalysis FALSE"
"NAm_1998","pages2k2017","PAGES2k v2.0.0 useInGlobalTemperatureAnalysis FALSE"
"NAm_1999","pages2k2017","PAGES2k v2.0.0 useInGlobalTemperatureAnalysis FALSE"
"NAm_2000","pages2k2017","PAGES2k v2.0.0 useInGlobalTemperatureAnalysis FALSE"
"NAm_2001","pages2k2017","PAGES2k v2.0.0 useInGlobalTemperatureAnalysis FALSE"
"NAm_2002","pages2k2017","PAGES2k v2.0.0 useInGlobalTemperatureAnalysis FALSE"
"NAm_2003","pages2k2017","PAGES2k v2.0.0 useInGlobalTemperatureAnalysis FALSE"
"NAm_2004","pages2k2017","PAGES2k v2.0.0 useInGlobalTemperatureAnalysis FALSE"
"NAm_2005","pages2k2017","PAGES2k v2.0.0 useInGlobalTemperatureAnalysis FALSE"
"NAm_2006","pages2k2017","PAGES2k v2.0.0 useInGlobalTemperatureAnalysis FALSE"
"NAm_2007","pages2k2017","PAGES2k v2.0.0 useInGlobalTemperatureAnalysis FALSE"
"NAm_2009","pages2k2017","PAGES2k v2.0.0 useInGlobalTemperatureAnalysis FALSE"
"NAm_2010","pages2k2017","PAGES2k v2.0.0 useInGlobalTemperatureAnalysis FALSE"
"NAm_2011","pages2k2017","PAGES2k v2.0.0 useInGlobalTemperatureAnalysis FALSE"
"NAm_2012","pages2k2017","PAGES2k v2.0.0 useInGlobalTemperatureAnalysis FALSE"
"NAm_2013","pages2k2017","PAGES2k v2.0.0 useInGlobalTemperatureAnalysis FALSE"
"NAm_2014","pages2k2017","PAGES2k v2.0.0 useInGlobalTemperatureAnalysis FALSE"
"NAm_2015","pages2k2017","PAGES2k v2.0.0 useInGlobalTemperatureAnalysis FALSE"
"NAm_2016","pages2k2017","PAGES2k v2.0.0 useInGlobalTemperatureAnalysis FALSE"
"NAm_2041","pages2k2017","PAGES2k v2.0.0 useInGlobalTemperatureAnalysis FALSE"
"NAm_2042","pages2k2017","PAGES2k v2.0.0 useInGlobalTemperatureAnalysis FALSE"
"NAm_2043","pages2k2017","PAGES2k v2.0.0 useInGlobalTemperatureAnalysis FALSE"
"NAm_2044","pages2k2017","PAGES2k v2.0.0 useInGlobalTemperatureAnalysis FALSE"
"NAm_2045","pages2k2017","PAGES2k v2.0.0 useInGlobalTemperatureAnalysis FALSE"
"NAm_2046","pages2k2017","PAGES2k v2.0.0 useInGlobalTemperatureAnalysis FALSE"
"NAm_2047","pages2k2017","PAGES2k v2.0.0 useInGlobalTemperatureAnalysis FALSE"
"NAm_2048","pages2k2017","PAGES2k v2.0.0 useInGlobalTemperatureAnalysis FALSE"
"NAm_2049","pages2k2017","PAGES2k v2.0.0 useInGlobalTemperatureAnalysis FALSE"
"NAm_2050","pages2k2017","PAGES2k v2.0.0 useInGlobalTemperatureAnalysis FALSE"
"NAm_2051","pages2k2017","PAGES2k v2.0.0 useInGlobalTemperatureAnalysis FALSE"
"NAm_2052","pages2k2017","PAGES2k v2.0.0 useInGlobalTemperatureAnalysis FALSE"
"NAm_2053","pages2k2017","PAGES2k v2.0.0 useInGlobalTemperatureAnalysis FALSE"
"NAm_2054","pages2k2017","PAGES2k v2.0.0 useInGlobalTemperatureAnalysis FALSE"
"NAm_2055","pages2k2017","PAGES2k v2.0.0 useInGlobalTemperatureAnalysis FALSE"
"NAm_2057","pages2k2017","PAGES2k v2.0.0 useInGlobalTemperatureAnalysis FALSE"
"NAm_2058","pages2k2017","PAGES2k v2.0.0 useInGlobalTemperatureAnalysis FALSE"
"NAm_2059","pages2k2017","PAGES2k v2.0.0 useInGlobalTemperatureAnalysis FALSE"
"NAm_2060","pages2k2017","PAGES2k v2.0.0 useInGlobalTemperatureAnalysis FALSE"
"NAm_2061","pages2k2017","PAGES2k v2.0.0 useInGlobalTemperatureAnalysis FALSE"
"NAm_2062","pages2k2017","PAGES2k v2.0.0 useInGlobalTemperatureAnalysis FALSE"
"NAm_2063","pages2k2017","PAGES2k v2.0.0 useInGlobalTemperatureAnalysis FALSE"
"NAm_2064","pages2k2017","PAGES2k v2.0.0 useInGlobalTemperatureAnalysis FALSE"
"NAm_2065","pages2k2017","PAGES2k v2.0.0 useInGlobalTemperatureAnalysis FALSE"
"NAm_2066","pages2k2017","PAGES2k v2.0.0 useInGlobalTemperatureAnalysis FALSE"
"NAm_2067","pages2k2017","PAGES2k v2.0.0 useInGlobalTemperatureAnalysis FALSE"
"NAm_2069","pages2k2017","PAGES2k v2.0.0 useInGlobalTemperatureAnalysis FALSE"
"NAm_2070","pages2k2017","PAGES2k v2.0.0 useInGlobalTemperatureAnalysis FALSE"
"NAm_2071","pages2k2017","PAGES2k v2.0.0 useInGlobalTemperatureAnalysis FALSE"
"NAm_2072","pages2k2017","PAGES2k v2.0.0 useInGlobalTemperatureAnalysis FALSE"
"NAm_2073","pages2k2017","PAGES2k v2.0.0 useInGlobalTemperatureAnalysis FALSE"
"NAm_2074","pages2k2017","PAGES2k v2.0.0 useInGlobalTemperatureAnalysis FALSE"
"NAm_2075","pages2k2017","PAGES2k v2.0.0 useInGlobalTemperatureAnalysis FALSE"
"NAm_2076","pages2k2017","PAGES2k v2.0.0 useInGlobalTemperatureAnalysis FALSE"
"NAm_2077","pages2k2017","PAGES2k v2.0.0 useInGlobalTemperatureAnalysis FALSE"
"NAm_2078","pages2k2017","PAGES2k v2.0.0 useInGlobalTemperatureAnalysis FALSE"
"NAm_2079","pages2k2017","PAGES2k v2.0.0 useInGlobalTemperatureAnalysis FALSE"
"NAm_2081","pages2k2017","PAGES2k v2.0.0 useInGlobalTemperatureAnalysis FALSE"
"NAm_2082","pages2k2017","PAGES2k v2.0.0 useInGlobalTemperatureAnalysis FALSE"
"NAm_2083","pages2k2017","PAGES2k v2.0.0 useInGlobalTemperatureAnalysis FALSE"
"NAm_2084","pages2k2017","PAGES2k v2.0.0 useInGlobalTemperatureAnalysis FALSE"
"NAm_2085","pages2k2017","PAGES2k v2.0.0 useInGlobalTemperatureAnalysis FALSE"
"NAm_2086","pages2k2017","PAGES2k v2.0.0 useInGlobalTemperatureAnalysis FALSE"
"NAm_2087","pages2k2017","PAGES2k v2.0.0 useInGlobalTemperatureAnalysis FALSE"
"NAm_2088","pages2k2017","PAGES2k v2.0.0 useInGlobalTemperatureAnalysis FALSE"
"NAm_2089","pages2k2017","PAGES2k v2.0.0 useInGlobalTemperatureAnalysis FALSE"
"NAm_2090","pages2k2017","PAGES2k v2.0.0 useInGlobalTemperatureAnalysis FALSE"
"NAm_2091","pages2k2017","PAGES2k v2.0.0 useInGlobalTemperatureAnalysis FALSE"
"NAm_2093","pages2k2017","PAGES2k v2.0.0 useInGlobalTemperatureAnalysis FALSE"
"NAm_2094","pages2k2017","PAGES2k v2.0.0 useInGlobalTemperatureAnalysis FALSE"
"NAm_2095","pages2k2017","PAGES2k v2.0.0 useInGlobalTemperatureAnalysis FALSE"
"NAm_2096","pages2k2017","PAGES2k v2.0.0 useInGlobalTemperatureAnalysis FALSE"
"NAm_2097","pages2k2017","PAGES2k v2.0.0 useInGlobalTemperatureAnalysis FALSE"
"NAm_2098","pages2k2017","PAGES2k v2.0.0 useInGlobalTemperatureAnalysis FALSE"
"NAm_2099","pages2k2017","PAGES2k v2.0.0 useInGlobalTemperatureAnalysis FALSE"
"NAm_2100","pages2k2017","PAGES2k v2.0.0 useInGlobalTemperatureAnalysis FALSE"
"NAm_2113","pages2k2017","PAGES2k v2.0.0 useInGlobalTemperatureAnalysis FALSE"
"NAm_2114","pages2k2017","PAGES2k v2.0.0 useInGlobalTemperatureAnalysis FALSE"
"NAm_2115","pages2k2017","PAGES2k v2.0.0 useInGlobalTemperatureAnalysis FALSE"
"NAm_2117","pages2k2017","PAGES2k v2.0.0 useInGlobalTemperatureAnalysis FALSE"
"NAm_2118","pages2k2017","PAGES2k v2.0.0 useInGlobalTemperatureAnalysis FALSE"
"NAm_2119","pages2k2017","PAGES2k v2.0.0 useInGlobalTemperatureAnalysis FALSE"
"NAm_2120","pages2k2017","PAGES2k v2.0.0 useInGlobalTemperatureAnalysis FALSE"
"NAm_2121","pages2k2017","PAGES2k v2.0.0 useInGlobalTemperatureAnalysis FALSE"
"NAm_2122","pages2k2017","PAGES2k v2.0.0 useInGlobalTemperatureAnalysis FALSE"
"NAm_2123","pages2k2017","PAGES2k v2.0.0 useInGlobalTemperatureAnalysis FALSE"
"NAm_2124","pages2k2017","PAGES2k v2.0.0 useInGlobalTemperatureAnalysis FALSE"
"NAm_2125","pages2k2017","PAGES2k v2.0.0 useInGlobalTemperatureAnalysis FALSE"
"NAm_2126","pages2k2017","PAGES2k v2.0.0 useInGlobalTemperatureAnalysis FALSE"
"NAm_2127","pages2k2017","PAGES2k v2.0.0 useInGlobalTemperatureAnalysis FALSE"
"NAm_2129","pages2k2017","PAGES2k v2.0.0 useInGlobalTemperatureAnalysis FALSE"
"NAm_2130","pages2k2017","PAGES2k v2.0.0 useInGlobalTemperatureAnalysis FALSE"
"NAm_2131","pages2k2017","PAGES2k v2.0.0 useInGlobalTemperatureAnalysis FALSE"
"NAm_2132","pages2k2017","PAGES2k v2.0.0 useInGlobalTemperatureAnalysis FALSE"
"NAm_2133","pages2k2017","PAGES2k v2.0.0 useInGlobalTemperatureAnalysis FALSE"
"NAm_2134","pages2k2017","PAGES2k v2.0.0 useInGlobalTemperatureAnalysis FALSE"
"NAm_2135","pages2k2017","PAGES2k v2.0.0 useInGlobalTemperatureAnalysis FALSE"
"NAm_2136","pages2k2017","PAGES2k v2.0.0 useInGlobalTemperatureAnalysis FALSE"
"NAm_2149","pages2k2017","PAGES2k v2.0.0 useInGlobalTemperatureAnalysis FALSE"
"NAm_2150","pages2k2017","PAGES2k v2.0.0 useInGlobalTemperatureAnalysis FALSE"
"NAm_2151","pages2k2017","PAGES2k v2.0.0 useInGlobalTemperatureAnalysis FALSE"
"NAm_2153","pages2k2017","PAGES2k v2.0.0 useInGlobalTemperatureAnalysis FALSE"
"NAm_2154","pages2k2017","PAGES2k v2.0.0 useInGlobalTemperatureAnalysis FALSE"
"NAm_2155","pages2k2017","PAGES2k v2.0.0 useInGlobalTemperatureAnalysis FALSE"
"NAm_2156","pages2k2017","PAGES2k v2.0.0 useInGlobalTemperatureAnalysis FALSE"
"NAm_2157","pages2k2017","PAGES2k v2.0.0 useInGlobalTemperatureAnalysis FALSE"
"NAm_2158","pages2k2017","PAGES2k v2.0.0 useInGlobalTemperatureAnalysis FALSE"
"NAm_2159","pages2k2017","PAGES2k v2.0.0 useInGlobalTemperatureAnalysis FALSE"
"NAm_2160","pages2k2017","PAGES2k v2.0.0 useInGlobalTemperatureAnalysis FALSE"
"NAm_2161","pages2k2017","PAGES2k v2.0.0 useInGlobalTemperatureAnalysis FALSE"
"NAm_2162","pages2k2017","PAGES2k v2.0.0 useInGlobalTemperatureAnalysis FALSE"
"NAm_2163","pages2k2017","PAGES2k v2.0.0 useInGlobalTemperatureAnalysis FALSE"
"NAm_2165","pages2k2017","PAGES2k v2.0.0 useInGlobalTemperatureAnalysis FALSE"
"NAm_2166","pages2k2017","PAGES2k v2.0.0 useInGlobalTemperatureAnalysis FALSE"
"NAm_2167","pages2k2017","PAGES2k v2.0.0 useInGlobalTemperatureAnalysis FALSE"
"NAm_2168","pages2k2017","PAGES2k v2.0.0 useInGlobalTemperatureAnalysis FALSE"
"NAm_2169","pages2k2017","PAGES2k v2.0.0 useInGlobalTemperatureAnalysis FALSE"
"NAm_2170","pages2k2017","PAGES2k v2.0.0 useInGlobalTemperatureAnalysis FALSE"
"NAm_2171","pages2k2017","PAGES2k v2.0.0 useInGlobalTemperatureAnalysis FALSE"
"NAm_2172","pages2k2017","PAGES2k v2.0.0 useInGlobalTemperatureAnalysis FALSE"
"NAm_2173","pages2k2017","PAGES2k v2.0.0 useInGlobalTemperatureAnalysis FALSE"
"NAm_2174","pages2k2017","PAGES2k v2.0.0 useInGlobalTemperatureAnalysis FALSE"
"NAm_2175","pages2k2017","PAGES2k v2.0.0 useInGlobalTemperatureAnalysis FALSE"
"NAm_2177","pages2k2017","PAGES2k v2.0.0 useInGlobalTemperatureAnalysis FALSE"
"NAm_2178","pages2k2017","PAGES2k v2.0.0 useInGlobalTemperatureAnalysis FALSE"
"NAm_2179","pages2k2017","PAGES2k v2.0.0 useInGlobalTemperatureAnalysis FALSE"
"NAm_2180","pages2k2017","PAGES2k v2.0.0 useInGlobalTemperatureAnalysis FALSE"
"NAm_2181","pages2k2017","PAGES2k v2.0.0 useInGlobalTemperatureAnalysis FALSE"
"NAm_2182","pages2k2017","PAGES2k v2.0.0 useInGlobalTemperatureAnalysis FALSE"
"NAm_2183","pages2k2017","PAGES2k v2.0.0 useInGlobalTemperatureAnalysis FALSE"
"NAm_2184","pages2k2017","PAGES2k v2.0.0 useInGlobalTemperatureAnalysis FALSE"
"NAm_2209","pages2k2017","PAGES2k v2.0.0 useInGlobalTemperatureAnalysis FALSE"
"NAm_2210","pages2k2017","PAGES2k v2.0.0 useInGlobalTemperatureAnalysis FALSE"
"NAm_2211","pages2k2017","PAGES2k v2.0.0 useInGlobalTemperatureAnalysis FALSE"
"NAm_2213","pages2k2017","PAGES2k v2.0.0 useInGlobalTemperatureAnalysis FALSE"
"NAm_2214","pages2k2017","PAGES2k v2.0.0 useInGlobalTemperatureAnalysis FALSE"
"NAm_2215","pages2k2017","PAGES2k v2.0.0 useInGlobalTemperatureAnalysis FALSE"
"NAm_2216","pages2k2017","PAGES2k v2.0.0 useInGlobalTemperatureAnalysis FALSE"
"NAm_2217","pages2k2017","PAGES2k v2.0.0 useInGlobalTemperatureAnalysis FALSE"
"NAm_2218","pages2k2017","PAGES2k v2.0.0 useInGlobalTemperatureAnalysis FALSE"
"NAm_2219","pages2k2017","PAGES2k v2.0.0 useInGlobalTemperatureAnalysis FALSE"
"NAm_2220","pages2k2017","PAGES2k v2.0.0 useInGlobalTemperatureAnalysis FALSE"
"NAm_2233","pages2k2017","PAGES2k v2.0.0 useInGlobalTemperatureAnalysis FALSE"
"NAm_2234","pages2k2017","PAGES2k v2.0.0 useInGlobalTemperatureAnalysis FALSE"
"NAm_2235","pages2k2017","PAGES2k v2.0.0 useInGlobalTemperatureAnalysis FALSE"
"NAm_2237","pages2k2017","PAGES2k v2.0.0 useInGlobalTemperatureAnalysis FALSE"
"NAm_2238","pages2k2017","PAGES2k v2.0.0 useInGlobalTemperatureAnalysis FALSE"
"NAm_2239","pages2k2017","PAGES2k v2.0.0 useInGlobalTemperatureAnalysis FALSE"
"NAm_2240","pages2k2017","PAGES2k v2.0.0 useInGlobalTemperatureAnalysis FALSE"
"NAm_2241","pages2k2017","PAGES2k v2.0.0 useInGlobalTemperatureAnalysis FALSE"
"NAm_2242","pages2k2017","PAGES2k v2.0.0 useInGlobalTemperatureAnalysis FALSE"
"NAm_2243","pages2k2017","PAGES2k v2.0.0 useInGlobalTemperatureAnalysis FALSE"
"NAm_2244","pages2k2017","PAGES2k v2.0.0 useInGlobalTemperatureAnalysis FALSE"
"NAm_2257","pages2k2017","PAGES2k v2.0.0 useInGlobalTemperatureAnalysis FALSE"
"NAm_2258","pages2k2017","PAGES2k v2.0.0 useInGlobalTemperatureAnalysis FALSE"
"NAm_2259","pages2k2017","PAGES2k v2.0.0 useInGlobalTemperatureAnalysis FALSE"
"NAm_2261","pages2k2017","PAGES2k v2.0.0 useInGlobalTemperatureAnalysis FALSE"
"NAm_2262","pages2k2017","PAGES2k v2.0.0 useInGlobalTemperatureAnalysis FALSE"
"NAm_2263","pages2k2017","PAGES2k v2.0.0 useInGlobalTemperatureAnalysis FALSE"
"NAm_2264","pages2k2017","PAGES2k v2.0.0 useInGlobalTemperatureAnalysis FALSE"
"NAm_2265","pages2k2017","PAGES2k v2.0.0 useInGlobalTemperatureAnalysis FALSE"
"NAm_2266","pages2k2017","PAGES2k v2.0.0 useInGlobalTemperatureAnalysis FALSE"
"NAm_2267","pages2k2017","PAGES2k v2.0.0 useInGlobalTemperatureAnalysis FALSE"
"NAm_2268","pages2k2017","PAGES2k v2.0.0 useInGlobalTemperatureAnalysis FALSE"
"NAm_2269","pages2k2017","PAGES2k v2.0.0 useInGlobalTemperatureAnalysis FALSE"
"NAm_2270","pages2k2017","PAGES2k v2.0.0 useInGlobalTemperatureAnalysis FALSE"
"NAm_2271","pages2k2017","PAGES2k v2.0.0 useInGlobalTemperatureAnalysis FALSE"
"NAm_2273","pages2k2017","PAGES2k v2.0.0 useInGlobalTemperatureAnalysis FALSE"
"NAm_2274","pages2k2017","PAGES2k v2.0.0 useInGlobalTemperatureAnalysis FALSE"
"NAm_2275","pages2k2017","PAGES2k v2.0.0 useInGlobalTemperatureAnalysis FALSE"
"NAm_2276","pages2k2017","PAGES2k v2.0.0 useInGlobalTemperatureAnalysis FALSE"
"NAm_2277","pages2k2017","PAGES2k v2.0.0 useInGlobalTemperatureAnalysis FALSE"
"NAm_2278","pages2k2017","PAGES2k v2.0.0 useInGlobalTemperatureAnalysis FALSE"
"NAm_2279","pages2k2017","PAGES2k v2.0.0 useInGlobalTemperatureAnalysis FALSE"
"NAm_2280","pages2k2017","PAGES2k v2.0.0 useInGlobalTemperatureAnalysis FALSE"
"NAm_2305","pages2k2017","PAGES2k v2.0.0 useInGlobalTemperatureAnalysis FALSE"
"NAm_2306","pages2k2017","PAGES2k v2.0.0 useInGlobalTemperatureAnalysis FALSE"
"NAm_2307","pages2k2017","PAGES2k v2.0.0 useInGlobalTemperatureAnalysis FALSE"
"NAm_2309","pages2k2017","PAGES2k v2.0.0 useInGlobalTemperatureAnalysis FALSE"
"NAm_2310","pages2k2017","PAGES2k v2.0.0 useInGlobalTemperatureAnalysis FALSE"
"NAm_2311","pages2k2017","PAGES2k v2.0.0 useInGlobalTemperatureAnalysis FALSE"
"NAm_2312","pages2k2017","PAGES2k v2.0.0 useInGlobalTemperatureAnalysis FALSE"
"NAm_2313","pages2k2017","PAGES2k v2.0.0 useInGlobalTemperatureAnalysis FALSE"
"NAm_2314","pages2k2017","PAGES2k v2.0.0 useInGlobalTemperatureAnalysis FALSE"
"NAm_2315","pages2k2017","PAGES2k v2.0.0 useInGlobalTemperatureAnalysis FALSE"
"NAm_2316","pages2k2017","PAGES2k v2.0.0 useInGlobalTemperatureAnalysis FALSE"
"NAm_2377","pages2k2017","PAGES2k v2.0.0 useInGlobalTemperatureAnalysis FALSE"
"NAm_2378","pages2k2017","PAGES2k v2.0.0 useInGlobalTemperatureAnalysis FALSE"
"NAm_2379","pages2k2017","PAGES2k v2.0.0 useInGlobalTemperatureAnalysis FALSE"
"NAm_2380","pages2k2017","PAGES2k v2.0.0 useInGlobalTemperatureAnalysis FALSE"
"NAm_2381","pages2k2017","PAGES2k v2.0.0 useInGlobalTemperatureAnalysis FALSE"
"NAm_2382","pages2k2017","PAGES2k v2.0.0 useInGlobalTemperatureAnalysis FALSE"
"NAm_2383","pages2k2017","PAGES2k v2.0.0 useInGlobalTemperatureAnalysis FALSE"
"NAm_2384","pages2k2017","PAGES2k v2.0.0 useInGlobalTemperatureAnalysis FALSE"
"NAm_2385","pages2k2017","PAGES2k v2.0.0 useInGlobalTemperatureAnalysis FALSE"
"NAm_2386","pages2k2017","PAGES2k v2.0.0 useInGlobalTemperatureAnalysis FALSE"
"NAm_2387","pages2k2017","PAGES2k v2.0.0 useInGlobalTemperatureAnalysis FALSE"
"NAm_2388","pages2k2017","PAGES2k v2.0.0 useInGlobalTemperatureAnalysis FALSE"
"NAm_2389","pages2k2017","PAGES2k v2.0.0 useInGlobalTemperatureAnalysis FALSE"
"NAm_2390","pages2k2017","PAGES2k v2.0.0 useInGlobalTemperatureAnalysis FALSE"
"NAm_2391","pages2k2017","PAGES2k v2.0.0 useInGlobalTemperatureAnalysis FALSE"
"NAm_2393","pages2k2017","PAGES2k v2.0.0 useInGlobalTemperatureAnalysis FALSE"
"NAm_2394","pages2k2017","PAGES2k v2.0.0 useInGlobalTemperatureAnalysis FALSE"
"NAm_2395","pages2k2017","PAGES2k v2.0.0 useInGlobalTemperatureAnalysis FALSE"
"NAm_2396","pages2k2017","PAGES2k v2.0.0 useInGlobalTemperatureAnalysis FALSE"
"NAm_2397","pages2k2017","PAGES2k v2.0.0 useInGlobalTemperatureAnalysis FALSE"
"NAm_2398","pages2k2017","PAGES2k v2.0.0 useInGlobalTemperatureAnalysis FALSE"
"NAm_2399","pages2k2017","PAGES2k v2.0.0 useInGlobalTemperatureAnalysis FALSE"
"NAm_2400","pages2k2017","PAGES2k v2.0.0 useInGlobalTemperatureAnalysis FALSE"
"NAm_2449","pages2k2017","PAGES2k v2.0.0 useInGlobalTemperatureAnalysis FALSE"
"NAm_2450","pages2k2017","PAGES2k v2.0.0 useInGlobalTemperatureAnalysis FALSE"
"NAm_2451","pages2k2017","PAGES2k v2.0.0 useInGlobalTemperatureAnalysis FALSE"
"NAm_2452","pages2k2017","PAGES2k v2.0.0 useInGlobalTemperatureAnalysis FALSE"
"NAm_2453","pages2k2017","PAGES2k v2.0.0 useInGlobalTemperatureAnalysis FALSE"
"NAm_2454","pages2k2017","PAGES2k v2.0.0 useInGlobalTemperatureAnalysis FALSE"
"NAm_2455","pages2k2017","PAGES2k v2.0.0 useInGlobalTemperatureAnalysis FALSE"
"NAm_2456","pages2k2017","PAGES2k v2.0.0 useInGlobalTemperatureAnalysis FALSE"
"NAm_2457","pages2k2017","PAGES2k v2.0.0 useInGlobalTemperatureAnalysis FALSE"
"NAm_2458","pages2k2017","PAGES2k v2.0.0 useInGlobalTemperatureAnalysis FALSE"
"NAm_2459","pages2k2017","PAGES2k v2.0.0 useInGlobalTemperatureAnalysis FALSE"
"NAm_2460","pages2k2017","PAGES2k v2.0.0 useInGlobalTemperatureAnalysis FALSE"
"NAm_2461","pages2k2017","PAGES2k v2.0.0 useInGlobalTemperatureAnalysis FALSE"
"NAm_2462","pages2k2017","PAGES2k v2.0.0 useInGlobalTemperatureAnalysis FALSE"
"NAm_2463","pages2k2017","PAGES2k v2.0.0 useInGlobalTemperatureAnalysis FALSE"
"NAm_2465","pages2k2017","PAGES2k v2.0.0 useInGlobalTemperatureAnalysis FALSE"
"NAm_2466","pages2k2017","PAGES2k v2.0.0 useInGlobalTemperatureAnalysis FALSE"
"NAm_2467","pages2k2017","PAGES2k v2.0.0 useInGlobalTemperatureAnalysis FALSE"
"NAm_2468","pages2k2017","PAGES2k v2.0.0 useInGlobalTemperatureAnalysis FALSE"
"NAm_2469","pages2k2017","PAGES2k v2.0.0 useInGlobalTemperatureAnalysis FALSE"
"NAm_2470","pages2k2017","PAGES2k v2.0.0 useInGlobalTemperatureAnalysis FALSE"
"NAm_2471","pages2k2017","PAGES2k v2.0.0 useInGlobalTemperatureAnalysis FALSE"
"NAm_2472","pages2k2017","PAGES2k v2.0.0 useInGlobalTemperatureAnalysis FALSE"
"NAm_2473","pages2k2017","PAGES2k v2.0.0 useInGlobalTemperatureAnalysis FALSE"
"NAm_2474","pages2k2017","PAGES2k v2.0.0 useInGlobalTemperatureAnalysis FALSE"
"NAm_2475","pages2k2017","PAGES2k v2.0.0 useInGlobalTemperatureAnalysis FALSE"
"NAm_2477","pages2k2017","PAGES2k v2.0.0 useInGlobalTemperatureAnalysis FALSE"
"NAm_2478","pages2k2017","PAGES2k v2.0.0 useInGlobalTemperatureAnalysis FALSE"
"NAm_2479","pages2k2017","PAGES2k v2.0.0 useInGlobalTemperatureAnalysis FALSE"
"NAm_2480","pages2k2017","PAGES2k v2.0.0 useInGlobalTemperatureAnalysis FALSE"
"NAm_2481","pages2k2017","PAGES2k v2.0.0 useInGlobalTemperatureAnalysis FALSE"
"NAm_2482","pages2k2017","PAGES2k v2.0.0 useInGlobalTemperatureAnalysis FALSE"
"NAm_2483","pages2k2017","PAGES2k v2.0.0 useInGlobalTemperatureAnalysis FALSE"
"NAm_2484","pages2k2017","PAGES2k v2.0.0 useInGlobalTemperatureAnalysis FALSE"
"NAm_2485","pages2k2017","PAGES2k v2.0.0 useInGlobalTemperatureAnalysis FALSE"
"NAm_2486","pages2k2017","PAGES2k v2.0.0 useInGlobalTemperatureAnalysis FALSE"
"NAm_2487","pages2k2017","PAGES2k v2.0.0 useInGlobalTemperatureAnalysis FALSE"
"NAm_2489","pages2k2017","PAGES2k v2.0.0 useInGlobalTemperatureAnalysis FALSE"
"NAm_2490","pages2k2017","PAGES2k v2.0.0 useInGlobalTemperatureAnalysis FALSE"
"NAm_2491","pages2k2017","PAGES2k v2.0.0 useInGlobalTemperatureAnalysis FALSE"
"NAm_2492","pages2k2017","PAGES2k v2.0.0 useInGlobalTemperatureAnalysis FALSE"
"NAm_2493","pages2k2017","PAGES2k v2.0.0 useInGlobalTemperatureAnalysis FALSE"
"NAm_2494","pages2k2017","PAGES2k v2.0.0 useInGlobalTemperatureAnalysis FALSE"
"NAm_2495","pages2k2017","PAGES2k v2.0.0 useInGlobalTemperatureAnalysis FALSE"
"NAm_2496","pages2k2017","PAGES2k v2.0.0 useInGlobalTemperatureAnalysis FALSE"
"NAm_2497","pages2k2017","PAGES2k v2.0.0 useInGlobalTemperatureAnalysis FALSE"
"NAm_2498","pages2k2017","PAGES2k v2.0.0 useInGlobalTemperatureAnalysis FALSE"
"NAm_2499","pages2k2017","PAGES2k v2.0.0 useInGlobalTemperatureAnalysis FALSE"
"NAm_2501","pages2k2017","PAGES2k v2.0.0 useInGlobalTemperatureAnalysis FALSE"
"NAm_2502","pages2k2017","PAGES2k v2.0.0 useInGlobalTemperatureAnalysis FALSE"
"NAm_2503","pages2k2017","PAGES2k v2.0.0 useInGlobalTemperatureAnalysis FALSE"
"NAm_2504","pages2k2017","PAGES2k v2.0.0 useInGlobalTemperatureAnalysis FALSE"
"NAm_2505","pages2k2017","PAGES2k v2.0.0 useInGlobalTemperatureAnalysis FALSE"
"NAm_2506","pages2k2017","PAGES2k v2.0.0 useInGlobalTemperatureAnalysis FALSE"
"NAm_2507","pages2k2017","PAGES2k v2.0.0 useInGlobalTemperatureAnalysis FALSE"
"NAm_2508","pages2k2017","PAGES2k v2.0.0 useInGlobalTemperatureAnalysis FALSE"
"NAm_2509","pages2k2017","PAGES2k v2.0.0 useInGlobalTemperatureAnalysis FALSE"
"NAm_2510","pages2k2017","PAGES2k v2.0.0 useInGlobalTemperatureAnalysis FALSE"
"NAm_2511","pages2k2017","PAGES2k v2.0.0 useInGlobalTemperatureAnalysis FALSE"
"NAm_2513","pages2k2017","PAGES2k v2.0.0 useInGlobalTemperatureAnalysis FALSE"
"NAm_2514","pages2k2017","PAGES2k v2.0.0 useInGlobalTemperatureAnalysis FALSE"
"NAm_2515","pages2k2017","PAGES2k v2.0.0 useInGlobalTemperatureAnalysis FALSE"
"NAm_2516","pages2k2017","PAGES2k v2.0.0 useInGlobalTemperatureAnalysis FALSE"
"NAm_2517","pages2k2017","PAGES2k v2.0.0 useInGlobalTemperatureAnalysis FALSE"
"NAm_2518","pages2k2017","PAGES2k v2.0.0 useInGlobalTemperatureAnalysis FALSE"
"NAm_2519","pages2k2017","PAGES2k v2.0.0 useInGlobalTemperatureAnalysis FALSE"
"NAm_2520","pages2k2017","PAGES2k v2.0.0 useInGlobalTemperatureAnalysis FALSE"
"NAm_2557","pages2k2017","PAGES2k v2.0.0 useInGlobalTemperatureAnalysis FALSE"
"NAm_2558","pages2k2017","PAGES2k v2.0.0 useInGlobalTemperatureAnalysis FALSE"
"NAm_2559","pages2k2017","PAGES2k v2.0.0 useInGlobalTemperatureAnalysis FALSE"
"NAm_2561","pages2k2017","PAGES2k v2.0.0 useInGlobalTemperatureAnalysis FALSE"
"NAm_2562","pages2k2017","PAGES2k v2.0.0 useInGlobalTemperatureAnalysis FALSE"
"NAm_2563","pages2k2017","PAGES2k v2.0.0 useInGlobalTemperatureAnalysis FALSE"
"NAm_2564","pages2k2017","PAGES2k v2.0.0 useInGlobalTemperatureAnalysis FALSE"
"NAm_2565","pages2k2017","PAGES2k v2.0.0 useInGlobalTemperatureAnalysis FALSE"
"NAm_2566","pages2k2017","PAGES2k v2.0.0 useInGlobalTemperatureAnalysis FALSE"
"NAm_2567","pages2k2017","PAGES2k v2.0.0 useInGlobalTemperatureAnalysis FALSE"
"NAm_2568","pages2k2017","PAGES2k v2.0.0 useInGlobalTemperatureAnalysis FALSE"
"NAm_2569","pages2k2017","PAGES2k v2.0.0 useInGlobalTemperatureAnalysis FALSE"
"NAm_2570","pages2k2017","PAGES2k v2.0.0 useInGlobalTemperatureAnalysis FALSE"
"NAm_2571","pages2k2017","PAGES2k v2.0.0 useInGlobalTemperatureAnalysis FALSE"
"NAm_2573","pages2k2017","PAGES2k v2.0.0 useInGlobalTemperatureAnalysis FALSE"
"NAm_2574","pages2k2017","PAGES2k v2.0.0 useInGlobalTemperatureAnalysis FALSE"
"NAm_2575","pages2k2017","PAGES2k v2.0.0 useInGlobalTemperatureAnalysis FALSE"
"NAm_2576","pages2k2017","PAGES2k v2.0.0 useInGlobalTemperatureAnalysis FALSE"
"NAm_2577","pages2k2017","PAGES2k v2.0.0 useInGlobalTemperatureAnalysis FALSE"
"NAm_2578","pages2k2017","PAGES2k v2.0.0 useInGlobalTemperatureAnalysis FALSE"
"NAm_2579","pages2k2017","PAGES2k v2.0.0 useInGlobalTemperatureAnalysis FALSE"
"NAm_2580","pages2k2017","PAGES2k v2.0.0 useInGlobalTemperatureAnalysis FALSE"
"NAm_2593","pages2k2017","PAGES2k v2.0.0 useInGlobalTemperatureAnalysis FALSE"
"NAm_2594","pages2k2017","PAGES2k v2.0.0 useInGlobalTemperatureAnalysis FALSE"
"NAm_2595","pages2k2017","PAGES2k v2.0.0 useInGlobalTemperatureAnalysis FALSE"
"NAm_2597","pages2k2017","PAGES2k v2.0.0 useInGlobalTemperatureAnalysis FALSE"
"NAm_2598","pages2k2017","PAGES2k v2.0.0 useInGlobalTemperatureAnalysis FALSE"
"NAm_2599","pages2k2017","PAGES2k v2.0.0 useInGlobalTemperatureAnalysis FALSE"
"NAm_2600","pages2k2017","PAGES2k v2.0.0 useInGlobalTemperatureAnalysis FALSE"
"NAm_2601","pages2k2017","PAGES2k v2.0.0 useInGlobalTemperatureAnalysis FALSE"
"NAm_2602","pages2k2017","PAGES2k v2.0.0 useInGlobalTemperatureAnalysis FALSE"
"NAm_2603","pages2k2017","PAGES2k v2.0.0 useInGlobalTemperatureAnalysis FALSE"
"NAm_2604","pages2k2017","PAGES2k v2.0.0 useInGlobalTemperatureAnalysis FALSE"
"NAm_001","pages2k2017","PAGES2k v2.0.0 useInGlobalTemperatureAnalysis FALSE"
"NAm_002","pages2k2017","PAGES2k v2.0.0 useInGlobalTemperatureAnalysis FALSE"
"NAm_003","pages2k2017","PAGES2k v2.0.0 useInGlobalTemperatureAnalysis FALSE"
"NAm_005","pages2k2017","PAGES2k v2.0.0 useInGlobalTemperatureAnalysis FALSE"
"NAm_006","pages2k2017","PAGES2k v2.0.0 useInGlobalTemperatureAnalysis FALSE"
"NAm_007","pages2k2017","PAGES2k v2.0.0 useInGlobalTemperatureAnalysis FALSE"
"NAm_008","pages2k2017","PAGES2k v2.0.0 useInGlobalTemperatureAnalysis FALSE"
"NAm_009","pages2k2017","PAGES2k v2.0.0 useInGlobalTemperatureAnalysis FALSE"
"NAm_010","pages2k2017","PAGES2k v2.0.0 useInGlobalTemperatureAnalysis FALSE"
"NAm_011","pages2k2017","PAGES2k v2.0.0 useInGlobalTemperatureAnalysis FALSE"
"NAm_012","pages2k2017","PAGES2k v2.0.0 useInGlobalTemperatureAnalysis FALSE"
"NAm_013","pages2k2017","PAGES2k v2.0.0 useInGlobalTemperatureAnalysis FALSE"
"NAm_014","pages2k2017","PAGES2k v2.0.0 useInGlobalTemperatureAnalysis FALSE"
"NAm_015","pages2k2017","PAGES2k v2.0.0 useInGlobalTemperatureAnalysis FALSE"
"NAm_017","pages2k2017","PAGES2k v2.0.0 useInGlobalTemperatureAnalysis FALSE"
"NAm_018","pages2k2017","PAGES2k v2.0.0 useInGlobalTemperatureAnalysis FALSE"
"NAm_019","pages2k2017","PAGES2k v2.0.0 useInGlobalTemperatureAnalysis FALSE"
"NAm_020","pages2k2017","PAGES2k v2.0.0 useInGlobalTemperatureAnalysis FALSE"
"NAm_021","pages2k2017","PAGES2k v2.0.0 useInGlobalTemperatureAnalysis FALSE"
"NAm_022","pages2k2017","PAGES2k v2.0.0 useInGlobalTemperatureAnalysis FALSE"
"NAm_023","pages2k2017","PAGES2k v2.0.0 useInGlobalTemperatureAnalysis FALSE"
"NAm_024","pages2k2017","PAGES2k v2.0.0 useInGlobalTemperatureAnalysis FALSE"
"NAm_025","pages2k2017","PAGES2k v2.0.0 useInGlobalTemperatureAnalysis FALSE"
"NAm_026","pages2k2017","PAGES2k v2.0.0 useInGlobalTemperatureAnalysis FALSE"
"NAm_027","pages2k2017","PAGES2k v2.0.0 useInGlobalTemperatureAnalysis FALSE"
"NAm_029","pages2k2017","PAGES2k v2.0.0 useInGlobalTemperatureAnalysis FALSE"
"NAm_030","pages2k2017","PAGES2k v2.0.0 useInGlobalTemperatureAnalysis FALSE"
"NAm_031","pages2k2017","PAGES2k v2.0.0 useInGlobalTemperatureAnalysis FALSE"
"NAm_032","pages2k2017","PAGES2k v2.0.0 useInGlobalTemperatureAnalysis FALSE"
"NAm_033","pages2k2017","PAGES2k v2.0.0 useInGlobalTemperatureAnalysis FALSE"
"NAm_034","pages2k2017","PAGES2k v2.0.0 useInGlobalTemperatureAnalysis FALSE"
"NAm_035","pages2k2017","PAGES2k v2.0.0 useInGlobalTemperatureAnalysis FALSE"
"NAm_036","pages2k2017","PAGES2k v2.0.0 useInGlobalTemperatureAnalysis FALSE"
"NAm_3866","pages2k2017","PAGES2k v2.0.0 useInGlobalTemperatureAnalysis FALSE"
"NAm_2617","pages2k2017","PAGES2k v2.0.0 useInGlobalTemperatureAnalysis FALSE"
"NAm_2618","pages2k2017","PAGES2k v2.0.0 useInGlobalTemperatureAnalysis FALSE"
"NAm_2619","pages2k2017","PAGES2k v2.0.0 useInGlobalTemperatureAnalysis FALSE"
"NAm_2620","pages2k2017","PAGES2k v2.0.0 useInGlobalTemperatureAnalysis FALSE"
"NAm_2621","pages2k2017","PAGES2k v2.0.0 useInGlobalTemperatureAnalysis FALSE"
"NAm_2622","pages2k2017","PAGES2k v2.0.0 useInGlobalTemperatureAnalysis FALSE"
"NAm_2623","pages2k2017","PAGES2k v2.0.0 useInGlobalTemperatureAnalysis FALSE"
"NAm_2624","pages2k2017","PAGES2k v2.0.0 useInGlobalTemperatureAnalysis FALSE"
"NAm_2625","pages2k2017","PAGES2k v2.0.0 useInGlobalTemperatureAnalysis FALSE"
"NAm_2626","pages2k2017","PAGES2k v2.0.0 useInGlobalTemperatureAnalysis FALSE"
"NAm_2627","pages2k2017","PAGES2k v2.0.0 useInGlobalTemperatureAnalysis FALSE"
"NAm_2628","pages2k2017","PAGES2k v2.0.0 useInGlobalTemperatureAnalysis FALSE"
"NAm_2629","pages2k2017","PAGES2k v2.0.0 useInGlobalTemperatureAnalysis FALSE"
"NAm_2630","pages2k2017","PAGES2k v2.0.0 useInGlobalTemperatureAnalysis FALSE"
"NAm_2631","pages2k2017","PAGES2k v2.0.0 useInGlobalTemperatureAnalysis FALSE"
"NAm_2633","pages2k2017","PAGES2k v2.0.0 useInGlobalTemperatureAnalysis FALSE"
"NAm_2634","pages2k2017","PAGES2k v2.0.0 useInGlobalTemperatureAnalysis FALSE"
"NAm_2635","pages2k2017","PAGES2k v2.0.0 useInGlobalTemperatureAnalysis FALSE"
"NAm_2636","pages2k2017","PAGES2k v2.0.0 useInGlobalTemperatureAnalysis FALSE"
"NAm_2637","pages2k2017","PAGES2k v2.0.0 useInGlobalTemperatureAnalysis FALSE"
"NAm_2638","pages2k2017","PAGES2k v2.0.0 useInGlobalTemperatureAnalysis FALSE"
"NAm_2639","pages2k2017","PAGES2k v2.0.0 useInGlobalTemperatureAnalysis FALSE"
"NAm_2640","pages2k2017","PAGES2k v2.0.0 useInGlobalTemperatureAnalysis FALSE"
"NAm_2653","pages2k2017","PAGES2k v2.0.0 useInGlobalTemperatureAnalysis FALSE"
"NAm_2654","pages2k2017","PAGES2k v2.0.0 useInGlobalTemperatureAnalysis FALSE"
"NAm_2655","pages2k2017","PAGES2k v2.0.0 useInGlobalTemperatureAnalysis FALSE"
"NAm_2657","pages2k2017","PAGES2k v2.0.0 useInGlobalTemperatureAnalysis FALSE"
"NAm_2658","pages2k2017","PAGES2k v2.0.0 useInGlobalTemperatureAnalysis FALSE"
"NAm_2659","pages2k2017","PAGES2k v2.0.0 useInGlobalTemperatureAnalysis FALSE"
"NAm_2660","pages2k2017","PAGES2k v2.0.0 useInGlobalTemperatureAnalysis FALSE"
"NAm_2661","pages2k2017","PAGES2k v2.0.0 useInGlobalTemperatureAnalysis FALSE"
"NAm_2662","pages2k2017","PAGES2k v2.0.0 useInGlobalTemperatureAnalysis FALSE"
"NAm_2663","pages2k2017","PAGES2k v2.0.0 useInGlobalTemperatureAnalysis FALSE"
"NAm_2664","pages2k2017","PAGES2k v2.0.0 useInGlobalTemperatureAnalysis FALSE"
"NAm_2665","pages2k2017","PAGES2k v2.0.0 useInGlobalTemperatureAnalysis FALSE"
"NAm_2666","pages2k2017","PAGES2k v2.0.0 useInGlobalTemperatureAnalysis FALSE"
"NAm_2667","pages2k2017","PAGES2k v2.0.0 useInGlobalTemperatureAnalysis FALSE"
"NAm_2669","pages2k2017","PAGES2k v2.0.0 useInGlobalTemperatureAnalysis FALSE"
"NAm_2670","pages2k2017","PAGES2k v2.0.0 useInGlobalTemperatureAnalysis FALSE"
"NAm_2671","pages2k2017","PAGES2k v2.0.0 useInGlobalTemperatureAnalysis FALSE"
"NAm_2672","pages2k2017","PAGES2k v2.0.0 useInGlobalTemperatureAnalysis FALSE"
"NAm_2673","pages2k2017","PAGES2k v2.0.0 useInGlobalTemperatureAnalysis FALSE"
"NAm_2674","pages2k2017","PAGES2k v2.0.0 useInGlobalTemperatureAnalysis FALSE"
"NAm_2675","pages2k2017","PAGES2k v2.0.0 useInGlobalTemperatureAnalysis FALSE"
"NAm_2676","pages2k2017","PAGES2k v2.0.0 useInGlobalTemperatureAnalysis FALSE"
"NAm_3869","pages2k2017","PAGES2k v2.0.0 useInGlobalTemperatureAnalysis FALSE"
"NAm_3852","pages2k2017","PAGES2k v2.0.0 useInGlobalTemperatureAnalysis FALSE"
"NAm_2689","pages2k2017","PAGES2k v2.0.0 useInGlobalTemperatureAnalysis FALSE"
"NAm_2690","pages2k2017","PAGES2k v2.0.0 useInGlobalTemperatureAnalysis FALSE"
"NAm_2691","pages2k2017","PAGES2k v2.0.0 useInGlobalTemperatureAnalysis FALSE"
"NAm_2692","pages2k2017","PAGES2k v2.0.0 useInGlobalTemperatureAnalysis FALSE"
"NAm_2693","pages2k2017","PAGES2k v2.0.0 useInGlobalTemperatureAnalysis FALSE"
"NAm_2694","pages2k2017","PAGES2k v2.0.0 useInGlobalTemperatureAnalysis FALSE"
"NAm_2695","pages2k2017","PAGES2k v2.0.0 useInGlobalTemperatureAnalysis FALSE"
"NAm_2696","pages2k2017","PAGES2k v2.0.0 useInGlobalTemperatureAnalysis FALSE"
"NAm_2697","pages2k2017","PAGES2k v2.0.0 useInGlobalTemperatureAnalysis FALSE"
"NAm_2698","pages2k2017","PAGES2k v2.0.0 useInGlobalTemperatureAnalysis FALSE"
"NAm_2699","pages2k2017","PAGES2k v2.0.0 useInGlobalTemperatureAnalysis FALSE"
"NAm_2700","pages2k2017","PAGES2k v2.0.0 useInGlobalTemperatureAnalysis FALSE"
"NAm_2701","pages2k2017","PAGES2k v2.0.0 useInGlobalTemperatureAnalysis FALSE"
"NAm_2702","pages2k2017","PAGES2k v2.0.0 useInGlobalTemperatureAnalysis FALSE"
"NAm_2703","pages2k2017","PAGES2k v2.0.0 useInGlobalTemperatureAnalysis FALSE"
"NAm_2705","pages2k2017","PAGES2k v2.0.0 useInGlobalTemperatureAnalysis FALSE"
"NAm_2706","pages2k2017","PAGES2k v2.0.0 useInGlobalTemperatureAnalysis FALSE"
"NAm_2707","pages2k2017","PAGES2k v2.0.0 useInGlobalTemperatureAnalysis FALSE"
"NAm_2708","pages2k2017","PAGES2k v2.0.0 useInGlobalTemperatureAnalysis FALSE"
"NAm_2709","pages2k2017","PAGES2k v2.0.0 useInGlobalTemperatureAnalysis FALSE"
"NAm_2710","pages2k2017","PAGES2k v2.0.0 useInGlobalTemperatureAnalysis FALSE"
"NAm_2711","pages2k2017","PAGES2k v2.0.0 useInGlobalTemperatureAnalysis FALSE"
"NAm_2712","pages2k2017","PAGES2k v2.0.0 useInGlobalTemperatureAnalysis FALSE"
"NAm_2713","pages2k2017","PAGES2k v2.0.0 useInGlobalTemperatureAnalysis FALSE"
"NAm_2714","pages2k2017","PAGES2k v2.0.0 useInGlobalTemperatureAnalysis FALSE"
"NAm_2715","pages2k2017","PAGES2k v2.0.0 useInGlobalTemperatureAnalysis FALSE"
"NAm_2717","pages2k2017","PAGES2k v2.0.0 useInGlobalTemperatureAnalysis FALSE"
"NAm_2718","pages2k2017","PAGES2k v2.0.0 useInGlobalTemperatureAnalysis FALSE"
"NAm_2719","pages2k2017","PAGES2k v2.0.0 useInGlobalTemperatureAnalysis FALSE"
"NAm_2720","pages2k2017","PAGES2k v2.0.0 useInGlobalTemperatureAnalysis FALSE"
"NAm_2721","pages2k2017","PAGES2k v2.0.0 useInGlobalTemperatureAnalysis FALSE"
"NAm_2722","pages2k2017","PAGES2k v2.0.0 useInGlobalTemperatureAnalysis FALSE"
"NAm_2723","pages2k2017","PAGES2k v2.0.0 useInGlobalTemperatureAnalysis FALSE"
"NAm_2724","pages2k2017","PAGES2k v2.0.0 useInGlobalTemperatureAnalysis FALSE"
"NAm_2725","pages2k2017","PAGES2k v2.0.0 useInGlobalTemperatureAnalysis FALSE"
"NAm_2726","pages2k2017","PAGES2k v2.0.0 useInGlobalTemperatureAnalysis FALSE"
"NAm_2727","pages2k2017","PAGES2k v2.0.0 useInGlobalTemperatureAnalysis FALSE"
"NAm_2729","pages2k2017","PAGES2k v2.0.0 useInGlobalTemperatureAnalysis FALSE"
"NAm_2730","pages2k2017","PAGES2k v2.0.0 useInGlobalTemperatureAnalysis FALSE"
"NAm_2731","pages2k2017","PAGES2k v2.0.0 useInGlobalTemperatureAnalysis FALSE"
"NAm_2732","pages2k2017","PAGES2k v2.0.0 useInGlobalTemperatureAnalysis FALSE"
"NAm_2733","pages2k2017","PAGES2k v2.0.0 useInGlobalTemperatureAnalysis FALSE"
"NAm_2734","pages2k2017","PAGES2k v2.0.0 useInGlobalTemperatureAnalysis FALSE"
"NAm_2735","pages2k2017","PAGES2k v2.0.0 useInGlobalTemperatureAnalysis FALSE"
"NAm_2736","pages2k2017","PAGES2k v2.0.0 useInGlobalTemperatureAnalysis FALSE"
"NAm_2737","pages2k2017","PAGES2k v2.0.0 useInGlobalTemperatureAnalysis FALSE"
"NAm_2738","pages2k2017","PAGES2k v2.0.0 useInGlobalTemperatureAnalysis FALSE"
"NAm_2739","pages2k2017","PAGES2k v2.0.0 useInGlobalTemperatureAnalysis FALSE"
"NAm_2741","pages2k2017","PAGES2k v2.0.0 useInGlobalTemperatureAnalysis FALSE"
"NAm_2742","pages2k2017","PAGES2k v2.0.0 useInGlobalTemperatureAnalysis FALSE"
"NAm_2743","pages2k2017","PAGES2k v2.0.0 useInGlobalTemperatureAnalysis FALSE"
"NAm_2744","pages2k2017","PAGES2k v2.0.0 useInGlobalTemperatureAnalysis FALSE"
"NAm_2745","pages2k2017","PAGES2k v2.0.0 useInGlobalTemperatureAnalysis FALSE"
"NAm_2746","pages2k2017","PAGES2k v2.0.0 useInGlobalTemperatureAnalysis FALSE"
"NAm_2747","pages2k2017","PAGES2k v2.0.0 useInGlobalTemperatureAnalysis FALSE"
"NAm_2748","pages2k2017","PAGES2k v2.0.0 useInGlobalTemperatureAnalysis FALSE"
"NAm_2749","pages2k2017","PAGES2k v2.0.0 useInGlobalTemperatureAnalysis FALSE"
"NAm_2750","pages2k2017","PAGES2k v2.0.0 useInGlobalTemperatureAnalysis FALSE"
"NAm_2751","pages2k2017","PAGES2k v2.0.0 useInGlobalTemperatureAnalysis FALSE"
"NAm_2753","pages2k2017","PAGES2k v2.0.0 useInGlobalTemperatureAnalysis FALSE"
"NAm_2754","pages2k2017","PAGES2k v2.0.0 useInGlobalTemperatureAnalysis FALSE"
"NAm_2755","pages2k2017","PAGES2k v2.0.0 useInGlobalTemperatureAnalysis FALSE"
"NAm_2756","pages2k2017","PAGES2k v2.0.0 useInGlobalTemperatureAnalysis FALSE"
"NAm_2757","pages2k2017","PAGES2k v2.0.0 useInGlobalTemperatureAnalysis FALSE"
"NAm_2758","pages2k2017","PAGES2k v2.0.0 useInGlobalTemperatureAnalysis FALSE"
"NAm_2759","pages2k2017","PAGES2k v2.0.0 useInGlobalTemperatureAnalysis FALSE"
"NAm_2760","pages2k2017","PAGES2k v2.0.0 useInGlobalTemperatureAnalysis FALSE"
"NAm_2773","pages2k2017","PAGES2k v2.0.0 useInGlobalTemperatureAnalysis FALSE"
"NAm_2774","pages2k2017","PAGES2k v2.0.0 useInGlobalTemperatureAnalysis FALSE"
"NAm_2775","pages2k2017","PAGES2k v2.0.0 useInGlobalTemperatureAnalysis FALSE"
"NAm_2777","pages2k2017","PAGES2k v2.0.0 useInGlobalTemperatureAnalysis FALSE"
"NAm_2778","pages2k2017","PAGES2k v2.0.0 useInGlobalTemperatureAnalysis FALSE"
"NAm_2779","pages2k2017","PAGES2k v2.0.0 useInGlobalTemperatureAnalysis FALSE"
"NAm_2780","pages2k2017","PAGES2k v2.0.0 useInGlobalTemperatureAnalysis FALSE"
"NAm_2781","pages2k2017","PAGES2k v2.0.0 useInGlobalTemperatureAnalysis FALSE"
"NAm_2782","pages2k2017","PAGES2k v2.0.0 useInGlobalTemperatureAnalysis FALSE"
"NAm_2783","pages2k2017","PAGES2k v2.0.0 useInGlobalTemperatureAnalysis FALSE"
"NAm_2784","pages2k2017","PAGES2k v2.0.0 useInGlobalTemperatureAnalysis FALSE"
"NAm_2785","pages2k2017","PAGES2k v2.0.0 useInGlobalTemperatureAnalysis FALSE"
"NAm_2786","pages2k2017","PAGES2k v2.0.0 useInGlobalTemperatureAnalysis FALSE"
"NAm_2787","pages2k2017","PAGES2k v2.0.0 useInGlobalTemperatureAnalysis FALSE"
"NAm_2789","pages2k2017","PAGES2k v2.0.0 useInGlobalTemperatureAnalysis FALSE"
"NAm_2790","pages2k2017","PAGES2k v2.0.0 useInGlobalTemperatureAnalysis FALSE"
"NAm_2791","pages2k2017","PAGES2k v2.0.0 useInGlobalTemperatureAnalysis FALSE"
"NAm_2792","pages2k2017","PAGES2k v2.0.0 useInGlobalTemperatureAnalysis FALSE"
"NAm_2793","pages2k2017","PAGES2k v2.0.0 useInGlobalTemperatureAnalysis FALSE"
"NAm_2794","pages2k2017","PAGES2k v2.0.0 useInGlobalTemperatureAnalysis FALSE"
"NAm_2795","pages2k2017","PAGES2k v2.0.0 useInGlobalTemperatureAnalysis FALSE"
"NAm_2796","pages2k2017","PAGES2k v2.0.0 useInGlobalTemperatureAnalysis FALSE"
"NAm_2797","pages2k2017","PAGES2k v2.0.0 useInGlobalTemperatureAnalysis FALSE"
"NAm_2798","pages2k2017","PAGES2k v2.0.0 useInGlobalTemperatureAnalysis FALSE"
"NAm_2799","pages2k2017","PAGES2k v2.0.0 useInGlobalTemperatureAnalysis FALSE"
"NAm_2801","pages2k2017","PAGES2k v2.0.0 useInGlobalTemperatureAnalysis FALSE"
"NAm_2802","pages2k2017","PAGES2k v2.0.0 useInGlobalTemperatureAnalysis FALSE"
"NAm_2803","pages2k2017","PAGES2k v2.0.0 useInGlobalTemperatureAnalysis FALSE"
"NAm_2804","pages2k2017","PAGES2k v2.0.0 useInGlobalTemperatureAnalysis FALSE"
"NAm_2805","pages2k2017","PAGES2k v2.0.0 useInGlobalTemperatureAnalysis FALSE"
"NAm_2806","pages2k2017","PAGES2k v2.0.0 useInGlobalTemperatureAnalysis FALSE"
"NAm_2807","pages2k2017","PAGES2k v2.0.0 useInGlobalTemperatureAnalysis FALSE"
"NAm_2808","pages2k2017","PAGES2k v2.0.0 useInGlobalTemperatureAnalysis FALSE"
"NAm_2809","pages2k2017","PAGES2k v2.0.0 useInGlobalTemperatureAnalysis FALSE"
"NAm_2810","pages2k2017","PAGES2k v2.0.0 useInGlobalTemperatureAnalysis FALSE"
"NAm_2811","pages2k2017","PAGES2k v2.0.0 useInGlobalTemperatureAnalysis FALSE"
"NAm_2813","pages2k2017","PAGES2k v2.0.0 useInGlobalTemperatureAnalysis FALSE"
"NAm_2814","pages2k2017","PAGES2k v2.0.0 useInGlobalTemperatureAnalysis FALSE"
"NAm_2815","pages2k2017","PAGES2k v2.0.0 useInGlobalTemperatureAnalysis FALSE"
"NAm_2816","pages2k2017","PAGES2k v2.0.0 useInGlobalTemperatureAnalysis FALSE"
"NAm_2817","pages2k2017","PAGES2k v2.0.0 useInGlobalTemperatureAnalysis FALSE"
"NAm_2818","pages2k2017","PAGES2k v2.0.0 useInGlobalTemperatureAnalysis FALSE"
"NAm_2819","pages2k2017","PAGES2k v2.0.0 useInGlobalTemperatureAnalysis FALSE"
"NAm_2820","pages2k2017","PAGES2k v2.0.0 useInGlobalTemperatureAnalysis FALSE"
"NAm_2821","pages2k2017","PAGES2k v2.0.0 useInGlobalTemperatureAnalysis FALSE"
"NAm_2822","pages2k2017","PAGES2k v2.0.0 useInGlobalTemperatureAnalysis FALSE"
"NAm_2823","pages2k2017","PAGES2k v2.0.0 useInGlobalTemperatureAnalysis FALSE"
"NAm_2825","pages2k2017","PAGES2k v2.0.0 useInGlobalTemperatureAnalysis FALSE"
"NAm_2826","pages2k2017","PAGES2k v2.0.0 useInGlobalTemperatureAnalysis FALSE"
"NAm_2827","pages2k2017","PAGES2k v2.0.0 useInGlobalTemperatureAnalysis FALSE"
"NAm_2828","pages2k2017","PAGES2k v2.0.0 useInGlobalTemperatureAnalysis FALSE"
"NAm_2829","pages2k2017","PAGES2k v2.0.0 useInGlobalTemperatureAnalysis FALSE"
"NAm_2830","pages2k2017","PAGES2k v2.0.0 useInGlobalTemperatureAnalysis FALSE"
"NAm_2831","pages2k2017","PAGES2k v2.0.0 useInGlobalTemperatureAnalysis FALSE"
"NAm_2832","pages2k2017","PAGES2k v2.0.0 useInGlobalTemperatureAnalysis FALSE"
"NAm_2833","pages2k2017","PAGES2k v2.0.0 useInGlobalTemperatureAnalysis FALSE"
"NAm_2834","pages2k2017","PAGES2k v2.0.0 useInGlobalTemperatureAnalysis FALSE"
"NAm_2835","pages2k2017","PAGES2k v2.0.0 useInGlobalTemperatureAnalysis FALSE"
"NAm_2837","pages2k2017","PAGES2k v2.0.0 useInGlobalTemperatureAnalysis FALSE"
"NAm_2838","pages2k2017","PAGES2k v2.0.0 useInGlobalTemperatureAnalysis FALSE"
"NAm_2839","pages2k2017","PAGES2k v2.0.0 useInGlobalTemperatureAnalysis FALSE"
"NAm_2840","pages2k2017","PAGES2k v2.0.0 useInGlobalTemperatureAnalysis FALSE"
"NAm_2841","pages2k2017","PAGES2k v2.0.0 useInGlobalTemperatureAnalysis FALSE"
"NAm_2842","pages2k2017","PAGES2k v2.0.0 useInGlobalTemperatureAnalysis FALSE"
"NAm_2843","pages2k2017","PAGES2k v2.0.0 useInGlobalTemperatureAnalysis FALSE"
"NAm_2844","pages2k2017","PAGES2k v2.0.0 useInGlobalTemperatureAnalysis FALSE"
"NAm_2845","pages2k2017","PAGES2k v2.0.0 useInGlobalTemperatureAnalysis FALSE"
"NAm_2846","pages2k2017","PAGES2k v2.0.0 useInGlobalTemperatureAnalysis FALSE"
"NAm_2847","pages2k2017","PAGES2k v2.0.0 useInGlobalTemperatureAnalysis FALSE"
"NAm_2849","pages2k2017","PAGES2k v2.0.0 useInGlobalTemperatureAnalysis FALSE"
"NAm_2850","pages2k2017","PAGES2k v2.0.0 useInGlobalTemperatureAnalysis FALSE"
"NAm_2851","pages2k2017","PAGES2k v2.0.0 useInGlobalTemperatureAnalysis FALSE"
"NAm_2852","pages2k2017","PAGES2k v2.0.0 useInGlobalTemperatureAnalysis FALSE"
"NAm_2853","pages2k2017","PAGES2k v2.0.0 useInGlobalTemperatureAnalysis FALSE"
"NAm_2854","pages2k2017","PAGES2k v2.0.0 useInGlobalTemperatureAnalysis FALSE"
"NAm_2855","pages2k2017","PAGES2k v2.0.0 useInGlobalTemperatureAnalysis FALSE"
"NAm_2856","pages2k2017","PAGES2k v2.0.0 useInGlobalTemperatureAnalysis FALSE"
"NAm_3001","pages2k2017","PAGES2k v2.0.0 useInGlobalTemperatureAnalysis FALSE"
"NAm_3002","pages2k2017","PAGES2k v2.0.0 useInGlobalTemperatureAnalysis FALSE"
"NAm_3003","pages2k2017","PAGES2k v2.0.0 useInGlobalTemperatureAnalysis FALSE"
"NAm_3005","pages2k2017","PAGES2k v2.0.0 useInGlobalTemperatureAnalysis FALSE"
"NAm_3006","pages2k2017","PAGES2k v2.0.0 useInGlobalTemperatureAnalysis FALSE"
"NAm_3007","pages2k2017","PAGES2k v2.0.0 useInGlobalTemperatureAnalysis FALSE"
"NAm_3008","pages2k2017","PAGES2k v2.0.0 useInGlobalTemperatureAnalysis FALSE"
"NAm_3009","pages2k2017","PAGES2k v2.0.0 useInGlobalTemperatureAnalysis FALSE"
"NAm_3010","pages2k2017","PAGES2k v2.0.0 useInGlobalTemperatureAnalysis FALSE"
"NAm_3011","pages2k2017","PAGES2k v2.0.0 useInGlobalTemperatureAnalysis FALSE"
"NAm_3012","pages2k2017","PAGES2k v2.0.0 useInGlobalTemperatureAnalysis FALSE"
"NAm_3013","pages2k2017","PAGES2k v2.0.0 useInGlobalTemperatureAnalysis FALSE"
"NAm_3014","pages2k2017","PAGES2k v2.0.0 useInGlobalTemperatureAnalysis FALSE"
"NAm_3015","pages2k2017","PAGES2k v2.0.0 useInGlobalTemperatureAnalysis FALSE"
"NAm_3017","pages2k2017","PAGES2k v2.0.0 useInGlobalTemperatureAnalysis FALSE"
"NAm_3018","pages2k2017","PAGES2k v2.0.0 useInGlobalTemperatureAnalysis FALSE"
"NAm_3019","pages2k2017","PAGES2k v2.0.0 useInGlobalTemperatureAnalysis FALSE"
"NAm_3020","pages2k2017","PAGES2k v2.0.0 useInGlobalTemperatureAnalysis FALSE"
"NAm_3021","pages2k2017","PAGES2k v2.0.0 useInGlobalTemperatureAnalysis FALSE"
"NAm_3022","pages2k2017","PAGES2k v2.0.0 useInGlobalTemperatureAnalysis FALSE"
"NAm_3023","pages2k2017","PAGES2k v2.0.0 useInGlobalTemperatureAnalysis FALSE"
"NAm_3024","pages2k2017","PAGES2k v2.0.0 useInGlobalTemperatureAnalysis FALSE"
"NAm_3085","pages2k2017","PAGES2k v2.0.0 useInGlobalTemperatureAnalysis FALSE"
"NAm_3086","pages2k2017","PAGES2k v2.0.0 useInGlobalTemperatureAnalysis FALSE"
"NAm_3087","pages2k2017","PAGES2k v2.0.0 useInGlobalTemperatureAnalysis FALSE"
"NAm_3088","pages2k2017","PAGES2k v2.0.0 useInGlobalTemperatureAnalysis FALSE"
"NAm_3089","pages2k2017","PAGES2k v2.0.0 useInGlobalTemperatureAnalysis FALSE"
"NAm_3090","pages2k2017","PAGES2k v2.0.0 useInGlobalTemperatureAnalysis FALSE"
"NAm_3091","pages2k2017","PAGES2k v2.0.0 useInGlobalTemperatureAnalysis FALSE"
"NAm_3092","pages2k2017","PAGES2k v2.0.0 useInGlobalTemperatureAnalysis FALSE"
"NAm_3093","pages2k2017","PAGES2k v2.0.0 useInGlobalTemperatureAnalysis FALSE"
"NAm_3094","pages2k2017","PAGES2k v2.0.0 useInGlobalTemperatureAnalysis FALSE"
"NAm_3095","pages2k2017","PAGES2k v2.0.0 useInGlobalTemperatureAnalysis FALSE"
"NAm_3096","pages2k2017","PAGES2k v2.0.0 useInGlobalTemperatureAnalysis FALSE"
"NAm_3097","pages2k2017","PAGES2k v2.0.0 useInGlobalTemperatureAnalysis FALSE"
"NAm_3098","pages2k2017","PAGES2k v2.0.0 useInGlobalTemperatureAnalysis FALSE"
"NAm_3099","pages2k2017","PAGES2k v2.0.0 useInGlobalTemperatureAnalysis FALSE"
"NAm_3101","pages2k2017","PAGES2k v2.0.0 useInGlobalTemperatureAnalysis FALSE"
"NAm_3102","pages2k2017","PAGES2k v2.0.0 useInGlobalTemperatureAnalysis FALSE"
"NAm_3103","pages2k2017","PAGES2k v2.0.0 useInGlobalTemperatureAnalysis FALSE"
"NAm_3104","pages2k2017","PAGES2k v2.0.0 useInGlobalTemperatureAnalysis FALSE"
"NAm_3105","pages2k2017","PAGES2k v2.0.0 useInGlobalTemperatureAnalysis FALSE"
"NAm_3106","pages2k2017","PAGES2k v2.0.0 useInGlobalTemperatureAnalysis FALSE"
"NAm_3107","pages2k2017","PAGES2k v2.0.0 useInGlobalTemperatureAnalysis FALSE"
"NAm_3108","pages2k2017","PAGES2k v2.0.0 useInGlobalTemperatureAnalysis FALSE"
"NAm_3109","pages2k2017","PAGES2k v2.0.0 useInGlobalTemperatureAnalysis FALSE"
"NAm_3110","pages2k2017","PAGES2k v2.0.0 useInGlobalTemperatureAnalysis FALSE"
"NAm_3111","pages2k2017","PAGES2k v2.0.0 useInGlobalTemperatureAnalysis FALSE"
"NAm_3112","pages2k2017","PAGES2k v2.0.0 useInGlobalTemperatureAnalysis FALSE"
"NAm_3113","pages2k2017","PAGES2k v2.0.0 useInGlobalTemperatureAnalysis FALSE"
"NAm_3114","pages2k2017","PAGES2k v2.0.0 useInGlobalTemperatureAnalysis FALSE"
"NAm_3115","pages2k2017","PAGES2k v2.0.0 useInGlobalTemperatureAnalysis FALSE"
"NAm_3116","pages2k2017","PAGES2k v2.0.0 useInGlobalTemperatureAnalysis FALSE"
"NAm_3117","pages2k2017","PAGES2k v2.0.0 useInGlobalTemperatureAnalysis FALSE"
"NAm_3118","pages2k2017","PAGES2k v2.0.0 useInGlobalTemperatureAnalysis FALSE"
"NAm_3119","pages2k2017","PAGES2k v2.0.0 useInGlobalTemperatureAnalysis FALSE"
"NAm_3120","pages2k2017","PAGES2k v2.0.0 useInGlobalTemperatureAnalysis FALSE"
"NAm_3121","pages2k2017","PAGES2k v2.0.0 useInGlobalTemperatureAnalysis FALSE"
"NAm_3122","pages2k2017","PAGES2k v2.0.0 useInGlobalTemperatureAnalysis FALSE"
"NAm_3123","pages2k2017","PAGES2k v2.0.0 useInGlobalTemperatureAnalysis FALSE"
"NAm_3125","pages2k2017","PAGES2k v2.0.0 useInGlobalTemperatureAnalysis FALSE"
"NAm_3126","pages2k2017","PAGES2k v2.0.0 useInGlobalTemperatureAnalysis FALSE"
"NAm_3127","pages2k2017","PAGES2k v2.0.0 useInGlobalTemperatureAnalysis FALSE"
"NAm_3128","pages2k2017","PAGES2k v2.0.0 useInGlobalTemperatureAnalysis FALSE"
"NAm_3129","pages2k2017","PAGES2k v2.0.0 useInGlobalTemperatureAnalysis FALSE"
"NAm_3130","pages2k2017","PAGES2k v2.0.0 useInGlobalTemperatureAnalysis FALSE"
"NAm_3131","pages2k2017","PAGES2k v2.0.0 useInGlobalTemperatureAnalysis FALSE"
"NAm_3132","pages2k2017","PAGES2k v2.0.0 useInGlobalTemperatureAnalysis FALSE"
"NAm_037","pages2k2017","PAGES2k v2.0.0 useInGlobalTemperatureAnalysis FALSE"
"NAm_038","pages2k2017","PAGES2k v2.0.0 useInGlobalTemperatureAnalysis FALSE"
"NAm_039","pages2k2017","PAGES2k v2.0.0 useInGlobalTemperatureAnalysis FALSE"
"NAm_041","pages2k2017","PAGES2k v2.0.0 useInGlobalTemperatureAnalysis FALSE"
"NAm_042","pages2k2017","PAGES2k v2.0.0 useInGlobalTemperatureAnalysis FALSE"
"NAm_043","pages2k2017","PAGES2k v2.0.0 useInGlobalTemperatureAnalysis FALSE"
"NAm_044","pages2k2017","PAGES2k v2.0.0 useInGlobalTemperatureAnalysis FALSE"
"NAm_045","pages2k2017","PAGES2k v2.0.0 useInGlobalTemperatureAnalysis FALSE"
"NAm_046","pages2k2017","PAGES2k v2.0.0 useInGlobalTemperatureAnalysis FALSE"
"NAm_047","pages2k2017","PAGES2k v2.0.0 useInGlobalTemperatureAnalysis FALSE"
"NAm_048","pages2k2017","PAGES2k v2.0.0 useInGlobalTemperatureAnalysis FALSE"
"NAm_049","pages2k2017","PAGES2k v2.0.0 useInGlobalTemperatureAnalysis FALSE"
"NAm_050","pages2k2017","PAGES2k v2.0.0 useInGlobalTemperatureAnalysis FALSE"
"NAm_051","pages2k2017","PAGES2k v2.0.0 useInGlobalTemperatureAnalysis FALSE"
"NAm_053","pages2k2017","PAGES2k v2.0.0 useInGlobalTemperatureAnalysis FALSE"
"NAm_054","pages2k2017","PAGES2k v2.0.0 useInGlobalTemperatureAnalysis FALSE"
"NAm_055","pages2k2017","PAGES2k v2.0.0 useInGlobalTemperatureAnalysis FALSE"
"NAm_056","pages2k2017","PAGES2k v2.0.0 useInGlobalTemperatureAnalysis FALSE"
"NAm_057","pages2k2017","PAGES2k v2.0.0 useInGlobalTemperatureAnalysis FALSE"
"NAm_058","pages2k2017","PAGES2k v2.0.0 useInGlobalTemperatureAnalysis FALSE"
"NAm_059","pages2k2017","PAGES2k v2.0.0 useInGlobalTemperatureAnalysis FALSE"
"NAm_060","pages2k2017","PAGES2k v2.0.0 useInGlobalTemperatureAnalysis FALSE"
"NAm_3794","pages2k2017","PAGES2k v2.0.0 useInGlobalTemperatureAnalysis FALSE"
"NAm_3795","pages2k2017","PAGES2k v2.0.0 useInGlobalTemperatureAnalysis FALSE"
"NAm_3181","pages2k2017","PAGES2k v2.0.0 useInGlobalTemperatureAnalysis FALSE"
"NAm_3182","pages2k2017","PAGES2k v2.0.0 useInGlobalTemperatureAnalysis FALSE"
"NAm_3183","pages2k2017","PAGES2k v2.0.0 useInGlobalTemperatureAnalysis FALSE"
"NAm_3185","pages2k2017","PAGES2k v2.0.0 useInGlobalTemperatureAnalysis FALSE"
"NAm_3186","pages2k2017","PAGES2k v2.0.0 useInGlobalTemperatureAnalysis FALSE"
"NAm_3187","pages2k2017","PAGES2k v2.0.0 useInGlobalTemperatureAnalysis FALSE"
"NAm_3188","pages2k2017","PAGES2k v2.0.0 useInGlobalTemperatureAnalysis FALSE"
"NAm_3189","pages2k2017","PAGES2k v2.0.0 useInGlobalTemperatureAnalysis FALSE"
"NAm_3190","pages2k2017","PAGES2k v2.0.0 useInGlobalTemperatureAnalysis FALSE"
"NAm_3191","pages2k2017","PAGES2k v2.0.0 useInGlobalTemperatureAnalysis FALSE"
"NAm_3192","pages2k2017","PAGES2k v2.0.0 useInGlobalTemperatureAnalysis FALSE"
"NAm_3229","pages2k2017","PAGES2k v2.0.0 useInGlobalTemperatureAnalysis FALSE"
"NAm_3230","pages2k2017","PAGES2k v2.0.0 useInGlobalTemperatureAnalysis FALSE"
"NAm_3231","pages2k2017","PAGES2k v2.0.0 useInGlobalTemperatureAnalysis FALSE"
"NAm_3232","pages2k2017","PAGES2k v2.0.0 useInGlobalTemperatureAnalysis FALSE"
"NAm_3233","pages2k2017","PAGES2k v2.0.0 useInGlobalTemperatureAnalysis FALSE"
"NAm_3234","pages2k2017","PAGES2k v2.0.0 useInGlobalTemperatureAnalysis FALSE"
"NAm_3235","pages2k2017","PAGES2k v2.0.0 useInGlobalTemperatureAnalysis FALSE"
"NAm_3236","pages2k2017","PAGES2k v2.0.0 useInGlobalTemperatureAnalysis FALSE"
"NAm_3237","pages2k2017","PAGES2k v2.0.0 useInGlobalTemperatureAnalysis FALSE"
"NAm_3238","pages2k2017","PAGES2k v2.0.0 useInGlobalTemperatureAnalysis FALSE"
"NAm_3239","pages2k2017","PAGES2k v2.0.0 useInGlobalTemperatureAnalysis FALSE"
"NAm_3240","pages2k2017","PAGES2k v2.0.0 useInGlobalTemperatureAnalysis FALSE"
"NAm_3241","pages2k2017","PAGES2k v2.0.0 useInGlobalTemperatureAnalysis FALSE"
"NAm_3242","pages2k2017","PAGES2k v2.0.0 useInGlobalTemperatureAnalysis FALSE"
"NAm_3243","pages2k2017","PAGES2k v2.0.0 useInGlobalTemperatureAnalysis FALSE"
"NAm_3245","pages2k2017","PAGES2k v2.0.0 useInGlobalTemperatureAnalysis FALSE"
"NAm_3246","pages2k2017","PAGES2k v2.0.0 useInGlobalTemperatureAnalysis FALSE"
"NAm_3247","pages2k2017","PAGES2k v2.0.0 useInGlobalTemperatureAnalysis FALSE"
"NAm_3248","pages2k2017","PAGES2k v2.0.0 useInGlobalTemperatureAnalysis FALSE"
"NAm_3249","pages2k2017","PAGES2k v2.0.0 useInGlobalTemperatureAnalysis FALSE"
"NAm_3250","pages2k2017","PAGES2k v2.0.0 useInGlobalTemperatureAnalysis FALSE"
"NAm_3251","pages2k2017","PAGES2k v2.0.0 useInGlobalTemperatureAnalysis FALSE"
"NAm_3252","pages2k2017","PAGES2k v2.0.0 useInGlobalTemperatureAnalysis FALSE"
"NAm_3277","pages2k2017","PAGES2k v2.0.0 useInGlobalTemperatureAnalysis FALSE"
"NAm_3278","pages2k2017","PAGES2k v2.0.0 useInGlobalTemperatureAnalysis FALSE"
"NAm_3279","pages2k2017","PAGES2k v2.0.0 useInGlobalTemperatureAnalysis FALSE"
"NAm_3281","pages2k2017","PAGES2k v2.0.0 useInGlobalTemperatureAnalysis FALSE"
"NAm_3282","pages2k2017","PAGES2k v2.0.0 useInGlobalTemperatureAnalysis FALSE"
"NAm_3283","pages2k2017","PAGES2k v2.0.0 useInGlobalTemperatureAnalysis FALSE"
"NAm_3284","pages2k2017","PAGES2k v2.0.0 useInGlobalTemperatureAnalysis FALSE"
"NAm_3285","pages2k2017","PAGES2k v2.0.0 useInGlobalTemperatureAnalysis FALSE"
"NAm_3286","pages2k2017","PAGES2k v2.0.0 useInGlobalTemperatureAnalysis FALSE"
"NAm_3287","pages2k2017","PAGES2k v2.0.0 useInGlobalTemperatureAnalysis FALSE"
"NAm_3288","pages2k2017","PAGES2k v2.0.0 useInGlobalTemperatureAnalysis FALSE"
"NAm_3349","pages2k2017","PAGES2k v2.0.0 useInGlobalTemperatureAnalysis FALSE"
"NAm_3350","pages2k2017","PAGES2k v2.0.0 useInGlobalTemperatureAnalysis FALSE"
"NAm_3351","pages2k2017","PAGES2k v2.0.0 useInGlobalTemperatureAnalysis FALSE"
"NAm_3353","pages2k2017","PAGES2k v2.0.0 useInGlobalTemperatureAnalysis FALSE"
"NAm_3354","pages2k2017","PAGES2k v2.0.0 useInGlobalTemperatureAnalysis FALSE"
"NAm_3355","pages2k2017","PAGES2k v2.0.0 useInGlobalTemperatureAnalysis FALSE"
"NAm_3356","pages2k2017","PAGES2k v2.0.0 useInGlobalTemperatureAnalysis FALSE"
"NAm_3357","pages2k2017","PAGES2k v2.0.0 useInGlobalTemperatureAnalysis FALSE"
"NAm_3358","pages2k2017","PAGES2k v2.0.0 useInGlobalTemperatureAnalysis FALSE"
"NAm_3359","pages2k2017","PAGES2k v2.0.0 useInGlobalTemperatureAnalysis FALSE"
"NAm_3360","pages2k2017","PAGES2k v2.0.0 useInGlobalTemperatureAnalysis FALSE"
"NAm_3373","pages2k2017","PAGES2k v2.0.0 useInGlobalTemperatureAnalysis FALSE"
"NAm_3374","pages2k2017","PAGES2k v2.0.0 useInGlobalTemperatureAnalysis FALSE"
"NAm_3375","pages2k2017","PAGES2k v2.0.0 useInGlobalTemperatureAnalysis FALSE"
"NAm_3377","pages2k2017","PAGES2k v2.0.0 useInGlobalTemperatureAnalysis FALSE"
"NAm_3378","pages2k2017","PAGES2k v2.0.0 useInGlobalTemperatureAnalysis FALSE"
"NAm_3379","pages2k2017","PAGES2k v2.0.0 useInGlobalTemperatureAnalysis FALSE"
"NAm_3380","pages2k2017","PAGES2k v2.0.0 useInGlobalTemperatureAnalysis FALSE"
"NAm_3381","pages2k2017","PAGES2k v2.0.0 useInGlobalTemperatureAnalysis FALSE"
"NAm_3382","pages2k2017","PAGES2k v2.0.0 useInGlobalTemperatureAnalysis FALSE"
"NAm_3383","pages2k2017","PAGES2k v2.0.0 useInGlobalTemperatureAnalysis FALSE"
"NAm_3384","pages2k2017","PAGES2k v2.0.0 useInGlobalTemperatureAnalysis FALSE"
"NAm_3385","pages2k2017","PAGES2k v2.0.0 useInGlobalTemperatureAnalysis FALSE"
"NAm_3386","pages2k2017","PAGES2k v2.0.0 useInGlobalTemperatureAnalysis FALSE"
"NAm_3387","pages2k2017","PAGES2k v2.0.0 useInGlobalTemperatureAnalysis FALSE"
"NAm_3389","pages2k2017","PAGES2k v2.0.0 useInGlobalTemperatureAnalysis FALSE"
"NAm_3390","pages2k2017","PAGES2k v2.0.0 useInGlobalTemperatureAnalysis FALSE"
"NAm_3391","pages2k2017","PAGES2k v2.0.0 useInGlobalTemperatureAnalysis FALSE"
"NAm_3392","pages2k2017","PAGES2k v2.0.0 useInGlobalTemperatureAnalysis FALSE"
"NAm_3393","pages2k2017","PAGES2k v2.0.0 useInGlobalTemperatureAnalysis FALSE"
"NAm_3394","pages2k2017","PAGES2k v2.0.0 useInGlobalTemperatureAnalysis FALSE"
"NAm_3395","pages2k2017","PAGES2k v2.0.0 useInGlobalTemperatureAnalysis FALSE"
"NAm_3396","pages2k2017","PAGES2k v2.0.0 useInGlobalTemperatureAnalysis FALSE"
"NAm_3397","pages2k2017","PAGES2k v2.0.0 useInGlobalTemperatureAnalysis FALSE"
"NAm_3398","pages2k2017","PAGES2k v2.0.0 useInGlobalTemperatureAnalysis FALSE"
"NAm_3399","pages2k2017","PAGES2k v2.0.0 useInGlobalTemperatureAnalysis FALSE"
"NAm_3401","pages2k2017","PAGES2k v2.0.0 useInGlobalTemperatureAnalysis FALSE"
"NAm_3402","pages2k2017","PAGES2k v2.0.0 useInGlobalTemperatureAnalysis FALSE"
"NAm_3403","pages2k2017","PAGES2k v2.0.0 useInGlobalTemperatureAnalysis FALSE"
"NAm_3404","pages2k2017","PAGES2k v2.0.0 useInGlobalTemperatureAnalysis FALSE"
"NAm_3405","pages2k2017","PAGES2k v2.0.0 useInGlobalTemperatureAnalysis FALSE"
"NAm_3406","pages2k2017","PAGES2k v2.0.0 useInGlobalTemperatureAnalysis FALSE"
"NAm_3407","pages2k2017","PAGES2k v2.0.0 useInGlobalTemperatureAnalysis FALSE"
"NAm_3408","pages2k2017","PAGES2k v2.0.0 useInGlobalTemperatureAnalysis FALSE"
"NAm_3409","pages2k2017","PAGES2k v2.0.0 useInGlobalTemperatureAnalysis FALSE"
"NAm_3410","pages2k2017","PAGES2k v2.0.0 useInGlobalTemperatureAnalysis FALSE"
"NAm_3411","pages2k2017","PAGES2k v2.0.0 useInGlobalTemperatureAnalysis FALSE"
"NAm_3413","pages2k2017","PAGES2k v2.0.0 useInGlobalTemperatureAnalysis FALSE"
"NAm_3414","pages2k2017","PAGES2k v2.0.0 useInGlobalTemperatureAnalysis FALSE"
"NAm_3415","pages2k2017","PAGES2k v2.0.0 useInGlobalTemperatureAnalysis FALSE"
"NAm_3416","pages2k2017","PAGES2k v2.0.0 useInGlobalTemperatureAnalysis FALSE"
"NAm_3417","pages2k2017","PAGES2k v2.0.0 useInGlobalTemperatureAnalysis FALSE"
"NAm_3418","pages2k2017","PAGES2k v2.0.0 useInGlobalTemperatureAnalysis FALSE"
"NAm_3419","pages2k2017","PAGES2k v2.0.0 useInGlobalTemperatureAnalysis FALSE"
"NAm_3420","pages2k2017","PAGES2k v2.0.0 useInGlobalTemperatureAnalysis FALSE"
"NAm_3421","pages2k2017","PAGES2k v2.0.0 useInGlobalTemperatureAnalysis FALSE"
"NAm_3422","pages2k2017","PAGES2k v2.0.0 useInGlobalTemperatureAnalysis FALSE"
"NAm_3423","pages2k2017","PAGES2k v2.0.0 useInGlobalTemperatureAnalysis FALSE"
"NAm_3424","pages2k2017","PAGES2k v2.0.0 useInGlobalTemperatureAnalysis FALSE"
"NAm_3425","pages2k2017","PAGES2k v2.0.0 useInGlobalTemperatureAnalysis FALSE"
"NAm_3426","pages2k2017","PAGES2k v2.0.0 useInGlobalTemperatureAnalysis FALSE"
"NAm_3427","pages2k2017","PAGES2k v2.0.0 useInGlobalTemperatureAnalysis FALSE"
"NAm_3428","pages2k2017","PAGES2k v2.0.0 useInGlobalTemperatureAnalysis FALSE"
"NAm_3429","pages2k2017","PAGES2k v2.0.0 useInGlobalTemperatureAnalysis FALSE"
"NAm_3430","pages2k2017","PAGES2k v2.0.0 useInGlobalTemperatureAnalysis FALSE"
"NAm_3431","pages2k2017","PAGES2k v2.0.0 useInGlobalTemperatureAnalysis FALSE"
"NAm_3432","pages2k2017","PAGES2k v2.0.0 useInGlobalTemperatureAnalysis FALSE"
"NAm_3433","pages2k2017","PAGES2k v2.0.0 useInGlobalTemperatureAnalysis FALSE"
"NAm_3434","pages2k2017","PAGES2k v2.0.0 useInGlobalTemperatureAnalysis FALSE"
"NAm_3435","pages2k2017","PAGES2k v2.0.0 useInGlobalTemperatureAnalysis FALSE"
"NAm_3437","pages2k2017","PAGES2k v2.0.0 useInGlobalTemperatureAnalysis FALSE"
"NAm_3438","pages2k2017","PAGES2k v2.0.0 useInGlobalTemperatureAnalysis FALSE"
"NAm_3439","pages2k2017","PAGES2k v2.0.0 useInGlobalTemperatureAnalysis FALSE"
"NAm_3440","pages2k2017","PAGES2k v2.0.0 useInGlobalTemperatureAnalysis FALSE"
"NAm_3441","pages2k2017","PAGES2k v2.0.0 useInGlobalTemperatureAnalysis FALSE"
"NAm_3442","pages2k2017","PAGES2k v2.0.0 useInGlobalTemperatureAnalysis FALSE"
"NAm_3443","pages2k2017","PAGES2k v2.0.0 useInGlobalTemperatureAnalysis FALSE"
"NAm_3444","pages2k2017","PAGES2k v2.0.0 useInGlobalTemperatureAnalysis FALSE"
"NAm_3469","pages2k2017","PAGES2k v2.0.0 useInGlobalTemperatureAnalysis FALSE"
"NAm_3470","pages2k2017","PAGES2k v2.0.0 useInGlobalTemperatureAnalysis FALSE"
"NAm_3471","pages2k2017","PAGES2k v2.0.0 useInGlobalTemperatureAnalysis FALSE"
"NAm_3473","pages2k2017","PAGES2k v2.0.0 useInGlobalTemperatureAnalysis FALSE"
"NAm_3474","pages2k2017","PAGES2k v2.0.0 useInGlobalTemperatureAnalysis FALSE"
"NAm_3475","pages2k2017","PAGES2k v2.0.0 useInGlobalTemperatureAnalysis FALSE"
"NAm_3476","pages2k2017","PAGES2k v2.0.0 useInGlobalTemperatureAnalysis FALSE"
"NAm_3477","pages2k2017","PAGES2k v2.0.0 useInGlobalTemperatureAnalysis FALSE"
"NAm_3478","pages2k2017","PAGES2k v2.0.0 useInGlobalTemperatureAnalysis FALSE"
"NAm_3479","pages2k2017","PAGES2k v2.0.0 useInGlobalTemperatureAnalysis FALSE"
"NAm_3480","pages2k2017","PAGES2k v2.0.0 useInGlobalTemperatureAnalysis FALSE"
"NAm_3481","pages2k2017","PAGES2k v2.0.0 useInGlobalTemperatureAnalysis FALSE"
"NAm_3482","pages2k2017","PAGES2k v2.0.0 useInGlobalTemperatureAnalysis FALSE"
"NAm_3483","pages2k2017","PAGES2k v2.0.0 useInGlobalTemperatureAnalysis FALSE"
"NAm_3485","pages2k2017","PAGES2k v2.0.0 useInGlobalTemperatureAnalysis FALSE"
"NAm_3486","pages2k2017","PAGES2k v2.0.0 useInGlobalTemperatureAnalysis FALSE"
"NAm_3487","pages2k2017","PAGES2k v2.0.0 useInGlobalTemperatureAnalysis FALSE"
"NAm_3488","pages2k2017","PAGES2k v2.0.0 useInGlobalTemperatureAnalysis FALSE"
"NAm_3489","pages2k2017","PAGES2k v2.0.0 useInGlobalTemperatureAnalysis FALSE"
"NAm_3490","pages2k2017","PAGES2k v2.0.0 useInGlobalTemperatureAnalysis FALSE"
"NAm_3491","pages2k2017","PAGES2k v2.0.0 useInGlobalTemperatureAnalysis FALSE"
"NAm_3492","pages2k2017","PAGES2k v2.0.0 useInGlobalTemperatureAnalysis FALSE"
"NAm_3517","pages2k2017","PAGES2k v2.0.0 useInGlobalTemperatureAnalysis FALSE"
"NAm_3518","pages2k2017","PAGES2k v2.0.0 useInGlobalTemperatureAnalysis FALSE"
"NAm_3519","pages2k2017","PAGES2k v2.0.0 useInGlobalTemperatureAnalysis FALSE"
"NAm_3521","pages2k2017","PAGES2k v2.0.0 useInGlobalTemperatureAnalysis FALSE"
"NAm_3522","pages2k2017","PAGES2k v2.0.0 useInGlobalTemperatureAnalysis FALSE"
"NAm_3523","pages2k2017","PAGES2k v2.0.0 useInGlobalTemperatureAnalysis FALSE"
"NAm_3524","pages2k2017","PAGES2k v2.0.0 useInGlobalTemperatureAnalysis FALSE"
"NAm_3525","pages2k2017","PAGES2k v2.0.0 useInGlobalTemperatureAnalysis FALSE"
"NAm_3526","pages2k2017","PAGES2k v2.0.0 useInGlobalTemperatureAnalysis FALSE"
"NAm_3527","pages2k2017","PAGES2k v2.0.0 useInGlobalTemperatureAnalysis FALSE"
"NAm_3528","pages2k2017","PAGES2k v2.0.0 useInGlobalTemperatureAnalysis FALSE"
"NAm_3553","pages2k2017","PAGES2k v2.0.0 useInGlobalTemperatureAnalysis FALSE"
"NAm_3554","pages2k2017","PAGES2k v2.0.0 useInGlobalTemperatureAnalysis FALSE"
"NAm_3555","pages2k2017","PAGES2k v2.0.0 useInGlobalTemperatureAnalysis FALSE"
"NAm_3557","pages2k2017","PAGES2k v2.0.0 useInGlobalTemperatureAnalysis FALSE"
"NAm_3558","pages2k2017","PAGES2k v2.0.0 useInGlobalTemperatureAnalysis FALSE"
"NAm_3559","pages2k2017","PAGES2k v2.0.0 useInGlobalTemperatureAnalysis FALSE"
"NAm_3560","pages2k2017","PAGES2k v2.0.0 useInGlobalTemperatureAnalysis FALSE"
"NAm_3561","pages2k2017","PAGES2k v2.0.0 useInGlobalTemperatureAnalysis FALSE"
"NAm_3562","pages2k2017","PAGES2k v2.0.0 useInGlobalTemperatureAnalysis FALSE"
"NAm_3563","pages2k2017","PAGES2k v2.0.0 useInGlobalTemperatureAnalysis FALSE"
"NAm_3564","pages2k2017","PAGES2k v2.0.0 useInGlobalTemperatureAnalysis FALSE"
"NAm_3589","pages2k2017","PAGES2k v2.0.0 useInGlobalTemperatureAnalysis FALSE"
"NAm_3590","pages2k2017","PAGES2k v2.0.0 useInGlobalTemperatureAnalysis FALSE"
"NAm_3591","pages2k2017","PAGES2k v2.0.0 useInGlobalTemperatureAnalysis FALSE"
"NAm_3592","pages2k2017","PAGES2k v2.0.0 useInGlobalTemperatureAnalysis FALSE"
"NAm_3593","pages2k2017","PAGES2k v2.0.0 useInGlobalTemperatureAnalysis FALSE"
"NAm_3594","pages2k2017","PAGES2k v2.0.0 useInGlobalTemperatureAnalysis FALSE"
"NAm_3595","pages2k2017","PAGES2k v2.0.0 useInGlobalTemperatureAnalysis FALSE"
"NAm_3596","pages2k2017","PAGES2k v2.0.0 useInGlobalTemperatureAnalysis FALSE"
"NAm_3597","pages2k2017","PAGES2k v2.0.0 useInGlobalTemperatureAnalysis FALSE"
"NAm_3598","pages2k2017","PAGES2k v2.0.0 useInGlobalTemperatureAnalysis FALSE"
"NAm_3599","pages2k2017","PAGES2k v2.0.0 useInGlobalTemperatureAnalysis FALSE"
"NAm_3600","pages2k2017","PAGES2k v2.0.0 useInGlobalTemperatureAnalysis FALSE"
"NAm_3601","pages2k2017","PAGES2k v2.0.0 useInGlobalTemperatureAnalysis FALSE"
"NAm_3602","pages2k2017","PAGES2k v2.0.0 useInGlobalTemperatureAnalysis FALSE"
"NAm_3603","pages2k2017","PAGES2k v2.0.0 useInGlobalTemperatureAnalysis FALSE"
"NAm_3605","pages2k2017","PAGES2k v2.0.0 useInGlobalTemperatureAnalysis FALSE"
"NAm_3606","pages2k2017","PAGES2k v2.0.0 useInGlobalTemperatureAnalysis FALSE"
"NAm_3607","pages2k2017","PAGES2k v2.0.0 useInGlobalTemperatureAnalysis FALSE"
"NAm_3608","pages2k2017","PAGES2k v2.0.0 useInGlobalTemperatureAnalysis FALSE"
"NAm_3609","pages2k2017","PAGES2k v2.0.0 useInGlobalTemperatureAnalysis FALSE"
"NAm_3610","pages2k2017","PAGES2k v2.0.0 useInGlobalTemperatureAnalysis FALSE"
"NAm_3611","pages2k2017","PAGES2k v2.0.0 useInGlobalTemperatureAnalysis FALSE"
"NAm_3612","pages2k2017","PAGES2k v2.0.0 useInGlobalTemperatureAnalysis FALSE"
"NAm_3613","pages2k2017","PAGES2k v2.0.0 useInGlobalTemperatureAnalysis FALSE"
"NAm_3614","pages2k2017","PAGES2k v2.0.0 useInGlobalTemperatureAnalysis FALSE"
"NAm_3615","pages2k2017","PAGES2k v2.0.0 useInGlobalTemperatureAnalysis FALSE"
"NAm_3617","pages2k2017","PAGES2k v2.0.0 useInGlobalTemperatureAnalysis FALSE"
"NAm_3618","pages2k2017","PAGES2k v2.0.0 useInGlobalTemperatureAnalysis FALSE"
"NAm_3619","pages2k2017","PAGES2k v2.0.0 useInGlobalTemperatureAnalysis FALSE"
"NAm_3620","pages2k2017","PAGES2k v2.0.0 useInGlobalTemperatureAnalysis FALSE"
"NAm_3621","pages2k2017","PAGES2k v2.0.0 useInGlobalTemperatureAnalysis FALSE"
"NAm_3622","pages2k2017","PAGES2k v2.0.0 useInGlobalTemperatureAnalysis FALSE"
"NAm_3623","pages2k2017","PAGES2k v2.0.0 useInGlobalTemperatureAnalysis FALSE"
"NAm_3624","pages2k2017","PAGES2k v2.0.0 useInGlobalTemperatureAnalysis FALSE"
"NAm_3625","pages2k2017","PAGES2k v2.0.0 useInGlobalTemperatureAnalysis FALSE"
"NAm_3626","pages2k2017","PAGES2k v2.0.0 useInGlobalTemperatureAnalysis FALSE"
"NAm_3627","pages2k2017","PAGES2k v2.0.0 useInGlobalTemperatureAnalysis FALSE"
"NAm_3629","pages2k2017","PAGES2k v2.0.0 useInGlobalTemperatureAnalysis FALSE"
"NAm_3630","pages2k2017","PAGES2k v2.0.0 useInGlobalTemperatureAnalysis FALSE"
"NAm_3631","pages2k2017","PAGES2k v2.0.0 useInGlobalTemperatureAnalysis FALSE"
"NAm_3632","pages2k2017","PAGES2k v2.0.0 useInGlobalTemperatureAnalysis FALSE"
"NAm_3633","pages2k2017","PAGES2k v2.0.0 useInGlobalTemperatureAnalysis FALSE"
"NAm_3634","pages2k2017","PAGES2k v2.0.0 useInGlobalTemperatureAnalysis FALSE"
"NAm_3635","pages2k2017","PAGES2k v2.0.0 useInGlobalTemperatureAnalysis FALSE"
"NAm_3636","pages2k2017","PAGES2k v2.0.0 useInGlobalTemperatureAnalysis FALSE"
"NAm_3637","pages2k2017","PAGES2k v2.0.0 useInGlobalTemperatureAnalysis FALSE"
"NAm_3638","pages2k2017","PAGES2k v2.0.0 useInGlobalTemperatureAnalysis FALSE"
"NAm_3639","pages2k2017","PAGES2k v2.0.0 useInGlobalTemperatureAnalysis FALSE"
"NAm_3640","pages2k2017","PAGES2k v2.0.0 useInGlobalTemperatureAnalysis FALSE"
"NAm_3641","pages2k2017","PAGES2k v2.0.0 useInGlobalTemperatureAnalysis FALSE"
"NAm_3642","pages2k2017","PAGES2k v2.0.0 useInGlobalTemperatureAnalysis FALSE"
"NAm_3643","pages2k2017","PAGES2k v2.0.0 useInGlobalTemperatureAnalysis FALSE"
"NAm_3644","pages2k2017","PAGES2k v2.0.0 useInGlobalTemperatureAnalysis FALSE"
"NAm_3645","pages2k2017","PAGES2k v2.0.0 useInGlobalTemperatureAnalysis FALSE"
"NAm_3646","pages2k2017","PAGES2k v2.0.0 useInGlobalTemperatureAnalysis FALSE"
"NAm_3647","pages2k2017","PAGES2k v2.0.0 useInGlobalTemperatureAnalysis FALSE"
"NAm_3648","pages2k2017","PAGES2k v2.0.0 useInGlobalTemperatureAnalysis FALSE"
"NAm_3649","pages2k2017","PAGES2k v2.0.0 useInGlobalTemperatureAnalysis FALSE"
"NAm_3650","pages2k2017","PAGES2k v2.0.0 useInGlobalTemperatureAnalysis FALSE"
"NAm_3651","pages2k2017","PAGES2k v2.0.0 useInGlobalTemperatureAnalysis FALSE"
"NAm_3653","pages2k2017","PAGES2k v2.0.0 useInGlobalTemperatureAnalysis FALSE"
"NAm_3654","pages2k2017","PAGES2k v2.0.0 useInGlobalTemperatureAnalysis FALSE"
"NAm_3655","pages2k2017","PAGES2k v2.0.0 useInGlobalTemperatureAnalysis FALSE"
"NAm_3656","pages2k2017","PAGES2k v2.0.0 useInGlobalTemperatureAnalysis FALSE"
"NAm_3657","pages2k2017","PAGES2k v2.0.0 useInGlobalTemperatureAnalysis FALSE"
"NAm_3658","pages2k2017","PAGES2k v2.0.0 useInGlobalTemperatureAnalysis FALSE"
"NAm_3659","pages2k2017","PAGES2k v2.0.0 useInGlobalTemperatureAnalysis FALSE"
"NAm_3660","pages2k2017","PAGES2k v2.0.0 useInGlobalTemperatureAnalysis FALSE"
"NAm_3661","pages2k2017","PAGES2k v2.0.0 useInGlobalTemperatureAnalysis FALSE"
"NAm_3662","pages2k2017","PAGES2k v2.0.0 useInGlobalTemperatureAnalysis FALSE"
"NAm_3663","pages2k2017","PAGES2k v2.0.0 useInGlobalTemperatureAnalysis FALSE"
"NAm_3664","pages2k2017","PAGES2k v2.0.0 useInGlobalTemperatureAnalysis FALSE"
"NAm_3665","pages2k2017","PAGES2k v2.0.0 useInGlobalTemperatureAnalysis FALSE"
"NAm_3666","pages2k2017","PAGES2k v2.0.0 useInGlobalTemperatureAnalysis FALSE"
"NAm_3667","pages2k2017","PAGES2k v2.0.0 useInGlobalTemperatureAnalysis FALSE"
"NAm_3668","pages2k2017","PAGES2k v2.0.0 useInGlobalTemperatureAnalysis FALSE"
"NAm_3669","pages2k2017","PAGES2k v2.0.0 useInGlobalTemperatureAnalysis FALSE"
"NAm_3670","pages2k2017","PAGES2k v2.0.0 useInGlobalTemperatureAnalysis FALSE"
"NAm_3671","pages2k2017","PAGES2k v2.0.0 useInGlobalTemperatureAnalysis FALSE"
"NAm_3672","pages2k2017","PAGES2k v2.0.0 useInGlobalTemperatureAnalysis FALSE"
"NAm_3673","pages2k2017","PAGES2k v2.0.0 useInGlobalTemperatureAnalysis FALSE"
"NAm_3674","pages2k2017","PAGES2k v2.0.0 useInGlobalTemperatureAnalysis FALSE"
"NAm_3675","pages2k2017","PAGES2k v2.0.0 useInGlobalTemperatureAnalysis FALSE"
"NAm_3677","pages2k2017","PAGES2k v2.0.0 useInGlobalTemperatureAnalysis FALSE"
"NAm_3678","pages2k2017","PAGES2k v2.0.0 useInGlobalTemperatureAnalysis FALSE"
"NAm_3679","pages2k2017","PAGES2k v2.0.0 useInGlobalTemperatureAnalysis FALSE"
"NAm_3680","pages2k2017","PAGES2k v2.0.0 useInGlobalTemperatureAnalysis FALSE"
"NAm_3681","pages2k2017","PAGES2k v2.0.0 useInGlobalTemperatureAnalysis FALSE"
"NAm_3682","pages2k2017","PAGES2k v2.0.0 useInGlobalTemperatureAnalysis FALSE"
"NAm_3683","pages2k2017","PAGES2k v2.0.0 useInGlobalTemperatureAnalysis FALSE"
"NAm_3684","pages2k2017","PAGES2k v2.0.0 useInGlobalTemperatureAnalysis FALSE"
"NAm_3685","pages2k2017","PAGES2k v2.0.0 useInGlobalTemperatureAnalysis FALSE"
"NAm_3686","pages2k2017","PAGES2k v2.0.0 useInGlobalTemperatureAnalysis FALSE"
"NAm_3687","pages2k2017","PAGES2k v2.0.0 useInGlobalTemperatureAnalysis FALSE"
"NAm_3689","pages2k2017","PAGES2k v2.0.0 useInGlobalTemperatureAnalysis FALSE"
"NAm_3690","pages2k2017","PAGES2k v2.0.0 useInGlobalTemperatureAnalysis FALSE"
"NAm_3691","pages2k2017","PAGES2k v2.0.0 useInGlobalTemperatureAnalysis FALSE"
"NAm_3692","pages2k2017","PAGES2k v2.0.0 useInGlobalTemperatureAnalysis FALSE"
"NAm_3693","pages2k2017","PAGES2k v2.0.0 useInGlobalTemperatureAnalysis FALSE"
"NAm_3694","pages2k2017","PAGES2k v2.0.0 useInGlobalTemperatureAnalysis FALSE"
"NAm_3695","pages2k2017","PAGES2k v2.0.0 useInGlobalTemperatureAnalysis FALSE"
"NAm_3696","pages2k2017","PAGES2k v2.0.0 useInGlobalTemperatureAnalysis FALSE"
"NAm_3697","pages2k2017","PAGES2k v2.0.0 useInGlobalTemperatureAnalysis FALSE"
"NAm_3698","pages2k2017","PAGES2k v2.0.0 useInGlobalTemperatureAnalysis FALSE"
"NAm_3699","pages2k2017","PAGES2k v2.0.0 useInGlobalTemperatureAnalysis FALSE"
"NAm_3701","pages2k2017","PAGES2k v2.0.0 useInGlobalTemperatureAnalysis FALSE"
"NAm_3702","pages2k2017","PAGES2k v2.0.0 useInGlobalTemperatureAnalysis FALSE"
"NAm_3703","pages2k2017","PAGES2k v2.0.0 useInGlobalTemperatureAnalysis FALSE"
"NAm_3704","pages2k2017","PAGES2k v2.0.0 useInGlobalTemperatureAnalysis FALSE"
"NAm_3705","pages2k2017","PAGES2k v2.0.0 useInGlobalTemperatureAnalysis FALSE"
"NAm_3706","pages2k2017","PAGES2k v2.0.0 useInGlobalTemperatureAnalysis FALSE"
"NAm_3707","pages2k2017","PAGES2k v2.0.0 useInGlobalTemperatureAnalysis FALSE"
"NAm_3708","pages2k2017","PAGES2k v2.0.0 useInGlobalTemperatureAnalysis FALSE"
"NAm_3709","pages2k2017","PAGES2k v2.0.0 useInGlobalTemperatureAnalysis FALSE"
"NAm_3710","pages2k2017","PAGES2k v2.0.0 useInGlobalTemperatureAnalysis FALSE"
"NAm_3711","pages2k2017","PAGES2k v2.0.0 useInGlobalTemperatureAnalysis FALSE"
"NAm_3713","pages2k2017","PAGES2k v2.0.0 useInGlobalTemperatureAnalysis FALSE"
"NAm_3714","pages2k2017","PAGES2k v2.0.0 useInGlobalTemperatureAnalysis FALSE"
"NAm_3715","pages2k2017","PAGES2k v2.0.0 useInGlobalTemperatureAnalysis FALSE"
"NAm_3716","pages2k2017","PAGES2k v2.0.0 useInGlobalTemperatureAnalysis FALSE"
"NAm_3717","pages2k2017","PAGES2k v2.0.0 useInGlobalTemperatureAnalysis FALSE"
"NAm_3718","pages2k2017","PAGES2k v2.0.0 useInGlobalTemperatureAnalysis FALSE"
"NAm_3719","pages2k2017","PAGES2k v2.0.0 useInGlobalTemperatureAnalysis FALSE"
"NAm_3720","pages2k2017","PAGES2k v2.0.0 useInGlobalTemperatureAnalysis FALSE"
"NAm_3721","pages2k2017","PAGES2k v2.0.0 useInGlobalTemperatureAnalysis FALSE"
"NAm_3722","pages2k2017","PAGES2k v2.0.0 useInGlobalTemperatureAnalysis FALSE"
"NAm_3723","pages2k2017","PAGES2k v2.0.0 useInGlobalTemperatureAnalysis FALSE"
"NAm_3725","pages2k2017","PAGES2k v2.0.0 useInGlobalTemperatureAnalysis FALSE"
"NAm_3726","pages2k2017","PAGES2k v2.0.0 useInGlobalTemperatureAnalysis FALSE"
"NAm_3727","pages2k2017","PAGES2k v2.0.0 useInGlobalTemperatureAnalysis FALSE"
"NAm_3728","pages2k2017","PAGES2k v2.0.0 useInGlobalTemperatureAnalysis FALSE"
"NAm_3729","pages2k2017","PAGES2k v2.0.0 useInGlobalTemperatureAnalysis FALSE"
"NAm_3730","pages2k2017","PAGES2k v2.0.0 useInGlobalTemperatureAnalysis FALSE"
"NAm_3731","pages2k2017","PAGES2k v2.0.0 useInGlobalTemperatureAnalysis FALSE"
"NAm_3732","pages2k2017","PAGES2k v2.0.0 useInGlobalTemperatureAnalysis FALSE"
"LPD0c86cdf3","pages2k2017","PAGES2k v2.0.0 useInGlobalTemperatureAnalysis FALSE"
"LPD3a67ed6b","pages2k2017","PAGES2k v2.0.0 useInGlobalTemperatureAnalysis FALSE"
"LPD4450ea38","pages2k2017","PAGES2k v2.0.0 useInGlobalTemperatureAnalysis FALSE"
"O2kLR_116","pages2k2017","PAGES2k v2.0.0 useInGlobalTemperatureAnalysis FALSE"
"O2kLR_113","pages2k2017","PAGES2k v2.0.0 useInGlobalTemperatureAnalysis FALSE"
"LPD71606a7f","pages2k2017","PAGES2k v2.0.0 useInGlobalTemperatureAnalysis FALSE"
"LPD7c708633","pages2k2017","PAGES2k v2.0.0 useInGlobalTemperatureAnalysis FALSE"
"LPD7e5468c3","pages2k2017","PAGES2k v2.0.0 useInGlobalTemperatureAnalysis FALSE"
"LPDc08ab49e","pages2k2017","PAGES2k v2.0.0 useInGlobalTemperatureAnalysis FALSE"
"LPD9c86dbd0","pages2k2017","PAGES2k v2.0.0 useInGlobalTemperatureAnalysis FALSE"
"LPD17d4c9be","pages2k2017","PAGES2k v2.0.0 useInGlobalTemperatureAnalysis FALSE"
"LPDc302b237","pages2k2017","PAGES2k v2.0.0 useInGlobalTemperatureAnalysis FALSE"
"LPD07a4e733","pages2k2017","PAGES2k v2.0.0 useInGlobalTemperatureAnalysis FALSE"
"LPD708fb697","pages2k2017","PAGES2k v2.0.0 useInGlobalTemperatureAnalysis FALSE"
"LPD8248269c","pages2k2017","PAGES2k v2.0.0 useInGlobalTemperatureAnalysis FALSE"
"LPD0e9a7a86","pages2k2017","PAGES2k v2.0.0 useInGlobalTemperatureAnalysis FALSE"
"LPD806644b2","pages2k2017","PAGES2k v2.0.0 useInGlobalTemperatureAnalysis FALSE"
"LPDc55a0cae","pages2k2017","PAGES2k v2.0.0 useInGlobalTemperatureAnalysis FALSE"
"LPD0fd7fc82","pages2k2017","PAGES2k v2.0.0 useInGlobalTemperatureAnalysis FALSE"
"LPD09e5a770","pages2k2017","PAGES2k v2.0.0 useInGlobalTemperatureAnalysis FALSE"
"LPDde87f63d","pages2k2017","PAGES2k v2.0.0 useInGlobalTemperatureAnalysis FALSE"
"O2kLR_189","pages2k2017","PAGES2k v2.0.0 useInGlobalTemperatureAnalysis FALSE"
"LPD1779972c","pages2k2017","PAGES2k v2.0.0 useInGlobalTemperatureAnalysis FALSE"
"LPD9b023bc9","pages2k2017","PAGES2k v2.0.0 useInGlobalTemperatureAnalysis FALSE"
"LPDd7f4a944","pages2k2017","PAGES2k v2.0.0 useInGlobalTemperatureAnalysis FALSE"
"O2kLR_068","pages2k2017","PAGES2k v2.0.0 useInGlobalTemperatureAnalysis FALSE"
"LPD74ecb1ea","pages2k2017","PAGES2k v2.0.0 useInGlobalTemperatureAnalysis FALSE"
"LPD34478ed4","pages2k2017","PAGES2k v2.0.0 useInGlobalTemperatureAnalysis FALSE"
"LPDfbd80fa1","pages2k2017","PAGES2k v2.0.0 useInGlobalTemperatureAnalysis FALSE"
"O2kLR_076","pages2k2017","PAGES2k v2.0.0 useInGlobalTemperatureAnalysis FALSE"
"LPD3d8f4f9c","pages2k2017","PAGES2k v2.0.0 useInGlobalTemperatureAnalysis FALSE"
"LPD19e87ca7","pages2k2017","PAGES2k v2.0.0 useInGlobalTemperatureAnalysis FALSE"
"LPD711f7893","pages2k2017","PAGES2k v2.0.0 useInGlobalTemperatureAnalysis FALSE"
"LPDa49fbfb8","pages2k2017","PAGES2k v2.0.0 useInGlobalTemperatureAnalysis FALSE"
"LPD7957ac5a","pages2k2017","PAGES2k v2.0.0 useInGlobalTemperatureAnalysis FALSE"
"LPDbceb5d84","pages2k2017","PAGES2k v2.0.0 useInGlobalTemperatureAnalysis FALSE"
"LPD873b43d0","pages2k2017","PAGES2k v2.0.0 useInGlobalTemperatureAnalysis FALSE"
"LPD071f9a58","pages2k2017","PAGES2k v2.0.0 useInGlobalTemperatureAnalysis FALSE"
"LPDb7290ea4","pages2k2017","PAGES2k v2.0.0 useInGlobalTemperatureAnalysis FALSE"
"LPDba471ae7","pages2k2017","PAGES2k v2.0.0 useInGlobalTemperatureAnalysis FALSE"
"LPD6e0eacd1","pages2k2017","PAGES2k v2.0.0 useInGlobalTemperatureAnalysis FALSE"
"LPDee8a8404","pages2k2017","PAGES2k v2.0.0 useInGlobalTemperatureAnalysis FALSE"
"LPDb44bf261","pages2k2017","PAGES2k v2.0.0 useInGlobalTemperatureAnalysis FALSE"
"LPDecbc762e","pages2k2017","PAGES2k v2.0.0 useInGlobalTemperatureAnalysis FALSE"
"O2kLR_019","pages2k2017","PAGES2k v2.0.0 useInGlobalTemperatureAnalysis FALSE"
"LPDa1e215a3","pages2k2017","PAGES2k v2.0.0 useInGlobalTemperatureAnalysis FALSE"
"LPDc07746c5","pages2k2017","PAGES2k v2.0.0 useInGlobalTemperatureAnalysis FALSE"
"LPD8c7da1f7","pages2k2017","PAGES2k v2.0.0 useInGlobalTemperatureAnalysis FALSE"
"LPD7d7c7d71","pages2k2017","PAGES2k v2.0.0 useInGlobalTemperatureAnalysis FALSE"
"LPDe6c52b99","pages2k2017","PAGES2k v2.0.0 useInGlobalTemperatureAnalysis FALSE"
"LPD44c75538","pages2k2017","PAGES2k v2.0.0 useInGlobalTemperatureAnalysis FALSE"
"O2kLR_151","pages2k2017","PAGES2k v2.0.0 useInGlobalTemperatureAnalysis FALSE"
"O2kLR_152","pages2k2017","PAGES2k v2.0.0 useInGlobalTemperatureAnalysis FALSE"
"LPD0558014c","pages2k2017","PAGES2k v2.0.0 useInGlobalTemperatureAnalysis FALSE"
"LPD716b88d0","pages2k2017","PAGES2k v2.0.0 useInGlobalTemperatureAnalysis FALSE"
"LPD4204e2f2","pages2k2017","PAGES2k v2.0.0 useInGlobalTemperatureAnalysis FALSE"
"LPD5e87c53c","pages2k2017","PAGES2k v2.0.0 useInGlobalTemperatureAnalysis FALSE"
"LPD5c89a1b5","pages2k2017","PAGES2k v2.0.0 useInGlobalTemperatureAnalysis FALSE"
"LPD35442a44","pages2k2017","PAGES2k v2.0.0 useInGlobalTemperatureAnalysis FALSE"
"LPD96499b34","pages2k2017","PAGES2k v2.0.0 useInGlobalTemperatureAnalysis FALSE"
"LPDa97364db","pages2k2017","PAGES2k v2.0.0 useInGlobalTemperatureAnalysis FALSE"
"LPDd7b1fa4b","pages2k2017","PAGES2k v2.0.0 useInGlobalTemperatureAnalysis FALSE"
"O2kLR_177","pages2k2017","PAGES2k v2.0.0 useInGlobalTemperatureAnalysis FALSE"
"O2kLR_178","pages2k2017","PAGES2k v2.0.0 useInGlobalTemperatureAnalysis FALSE"
"O2kLR_032","pages2k2017","PAGES2k v2.0.0 useInGlobalTemperatureAnalysis FALSE"
"LPD0779737d","pages2k2017","PAGES2k v2.0.0 useInGlobalTemperatureAnalysis FALSE"
"LPD02c025e9","pages2k2017","PAGES2k v2.0.0 useInGlobalTemperatureAnalysis FALSE"
"LPD28794972","pages2k2017","PAGES2k v2.0.0 useInGlobalTemperatureAnalysis FALSE"
"LPD1028d531","pages2k2017","PAGES2k v2.0.0 useInGlobalTemperatureAnalysis FALSE"
"LPDf4934b2c","pages2k2017","PAGES2k v2.0.0 useInGlobalTemperatureAnalysis FALSE"
"O2kLR_137","pages2k2017","PAGES2k v2.0.0 useInGlobalTemperatureAnalysis FALSE"
"LPDe9c7c0d1","pages2k2017","PAGES2k v2.0.0 useInGlobalTemperatureAnalysis FALSE"
"LPD049ff9f6","pages2k2017","PAGES2k v2.0.0 useInGlobalTemperatureAnalysis FALSE"
"LPD3774ddab","pages2k2017","PAGES2k v2.0.0 useInGlobalTemperatureAnalysis FALSE"
"O2kLR_149","pages2k2017","PAGES2k v2.0.0 useInGlobalTemperatureAnalysis FALSE"
"O2kLR_107","pages2k2017","PAGES2k v2.0.0 useInGlobalTemperatureAnalysis FALSE"
"LPD312b2365","pages2k2017","PAGES2k v2.0.0 useInGlobalTemperatureAnalysis FALSE"
"LPD7129c65e","pages2k2017","PAGES2k v2.0.0 useInGlobalTemperatureAnalysis FALSE"
"LPD6dbf8788","pages2k2017","PAGES2k v2.0.0 useInGlobalTemperatureAnalysis FALSE"
"LPD7fd5bd52","pages2k2017","PAGES2k v2.0.0 useInGlobalTemperatureAnalysis FALSE"
"LPD1b77c35b","pages2k2017","PAGES2k v2.0.0 useInGlobalTemperatureAnalysis FALSE"
"O2kLR_046","pages2k2017","PAGES2k v2.0.0 useInGlobalTemperatureAnalysis FALSE"
"O2kLR_147","pages2k2017","PAGES2k v2.0.0 useInGlobalTemperatureAnalysis FALSE"
"LPD3712c488","pages2k2017","PAGES2k v2.0.0 useInGlobalTemperatureAnalysis FALSE"
"LPDd95394f2","pages2k2017","PAGES2k v2.0.0 useInGlobalTemperatureAnalysis FALSE"
"LPDce796fac","pages2k2017","PAGES2k v2.0.0 useInGlobalTemperatureAnalysis FALSE"
"O2kLR_166","pages2k2017","PAGES2k v2.0.0 useInGlobalTemperatureAnalysis FALSE"
"LPD89e36f6a","pages2k2017","PAGES2k v2.0.0 useInGlobalTemperatureAnalysis FALSE"
"LPDefa1097f","pages2k2017","PAGES2k v2.0.0 useInGlobalTemperatureAnalysis FALSE"
"LPDba84f70a","pages2k2017","PAGES2k v2.0.0 useInGlobalTemperatureAnalysis FALSE"
"LPDa144d7b9","pages2k2017","PAGES2k v2.0.0 useInGlobalTemperatureAnalysis FALSE"
"LPDc1fd0759","pages2k2017","PAGES2k v2.0.0 useInGlobalTemperatureAnalysis FALSE"
"LPD37fc751b","pages2k2017","PAGES2k v2.0.0 useInGlobalTemperatureAnalysis FALSE"
"LPD8372b6f0","pages2k2017","PAGES2k v2.0.0 useInGlobalTemperatureAnalysis FALSE"
"LPDd97ab1d0","pages2k2017","PAGES2k v2.0.0 useInGlobalTemperatureAnalysis FALSE"
"LPD0c8a37af","pages2k2017","PAGES2k v2.0.0 useInGlobalTemperatureAnalysis FALSE"
"LPD7109ca5f","pages2k2017","PAGES2k v2.0.0 useInGlobalTemperatureAnalysis FALSE"
"LPD87057149","pages2k2017","PAGES2k v2.0.0 useInGlobalTemperatureAnalysis FALSE"
"LPD35300c0e","pages2k2017","PAGES2k v2.0.0 useInGlobalTemperatureAnalysis FALSE"
"LPD398b6b8c","pages2k2017","PAGES2k v2.0.0 useInGlobalTemperatureAnalysis FALSE"
"LPD94261173","pages2k2017","PAGES2k v2.0.0 useInGlobalTemperatureAnalysis FALSE"
"LPD016ef221","pages2k2017","PAGES2k v2.0.0 useInGlobalTemperatureAnalysis FALSE"
"LPD97433e99","pages2k2017","PAGES2k v2.0.0 useInGlobalTemperatureAnalysis FALSE"
"LPD75e02fb5","pages2k2017","PAGES2k v2.0.0 useInGlobalTemperatureAnalysis FALSE"
"LPD44e382ee","pages2k2017","PAGES2k v2.0.0 useInGlobalTemperatureAnalysis FALSE"
"LPD2d0bd641","pages2k2017","PAGES2k v2.0.0 useInGlobalTemperatureAnalysis FALSE"
"O2kLR_184","pages2k2017","PAGES2k v2.0.0 useInGlobalTemperatureAnalysis FALSE"
"O2kLR_185","pages2k2017","PAGES2k v2.0.0 useInGlobalTemperatureAnalysis FALSE"
"LPDabae85f2","pages2k2017","PAGES2k v2.0.0 useInGlobalTemperatureAnalysis FALSE"
"LPD4dd77d54","pages2k2017","PAGES2k v2.0.0 useInGlobalTemperatureAnalysis FALSE"
"LPD027eca7f","pages2k2017","PAGES2k v2.0.0 useInGlobalTemperatureAnalysis FALSE"
"LPDdff82167","pages2k2017","PAGES2k v2.0.0 useInGlobalTemperatureAnalysis FALSE"
"LPD72fcea5b","pages2k2017","PAGES2k v2.0.0 useInGlobalTemperatureAnalysis FALSE"
"LPD4958bb62","pages2k2017","PAGES2k v2.0.0 useInGlobalTemperatureAnalysis FALSE"
"O2kLR_197","pages2k2017","PAGES2k v2.0.0 useInGlobalTemperatureAnalysis FALSE"
"O2kLR_048","pages2k2017","PAGES2k v2.0.0 useInGlobalTemperatureAnalysis FALSE"
"O2kLR_084","pages2k2017","PAGES2k v2.0.0 useInGlobalTemperatureAnalysis FALSE"
"O2kLR_120","pages2k2017","PAGES2k v2.0.0 useInGlobalTemperatureAnalysis FALSE"
"LPD7770a496","pages2k2017","PAGES2k v2.0.0 useInGlobalTemperatureAnalysis FALSE"
"LPDa6797d7c","pages2k2017","PAGES2k v2.0.0 useInGlobalTemperatureAnalysis FALSE"
"LPD3c013e70","pages2k2017","PAGES2k v2.0.0 useInGlobalTemperatureAnalysis FALSE"
"LPD16c5b9d8","pages2k2017","PAGES2k v2.0.0 useInGlobalTemperatureAnalysis FALSE"
"LPD6997b626","pages2k2017","PAGES2k v2.0.0 useInGlobalTemperatureAnalysis FALSE"
"O2kLR_133","pages2k2017","PAGES2k v2.0.0 useInGlobalTemperatureAnalysis FALSE"
"LPDdb799efb","pages2k2017","PAGES2k v2.0.0 useInGlobalTemperatureAnalysis FALSE"
"LPD7cf4e05b","pages2k2017","PAGES2k v2.0.0 useInGlobalTemperatureAnalysis FALSE"
"LPD87328d97","pages2k2017","PAGES2k v2.0.0 useInGlobalTemperatureAnalysis FALSE"
"O2kLR_009","pages2k2017","PAGES2k v2.0.0 useInGlobalTemperatureAnalysis FALSE"
"LPDe9d8175e","pages2k2017","PAGES2k v2.0.0 useInGlobalTemperatureAnalysis FALSE"
"LPDea4376b6","pages2k2017","PAGES2k v2.0.0 useInGlobalTemperatureAnalysis FALSE"
"LPD9716f325","pages2k2017","PAGES2k v2.0.0 useInGlobalTemperatureAnalysis FALSE"
"LPD9774ea11","pages2k2017","PAGES2k v2.0.0 useInGlobalTemperatureAnalysis FALSE"
"LPD0e67730a","pages2k2017","PAGES2k v2.0.0 useInGlobalTemperatureAnalysis FALSE"
"LPD733ab786","pages2k2017","PAGES2k v2.0.0 useInGlobalTemperatureAnalysis FALSE"
"LPD7b4c186e","pages2k2017","PAGES2k v2.0.0 useInGlobalTemperatureAnalysis FALSE"
"LPD7f64d877","pages2k2017","PAGES2k v2.0.0 useInGlobalTemperatureAnalysis FALSE"
"LPD4437dd9f","pages2k2017","PAGES2k v2.0.0 useInGlobalTemperatureAnalysis FALSE"
"LPDfac5c056","pages2k2017","PAGES2k v2.0.0 useInGlobalTemperatureAnalysis FALSE"
"LPD2f76c77a","pages2k2017","PAGES2k v2.0.0 useInGlobalTemperatureAnalysis FALSE"
"LPD06f9eeb7","pages2k2017","PAGES2k v2.0.0 useInGlobalTemperatureAnalysis FALSE"
"LPDd0b10380","pages2k2017","PAGES2k v2.0.0 useInGlobalTemperatureAnalysis FALSE"
"LPDd8240377","pages2k2017","PAGES2k v2.0.0 useInGlobalTemperatureAnalysis FALSE"
"LPD5757fb67","pages2k2017","PAGES2k v2.0.0 useInGlobalTemperatureAnalysis FALSE"
"LPD667b69d2","pages2k2017","PAGES2k v2.0.0 useInGlobalTemperatureAnalysis FALSE"
"LPD2ff44dc6","pages2k2017","PAGES2k v2.0.0 useInGlobalTemperatureAnalysis FALSE"
"LPD644f0a81","pages2k2017","PAGES2k v2.0.0 useInGlobalTemperatureAnalysis FALSE"
"LPD7bf8ef76","pages2k2017","PAGES2k v2.0.0 useInGlobalTemperatureAnalysis FALSE"
"LPD1d7b7842","pages2k2017","PAGES2k v2.0.0 useInGlobalTemperatureAnalysis FALSE"
"LPD1d5a1714","pages2k2017","PAGES2k v2.0.0 useInGlobalTemperatureAnalysis FALSE"
"LPD7bdc35f5","pages2k2017","PAGES2k v2.0.0 useInGlobalTemperatureAnalysis FALSE"
"LPD2b450772","pages2k2017","PAGES2k v2.0.0 useInGlobalTemperatureAnalysis FALSE"
"LPDa7464709","pages2k2017","PAGES2k v2.0.0 useInGlobalTemperatureAnalysis FALSE"
"Ocean2kHR_103","pages2k2017","PAGES2k v2.0.0 useInGlobalTemperatureAnalysis FALSE"
"Ocean2kHR_117","pages2k2017","PAGES2k v2.0.0 useInGlobalTemperatureAnalysis FALSE"
"Ocean2kHR_101","pages2k2017","PAGES2k v2.0.0 useInGlobalTemperatureAnalysis FALSE"
"Ocean2kHR_109","pages2k2017","PAGES2k v2.0.0 useInGlobalTemperatureAnalysis FALSE"
"Ocean2kHR_111","pages2k2017","PAGES2k v2.0.0 useInGlobalTemperatureAnalysis FALSE"
"Ocean2kHR_024","pages2k2017","PAGES2k v2.0.0 useInGlobalTemperatureAnalysis FALSE"
"Ocean2kHR_015","pages2k2017","PAGES2k v2.0.0 useInGlobalTemperatureAnalysis FALSE"
"Ocean2kHR_017","pages2k2017","PAGES2k v2.0.0 useInGlobalTemperatureAnalysis FALSE"
"Ocean2kHR_004","pages2k2017","PAGES2k v2.0.0 useInGlobalTemperatureAnalysis FALSE"
"Ocean2kHR_009","pages2k2017","PAGES2k v2.0.0 useInGlobalTemperatureAnalysis FALSE"
"LPD7be6185d","pages2k2017","PAGES2k v2.0.0 useInGlobalTemperatureAnalysis FALSE"
"LPD33714919","pages2k2017","PAGES2k v2.0.0 useInGlobalTemperatureAnalysis FALSE"
"LPDe85bf987","pages2k2017","PAGES2k v2.0.0 useInGlobalTemperatureAnalysis FALSE"
"LPD81e7ab49","pages2k2017","PAGES2k v2.0.0 useInGlobalTemperatureAnalysis FALSE"
"LPD6c1fc0ed","pages2k2017","PAGES2k v2.0.0 useInGlobalTemperatureAnalysis FALSE"
"LPDae761fd0","pages2k2017","PAGES2k v2.0.0 useInGlobalTemperatureAnalysis FALSE"
"LPD1079b4bb","pages2k2017","PAGES2k v2.0.0 useInGlobalTemperatureAnalysis FALSE"
"LPD72b1e1cd","pages2k2017","PAGES2k v2.0.0 useInGlobalTemperatureAnalysis FALSE"
"LPD796b99d7","pages2k2017","PAGES2k v2.0.0 useInGlobalTemperatureAnalysis FALSE"
"LPDe897b7c7","pages2k2017","PAGES2k v2.0.0 useInGlobalTemperatureAnalysis FALSE"
"LPD7457ad38","pages2k2017","PAGES2k v2.0.0 useInGlobalTemperatureAnalysis FALSE"
"LPD74bc6584","pages2k2017","PAGES2k v2.0.0 useInGlobalTemperatureAnalysis FALSE"
"LPDf7af3f2e","pages2k2017","PAGES2k v2.0.0 useInGlobalTemperatureAnalysis FALSE"
"LPDf2047c95","pages2k2017","PAGES2k v2.0.0 useInGlobalTemperatureAnalysis FALSE"
"LPD7d948e2c","pages2k2017","PAGES2k v2.0.0 useInGlobalTemperatureAnalysis FALSE"
"LPDf316b97e","pages2k2017","PAGES2k v2.0.0 useInGlobalTemperatureAnalysis FALSE"
"LPD70878a8b","pages2k2017","PAGES2k v2.0.0 useInGlobalTemperatureAnalysis FALSE"
"LPDfc71e6bc","pages2k2017","PAGES2k v2.0.0 useInGlobalTemperatureAnalysis FALSE"
"LPDc95b8887","pages2k2017","PAGES2k v2.0.0 useInGlobalTemperatureAnalysis FALSE"
"LPD7311e829","pages2k2017","PAGES2k v2.0.0 useInGlobalTemperatureAnalysis FALSE"
"LPD21b789e2","pages2k2017","PAGES2k v2.0.0 useInGlobalTemperatureAnalysis FALSE"
"LPD41213ce8","pages2k2017","PAGES2k v2.0.0 useInGlobalTemperatureAnalysis FALSE"
"LPDd376af3b","pages2k2017","PAGES2k v2.0.0 useInGlobalTemperatureAnalysis FALSE"
"LPD2757d69f","pages2k2017","PAGES2k v2.0.0 useInGlobalTemperatureAnalysis FALSE"
"LPDdcf3abca","pages2k2017","PAGES2k v2.0.0 useInGlobalTemperatureAnalysis FALSE"
"LPD5024de7f","pages2k2017","PAGES2k v2.0.0 useInGlobalTemperatureAnalysis FALSE"
"LPD0d8fd260","pages2k2017","PAGES2k v2.0.0 useInGlobalTemperatureAnalysis FALSE"
"Ocean2kHR_170","pages2k2017","PAGES2k v2.0.0 useInGlobalTemperatureAnalysis FALSE"
"Ocean2kHR_165","pages2k2017","PAGES2k v2.0.0 useInGlobalTemperatureAnalysis FALSE"
"Ocean2kHR_168","pages2k2017","PAGES2k v2.0.0 useInGlobalTemperatureAnalysis FALSE"
"Ocean2kHR_192","pages2k2017","PAGES2k v2.0.0 useInGlobalTemperatureAnalysis FALSE"
"Ocean2kHR_155","pages2k2017","PAGES2k v2.0.0 useInGlobalTemperatureAnalysis FALSE"
"Ocean2kHR_136","pages2k2017","PAGES2k v2.0.0 useInGlobalTemperatureAnalysis FALSE"
"Ocean2kHR_148","pages2k2017","PAGES2k v2.0.0 useInGlobalTemperatureAnalysis FALSE"
"Ocean2kHR_151","pages2k2017","PAGES2k v2.0.0 useInGlobalTemperatureAnalysis FALSE"
"Ocean2kHR_153","pages2k2017","PAGES2k v2.0.0 useInGlobalTemperatureAnalysis FALSE"
"Ocean2kHR_180","pages2k2017","PAGES2k v2.0.0 useInGlobalTemperatureAnalysis FALSE"
"Ocean2kHR_160","pages2k2017","PAGES2k v2.0.0 useInGlobalTemperatureAnalysis FALSE"
"Ocean2kHR_162","pages2k2017","PAGES2k v2.0.0 useInGlobalTemperatureAnalysis FALSE"
"Ocean2kHR_182","pages2k2017","PAGES2k v2.0.0 useInGlobalTemperatureAnalysis FALSE"
"Ocean2kHR_184","pages2k2017","PAGES2k v2.0.0 useInGlobalTemperatureAnalysis FALSE"
"Ocean2kHR_146","pages2k2017","PAGES2k v2.0.0 useInGlobalTemperatureAnalysis FALSE"
"Ocean2kHR_176","pages2k2017","PAGES2k v2.0.0 useInGlobalTemperatureAnalysis FALSE"
"SAm_011","pages2k2017","PAGES2k v2.0.0 useInGlobalTemperatureAnalysis FALSE"
"SAm_012","pages2k2017","PAGES2k v2.0.0 useInGlobalTemperatureAnalysis FALSE"
"SAm_013","pages2k2017","PAGES2k v2.0.0 useInGlobalTemperatureAnalysis FALSE"
"SAm_014","pages2k2017","PAGES2k v2.0.0 useInGlobalTemperatureAnalysis FALSE"
"SAm_016","pages2k2017","PAGES2k v2.0.0 useInGlobalTemperatureAnalysis FALSE"
"SAm_017","pages2k2017","PAGES2k v2.0.0 useInGlobalTemperatureAnalysis FALSE"
"SAm_018","pages2k2017","PAGES2k v2.0.0 useInGlobalTemperatureAnalysis FALSE"
"SAm_019","pages2k2017","PAGES2k v2.0.0 useInGlobalTemperatureAnalysis FALSE"
"SAm_024","pages2k2017","PAGES2k v2.0.0 useInGlobalTemperatureAnalysis FALSE"
"SAm_0241","pages2k2017","PAGES2k v2.0.0 useInGlobalTemperatureAnalysis FALSE"
"SAm_0242","pages2k2017","PAGES2k v2.0.0 useInGlobalTemperatureAnalysis FALSE"
"SAm_0244","pages2k2017","PAGES2k v2.0.0 useInGlobalTemperatureAnalysis FALSE"
"SAm_026","pages2k2017","PAGES2k v2.0.0 useInGlobalTemperatureAnalysis FALSE"
"SAm_028","pages2k2017","PAGES2k v2.0.0 useInGlobalTemperatureAnalysis FALSE"
"SAm_031","pages2k2017","PAGES2k v2.0.0 useInGlobalTemperatureAnalysis FALSE"
"SAm_033","pages2k2017","PAGES2k v2.0.0 useInGlobalTemperatureAnalysis FALSE"
"SAm_034","pages2k2017","PAGES2k v2.0.0 useInGlobalTemperatureAnalysis FALSE"
"SAm_036","pages2k2017","PAGES2k v2.0.0 useInGlobalTemperatureAnalysis FALSE"
"SAm_037","pages2k2017","PAGES2k v2.0.0 useInGlobalTemperatureAnalysis FALSE"
"SAm_038","pages2k2017","PAGES2k v2.0.0 useInGlobalTemperatureAnalysis FALSE"
"SAm_039","pages2k2017","PAGES2k v2.0.0 useInGlobalTemperatureAnalysis FALSE"
"SAm_040","pages2k2017","PAGES2k v2.0.0 useInGlobalTemperatureAnalysis FALSE"
"SAm_041","pages2k2017","PAGES2k v2.0.0 useInGlobalTemperatureAnalysis FALSE"
"SAm_042","pages2k2017","PAGES2k v2.0.0 useInGlobalTemperatureAnalysis FALSE"
"SAm_043","pages2k2017","PAGES2k v2.0.0 useInGlobalTemperatureAnalysis FALSE"
"SAm_044","pages2k2017","PAGES2k v2.0.0 useInGlobalTemperatureAnalysis FALSE"
"SAm_045","pages2k2017","PAGES2k v2.0.0 useInGlobalTemperatureAnalysis FALSE"
"SAm_046","pages2k2017","PAGES2k v2.0.0 useInGlobalTemperatureAnalysis FALSE"
"O2kLR_147_2","pages2k2017","Pages2kTemperature QC inThisCompilation FALSE"
"Aus_247","pages2k2017","Pages2kTemperature QC inThisCompilation FALSE"
"Aus_248","pages2k2017","Pages2kTemperature QC inThisCompilation FALSE"
"Aus_257","pages2k2017","Pages2kTemperature QC inThisCompilation FALSE"
"Aus_260","pages2k2017","Pages2kTemperature QC inThisCompilation FALSE"
