"TSid","dataSetName","archiveType","proxy","variableName","units","lat","lon","TSid_now","in_snapshot","candidate","selected","final","represented_by","represented","fails"
"RL0SCEeYVWU","117_723A.Godad.2011","MarineSediment","foraminifera","temperature","degC",18.0518,57.609,"RL0SCEeYVWU",TRUE,TRUE,TRUE,TRUE,"RL0SCEeYVWU",TRUE,""
"R56JsH0b7h7","161_976.Martrat.2014","MarineSediment","alkenone","temperature","degC",36.2054,-4.3127,"R56JsH0b7h7",TRUE,TRUE,TRUE,TRUE,"R56JsH0b7h7",TRUE,""
"Rl3oDldpRFu_SST_from_planktic0x2EMgCa","161_976.Martrat.2014","MarineSediment","Mg/Ca","temperature","degC",36.2054,-4.3127,"Rl3oDldpRFu_SST_from_planktic0x2EMgCa",TRUE,TRUE,TRUE,TRUE,"Rl3oDldpRFu_SST_from_planktic0x2EMgCa",TRUE,""
"RYfbsh7Nj6W_SST_from_Uk37","165_1002C.Herbert.2000","MarineSediment","alkenone","temperature","degC",10.7061,-65.1694,"RYfbsh7Nj6W_SST_from_Uk37",TRUE,TRUE,TRUE,TRUE,"RYfbsh7Nj6W_SST_from_Uk37",TRUE,"resolution"
"PYTGVVDEA4T","2005-804-006.Ledu.2010","MarineSediment","dinocyst","temperature","degC",68.9925,-106.5735,"PYTGVVDEA4T",TRUE,TRUE,TRUE,TRUE,"PYTGVVDEA4T",TRUE,""
"PYT93BAHDDE","2005-804-006.Ledu.2010","MarineSediment","dinocyst","temperature","degC",68.9925,-106.5735,"PYT93BAHDDE",TRUE,TRUE,TRUE,TRUE,"PYT93BAHDDE",TRUE,""
"M2Lv2lo9btoP","31Lake.Eisner.1995","LakeSediment","pollen","temperature","degC",67.05,-50.47,"M2Lv2lo9btoP",TRUE,TRUE,TRUE,TRUE,"M2Lv2lo9btoP",TRUE,""
"M2Lmk4ecjirP","31Lake.Eisner.1995","LakeSediment","pollen","temperature","degC",67.05,-50.47,"M2Lmk4ecjirP",TRUE,TRUE,TRUE,TRUE,"M2Lmk4ecjirP",TRUE,""
"M2L7yquhwzuP","31Lake.Eisner.1995","LakeSediment","pollen","temperature","degC",67.05,-50.47,"M2L7yquhwzuP",TRUE,TRUE,TRUE,TRUE,"M2L7yquhwzuP",TRUE,""
"Rlf3YywN7Sz","3MPond.Pellatt.2000","LakeSediment","chironomid","temperature","degC",49.9833,-121.2167,"Rlf3YywN7Sz",TRUE,TRUE,TRUE,TRUE,"Rlf3YywN7Sz",TRUE,""
"R5opojsGcHY","850Lake.Shemesh.2001","LakeSediment","chironomid","temperature","degC",68.37,19.12,"R5opojsGcHY",TRUE,TRUE,TRUE,TRUE,"R5opojsGcHY",TRUE,""
"PYTR4UFZM3W","850Lake.Shemesh.2001","LakeSediment","d18O","d18O","permil",68.37,19.12,"PYTR4UFZM3W",TRUE,TRUE,TRUE,TRUE,"PYTR4UFZM3W",TRUE,""
"LPD05340dbbdp_SST_from_d18O","893A.Kennet.2007","MarineSediment","d18O","temperature","degC",34.2875,-120.036,"LPD05340dbbdp_SST_from_d18O",TRUE,TRUE,TRUE,TRUE,"LPD05340dbbdp_SST_from_d18O",TRUE,""
"LPD28794972dp_SST_from_d18O2","893A.Kennet.2007","MarineSediment","d18O","temperature","degC",34.2875,-120.036,"LPD28794972dp_SST_from_d18O2",TRUE,TRUE,TRUE,TRUE,"LPD28794972dp_SST_from_d18O2",TRUE,""
"T2L_A7_mgca_ruber_SST_from_mgca_ruber","A7.Sun.2005","MarineSediment","Mg/Ca","temperature","degC",27.82,126.9783,"T2L_A7_mgca_ruber_SST_from_mgca_ruber",TRUE,TRUE,TRUE,TRUE,"T2L_A7_mgca_ruber_SST_from_mgca_ruber",TRUE,""
"T2L_A7_d18o_ruber_SST_from_d18o_ruber","A7.Sun.2005","MarineSediment","d18O","temperature","degC",27.82,126.9783,"T2L_A7_d18o_ruber_SST_from_d18o_ruber",TRUE,TRUE,TRUE,TRUE,"T2L_A7_d18o_ruber_SST_from_d18o_ruber",TRUE,""
"M2Lupm3c8kbP","Abalone.Cole.1994","LakeSediment","pollen","temperature","degC",33.96,-119.98,"M2Lupm3c8kbP",TRUE,TRUE,TRUE,TRUE,"M2Lupm3c8kbP",TRUE,""
"M2Luu75cnkxP","Abalone.Cole.1994","LakeSediment","pollen","temperature","degC",33.96,-119.98,"M2Luu75cnkxP",TRUE,TRUE,TRUE,TRUE,"M2Luu75cnkxP",TRUE,""
"M2Lhfelk1bfP","Abalone.Cole.1994","LakeSediment","pollen","temperature","degC",33.96,-119.98,"M2Lhfelk1bfP",TRUE,TRUE,TRUE,TRUE,"M2Lhfelk1bfP",TRUE,""
"WEB239e9c22","AdelaideTarn.Jara.2015","LakeSediment","pollen","temperature","degC",-40.9333,172.5333,"WEB239e9c22",TRUE,TRUE,TRUE,TRUE,"WEB239e9c22",TRUE,""
"RShtOmHDliM","Agassiz.Lecavalier.2017","GlacierIce","melt layer","temperature","degC",46.6814,7.9775,"RShtOmHDliM",TRUE,TRUE,TRUE,TRUE,"RShtOmHDliM",TRUE,""
"WEBa1e48de5","Agassiz.Lecavalier.2017","GlacierIce","d18O","temperature","degC",46.6814,7.9775,"WEBa1e48de5",TRUE,TRUE,TRUE,TRUE,"WEBa1e48de5",TRUE,""
"RnxVCFme4M6","AgeroedsMosse.Nilsson.1964","Peat","pollen","temperature","degC",55.83,13.42,"RnxVCFme4M6",TRUE,TRUE,TRUE,TRUE,"RnxVCFme4M6",TRUE,""
"RTdqSojg0st","AgeroedsMosse.Nilsson.1964","Peat","pollen","temperatureComposite","degC",55.83,13.42,"RTdqSojg0st",TRUE,TRUE,TRUE,TRUE,"RTdqSojg0st",TRUE,""
"RdpMsymwlrC","AgeroedsMosse.Nilsson.1964","Peat","pollen","temperature","degC",55.83,13.42,"RdpMsymwlrC",TRUE,TRUE,TRUE,TRUE,"RdpMsymwlrC",TRUE,""
"R6lPfjM3opf","AjaxBog.Wilmshurst.2007","Peat","pollen","temperature","degC",-46.42,169.28,"R6lPfjM3opf",TRUE,TRUE,TRUE,TRUE,"R6lPfjM3opf",TRUE,""
"Ry0uq7BMis9","AlanenLaanijarvi.Heinrichs.2005","LakeSediment","chironomid","temperature","degC",67.97,20.48,"Ry0uq7BMis9",TRUE,TRUE,TRUE,TRUE,"Ry0uq7BMis9",TRUE,""
"GH34755740","Alley.GISP2.2000","GlacierIce","hybrid-ice","temperature","degC",72.6,-38.5,"GH34755740",TRUE,TRUE,TRUE,TRUE,"GH34755740",TRUE,""
"RFUJxBek9zN","AlltnaFeitheSheilich.Birks.1975","Peat","pollen","temperature","degC",57.32,-3.9,"RFUJxBek9zN",TRUE,TRUE,TRUE,TRUE,"RFUJxBek9zN",TRUE,"chronology"
"Rx3TR4XADtS","AlltnaFeitheSheilich.Birks.1975","Peat","pollen","temperatureComposite","degC",57.32,-3.9,"Rx3TR4XADtS",TRUE,TRUE,TRUE,TRUE,"Rx3TR4XADtS",TRUE,"chronology"
"R5NnLNvLdVc","AlltnaFeitheSheilich.Birks.1975","Peat","pollen","temperature","degC",57.32,-3.9,"R5NnLNvLdVc",TRUE,TRUE,TRUE,TRUE,"R5NnLNvLdVc",TRUE,"chronology"
"RxVEwJbczte","AlpidiRobieiValBavona.Welten.1982","Peat","pollen","temperature","degC",46.45,8.52,"RxVEwJbczte",TRUE,TRUE,TRUE,TRUE,"RxVEwJbczte",TRUE,""
"RNAncQhRpt8","AlpidiRobieiValBavona.Welten.1982","Peat","pollen","temperatureComposite","degC",46.45,8.52,"RNAncQhRpt8",TRUE,TRUE,TRUE,TRUE,"RNAncQhRpt8",TRUE,""
"RTiSqfSPk0M","AlpidiRobieiValBavona.Welten.1982","Peat","pollen","temperature","degC",46.45,8.52,"RTiSqfSPk0M",TRUE,TRUE,TRUE,TRUE,"RTiSqfSPk0M",TRUE,""
"RFcgksnchnI","Alsa.Mariscal.1993","Peat","pollen","temperature","degC",43.12,-4.02,"RFcgksnchnI",TRUE,TRUE,TRUE,TRUE,"RFcgksnchnI",TRUE,""
"RsCmrJ2LIUJ","Alsa.Mariscal.1993","Peat","pollen","temperatureComposite","degC",43.12,-4.02,"RsCmrJ2LIUJ",TRUE,TRUE,TRUE,TRUE,"RsCmrJ2LIUJ",TRUE,""
"R5GBVTGlK5Z","Alsa.Mariscal.1993","Peat","pollen","temperature","degC",43.12,-4.02,"R5GBVTGlK5Z",TRUE,TRUE,TRUE,TRUE,"R5GBVTGlK5Z",TRUE,""
"RcKJrkhJIWx","Alsopahok.Zatyko.2007","Peat","pollen","temperature","degC",46.77,17.17,"RcKJrkhJIWx",TRUE,TRUE,TRUE,TRUE,"RcKJrkhJIWx",TRUE,""
"RsS9GGho4e3","Alsopahok.Zatyko.2007","Peat","pollen","temperatureComposite","degC",46.77,17.17,"RsS9GGho4e3",TRUE,TRUE,TRUE,TRUE,"RsS9GGho4e3",TRUE,""
"R2Y8AnQcVcZ","Alsopahok.Zatyko.2007","Peat","pollen","temperature","degC",46.77,17.17,"R2Y8AnQcVcZ",TRUE,TRUE,TRUE,TRUE,"R2Y8AnQcVcZ",TRUE,""
"RV6sFgBNSUu","Altenweiher.DeValk.1981","Peat","pollen","temperature","degC",48.01,6.99,"RV6sFgBNSUu",FALSE,FALSE,FALSE,FALSE,NA,FALSE,NA
"Ry2oSKE2D2P","Altenweiher.DeValk.1981","Peat","pollen","temperatureComposite","degC",48.01,6.99,"Ry2oSKE2D2P",FALSE,FALSE,FALSE,FALSE,NA,FALSE,NA
"RJxXebpMVYB","Altenweiher.DeValk.1981","Peat","pollen","temperature","degC",48.01,6.99,"RJxXebpMVYB",FALSE,FALSE,FALSE,FALSE,NA,FALSE,NA
"LS96VOAM01","Ammersee.vonGrafenstein.1996","LakeSediment","d18O","d18O","permil",48,11.1167,"LS96VOAM01",TRUE,TRUE,TRUE,TRUE,"LS96VOAM01",TRUE,""
"LPDd2a984fe","AMP112.vanderBilt.2016","LakeSediment","alkenone","temperature","degC",79.77,10.74,"LPDd2a984fe",TRUE,TRUE,TRUE,TRUE,"LPDd2a984fe",TRUE,""
"PYTMLFNC0A7","Andy.Szeicz.1995","LakeSediment","pollen","temperature","degC",64.65,-128.08,"PYTMLFNC0A7",TRUE,TRUE,TRUE,TRUE,"PYTMLFNC0A7",TRUE,""
"PYTCLN8P1CL","Andy.Szeicz.1995","LakeSediment","pollen","temperature","degC",64.65,-128.08,"PYTCLN8P1CL",TRUE,TRUE,TRUE,TRUE,"PYTCLN8P1CL",TRUE,""
"RSvtIc0N66Y","Andy.Szeicz.1995","LakeSediment","pollen","temperatureComposite","degC",64.65,-128.08,"RSvtIc0N66Y",TRUE,TRUE,TRUE,TRUE,"RSvtIc0N66Y",TRUE,""
"PYTXFMZ1EQU","Arapisto.Sarmaja-Korjonen.2007","LakeSediment","pollen","temperature","degC",60.58,24.8,"PYTXFMZ1EQU",TRUE,TRUE,TRUE,TRUE,"PYTXFMZ1EQU",TRUE,""
"M2L1r9snju2P","Atocas.Gauthier.1981","LakeSediment","pollen","temperature","degC",45.54,-73.31,"M2L1r9snju2P",TRUE,TRUE,TRUE,TRUE,"M2L1r9snju2P",TRUE,""
"M2Lr58abc8kP","Atocas.Gauthier.1981","LakeSediment","pollen","temperature","degC",45.54,-73.31,"M2Lr58abc8kP",TRUE,TRUE,TRUE,TRUE,"M2Lr58abc8kP",TRUE,""
"M2L68fmqq0lP","Atocas.Gauthier.1981","LakeSediment","pollen","temperature","degC",45.54,-73.31,"M2L68fmqq0lP",TRUE,TRUE,TRUE,TRUE,"M2L68fmqq0lP",TRUE,""
"PYTLCCXN62R","Austerkjosen.Seppa.2009","LakeSediment","pollen","temperature","degC",68.5333,17.2667,"PYTLCCXN62R",TRUE,TRUE,TRUE,TRUE,"PYTLCCXN62R",TRUE,""
"WEB7e132cbf","AwengCo.Li.2017","LakeSediment","GDGT","temperature","degC",32.75,81.67,"WEB7e132cbf",TRUE,TRUE,TRUE,TRUE,"WEB7e132cbf",TRUE,""
"T2L_B997_321_d18o_pachyderma_SST_from_d18o_pachyderma","B997_321.Castaneda.2004","MarineSediment","d18O","temperature","degC",66.8911,-18.9744,"T2L_B997_321_d18o_pachyderma_SST_from_d18o_pachyderma",TRUE,TRUE,TRUE,TRUE,"T2L_B997_321_d18o_pachyderma_SST_from_d18o_pachyderma",TRUE,""
"T2L_B997_324_d18o_pachyderma_SST_from_d18o_pachyderma","B997_324.Castaneda.2004","MarineSediment","d18O","temperature","degC",66.5239,-21.1522,"T2L_B997_324_d18o_pachyderma_SST_from_d18o_pachyderma",TRUE,TRUE,TRUE,TRUE,"T2L_B997_324_d18o_pachyderma_SST_from_d18o_pachyderma",TRUE,""
"T2L_B997_327_d18o_pachyderma_SST_from_d18o_pachyderma","B997_327.Castaneda.2004","MarineSediment","d18O","temperature","degC",66.6414,-20.8631,"T2L_B997_327_d18o_pachyderma_SST_from_d18o_pachyderma",TRUE,TRUE,TRUE,TRUE,"T2L_B997_327_d18o_pachyderma_SST_from_d18o_pachyderma",TRUE,"length"
"R5udN7jdMr6","BaiedeSeineestuary.Garnaud.2003","MarineSediment","pollen","temperature","degC",49.42,-0.03,"R5udN7jdMr6",TRUE,TRUE,TRUE,TRUE,"R5udN7jdMr6",TRUE,"length"
"Reuxqn1aPrN","BaiedeSeineestuary.Garnaud.2003","MarineSediment","pollen","temperatureComposite","degC",49.42,-0.03,"Reuxqn1aPrN",TRUE,TRUE,TRUE,TRUE,"Reuxqn1aPrN",TRUE,"length"
"RBT6awPb1VO","BaiedeSeineestuary.Garnaud.2003","MarineSediment","pollen","temperature","degC",49.42,-0.03,"RBT6awPb1VO",TRUE,TRUE,TRUE,TRUE,"RBT6awPb1VO",TRUE,"length"
"M2L4ptir6l2P","BanksIsland-12.Gajewski.2000","LakeSediment","pollen","temperature","degC",72.37,-119.83,"M2L4ptir6l2P",TRUE,TRUE,TRUE,TRUE,"M2L4ptir6l2P",TRUE,"chronology"
"M2Lfdow59cgP","BanksIsland-15.Gajewski.2000","LakeSediment","pollen","temperature","degC",73.53,-120.22,"M2Lfdow59cgP",TRUE,TRUE,TRUE,TRUE,"M2Lfdow59cgP",TRUE,""
"M2LnpuqcuqlP","BanksIsland-15.Gajewski.2000","LakeSediment","pollen","temperature","degC",73.53,-120.22,"M2LnpuqcuqlP",TRUE,TRUE,TRUE,TRUE,"M2LnpuqcuqlP",TRUE,""
"M2Lqd7jeqa8P","BanksIsland-15.Gajewski.2000","LakeSediment","pollen","temperature","degC",73.53,-120.22,"M2Lqd7jeqa8P",TRUE,TRUE,TRUE,TRUE,"M2Lqd7jeqa8P",TRUE,""
"RXVKcelUtDs","BasadelaMoraLake.Tarrats.2018","LakeSediment","chironomid","temperature","degC",42.5445,0.326,"RXVKcelUtDs",TRUE,TRUE,TRUE,TRUE,"RXVKcelUtDs",TRUE,""
"Rn3tXflt36j","Basse-Ville.Voeltzel.1987","Peat","pollen","temperature","degC",47.19,-1.86,"Rn3tXflt36j",TRUE,TRUE,TRUE,TRUE,"Rn3tXflt36j",TRUE,""
"R4JjJRueZkB","Basse-Ville.Voeltzel.1987","Peat","pollen","temperatureComposite","degC",47.19,-1.86,"R4JjJRueZkB",TRUE,TRUE,TRUE,TRUE,"R4JjJRueZkB",TRUE,""
"Rymm6Ej0KFs","Basse-Ville.Voeltzel.1987","Peat","pollen","temperature","degC",47.19,-1.86,"Rymm6Ej0KFs",TRUE,TRUE,TRUE,TRUE,"Rymm6Ej0KFs",TRUE,""
"M2Lsnw4qd7nP","Bastien.Bennett.1987","LakeSediment","pollen","temperature","degC",46.4,-78.92,"M2Lsnw4qd7nP",TRUE,TRUE,TRUE,TRUE,"M2Lsnw4qd7nP",TRUE,""
"M2Lsvhe5uwvP","Bastien.Bennett.1987","LakeSediment","pollen","temperature","degC",46.4,-78.92,"M2Lsvhe5uwvP",TRUE,TRUE,TRUE,TRUE,"M2Lsvhe5uwvP",TRUE,""
"M2Lqrusrc3gP","Bastien.Bennett.1987","LakeSediment","pollen","temperature","degC",46.4,-78.92,"M2Lqrusrc3gP",TRUE,TRUE,TRUE,TRUE,"M2Lqrusrc3gP",TRUE,""
"M2Lxyvz743zP","BattleGround.Whitlock.1985","LakeSediment","pollen","temperature","degC",45.8,-122.49,"M2Lxyvz743zP",TRUE,TRUE,TRUE,TRUE,"M2Lxyvz743zP",TRUE,""
"M2Lnb4vidkmP","BattleGround.Whitlock.1985","LakeSediment","pollen","temperature","degC",45.8,-122.49,"M2Lnb4vidkmP",TRUE,TRUE,TRUE,TRUE,"M2Lnb4vidkmP",TRUE,""
"M2Lx72gur5lP","BattleGround.Whitlock.1985","LakeSediment","pollen","temperature","degC",45.8,-122.49,"M2Lx72gur5lP",TRUE,TRUE,TRUE,TRUE,"M2Lx72gur5lP",TRUE,""
"WEBa45174e3","BC01Lake.Peros.2010","LakeSediment","pollen","temperature","degC",75.18,-111.92,"WEBa45174e3",TRUE,TRUE,TRUE,TRUE,"WEBa45174e3",TRUE,"resolution"
"M2Lwubsanj1P","Beaverhouse.Ritchie.1976","LakeSediment","pollen","temperature","degC",54.74,-101.68,"M2Lwubsanj1P",TRUE,TRUE,TRUE,TRUE,"M2Lwubsanj1P",TRUE,""
"M2La6zq11jjP","Beaverhouse.Ritchie.1976","LakeSediment","pollen","temperature","degC",54.74,-101.68,"M2La6zq11jjP",TRUE,TRUE,TRUE,TRUE,"M2La6zq11jjP",TRUE,""
"M2L6n22fvlcP","Beaverhouse.Ritchie.1976","LakeSediment","pollen","temperature","degC",54.74,-101.68,"M2L6n22fvlcP",TRUE,TRUE,TRUE,TRUE,"M2L6n22fvlcP",TRUE,""
"RDAH5bLqI0Y","BebrukasLake.Shulija.1967","Peat","pollen","temperature","degC",54.09,24.12,"RDAH5bLqI0Y",TRUE,TRUE,TRUE,TRUE,"RDAH5bLqI0Y",TRUE,""
"RsHcCZf3F0Z","BebrukasLake.Shulija.1967","Peat","pollen","temperatureComposite","degC",54.09,24.12,"RsHcCZf3F0Z",TRUE,TRUE,TRUE,TRUE,"RsHcCZf3F0Z",TRUE,""
"RqxisXGgu0E","BebrukasLake.Shulija.1967","Peat","pollen","temperature","degC",54.09,24.12,"RqxisXGgu0E",TRUE,TRUE,TRUE,TRUE,"RqxisXGgu0E",TRUE,""
"M2Loyk9yzdgP","BeefPasture.Petersen.1985","LakeSediment","pollen","temperature","degC",37.47,-108.16,"M2Loyk9yzdgP",TRUE,TRUE,TRUE,TRUE,"M2Loyk9yzdgP",TRUE,""
"M2Lrb7axgd8P","BeefPasture.Petersen.1985","LakeSediment","pollen","temperature","degC",37.47,-108.16,"M2Lrb7axgd8P",TRUE,TRUE,TRUE,TRUE,"M2Lrb7axgd8P",TRUE,""
"M2Lgb6c2jm2P","BeefPasture.Petersen.1985","LakeSediment","pollen","temperature","degC",37.47,-108.16,"M2Lgb6c2jm2P",TRUE,TRUE,TRUE,TRUE,"M2Lgb6c2jm2P",TRUE,""
"RAP1dzJLThI","BellsLake.Szeicz.1995","LakeSediment","pollen","temperatureComposite","degC",65.02,-127.48,"RAP1dzJLThI",TRUE,TRUE,TRUE,TRUE,"RAP1dzJLThI",TRUE,""
"RmGezmouka1","Berkut.Ilyashuk.2005","LakeSediment","chironomid","temperature","degC",66.34,36.66,"RmGezmouka1",TRUE,TRUE,TRUE,TRUE,"RmGezmouka1",TRUE,""
"M2Ln0s9p104P","Berry.Whitehead.1979","LakeSediment","pollen","temperature","degC",42.5,-73.32,"M2Ln0s9p104P",TRUE,TRUE,TRUE,TRUE,"M2Ln0s9p104P",TRUE,""
"M2L6hk7di03P","Berry.Whitehead.1979","LakeSediment","pollen","temperature","degC",42.5,-73.32,"M2L6hk7di03P",TRUE,TRUE,TRUE,TRUE,"M2L6hk7di03P",TRUE,""
"M2Lsemj4z4fP","Berry.Whitehead.1979","LakeSediment","pollen","temperature","degC",42.5,-73.32,"M2Lsemj4z4fP",TRUE,TRUE,TRUE,TRUE,"M2Lsemj4z4fP",TRUE,""
"M2L8ta6nvc9P","BI2Lake.Gajewski.1992","LakeSediment","pollen","temperature","degC",57.12,-76.38,"M2L8ta6nvc9P",TRUE,TRUE,TRUE,TRUE,"M2L8ta6nvc9P",TRUE,""
"M2Ll9trg0t0P","BI2Lake.Gajewski.1992","LakeSediment","pollen","temperature","degC",57.12,-76.38,"M2Ll9trg0t0P",TRUE,TRUE,TRUE,TRUE,"M2Ll9trg0t0P",TRUE,""
"M2La2ua5w4kP","BI2Lake.Gajewski.1992","LakeSediment","pollen","temperature","degC",57.12,-76.38,"M2La2ua5w4kP",TRUE,TRUE,TRUE,TRUE,"M2La2ua5w4kP",TRUE,""
"RtcHGLf9lJV","BiglandTarn.Barber.2013","LakeSediment","chironomid","temperature","degC",54.24,-2.99,"RtcHGLf9lJV",TRUE,TRUE,TRUE,TRUE,"RtcHGLf9lJV",TRUE,""
"M2Lsn8ueflfP","Billys.Jacobson.1975","LakeSediment","pollen","temperature","degC",46.27,-94.55,"M2Lsn8ueflfP",TRUE,TRUE,TRUE,TRUE,"M2Lsn8ueflfP",TRUE,""
"M2Lmj0qhtsrP","Billys.Jacobson.1975","LakeSediment","pollen","temperature","degC",46.27,-94.55,"M2Lmj0qhtsrP",TRUE,TRUE,TRUE,TRUE,"M2Lmj0qhtsrP",TRUE,""
"M2Lqditl4qyP","Billys.Jacobson.1975","LakeSediment","pollen","temperature","degC",46.27,-94.55,"M2Lqditl4qyP",TRUE,TRUE,TRUE,TRUE,"M2Lqditl4qyP",TRUE,""
"RoO1DPJKvcS","BiskupinskieLake.Noryskiewicz.1995","LakeSediment","pollen","temperature","degC",52.78,17.73,"RoO1DPJKvcS",TRUE,TRUE,TRUE,TRUE,"RoO1DPJKvcS",TRUE,""
"R7DxiAHp0lf","BiskupinskieLake.Noryskiewicz.1995","LakeSediment","pollen","temperatureComposite","degC",52.78,17.73,"R7DxiAHp0lf",TRUE,TRUE,TRUE,TRUE,"R7DxiAHp0lf",TRUE,""
"RRKxz11hFqw","BiskupinskieLake.Noryskiewicz.1995","LakeSediment","pollen","temperature","degC",52.78,17.73,"RRKxz11hFqw",TRUE,TRUE,TRUE,TRUE,"RRKxz11hFqw",TRUE,""
"T2L_BJ8_03_10GGC_d18o_ruber_SST_from_d18o_ruber","BJ8_03_10GGC.Linsley.2010","MarineSediment","d18O","temperature","degC",-7.3667,115.25,"T2L_BJ8_03_10GGC_d18o_ruber_SST_from_d18o_ruber",TRUE,TRUE,TRUE,TRUE,"T2L_BJ8_03_10GGC_d18o_ruber_SST_from_d18o_ruber",TRUE,""
"T2L_BJ8_03_13GGC_mgca_ruber_SST_from_mgca_ruber","BJ8_03_13GGC.Linsley.2010","MarineSediment","Mg/Ca","temperature","degC",-7.4,115.2,"T2L_BJ8_03_13GGC_mgca_ruber_SST_from_mgca_ruber",TRUE,TRUE,TRUE,TRUE,"T2L_BJ8_03_13GGC_mgca_ruber_SST_from_mgca_ruber",TRUE,""
"T2L_BJ8_03_13GGC_d18o_ruber_SST_from_d18o_ruber","BJ8_03_13GGC.Linsley.2010","MarineSediment","d18O","temperature","degC",-7.4,115.2,"T2L_BJ8_03_13GGC_d18o_ruber_SST_from_d18o_ruber",TRUE,TRUE,TRUE,TRUE,"T2L_BJ8_03_13GGC_d18o_ruber_SST_from_d18o_ruber",TRUE,""
"T2L_BJ8_03_70GGC_mgca_ruber_SST_from_mgca_ruber","BJ8_03_70GGC.Linsley.2010","MarineSediment","Mg/Ca","temperature","degC",-3.5667,119.3833,"T2L_BJ8_03_70GGC_mgca_ruber_SST_from_mgca_ruber",TRUE,TRUE,TRUE,TRUE,"T2L_BJ8_03_70GGC_mgca_ruber_SST_from_mgca_ruber",TRUE,""
"T2L_BJ8_03_70GGC_d18o_ruber_SST_from_d18o_ruber","BJ8_03_70GGC.Linsley.2010","MarineSediment","d18O","temperature","degC",-3.5667,119.3833,"T2L_BJ8_03_70GGC_d18o_ruber_SST_from_d18o_ruber",TRUE,TRUE,TRUE,TRUE,"T2L_BJ8_03_70GGC_d18o_ruber_SST_from_d18o_ruber",TRUE,""
"RcHJOeUBfxw","Bjornfjell.Brooks.2006","LakeSediment","chironomid","temperature","degC",68.43,18.07,"RcHJOeUBfxw",TRUE,TRUE,TRUE,TRUE,"RcHJOeUBfxw",TRUE,"length"
"RqsDm6bDZwv","BledowoLake.Binka.1988","LakeSediment","pollen","temperature","degC",52.55,20.67,"RqsDm6bDZwv",TRUE,TRUE,TRUE,TRUE,"RqsDm6bDZwv",TRUE,""
"R2yzkU2ca31","BledowoLake.Binka.1988","LakeSediment","pollen","temperatureComposite","degC",52.55,20.67,"R2yzkU2ca31",TRUE,TRUE,TRUE,TRUE,"R2yzkU2ca31",TRUE,""
"RY3BFo7yFd7","BledowoLake.Binka.1988","LakeSediment","pollen","temperature","degC",52.55,20.67,"RY3BFo7yFd7",TRUE,TRUE,TRUE,TRUE,"RY3BFo7yFd7",TRUE,""
"WEBa7012dcb","BloodPond.Marsicek.2013","LakeSediment","pollen","temperature","degC",42.08,-71.96,"WEBa7012dcb",TRUE,TRUE,TRUE,TRUE,"WEBa7012dcb",TRUE,""
"WEBccdb4e35","BloodPond.Marsicek.2013","LakeSediment","pollen","temperature","degC",42.08,-71.96,"WEBccdb4e35",TRUE,TRUE,TRUE,TRUE,"WEBccdb4e35",TRUE,""
"WEBf9c0d6bd","BloodPond.Marsicek.2013","LakeSediment","pollen","temperature","degC",42.08,-71.96,"WEBf9c0d6bd",TRUE,TRUE,TRUE,TRUE,"WEBf9c0d6bd",TRUE,""
"M2L4hu4h69oP","BN7Lake.Gajewski.1991","LakeSediment","pollen","temperature","degC",55.01,-73.52,"M2L4hu4h69oP",TRUE,TRUE,TRUE,TRUE,"M2L4hu4h69oP",TRUE,""
"M2L31m0leecP","BN7Lake.Gajewski.1991","LakeSediment","pollen","temperature","degC",55.01,-73.52,"M2L31m0leecP",TRUE,TRUE,TRUE,TRUE,"M2L31m0leecP",TRUE,""
"M2L3m70t46oP","BN7Lake.Gajewski.1991","LakeSediment","pollen","temperature","degC",55.01,-73.52,"M2L3m70t46oP",TRUE,TRUE,TRUE,TRUE,"M2L3m70t46oP",TRUE,""
"RwXhHQgpW2u","BoehnigseeGoldmoos.Markgraf.1969","Peat","pollen","temperature","degC",46.26,7.84,"RwXhHQgpW2u",TRUE,TRUE,TRUE,TRUE,"RwXhHQgpW2u",TRUE,""
"R4NdhyHXypE","BoehnigseeGoldmoos.Markgraf.1969","Peat","pollen","temperatureComposite","degC",46.26,7.84,"R4NdhyHXypE",TRUE,TRUE,TRUE,TRUE,"R4NdhyHXypE",TRUE,""
"R8v7DcuyImX","BoehnigseeGoldmoos.Markgraf.1969","Peat","pollen","temperature","degC",46.26,7.84,"R8v7DcuyImX",TRUE,TRUE,TRUE,TRUE,"R8v7DcuyImX",TRUE,""
"RST39AsmE0I","BolshieToroki.Zhilich.2017","LakeSediment","pollen","temperature","degC",55.39,80.62,"RST39AsmE0I",TRUE,TRUE,TRUE,TRUE,"RST39AsmE0I",TRUE,""
"M2LzulrgduaP","Boone.White.1986","LakeSediment","pollen","temperature","degC",55.58,-119.43,"M2LzulrgduaP",TRUE,TRUE,TRUE,TRUE,"M2LzulrgduaP",TRUE,""
"M2Lp5wggipyP","Boone.White.1986","LakeSediment","pollen","temperature","degC",55.58,-119.43,"M2Lp5wggipyP",TRUE,TRUE,TRUE,TRUE,"M2Lp5wggipyP",TRUE,""
"M2Lxytve3doP","Boone.White.1986","LakeSediment","pollen","temperature","degC",55.58,-119.43,"M2Lxytve3doP",TRUE,TRUE,TRUE,TRUE,"M2Lxytve3doP",TRUE,""
"M2L85y6l8ijP","BorderBeacon.Lamb.1985","LakeSediment","pollen","temperature","degC",55.33,-63.2,"M2L85y6l8ijP",TRUE,TRUE,TRUE,TRUE,"M2L85y6l8ijP",TRUE,""
"M2Lzz22ieh1P","BorderBeacon.Lamb.1985","LakeSediment","pollen","temperature","degC",55.33,-63.2,"M2Lzz22ieh1P",TRUE,TRUE,TRUE,TRUE,"M2Lzz22ieh1P",TRUE,""
"M2Lmp6pxlgjP","BorderBeacon.Lamb.1985","LakeSediment","pollen","temperature","degC",55.33,-63.2,"M2Lmp6pxlgjP",TRUE,TRUE,TRUE,TRUE,"M2Lmp6pxlgjP",TRUE,""
"M2Lg3t60401P","BoundaryPond.Mott.1977","LakeSediment","pollen","temperature","degC",45.57,-70.68,"M2Lg3t60401P",TRUE,TRUE,TRUE,TRUE,"M2Lg3t60401P",TRUE,""
"M2L89zd8ncqP","BoundaryPond.Mott.1977","LakeSediment","pollen","temperature","degC",45.57,-70.68,"M2L89zd8ncqP",TRUE,TRUE,TRUE,TRUE,"M2L89zd8ncqP",TRUE,""
"M2L4wwg6oi5P","BoundaryPond.Mott.1977","LakeSediment","pollen","temperature","degC",45.57,-70.68,"M2L4wwg6oi5P",TRUE,TRUE,TRUE,TRUE,"M2L4wwg6oi5P",TRUE,""
"WEB0c142d5f","BrayaSo.vonGunten.2012","LakeSediment","chlorophyll","temperature","degC",66.9875,-51.0333,"WEB0c142d5f",TRUE,TRUE,TRUE,TRUE,"WEB0c142d5f",TRUE,""
"R5TK1pF5QBE","Breitnau-Neuhof.Roesch.2009","Peat","pollen","temperature","degC",47.93,8.07,"R5TK1pF5QBE",TRUE,TRUE,TRUE,TRUE,"R5TK1pF5QBE",TRUE,""
"RQHbe4cH6UU","Breitnau-Neuhof.Roesch.2009","Peat","pollen","temperatureComposite","degC",47.93,8.07,"RQHbe4cH6UU",TRUE,TRUE,TRUE,TRUE,"RQHbe4cH6UU",TRUE,""
"RBcRoisjDj1","Breitnau-Neuhof.Roesch.2009","Peat","pollen","temperature","degC",47.93,8.07,"RBcRoisjDj1",TRUE,TRUE,TRUE,TRUE,"RBcRoisjDj1",TRUE,""
"PYTIRA0OPDR","brurskardstjorni.Velle.2005","LakeSediment","chironomid","temperature","degC",61.42,8.67,"PYTIRA0OPDR",TRUE,TRUE,TRUE,TRUE,"PYTIRA0OPDR",TRUE,""
"GH07da367f_SST_from_Uk37","BS79_38.Cacho.2001","MarineSediment","alkenone","SST_from_Uk37","degC",38.4,13.6,"GH07da367f_SST_from_Uk37",TRUE,TRUE,TRUE,TRUE,"GH07da367f_SST_from_Uk37",TRUE,""
"RLud13S5mNI","BuntesMoor.Weirich.1980","Peat","pollen","temperature","degC",47,11.14,"RLud13S5mNI",TRUE,TRUE,TRUE,TRUE,"RLud13S5mNI",TRUE,""
"RLrZViFiuLZ","BuntesMoor.Weirich.1980","Peat","pollen","temperatureComposite","degC",47,11.14,"RLrZViFiuLZ",TRUE,TRUE,TRUE,TRUE,"RLrZViFiuLZ",TRUE,""
"RIy9GX5k0xl","BuntesMoor.Weirich.1980","Peat","pollen","temperature","degC",47,11.14,"RIy9GX5k0xl",TRUE,TRUE,TRUE,TRUE,"RIy9GX5k0xl",TRUE,""
"LPDdb9440cb","Cadagno.Niemann.2012","LakeSediment","GDGT","temperature","degC",46.5507,8.7139,"LPDdb9440cb",TRUE,TRUE,TRUE,TRUE,"LPDdb9440cb",TRUE,""
"M2Le6f1uo55P","Camp11.Brubaker.1975","LakeSediment","pollen","temperature","degC",46.67,-88.02,"M2Le6f1uo55P",TRUE,TRUE,TRUE,TRUE,"M2Le6f1uo55P",TRUE,""
"M2L7q0kqi5iP","Camp11.Brubaker.1975","LakeSediment","pollen","temperature","degC",46.67,-88.02,"M2L7q0kqi5iP",TRUE,TRUE,TRUE,TRUE,"M2L7q0kqi5iP",TRUE,""
"M2L215porczP","Camp11.Brubaker.1975","LakeSediment","pollen","temperature","degC",46.67,-88.02,"M2L215porczP",TRUE,TRUE,TRUE,TRUE,"M2L215porczP",TRUE,""
"PYT17LJ7OZ8","CandelabraLake.Cwynar.1995","LakeSediment","pollen","temperature","degC",61.68,-130.65,"PYT17LJ7OZ8",TRUE,TRUE,TRUE,TRUE,"PYT17LJ7OZ8",TRUE,""
"WEBbc9e627b","CandelabraLake.Cwynar.1995","LakeSediment","pollen","temperature","degC",61.68,-130.65,"WEBbc9e627b",TRUE,TRUE,TRUE,TRUE,"WEBbc9e627b",TRUE,""
"RAll4J7F1rY","CandelabraLake.Cwynar.1995","LakeSediment","pollen","temperatureComposite","degC",61.68,-130.65,"RAll4J7F1rY",TRUE,TRUE,TRUE,TRUE,"RAll4J7F1rY",TRUE,""
"RrLXMslDM70","CangoCave.Talma.1992","Speleothem","d18O","temperature","degC",-33.3926,22.214,"RrLXMslDM70",TRUE,TRUE,TRUE,TRUE,"RrLXMslDM70",TRUE,""
"GH14bc173e","CapeGhir.Kim.2007","MarineSediment","alkenone","temperature","degC",30.85,-10.2685,"GH14bc173e",TRUE,TRUE,TRUE,TRUE,"GH14bc173e",TRUE,""
"M2LsnconpyrP","Caribou-Qubec.Jett.1992","LakeSediment","pollen","temperature","degC",48.2,-64.94,"M2LsnconpyrP",TRUE,TRUE,TRUE,TRUE,"M2LsnconpyrP",TRUE,""
"M2Lzvyuika0P","Caribou-Qubec.Jett.1992","LakeSediment","pollen","temperature","degC",48.2,-64.94,"M2Lzvyuika0P",TRUE,TRUE,TRUE,TRUE,"M2Lzvyuika0P",TRUE,""
"M2L4201jbr2P","Caribou-Qubec.Jett.1992","LakeSediment","pollen","temperature","degC",48.2,-64.94,"M2L4201jbr2P",TRUE,TRUE,TRUE,TRUE,"M2L4201jbr2P",TRUE,""
"M2L1tucsgyxP","CaribouHill.Lamb.1985","LakeSediment","pollen","temperature","degC",55.67,-63.25,"M2L1tucsgyxP",TRUE,TRUE,TRUE,TRUE,"M2L1tucsgyxP",TRUE,""
"M2Lgu9mli8uP","CaribouHill.Lamb.1985","LakeSediment","pollen","temperature","degC",55.67,-63.25,"M2Lgu9mli8uP",TRUE,TRUE,TRUE,TRUE,"M2Lgu9mli8uP",TRUE,""
"M2Lmxwfo4uxP","CaribouHill.Lamb.1985","LakeSediment","pollen","temperature","degC",55.67,-63.25,"M2Lmxwfo4uxP",TRUE,TRUE,TRUE,TRUE,"M2Lmxwfo4uxP",TRUE,""
"RclKPHfeaEb","CarletonLake.Upiter.2014","LakeSediment","chironomid","temperatureComposite","degC",64.2572,-110.1008,"RclKPHfeaEb",TRUE,TRUE,TRUE,TRUE,"RclKPHfeaEb",TRUE,""
"M2Lseyl59f9P","Carp.Whitlock.1985","LakeSediment","pollen","temperature","degC",45.92,-120.88,"M2Lseyl59f9P",TRUE,TRUE,TRUE,TRUE,"M2Lseyl59f9P",TRUE,""
"M2Lpkk1erutP","Carp.Whitlock.1985","LakeSediment","pollen","temperature","degC",45.92,-120.88,"M2Lpkk1erutP",TRUE,TRUE,TRUE,TRUE,"M2Lpkk1erutP",TRUE,""
"M2Lyvstpj8pP","Carp.Whitlock.1985","LakeSediment","pollen","temperature","degC",45.92,-120.88,"M2Lyvstpj8pP",TRUE,TRUE,TRUE,TRUE,"M2Lyvstpj8pP",TRUE,""
"M2Lfgw3jhx9P","CascadeFen.Maher.1963","LakeSediment","pollen","temperature","degC",37.65,-107.81,"M2Lfgw3jhx9P",TRUE,TRUE,TRUE,TRUE,"M2Lfgw3jhx9P",TRUE,"chronology"
"M2Lgnn5959oP","CascadeFen.Maher.1963","LakeSediment","pollen","temperature","degC",37.65,-107.81,"M2Lgnn5959oP",TRUE,TRUE,TRUE,TRUE,"M2Lgnn5959oP",TRUE,"chronology"
"M2Lvhsqfd0bP","CascadeFen.Maher.1963","LakeSediment","pollen","temperature","degC",37.65,-107.81,"M2Lvhsqfd0bP",TRUE,TRUE,TRUE,TRUE,"M2Lvhsqfd0bP",TRUE,"chronology"
"M2Loj175nf5P","Castor.Larouche.NA","LakeSediment","pollen","temperature","degC",46.61,-73,"M2Loj175nf5P",TRUE,TRUE,TRUE,TRUE,"M2Loj175nf5P",TRUE,""
"M2L7knu3zb6P","Castor.Larouche.NA","LakeSediment","pollen","temperature","degC",46.61,-73,"M2L7knu3zb6P",TRUE,TRUE,TRUE,TRUE,"M2L7knu3zb6P",TRUE,""
"M2Lb1ru7x97P","Castor.Larouche.NA","LakeSediment","pollen","temperature","degC",46.61,-73,"M2Lb1ru7x97P",TRUE,TRUE,TRUE,TRUE,"M2Lb1ru7x97P",TRUE,""
"RR7iIYb69dm","CC04.Gibb.2015","MarineSediment","dinocyst","temperature","degC",61.4639,-58.0365,"RR7iIYb69dm",TRUE,TRUE,TRUE,TRUE,"RR7iIYb69dm",TRUE,""
"RmkH7bJsTt4","CC04.Gibb.2015","MarineSediment","dinocyst","temperature","degC",61.4639,-58.0365,"RmkH7bJsTt4",TRUE,TRUE,TRUE,TRUE,"RmkH7bJsTt4",TRUE,""
"RxPYP3y92HP","CC04.Gibb.2015","MarineSediment","dinocyst","temperatureComposite","degC",61.4639,-58.0365,"RxPYP3y92HP",TRUE,TRUE,TRUE,TRUE,"RxPYP3y92HP",TRUE,""
"PYT295BX2KQ","Century.Johnsen.1972","GlacierIce","d18O","d18O","permil",77.17,-61.13,"PYT295BX2KQ",TRUE,TRUE,TRUE,TRUE,"PYT295BX2KQ",TRUE,""
"RdV4LGpfddw","CF8.Axford.2011","LakeSediment","chironomid","temperatureComposite","degC",70.5569,-68.9519,"RdV4LGpfddw",TRUE,TRUE,TRUE,TRUE,"RdV4LGpfddw",TRUE,""
"M2Lh4fhttxhP","CH2.Garralla.1992","LakeSediment","pollen","temperature","degC",49.68,-74.58,"M2Lh4fhttxhP",TRUE,TRUE,TRUE,TRUE,"M2Lh4fhttxhP",TRUE,""
"M2L726ed2xjP","CH2.Garralla.1992","LakeSediment","pollen","temperature","degC",49.68,-74.58,"M2L726ed2xjP",TRUE,TRUE,TRUE,TRUE,"M2L726ed2xjP",TRUE,""
"M2Lkgti4u2yP","CH2.Garralla.1992","LakeSediment","pollen","temperature","degC",49.68,-74.58,"M2Lkgti4u2yP",TRUE,TRUE,TRUE,TRUE,"M2Lkgti4u2yP",TRUE,""
"RVIIY9tLqwu","ChallaLake.Damst.2012","LakeSediment","GDGT","temperature","degC",-3.3167,37.7,"RVIIY9tLqwu",TRUE,TRUE,TRUE,TRUE,"RVIIY9tLqwu",TRUE,""
"Rf9ndgRNF2y","Chaohu.Li.2018","LakeSediment","pollen","temperature","degC",31.56,117.39,"Rf9ndgRNF2y",TRUE,TRUE,TRUE,TRUE,"Rf9ndgRNF2y",TRUE,""
"PYTNKAW5ZDO","Chuna.Jones.2005","LakeSediment","pollen","temperature","degC",67.95,32.48,"PYTNKAW5ZDO",TRUE,TRUE,TRUE,TRUE,"PYTNKAW5ZDO",TRUE,""
"WEB7c7a30a0","Churruca.Caniupan.2014","MarineSediment","alkenone","temperature","degC",-53.03,-73.9,"WEB7c7a30a0",TRUE,TRUE,TRUE,TRUE,"WEB7c7a30a0",TRUE,""
"RADdNaFf50i","Clapeyret.deBeaulieu.1977","Peat","pollen","temperature","degC",44.15,7.24,"RADdNaFf50i",TRUE,TRUE,TRUE,TRUE,"RADdNaFf50i",TRUE,""
"Rq20hfvJwc3","Clapeyret.deBeaulieu.1977","Peat","pollen","temperatureComposite","degC",44.15,7.24,"Rq20hfvJwc3",TRUE,TRUE,TRUE,TRUE,"Rq20hfvJwc3",TRUE,""
"RjaRma7WZui","Clapeyret.deBeaulieu.1977","Peat","pollen","temperature","degC",44.15,7.24,"RjaRma7WZui",TRUE,TRUE,TRUE,TRUE,"RjaRma7WZui",TRUE,""
"RM0SQ5BKOUx","ClarksJunction.Wilmshurst.2007","Peat","pollen","temperature","degC",-45.72,170.12,"RM0SQ5BKOUx",TRUE,TRUE,TRUE,TRUE,"RM0SQ5BKOUx",TRUE,"resolution"
"M2Lb2njsab0P","ClearLakeIA.Baker.1992","LakeSediment","pollen","temperature","degC",43.13,-93.43,"M2Lb2njsab0P",TRUE,TRUE,TRUE,TRUE,"M2Lb2njsab0P",TRUE,""
"M2Lsckwzmv1P","ClearLakeIA.Baker.1992","LakeSediment","pollen","temperature","degC",43.13,-93.43,"M2Lsckwzmv1P",TRUE,TRUE,TRUE,TRUE,"M2Lsckwzmv1P",TRUE,""
"M2L8muhrctrP","ClearLakeIA.Baker.1992","LakeSediment","pollen","temperature","degC",43.13,-93.43,"M2L8muhrctrP",TRUE,TRUE,TRUE,TRUE,"M2L8muhrctrP",TRUE,""
"M2Lypiizu4hP","ClearLakeIN.Bailey.1972","LakeSediment","pollen","temperature","degC",41.64,-86.54,"M2Lypiizu4hP",TRUE,TRUE,TRUE,TRUE,"M2Lypiizu4hP",TRUE,""
"M2Lr1vurcfcP","ClearLakeIN.Bailey.1972","LakeSediment","pollen","temperature","degC",41.64,-86.54,"M2Lr1vurcfcP",TRUE,TRUE,TRUE,TRUE,"M2Lr1vurcfcP",TRUE,""
"M2La3lgwa79P","ClearLakeIN.Bailey.1972","LakeSediment","pollen","temperature","degC",41.64,-86.54,"M2La3lgwa79P",TRUE,TRUE,TRUE,TRUE,"M2La3lgwa79P",TRUE,""
"M2L70fguskmP","ClearPond.Hussey.1993","LakeSediment","pollen","temperature","degC",33.8,-78.95,"M2L70fguskmP",TRUE,TRUE,TRUE,TRUE,"M2L70fguskmP",TRUE,""
"M2L1mbkfqyoP","ClearPond.Hussey.1993","LakeSediment","pollen","temperature","degC",33.8,-78.95,"M2L1mbkfqyoP",TRUE,TRUE,TRUE,TRUE,"M2L1mbkfqyoP",TRUE,""
"M2Lbtzi9joeP","ClearPond.Hussey.1993","LakeSediment","pollen","temperature","degC",33.8,-78.95,"M2Lbtzi9joeP",TRUE,TRUE,TRUE,TRUE,"M2Lbtzi9joeP",TRUE,""
"WEBfc1570c4","CN01.Cheung.2017","Peat","GDGT","temperature","degC",30.5619,91.1778,"WEBfc1570c4",TRUE,TRUE,TRUE,TRUE,"WEBfc1570c4",TRUE,""
"M2Lz8zzjys7P","Coghill.King.1986","LakeSediment","pollen","temperature","degC",53.9,-66.77,"M2Lz8zzjys7P",TRUE,TRUE,TRUE,TRUE,"M2Lz8zzjys7P",TRUE,""
"M2Ls8oc7swkP","Coghill.King.1986","LakeSediment","pollen","temperature","degC",53.9,-66.77,"M2Ls8oc7swkP",TRUE,TRUE,TRUE,TRUE,"M2Ls8oc7swkP",TRUE,""
"M2L511e6mjbP","Coghill.King.1986","LakeSediment","pollen","temperature","degC",53.9,-66.77,"M2L511e6mjbP",TRUE,TRUE,TRUE,TRUE,"M2L511e6mjbP",TRUE,""
"M2Lakkznb6iP","Compass.Macpherson.1986","LakeSediment","pollen","temperature","degC",50.03,-56.2,"M2Lakkznb6iP",TRUE,TRUE,TRUE,TRUE,"M2Lakkznb6iP",TRUE,""
"M2L3k86dnu3P","Compass.Macpherson.1986","LakeSediment","pollen","temperature","degC",50.03,-56.2,"M2L3k86dnu3P",TRUE,TRUE,TRUE,TRUE,"M2L3k86dnu3P",TRUE,""
"M2Lfqrx9sloP","Compass.Macpherson.1986","LakeSediment","pollen","temperature","degC",50.03,-56.2,"M2Lfqrx9sloP",TRUE,TRUE,TRUE,TRUE,"M2Lfqrx9sloP",TRUE,""
"M2Lz7ewxd8jP","Copley.Fall.1997","LakeSediment","pollen","temperature","degC",38.87,-107.08,"M2Lz7ewxd8jP",TRUE,TRUE,TRUE,TRUE,"M2Lz7ewxd8jP",TRUE,""
"M2Lv02p3n8eP","Copley.Fall.1997","LakeSediment","pollen","temperature","degC",38.87,-107.08,"M2Lv02p3n8eP",TRUE,TRUE,TRUE,TRUE,"M2Lv02p3n8eP",TRUE,""
"M2L4attyxxdP","Copley.Fall.1997","LakeSediment","pollen","temperature","degC",38.87,-107.08,"M2L4attyxxdP",TRUE,TRUE,TRUE,TRUE,"M2L4attyxxdP",TRUE,""
"M2L57gunhnaP","CoppermineSaddleback.Nichols.1975","LakeSediment","pollen","temperature","degC",67.83,-115.32,"M2L57gunhnaP",TRUE,TRUE,TRUE,TRUE,"M2L57gunhnaP",TRUE,""
"M2LfavpryfiP","CoppermineSaddleback.Nichols.1975","LakeSediment","pollen","temperature","degC",67.83,-115.32,"M2LfavpryfiP",TRUE,TRUE,TRUE,TRUE,"M2LfavpryfiP",TRUE,""
"M2Lo0iw64l3P","CoppermineSaddleback.Nichols.1975","LakeSediment","pollen","temperature","degC",67.83,-115.32,"M2Lo0iw64l3P",TRUE,TRUE,TRUE,TRUE,"M2Lo0iw64l3P",TRUE,""
"PYTUQPUNFJT","Corser.Nichols.2014","Peat","GDGT","temperature","relativeT",60.53,-145.45,"PYTUQPUNFJT",TRUE,TRUE,TRUE,TRUE,"PYTUQPUNFJT",TRUE,""
"M2Lhri5d4vvP","CottonwoodLake.Grimm.1987","LakeSediment","pollen","temperature","degC",44.84,-99.91,"M2Lhri5d4vvP",TRUE,TRUE,TRUE,TRUE,"M2Lhri5d4vvP",TRUE,""
"M2Ldae73dbnP","CottonwoodLake.Grimm.1987","LakeSediment","pollen","temperature","degC",44.84,-99.91,"M2Ldae73dbnP",TRUE,TRUE,TRUE,TRUE,"M2Ldae73dbnP",TRUE,""
"M2Lwg7wsrd5P","CottonwoodLake.Grimm.1987","LakeSediment","pollen","temperature","degC",44.84,-99.91,"M2Lwg7wsrd5P",TRUE,TRUE,TRUE,TRUE,"M2Lwg7wsrd5P",TRUE,""
"M2Lyc9a2r23P","CottonwoodPassPond.Fall.1997","LakeSediment","pollen","temperature","degC",38.83,-106.41,"M2Lyc9a2r23P",TRUE,TRUE,TRUE,TRUE,"M2Lyc9a2r23P",TRUE,"chronology"
"M2Lse70i8puP","CottonwoodPassPond.Fall.1997","LakeSediment","pollen","temperature","degC",38.83,-106.41,"M2Lse70i8puP",TRUE,TRUE,TRUE,TRUE,"M2Lse70i8puP",TRUE,"chronology"
"M2L8nwh67cmP","CottonwoodPassPond.Fall.1997","LakeSediment","pollen","temperature","degC",38.83,-106.41,"M2L8nwh67cmP",TRUE,TRUE,TRUE,TRUE,"M2L8nwh67cmP",TRUE,"chronology"
"M2L2322dg93P","Cranberry.McAndrews.NA","LakeSediment","pollen","temperature","degC",44.1,-78.1,"M2L2322dg93P",TRUE,TRUE,TRUE,TRUE,"M2L2322dg93P",TRUE,""
"M2Ltp1i0aflP","Cranberry.McAndrews.NA","LakeSediment","pollen","temperature","degC",44.1,-78.1,"M2Ltp1i0aflP",TRUE,TRUE,TRUE,TRUE,"M2Ltp1i0aflP",TRUE,""
"M2Loy7jz53zP","Cranberry.McAndrews.NA","LakeSediment","pollen","temperature","degC",44.1,-78.1,"M2Loy7jz53zP",TRUE,TRUE,TRUE,TRUE,"M2Loy7jz53zP",TRUE,""
"T2L_D13882_uk37_SST_from_uk37","D13882.Tierney","MarineSediment","alkenone","temperature","degC",38.6345,-9.4542,"T2L_D13882_uk37_SST_from_uk37",TRUE,TRUE,TRUE,TRUE,"T2L_D13882_uk37_SST_from_uk37",TRUE,""
"WEBddd2abef","DajiuhuPeatland.Huang.2013","Peat","C15 fatty alcohols","temperature","degC",31.4667,110,"WEBddd2abef",TRUE,TRUE,TRUE,TRUE,"WEBddd2abef",TRUE,""
"PYTPSOT4O3M","Dalene.Seppa.2009","LakeSediment","pollen","temperature","degC",58.25,8,"PYTPSOT4O3M",TRUE,TRUE,TRUE,TRUE,"PYTPSOT4O3M",TRUE,""
"PYTU4TX1ZVV","Dalmutladdo.Bjune.2004","LakeSediment","pollen","temperature","degC",69.17,20.72,"PYTU4TX1ZVV",TRUE,TRUE,TRUE,TRUE,"PYTU4TX1ZVV",TRUE,""
"PYT7CTPU3HQ","Dalmutladdo.Bjune.2004","LakeSediment","pollen","temperature","degC",69.17,20.72,"PYT7CTPU3HQ",TRUE,TRUE,TRUE,TRUE,"PYT7CTPU3HQ",TRUE,""
"RJ46xwfMboE","Dalmutladdo.Bjune.2004","LakeSediment","pollen","temperatureComposite","degC",69.17,20.72,"RJ46xwfMboE",TRUE,TRUE,TRUE,TRUE,"RJ46xwfMboE",TRUE,""
"RLVhTGXvCnW","DANA12_11_2_GC01.VanNieuwenhove.2018","MarineSediment","dinocyst","temperature","degC",61.6089,-20.7027,"RLVhTGXvCnW",TRUE,TRUE,TRUE,TRUE,"RLVhTGXvCnW",TRUE,""
"RsPmeLbF4Xj","DarzlubieForest.Polska-JasiewiczOwa.1996","Peat","pollen","temperature","degC",54.7,18.17,"RsPmeLbF4Xj",TRUE,TRUE,TRUE,TRUE,"RsPmeLbF4Xj",TRUE,""
"REW23yVFq2c","DarzlubieForest.Polska-JasiewiczOwa.1996","Peat","pollen","temperatureComposite","degC",54.7,18.17,"REW23yVFq2c",TRUE,TRUE,TRUE,TRUE,"REW23yVFq2c",TRUE,""
"RhceG5t19e4","DarzlubieForest.Polska-JasiewiczOwa.1996","Peat","pollen","temperature","degC",54.7,18.17,"RhceG5t19e4",TRUE,TRUE,TRUE,TRUE,"RhceG5t19e4",TRUE,""
"M2Lnwn70cm8P","DavisLake.Barnosky.1981","LakeSediment","pollen","temperature","degC",42.14,-73.41,"M2Lnwn70cm8P",TRUE,TRUE,TRUE,TRUE,"M2Lnwn70cm8P",TRUE,""
"M2Lb65zci5bP","DavisLake.Barnosky.1981","LakeSediment","pollen","temperature","degC",42.14,-73.41,"M2Lb65zci5bP",TRUE,TRUE,TRUE,TRUE,"M2Lb65zci5bP",TRUE,""
"M2Lqsgb2az4P","DavisLake.Barnosky.1981","LakeSediment","pollen","temperature","degC",42.14,-73.41,"M2Lqsgb2az4P",TRUE,TRUE,TRUE,TRUE,"M2Lqsgb2az4P",TRUE,""
"M2Lqdc73rb2P","Decoy.Szeicz.1991","LakeSediment","pollen","temperature","degC",43.23,-80.37,"M2Lqdc73rb2P",TRUE,TRUE,TRUE,TRUE,"M2Lqdc73rb2P",TRUE,""
"M2Lagkzn1giP","Decoy.Szeicz.1991","LakeSediment","pollen","temperature","degC",43.23,-80.37,"M2Lagkzn1giP",TRUE,TRUE,TRUE,TRUE,"M2Lagkzn1giP",TRUE,""
"M2Lhd1b9ejrP","Decoy.Szeicz.1991","LakeSediment","pollen","temperature","degC",43.23,-80.37,"M2Lhd1b9ejrP",TRUE,TRUE,TRUE,TRUE,"M2Lhd1b9ejrP",TRUE,""
"M2Larzon6irP","Delorme1.Bouchard.1982","LakeSediment","pollen","temperature","degC",54.42,-69.92,"M2Larzon6irP",TRUE,TRUE,TRUE,TRUE,"M2Larzon6irP",TRUE,""
"M2Lfauth4q5P","Delorme1.Bouchard.1982","LakeSediment","pollen","temperature","degC",54.42,-69.92,"M2Lfauth4q5P",TRUE,TRUE,TRUE,TRUE,"M2Lfauth4q5P",TRUE,""
"M2LfdkrvgyhP","Delorme1.Bouchard.1982","LakeSediment","pollen","temperature","degC",54.42,-69.92,"M2LfdkrvgyhP",TRUE,TRUE,TRUE,TRUE,"M2LfdkrvgyhP",TRUE,""
"M2L1rw0lmbhP","Delorme2.Bouchard.1982","LakeSediment","pollen","temperature","degC",54.42,-69.93,"M2L1rw0lmbhP",TRUE,TRUE,TRUE,TRUE,"M2L1rw0lmbhP",TRUE,""
"M2L8d6q9w3tP","Delorme2.Bouchard.1982","LakeSediment","pollen","temperature","degC",54.42,-69.93,"M2L8d6q9w3tP",TRUE,TRUE,TRUE,TRUE,"M2L8d6q9w3tP",TRUE,""
"M2LqxikmeduP","Delorme2.Bouchard.1982","LakeSediment","pollen","temperature","degC",54.42,-69.93,"M2LqxikmeduP",TRUE,TRUE,TRUE,TRUE,"M2LqxikmeduP",TRUE,""
"RvZFkpE8BK4","Deltasoe.Axford.2019","LakeSediment","chironomid","temperature","degC",76.7595,-67.61,"RvZFkpE8BK4",TRUE,TRUE,TRUE,TRUE,"RvZFkpE8BK4",TRUE,""
"M2L3l1fqhcvP","Demont.Kapp.NA","LakeSediment","pollen","temperature","degC",43.48,-85,"M2L3l1fqhcvP",TRUE,TRUE,TRUE,TRUE,"M2L3l1fqhcvP",TRUE,""
"M2Ldwjqir4jP","Demont.Kapp.NA","LakeSediment","pollen","temperature","degC",43.48,-85,"M2Ldwjqir4jP",TRUE,TRUE,TRUE,TRUE,"M2Ldwjqir4jP",TRUE,""
"M2Lvlvf54mwP","Demont.Kapp.NA","LakeSediment","pollen","temperature","degC",43.48,-85,"M2Lvlvf54mwP",TRUE,TRUE,TRUE,TRUE,"M2Lvlvf54mwP",TRUE,""
"WEBfb6b61e3","DempsterPeatland.Porter.2019","Ice-other","d18O","temperature","degC",65.21,-138.32,"WEBfb6b61e3",TRUE,TRUE,TRUE,TRUE,"WEBfb6b61e3",TRUE,""
"M2Lycyl84kiP","Devils.Shuman.2016","LakeSediment","pollen","temperature","degC",43.42,-89.73,"M2Lycyl84kiP",TRUE,TRUE,TRUE,TRUE,"M2Lycyl84kiP",TRUE,""
"M2Lgulwr3fmP","Devils.Shuman.2016","LakeSediment","pollen","temperature","degC",43.42,-89.73,"M2Lgulwr3fmP",TRUE,TRUE,TRUE,TRUE,"M2Lgulwr3fmP",TRUE,""
"M2Lmcalxjr0P","Devils.Shuman.2016","LakeSediment","pollen","temperature","degC",43.42,-89.73,"M2Lmcalxjr0P",TRUE,TRUE,TRUE,TRUE,"M2Lmcalxjr0P",TRUE,""
"PYT8NX1Q5ZA","DevonIceCap.Paterson.1977","GlacierIce","d18O","d18O","permil",75.3167,-82.5,"PYT8NX1Q5ZA",TRUE,TRUE,TRUE,TRUE,"PYT8NX1Q5ZA",TRUE,""
"M2Leb83o3ngP","DevonIslandGlacier.McAndrews.1984","LakeSediment","pollen","temperature","degC",75.35,-82.5,"M2Leb83o3ngP",TRUE,TRUE,TRUE,TRUE,"M2Leb83o3ngP",TRUE,""
"M2Ln0os2orwP","DevonIslandGlacier.McAndrews.1984","LakeSediment","pollen","temperature","degC",75.35,-82.5,"M2Ln0os2orwP",TRUE,TRUE,TRUE,TRUE,"M2Ln0os2orwP",TRUE,""
"M2Lp7ovi4zuP","DevonIslandGlacier.McAndrews.1984","LakeSediment","pollen","temperature","degC",75.35,-82.5,"M2Lp7ovi4zuP",TRUE,TRUE,TRUE,TRUE,"M2Lp7ovi4zuP",TRUE,""
"PYTQGF9UT2H","DolgoeLake.Wolfe.2000","LakeSediment","pollen","temperature","degC",71.87,127.07,"PYTQGF9UT2H",TRUE,TRUE,TRUE,TRUE,"PYTQGF9UT2H",TRUE,""
"Rdf2KmRVOb2","DomeF.Uemura.2018","GlacierIce","d18O","temperature","degC",-77.3167,39.67,"Rdf2KmRVOb2",TRUE,TRUE,TRUE,TRUE,"Rdf2KmRVOb2",TRUE,""
"RT9UYffF0r0","Donvold.Nilssen.1983","Peat","pollen","temperature","degC",68.13,13.58,"RT9UYffF0r0",TRUE,TRUE,TRUE,TRUE,"RT9UYffF0r0",TRUE,""
"RFnXAgxg0hG","Donvold.Nilssen.1983","Peat","pollen","temperatureComposite","degC",68.13,13.58,"RFnXAgxg0hG",TRUE,TRUE,TRUE,TRUE,"RFnXAgxg0hG",TRUE,""
"REFJO9vQCfa","Donvold.Nilssen.1983","Peat","pollen","temperature","degC",68.13,13.58,"REFJO9vQCfa",TRUE,TRUE,TRUE,TRUE,"REFJO9vQCfa",TRUE,""
"M2L9b0h67c3P","Duck.Winkler.1985","LakeSediment","pollen","temperature","degC",41.93,-70,"M2L9b0h67c3P",TRUE,TRUE,TRUE,TRUE,"M2L9b0h67c3P",TRUE,""
"M2Lhh6f9sm9P","Duck.Winkler.1985","LakeSediment","pollen","temperature","degC",41.93,-70,"M2Lhh6f9sm9P",TRUE,TRUE,TRUE,TRUE,"M2Lhh6f9sm9P",TRUE,""
"M2Lhauzlyt3P","Duck.Winkler.1985","LakeSediment","pollen","temperature","degC",41.93,-70,"M2Lhauzlyt3P",TRUE,TRUE,TRUE,TRUE,"M2Lhauzlyt3P",TRUE,""
"RfEoNTrvsy9","Dura-Moor.Seiwald.1980","Peat","pollen","temperature","degC",46.64,11.46,"RfEoNTrvsy9",TRUE,TRUE,TRUE,TRUE,"RfEoNTrvsy9",TRUE,""
"RmWAcZM7Ri5","Dura-Moor.Seiwald.1980","Peat","pollen","temperatureComposite","degC",46.64,11.46,"RmWAcZM7Ri5",TRUE,TRUE,TRUE,TRUE,"RmWAcZM7Ri5",TRUE,""
"RPm77pxTowD","Dura-Moor.Seiwald.1980","Peat","pollen","temperature","degC",46.64,11.46,"RPm77pxTowD",TRUE,TRUE,TRUE,TRUE,"RPm77pxTowD",TRUE,""
"RQ6N1Ktr5Ai","Duranunlak.EPD","LakeSediment","pollen","temperature","degC",43.67,28.55,"RQ6N1Ktr5Ai",TRUE,TRUE,TRUE,TRUE,"RQ6N1Ktr5Ai",TRUE,""
"RXKfG1yd0lA","Duranunlak.EPD","LakeSediment","pollen","temperatureComposite","degC",43.67,28.55,"RXKfG1yd0lA",TRUE,TRUE,TRUE,TRUE,"RXKfG1yd0lA",TRUE,""
"RMpGVpFWptO","Duranunlak.EPD","LakeSediment","pollen","temperature","degC",43.67,28.55,"RMpGVpFWptO",TRUE,TRUE,TRUE,TRUE,"RMpGVpFWptO",TRUE,""
"WEB1bc4c057","DYE3.Dahl-Jensen.1998","GlacierIce","borehole","temperature","degC",65.1857,-43.8248,"WEB1bc4c057",TRUE,TRUE,TRUE,TRUE,"WEB1bc4c057",TRUE,""
"PYTAUVXNNEA","Dye3.Vinther.2006","GlacierIce","d18O","d18O","permil",65.1833,-43.82,"PYTAUVXNNEA",TRUE,TRUE,TRUE,TRUE,"PYTAUVXNNEA",TRUE,""
"R3Ypu5QP5eP","EagleTarn.Rees.2010","LakeSediment","chironomid","temperature","degC",-42.6799,146.5914,"R3Ypu5QP5eP",TRUE,TRUE,TRUE,TRUE,"R3Ypu5QP5eP",TRUE,""
"M2Lg77nq75zP","EC1.Gajewski.1993","LakeSediment","pollen","temperature","degC",56.28,-75.1,"M2Lg77nq75zP",TRUE,TRUE,TRUE,TRUE,"M2Lg77nq75zP",TRUE,""
"M2Lv9gueit2P","EC1.Gajewski.1993","LakeSediment","pollen","temperature","degC",56.28,-75.1,"M2Lv9gueit2P",TRUE,TRUE,TRUE,TRUE,"M2Lv9gueit2P",TRUE,""
"M2L1fcqp9rpP","EC1.Gajewski.1993","LakeSediment","pollen","temperature","degC",56.28,-75.1,"M2L1fcqp9rpP",TRUE,TRUE,TRUE,TRUE,"M2L1fcqp9rpP",TRUE,""
"M2Lpiyhg2dyP","EC2.Gajewski.1991","LakeSediment","pollen","temperature","degC",56.02,-74.95,"M2Lpiyhg2dyP",TRUE,TRUE,TRUE,TRUE,"M2Lpiyhg2dyP",TRUE,""
"M2Lsekb4bsqP","EC2.Gajewski.1991","LakeSediment","pollen","temperature","degC",56.02,-74.95,"M2Lsekb4bsqP",TRUE,TRUE,TRUE,TRUE,"M2Lsekb4bsqP",TRUE,""
"M2L5adu400zP","EC2.Gajewski.1991","LakeSediment","pollen","temperature","degC",56.02,-74.95,"M2L5adu400zP",TRUE,TRUE,TRUE,TRUE,"M2L5adu400zP",TRUE,""
"WEBef5799bb","EDML.Stenni.2010","GlacierIce","deterium excess","temperature","degC",-75.0025,0.0683,"WEBef5799bb",TRUE,TRUE,TRUE,TRUE,"WEBef5799bb",TRUE,""
"RHkrEHLrEmG","Egelsee.Larocque.2010","LakeSediment","chironomid","temperature","degC",47.18,8.58,"RHkrEHLrEmG",TRUE,TRUE,TRUE,TRUE,"RHkrEHLrEmG",TRUE,""
"M2LlulfcfzyP","ELake.Ritchie.1976","LakeSediment","pollen","temperature","degC",50.69,-99.66,"M2LlulfcfzyP",TRUE,TRUE,TRUE,TRUE,"M2LlulfcfzyP",TRUE,""
"M2Lz04mrkssP","ELake.Ritchie.1976","LakeSediment","pollen","temperature","degC",50.69,-99.66,"M2Lz04mrkssP",TRUE,TRUE,TRUE,TRUE,"M2Lz04mrkssP",TRUE,""
"M2L4110p1qwP","ELake.Ritchie.1976","LakeSediment","pollen","temperature","degC",50.69,-99.66,"M2L4110p1qwP",TRUE,TRUE,TRUE,TRUE,"M2L4110p1qwP",TRUE,""
"M2LxrriubooP","Eldora.Maher.1969","LakeSediment","pollen","temperature","degC",39.94,-105.58,"M2LxrriubooP",TRUE,TRUE,TRUE,TRUE,"M2LxrriubooP",TRUE,""
"M2LiaueutgvP","Eldora.Maher.1969","LakeSediment","pollen","temperature","degC",39.94,-105.58,"M2LiaueutgvP",TRUE,TRUE,TRUE,TRUE,"M2LiaueutgvP",TRUE,""
"M2Lm8jxg50yP","Eldora.Maher.1969","LakeSediment","pollen","temperature","degC",39.94,-105.58,"M2Lm8jxg50yP",TRUE,TRUE,TRUE,TRUE,"M2Lm8jxg50yP",TRUE,""
"WEB9a26a54b","Eleanor.Gavin.2011","LakeSediment","BSi","BSi","percent",47.68,-124.02,"WEB9a26a54b",TRUE,TRUE,TRUE,TRUE,"WEB9a26a54b",TRUE,""
"Rc9cuWIUbO5","Elfstadalsvatn.Langdon.2008","LakeSediment","chironomid","temperature","degC",65.5612,-22.4064,"Rc9cuWIUbO5",TRUE,TRUE,TRUE,TRUE,"Rc9cuWIUbO5",TRUE,""
"WEB65af657c","ElGygytgynCrater.Schwamborn.2006","Ice-other","d18O","d18O","permil",67.441,172.219,"WEB65af657c",TRUE,TRUE,TRUE,TRUE,"WEB65af657c",TRUE,"length"
"T2L_EN32_PC6_mgca_ruber_SST_from_mgca_ruber","EN32_PC6.Flower.2004","MarineSediment","Mg/Ca","temperature","degC",26.946,-91.35,"T2L_EN32_PC6_mgca_ruber_SST_from_mgca_ruber",TRUE,TRUE,TRUE,TRUE,"T2L_EN32_PC6_mgca_ruber_SST_from_mgca_ruber",TRUE,"length"
"T2L_EN32_PC6_d18o_ruber_SST_from_d18o_ruber","EN32_PC6.Flower.2004","MarineSediment","d18O","temperature","degC",26.946,-91.35,"T2L_EN32_PC6_d18o_ruber_SST_from_d18o_ruber",TRUE,TRUE,TRUE,TRUE,"T2L_EN32_PC6_d18o_ruber_SST_from_d18o_ruber",TRUE,"length"
"M2Lpm21frclP","Ennadai-1.Nichols.1967","LakeSediment","pollen","temperature","degC",61.1667,-100.9167,"M2Lpm21frclP",TRUE,TRUE,TRUE,TRUE,"M2Lpm21frclP",TRUE,""
"M2L9nfmow8zP","Ennadai-1.Nichols.1967","LakeSediment","pollen","temperature","degC",61.1667,-100.9167,"M2L9nfmow8zP",TRUE,TRUE,TRUE,TRUE,"M2L9nfmow8zP",TRUE,""
"M2Lzhv3nfyiP","Ennadai-1.Nichols.1967","LakeSediment","pollen","temperature","degC",61.1667,-100.9167,"M2Lzhv3nfyiP",TRUE,TRUE,TRUE,TRUE,"M2Lzhv3nfyiP",TRUE,""
"M2Lttreppu1P","Ennadai-2.Nichols.1975","LakeSediment","pollen","temperature","degC",61.24,-100.95,"M2Lttreppu1P",TRUE,TRUE,TRUE,TRUE,"M2Lttreppu1P",TRUE,""
"M2L3lackd3rP","Ennadai-2.Nichols.1975","LakeSediment","pollen","temperature","degC",61.24,-100.95,"M2L3lackd3rP",TRUE,TRUE,TRUE,TRUE,"M2L3lackd3rP",TRUE,""
"M2L846r0l61P","Ennadai-2.Nichols.1975","LakeSediment","pollen","temperature","degC",61.24,-100.95,"M2L846r0l61P",TRUE,TRUE,TRUE,TRUE,"M2L846r0l61P",TRUE,""
"WEBd30870fb","EPICADomeC.Stenni.2010","GlacierIce","deterium excess","temperature","degC",-75.1019,123.3953,"WEBd30870fb",TRUE,TRUE,TRUE,TRUE,"WEBd30870fb",TRUE,""
"T2L_ERDC_092BX_d18o_sacculifer_SST_from_d18o_sacculifer","ERDC_092BX.Palmer.2003","MarineSediment","d18O","temperature","degC",-2.225,156.998,"T2L_ERDC_092BX_d18o_sacculifer_SST_from_d18o_sacculifer",TRUE,TRUE,TRUE,TRUE,"T2L_ERDC_092BX_d18o_sacculifer_SST_from_d18o_sacculifer",TRUE,"resolution"
"R9q1L6RBaPd","ESM-1.Mackay.2012","LakeSediment","chironomid","temperature","degC",52.0269,101.0591,"R9q1L6RBaPd",TRUE,TRUE,TRUE,TRUE,"R9q1L6RBaPd",TRUE,""
"RiyWXIIlfUl","Etangd'yCorMontana.Welten.1982","LakeSediment","pollen","temperature","degC",46.31,7.48,"RiyWXIIlfUl",TRUE,TRUE,TRUE,TRUE,"RiyWXIIlfUl",TRUE,""
"RGzc1K1TEcO","Etangd'yCorMontana.Welten.1982","LakeSediment","pollen","temperatureComposite","degC",46.31,7.48,"RGzc1K1TEcO",TRUE,TRUE,TRUE,TRUE,"RGzc1K1TEcO",TRUE,""
"RTl0Xb3NzUT","Etangd'yCorMontana.Welten.1982","LakeSediment","pollen","temperature","degC",46.31,7.48,"RTl0Xb3NzUT",TRUE,TRUE,TRUE,TRUE,"RTl0Xb3NzUT",TRUE,""
"T2L_EW0408_66JC_uk37_SST_from_uk37","EW0408_66JC.Praetorius.2015","MarineSediment","alkenone","temperature","degC",57.8724,-137.1045,"T2L_EW0408_66JC_uk37_SST_from_uk37",TRUE,TRUE,TRUE,TRUE,"T2L_EW0408_66JC_uk37_SST_from_uk37",TRUE,""
"T2L_EW0408_66JC_d18o_pachyderma_SST_from_d18o_pachyderma","EW0408_66JC.Praetorius.2015","MarineSediment","d18O","temperature","degC",57.8724,-137.1045,"T2L_EW0408_66JC_d18o_pachyderma_SST_from_d18o_pachyderma",TRUE,TRUE,TRUE,TRUE,"T2L_EW0408_66JC_d18o_pachyderma_SST_from_d18o_pachyderma",TRUE,""
"T2L_EW0408_85JC_uk37_SST_from_uk37","EW0408_85JC.Praetorius.2015","MarineSediment","alkenone","temperature","degC",59.5554,-144.1535,"T2L_EW0408_85JC_uk37_SST_from_uk37",TRUE,TRUE,TRUE,TRUE,"T2L_EW0408_85JC_uk37_SST_from_uk37",TRUE,""
"T2L_EW0408_85JC_d18o_pachyderma_SST_from_d18o_pachyderma","EW0408_85JC.Praetorius.2015","MarineSediment","d18O","temperature","degC",59.5554,-144.1535,"T2L_EW0408_85JC_d18o_pachyderma_SST_from_d18o_pachyderma",TRUE,TRUE,TRUE,TRUE,"T2L_EW0408_85JC_d18o_pachyderma_SST_from_d18o_pachyderma",TRUE,""
"T2L_EW0408_85JC_d18o_bulloides_SST_from_d18o_bulloides","EW0408_85JC.Praetorius.2015","MarineSediment","d18O","temperature","degC",59.5554,-144.1535,"T2L_EW0408_85JC_d18o_bulloides_SST_from_d18o_bulloides",TRUE,TRUE,TRUE,TRUE,"T2L_EW0408_85JC_d18o_bulloides_SST_from_d18o_bulloides",TRUE,""
"WEB6df77dbb","FanLake.Foster.2016","LakeSediment","GDGT","temperature","degC",-54.497,-37.053,"WEB6df77dbb",TRUE,TRUE,TRUE,TRUE,"WEB6df77dbb",TRUE,""
"PYTUWT2GQ7F","Farewell.Hu.1998","LakeSediment","Mg/Ca","Mg/Ca","mmol/mol",62.55,-153.63,"PYTUWT2GQ7F",TRUE,TRUE,TRUE,TRUE,"PYTUWT2GQ7F",TRUE,""
"PYT0UICY9DO","FauskeCave.Linge.2009","Speleothem","d18O","d18O","permil",67.22,15.81,"PYT0UICY9DO",TRUE,TRUE,TRUE,TRUE,"PYT0UICY9DO",TRUE,""
"M2Lfivgg76xP","Ferndale.Albert.1981","LakeSediment","pollen","temperature","degC",34.41,-95.81,"M2Lfivgg76xP",TRUE,TRUE,TRUE,TRUE,"M2Lfivgg76xP",TRUE,""
"M2Lasjuwzq8P","Ferndale.Albert.1981","LakeSediment","pollen","temperature","degC",34.41,-95.81,"M2Lasjuwzq8P",TRUE,TRUE,TRUE,TRUE,"M2Lasjuwzq8P",TRUE,""
"M2Luyrjjlf0P","Ferndale.Albert.1981","LakeSediment","pollen","temperature","degC",34.41,-95.81,"M2Luyrjjlf0P",TRUE,TRUE,TRUE,TRUE,"M2Luyrjjlf0P",TRUE,""
"RNUUIt5cNMT","Flarken.Berglund.1966","LakeSediment","pollen","temperature","degC",58.58,13.67,"RNUUIt5cNMT",TRUE,TRUE,TRUE,TRUE,"RNUUIt5cNMT",TRUE,""
"RFh4TAxf8GA","Flarken.Berglund.1966","LakeSediment","pollen","temperatureComposite","degC",58.58,13.67,"RFh4TAxf8GA",TRUE,TRUE,TRUE,TRUE,"RFh4TAxf8GA",TRUE,""
"Rlr6O7iamYQ","Flarken.Berglund.1966","LakeSediment","pollen","temperature","degC",58.58,13.67,"Rlr6O7iamYQ",TRUE,TRUE,TRUE,TRUE,"Rlr6O7iamYQ",TRUE,""
"PYTU1B5B43Z","Flarken.Seppa.2005","LakeSediment","pollen","temperature","degC",58.55,13.67,"PYTU1B5B43Z",TRUE,TRUE,TRUE,TRUE,"PYTU1B5B43Z",TRUE,""
"PYTSP55UOX3","Flotatjonn.Seppa.2009","LakeSediment","pollen","temperature","degC",59.67,7.55,"PYTSP55UOX3",TRUE,TRUE,TRUE,TRUE,"PYTSP55UOX3",TRUE,""
"RDXh0f5DCO4","FontaineHenry.Lespez.2008","Peat","pollen","temperature","degC",49.28,-0.45,"RDXh0f5DCO4",TRUE,TRUE,TRUE,TRUE,"RDXh0f5DCO4",TRUE,""
"RLAKtgjsUHn","FontaineHenry.Lespez.2008","Peat","pollen","temperatureComposite","degC",49.28,-0.45,"RLAKtgjsUHn",TRUE,TRUE,TRUE,TRUE,"RLAKtgjsUHn",TRUE,""
"REMWr1ap7WS","FontaineHenry.Lespez.2008","Peat","pollen","temperature","degC",49.28,-0.45,"REMWr1ap7WS",TRUE,TRUE,TRUE,TRUE,"REMWr1ap7WS",TRUE,""
"WEBd6c4bf1f","Frozen.Rosenberg.2004","LakeSediment","chironomid","temperature","degC",49.6,-121.467,"WEBd6c4bf1f",TRUE,TRUE,TRUE,TRUE,"WEBd6c4bf1f",TRUE,""
"PYT6ATFLR1S","Gammelheimvatnet.Seppa.2009","LakeSediment","pollen","temperature","degC",68.47,17.75,"PYT6ATFLR1S",TRUE,TRUE,TRUE,TRUE,"PYT6ATFLR1S",TRUE,""
"M2Lobppgc8iP","Gass.Webb.1983","LakeSediment","pollen","temperature","degC",44.05,-87.73,"M2Lobppgc8iP",TRUE,TRUE,TRUE,TRUE,"M2Lobppgc8iP",TRUE,""
"M2Lreiy4zuwP","Gass.Webb.1983","LakeSediment","pollen","temperature","degC",44.05,-87.73,"M2Lreiy4zuwP",TRUE,TRUE,TRUE,TRUE,"M2Lreiy4zuwP",TRUE,""
"M2Lgupr25mjP","Gass.Webb.1983","LakeSediment","pollen","temperature","degC",44.05,-87.73,"M2Lgupr25mjP",TRUE,TRUE,TRUE,TRUE,"M2Lgupr25mjP",TRUE,""
"M2L782p0ctmP","GB1.Gajewski.1991","LakeSediment","pollen","temperature","degC",55.11,-75.25,"M2L782p0ctmP",TRUE,TRUE,TRUE,TRUE,"M2L782p0ctmP",TRUE,""
"M2L5sczvonsP","GB1.Gajewski.1991","LakeSediment","pollen","temperature","degC",55.11,-75.25,"M2L5sczvonsP",TRUE,TRUE,TRUE,TRUE,"M2L5sczvonsP",TRUE,""
"M2Lf6mllgzvP","GB1.Gajewski.1991","LakeSediment","pollen","temperature","degC",55.11,-75.25,"M2Lf6mllgzvP",TRUE,TRUE,TRUE,TRUE,"M2Lf6mllgzvP",TRUE,""
"M2L8i5tdwifP","GB2.Gajewski.1993","LakeSediment","pollen","temperature","degC",56.1,-75.28,"M2L8i5tdwifP",TRUE,TRUE,TRUE,TRUE,"M2L8i5tdwifP",TRUE,""
"M2Lse4fodl9P","GB2.Gajewski.1993","LakeSediment","pollen","temperature","degC",56.1,-75.28,"M2Lse4fodl9P",TRUE,TRUE,TRUE,TRUE,"M2Lse4fodl9P",TRUE,""
"M2Lr2u9z69jP","GB2.Gajewski.1993","LakeSediment","pollen","temperature","degC",56.1,-75.28,"M2Lr2u9z69jP",TRUE,TRUE,TRUE,TRUE,"M2Lr2u9z69jP",TRUE,""
"RrR5q3ibRjl","Gemini.Samartin.2017","LakeSediment","chironomid","temperature","degC",44.3894,10.0475,"RrR5q3ibRjl",TRUE,TRUE,TRUE,TRUE,"RrR5q3ibRjl",TRUE,""
"RL64xxOUoVT_SST_from_planktic0x2EMgCa","GeoB10042_1.Setiawan.2015","MarineSediment","Mg/Ca","temperature","degC",-7.1135,104.6425,"RL64xxOUoVT_SST_from_planktic0x2EMgCa",TRUE,TRUE,TRUE,TRUE,"RL64xxOUoVT_SST_from_planktic0x2EMgCa",TRUE,""
"R3VPL7rxXyk_SST_from_planktic0x2EMgCa","GeoB10043_3.Setiawan.2015","MarineSediment","Mg/Ca","temperature","degC",-7.3092,105.0587,"R3VPL7rxXyk_SST_from_planktic0x2EMgCa",TRUE,TRUE,TRUE,TRUE,"R3VPL7rxXyk_SST_from_planktic0x2EMgCa",TRUE,""
"T2L_GeoB10053_7_d18o_ruber_SST_from_d18o_ruber","GeoB10053_7.Mohtadi.2010","MarineSediment","d18O","temperature","degC",-8.6765,112.8725,"T2L_GeoB10053_7_d18o_ruber_SST_from_d18o_ruber",TRUE,TRUE,TRUE,TRUE,"T2L_GeoB10053_7_d18o_ruber_SST_from_d18o_ruber",TRUE,""
"T2L_GeoB10053_7_d18o_bulloides_SST_from_d18o_bulloides","GeoB10053_7.Mohtadi.2010","MarineSediment","d18O","temperature","degC",-8.6765,112.8725,"T2L_GeoB10053_7_d18o_bulloides_SST_from_d18o_bulloides",TRUE,TRUE,TRUE,TRUE,"T2L_GeoB10053_7_d18o_bulloides_SST_from_d18o_bulloides",TRUE,""
"T2L_GeoB10069_3_mgca_ruber_SST_from_mgca_ruber","GeoB10069_3.Gibbons.2014","MarineSediment","Mg/Ca","temperature","degC",-9.0099,120.0153,"T2L_GeoB10069_3_mgca_ruber_SST_from_mgca_ruber",TRUE,TRUE,TRUE,TRUE,"T2L_GeoB10069_3_mgca_ruber_SST_from_mgca_ruber",TRUE,""
"T2L_GeoB10069_3_d18o_ruber_SST_from_d18o_ruber","GeoB10069_3.Gibbons.2014","MarineSediment","d18O","temperature","degC",-9.0099,120.0153,"T2L_GeoB10069_3_d18o_ruber_SST_from_d18o_ruber",TRUE,TRUE,TRUE,TRUE,"T2L_GeoB10069_3_d18o_ruber_SST_from_d18o_ruber",TRUE,""
"T2L_GeoB1023_5_uk37_SST_from_uk37","GeoB1023_5.Kim.2002","MarineSediment","alkenone","temperature","degC",-17.1572,11.0117,"T2L_GeoB1023_5_uk37_SST_from_uk37",TRUE,TRUE,TRUE,TRUE,"T2L_GeoB1023_5_uk37_SST_from_uk37",TRUE,""
"T2L_GeoB1023_5_d18o_bulloides_SST_from_d18o_bulloides","GeoB1023_5.Kim.2002","MarineSediment","d18O","temperature","degC",-17.1572,11.0117,"T2L_GeoB1023_5_d18o_bulloides_SST_from_d18o_bulloides",TRUE,TRUE,TRUE,TRUE,"T2L_GeoB1023_5_d18o_bulloides_SST_from_d18o_bulloides",TRUE,""
"RvgMFNdDqju_SST_from_planktic0x2EMgCa","GeoB12605_3.Kuhnert.2014","MarineSediment","Mg/Ca","temperature","degC",-5.5732,39.1082,"RvgMFNdDqju_SST_from_planktic0x2EMgCa",TRUE,TRUE,TRUE,TRUE,"RvgMFNdDqju_SST_from_planktic0x2EMgCa",TRUE,""
"T2L_GeoB12615_4_mgca_ruber_SST_from_mgca_ruber","GeoB12615_4.Romahn.2014","MarineSediment","Mg/Ca","temperature","degC",-7.1383,39.8408,"T2L_GeoB12615_4_mgca_ruber_SST_from_mgca_ruber",TRUE,TRUE,TRUE,TRUE,"T2L_GeoB12615_4_mgca_ruber_SST_from_mgca_ruber",TRUE,""
"T2L_GeoB12615_4_d18o_ruber_SST_from_d18o_ruber","GeoB12615_4.Romahn.2014","MarineSediment","d18O","temperature","degC",-7.1383,39.8408,"T2L_GeoB12615_4_d18o_ruber_SST_from_d18o_ruber",TRUE,TRUE,TRUE,TRUE,"T2L_GeoB12615_4_d18o_ruber_SST_from_d18o_ruber",TRUE,""
"T2L_GeoB1711_4_uk37_SST_from_uk37","GeoB1711_4.Kirst.1999","MarineSediment","alkenone","temperature","degC",-23.315,12.3767,"T2L_GeoB1711_4_uk37_SST_from_uk37",TRUE,TRUE,TRUE,TRUE,"T2L_GeoB1711_4_uk37_SST_from_uk37",TRUE,"resolution"
"T2L_GeoB17419_1_d18o_ruber_SST_from_d18o_ruber","GeoB17419_1.Hollstein.2018","MarineSediment","d18O","temperature","degC",-2.8147,144.4997,"T2L_GeoB17419_1_d18o_ruber_SST_from_d18o_ruber",TRUE,TRUE,TRUE,TRUE,"T2L_GeoB17419_1_d18o_ruber_SST_from_d18o_ruber",TRUE,"resolution"
"T2L_GeoB3104_1_d18o_sacculifer_SST_from_d18o_sacculifer","GeoB3104_1.Arz.1998","MarineSediment","d18O","temperature","degC",-3.6667,-37.7167,"T2L_GeoB3104_1_d18o_sacculifer_SST_from_d18o_sacculifer",TRUE,TRUE,TRUE,TRUE,"T2L_GeoB3104_1_d18o_sacculifer_SST_from_d18o_sacculifer",TRUE,""
"T2L_GeoB3104_1_d18o_ruber_pink_SST_from_d18o_ruber_pink","GeoB3104_1.Arz.1998","MarineSediment","d18O","temperature","degC",-3.6667,-37.7167,"T2L_GeoB3104_1_d18o_ruber_pink_SST_from_d18o_ruber_pink",TRUE,TRUE,TRUE,TRUE,"T2L_GeoB3104_1_d18o_ruber_pink_SST_from_d18o_ruber_pink",TRUE,""
"T2L_GeoB3129_1_mgca_ruber_SST_from_mgca_ruber","GeoB3129_1.Weldeab.2006","MarineSediment","Mg/Ca","temperature","degC",-4.6133,-36.6367,"T2L_GeoB3129_1_mgca_ruber_SST_from_mgca_ruber",TRUE,TRUE,TRUE,TRUE,"T2L_GeoB3129_1_mgca_ruber_SST_from_mgca_ruber",TRUE,""
"T2L_GeoB3129_1_d18o_ruber_SST_from_d18o_ruber","GeoB3129_1.Weldeab.2006","MarineSediment","d18O","temperature","degC",-4.6133,-36.6367,"T2L_GeoB3129_1_d18o_ruber_SST_from_d18o_ruber",TRUE,TRUE,TRUE,TRUE,"T2L_GeoB3129_1_d18o_ruber_SST_from_d18o_ruber",TRUE,""
"T2L_GeoB3129_1_d18o_sacculifer_SST_from_d18o_sacculifer","GeoB3129_1.Weldeab.2006","MarineSediment","d18O","temperature","degC",-4.6133,-36.6367,"T2L_GeoB3129_1_d18o_sacculifer_SST_from_d18o_sacculifer",TRUE,TRUE,TRUE,TRUE,"T2L_GeoB3129_1_d18o_sacculifer_SST_from_d18o_sacculifer",TRUE,""
"T2L_GeoB3129_1_d18o_ruber_pink_SST_from_d18o_ruber_pink","GeoB3129_1.Weldeab.2006","MarineSediment","d18O","temperature","degC",-4.6133,-36.6367,"T2L_GeoB3129_1_d18o_ruber_pink_SST_from_d18o_ruber_pink",TRUE,TRUE,TRUE,TRUE,"T2L_GeoB3129_1_d18o_ruber_pink_SST_from_d18o_ruber_pink",TRUE,""
"T2L_GeoB33131_uk37_SST_from_uk37","GeoB33131.Lamy.2002","MarineSediment","alkenone","temperature","degC",-41,-74.3,"T2L_GeoB33131_uk37_SST_from_uk37",TRUE,TRUE,TRUE,TRUE,"T2L_GeoB33131_uk37_SST_from_uk37",TRUE,""
"T2L_GeoB33131_d18o_pachyderma_SST_from_d18o_pachyderma","GeoB33131.Lamy.2002","MarineSediment","d18O","temperature","degC",-41,-74.3,"T2L_GeoB33131_d18o_pachyderma_SST_from_d18o_pachyderma",TRUE,TRUE,TRUE,TRUE,"T2L_GeoB33131_d18o_pachyderma_SST_from_d18o_pachyderma",TRUE,""
"T2L_GeoB3910_2_uk37_SST_from_uk37","GeoB3910_2.Arz.2001","MarineSediment","alkenone","temperature","degC",-4.245,-36.345,"T2L_GeoB3910_2_uk37_SST_from_uk37",TRUE,TRUE,TRUE,TRUE,"T2L_GeoB3910_2_uk37_SST_from_uk37",TRUE,""
"T2L_GeoB3910_2_d18o_sacculifer_SST_from_d18o_sacculifer","GeoB3910_2.Arz.2001","MarineSediment","d18O","temperature","degC",-4.245,-36.345,"T2L_GeoB3910_2_d18o_sacculifer_SST_from_d18o_sacculifer",TRUE,TRUE,TRUE,TRUE,"T2L_GeoB3910_2_d18o_sacculifer_SST_from_d18o_sacculifer",TRUE,""
"T2L_GeoB4905_4_mgca_ruber_pink_SST_from_mgca_ruber_pink","GeoB4905_4.Weldeab.2005","MarineSediment","Mg/Ca","temperature","degC",2.5,9.384,"T2L_GeoB4905_4_mgca_ruber_pink_SST_from_mgca_ruber_pink",TRUE,TRUE,TRUE,TRUE,"T2L_GeoB4905_4_mgca_ruber_pink_SST_from_mgca_ruber_pink",TRUE,""
"T2L_GeoB4905_4_d18o_ruber_pink_SST_from_d18o_ruber_pink","GeoB4905_4.Weldeab.2005","MarineSediment","d18O","temperature","degC",2.5,9.384,"T2L_GeoB4905_4_d18o_ruber_pink_SST_from_d18o_ruber_pink",TRUE,TRUE,TRUE,TRUE,"T2L_GeoB4905_4_d18o_ruber_pink_SST_from_d18o_ruber_pink",TRUE,""
"T2L_GeoB5844_2_uk37_SST_from_uk37","GeoB5844_2.Arz.2003","MarineSediment","alkenone","temperature","degC",27.714,34.6817,"T2L_GeoB5844_2_uk37_SST_from_uk37",TRUE,TRUE,TRUE,TRUE,"T2L_GeoB5844_2_uk37_SST_from_uk37",TRUE,""
"T2L_GeoB5844_2_d18o_ruber_SST_from_d18o_ruber","GeoB5844_2.Arz.2003","MarineSediment","d18O","temperature","degC",27.714,34.6817,"T2L_GeoB5844_2_d18o_ruber_SST_from_d18o_ruber",TRUE,TRUE,TRUE,TRUE,"T2L_GeoB5844_2_d18o_ruber_SST_from_d18o_ruber",TRUE,""
"T2L_GeoB5901_2_uk37_SST_from_uk37","GeoB5901_2.Kim.2004","MarineSediment","alkenone","temperature","degC",36.38,-7.0713,"T2L_GeoB5901_2_uk37_SST_from_uk37",TRUE,TRUE,TRUE,TRUE,"T2L_GeoB5901_2_uk37_SST_from_uk37",TRUE,""
"T2L_GeoB6518_1_uk37_SST_from_uk37","GeoB6518_1.Schefu.2005","MarineSediment","alkenone","temperature","degC",-5.5883,11.2217,"T2L_GeoB6518_1_uk37_SST_from_uk37",TRUE,TRUE,TRUE,TRUE,"T2L_GeoB6518_1_uk37_SST_from_uk37",TRUE,""
"T2L_GeoB6518_1_d18o_ruber_SST_from_d18o_ruber","GeoB6518_1.Schefu.2005","MarineSediment","d18O","temperature","degC",-5.5883,11.2217,"T2L_GeoB6518_1_d18o_ruber_SST_from_d18o_ruber",TRUE,TRUE,TRUE,TRUE,"T2L_GeoB6518_1_d18o_ruber_SST_from_d18o_ruber",TRUE,""
"GHd6662417","GeoB6518-1.Weijers.2007","MarineSediment","GDGT","temperature","degC",-5.6,11.2,"GHd6662417",TRUE,TRUE,TRUE,TRUE,"GHd6662417",TRUE,""
"GHd6662417","GeoB65181_MBT.Weijers.2007","MarineSediment","GDGT","temperature","degC",-5.6,11.2,"GHd6662417",TRUE,TRUE,TRUE,TRUE,"GHd6662417",TRUE,""
"T2L_GeoB7702_3_tex86_SST_from_tex86","GeoB7702_3.Castaneda.2010","MarineSediment","GDGT","temperature","degC",31.652,34.0667,"T2L_GeoB7702_3_tex86_SST_from_tex86",TRUE,TRUE,TRUE,TRUE,"T2L_GeoB7702_3_tex86_SST_from_tex86",TRUE,""
"T2L_GeoB7702_3_uk37_SST_from_uk37","GeoB7702_3.Castaneda.2010","MarineSediment","alkenone","temperature","degC",31.652,34.0667,"T2L_GeoB7702_3_uk37_SST_from_uk37",TRUE,TRUE,TRUE,TRUE,"T2L_GeoB7702_3_uk37_SST_from_uk37",TRUE,""
"T2L_GeoB7926_2_uk37_SST_from_uk37","GeoB7926_2.Kim.2012","MarineSediment","alkenone","temperature","degC",20.2133,-18.4517,"T2L_GeoB7926_2_uk37_SST_from_uk37",TRUE,TRUE,TRUE,TRUE,"T2L_GeoB7926_2_uk37_SST_from_uk37",TRUE,"resolution"
"T2L_GeoB7926_2_tex86_SST_from_tex86","GeoB7926_2.Kim.2012","MarineSediment","GDGT","temperature","degC",20.2133,-18.4517,"T2L_GeoB7926_2_tex86_SST_from_tex86",TRUE,TRUE,TRUE,TRUE,"T2L_GeoB7926_2_tex86_SST_from_tex86",TRUE,"resolution"
"T2L_GeoB9307_3_mgca_ruber_SST_from_mgca_ruber","GeoB9307_3.Weldeab.2014","MarineSediment","Mg/Ca","temperature","degC",-18.565,37.38,"T2L_GeoB9307_3_mgca_ruber_SST_from_mgca_ruber",TRUE,TRUE,TRUE,TRUE,"T2L_GeoB9307_3_mgca_ruber_SST_from_mgca_ruber",TRUE,""
"T2L_GeoB9307_3_tex86_SST_from_tex86","GeoB9307_3.Weldeab.2014","MarineSediment","GDGT","temperature","degC",-18.565,37.38,"T2L_GeoB9307_3_tex86_SST_from_tex86",TRUE,TRUE,TRUE,TRUE,"T2L_GeoB9307_3_tex86_SST_from_tex86",TRUE,""
"T2L_GeoB9307_3_d18o_ruber_SST_from_d18o_ruber","GeoB9307_3.Weldeab.2014","MarineSediment","d18O","temperature","degC",-18.565,37.38,"T2L_GeoB9307_3_d18o_ruber_SST_from_d18o_ruber",TRUE,TRUE,TRUE,TRUE,"T2L_GeoB9307_3_d18o_ruber_SST_from_d18o_ruber",TRUE,""
"T2L_GeoB9310_4_mgca_ruber_SST_from_mgca_ruber","GeoB9310_4.Weldeab.2014","MarineSediment","Mg/Ca","temperature","degC",-19.2018,37.0415,"T2L_GeoB9310_4_mgca_ruber_SST_from_mgca_ruber",TRUE,TRUE,TRUE,TRUE,"T2L_GeoB9310_4_mgca_ruber_SST_from_mgca_ruber",TRUE,""
"T2L_GeoB9310_4_d18o_ruber_SST_from_d18o_ruber","GeoB9310_4.Weldeab.2014","MarineSediment","d18O","temperature","degC",-19.2018,37.0415,"T2L_GeoB9310_4_d18o_ruber_SST_from_d18o_ruber",TRUE,TRUE,TRUE,TRUE,"T2L_GeoB9310_4_d18o_ruber_SST_from_d18o_ruber",TRUE,""
"LPD736982dd_SST_from_Mg0x2FCa","GEOFAR_KF16_MgCa.Repschlager.2016","MarineSediment","Mg/Ca","temperature","degC",37.999,-31.1283,"LPD736982dd_SST_from_Mg0x2FCa",TRUE,TRUE,TRUE,TRUE,"LPD736982dd_SST_from_Mg0x2FCa",TRUE,""
"PYTLU4EW21I","GGC19.Farmer.2011","MarineSediment","dinocyst","temperature","degC",72.16,-155.51,"PYTLU4EW21I",TRUE,TRUE,TRUE,TRUE,"PYTLU4EW21I",TRUE,""
"PYT6D3JR7SB","GGC19.Farmer.2011","MarineSediment","dinocyst","temperature","degC",72.16,-155.51,"PYT6D3JR7SB",TRUE,TRUE,TRUE,TRUE,"PYT6D3JR7SB",TRUE,""
"Ro3B6DNs1ql","Giecz.Milecka.2002","LakeSediment","pollen","temperature","degC",52.32,17.36,"Ro3B6DNs1ql",TRUE,TRUE,TRUE,TRUE,"Ro3B6DNs1ql",TRUE,""
"Rd6Oiv4cg6q","Giecz.Milecka.2002","LakeSediment","pollen","temperatureComposite","degC",52.32,17.36,"Rd6Oiv4cg6q",TRUE,TRUE,TRUE,TRUE,"Rd6Oiv4cg6q",TRUE,""
"RMr3bTfSrKG","Giecz.Milecka.2002","LakeSediment","pollen","temperature","degC",52.32,17.36,"RMr3bTfSrKG",TRUE,TRUE,TRUE,TRUE,"RMr3bTfSrKG",TRUE,""
"RcmVWMitlMg","Giering.Bortenschlager.1976","Peat","pollen","temperature","degC",47.47,12.36,"RcmVWMitlMg",TRUE,TRUE,TRUE,TRUE,"RcmVWMitlMg",TRUE,""
"RKyXg0f8sCz","Giering.Bortenschlager.1976","Peat","pollen","temperatureComposite","degC",47.47,12.36,"RKyXg0f8sCz",TRUE,TRUE,TRUE,TRUE,"RKyXg0f8sCz",TRUE,""
"Rp7Lgyoj4uQ","Giering.Bortenschlager.1976","Peat","pollen","temperature","degC",47.47,12.36,"Rp7Lgyoj4uQ",TRUE,TRUE,TRUE,TRUE,"Rp7Lgyoj4uQ",TRUE,""
"T2L_GIK17049_6_d18o_bulloides_SST_from_d18o_bulloides","GIK17049_6.Jung.1996","MarineSediment","d18O","temperature","degC",55.26,-26.725,"T2L_GIK17049_6_d18o_bulloides_SST_from_d18o_bulloides",TRUE,TRUE,TRUE,TRUE,"T2L_GIK17049_6_d18o_bulloides_SST_from_d18o_bulloides",TRUE,"length"
"T2L_GIK17049_6_d18o_pachyderma_SST_from_d18o_pachyderma","GIK17049_6.Jung.1996","MarineSediment","d18O","temperature","degC",55.26,-26.725,"T2L_GIK17049_6_d18o_pachyderma_SST_from_d18o_pachyderma",TRUE,TRUE,TRUE,TRUE,"T2L_GIK17049_6_d18o_pachyderma_SST_from_d18o_pachyderma",TRUE,"length"
"T2L_GIK17051_3_d18o_bulloides_SST_from_d18o_bulloides","GIK17051_3.Jung.1996","MarineSediment","d18O","temperature","degC",56.1633,-31.99,"T2L_GIK17051_3_d18o_bulloides_SST_from_d18o_bulloides",TRUE,TRUE,TRUE,TRUE,"T2L_GIK17051_3_d18o_bulloides_SST_from_d18o_bulloides",TRUE,""
"T2L_GIK17051_3_d18o_pachyderma_SST_from_d18o_pachyderma","GIK17051_3.Jung.1996","MarineSediment","d18O","temperature","degC",56.1633,-31.99,"T2L_GIK17051_3_d18o_pachyderma_SST_from_d18o_pachyderma",TRUE,TRUE,TRUE,TRUE,"T2L_GIK17051_3_d18o_pachyderma_SST_from_d18o_pachyderma",TRUE,""
"PYTQY9TKRS3_SST_from_Uk37","GIK17748-2.Kim.2002","MarineSediment","alkenone","temperature","degC",-32.75,-72.0333,"PYTQY9TKRS3_SST_from_Uk37",TRUE,TRUE,TRUE,TRUE,"PYTQY9TKRS3_SST_from_Uk37",TRUE,"resolution"
"T2L_GIK17940_2_uk37_SST_from_uk37","GIK17940_2.Pelejero.1999","MarineSediment","alkenone","temperature","degC",20.1167,117.3833,"T2L_GIK17940_2_uk37_SST_from_uk37",TRUE,TRUE,TRUE,TRUE,"T2L_GIK17940_2_uk37_SST_from_uk37",TRUE,""
"T2L_GIK17940_2_d18o_ruber_SST_from_d18o_ruber","GIK17940_2.Pelejero.1999","MarineSediment","d18O","temperature","degC",20.1167,117.3833,"T2L_GIK17940_2_d18o_ruber_SST_from_d18o_ruber",TRUE,TRUE,TRUE,TRUE,"T2L_GIK17940_2_d18o_ruber_SST_from_d18o_ruber",TRUE,""
"T2L_GIK18287_3_uk37_SST_from_uk37","GIK18287_3.Kienast.2001","MarineSediment","alkenone","temperature","degC",5.663,110.6615,"T2L_GIK18287_3_uk37_SST_from_uk37",TRUE,TRUE,TRUE,TRUE,"T2L_GIK18287_3_uk37_SST_from_uk37",TRUE,""
"T2L_GIK18287_3_d18o_ruber_SST_from_d18o_ruber","GIK18287_3.Kienast.2001","MarineSediment","d18O","temperature","degC",5.663,110.6615,"T2L_GIK18287_3_d18o_ruber_SST_from_d18o_ruber",TRUE,TRUE,TRUE,TRUE,"T2L_GIK18287_3_d18o_ruber_SST_from_d18o_ruber",TRUE,""
"R7fm0TgPac4_SST_from_planktic0x2EMgCa","GiK18515_3","MarineSediment","Mg/Ca","temperature","degC",-3.6298,119.36,"R7fm0TgPac4_SST_from_planktic0x2EMgCa",TRUE,TRUE,TRUE,TRUE,"R7fm0TgPac4_SST_from_planktic0x2EMgCa",TRUE,""
"T2L_GIK23258_2_uk37_SST_from_uk37","GIK23258_2.Martrat.2003","MarineSediment","alkenone","temperature","degC",74.9981,13.9685,"T2L_GIK23258_2_uk37_SST_from_uk37",TRUE,TRUE,TRUE,TRUE,"T2L_GIK23258_2_uk37_SST_from_uk37",TRUE,""
"T2L_GIK23258_2_d18o_pachyderma_SST_from_d18o_pachyderma","GIK23258_2.Martrat.2003","MarineSediment","d18O","temperature","degC",74.9981,13.9685,"T2L_GIK23258_2_d18o_pachyderma_SST_from_d18o_pachyderma",TRUE,TRUE,TRUE,TRUE,"T2L_GIK23258_2_d18o_pachyderma_SST_from_d18o_pachyderma",TRUE,""
"WEB6b4bb5c0","GIK23258.Sarnthein.2003","MarineSediment","foraminifera","temperature","degC",75,14,"WEB6b4bb5c0",TRUE,TRUE,TRUE,TRUE,"WEB6b4bb5c0",TRUE,""
"WEB892a8505","GIK23258.Sarnthein.2003","MarineSediment","foraminifera","temperature","degC",75,14,"WEB892a8505",TRUE,TRUE,TRUE,TRUE,"WEB892a8505",TRUE,""
"WEB3c877daf","GIK23258.Sarnthein.2003","MarineSediment","foraminifera","temperature","degC",75,14,"WEB3c877daf",TRUE,TRUE,TRUE,TRUE,"WEB3c877daf",TRUE,""
"PYTRNLIY93N","Gilltjarnen.Antonsson.2006","LakeSediment","chironomid","temperature","degC",60.08,15.83,"PYTRNLIY93N",TRUE,TRUE,TRUE,TRUE,"PYTRNLIY93N",TRUE,""
"PYT6LCMKNSQ","Gilltjarnen.Antonsson.2006","LakeSediment","pollen","temperature","degC",60.08,15.83,"PYT6LCMKNSQ",TRUE,TRUE,TRUE,TRUE,"PYT6LCMKNSQ",TRUE,""
"LPD315357f3","GISP2.Kobashi.2017","GlacierIce","gas","temperature","degC",72.6,-38.5,"LPD315357f3",TRUE,TRUE,TRUE,TRUE,"LPD315357f3",TRUE,""
"R7dZDOFallY","Glaswaldsee.EPD","LakeSediment","pollen","temperature","degC",48.43,8.25,"R7dZDOFallY",TRUE,TRUE,TRUE,TRUE,"R7dZDOFallY",TRUE,""
"RCdkGYUfpeV","Glaswaldsee.EPD","LakeSediment","pollen","temperatureComposite","degC",48.43,8.25,"RCdkGYUfpeV",TRUE,TRUE,TRUE,TRUE,"RCdkGYUfpeV",TRUE,""
"RGSf66iUGGX","Glaswaldsee.EPD","LakeSediment","pollen","temperature","degC",48.43,8.25,"RGSf66iUGGX",TRUE,TRUE,TRUE,TRUE,"RGSf66iUGGX",TRUE,""
"PYTVPO5NXEA","Gloppsjon.Seppa.2009","LakeSediment","pollen","temperature","degC",59.83,16.53,"PYTVPO5NXEA",TRUE,TRUE,TRUE,TRUE,"PYTVPO5NXEA",TRUE,""
"RFzafiT2i0G","GodziszewskieLake.Miotk.1986","LakeSediment","pollen","temperature","degC",54.09,18.55,"RFzafiT2i0G",TRUE,TRUE,TRUE,TRUE,"RFzafiT2i0G",TRUE,""
"R2omRGlE3NW","GodziszewskieLake.Miotk.1986","LakeSediment","pollen","temperatureComposite","degC",54.09,18.55,"R2omRGlE3NW",TRUE,TRUE,TRUE,TRUE,"R2omRGlE3NW",TRUE,""
"RCwRCGbOckk","GodziszewskieLake.Miotk.1986","LakeSediment","pollen","temperature","degC",54.09,18.55,"RCwRCGbOckk",TRUE,TRUE,TRUE,TRUE,"RCwRCGbOckk",TRUE,""
"Rx5JZzkqphH","GondoAlpjen.Welten.1982","LakeSediment","pollen","temperature","degC",46.21,8.11,"Rx5JZzkqphH",TRUE,TRUE,TRUE,TRUE,"Rx5JZzkqphH",TRUE,""
"Rc2ObsVyF57","GondoAlpjen.Welten.1982","LakeSediment","pollen","temperatureComposite","degC",46.21,8.11,"Rc2ObsVyF57",TRUE,TRUE,TRUE,TRUE,"Rc2ObsVyF57",TRUE,""
"RhpSRBqCzip","GondoAlpjen.Welten.1982","LakeSediment","pollen","temperature","degC",46.21,8.11,"RhpSRBqCzip",TRUE,TRUE,TRUE,TRUE,"RhpSRBqCzip",TRUE,""
"RcSsvGezIa5","Gosciaz.Welten.1982","LakeSediment","pollen","temperature","degC",52.58,19.35,"RcSsvGezIa5",TRUE,TRUE,TRUE,TRUE,"RcSsvGezIa5",TRUE,""
"RgkQUSYm0tI","Gosciaz.Welten.1982","LakeSediment","pollen","temperatureComposite","degC",52.58,19.35,"RgkQUSYm0tI",TRUE,TRUE,TRUE,TRUE,"RgkQUSYm0tI",TRUE,""
"RvII85BRN76","Gosciaz.Welten.1982","LakeSediment","pollen","temperature","degC",52.58,19.35,"RvII85BRN76",TRUE,TRUE,TRUE,TRUE,"RvII85BRN76",TRUE,""
"M2L6ew5shwrP","Gould.Anderson.2008","LakeSediment","pollen","temperature","degC",44.98,-69.32,"M2L6ew5shwrP",TRUE,TRUE,TRUE,TRUE,"M2L6ew5shwrP",TRUE,""
"M2Lqwcm0wf7P","Gould.Anderson.2008","LakeSediment","pollen","temperature","degC",44.98,-69.32,"M2Lqwcm0wf7P",TRUE,TRUE,TRUE,TRUE,"M2Lqwcm0wf7P",TRUE,""
"M2Lxbc1e0kaP","Gould.Anderson.2008","LakeSediment","pollen","temperature","degC",44.98,-69.32,"M2Lxbc1e0kaP",TRUE,TRUE,TRUE,TRUE,"M2Lxbc1e0kaP",TRUE,""
"Rnodq2jxJiF","GraechenSee.Krisai.2006","LakeSediment","pollen","temperature","degC",46.2,7.85,"Rnodq2jxJiF",TRUE,TRUE,TRUE,TRUE,"Rnodq2jxJiF",TRUE,""
"Rn31CYQ7kF0","GraechenSee.Krisai.2006","LakeSediment","pollen","temperatureComposite","degC",46.2,7.85,"Rn31CYQ7kF0",TRUE,TRUE,TRUE,TRUE,"Rn31CYQ7kF0",TRUE,""
"RnxedBSG27v","GraechenSee.Krisai.2006","LakeSediment","pollen","temperature","degC",46.2,7.85,"RnxedBSG27v",TRUE,TRUE,TRUE,TRUE,"RnxedBSG27v",TRUE,""
"M2L1hd9elcgP","Graham.Fuller.1997","LakeSediment","pollen","temperature","degC",45.18,-77.35,"M2L1hd9elcgP",TRUE,TRUE,TRUE,TRUE,"M2L1hd9elcgP",TRUE,""
"M2L482cj2l6P","Graham.Fuller.1997","LakeSediment","pollen","temperature","degC",45.18,-77.35,"M2L482cj2l6P",TRUE,TRUE,TRUE,TRUE,"M2L482cj2l6P",TRUE,""
"M2LrfsovzqmP","Graham.Fuller.1997","LakeSediment","pollen","temperature","degC",45.18,-77.35,"M2LrfsovzqmP",TRUE,TRUE,TRUE,TRUE,"M2LrfsovzqmP",TRUE,""
"RPF4p4q460x","GrandeBriere.Visset.1979","Peat","pollen","temperature","degC",47.37,-2.25,"RPF4p4q460x",TRUE,TRUE,TRUE,TRUE,"RPF4p4q460x",TRUE,""
"R1IFPSGR8D4","GrandeBriere.Visset.1979","Peat","pollen","temperatureComposite","degC",47.37,-2.25,"R1IFPSGR8D4",TRUE,TRUE,TRUE,TRUE,"R1IFPSGR8D4",TRUE,""
"RrTXYObncyp","GrandeBriere.Visset.1979","Peat","pollen","temperature","degC",47.37,-2.25,"RrTXYObncyp",TRUE,TRUE,TRUE,TRUE,"RrTXYObncyp",TRUE,""
"M2L6kibcpjzP","GravelRidge.Lamb.1985","LakeSediment","pollen","temperature","degC",55.03,-62.63,"M2L6kibcpjzP",TRUE,TRUE,TRUE,TRUE,"M2L6kibcpjzP",TRUE,""
"M2Lf95apbthP","GravelRidge.Lamb.1985","LakeSediment","pollen","temperature","degC",55.03,-62.63,"M2Lf95apbthP",TRUE,TRUE,TRUE,TRUE,"M2Lf95apbthP",TRUE,""
"M2L7yts2zmyP","GravelRidge.Lamb.1985","LakeSediment","pollen","temperature","degC",55.03,-62.63,"M2L7yts2zmyP",TRUE,TRUE,TRUE,TRUE,"M2L7yts2zmyP",TRUE,""
"LPD8d84bf64","GreatBasin.Salzer.2014","Wood","TRW","temperature","degC",38,-116.5,"LPD8d84bf64",TRUE,TRUE,TRUE,TRUE,"LPD8d84bf64",TRUE,""
"M2Lybj31kyvP","Grenadier.McAndrews.1988","LakeSediment","pollen","temperature","degC",43.64,-79.47,"M2Lybj31kyvP",TRUE,TRUE,TRUE,TRUE,"M2Lybj31kyvP",TRUE,""
"M2L8tu5bymcP","Grenadier.McAndrews.1988","LakeSediment","pollen","temperature","degC",43.64,-79.47,"M2L8tu5bymcP",TRUE,TRUE,TRUE,TRUE,"M2L8tu5bymcP",TRUE,""
"M2L56xlqdy9P","Grenadier.McAndrews.1988","LakeSediment","pollen","temperature","degC",43.64,-79.47,"M2L56xlqdy9P",TRUE,TRUE,TRUE,TRUE,"M2L56xlqdy9P",TRUE,""
"M2Llyg55yq9P","GreyIslands.Cullen.2002","LakeSediment","pollen","temperature","degC",50.77,-55.52,"M2Llyg55yq9P",TRUE,TRUE,TRUE,TRUE,"M2Llyg55yq9P",TRUE,""
"M2L8a4z7ntyP","GreyIslands.Cullen.2002","LakeSediment","pollen","temperature","degC",50.77,-55.52,"M2L8a4z7ntyP",TRUE,TRUE,TRUE,TRUE,"M2L8a4z7ntyP",TRUE,""
"M2L2jfcsqvbP","GreyIslands.Cullen.2002","LakeSediment","pollen","temperature","degC",50.77,-55.52,"M2L2jfcsqvbP",TRUE,TRUE,TRUE,TRUE,"M2L2jfcsqvbP",TRUE,""
"PYTZPNPWL0E","GRIP.Vinther.2006","GlacierIce","d18O","d18O","permil",72.58,-37.63,"PYTZPNPWL0E",TRUE,TRUE,TRUE,TRUE,"PYTZPNPWL0E",TRUE,""
"PYTXLQJX3FB","Grostjorn.Eide.2009","LakeSediment","pollen","temperature","degC",58.53,7.73,"PYTXLQJX3FB",TRUE,TRUE,TRUE,TRUE,"PYTXLQJX3FB",TRUE,""
"PYTE08I3BN3","Gunnarsfjorden.Allen.2007","LakeSediment","pollen","temperature","degC",71.04,28.17,"PYTE08I3BN3",TRUE,TRUE,TRUE,TRUE,"PYTE08I3BN3",TRUE,""
"PYTHEC2VIP4","Gunnarsfjorden.Allen.2007","LakeSediment","pollen","temperature","degC",71.04,28.17,"PYTHEC2VIP4",TRUE,TRUE,TRUE,TRUE,"PYTHEC2VIP4",TRUE,""
"RznCZXhHXPN","GYXO.Self.2015","LakeSediment","chironomid","temperature","degC",68.165,92.1731,"RznCZXhHXPN",TRUE,TRUE,TRUE,TRUE,"RznCZXhHXPN",TRUE,"length"
"RypmpVeFWPB","H214.Samson.2005","MarineSediment","foraminifera","temperatureComposite","degC",-36.9225,177.4392,"RypmpVeFWPB",TRUE,TRUE,TRUE,TRUE,"RypmpVeFWPB",TRUE,"resolution"
"RiC8o7pLcFf","Haengstli.Heeb.1972","Peat","pollen","temperature","degC",46.79,7.83,"RiC8o7pLcFf",TRUE,TRUE,TRUE,TRUE,"RiC8o7pLcFf",TRUE,""
"RzyRCrnQ01a","Haengstli.Heeb.1972","Peat","pollen","temperatureComposite","degC",46.79,7.83,"RzyRCrnQ01a",TRUE,TRUE,TRUE,TRUE,"RzyRCrnQ01a",TRUE,""
"RnZjOuuIWhT","Haengstli.Heeb.1972","Peat","pollen","temperature","degC",46.79,7.83,"RnZjOuuIWhT",TRUE,TRUE,TRUE,TRUE,"RnZjOuuIWhT",TRUE,""
"PYTW12WS22J","Hail.Cwynar.1995","LakeSediment","pollen","temperature","degC",60.03,-129.02,"PYTW12WS22J",TRUE,TRUE,TRUE,TRUE,"PYTW12WS22J",TRUE,""
"PYT1URDUH1H","Hail.Cwynar.1995","LakeSediment","pollen","temperature","degC",60.03,-129.02,"PYT1URDUH1H",TRUE,TRUE,TRUE,TRUE,"PYT1URDUH1H",TRUE,""
"PYTQ80LZ9WG","Hallet.McKay.2009","LakeSediment","BSi","BSi","percent",61.5,-146.2,"PYTQ80LZ9WG",TRUE,TRUE,TRUE,TRUE,"PYTQ80LZ9WG",TRUE,""
"M2L8sc7gn3mP","Hams.Bennett.1987","LakeSediment","pollen","temperature","degC",43.24,-80.41,"M2L8sc7gn3mP",TRUE,TRUE,TRUE,TRUE,"M2L8sc7gn3mP",TRUE,""
"M2Lx32u25tbP","Hams.Bennett.1987","LakeSediment","pollen","temperature","degC",43.24,-80.41,"M2Lx32u25tbP",TRUE,TRUE,TRUE,TRUE,"M2Lx32u25tbP",TRUE,""
"M2L7thzxje2P","Hams.Bennett.1987","LakeSediment","pollen","temperature","degC",43.24,-80.41,"M2L7thzxje2P",TRUE,TRUE,TRUE,TRUE,"M2L7thzxje2P",TRUE,""
"R7nzsIEPl8l","Hamundarstadhahals.Caseldine.2006","LakeSediment","chironomid","temperature","degC",65.97,-18.45,"R7nzsIEPl8l",TRUE,TRUE,TRUE,TRUE,"R7nzsIEPl8l",TRUE,"length"
"M2L6h0g3irsP","Hanging.Cwynar.1982","LakeSediment","pollen","temperature","degC",68.38,-138.38,"M2L6h0g3irsP",TRUE,TRUE,TRUE,TRUE,"M2L6h0g3irsP",TRUE,""
"M2Lx11tsy4kP","Hanging.Cwynar.1982","LakeSediment","pollen","temperature","degC",68.38,-138.38,"M2Lx11tsy4kP",TRUE,TRUE,TRUE,TRUE,"M2Lx11tsy4kP",TRUE,""
"M2L9ewaug0vP","Hanging.Cwynar.1982","LakeSediment","pollen","temperature","degC",68.38,-138.38,"M2L9ewaug0vP",TRUE,TRUE,TRUE,TRUE,"M2L9ewaug0vP",TRUE,""
"WEB1fa182ff","Hani.Zheng.2017","Peat","GDGT","temperature","degC",42.2167,126.517,"WEB1fa182ff",TRUE,TRUE,TRUE,TRUE,"WEB1fa182ff",TRUE,""
"LPD5c89a1b5","HAP0212.vanderBilt.2016","LakeSediment","alkenone","temperature","degC",79.26,11.52,"LPD5c89a1b5",TRUE,TRUE,TRUE,TRUE,"LPD5c89a1b5",TRUE,""
"M2L9mcrwzntP","Harrie.King.1986","LakeSediment","pollen","temperature","degC",52.93,-66.95,"M2L9mcrwzntP",TRUE,TRUE,TRUE,TRUE,"M2L9mcrwzntP",TRUE,""
"M2Leb1v0p9eP","Harrie.King.1986","LakeSediment","pollen","temperature","degC",52.93,-66.95,"M2Leb1v0p9eP",TRUE,TRUE,TRUE,TRUE,"M2Leb1v0p9eP",TRUE,""
"M2Luuo6xgosP","Harrie.King.1986","LakeSediment","pollen","temperature","degC",52.93,-66.95,"M2Luuo6xgosP",TRUE,TRUE,TRUE,TRUE,"M2Luuo6xgosP",TRUE,""
"PYTA1GJPYJV","Haugtjern.Eide.2009","LakeSediment","pollen","temperature","degC",60.83,10.88,"PYTA1GJPYJV",TRUE,TRUE,TRUE,TRUE,"PYTA1GJPYJV",TRUE,""
"PYTHKXK8JQ3","Haukdalsvatn.Larsen.2013","LakeSediment","hybrid-lake","hybrid","SD",65.03,-21.37,"PYTHKXK8JQ3",FALSE,FALSE,FALSE,FALSE,NA,FALSE,NA
"RrOpDnA7N9p","HavredeCrabec.Coutard.2006","Peat","pollen","temperature","degC",49.68,-1.28,"RrOpDnA7N9p",TRUE,TRUE,TRUE,TRUE,"RrOpDnA7N9p",TRUE,""
"R42P7vN8SSD","HavredeCrabec.Coutard.2006","Peat","pollen","temperatureComposite","degC",49.68,-1.28,"R42P7vN8SSD",TRUE,TRUE,TRUE,TRUE,"R42P7vN8SSD",TRUE,""
"ROGtLduWxIY","HavredeCrabec.Coutard.2006","Peat","pollen","temperature","degC",49.68,-1.28,"ROGtLduWxIY",TRUE,TRUE,TRUE,TRUE,"ROGtLduWxIY",TRUE,""
"M2LtawdjhcuP","HawkeHillsKettle.Macpherson.1982","LakeSediment","pollen","temperature","degC",47.32,-53.13,"M2LtawdjhcuP",TRUE,TRUE,TRUE,TRUE,"M2LtawdjhcuP",TRUE,""
"M2Loqs53j91P","HawkeHillsKettle.Macpherson.1982","LakeSediment","pollen","temperature","degC",47.32,-53.13,"M2Loqs53j91P",TRUE,TRUE,TRUE,TRUE,"M2Loqs53j91P",TRUE,""
"M2Lum6m09hnP","HawkeHillsKettle.Macpherson.1982","LakeSediment","pollen","temperature","degC",47.32,-53.13,"M2Lum6m09hnP",TRUE,TRUE,TRUE,TRUE,"M2Lum6m09hnP",TRUE,""
"RiGB29gyPkL","HeihaiLake.Chang.2017","LakeSediment","chironomid","temperature","degC",27.36,100.07,"RiGB29gyPkL",TRUE,TRUE,TRUE,TRUE,"RiGB29gyPkL",TRUE,""
"WEB4f8fa23d","HeshangCave.Wang.2018","Speleothem","3-OH-Fatty Acids","temperature","degC",30.45,110.4167,"WEB4f8fa23d",TRUE,TRUE,TRUE,TRUE,"WEB4f8fa23d",TRUE,""
"RIRxCH0hUy2","HiddenLakeCA.Potito.2006","LakeSediment","chironomid","temperature","degC",38.2613,-119.5365,"RIRxCH0hUy2",TRUE,TRUE,TRUE,TRUE,"RIRxCH0hUy2",TRUE,""
"M2Lrt4mnt25P","High.Fuller.1997","LakeSediment","pollen","temperature","degC",44.52,-76.6,"M2Lrt4mnt25P",TRUE,TRUE,TRUE,TRUE,"M2Lrt4mnt25P",TRUE,""
"M2L2ud8w3tmP","High.Fuller.1997","LakeSediment","pollen","temperature","degC",44.52,-76.6,"M2L2ud8w3tmP",TRUE,TRUE,TRUE,TRUE,"M2L2ud8w3tmP",TRUE,""
"M2Lh5wgkh8bP","High.Fuller.1997","LakeSediment","pollen","temperature","degC",44.52,-76.6,"M2Lh5wgkh8bP",TRUE,TRUE,TRUE,TRUE,"M2Lh5wgkh8bP",TRUE,""
"RD1FZyd0zs4","Hinterburgsee.Heiri.2015","LakeSediment","chironomid","temperature","degC",46.7176,8.0677,"RD1FZyd0zs4",TRUE,TRUE,TRUE,TRUE,"RD1FZyd0zs4",TRUE,""
"RNxrM3ZyTMg","Hinterburgseeli.EPD","LakeSediment","pollen","temperature","degC",46.72,8.07,"RNxrM3ZyTMg",TRUE,TRUE,TRUE,TRUE,"RNxrM3ZyTMg",TRUE,""
"RwrQPSdvMms","Hinterburgseeli.EPD","LakeSediment","pollen","temperatureComposite","degC",46.72,8.07,"RwrQPSdvMms",TRUE,TRUE,TRUE,TRUE,"RwrQPSdvMms",TRUE,""
"Rf9C1DGdIz2","Hinterburgseeli.EPD","LakeSediment","pollen","temperature","degC",46.72,8.07,"Rf9C1DGdIz2",TRUE,TRUE,TRUE,TRUE,"Rf9C1DGdIz2",TRUE,""
"RbSONPxSQmW","Hirvijaervi.Luoto.2010","LakeSediment","chironomid","temperature","degC",60.51,25.23,"RbSONPxSQmW",TRUE,TRUE,TRUE,TRUE,"RbSONPxSQmW",TRUE,""
"PYT88A4DF9B","Hjort.Schmidt.2011","LakeSediment","chironomid","CCA1","unitless",76.433,-18.767,"PYT88A4DF9B",TRUE,TRUE,TRUE,TRUE,"PYT88A4DF9B",TRUE,""
"WEB6caee137","HjortSo.Wagner.2008","LakeSediment","particle size","D50","mcm",76.4331,-18.7614,"WEB6caee137",TRUE,TRUE,TRUE,TRUE,"WEB6caee137",TRUE,""
"T2L_HLY03_05GC_d18o_pachyderma_SST_from_d18o_pachyderma","HLY03_05GC.Mohtadi.2008","MarineSediment","d18O","temperature","degC",81.6214,-63.2578,"T2L_HLY03_05GC_d18o_pachyderma_SST_from_d18o_pachyderma",TRUE,TRUE,TRUE,TRUE,"T2L_HLY03_05GC_d18o_pachyderma_SST_from_d18o_pachyderma",TRUE,""
"PYTKI3J0T5T","HLY0501.deVernal.2013","MarineSediment","dinocyst","temperature","degC",72.6947,-157.52,"PYTKI3J0T5T",TRUE,TRUE,TRUE,TRUE,"PYTKI3J0T5T",TRUE,""
"PYT9Y0BB33N","HLY0501.deVernal.2013","MarineSediment","dinocyst","temperature","degC",72.6947,-157.52,"PYT9Y0BB33N",TRUE,TRUE,TRUE,TRUE,"PYT9Y0BB33N",TRUE,""
"R4leNyaMf2O","HM03_133_25.Solignac.2008","MarineSediment","dinocyst","temperature","degC",60.11,-6.07,"R4leNyaMf2O",TRUE,TRUE,TRUE,TRUE,"R4leNyaMf2O",TRUE,""
"R9MShz9HNQ2","HM03_133_25.Solignac.2008","MarineSediment","dinocyst","temperature","degC",60.11,-6.07,"R9MShz9HNQ2",TRUE,TRUE,TRUE,TRUE,"R9MShz9HNQ2",TRUE,""
"RGBciJa69Zj","HM03_133_25.Solignac.2008","MarineSediment","dinocyst","temperatureComposite","degC",60.11,-6.07,"RGBciJa69Zj",TRUE,TRUE,TRUE,TRUE,"RGBciJa69Zj",TRUE,""
"PYT7BRB3XHJ","Holebudalen.Seppa.2009","LakeSediment","pollen","temperature","degC",59.83,6.98,"PYT7BRB3XHJ",TRUE,TRUE,TRUE,TRUE,"PYT7BRB3XHJ",TRUE,""
"PYT38GE0NJ3","Holebudalen.Seppa.2009","LakeSediment","chironomid","temperature","degC",59.83,6.98,"PYT38GE0NJ3",TRUE,TRUE,TRUE,TRUE,"PYT38GE0NJ3",TRUE,""
"RAertBwRhYB","Holtjaernen.Giesecke.2008","LakeSediment","pollen","temperature","degC",60.6519,14.9264,"RAertBwRhYB",TRUE,TRUE,TRUE,TRUE,"RAertBwRhYB",TRUE,""
"RBFjUCSs1ez","Holzmaar.Litt.2009","LakeSediment","pollen","temperature","degC",50.1167,6.8833,"RBFjUCSs1ez",TRUE,TRUE,TRUE,TRUE,"RBFjUCSs1ez",TRUE,""
"RiOf362hfE8","Holzmaar.Litt.2009","LakeSediment","pollen","temperature","degC",50.1167,6.8833,"RiOf362hfE8",TRUE,TRUE,TRUE,TRUE,"RiOf362hfE8",TRUE,""
"RiqkBNqHL3T","Holzmaar.Litt.2009","LakeSediment","pollen","temperatureComposite","degC",50.1167,6.8833,"RiqkBNqHL3T",TRUE,TRUE,TRUE,TRUE,"RiqkBNqHL3T",TRUE,""
"GH194ddf83","HomesteadScarp.McGlone.2010","Peat","pollen","temperature","degC",-52.5518,169.138,"GH194ddf83",TRUE,TRUE,TRUE,TRUE,"GH194ddf83",TRUE,""
"PYTN6TJY4W2","Honeymoon.Cwynar.1991","LakeSediment","pollen","temperature","degC",64.63,-138.4,"PYTN6TJY4W2",TRUE,TRUE,TRUE,TRUE,"PYTN6TJY4W2",TRUE,""
"WEB19eac4d9","Honeymoon.Cwynar.1991","LakeSediment","pollen","temperature","degC",64.63,-138.4,"WEB19eac4d9",TRUE,TRUE,TRUE,TRUE,"WEB19eac4d9",TRUE,""
"RIlNg5PrONi","Honeymoon.Cwynar.1991","LakeSediment","pollen","temperatureComposite","degC",64.63,-138.4,"RIlNg5PrONi",TRUE,TRUE,TRUE,TRUE,"RIlNg5PrONi",TRUE,""
"M2Lqo9jdhqrP","HopeSimpson.Engstrom.1985","LakeSediment","pollen","temperature","degC",52.45,-56.43,"M2Lqo9jdhqrP",TRUE,TRUE,TRUE,TRUE,"M2Lqo9jdhqrP",TRUE,""
"M2L2qyuy30kP","HopeSimpson.Engstrom.1985","LakeSediment","pollen","temperature","degC",52.45,-56.43,"M2L2qyuy30kP",TRUE,TRUE,TRUE,TRUE,"M2L2qyuy30kP",TRUE,""
"M2L8rmkdbgxP","HopeSimpson.Engstrom.1985","LakeSediment","pollen","temperature","degC",52.45,-56.43,"M2L8rmkdbgxP",TRUE,TRUE,TRUE,TRUE,"M2L8rmkdbgxP",TRUE,""
"T2L_HU73_031_7_d18o_ruber_SST_from_d18o_ruber","HU73_031_7.Keigwin.1995","MarineSediment","d18O","temperature","degC",42.9783,-55.2483,"T2L_HU73_031_7_d18o_ruber_SST_from_d18o_ruber",TRUE,TRUE,TRUE,TRUE,"T2L_HU73_031_7_d18o_ruber_SST_from_d18o_ruber",TRUE,""
"T2L_HU73_031_7_d18o_pachyderma_SST_from_d18o_pachyderma","HU73_031_7.Keigwin.1995","MarineSediment","d18O","temperature","degC",42.9783,-55.2483,"T2L_HU73_031_7_d18o_pachyderma_SST_from_d18o_pachyderma",TRUE,TRUE,TRUE,TRUE,"T2L_HU73_031_7_d18o_pachyderma_SST_from_d18o_pachyderma",TRUE,""
"PYTT4U7T413","HU84.deVernal.2013","MarineSediment","dinocyst","temperature","degC",58.3677,-57.507,"PYTT4U7T413",TRUE,TRUE,TRUE,TRUE,"PYTT4U7T413",TRUE,""
"PYTHNY32G95","HU84.deVernal.2013","MarineSediment","dinocyst","temperature","degC",58.3677,-57.507,"PYTHNY32G95",TRUE,TRUE,TRUE,TRUE,"PYTHNY32G95",TRUE,""
"T2L_HU87033_87017PC_d18o_pachyderma_SST_from_d18o_pachyderma","HU87033_87017PC.Andrews.1999","MarineSediment","d18O","temperature","degC",54.6165,-56.1767,"T2L_HU87033_87017PC_d18o_pachyderma_SST_from_d18o_pachyderma",TRUE,TRUE,TRUE,TRUE,"T2L_HU87033_87017PC_d18o_pachyderma_SST_from_d18o_pachyderma",TRUE,""
"T2L_HU87033_87018PC_d18o_pachyderma_SST_from_d18o_pachyderma","HU87033_87018PC.Andrews.1999","MarineSediment","d18O","temperature","degC",54.7952,-56.0583,"T2L_HU87033_87018PC_d18o_pachyderma_SST_from_d18o_pachyderma",TRUE,TRUE,TRUE,TRUE,"T2L_HU87033_87018PC_d18o_pachyderma_SST_from_d18o_pachyderma",TRUE,"length"
"T2L_HU90_013_013_d18o_pachyderma_SST_from_d18o_pachyderma","HU90_013_013.Hillaire-Marcel.1994","MarineSediment","d18O","temperature","degC",58.2098,-48.3733,"T2L_HU90_013_013_d18o_pachyderma_SST_from_d18o_pachyderma",TRUE,TRUE,TRUE,TRUE,"T2L_HU90_013_013_d18o_pachyderma_SST_from_d18o_pachyderma",TRUE,""
"PYTCN1ME3Q4","HU90.deVernal.2013","MarineSediment","dinocyst","temperature","degC",58.2098,-48.3733,"PYTCN1ME3Q4",TRUE,TRUE,TRUE,TRUE,"PYTCN1ME3Q4",TRUE,""
"PYT67GRFWKV","HU90.deVernal.2013","MarineSediment","dinocyst","temperature","degC",58.2098,-48.3733,"PYT67GRFWKV",TRUE,TRUE,TRUE,TRUE,"PYT67GRFWKV",TRUE,""
"PYT4E9JNK09","HU91-039-008.Levac.2001","MarineSediment","dinocyst","temperature","degC",77.2667,-74.3317,"PYT4E9JNK09",TRUE,TRUE,TRUE,TRUE,"PYT4E9JNK09",TRUE,""
"PYTBX6EGUAD","HU91-039-008.Levac.2001","MarineSediment","dinocyst","temperature","degC",77.2667,-74.3317,"PYTBX6EGUAD",TRUE,TRUE,TRUE,TRUE,"PYTBX6EGUAD",TRUE,""
"PYTI3HL2Q73","Hudson.Clegg.2011","LakeSediment","chironomid","temperature","degC",61.9,-145.6667,"PYTI3HL2Q73",TRUE,TRUE,TRUE,TRUE,"PYTI3HL2Q73",TRUE,""
"LPD25ffc1d5","HulunLake.Wen.2009","LakeSediment","pollen","temperature","degC",49.13,117.5,"LPD25ffc1d5",TRUE,TRUE,TRUE,TRUE,"LPD25ffc1d5",TRUE,""
"LPD50ce7982","HulunLake.Wen.2009","LakeSediment","pollen","temperature","degC",49.13,117.5,"LPD50ce7982",TRUE,TRUE,TRUE,TRUE,"LPD50ce7982",TRUE,""
"LPD7d6219d0","HulunLake.Wen.2009","LakeSediment","pollen","temperature","degC",49.13,117.5,"LPD7d6219d0",TRUE,TRUE,TRUE,TRUE,"LPD7d6219d0",TRUE,""
"M2Lxkkb370mP","HumberPond3.McAndrews.1989","LakeSediment","pollen","temperature","degC",43.64,-79.48,"M2Lxkkb370mP",TRUE,TRUE,TRUE,TRUE,"M2Lxkkb370mP",TRUE,""
"M2Lz9tfayjwP","HumberPond3.McAndrews.1989","LakeSediment","pollen","temperature","degC",43.64,-79.48,"M2Lz9tfayjwP",TRUE,TRUE,TRUE,TRUE,"M2Lz9tfayjwP",TRUE,""
"M2L1araoamkP","HumberPond3.McAndrews.1989","LakeSediment","pollen","temperature","degC",43.64,-79.48,"M2L1araoamkP",TRUE,TRUE,TRUE,TRUE,"M2L1araoamkP",TRUE,""
"M2LrtejenybP","HumberPond5.McAndrews.1989","LakeSediment","pollen","temperature","degC",43.64,-79.49,"M2LrtejenybP",TRUE,TRUE,TRUE,TRUE,"M2LrtejenybP",TRUE,""
"M2Lk4xoowpzP","HumberPond5.McAndrews.1989","LakeSediment","pollen","temperature","degC",43.64,-79.49,"M2Lk4xoowpzP",TRUE,TRUE,TRUE,TRUE,"M2Lk4xoowpzP",TRUE,""
"M2Lbkd197eqP","HumberPond5.McAndrews.1989","LakeSediment","pollen","temperature","degC",43.64,-79.49,"M2Lbkd197eqP",TRUE,TRUE,TRUE,TRUE,"M2Lbkd197eqP",TRUE,""
"WEB857d0da0","HurlegLake.Zhao.2013","LakeSediment","alkenone","temperature","degC",37.28,96.91,"WEB857d0da0",TRUE,TRUE,TRUE,TRUE,"WEB857d0da0",TRUE,""
"PYTIFNEXCAM","Hvitarvatn.Larsen.2013","LakeSediment","BSi","PC1","unitless",64.6167,-19.85,"PYTIFNEXCAM",TRUE,TRUE,TRUE,TRUE,"PYTIFNEXCAM",TRUE,""
"RMZxFXZy3Ew","Hypkana.Hajkova.2016","LakeSediment","chironomid","temperature","degC",48.9131,22.1636,"RMZxFXZy3Ew",TRUE,TRUE,TRUE,TRUE,"RMZxFXZy3Ew",TRUE,""
"PYT03KZQAVB","Igaliku.Massa.2012","LakeSediment","pollen","pollen_count","g/cm2/yr",61,-45.43,"PYT03KZQAVB",TRUE,TRUE,TRUE,TRUE,"PYT03KZQAVB",TRUE,""
"M2L3288iu79P","Iglutalik.Kerwin.2004","LakeSediment","pollen","temperature","degC",66.14,-66.08,"M2L3288iu79P",TRUE,TRUE,TRUE,TRUE,"M2L3288iu79P",TRUE,""
"M2Ljdf1685dP","Iglutalik.Kerwin.2004","LakeSediment","pollen","temperature","degC",66.14,-66.08,"M2Ljdf1685dP",TRUE,TRUE,TRUE,TRUE,"M2Ljdf1685dP",TRUE,""
"M2L3khz4mxcP","Iglutalik.Kerwin.2004","LakeSediment","pollen","temperature","degC",66.14,-66.08,"M2L3khz4mxcP",TRUE,TRUE,TRUE,TRUE,"M2L3khz4mxcP",TRUE,""
"M2L821j07cwP","Indian.Bjorck.1985","LakeSediment","pollen","temperature","degC",50.92,-90.45,"M2L821j07cwP",TRUE,TRUE,TRUE,TRUE,"M2L821j07cwP",TRUE,""
"M2Lywebu2etP","Indian.Bjorck.1985","LakeSediment","pollen","temperature","degC",50.92,-90.45,"M2Lywebu2etP",TRUE,TRUE,TRUE,TRUE,"M2Lywebu2etP",TRUE,""
"M2L73grsf22P","Indian.Bjorck.1985","LakeSediment","pollen","temperature","degC",50.92,-90.45,"M2L73grsf22P",TRUE,TRUE,TRUE,TRUE,"M2L73grsf22P",TRUE,""
"T2L_IOW225514_uk37_SST_from_uk37","IOW225514.Emeis.2003","MarineSediment","alkenone","temperature","degC",57.83,8.7,"T2L_IOW225514_uk37_SST_from_uk37",TRUE,TRUE,TRUE,TRUE,"T2L_IOW225514_uk37_SST_from_uk37",TRUE,""
"T2L_IOW225514_uk37_SST_from_uk37","IOW225514BAY.Emeis.2003","MarineSediment","alkenone","temperature","degC",57.838,8.704,"T2L_IOW225514_uk37_SST_from_uk37",TRUE,TRUE,TRUE,TRUE,"T2L_IOW225514_uk37_SST_from_uk37",TRUE,""
"T2L_IOW225517_uk37_SST_from_uk37","IOW225517.Emeis.2003","MarineSediment","alkenone","temperature","degC",57.66,7.091,"T2L_IOW225517_uk37_SST_from_uk37",TRUE,TRUE,TRUE,TRUE,"T2L_IOW225517_uk37_SST_from_uk37",TRUE,""
"T2L_IOW225517_uk37_SST_from_uk37","IOW225517BAY.Emeis.2003","MarineSediment","alkenone","temperature","degC",57.667,7.091,"T2L_IOW225517_uk37_SST_from_uk37",TRUE,TRUE,TRUE,TRUE,"T2L_IOW225517_uk37_SST_from_uk37",TRUE,""
"M2Ltylc7shoP","Irvin.Cushing.1982","LakeSediment","pollen","temperature","degC",47.14,-93.64,"M2Ltylc7shoP",TRUE,TRUE,TRUE,TRUE,"M2Ltylc7shoP",TRUE,""
"M2L94hlbgm5P","Irvin.Cushing.1982","LakeSediment","pollen","temperature","degC",47.14,-93.64,"M2L94hlbgm5P",TRUE,TRUE,TRUE,TRUE,"M2L94hlbgm5P",TRUE,""
"M2L7vpov9ueP","Irvin.Cushing.1982","LakeSediment","pollen","temperature","degC",47.14,-93.64,"M2L7vpov9ueP",TRUE,TRUE,TRUE,TRUE,"M2L7vpov9ueP",TRUE,""
"PYTV6QSJN0Y","Isbenttjonn.Seppa.2009","LakeSediment","pollen","temperature","degC",59.77,7.43,"PYTV6QSJN0Y",TRUE,TRUE,TRUE,TRUE,"PYTV6QSJN0Y",TRUE,""
"RiKlOP798kB","Isokaerret.Asplund.1989","Peat","pollen","temperature","degC",60.22,22.13,"RiKlOP798kB",TRUE,TRUE,TRUE,TRUE,"RiKlOP798kB",TRUE,""
"RXzd4kwZ1XC","Isokaerret.Asplund.1989","Peat","pollen","temperatureComposite","degC",60.22,22.13,"RXzd4kwZ1XC",TRUE,TRUE,TRUE,TRUE,"RXzd4kwZ1XC",TRUE,""
"R6bcAqybDA7","Isokaerret.Asplund.1989","Peat","pollen","temperature","degC",60.22,22.13,"R6bcAqybDA7",TRUE,TRUE,TRUE,TRUE,"R6bcAqybDA7",TRUE,""
"PYT8O5BE482","Jake.Kerwin.2005","LakeSediment","pollen","temperature","degC",63.67,-65.15,"PYT8O5BE482",TRUE,TRUE,TRUE,TRUE,"PYT8O5BE482",TRUE,""
"WEB3c95e135","JamesRossIsland.Mulvaney.2012","GlacierIce","dD","temperature","degC",-64.2017,-57.685,"WEB3c95e135",TRUE,TRUE,TRUE,TRUE,"WEB3c95e135",TRUE,""
"WEB222fb2bd","JinchueanBog.Yu.2013","Peat","d18O","temperature","degC",42.33,126.37,"WEB222fb2bd",TRUE,TRUE,TRUE,TRUE,"WEB222fb2bd",TRUE,""
"PYTFYIETUXB","JM01-1199.Hald.2007","MarineSediment","foraminifera","temperature","degC",71.99,14.36,"PYTFYIETUXB",TRUE,TRUE,TRUE,TRUE,"PYTFYIETUXB",TRUE,""
"PYT43820D4M","JM96-1207.Solignac.2013","MarineSediment","dinocyst","temperature","degC",68.1,-29.35,"PYT43820D4M",TRUE,TRUE,TRUE,TRUE,"PYT43820D4M",TRUE,""
"PYTGAQBO3C8","JM96-1207.Solignac.2013","MarineSediment","dinocyst","temperature","degC",68.1,-29.35,"PYTGAQBO3C8",TRUE,TRUE,TRUE,TRUE,"PYTGAQBO3C8",TRUE,""
"WEB387ae876","JPC42.Caniupan.2014","MarineSediment","alkenone","temperature","degC",-49.917,-74.383,"WEB387ae876",TRUE,TRUE,TRUE,TRUE,"WEB387ae876",TRUE,""
"WEB32a51a83","JPC67.Bertrand.2017","MarineSediment","alkenone","temperature","degC",-54.3199,-69.4632,"WEB32a51a83",TRUE,TRUE,TRUE,TRUE,"WEB32a51a83",TRUE,""
"PYT6CZBVE1E","JR01.Fortin.2017","LakeSediment","pollen","temperature","degC",69.9,-95.07,"PYT6CZBVE1E",TRUE,TRUE,TRUE,TRUE,"PYT6CZBVE1E",TRUE,""
"RhF20RCQseU","JR01Chironomid.Fortin.2017","LakeSediment","chironomid","temperature","degC",69.9,-95.07,"RhF20RCQseU",TRUE,TRUE,TRUE,TRUE,"RhF20RCQseU",TRUE,""
"T2L_JR244_GC528_uk37_SST_from_uk37","JR244_GC528.Roberts.2016","MarineSediment","alkenone","temperature","degC",-53.013,-58.0405,"T2L_JR244_GC528_uk37_SST_from_uk37",TRUE,TRUE,TRUE,TRUE,"T2L_JR244_GC528_uk37_SST_from_uk37",TRUE,""
"T2L_JR51GC_35_uk37_SST_from_uk37","JR51GC_35.Bendle.2007","MarineSediment","alkenone","temperature","degC",66.5996,-17.5766,"T2L_JR51GC_35_uk37_SST_from_uk37",TRUE,TRUE,TRUE,TRUE,"T2L_JR51GC_35_uk37_SST_from_uk37",TRUE,""
"PYT0P81RJWL","K2.Fallu.2005","LakeSediment","chironomid","temperature","degC",58.7347,-65.9342,"PYT0P81RJWL",TRUE,TRUE,TRUE,TRUE,"PYT0P81RJWL",TRUE,""
"RHlStweE7Z4","Kaartlamminsuo.Rankama.1988","Peat","pollen","temperature","degC",60.73,24.22,"RHlStweE7Z4",TRUE,TRUE,TRUE,TRUE,"RHlStweE7Z4",TRUE,""
"RyLPf9ScmVz","Kaartlamminsuo.Rankama.1988","Peat","pollen","temperatureComposite","degC",60.73,24.22,"RyLPf9ScmVz",TRUE,TRUE,TRUE,TRUE,"RyLPf9ScmVz",TRUE,""
"RqS5ulSHXB6","Kaartlamminsuo.Rankama.1988","Peat","pollen","temperature","degC",60.73,24.22,"RqS5ulSHXB6",TRUE,TRUE,TRUE,TRUE,"RqS5ulSHXB6",TRUE,""
"LPDb676e71d","KaiteCobreMayor.MartinChivelet.2011","Speleothem","d13C","temperature","degC",42.7918,-3.8496,"LPDb676e71d",TRUE,TRUE,TRUE,TRUE,"LPDb676e71d",TRUE,"length"
"R8B6XMR2wGH","Kansjon.EPD","LakeSediment","pollen","temperature","degC",57.63,14.53,"R8B6XMR2wGH",TRUE,TRUE,TRUE,TRUE,"R8B6XMR2wGH",TRUE,""
"RwoxLw4fCEO","Kansjon.EPD","LakeSediment","pollen","temperatureComposite","degC",57.63,14.53,"RwoxLw4fCEO",TRUE,TRUE,TRUE,TRUE,"RwoxLw4fCEO",TRUE,""
"RQ4WWK5V6cO","Kansjon.EPD","LakeSediment","pollen","temperature","degC",57.63,14.53,"RQ4WWK5V6cO",TRUE,TRUE,TRUE,TRUE,"RQ4WWK5V6cO",TRUE,""
"RoeuHmxH1bK","KardashinskiSwamp.Kremenetski.1995","Peat","pollen","temperature","degC",46.52,32.62,"RoeuHmxH1bK",TRUE,TRUE,TRUE,TRUE,"RoeuHmxH1bK",TRUE,""
"R1qHmKcT6AU","KardashinskiSwamp.Kremenetski.1995","Peat","pollen","temperatureComposite","degC",46.52,32.62,"R1qHmKcT6AU",TRUE,TRUE,TRUE,TRUE,"R1qHmKcT6AU",TRUE,""
"R66BSHlK8bK","KardashinskiSwamp.Kremenetski.1995","Peat","pollen","temperature","degC",46.52,32.62,"R66BSHlK8bK",TRUE,TRUE,TRUE,TRUE,"R66BSHlK8bK",TRUE,""
"R6leKSiRv4J","Karujarv.EPD","LakeSediment","pollen","temperature","degC",58.38,22.2,"R6leKSiRv4J",TRUE,TRUE,TRUE,TRUE,"R6leKSiRv4J",TRUE,""
"RDGYulsMSkK","Karujarv.EPD","LakeSediment","pollen","temperatureComposite","degC",58.38,22.2,"RDGYulsMSkK",TRUE,TRUE,TRUE,TRUE,"RDGYulsMSkK",TRUE,""
"RKBX4bUUNXi","Karujarv.EPD","LakeSediment","pollen","temperature","degC",58.38,22.2,"RKBX4bUUNXi",TRUE,TRUE,TRUE,TRUE,"RKBX4bUUNXi",TRUE,""
"M2Lut2rpqe2P","Keele.Szeicz.1995","LakeSediment","pollen","temperature","degC",64.17,-127.62,"M2Lut2rpqe2P",TRUE,TRUE,TRUE,TRUE,"M2Lut2rpqe2P",TRUE,""
"M2L0bknlm1hP","Keele.Szeicz.1995","LakeSediment","pollen","temperature","degC",64.17,-127.62,"M2L0bknlm1hP",TRUE,TRUE,TRUE,TRUE,"M2L0bknlm1hP",TRUE,""
"M2Lhapfah89P","Keele.Szeicz.1995","LakeSediment","pollen","temperature","degC",64.17,-127.62,"M2Lhapfah89P",TRUE,TRUE,TRUE,TRUE,"M2Lhapfah89P",TRUE,""
"M2Lzfhpb40oP","Kenosee.Porter.1992","LakeSediment","pollen","temperature","degC",49.82,-102.3,"M2Lzfhpb40oP",TRUE,TRUE,TRUE,TRUE,"M2Lzfhpb40oP",TRUE,""
"M2Lers6pgmkP","Kenosee.Porter.1992","LakeSediment","pollen","temperature","degC",49.82,-102.3,"M2Lers6pgmkP",TRUE,TRUE,TRUE,TRUE,"M2Lers6pgmkP",TRUE,""
"M2L0pm7wjobP","Kenosee.Porter.1992","LakeSediment","pollen","temperature","degC",49.82,-102.3,"M2L0pm7wjobP",TRUE,TRUE,TRUE,TRUE,"M2L0pm7wjobP",TRUE,""
"M2L54ah2uwsP","KeystoneIronbog.Fall.1985","LakeSediment","pollen","temperature","degC",38.87,-107.03,"M2L54ah2uwsP",TRUE,TRUE,TRUE,TRUE,"M2L54ah2uwsP",TRUE,""
"M2Lynyi720vP","KeystoneIronbog.Fall.1985","LakeSediment","pollen","temperature","degC",38.87,-107.03,"M2Lynyi720vP",TRUE,TRUE,TRUE,TRUE,"M2Lynyi720vP",TRUE,""
"M2L8o4qa5uuP","KeystoneIronbog.Fall.1985","LakeSediment","pollen","temperature","degC",38.87,-107.03,"M2L8o4qa5uuP",TRUE,TRUE,TRUE,TRUE,"M2L8o4qa5uuP",TRUE,""
"R3kXLCnhtdi","Kharinei.Jones.2011","LakeSediment","chironomid","temperature","degC",67.3628,62.7507,"R3kXLCnhtdi",TRUE,TRUE,TRUE,TRUE,"R3kXLCnhtdi",TRUE,""
"RchrJSmu2H9","Khatanga-12Lake.Syrykh.2017","LakeSediment","chironomid","temperature","degC",73,102,"RchrJSmu2H9",TRUE,TRUE,TRUE,TRUE,"RchrJSmu2H9",TRUE,""
"WEB6f612252","KinderlinskayaCave.Baker.2017","Speleothem","d18O","d18O","permil",54.2,56.9,"WEB6f612252",TRUE,TRUE,TRUE,TRUE,"WEB6f612252",TRUE,""
"PYTT5VJ1IP1","Kinnshaugen.Seppa.2009","LakeSediment","pollen","temperature","degC",62.02,10.37,"PYTT5VJ1IP1",TRUE,TRUE,TRUE,TRUE,"PYTT5VJ1IP1",TRUE,""
"RHTI56Pxs41","Klotjaernen.Pollen.Sweden","LakeSediment","pollen","temperature","degC",61.8211,16.4044,"RHTI56Pxs41",TRUE,TRUE,TRUE,TRUE,"RHTI56Pxs41",TRUE,""
"PYT4160KEY4","klotjarnen.Seppa.2009","LakeSediment","pollen","temperature","degC",61.8211,16.4044,"PYT4160KEY4",TRUE,TRUE,TRUE,TRUE,"PYT4160KEY4",TRUE,""
"T2L_KNR159_5_36GGC_d18o_ruber_SST_from_d18o_ruber","KNR159_5_36GGC.Carlson.2008","MarineSediment","d18O","temperature","degC",-27.5267,-45.5333,"T2L_KNR159_5_36GGC_d18o_ruber_SST_from_d18o_ruber",TRUE,TRUE,TRUE,TRUE,"T2L_KNR159_5_36GGC_d18o_ruber_SST_from_d18o_ruber",TRUE,"resolution"
"T2L_KNR159_JPC26_mgca_ruber_lato_SST_from_mgca_ruber_lato","KNR159_JPC26.Antonarakou.2015","MarineSediment","Mg/Ca","temperature","degC",26.374,-92.027,"T2L_KNR159_JPC26_mgca_ruber_lato_SST_from_mgca_ruber_lato",TRUE,TRUE,TRUE,TRUE,"T2L_KNR159_JPC26_mgca_ruber_lato_SST_from_mgca_ruber_lato",TRUE,""
"T2L_KNR159_JPC26_mgca_ruber_stricto_SST_from_mgca_ruber_stricto","KNR159_JPC26.Antonarakou.2015","MarineSediment","Mg/Ca","temperature","degC",26.374,-92.027,"T2L_KNR159_JPC26_mgca_ruber_stricto_SST_from_mgca_ruber_stricto",TRUE,TRUE,TRUE,TRUE,"T2L_KNR159_JPC26_mgca_ruber_stricto_SST_from_mgca_ruber_stricto",TRUE,""
"T2L_KNR159_JPC26_d18o_ruber_lato_SST_from_d18o_ruber_lato","KNR159_JPC26.Antonarakou.2015","MarineSediment","d18O","temperature","degC",26.374,-92.027,"T2L_KNR159_JPC26_d18o_ruber_lato_SST_from_d18o_ruber_lato",TRUE,TRUE,TRUE,TRUE,"T2L_KNR159_JPC26_d18o_ruber_lato_SST_from_d18o_ruber_lato",TRUE,""
"T2L_KNR159_JPC26_d18o_ruber_stricto_SST_from_d18o_ruber_stricto","KNR159_JPC26.Antonarakou.2015","MarineSediment","d18O","temperature","degC",26.374,-92.027,"T2L_KNR159_JPC26_d18o_ruber_stricto_SST_from_d18o_ruber_stricto",TRUE,TRUE,TRUE,TRUE,"T2L_KNR159_JPC26_d18o_ruber_stricto_SST_from_d18o_ruber_stricto",TRUE,""
"T2L_KNR166_14_11JPC_d18o_bulloides_SST_from_d18o_bulloides","KNR166_14_11JPC.Elmore.2015","MarineSediment","d18O","temperature","degC",56.2333,-27.65,"T2L_KNR166_14_11JPC_d18o_bulloides_SST_from_d18o_bulloides",TRUE,TRUE,TRUE,TRUE,"T2L_KNR166_14_11JPC_d18o_bulloides_SST_from_d18o_bulloides",TRUE,""
"T2L_KNR166_14_11JPC_d18o_pachyderma_SST_from_d18o_pachyderma","KNR166_14_11JPC.Elmore.2015","MarineSediment","d18O","temperature","degC",56.2333,-27.65,"T2L_KNR166_14_11JPC_d18o_pachyderma_SST_from_d18o_pachyderma",TRUE,TRUE,TRUE,TRUE,"T2L_KNR166_14_11JPC_d18o_pachyderma_SST_from_d18o_pachyderma",TRUE,""
"T2L_KNR166_JPC26_mgca_ruber_SST_from_mgca_ruber","KNR166_JPC26.Schmidt.2011","MarineSediment","Mg/Ca","temperature","degC",24.3267,-83.2524,"T2L_KNR166_JPC26_mgca_ruber_SST_from_mgca_ruber",TRUE,TRUE,TRUE,TRUE,"T2L_KNR166_JPC26_mgca_ruber_SST_from_mgca_ruber",TRUE,""
"T2L_KNR166_JPC26_d18o_ruber_SST_from_d18o_ruber","KNR166_JPC26.Schmidt.2011","MarineSediment","d18O","temperature","degC",24.3267,-83.2524,"T2L_KNR166_JPC26_d18o_ruber_SST_from_d18o_ruber",TRUE,TRUE,TRUE,TRUE,"T2L_KNR166_JPC26_d18o_ruber_SST_from_d18o_ruber",TRUE,""
"T2L_KNR166_JPC51_mgca_ruber_SST_from_mgca_ruber","KNR166_JPC51.Schmidt.2012","MarineSediment","Mg/Ca","temperature","degC",24.4117,-83.219,"T2L_KNR166_JPC51_mgca_ruber_SST_from_mgca_ruber",TRUE,TRUE,TRUE,TRUE,"T2L_KNR166_JPC51_mgca_ruber_SST_from_mgca_ruber",TRUE,""
"T2L_KNR166_JPC51_d18o_ruber_SST_from_d18o_ruber","KNR166_JPC51.Schmidt.2012","MarineSediment","d18O","temperature","degC",24.4117,-83.219,"T2L_KNR166_JPC51_d18o_ruber_SST_from_d18o_ruber",TRUE,TRUE,TRUE,TRUE,"T2L_KNR166_JPC51_d18o_ruber_SST_from_d18o_ruber",TRUE,""
"T2L_KNR195_5_CDH23_uk37_SST_from_uk37","KNR195_5_CDH23.Bova.2015","MarineSediment","alkenone","temperature","degC",-3.7492,-81.1342,"T2L_KNR195_5_CDH23_uk37_SST_from_uk37",TRUE,TRUE,TRUE,TRUE,"T2L_KNR195_5_CDH23_uk37_SST_from_uk37",TRUE,""
"T2L_KNR195_5_CDH26_uk37_SST_from_uk37","KNR195_5_CDH26.Bova.2015","MarineSediment","alkenone","temperature","degC",-3.986,-81.3087,"T2L_KNR195_5_CDH26_uk37_SST_from_uk37",TRUE,TRUE,TRUE,TRUE,"T2L_KNR195_5_CDH26_uk37_SST_from_uk37",TRUE,""
"RL0y7oNHYEx","KoeycegizGoelue.EPD","LakeSediment","pollen","temperature","degC",36.88,28.64,"RL0y7oNHYEx",TRUE,TRUE,TRUE,TRUE,"RL0y7oNHYEx",TRUE,""
"RCzaVnPuDWU","KoeycegizGoelue.EPD","LakeSediment","pollen","temperatureComposite","degC",36.88,28.64,"RCzaVnPuDWU",TRUE,TRUE,TRUE,TRUE,"RCzaVnPuDWU",TRUE,""
"RKIaXBAVgUE","KoeycegizGoelue.EPD","LakeSediment","pollen","temperature","degC",36.88,28.64,"RKIaXBAVgUE",TRUE,TRUE,TRUE,TRUE,"RKIaXBAVgUE",TRUE,""
"WEB3b80ddb0","Komosomolskaia.Ciais.1992","GlacierIce","dD","temperature","degC",-74.083,97.4833,"WEB3b80ddb0",TRUE,TRUE,TRUE,TRUE,"WEB3b80ddb0",TRUE,""
"RyQ74Z7GxTJ","Koucha.Herzschuh.2009","LakeSediment","pollen","temperature","degC",34,97.2,"RyQ74Z7GxTJ",TRUE,TRUE,TRUE,TRUE,"RyQ74Z7GxTJ",TRUE,""
"PYTRUXBRWZ0","KP2.Seppa.2009","LakeSediment","pollen","temperature","degC",68.8,35.32,"PYTRUXBRWZ0",TRUE,TRUE,TRUE,TRUE,"PYTRUXBRWZ0",TRUE,""
"R1jYCQVBlaV","KR02.Peros.2008","LakeSediment","pollen","temperature","degC",71.34,-113.78,"R1jYCQVBlaV",TRUE,TRUE,TRUE,TRUE,"R1jYCQVBlaV",TRUE,""
"RGx72to7BAg","KR02.Peros.2008","LakeSediment","chironomid","temperature","degC",71.34,-113.78,"RGx72to7BAg",TRUE,TRUE,TRUE,TRUE,"RGx72to7BAg",TRUE,""
"RGx72to7BAg","KR02Chironomid.Fortin.2010","LakeSediment","chironomid","temperature","degC",71.34,-113.78,"RGx72to7BAg",TRUE,TRUE,TRUE,TRUE,"RGx72to7BAg",TRUE,""
"R1jYCQVBlaV","KR02Pollen.Peros.2008","LakeSediment","pollen","temperature","degC",71.34,-113.78,"R1jYCQVBlaV",TRUE,TRUE,TRUE,TRUE,"R1jYCQVBlaV",TRUE,""
"RWShShxDbGs_SST_from_Uk37","KT05_7_PC_02.Kawahata.2009","MarineSediment","alkenone","temperature","degC",41,140.7667,"RWShShxDbGs_SST_from_Uk37",TRUE,TRUE,TRUE,TRUE,"RWShShxDbGs_SST_from_Uk37",TRUE,""
"NAm2kHydro240","Kurupa.Boldt.2015","LakeSediment","chlorophyll","temperature","degC",68.35,-154.61,"NAm2kHydro240",TRUE,TRUE,TRUE,TRUE,"NAm2kHydro240",TRUE,""
"PYT8QV5B55C","Kusawa.Chakraborty.2010","LakeSediment","BSi","BSi","percent",60.275,-136.182,"PYT8QV5B55C",TRUE,TRUE,TRUE,TRUE,"PYT8QV5B55C",TRUE,""
"T2L_KY07_04_PC1_mgca_ruber_SST_from_mgca_ruber","KY07_04_PC1.Kubota.2010","MarineSediment","Mg/Ca","temperature","degC",31.63,128.95,"T2L_KY07_04_PC1_mgca_ruber_SST_from_mgca_ruber",TRUE,TRUE,TRUE,TRUE,"T2L_KY07_04_PC1_mgca_ruber_SST_from_mgca_ruber",TRUE,""
"RvoC7ZDCwNh","Kyutyunda.Biskaborn.2016","LakeSediment","pollen","temperature","degC",69.6285,123.6481,"RvoC7ZDCwNh",TRUE,TRUE,TRUE,TRUE,"RvoC7ZDCwNh",TRUE,"length"
"RYyDb1URhtN","KZAI_01.Hardy.2018","MarineSediment","dinocyst","temperature","degC",-5.7,11.23,"RYyDb1URhtN",TRUE,TRUE,TRUE,TRUE,"RYyDb1URhtN",TRUE,""
"RiOWDR3HWB7","LacAurelie.Bajolle.2018","LakeSediment","chironomid","temperature","degC",50.42,-74.2297,"RiOWDR3HWB7",TRUE,TRUE,TRUE,TRUE,"RiOWDR3HWB7",TRUE,""
"M2Li82rc0jwP","LacColin.Mott.1977","LakeSediment","pollen","temperature","degC",46.72,-70.3,"M2Li82rc0jwP",TRUE,TRUE,TRUE,TRUE,"M2Li82rc0jwP",TRUE,""
"M2Lcv4kjg1oP","LacColin.Mott.1977","LakeSediment","pollen","temperature","degC",46.72,-70.3,"M2Lcv4kjg1oP",TRUE,TRUE,TRUE,TRUE,"M2Lcv4kjg1oP",TRUE,""
"M2L1vo2cyx4P","LacColin.Mott.1977","LakeSediment","pollen","temperature","degC",46.72,-70.3,"M2L1vo2cyx4P",TRUE,TRUE,TRUE,TRUE,"M2L1vo2cyx4P",TRUE,""
"RaVpoBekUwg","LacduSommet.Hausmann.2011","LakeSediment","chironomid","temperature","degC",47.7167,-70.6667,"RaVpoBekUwg",TRUE,TRUE,TRUE,TRUE,"RaVpoBekUwg",TRUE,""
"M2Lunmw92slP","LacFaribault.Larouche.1981","LakeSediment","pollen","temperature","degC",58.87,-71.72,"M2Lunmw92slP",TRUE,TRUE,TRUE,TRUE,"M2Lunmw92slP",TRUE,""
"M2La71kexf0P","LacFaribault.Larouche.1981","LakeSediment","pollen","temperature","degC",58.87,-71.72,"M2La71kexf0P",TRUE,TRUE,TRUE,TRUE,"M2La71kexf0P",TRUE,""
"M2Ly0wxhoe3P","LacFaribault.Larouche.1981","LakeSediment","pollen","temperature","degC",58.87,-71.72,"M2Ly0wxhoe3P",TRUE,TRUE,TRUE,TRUE,"M2Ly0wxhoe3P",TRUE,""
"M2Luaqav9ebP","LacGras.King.1986","LakeSediment","pollen","temperature","degC",52.25,-67.07,"M2Luaqav9ebP",TRUE,TRUE,TRUE,TRUE,"M2Luaqav9ebP",TRUE,""
"M2L0jqncy8xP","LacGras.King.1986","LakeSediment","pollen","temperature","degC",52.25,-67.07,"M2L0jqncy8xP",TRUE,TRUE,TRUE,TRUE,"M2L0jqncy8xP",TRUE,""
"M2Lpztrlwi8P","LacGras.King.1986","LakeSediment","pollen","temperature","degC",52.25,-67.07,"M2Lpztrlwi8P",TRUE,TRUE,TRUE,TRUE,"M2Lpztrlwi8P",TRUE,""
"M2Lixgup1qxP","LacLeonard.Labelle.1984","LakeSediment","pollen","temperature","degC",49.21,-65.81,"M2Lixgup1qxP",TRUE,TRUE,TRUE,TRUE,"M2Lixgup1qxP",TRUE,""
"M2L9cizxjmnP","LacLeonard.Labelle.1984","LakeSediment","pollen","temperature","degC",49.21,-65.81,"M2L9cizxjmnP",TRUE,TRUE,TRUE,TRUE,"M2L9cizxjmnP",TRUE,""
"M2L58bvkgafP","LacLeonard.Labelle.1984","LakeSediment","pollen","temperature","degC",49.21,-65.81,"M2L58bvkgafP",TRUE,TRUE,TRUE,TRUE,"M2L58bvkgafP",TRUE,""
"M2L7wjxj9y7P","LacMartyne.McAndrews.NA","LakeSediment","pollen","temperature","degC",56.78,-64.83,"M2L7wjxj9y7P",TRUE,TRUE,TRUE,TRUE,"M2L7wjxj9y7P",TRUE,""
"M2L49huske3P","LacMartyne.McAndrews.NA","LakeSediment","pollen","temperature","degC",56.78,-64.83,"M2L49huske3P",TRUE,TRUE,TRUE,TRUE,"M2L49huske3P",TRUE,""
"M2L5ds3b810P","LacMartyne.McAndrews.NA","LakeSediment","pollen","temperature","degC",56.78,-64.83,"M2L5ds3b810P",TRUE,TRUE,TRUE,TRUE,"M2L5ds3b810P",TRUE,""
"M2L5mytb4knP","LacMeleze.MacDonald.1987","LakeSediment","pollen","temperature","degC",65.22,-126.12,"M2L5mytb4knP",TRUE,TRUE,TRUE,TRUE,"M2L5mytb4knP",TRUE,""
"M2L8o5wvg1qP","LacMeleze.MacDonald.1987","LakeSediment","pollen","temperature","degC",65.22,-126.12,"M2L8o5wvg1qP",TRUE,TRUE,TRUE,TRUE,"M2L8o5wvg1qP",TRUE,""
"M2Lzztaq4rxP","LacMeleze.MacDonald.1987","LakeSediment","pollen","temperature","degC",65.22,-126.12,"M2Lzztaq4rxP",TRUE,TRUE,TRUE,TRUE,"M2Lzztaq4rxP",TRUE,""
"M2Ld31qvuutP","LacPatricia.McAndrews.1983","LakeSediment","pollen","temperature","degC",56.67,-64.68,"M2Ld31qvuutP",TRUE,TRUE,TRUE,TRUE,"M2Ld31qvuutP",TRUE,""
"M2Lsa570nfbP","LacPatricia.McAndrews.1983","LakeSediment","pollen","temperature","degC",56.67,-64.68,"M2Lsa570nfbP",TRUE,TRUE,TRUE,TRUE,"M2Lsa570nfbP",TRUE,""
"M2Lueezxtn4P","LacPatricia.McAndrews.1983","LakeSediment","pollen","temperature","degC",56.67,-64.68,"M2Lueezxtn4P",TRUE,TRUE,TRUE,TRUE,"M2Lueezxtn4P",TRUE,""
"M2L1r5knjoqP","LacPetel.King.1986","LakeSediment","pollen","temperature","degC",50.55,-66.27,"M2L1r5knjoqP",TRUE,TRUE,TRUE,TRUE,"M2L1r5knjoqP",TRUE,""
"M2Lwc89q3x6P","LacPetel.King.1986","LakeSediment","pollen","temperature","degC",50.55,-66.27,"M2Lwc89q3x6P",TRUE,TRUE,TRUE,TRUE,"M2Lwc89q3x6P",TRUE,""
"M2LzelduliwP","LacPetel.King.1986","LakeSediment","pollen","temperature","degC",50.55,-66.27,"M2LzelduliwP",TRUE,TRUE,TRUE,TRUE,"M2LzelduliwP",TRUE,""
"M2Leunkc5cxP","Ladd.Shane.1993","LakeSediment","pollen","temperature","degC",41.42,-84.75,"M2Leunkc5cxP",TRUE,TRUE,TRUE,TRUE,"M2Leunkc5cxP",TRUE,""
"M2Lwal2lj65P","Ladd.Shane.1993","LakeSediment","pollen","temperature","degC",41.42,-84.75,"M2Lwal2lj65P",TRUE,TRUE,TRUE,TRUE,"M2Lwal2lj65P",TRUE,""
"M2Lvbzbn35sP","Ladd.Shane.1993","LakeSediment","pollen","temperature","degC",41.42,-84.75,"M2Lvbzbn35sP",TRUE,TRUE,TRUE,TRUE,"M2Lvbzbn35sP",TRUE,""
"RfT4VtxaNnX","LagodeAjo.Allen.1996","LakeSediment","pollen","temperature","degC",43.05,-6.15,"RfT4VtxaNnX",TRUE,TRUE,TRUE,TRUE,"RfT4VtxaNnX",TRUE,""
"RnvZu677M4a","LagodeAjo.Allen.1996","LakeSediment","pollen","temperatureComposite","degC",43.05,-6.15,"RnvZu677M4a",TRUE,TRUE,TRUE,TRUE,"RnvZu677M4a",TRUE,""
"RjHNII78ViO","LagodeAjo.Allen.1996","LakeSediment","pollen","temperature","degC",43.05,-6.15,"RjHNII78ViO",TRUE,TRUE,TRUE,TRUE,"RjHNII78ViO",TRUE,""
"LPD6e0eacd1","LagoDellAccesa.Finsinger.2010","LakeSediment","pollen","temperature","degC",42.9888,10.8972,"LPD6e0eacd1",TRUE,TRUE,TRUE,TRUE,"LPD6e0eacd1",TRUE,""
"Ry7X6BBn8Ko","LagoMoreno.Markgraf.2002","LakeSediment","pollen","temperature","degC",-41.0583,-71.5167,"Ry7X6BBn8Ko",TRUE,TRUE,TRUE,TRUE,"Ry7X6BBn8Ko",TRUE,"resolution;chronology"
"RwTmo8nvdZo","LagoMoreno.Markgraf.2002","LakeSediment","pollen","temperature","degC",-41.0583,-71.5167,"RwTmo8nvdZo",TRUE,TRUE,TRUE,TRUE,"RwTmo8nvdZo",TRUE,"resolution;chronology"
"R7eBhCUMOfI","LagoMoreno.Markgraf.2002","LakeSediment","pollen","temperatureComposite","degC",-41.0583,-71.5167,"R7eBhCUMOfI",TRUE,TRUE,TRUE,TRUE,"R7eBhCUMOfI",TRUE,"resolution;chronology"
"LPD91355717","LagoVerdarolo.Samartin.2011","LakeSediment","chironomid","temperature","degC",44.36,10.12,"LPD91355717",TRUE,TRUE,TRUE,TRUE,"LPD91355717",TRUE,""
"RhOOuR9AepG","LagunaChaplin.Punyasena.2008","LakeSediment","pollen","temperature","degC",-14.4667,-61.0667,"RhOOuR9AepG",TRUE,TRUE,TRUE,TRUE,"RhOOuR9AepG",TRUE,""
"Rt6fvQB2WTI","LagunaSaladaChiprana.EPD","LakeSediment","pollen","temperature","degC",41.23,-0.17,"Rt6fvQB2WTI",TRUE,TRUE,TRUE,TRUE,"Rt6fvQB2WTI",TRUE,"length"
"Ry6Y07LUJSe","LagunaSaladaChiprana.EPD","LakeSediment","pollen","temperatureComposite","degC",41.23,-0.17,"Ry6Y07LUJSe",TRUE,TRUE,TRUE,TRUE,"Ry6Y07LUJSe",TRUE,"length"
"RZsK5OW5Hsc","LagunaSaladaChiprana.EPD","LakeSediment","pollen","temperature","degC",41.23,-0.17,"RZsK5OW5Hsc",TRUE,TRUE,TRUE,TRUE,"RZsK5OW5Hsc",TRUE,"length"
"RoXFsXAQiB2","Laihalampi.Giesecke.2008","LakeSediment","pollen","temperature","degC",61.4833,26.0833,"RoXFsXAQiB2",TRUE,TRUE,TRUE,TRUE,"RoXFsXAQiB2",TRUE,""
"PYTEE34B0H5","Laihalampi.Heikkila.2003","LakeSediment","pollen","temperature","degC",61.48,26.07,"PYTEE34B0H5",TRUE,TRUE,TRUE,TRUE,"PYTEE34B0H5",TRUE,""
"RV7ogSkZbOS","LakeLyadhej-To.Andreev.2005","LakeSediment","chironomid","temperature","degC",68.26,65.8,"RV7ogSkZbOS",TRUE,TRUE,TRUE,TRUE,"RV7ogSkZbOS",TRUE,""
"R05eeEJNPBo","LakeoftheWoods.Palmer.2002","LakeSediment","chironomid","temperature","degC",49.05,-120.1833,"R05eeEJNPBo",TRUE,TRUE,TRUE,TRUE,"R05eeEJNPBo",TRUE,""
"R6miF3Chdmb","LakeStowell.Lemmen.2018","LakeSediment","chironomid","temperature","degC",48.7833,-123.4445,"R6miF3Chdmb",TRUE,TRUE,TRUE,TRUE,"R6miF3Chdmb",TRUE,""
"R3CvZBuTHNk","LaPAS_KF02.Pivel.2013","MarineSediment","foraminifera","temperature","degC",-25.84,-45.2,"R3CvZBuTHNk",TRUE,TRUE,TRUE,TRUE,"R3CvZBuTHNk",TRUE,""
"PYTNG9UXJDL","Lapland.Helama.2009","Wood","TRW","temperature","degC",69,25,"PYTNG9UXJDL",TRUE,TRUE,TRUE,TRUE,"PYTNG9UXJDL",TRUE,""
"LPD7abab671","LawDome.Dahl-Jensen.1999","GlacierIce","borehole","temperature","degC",-66.7697,112.8069,"LPD7abab671",TRUE,TRUE,TRUE,TRUE,"LPD7abab671",TRUE,""
"M2Ly6fk2hmxP","LB1.Gajewski.1993","LakeSediment","pollen","temperature","degC",57.92,-75.62,"M2Ly6fk2hmxP",TRUE,TRUE,TRUE,TRUE,"M2Ly6fk2hmxP",TRUE,""
"M2L6ghuwiloP","LB1.Gajewski.1993","LakeSediment","pollen","temperature","degC",57.92,-75.62,"M2L6ghuwiloP",TRUE,TRUE,TRUE,TRUE,"M2L6ghuwiloP",TRUE,""
"M2L5rhw5bdkP","LB1.Gajewski.1993","LakeSediment","pollen","temperature","degC",57.92,-75.62,"M2L5rhw5bdkP",TRUE,TRUE,TRUE,TRUE,"M2L5rhw5bdkP",TRUE,""
"RUDCXsWTNc9","Lednica-1.Makohonienko.1991","LakeSediment","pollen","temperature","degC",52.56,17.39,"RUDCXsWTNc9",TRUE,TRUE,TRUE,TRUE,"RUDCXsWTNc9",TRUE,""
"RF4G8wwNMQV","Lednica-1.Makohonienko.1991","LakeSediment","pollen","temperatureComposite","degC",52.56,17.39,"RF4G8wwNMQV",TRUE,TRUE,TRUE,TRUE,"RF4G8wwNMQV",TRUE,""
"R6856UmenVm","Lednica-1.Makohonienko.1991","LakeSediment","pollen","temperature","degC",52.56,17.39,"R6856UmenVm",TRUE,TRUE,TRUE,TRUE,"R6856UmenVm",TRUE,""
"R2n5O5CHMEz","Lednica-2.Litt.1991","LakeSediment","pollen","temperature","degC",52.56,17.39,"R2n5O5CHMEz",TRUE,TRUE,TRUE,TRUE,"R2n5O5CHMEz",TRUE,""
"RoNOJ66CLPP","Lednica-2.Litt.1991","LakeSediment","pollen","temperatureComposite","degC",52.56,17.39,"RoNOJ66CLPP",TRUE,TRUE,TRUE,TRUE,"RoNOJ66CLPP",TRUE,""
"RKCjHAWGmip","Lednica-2.Litt.1991","LakeSediment","pollen","temperature","degC",52.56,17.39,"RKCjHAWGmip",TRUE,TRUE,TRUE,TRUE,"RKCjHAWGmip",TRUE,""
"RCmXR6uucj2","LeFourneau.Barbier.1999","Peat","pollen","temperature","degC",48.44,-0.19,"RCmXR6uucj2",TRUE,TRUE,TRUE,TRUE,"RCmXR6uucj2",TRUE,""
"R4mXoPSZA1W","LeFourneau.Barbier.1999","Peat","pollen","temperatureComposite","degC",48.44,-0.19,"R4mXoPSZA1W",TRUE,TRUE,TRUE,TRUE,"R4mXoPSZA1W",TRUE,""
"RTQQouf7pz5","LeFourneau.Barbier.1999","Peat","pollen","temperature","degC",48.44,-0.19,"RTQQouf7pz5",TRUE,TRUE,TRUE,TRUE,"RTQQouf7pz5",TRUE,""
"RnShJ5892qX","LeGrandLemps.Clerc.1988","Peat","pollen","temperature","degC",45.47,5.42,"RnShJ5892qX",TRUE,TRUE,TRUE,TRUE,"RnShJ5892qX",TRUE,""
"RExuZVVrYKW","LeGrandLemps.Clerc.1988","Peat","pollen","temperatureComposite","degC",45.47,5.42,"RExuZVVrYKW",TRUE,TRUE,TRUE,TRUE,"RExuZVVrYKW",TRUE,""
"RbWXJcmXeTN","LeGrandLemps.Clerc.1988","Peat","pollen","temperature","degC",45.47,5.42,"RbWXJcmXeTN",TRUE,TRUE,TRUE,TRUE,"RbWXJcmXeTN",TRUE,""
"LPD94e74028cc","Leviathan.Lachniet.2014","Speleothem","d18O","d18O","permil",37.89,-115.58,"LPD94e74028cc",TRUE,TRUE,TRUE,TRUE,"LPD94e74028cc",TRUE,""
"R8dqe2udYAi","LifebuoyLake.Solivieva.2015","LakeSediment","chironomid","temperature","degC",59.1099,163.1524,"R8dqe2udYAi",TRUE,TRUE,TRUE,TRUE,"R8dqe2udYAi",TRUE,""
"Rv7Rb7TWtL1","LiivjarveBog.Koff.1989","Peat","pollen","temperature","degC",59.22,27.58,"Rv7Rb7TWtL1",TRUE,TRUE,TRUE,TRUE,"Rv7Rb7TWtL1",TRUE,""
"Rb55CRDFnYw","LiivjarveBog.Koff.1989","Peat","pollen","temperatureComposite","degC",59.22,27.58,"Rb55CRDFnYw",TRUE,TRUE,TRUE,TRUE,"Rb55CRDFnYw",TRUE,""
"RAnvzUrwEM2","LiivjarveBog.Koff.1989","Peat","pollen","temperature","degC",59.22,27.58,"RAnvzUrwEM2",TRUE,TRUE,TRUE,TRUE,"RAnvzUrwEM2",TRUE,""
"PYT4RL17XGB","Liltlvatn.Seppa.2009","LakeSediment","pollen","temperature","degC",68.52,14.87,"PYT4RL17XGB",TRUE,TRUE,TRUE,TRUE,"PYT4RL17XGB",TRUE,""
"PYTZAK3QLN0","Lily.Cwynar.1990","LakeSediment","pollen","temperature","degC",59.2,-135.4,"PYTZAK3QLN0",TRUE,TRUE,TRUE,TRUE,"PYTZAK3QLN0",TRUE,""
"WEB39251bbc","Lily.Cwynar.1990","LakeSediment","pollen","temperature","degC",59.2,-135.4,"WEB39251bbc",TRUE,TRUE,TRUE,TRUE,"WEB39251bbc",TRUE,""
"R9f2mFSr7nU","Lily.Cwynar.1990","LakeSediment","pollen","temperatureComposite","degC",59.2,-135.4,"R9f2mFSr7nU",TRUE,TRUE,TRUE,TRUE,"R9f2mFSr7nU",TRUE,""
"RDvOzpHKhDB","Lingreville.Billard.1995","MarineSediment","pollen","temperature","degC",48.93,-1.54,"RDvOzpHKhDB",TRUE,TRUE,TRUE,TRUE,"RDvOzpHKhDB",TRUE,""
"R2RMTzS2yFO","Lingreville.Billard.1995","MarineSediment","pollen","temperatureComposite","degC",48.93,-1.54,"R2RMTzS2yFO",TRUE,TRUE,TRUE,TRUE,"R2RMTzS2yFO",TRUE,""
"R83RpXHCLRg","Lingreville.Billard.1995","MarineSediment","pollen","temperature","degC",48.93,-1.54,"R83RpXHCLRg",TRUE,TRUE,TRUE,TRUE,"R83RpXHCLRg",TRUE,""
"M2L4dq6gc5iP","Little.Whitlock.1995","LakeSediment","pollen","temperature","degC",44.17,-123.58,"M2L4dq6gc5iP",TRUE,TRUE,TRUE,TRUE,"M2L4dq6gc5iP",TRUE,""
"M2Le1i1npbzP","Little.Whitlock.1995","LakeSediment","pollen","temperature","degC",44.17,-123.58,"M2Le1i1npbzP",TRUE,TRUE,TRUE,TRUE,"M2Le1i1npbzP",TRUE,""
"M2Ldfq1l29fP","Little.Whitlock.1995","LakeSediment","pollen","temperature","degC",44.17,-123.58,"M2Ldfq1l29fP",TRUE,TRUE,TRUE,TRUE,"M2Ldfq1l29fP",TRUE,""
"M2L5npp4dw6P","LittleBass.Swain.NA","LakeSediment","pollen","temperature","degC",47.29,-93.6,"M2L5npp4dw6P",TRUE,TRUE,TRUE,TRUE,"M2L5npp4dw6P",TRUE,""
"M2Lry7p3qglP","LittleBass.Swain.NA","LakeSediment","pollen","temperature","degC",47.29,-93.6,"M2Lry7p3qglP",TRUE,TRUE,TRUE,TRUE,"M2Lry7p3qglP",TRUE,""
"M2Lx02nyks5P","LittleBass.Swain.NA","LakeSediment","pollen","temperature","degC",47.29,-93.6,"M2Lx02nyks5P",TRUE,TRUE,TRUE,TRUE,"M2Lx02nyks5P",TRUE,""
"R6flsIy8fhS","LittleLochRoag.Birks.1979","Peat","pollen","temperature","degC",58.13,-6.88,"R6flsIy8fhS",TRUE,TRUE,TRUE,TRUE,"R6flsIy8fhS",TRUE,""
"Rs47zWqnTxZ","LittleLochRoag.Birks.1979","Peat","pollen","temperatureComposite","degC",58.13,-6.88,"Rs47zWqnTxZ",TRUE,TRUE,TRUE,TRUE,"Rs47zWqnTxZ",TRUE,""
"RmFXFMHxVmB","LittleLochRoag.Birks.1979","Peat","pollen","temperature","degC",58.13,-6.88,"RmFXFMHxVmB",TRUE,TRUE,TRUE,TRUE,"RmFXFMHxVmB",TRUE,""
"WEBd03dcf34","LittlePondRoyalston.Marsicek.2013","LakeSediment","pollen","temperature","degC",42.68,-72.19,"WEBd03dcf34",TRUE,TRUE,TRUE,TRUE,"WEBd03dcf34",TRUE,""
"WEB4be1aff2","LittlePondRoyalston.Marsicek.2013","LakeSediment","pollen","temperature","degC",42.68,-72.19,"WEB4be1aff2",TRUE,TRUE,TRUE,TRUE,"WEB4be1aff2",TRUE,""
"WEBb9192769","LittlePondRoyalston.Marsicek.2013","LakeSediment","pollen","temperature","degC",42.68,-72.19,"WEBb9192769",TRUE,TRUE,TRUE,TRUE,"WEBb9192769",TRUE,""
"Rz1sYNeOKel","Llet-T.liranta.2015","LakeSediment","pollen","temperature","degC",66.52,59.3,"Rz1sYNeOKel",TRUE,TRUE,TRUE,TRUE,"Rz1sYNeOKel",TRUE,""
"PYTP8LM4UJJ","LO09-14.Berner.2008","MarineSediment","diatom","temperature","degC",58.9383,-20.4083,"PYTP8LM4UJJ",TRUE,TRUE,TRUE,TRUE,"PYTP8LM4UJJ",TRUE,""
"RzuL2Y5RNzX","Lobsigensee.Ammann.1985","LakeSediment","pollen","temperature","degC",47.03,7.3,"RzuL2Y5RNzX",TRUE,TRUE,TRUE,TRUE,"RzuL2Y5RNzX",TRUE,""
"R5MwieDquqJ","Lobsigensee.Ammann.1985","LakeSediment","pollen","temperatureComposite","degC",47.03,7.3,"R5MwieDquqJ",TRUE,TRUE,TRUE,TRUE,"R5MwieDquqJ",TRUE,""
"RpHOpWJr2mw","Lobsigensee.Ammann.1985","LakeSediment","pollen","temperature","degC",47.03,7.3,"RpHOpWJr2mw",TRUE,TRUE,TRUE,TRUE,"RpHOpWJr2mw",TRUE,""
"R7q4fzGNoZ6","Lochnagar30.Dalton.2005","LakeSediment","chironomid","temperature","degC",56.96,-3.2296,"R7q4fzGNoZ6",TRUE,TRUE,TRUE,TRUE,"R7q4fzGNoZ6",TRUE,""
"M2Lg25dpklhP","LoneFoxLake.MacDonald.1985","LakeSediment","pollen","temperature","degC",56.72,-119.72,"M2Lg25dpklhP",TRUE,TRUE,TRUE,TRUE,"M2Lg25dpklhP",TRUE,""
"M2L6qbln98nP","LoneFoxLake.MacDonald.1985","LakeSediment","pollen","temperature","degC",56.72,-119.72,"M2L6qbln98nP",TRUE,TRUE,TRUE,TRUE,"M2L6qbln98nP",TRUE,""
"M2Lvvf8aywtP","LoneFoxLake.MacDonald.1985","LakeSediment","pollen","temperature","degC",56.72,-119.72,"M2Lvvf8aywtP",TRUE,TRUE,TRUE,TRUE,"M2Lvvf8aywtP",TRUE,""
"PYTKYQ4C1WD","Lonespruce.Kaufman.2012","LakeSediment","BSi","BSi","percent",60.007,-159.143,"PYTKYQ4C1WD",TRUE,TRUE,TRUE,TRUE,"PYTKYQ4C1WD",TRUE,""
"RZT20l77VUd","Longwoods.Wilmshurst.2007","Peat","pollen","temperature","degC",-46.23,167.83,"RZT20l77VUd",TRUE,TRUE,TRUE,TRUE,"RZT20l77VUd",TRUE,"resolution"
"M2Lf9bpim6mP","LoonPond.Jacobson.Ja","LakeSediment","pollen","temperature","degC",45.03,-68.2,"M2Lf9bpim6mP",TRUE,TRUE,TRUE,TRUE,"M2Lf9bpim6mP",TRUE,""
"M2LlenyshucP","LoonPond.Jacobson.Ja","LakeSediment","pollen","temperature","degC",45.03,-68.2,"M2LlenyshucP",TRUE,TRUE,TRUE,TRUE,"M2LlenyshucP",TRUE,""
"M2L2wsvlds8P","LoonPond.Jacobson.Ja","LakeSediment","pollen","temperature","degC",45.03,-68.2,"M2L2wsvlds8P",TRUE,TRUE,TRUE,TRUE,"M2L2wsvlds8P",TRUE,""
"M2Lh2rwmljaP","LostLake_MI.Brubaker.1975","LakeSediment","pollen","temperature","degC",46.72,-87.97,"M2Lh2rwmljaP",TRUE,TRUE,TRUE,TRUE,"M2Lh2rwmljaP",TRUE,""
"M2Lqr52aoj9P","LostLake_MI.Brubaker.1975","LakeSediment","pollen","temperature","degC",46.72,-87.97,"M2Lqr52aoj9P",TRUE,TRUE,TRUE,TRUE,"M2Lqr52aoj9P",TRUE,""
"M2L64f6irzrP","LostLake_MI.Brubaker.1975","LakeSediment","pollen","temperature","degC",46.72,-87.97,"M2L64f6irzrP",TRUE,TRUE,TRUE,TRUE,"M2L64f6irzrP",TRUE,""
"RWleajAEFwY","LoughMeenachrinna.Taylor.2018","LakeSediment","chironomid","temperature","degC",54.7282,-8.6794,"RWleajAEFwY",TRUE,TRUE,TRUE,TRUE,"RWleajAEFwY",TRUE,""
"M2Lb8uhg25jP","LouisePond.Mathewes.1994","LakeSediment","pollen","temperature","degC",52.95,-131.76,"M2Lb8uhg25jP",TRUE,TRUE,TRUE,TRUE,"M2Lb8uhg25jP",TRUE,""
"M2Ll12txmw7P","LouisePond.Mathewes.1994","LakeSediment","pollen","temperature","degC",52.95,-131.76,"M2Ll12txmw7P",TRUE,TRUE,TRUE,TRUE,"M2Ll12txmw7P",TRUE,""
"M2Lx8d4iupqP","LouisePond.Mathewes.1994","LakeSediment","pollen","temperature","degC",52.95,-131.76,"M2Lx8d4iupqP",TRUE,TRUE,TRUE,TRUE,"M2Lx8d4iupqP",TRUE,""
"PYT7ZDYFS88","LR01.Gajewski.1993","LakeSediment","pollen","temperature","degC",58.58,-75.25,"PYT7ZDYFS88",TRUE,TRUE,TRUE,TRUE,"PYT7ZDYFS88",TRUE,""
"PYTC38VBYRL","LR01.Gajewski.1993","LakeSediment","pollen","temperature","degC",58.58,-75.25,"PYTC38VBYRL",TRUE,TRUE,TRUE,TRUE,"PYTC38VBYRL",TRUE,""
"M2Lotb6jbylP","LR1.Gajewski.1993","LakeSediment","pollen","temperature","degC",58.583,-75.25,"M2Lotb6jbylP",TRUE,TRUE,TRUE,TRUE,"M2Lotb6jbylP",TRUE,""
"M2L49808xevP","LR1.Gajewski.1993","LakeSediment","pollen","temperature","degC",58.583,-75.25,"M2L49808xevP",TRUE,TRUE,TRUE,TRUE,"M2L49808xevP",TRUE,""
"M2LkxhxpqjbP","LR1.Gajewski.1993","LakeSediment","pollen","temperature","degC",58.583,-75.25,"M2LkxhxpqjbP",TRUE,TRUE,TRUE,TRUE,"M2LkxhxpqjbP",TRUE,""
"M2Lx4f7rbp8P","LR3.Gajewski.1992","LakeSediment","pollen","temperature","degC",58.58,-75.25,"M2Lx4f7rbp8P",TRUE,TRUE,TRUE,TRUE,"M2Lx4f7rbp8P",TRUE,""
"M2Lmlhwb0htP","LR3.Gajewski.1992","LakeSediment","pollen","temperature","degC",58.58,-75.25,"M2Lmlhwb0htP",TRUE,TRUE,TRUE,TRUE,"M2Lmlhwb0htP",TRUE,""
"M2Llq9tn1s2P","LR3.Gajewski.1992","LakeSediment","pollen","temperature","degC",58.58,-75.25,"M2Llq9tn1s2P",TRUE,TRUE,TRUE,TRUE,"M2Llq9tn1s2P",TRUE,""
"Rna4qZwnJYz","Luganskoe.Kvavadze.1994","Peat","pollen","temperature","degC",43.73,40.69,"Rna4qZwnJYz",TRUE,TRUE,TRUE,TRUE,"Rna4qZwnJYz",TRUE,""
"RhtixIQMGTd","Luganskoe.Kvavadze.1994","Peat","pollen","temperatureComposite","degC",43.73,40.69,"RhtixIQMGTd",TRUE,TRUE,TRUE,TRUE,"RhtixIQMGTd",TRUE,""
"RZnOUS5BScv","Luganskoe.Kvavadze.1994","Peat","pollen","temperature","degC",43.73,40.69,"RZnOUS5BScv",TRUE,TRUE,TRUE,TRUE,"RZnOUS5BScv",TRUE,""
"T2L_LV29_114_3_mgca_pachyderma_SST_from_mgca_pachyderma","LV29_114_3.Riethdorf.2013","MarineSediment","Mg/Ca","temperature","degC",49.3757,152.8779,"T2L_LV29_114_3_mgca_pachyderma_SST_from_mgca_pachyderma",TRUE,TRUE,TRUE,TRUE,"T2L_LV29_114_3_mgca_pachyderma_SST_from_mgca_pachyderma",TRUE,""
"T2L_LV29_114_3_uk37_SST_from_uk37","LV29_114_3.Riethdorf.2013","MarineSediment","alkenone","temperature","degC",49.3757,152.8779,"T2L_LV29_114_3_uk37_SST_from_uk37",TRUE,TRUE,TRUE,TRUE,"T2L_LV29_114_3_uk37_SST_from_uk37",TRUE,""
"T2L_LV29_114_3_d18o_pachyderma_SST_from_d18o_pachyderma","LV29_114_3.Riethdorf.2013","MarineSediment","d18O","temperature","degC",49.3757,152.8779,"T2L_LV29_114_3_d18o_pachyderma_SST_from_d18o_pachyderma",TRUE,TRUE,TRUE,TRUE,"T2L_LV29_114_3_d18o_pachyderma_SST_from_d18o_pachyderma",TRUE,""
"PYTS7QT9329","Lyadhej-To.Andreev.2005","LakeSediment","pollen","temperature","degC",68.26,65.8,"PYTS7QT9329",TRUE,TRUE,TRUE,TRUE,"PYTS7QT9329",TRUE,""
"M2L4h603qtyP","Lynn.Nichols.1967","LakeSediment","pollen","temperature","degC",56.84,-101.04,"M2L4h603qtyP",TRUE,TRUE,TRUE,TRUE,"M2L4h603qtyP",TRUE,""
"M2L8fvxct35P","Lynn.Nichols.1967","LakeSediment","pollen","temperature","degC",56.84,-101.04,"M2L8fvxct35P",TRUE,TRUE,TRUE,TRUE,"M2L8fvxct35P",TRUE,""
"M2Lwm503978P","Lynn.Nichols.1967","LakeSediment","pollen","temperature","degC",56.84,-101.04,"M2Lwm503978P",TRUE,TRUE,TRUE,TRUE,"M2Lwm503978P",TRUE,""
"T2L_M135_004_3_uk37_SST_from_uk37","M135_004_3.Salvatteci.2019","MarineSediment","alkenone","temperature","degC",-17.41,-71.7403,"T2L_M135_004_3_uk37_SST_from_uk37",TRUE,TRUE,TRUE,TRUE,"T2L_M135_004_3_uk37_SST_from_uk37",TRUE,""
"T2L_M135_005_3_uk37_SST_from_uk37","M135_005_3.Salvatteci.2019","MarineSediment","alkenone","temperature","degC",-17.4205,-71.769,"T2L_M135_005_3_uk37_SST_from_uk37",TRUE,TRUE,TRUE,TRUE,"T2L_M135_005_3_uk37_SST_from_uk37",TRUE,""
"T2L_M35003_4_uk37_SST_from_uk37","M35003_4.R_hlemann.1999","MarineSediment","alkenone","temperature","degC",12.0897,-61.2437,"T2L_M35003_4_uk37_SST_from_uk37",TRUE,TRUE,TRUE,TRUE,"T2L_M35003_4_uk37_SST_from_uk37",TRUE,""
"T2L_M35003_4_d18o_ruber_pink_SST_from_d18o_ruber_pink","M35003_4.R_hlemann.1999","MarineSediment","d18O","temperature","degC",12.0897,-61.2437,"T2L_M35003_4_d18o_ruber_pink_SST_from_d18o_ruber_pink",TRUE,TRUE,TRUE,TRUE,"T2L_M35003_4_d18o_ruber_pink_SST_from_d18o_ruber_pink",TRUE,""
"RuZd3euHEp0","M35003_4.R_hlemann.1999","MarineSediment","foraminifera","temperature","degC",12.0897,-61.2437,"RuZd3euHEp0",TRUE,TRUE,TRUE,TRUE,"RuZd3euHEp0",TRUE,""
"RtKEt5VqIb4","M35003_4.R_hlemann.1999","MarineSediment","foraminifera","temperature","degC",12.0897,-61.2437,"RtKEt5VqIb4",TRUE,TRUE,TRUE,TRUE,"RtKEt5VqIb4",TRUE,""
"WEB4565226e","M35003_4.R_hlemann.1999","MarineSediment","foraminifera","temperature","degC",12.0897,-61.2437,"WEB4565226e",TRUE,TRUE,TRUE,TRUE,"WEB4565226e",TRUE,""
"T2L_M39008_3_uk37_SST_from_uk37","M39008_3.Eynaud.2009","MarineSediment","alkenone","temperature","degC",36.38,-7.0717,"T2L_M39008_3_uk37_SST_from_uk37",TRUE,TRUE,TRUE,TRUE,"T2L_M39008_3_uk37_SST_from_uk37",TRUE,""
"T2L_M39008_3_d18o_bulloides_SST_from_d18o_bulloides","M39008_3.Eynaud.2009","MarineSediment","d18O","temperature","degC",36.38,-7.0717,"T2L_M39008_3_d18o_bulloides_SST_from_d18o_bulloides",TRUE,TRUE,TRUE,TRUE,"T2L_M39008_3_d18o_bulloides_SST_from_d18o_bulloides",TRUE,""
"GBG100dogCow","M40-4-SL78.Emeis.2003","MarineSediment","alkenone","temperature","degC",37.036,13.19,"GBG100dogCow",TRUE,TRUE,TRUE,TRUE,"GBG100dogCow",TRUE,""
"RULOqqCg75A","M75_3_137_3.Wang.2013","MarineSediment","alkenone","temperature","degC",-18.2412,37.8685,"RULOqqCg75A",TRUE,TRUE,TRUE,TRUE,"RULOqqCg75A",TRUE,""
"R1p4PfiUdp8","M75_3_137_3.Wang.2013","MarineSediment","Mg/Ca","temperature","degC",-18.2412,37.8685,"R1p4PfiUdp8",TRUE,TRUE,TRUE,TRUE,"R1p4PfiUdp8",TRUE,""
"T2L_M77_2_003_2_uk37_SST_from_uk37","M77_2_003_2.Salvatteci.2019","MarineSediment","alkenone","temperature","degC",-15.1035,-75.688,"T2L_M77_2_003_2_uk37_SST_from_uk37",TRUE,TRUE,TRUE,TRUE,"T2L_M77_2_003_2_uk37_SST_from_uk37",TRUE,""
"T2L_M77_2_024_5_uk37_SST_from_uk37","M77_2_024_5.Salvatteci.2019","MarineSediment","alkenone","temperature","degC",-11.0835,-78.0152,"T2L_M77_2_024_5_uk37_SST_from_uk37",TRUE,TRUE,TRUE,TRUE,"T2L_M77_2_024_5_uk37_SST_from_uk37",TRUE,""
"T2L_M77_2_029_3_uk37_SST_from_uk37","M77_2_029_3.Salvatteci.2019","MarineSediment","alkenone","temperature","degC",-9.295,-79.6185,"T2L_M77_2_029_3_uk37_SST_from_uk37",TRUE,TRUE,TRUE,TRUE,"T2L_M77_2_029_3_uk37_SST_from_uk37",TRUE,"resolution"
"RwsnEN3SLKp_SST_from_planktic0x2Ed18O","M77_2_056_5.Neurnberg.2015","MarineSediment","d18O","SST_from_planktic0x2Ed18O","degC",-3.7498,-81.1247,"RwsnEN3SLKp_SST_from_planktic0x2Ed18O",TRUE,TRUE,TRUE,TRUE,"RwsnEN3SLKp_SST_from_planktic0x2Ed18O",TRUE,""
"RsGueF5Ezuc_SST_from_planktic0x2EMgCa","M77_2_056_5.Neurnberg.2015","MarineSediment","Mg/Ca","SST_from_planktic0x2EMgCa","degC",-3.7498,-81.1247,"RsGueF5Ezuc_SST_from_planktic0x2EMgCa",TRUE,TRUE,TRUE,TRUE,"RsGueF5Ezuc_SST_from_planktic0x2EMgCa",TRUE,""
"RIgJVtRWivz","M77_2_059_1.N_rnberg.2015","MarineSediment","Mg/Ca","temperature","degC",-3.9502,-81.3205,"RIgJVtRWivz",TRUE,TRUE,TRUE,TRUE,"RIgJVtRWivz",TRUE,""
"RbIuRfn9Vxz_SST_from_Uk37","M77_2_059_1.N_rnberg.2015","MarineSediment","alkenone","temperature","degC",-3.9502,-81.3205,"RbIuRfn9Vxz_SST_from_Uk37",TRUE,TRUE,TRUE,TRUE,"RbIuRfn9Vxz_SST_from_Uk37",TRUE,""
"WEB3ca1b65e","Mackenzie.Woltering.2014","LakeSediment","GDGT","temperature","degC",-25.4475,153.0533,"WEB3ca1b65e",TRUE,TRUE,TRUE,TRUE,"WEB3ca1b65e",TRUE,"resolution"
"WEB91c558e3","Malawi.Johnson.2016","LakeSediment","GDGT","temperature","degC",-11.2939,34.4372,"WEB91c558e3",TRUE,TRUE,TRUE,TRUE,"WEB91c558e3",TRUE,""
"R0jtRdNLrpx","MaleshevskaBog.Tonkov.1992","Peat","pollen","temperature","degC",41.7,23.03,"R0jtRdNLrpx",TRUE,TRUE,TRUE,TRUE,"R0jtRdNLrpx",TRUE,""
"RToKsaJznWU","MaleshevskaBog.Tonkov.1992","Peat","pollen","temperatureComposite","degC",41.7,23.03,"RToKsaJznWU",TRUE,TRUE,TRUE,TRUE,"RToKsaJznWU",TRUE,""
"RHBa9EoJKyU","MaleshevskaBog.Tonkov.1992","Peat","pollen","temperature","degC",41.7,23.03,"RHBa9EoJKyU",TRUE,TRUE,TRUE,TRUE,"RHBa9EoJKyU",TRUE,""
"WEB7014bceb","Mansell.Shuman.2016","LakeSediment","pollen","temperature","degC",45.04,-68.73,"WEB7014bceb",TRUE,TRUE,TRUE,TRUE,"WEB7014bceb",TRUE,""
"WEBf671079c","Mansell.Shuman.2016","LakeSediment","pollen","temperature","degC",45.04,-68.73,"WEBf671079c",TRUE,TRUE,TRUE,TRUE,"WEBf671079c",TRUE,""
"WEBa58bb1ff","Mansell.Shuman.2016","LakeSediment","pollen","temperature","degC",45.04,-68.73,"WEBa58bb1ff",TRUE,TRUE,TRUE,TRUE,"WEBa58bb1ff",TRUE,""
"M2L506qhzmzP","MaraisdeKeswick.Larouche.1986","LakeSediment","pollen","temperature","degC",44.2,-79.51,"M2L506qhzmzP",TRUE,TRUE,TRUE,TRUE,"M2L506qhzmzP",TRUE,""
"M2Lbzvd8czcP","MaraisdeKeswick.Larouche.1986","LakeSediment","pollen","temperature","degC",44.2,-79.51,"M2Lbzvd8czcP",TRUE,TRUE,TRUE,TRUE,"M2Lbzvd8czcP",TRUE,""
"M2Lzxvu2c01P","MaraisdeKeswick.Larouche.1986","LakeSediment","pollen","temperature","degC",44.2,-79.51,"M2Lzxvu2c01P",TRUE,TRUE,TRUE,TRUE,"M2Lzxvu2c01P",TRUE,""
"T2L_MD01_2378_mgca_ruber_SST_from_mgca_ruber","MD01_2378.Xu.2008","MarineSediment","Mg/Ca","temperature","degC",-13.0825,121.788,"T2L_MD01_2378_mgca_ruber_SST_from_mgca_ruber",TRUE,TRUE,TRUE,TRUE,"T2L_MD01_2378_mgca_ruber_SST_from_mgca_ruber",TRUE,""
"T2L_MD01_2378_d18o_ruber_SST_from_d18o_ruber","MD01_2378.Xu.2008","MarineSediment","d18O","temperature","degC",-13.0825,121.788,"T2L_MD01_2378_d18o_ruber_SST_from_d18o_ruber",TRUE,TRUE,TRUE,TRUE,"T2L_MD01_2378_d18o_ruber_SST_from_d18o_ruber",TRUE,""
"T2L_MD01_2390_mgca_ruber_stricto_SST_from_mgca_ruber_stricto","MD01_2390.Steinke.2008","MarineSediment","Mg/Ca","temperature","degC",6.6353,113.409,"T2L_MD01_2390_mgca_ruber_stricto_SST_from_mgca_ruber_stricto",TRUE,TRUE,TRUE,TRUE,"T2L_MD01_2390_mgca_ruber_stricto_SST_from_mgca_ruber_stricto",TRUE,"length"
"T2L_MD01_2390_mgca_ruber_lato_SST_from_mgca_ruber_lato","MD01_2390.Steinke.2008","MarineSediment","Mg/Ca","temperature","degC",6.6353,113.409,"T2L_MD01_2390_mgca_ruber_lato_SST_from_mgca_ruber_lato",TRUE,TRUE,TRUE,TRUE,"T2L_MD01_2390_mgca_ruber_lato_SST_from_mgca_ruber_lato",TRUE,"chronology"
"T2L_MD01_2390_d18o_ruber_SST_from_d18o_ruber","MD01_2390.Steinke.2008","MarineSediment","d18O","temperature","degC",6.6353,113.409,"T2L_MD01_2390_d18o_ruber_SST_from_d18o_ruber",TRUE,TRUE,TRUE,TRUE,"T2L_MD01_2390_d18o_ruber_SST_from_d18o_ruber",TRUE,"chronology"
"T2L_MD01_2412_uk37_SST_from_uk37","MD01_2412.Harada.2006","MarineSediment","alkenone","temperature","degC",44.5275,145.004,"T2L_MD01_2412_uk37_SST_from_uk37",TRUE,TRUE,TRUE,TRUE,"T2L_MD01_2412_uk37_SST_from_uk37",TRUE,""
"T2L_MD01_2421_uk37_SST_from_uk37","MD01_2421.Isono.2009","MarineSediment","alkenone","temperature","degC",36.033,141.783,"T2L_MD01_2421_uk37_SST_from_uk37",TRUE,TRUE,TRUE,TRUE,"T2L_MD01_2421_uk37_SST_from_uk37",TRUE,"length"
"T2L_MD01_2421_d18o_bulloides_SST_from_d18o_bulloides","MD01_2421.Isono.2009","MarineSediment","d18O","temperature","degC",36.033,141.783,"T2L_MD01_2421_d18o_bulloides_SST_from_d18o_bulloides",TRUE,TRUE,TRUE,TRUE,"T2L_MD01_2421_d18o_bulloides_SST_from_d18o_bulloides",TRUE,""
"LPD5c8693b4","MD01-2416.Sarnthien.2004","MarineSediment","foraminifera","temperature","degC",51.268,167.725,"LPD5c8693b4",TRUE,TRUE,TRUE,TRUE,"LPD5c8693b4",TRUE,""
"GH8784f3d0","MD01-2444.Martrat.2007","MarineSediment","alkenone","temperature","degC",37.565,-10.134,"GH8784f3d0",TRUE,TRUE,TRUE,TRUE,"GH8784f3d0",TRUE,""
"LPD801dea7f","MD01-2446.Salguero.2014","MarineSediment","foraminifera","temperature","degC",39.0558,-12.624,"LPD801dea7f",TRUE,TRUE,TRUE,TRUE,"LPD801dea7f",TRUE,""
"T2L_MD02_2503_d18o_bulloides_SST_from_d18o_bulloides","MD02_2503.Hill.2006","MarineSediment","d18O","temperature","degC",34.3862,-120.0365,"T2L_MD02_2503_d18o_bulloides_SST_from_d18o_bulloides",TRUE,TRUE,TRUE,TRUE,"T2L_MD02_2503_d18o_bulloides_SST_from_d18o_bulloides",TRUE,""
"T2L_MD02_2515_uk37_SST_from_uk37","MD02_2515.McClymont.2012","MarineSediment","alkenone","temperature","degC",27.4835,-112.0743,"T2L_MD02_2515_uk37_SST_from_uk37",TRUE,TRUE,TRUE,TRUE,"T2L_MD02_2515_uk37_SST_from_uk37",TRUE,""
"T2L_MD02_2515_tex86_SST_from_tex86","MD02_2515.McClymont.2012","MarineSediment","GDGT","temperature","degC",27.4835,-112.0743,"T2L_MD02_2515_tex86_SST_from_tex86",TRUE,TRUE,TRUE,TRUE,"T2L_MD02_2515_tex86_SST_from_tex86",TRUE,""
"T2L_MD02_2575_mgca_ruber_SST_from_mgca_ruber","MD02_2575.Ziegler.2008","MarineSediment","Mg/Ca","temperature","degC",29.0017,-87.1188,"T2L_MD02_2575_mgca_ruber_SST_from_mgca_ruber",TRUE,TRUE,TRUE,TRUE,"T2L_MD02_2575_mgca_ruber_SST_from_mgca_ruber",TRUE,""
"T2L_MD02_2575_d18o_ruber_SST_from_d18o_ruber","MD02_2575.Ziegler.2008","MarineSediment","d18O","temperature","degC",29.0017,-87.1188,"T2L_MD02_2575_d18o_ruber_SST_from_d18o_ruber",TRUE,TRUE,TRUE,TRUE,"T2L_MD02_2575_d18o_ruber_SST_from_d18o_ruber",TRUE,""
"T2L_MD02_2575_mgca_ruber_SST_from_mgca_ruber","MD02_2575BAY.Ziegler.2008","MarineSediment","Mg/Ca","temperature","degC",29.0017,-87.1188,"T2L_MD02_2575_mgca_ruber_SST_from_mgca_ruber",TRUE,TRUE,TRUE,TRUE,"T2L_MD02_2575_mgca_ruber_SST_from_mgca_ruber",TRUE,""
"T2L_MD02_2575_d18o_ruber_SST_from_d18o_ruber","MD02_2575BAY.Ziegler.2008","MarineSediment","d18O","temperature","degC",29.0017,-87.1188,"T2L_MD02_2575_d18o_ruber_SST_from_d18o_ruber",TRUE,TRUE,TRUE,TRUE,"T2L_MD02_2575_d18o_ruber_SST_from_d18o_ruber",TRUE,""
"T2L_MD02_2594_mgca_ruber_SST_from_mgca_ruber","MD02_2594.Dyez.2014","MarineSediment","Mg/Ca","temperature","degC",-34.71,17.338,"T2L_MD02_2594_mgca_ruber_SST_from_mgca_ruber",TRUE,TRUE,TRUE,TRUE,"T2L_MD02_2594_mgca_ruber_SST_from_mgca_ruber",TRUE,"resolution"
"T2L_MD02_2594_d18o_ruber_SST_from_d18o_ruber","MD02_2594.Dyez.2014","MarineSediment","d18O","temperature","degC",-34.71,17.338,"T2L_MD02_2594_d18o_ruber_SST_from_d18o_ruber",TRUE,TRUE,TRUE,TRUE,"T2L_MD02_2594_d18o_ruber_SST_from_d18o_ruber",TRUE,"resolution"
"RbLKw0ooED9","MD03_2607-Assemblage.LopesdosSantos.2013","MarineSediment","foraminifera","temperature","degC",-36.9607,137.4065,"RbLKw0ooED9",TRUE,TRUE,TRUE,TRUE,"RbLKw0ooED9",TRUE,"resolution"
"T2L_MD03_2607_uk37_SST_from_uk37","MD03_2607.LopesdosSantos.2013","MarineSediment","alkenone","temperature","degC",-36.9607,137.4065,"T2L_MD03_2607_uk37_SST_from_uk37",TRUE,TRUE,TRUE,TRUE,"T2L_MD03_2607_uk37_SST_from_uk37",TRUE,"resolution"
"T2L_MD03_2607_tex86_SST_from_tex86","MD03_2607.LopesdosSantos.2013","MarineSediment","GDGT","temperature","degC",-36.9607,137.4065,"T2L_MD03_2607_tex86_SST_from_tex86",TRUE,TRUE,TRUE,TRUE,"T2L_MD03_2607_tex86_SST_from_tex86",TRUE,"resolution"
"T2L_MD03_2611_uk37_SST_from_uk37","MD03_2611.Calvo.2007","MarineSediment","alkenone","temperature","degC",-36.73,136.55,"T2L_MD03_2611_uk37_SST_from_uk37",TRUE,TRUE,TRUE,TRUE,"T2L_MD03_2611_uk37_SST_from_uk37",TRUE,""
"T2L_MD03_2611_d18o_bulloides_SST_from_d18o_bulloides","MD03_2611.Calvo.2007","MarineSediment","d18O","temperature","degC",-36.73,136.55,"T2L_MD03_2611_d18o_bulloides_SST_from_d18o_bulloides",TRUE,TRUE,TRUE,TRUE,"T2L_MD03_2611_d18o_bulloides_SST_from_d18o_bulloides",TRUE,""
"T2L_MD03_2699_uk37_SST_from_uk37","MD03_2699.Rodrigues.2010","MarineSediment","alkenone","temperature","degC",39.0367,-10.6605,"T2L_MD03_2699_uk37_SST_from_uk37",TRUE,TRUE,TRUE,TRUE,"T2L_MD03_2699_uk37_SST_from_uk37",TRUE,""
"T2L_MD03_2707_mgca_ruber_pink_SST_from_mgca_ruber_pink","MD03_2707.Weldeab.2007","MarineSediment","Mg/Ca","temperature","degC",2.5019,9.3947,"T2L_MD03_2707_mgca_ruber_pink_SST_from_mgca_ruber_pink",TRUE,TRUE,TRUE,TRUE,"T2L_MD03_2707_mgca_ruber_pink_SST_from_mgca_ruber_pink",TRUE,""
"T2L_MD03_2707_d18o_ruber_pink_SST_from_d18o_ruber_pink","MD03_2707.Weldeab.2007","MarineSediment","d18O","temperature","degC",2.5019,9.3947,"T2L_MD03_2707_d18o_ruber_pink_SST_from_d18o_ruber_pink",TRUE,TRUE,TRUE,TRUE,"T2L_MD03_2707_d18o_ruber_pink_SST_from_d18o_ruber_pink",TRUE,""
"PYTQF21HJNC","MD03-2601.Kim.2012","MarineSediment","GDGT","temperature","degC",-66.0512,138.5572,"PYTQF21HJNC",TRUE,TRUE,TRUE,TRUE,"PYTQF21HJNC",TRUE,""
"GH0a861633","MD032601.Crosta.2007","MarineSediment","diatom","abundance","percent",-66,138.6,"GH0a861633",TRUE,TRUE,TRUE,TRUE,"GH0a861633",TRUE,""
"R89VJHY12Yf_SST_from_planktic0x2EMgCa","MD06_3067.Bolliet.2011","MarineSediment","Mg/Ca","temperature","degC",6.5143,126.4977,"R89VJHY12Yf_SST_from_planktic0x2EMgCa",TRUE,TRUE,TRUE,TRUE,"R89VJHY12Yf_SST_from_planktic0x2EMgCa",TRUE,""
"T2L_MD06_3075_uk37_SST_from_uk37","MD06_3075.Fraser.2014","MarineSediment","alkenone","temperature","degC",6.4762,125.832,"T2L_MD06_3075_uk37_SST_from_uk37",TRUE,TRUE,TRUE,TRUE,"T2L_MD06_3075_uk37_SST_from_uk37",TRUE,""
"T2L_MD06_3075_d18o_ruber_SST_from_d18o_ruber","MD06_3075.Fraser.2014","MarineSediment","d18O","temperature","degC",6.4762,125.832,"T2L_MD06_3075_d18o_ruber_SST_from_d18o_ruber",TRUE,TRUE,TRUE,TRUE,"T2L_MD06_3075_d18o_ruber_SST_from_d18o_ruber",TRUE,""
"T2L_MD07_3076Q_d18o_bulloides_SST_from_d18o_bulloides","MD07_3076Q.Gottschalk.2015","MarineSediment","d18O","temperature","degC",-44.1532,-14.2283,"T2L_MD07_3076Q_d18o_bulloides_SST_from_d18o_bulloides",TRUE,TRUE,TRUE,TRUE,"T2L_MD07_3076Q_d18o_bulloides_SST_from_d18o_bulloides",TRUE,""
"RGsuv8QafL5","MD07-3088.Montade.2019","MarineSediment","pollen","temperature","degC",-46.0667,-75.6833,"RGsuv8QafL5",TRUE,TRUE,TRUE,TRUE,"RGsuv8QafL5",TRUE,""
"R8CuAZC0LEY","MD07-3104.Montade.2019","MarineSediment","pollen","temperature","degC",-41.7111,-72.7781,"R8CuAZC0LEY",TRUE,TRUE,TRUE,TRUE,"R8CuAZC0LEY",TRUE,""
"WEBc2989cec","MD07-3124.Caniupan.2014","MarineSediment","alkenone","temperature","degC",-50.52,-74.97,"WEBc2989cec",TRUE,TRUE,TRUE,TRUE,"WEBc2989cec",TRUE,""
"T2L_MD79_257_uk37_SST_from_uk37","MD79_257.Bard.1997","MarineSediment","alkenone","temperature","degC",-20.4,36.33,"T2L_MD79_257_uk37_SST_from_uk37",TRUE,TRUE,TRUE,TRUE,"T2L_MD79_257_uk37_SST_from_uk37",TRUE,""
"GHc377da65","MD79-257.Levi.2007","MarineSediment","foraminifera","temperature","degC",-20.4,36.3,"GHc377da65",TRUE,TRUE,TRUE,TRUE,"GHc377da65",TRUE,""
"GH4f526bba","MD79-257.Levi.2007","MarineSediment","foraminifera","temperature","degC",-20.4,36.3,"GH4f526bba",TRUE,TRUE,TRUE,TRUE,"GH4f526bba",TRUE,""
"GH06e59526","MD79-257.Levi.2007","MarineSediment","foraminifera","temperature","degC",-20.4,36.3,"GH06e59526",TRUE,TRUE,TRUE,TRUE,"GH06e59526",TRUE,""
"T2L_MD84_527_d18o_pachyderma_SST_from_d18o_pachyderma","MD84_527.Labracherie.1989","MarineSediment","d18O","temperature","degC",-43.8217,51.3183,"T2L_MD84_527_d18o_pachyderma_SST_from_d18o_pachyderma",TRUE,TRUE,TRUE,TRUE,"T2L_MD84_527_d18o_pachyderma_SST_from_d18o_pachyderma",TRUE,""
"T2L_MD84_527_d18o_bulloides_SST_from_d18o_bulloides","MD84_527.Labracherie.1989","MarineSediment","d18O","temperature","degC",-43.8217,51.3183,"T2L_MD84_527_d18o_bulloides_SST_from_d18o_bulloides",TRUE,TRUE,TRUE,TRUE,"T2L_MD84_527_d18o_bulloides_SST_from_d18o_bulloides",TRUE,""
"Ri4npkyUs4u","MD84_527.Sarnthein.1988","MarineSediment","diatom","temperature","degC",-43.8217,51.3183,"Ri4npkyUs4u",TRUE,TRUE,TRUE,TRUE,"Ri4npkyUs4u",TRUE,""
"T2L_MD94_103_uk37_SST_from_uk37","MD94_103.Sicre.2005","MarineSediment","alkenone","temperature","degC",-45.5833,86.5167,"T2L_MD94_103_uk37_SST_from_uk37",TRUE,TRUE,TRUE,TRUE,"T2L_MD94_103_uk37_SST_from_uk37",TRUE,""
"T2L_MD94_103_uk37_SST_from_uk37","MD94_103BAY.Sicre.2005","MarineSediment","alkenone","temperature","degC",-45.5833,86.5167,"T2L_MD94_103_uk37_SST_from_uk37",TRUE,TRUE,TRUE,TRUE,"T2L_MD94_103_uk37_SST_from_uk37",TRUE,""
"RyGcEO9mj5G","MD95_2002.Eynaud.2012","MarineSediment","dinocyst","temperature","degC",47.452,-8.5338,"RyGcEO9mj5G",TRUE,TRUE,TRUE,TRUE,"RyGcEO9mj5G",TRUE,""
"RffUhzhAxgw","MD95_2002.Eynaud.2012","MarineSediment","dinocyst","temperature","degC",47.452,-8.5338,"RffUhzhAxgw",TRUE,TRUE,TRUE,TRUE,"RffUhzhAxgw",TRUE,""
"RikalEe9ykS","MD95_2002.Eynaud.2012","MarineSediment","dinocyst","temperature","degC",47.452,-8.5338,"RikalEe9ykS",TRUE,TRUE,TRUE,TRUE,"RikalEe9ykS",TRUE,""
"T2L_MD95_2011_d18o_pachyderma_SST_from_d18o_pachyderma","MD95_2011.Risebrobakken.2003","MarineSediment","d18O","temperature","degC",66.9697,7.6393,"T2L_MD95_2011_d18o_pachyderma_SST_from_d18o_pachyderma",TRUE,TRUE,TRUE,TRUE,"T2L_MD95_2011_d18o_pachyderma_SST_from_d18o_pachyderma",TRUE,""
"T2L_MD95_2011_d18o_pachyderma_d_SST_from_d18o_pachyderma_d","MD95_2011.Risebrobakken.2003","MarineSediment","d18O","temperature","degC",66.9697,7.6393,"T2L_MD95_2011_d18o_pachyderma_d_SST_from_d18o_pachyderma_d",TRUE,TRUE,TRUE,TRUE,"T2L_MD95_2011_d18o_pachyderma_d_SST_from_d18o_pachyderma_d",TRUE,""
"R4z8Co5Aghx","MD95_2011Assemblage.Risebrobakken.2003","MarineSediment","radiolaria","temperature","degC",66.9697,7.6393,"R4z8Co5Aghx",TRUE,TRUE,TRUE,TRUE,"R4z8Co5Aghx",TRUE,""
"RRd6osZyB8H","MD95_2011Assemblage.Risebrobakken.2003","MarineSediment","alkenone","temperature","degC",66.9697,7.6393,"RRd6osZyB8H",TRUE,TRUE,TRUE,TRUE,"RRd6osZyB8H",TRUE,""
"RRGNAojoZVh","MD95_2011Assemblage.Risebrobakken.2003","MarineSediment","foraminifera","temperature","degC",66.9697,7.6393,"RRGNAojoZVh",TRUE,TRUE,TRUE,TRUE,"RRGNAojoZVh",TRUE,""
"T2L_MD95_2015_uk37_SST_from_uk37","MD95_2015.Marchal.2002","MarineSediment","alkenone","temperature","degC",58.7623,-25.959,"T2L_MD95_2015_uk37_SST_from_uk37",TRUE,TRUE,TRUE,TRUE,"T2L_MD95_2015_uk37_SST_from_uk37",TRUE,""
"T2L_MD95_2043_d18o_bulloides_SST_from_d18o_bulloides","MD95_2043.Cacho.1999","MarineSediment","d18O","temperature","degC",36.1433,-2.6212,"T2L_MD95_2043_d18o_bulloides_SST_from_d18o_bulloides",TRUE,TRUE,TRUE,TRUE,"T2L_MD95_2043_d18o_bulloides_SST_from_d18o_bulloides",TRUE,""
"T2L_MD95_2043_uk37_SST_from_uk37","MD95_2043.Cacho.1999","MarineSediment","alkenone","temperature","degC",36.1433,-2.6212,"T2L_MD95_2043_uk37_SST_from_uk37",TRUE,TRUE,TRUE,TRUE,"T2L_MD95_2043_uk37_SST_from_uk37",TRUE,""
"T2L_MD95_2043_mgca_bulloides_SST_from_mgca_bulloides","MD95_2043.Cacho.1999","MarineSediment","Mg/Ca","temperature","degC",36.1433,-2.6212,"T2L_MD95_2043_mgca_bulloides_SST_from_mgca_bulloides",TRUE,TRUE,TRUE,TRUE,"T2L_MD95_2043_mgca_bulloides_SST_from_mgca_bulloides",TRUE,"length"
"T2L_MD97_2120_d18o_bulloides_SST_from_d18o_bulloides","MD97_2120.Pahnke.2006","MarineSediment","d18O","temperature","degC",-45.5344,174.9308,"T2L_MD97_2120_d18o_bulloides_SST_from_d18o_bulloides",TRUE,TRUE,TRUE,TRUE,"T2L_MD97_2120_d18o_bulloides_SST_from_d18o_bulloides",TRUE,""
"T2L_MD97_2120_mgca_bulloides_SST_from_mgca_bulloides","MD97_2120.Pahnke.2006","MarineSediment","Mg/Ca","temperature","degC",-45.5344,174.9308,"T2L_MD97_2120_mgca_bulloides_SST_from_mgca_bulloides",TRUE,TRUE,TRUE,TRUE,"T2L_MD97_2120_mgca_bulloides_SST_from_mgca_bulloides",TRUE,"resolution"
"T2L_MD97_2120_uk37_SST_from_uk37","MD97_2120.Pahnke.2006","MarineSediment","alkenone","temperature","degC",-45.5344,174.9308,"T2L_MD97_2120_uk37_SST_from_uk37",TRUE,TRUE,TRUE,TRUE,"T2L_MD97_2120_uk37_SST_from_uk37",TRUE,""
"T2L_MD97_2121_uk37_SST_from_uk37","MD97_2121.Pahnke.2006","MarineSediment","alkenone","temperature","degC",-40.38,177.99,"T2L_MD97_2121_uk37_SST_from_uk37",TRUE,TRUE,TRUE,TRUE,"T2L_MD97_2121_uk37_SST_from_uk37",TRUE,""
"T2L_MD97_2141_d18o_ruber_SST_from_d18o_ruber","MD97_2141.Rosenthal.2003","MarineSediment","d18O","temperature","degC",8.8,121.3,"T2L_MD97_2141_d18o_ruber_SST_from_d18o_ruber",TRUE,TRUE,TRUE,TRUE,"T2L_MD97_2141_d18o_ruber_SST_from_d18o_ruber",TRUE,""
"T2L_MD97_2141_mgca_ruber_SST_from_mgca_ruber","MD97_2141.Rosenthal.2003","MarineSediment","Mg/Ca","temperature","degC",8.8,121.3,"T2L_MD97_2141_mgca_ruber_SST_from_mgca_ruber",TRUE,TRUE,TRUE,TRUE,"T2L_MD97_2141_mgca_ruber_SST_from_mgca_ruber",TRUE,""
"T2L_MD97_2146_tex86_SST_from_tex86","MD97_2146.Shintani.2011","MarineSediment","GDGT","temperature","degC",20.117,117.384,"T2L_MD97_2146_tex86_SST_from_tex86",TRUE,TRUE,TRUE,TRUE,"T2L_MD97_2146_tex86_SST_from_tex86",TRUE,""
"T2L_MD97_2146_uk37_SST_from_uk37","MD97_2146.Shintani.2011","MarineSediment","alkenone","temperature","degC",20.117,117.384,"T2L_MD97_2146_uk37_SST_from_uk37",TRUE,TRUE,TRUE,TRUE,"T2L_MD97_2146_uk37_SST_from_uk37",TRUE,""
"T2L_MD97_2151_tex86_SST_from_tex86","MD97_2151.Yamamoto.2013","MarineSediment","GDGT","temperature","degC",8.728,109.869,"T2L_MD97_2151_tex86_SST_from_tex86",TRUE,TRUE,TRUE,TRUE,"T2L_MD97_2151_tex86_SST_from_tex86",TRUE,""
"T2L_MD97_2151_uk37_SST_from_uk37","MD97_2151.Yamamoto.2013","MarineSediment","alkenone","temperature","degC",8.728,109.869,"T2L_MD97_2151_uk37_SST_from_uk37",TRUE,TRUE,TRUE,TRUE,"T2L_MD97_2151_uk37_SST_from_uk37",TRUE,""
"T2L_MD98_2161_mgca_ruber_SST_from_mgca_ruber","MD98_2161.Fan.2018","MarineSediment","Mg/Ca","temperature","degC",-5.21,117.48,"T2L_MD98_2161_mgca_ruber_SST_from_mgca_ruber",TRUE,TRUE,TRUE,TRUE,"T2L_MD98_2161_mgca_ruber_SST_from_mgca_ruber",TRUE,""
"T2L_MD98_2161_d18o_ruber_SST_from_d18o_ruber","MD98_2161.Fan.2018","MarineSediment","d18O","temperature","degC",-5.21,117.48,"T2L_MD98_2161_d18o_ruber_SST_from_d18o_ruber",TRUE,TRUE,TRUE,TRUE,"T2L_MD98_2161_d18o_ruber_SST_from_d18o_ruber",TRUE,""
"T2L_MD98_2165_mgca_ruber_SST_from_mgca_ruber","MD98_2165.Levi.2007","MarineSediment","Mg/Ca","temperature","degC",-9.65,118.4,"T2L_MD98_2165_mgca_ruber_SST_from_mgca_ruber",TRUE,TRUE,TRUE,TRUE,"T2L_MD98_2165_mgca_ruber_SST_from_mgca_ruber",TRUE,""
"T2L_MD98_2176_d18o_ruber_SST_from_d18o_ruber","MD98_2176.Stott.2007","MarineSediment","d18O","temperature","degC",-5.0031,133.4447,"T2L_MD98_2176_d18o_ruber_SST_from_d18o_ruber",TRUE,TRUE,TRUE,TRUE,"T2L_MD98_2176_d18o_ruber_SST_from_d18o_ruber",TRUE,""
"T2L_MD98_2176_mgca_ruber_SST_from_mgca_ruber","MD98_2176.Stott.2007","MarineSediment","Mg/Ca","temperature","degC",-5.0031,133.4447,"T2L_MD98_2176_mgca_ruber_SST_from_mgca_ruber",TRUE,TRUE,TRUE,TRUE,"T2L_MD98_2176_mgca_ruber_SST_from_mgca_ruber",TRUE,""
"T2L_MD98_2178_mgca_ruber_SST_from_mgca_ruber","MD98_2178.Fan.2018","MarineSediment","Mg/Ca","temperature","degC",3.62,118.7,"T2L_MD98_2178_mgca_ruber_SST_from_mgca_ruber",TRUE,TRUE,TRUE,TRUE,"T2L_MD98_2178_mgca_ruber_SST_from_mgca_ruber",TRUE,""
"T2L_MD98_2178_d18o_ruber_SST_from_d18o_ruber","MD98_2178.Fan.2018","MarineSediment","d18O","temperature","degC",3.62,118.7,"T2L_MD98_2178_d18o_ruber_SST_from_d18o_ruber",TRUE,TRUE,TRUE,TRUE,"T2L_MD98_2178_d18o_ruber_SST_from_d18o_ruber",TRUE,""
"T2L_MD98_2181_d18o_ruber_SST_from_d18o_ruber","MD98_2181.Stott.2007","MarineSediment","d18O","temperature","degC",6.3,125.82,"T2L_MD98_2181_d18o_ruber_SST_from_d18o_ruber",TRUE,TRUE,TRUE,TRUE,"T2L_MD98_2181_d18o_ruber_SST_from_d18o_ruber",TRUE,""
"T2L_MD98_2181_mgca_ruber_SST_from_mgca_ruber","MD98_2181.Stott.2007","MarineSediment","Mg/Ca","temperature","degC",6.3,125.82,"T2L_MD98_2181_mgca_ruber_SST_from_mgca_ruber",TRUE,TRUE,TRUE,TRUE,"T2L_MD98_2181_mgca_ruber_SST_from_mgca_ruber",TRUE,""
"RVW8LmOBhyk","MD98_2188.Dang.2012","MarineSediment","Mg/Ca","temperature","degC",14.82,123.49,"RVW8LmOBhyk",TRUE,TRUE,TRUE,TRUE,"RVW8LmOBhyk",TRUE,""
"T2L_MD98_2195_uk37_SST_from_uk37","MD98_2195.Ijiri.2005","MarineSediment","alkenone","temperature","degC",31.6388,128.9438,"T2L_MD98_2195_uk37_SST_from_uk37",TRUE,TRUE,TRUE,TRUE,"T2L_MD98_2195_uk37_SST_from_uk37",TRUE,""
"T2L_MD98_2195_tex86_SST_from_tex86","MD98_2195.Ijiri.2005","MarineSediment","GDGT","temperature","degC",31.6388,128.9438,"T2L_MD98_2195_tex86_SST_from_tex86",TRUE,TRUE,TRUE,TRUE,"T2L_MD98_2195_tex86_SST_from_tex86",TRUE,"resolution"
"T2L_MD99_2251_mgca_bulloides_SST_from_mgca_bulloides","MD99_2251.Farmer.2008","MarineSediment","Mg/Ca","temperature","degC",57.4478,-27.9078,"T2L_MD99_2251_mgca_bulloides_SST_from_mgca_bulloides",TRUE,TRUE,TRUE,TRUE,"T2L_MD99_2251_mgca_bulloides_SST_from_mgca_bulloides",TRUE,""
"T2L_MD99_2269_uk37_SST_from_uk37","MD99_2269.Kristjnsd_ttir.2017","MarineSediment","alkenone","temperature","degC",66.6413,-20.8632,"T2L_MD99_2269_uk37_SST_from_uk37",TRUE,TRUE,TRUE,TRUE,"T2L_MD99_2269_uk37_SST_from_uk37",TRUE,""
"T2L_MD99_2269_mgca_pachyderma_SST_from_mgca_pachyderma","MD99_2269.Kristjnsd_ttir.2017","MarineSediment","Mg/Ca","temperature","degC",66.6413,-20.8632,"T2L_MD99_2269_mgca_pachyderma_SST_from_mgca_pachyderma",TRUE,TRUE,TRUE,TRUE,"T2L_MD99_2269_mgca_pachyderma_SST_from_mgca_pachyderma",TRUE,""
"T2L_MD99_2269_d18o_pachyderma_SST_from_d18o_pachyderma","MD99_2269.Kristjnsd_ttir.2017","MarineSediment","d18O","temperature","degC",66.6413,-20.8632,"T2L_MD99_2269_d18o_pachyderma_SST_from_d18o_pachyderma",TRUE,TRUE,TRUE,TRUE,"T2L_MD99_2269_d18o_pachyderma_SST_from_d18o_pachyderma",TRUE,""
"T2L_MD99_2339_d18o_bulloides_SST_from_d18o_bulloides","MD99_2339.Eynaud.2009","MarineSediment","d18O","temperature","degC",35.8855,-7.5278,"T2L_MD99_2339_d18o_bulloides_SST_from_d18o_bulloides",TRUE,TRUE,TRUE,TRUE,"T2L_MD99_2339_d18o_bulloides_SST_from_d18o_bulloides",TRUE,""
"T2L_MD99_2341_d18o_bulloides_SST_from_d18o_bulloides","MD99_2341.Eynaud.2009","MarineSediment","d18O","temperature","degC",36.3892,-7.0657,"T2L_MD99_2341_d18o_bulloides_SST_from_d18o_bulloides",TRUE,TRUE,TRUE,TRUE,"T2L_MD99_2341_d18o_bulloides_SST_from_d18o_bulloides",TRUE,""
"PYT0WZDHWV1","MD99-2227.deVernal.2013","MarineSediment","dinocyst","temperature","degC",58.2107,-48.373,"PYT0WZDHWV1",TRUE,TRUE,TRUE,TRUE,"PYT0WZDHWV1",TRUE,""
"PYTOD9Z2SMD","MD99-2227.deVernal.2013","MarineSediment","dinocyst","temperature","degC",58.2107,-48.373,"PYTOD9Z2SMD",TRUE,TRUE,TRUE,TRUE,"PYTOD9Z2SMD",TRUE,""
"LPD6e872195","MD99-2256.Jennings.2015","MarineSediment","foraminifera","temperature","degC",64.3032,-24.2067,"LPD6e872195",TRUE,TRUE,TRUE,TRUE,"LPD6e872195",TRUE,""
"LPD8d94d24a","MD99-2266.Moossen.2015","MarineSediment","alkenone","temperature","degC",66.2295,-23.2655,"LPD8d94d24a",TRUE,TRUE,TRUE,TRUE,"LPD8d94d24a",TRUE,""
"PYTRM8XIQ8J","MD99-2269.Justwan.2008","MarineSediment","diatom","temperature","degC",66.85,-20.85,"PYTRM8XIQ8J",TRUE,TRUE,TRUE,TRUE,"PYTRM8XIQ8J",TRUE,""
"PYTE06JD9X4","MD99-2284.Risebrobakken.2009","MarineSediment","foraminifera","temperature","degC",62.3667,0.9667,"PYTE06JD9X4",TRUE,TRUE,TRUE,TRUE,"PYTE06JD9X4",TRUE,""
"PYTMDYO5TUV","MD99-2322.Jennings.2011","MarineSediment","foraminifera","temperature","degC",67.1363,-30.8278,"PYTMDYO5TUV",TRUE,TRUE,TRUE,TRUE,"PYTMDYO5TUV",TRUE,""
"T2L_ME0005A_43JC_mgca_ruber_SST_from_mgca_ruber","ME0005A_43JC.Benway.2006","MarineSediment","Mg/Ca","temperature","degC",7.8558,-83.6083,"T2L_ME0005A_43JC_mgca_ruber_SST_from_mgca_ruber",TRUE,TRUE,TRUE,TRUE,"T2L_ME0005A_43JC_mgca_ruber_SST_from_mgca_ruber",TRUE,"chronology"
"T2L_ME0005A_43JC_uk37_SST_from_uk37","ME0005A_43JC.Benway.2006","MarineSediment","alkenone","temperature","degC",7.8558,-83.6083,"T2L_ME0005A_43JC_uk37_SST_from_uk37",TRUE,TRUE,TRUE,TRUE,"T2L_ME0005A_43JC_uk37_SST_from_uk37",TRUE,"length;resolution;chronology"
"T2L_ME0005A_43JC_d18o_ruber_SST_from_d18o_ruber","ME0005A_43JC.Benway.2006","MarineSediment","d18O","temperature","degC",7.8558,-83.6083,"T2L_ME0005A_43JC_d18o_ruber_SST_from_d18o_ruber",TRUE,TRUE,TRUE,TRUE,"T2L_ME0005A_43JC_d18o_ruber_SST_from_d18o_ruber",TRUE,"chronology"
"R7YTiLNN0tn","Medvedevskoe.Nazarova.2018","LakeSediment","chironomid","temperature","degC",60.5309,29.8992,"R7YTiLNN0tn",TRUE,TRUE,TRUE,TRUE,"R7YTiLNN0tn",TRUE,""
"RLlDtgL9a38","MeerfelderMaar.Litt.2009","LakeSediment","pollen","temperature","degC",50.1,6.75,"RLlDtgL9a38",TRUE,TRUE,TRUE,TRUE,"RLlDtgL9a38",TRUE,""
"Rp1oVLUaXiR","MeerfelderMaar.Litt.2009","LakeSediment","pollen","temperature","degC",50.1,6.75,"Rp1oVLUaXiR",TRUE,TRUE,TRUE,TRUE,"Rp1oVLUaXiR",TRUE,""
"Rfe0do1gMXq","MeerfelderMaar.Litt.2009","LakeSediment","pollen","temperatureComposite","degC",50.1,6.75,"Rfe0do1gMXq",TRUE,TRUE,TRUE,TRUE,"Rfe0do1gMXq",TRUE,""
"M2L4yie76w8P","Mendota.Winkler.1986","LakeSediment","pollen","temperature","degC",43.1,-89.42,"M2L4yie76w8P",TRUE,TRUE,TRUE,TRUE,"M2L4yie76w8P",TRUE,""
"M2Lx0vmbprjP","Mendota.Winkler.1986","LakeSediment","pollen","temperature","degC",43.1,-89.42,"M2Lx0vmbprjP",TRUE,TRUE,TRUE,TRUE,"M2Lx0vmbprjP",TRUE,""
"M2Lgco71n3sP","Mendota.Winkler.1986","LakeSediment","pollen","temperature","degC",43.1,-89.42,"M2Lgco71n3sP",TRUE,TRUE,TRUE,TRUE,"M2Lgco71n3sP",TRUE,""
"R11ObTSN9ck","Menez-Cam.VanZeist.1964","Peat","pollen","temperature","degC",48.25,-3.5,"R11ObTSN9ck",TRUE,TRUE,TRUE,TRUE,"R11ObTSN9ck",TRUE,""
"R83f1LHfRjQ","Menez-Cam.VanZeist.1964","Peat","pollen","temperatureComposite","degC",48.25,-3.5,"R83f1LHfRjQ",TRUE,TRUE,TRUE,TRUE,"R83f1LHfRjQ",TRUE,""
"RnKEaWsBwfI","Menez-Cam.VanZeist.1964","Peat","pollen","temperature","degC",48.25,-3.5,"RnKEaWsBwfI",TRUE,TRUE,TRUE,TRUE,"RnKEaWsBwfI",TRUE,""
"WEBa31332021","MiddenCluster1.Harbert.2018","Midden","macrofossils","temperature","degC",37.9049,-110.1304,"WEBa31332021",TRUE,TRUE,TRUE,TRUE,"WEBa31332021",TRUE,""
"WEBa31332022","MiddenCluster2.Harbert.2018","Midden","macrofossils","temperature","degC",36.3806,-115.1879,"WEBa31332022",TRUE,TRUE,TRUE,TRUE,"WEBa31332022",TRUE,""
"WEBa31332023","MiddenCluster3.Harbert.2018","Midden","macrofossils","temperature","degC",36.0589,-108.0819,"WEBa31332023",TRUE,TRUE,TRUE,TRUE,"WEBa31332023",TRUE,"length"
"WEBa31332024","MiddenCluster4.Harbert.2018","Midden","macrofossils","temperature","degC",43.6488,-112.7451,"WEBa31332024",TRUE,TRUE,TRUE,TRUE,"WEBa31332024",TRUE,"length"
"WEBa31332025","MiddenCluster5.Harbert.2018","Midden","macrofossils","temperature","degC",32.4659,-106.0203,"WEBa31332025",TRUE,TRUE,TRUE,TRUE,"WEBa31332025",TRUE,"length"
"WEBa31332026","MiddenCluster6.Harbert.2018","Midden","macrofossils","temperature","degC",32.4659,-106.0203,"WEBa31332026",TRUE,TRUE,TRUE,TRUE,"WEBa31332026",TRUE,""
"WEBa31332027","MiddenCluster7.Harbert.2018","Midden","macrofossils","temperature","degC",34.1548,-116.0048,"WEBa31332027",TRUE,TRUE,TRUE,TRUE,"WEBa31332027",TRUE,""
"WEBa31332028","MiddenCluster8.Harbert.2018","Midden","macrofossils","temperature","degC",32.3106,-109.0977,"WEBa31332028",TRUE,TRUE,TRUE,TRUE,"WEBa31332028",TRUE,"length"
"WEBa31332029","MiddenCluster9.Harbert.2018","Midden","macrofossils","temperature","degC",31.6387,-115.5548,"WEBa31332029",TRUE,TRUE,TRUE,TRUE,"WEBa31332029",TRUE,""
"RTdDwazy1bI","MilandreCave.Affolter.2019","Speleothem","dD","temperature","degC",47.49,7.02,"RTdDwazy1bI",TRUE,TRUE,TRUE,TRUE,"RTdDwazy1bI",TRUE,""
"GH250fcb25","MinnetonkaCave.Lundeen.2013","Speleothem","d18O","d18O","permil",42.088,-111.5187,"S2LRbOP1AVmCx1",TRUE,TRUE,TRUE,TRUE,"S2LRbOP1AVmCx1",TRUE,"length"
"Rl7stqgkRL4","MireSaviku.Sarv.1975","Peat","pollen","temperature","degC",58.4,27.23,"Rl7stqgkRL4",TRUE,TRUE,TRUE,TRUE,"Rl7stqgkRL4",TRUE,""
"Rjo3neVs3tA","MireSaviku.Sarv.1975","Peat","pollen","temperatureComposite","degC",58.4,27.23,"Rjo3neVs3tA",TRUE,TRUE,TRUE,TRUE,"Rjo3neVs3tA",TRUE,""
"RNpncVOKBxa","MireSaviku.Sarv.1975","Peat","pollen","temperature","degC",58.4,27.23,"RNpncVOKBxa",TRUE,TRUE,TRUE,TRUE,"RNpncVOKBxa",TRUE,""
"RwO7RKqNFpE","MittlereHellelen.Welten.1982","Peat","pollen","temperature","degC",46.28,7.84,"RwO7RKqNFpE",TRUE,TRUE,TRUE,TRUE,"RwO7RKqNFpE",TRUE,""
"R4ZD9cQexvE","MittlereHellelen.Welten.1982","Peat","pollen","temperatureComposite","degC",46.28,7.84,"R4ZD9cQexvE",TRUE,TRUE,TRUE,TRUE,"R4ZD9cQexvE",TRUE,""
"ReTuVryIGiI","MittlereHellelen.Welten.1982","Peat","pollen","temperature","degC",46.28,7.84,"ReTuVryIGiI",TRUE,TRUE,TRUE,TRUE,"ReTuVryIGiI",TRUE,""
"M2LwpcxxempP","MLake.Ritchie.1977","LakeSediment","pollen","temperature","degC",68.27,-133.47,"M2LwpcxxempP",TRUE,TRUE,TRUE,TRUE,"M2LwpcxxempP",TRUE,""
"M2Lbyxlfr07P","MLake.Ritchie.1977","LakeSediment","pollen","temperature","degC",68.27,-133.47,"M2Lbyxlfr07P",TRUE,TRUE,TRUE,TRUE,"M2Lbyxlfr07P",TRUE,""
"M2L1es9v20zP","MLake.Ritchie.1977","LakeSediment","pollen","temperature","degC",68.27,-133.47,"M2L1es9v20zP",TRUE,TRUE,TRUE,TRUE,"M2L1es9v20zP",TRUE,""
"WEB9af63008","Moanatuatua.Jara.2017","Peat","pollen","temperature","degC",-37.92,175.37,"WEB9af63008",TRUE,TRUE,TRUE,TRUE,"WEB9af63008",TRUE,""
"M2Ljua8y8v7P","Mohawk.Webb.1986","LakeSediment","pollen","temperature","degC",41.82,-73.29,"M2Ljua8y8v7P",TRUE,TRUE,TRUE,TRUE,"M2Ljua8y8v7P",TRUE,""
"M2Les9iz3udP","Mohawk.Webb.1986","LakeSediment","pollen","temperature","degC",41.82,-73.29,"M2Les9iz3udP",TRUE,TRUE,TRUE,TRUE,"M2Les9iz3udP",TRUE,""
"M2Ln2l8gcheP","Mohawk.Webb.1986","LakeSediment","pollen","temperature","degC",41.82,-73.29,"M2Ln2l8gcheP",TRUE,TRUE,TRUE,TRUE,"M2Ln2l8gcheP",TRUE,""
"M2Li4ocm337P","MonheganIslandMeadow.Bostwick.1978","LakeSediment","pollen","temperature","degC",43.77,-69.3,"M2Li4ocm337P",TRUE,TRUE,TRUE,TRUE,"M2Li4ocm337P",TRUE,""
"M2L8vysx7yvP","MonheganIslandMeadow.Bostwick.1978","LakeSediment","pollen","temperature","degC",43.77,-69.3,"M2L8vysx7yvP",TRUE,TRUE,TRUE,TRUE,"M2L8vysx7yvP",TRUE,""
"M2Ld2ou4usrP","MonheganIslandMeadow.Bostwick.1978","LakeSediment","pollen","temperature","degC",43.77,-69.3,"M2Ld2ou4usrP",TRUE,TRUE,TRUE,TRUE,"M2Ld2ou4usrP",TRUE,""
"M2LbakiygplP","Moon.Grimm.1996","LakeSediment","pollen","temperature","degC",46.86,-98.16,"M2LbakiygplP",TRUE,TRUE,TRUE,TRUE,"M2LbakiygplP",TRUE,""
"M2Lsys9r95jP","Moon.Grimm.1996","LakeSediment","pollen","temperature","degC",46.86,-98.16,"M2Lsys9r95jP",TRUE,TRUE,TRUE,TRUE,"M2Lsys9r95jP",TRUE,""
"M2L7p5fn09cP","Moon.Grimm.1996","LakeSediment","pollen","temperature","degC",46.86,-98.16,"M2L7p5fn09cP",TRUE,TRUE,TRUE,TRUE,"M2L7p5fn09cP",TRUE,""
"R1nNBObu5aA","MoorAlpenrose.Weirich.1980","Peat","pollen","temperature","degC",47,11.76,"R1nNBObu5aA",TRUE,TRUE,TRUE,TRUE,"R1nNBObu5aA",TRUE,""
"R80Zur79Zc7","MoorAlpenrose.Weirich.1980","Peat","pollen","temperatureComposite","degC",47,11.76,"R80Zur79Zc7",TRUE,TRUE,TRUE,TRUE,"R80Zur79Zc7",TRUE,""
"R7rauvFO4PX","MoorAlpenrose.Weirich.1980","Peat","pollen","temperature","degC",47,11.76,"R7rauvFO4PX",TRUE,TRUE,TRUE,TRUE,"R7rauvFO4PX",TRUE,""
"RKNgotlYkya","MoorimWeissenstadterForst.Hahne.1992","Peat","pollen","temperature","degC",50.14,11.88,"RKNgotlYkya",TRUE,TRUE,TRUE,TRUE,"RKNgotlYkya",TRUE,""
"RzyEckXGPZe","MoorimWeissenstadterForst.Hahne.1992","Peat","pollen","temperatureComposite","degC",50.14,11.88,"RzyEckXGPZe",TRUE,TRUE,TRUE,TRUE,"RzyEckXGPZe",TRUE,""
"RXVE87BcyHp","MoorimWeissenstadterForst.Hahne.1992","Peat","pollen","temperature","degC",50.14,11.88,"RXVE87BcyHp",TRUE,TRUE,TRUE,TRUE,"RXVE87BcyHp",TRUE,""
"RHLePxbL9rI","MooseLake.Clegg.2010","LakeSediment","chironomid","temperature","degC",61.3742,-143.5988,"RHLePxbL9rI",TRUE,TRUE,TRUE,TRUE,"RHLePxbL9rI",TRUE,""
"M2LwijmfkaeP","Moraine.Hansen.1985","LakeSediment","pollen","temperature","degC",52.27,-58.05,"M2LwijmfkaeP",TRUE,TRUE,TRUE,TRUE,"M2LwijmfkaeP",TRUE,""
"M2L5k49n7abP","Moraine.Hansen.1985","LakeSediment","pollen","temperature","degC",52.27,-58.05,"M2L5k49n7abP",TRUE,TRUE,TRUE,TRUE,"M2L5k49n7abP",TRUE,""
"M2Lthi33n58P","Moraine.Hansen.1985","LakeSediment","pollen","temperature","degC",52.27,-58.05,"M2Lthi33n58P",TRUE,TRUE,TRUE,TRUE,"M2Lthi33n58P",TRUE,""
"GH73726cce","MountHoney.McGlone.2010","Peat","pollen","temperature","degC",-52.5,169.1625,"GH73726cce",TRUE,TRUE,TRUE,TRUE,"GH73726cce",TRUE,""
"T2L_PC01_uk37_SST_from_uk37","MR003-K03-PC01.Harada.2004","MarineSediment","alkenone","temperature","degC",46.32,152.53,"T2L_PC01_uk37_SST_from_uk37",TRUE,TRUE,TRUE,TRUE,"T2L_PC01_uk37_SST_from_uk37",TRUE,""
"T2L_MSM05_5_712_2_mgca_pachyderma_SST_from_mgca_pachyderma","MSM05_5_712_2.Werner.2013","MarineSediment","Mg/Ca","temperature","degC",78.9157,6.7672,"T2L_MSM05_5_712_2_mgca_pachyderma_SST_from_mgca_pachyderma",TRUE,TRUE,TRUE,TRUE,"T2L_MSM05_5_712_2_mgca_pachyderma_SST_from_mgca_pachyderma",TRUE,""
"T2L_MSM05_5_712_2_d18o_pachyderma_SST_from_d18o_pachyderma","MSM05_5_712_2.Werner.2013","MarineSediment","d18O","temperature","degC",78.9157,6.7672,"T2L_MSM05_5_712_2_d18o_pachyderma_SST_from_d18o_pachyderma",TRUE,TRUE,TRUE,TRUE,"T2L_MSM05_5_712_2_d18o_pachyderma_SST_from_d18o_pachyderma",TRUE,""
"PYTLX9PMLVS","MSM05-712.Muller.2013","MarineSediment","dinocyst","temperature","degC",78.916,6.767,"PYTLX9PMLVS",TRUE,TRUE,TRUE,TRUE,"PYTLX9PMLVS",TRUE,""
"PYTS0ELQKO1","MSM05-712.Muller.2013","MarineSediment","dinocyst","temperature","degC",78.916,6.767,"PYTS0ELQKO1",TRUE,TRUE,TRUE,TRUE,"PYTS0ELQKO1",TRUE,""
"LPDa0c5bf8a","MSM055_712-2.Werner.2015","MarineSediment","foraminifera","temperature","degC",78.9157,6.7672,"LPDa0c5bf8a",TRUE,TRUE,TRUE,TRUE,"LPDa0c5bf8a",TRUE,""
"LPD95b2b1f9","MSM055_723-2.Werner.2015","MarineSediment","foraminifera","temperature","degC",79.161,5.3378,"LPD95b2b1f9",TRUE,TRUE,TRUE,TRUE,"LPD95b2b1f9",TRUE,""
"RBI7CBVMMvy","MSM343300.Ouellet-Bernier.2014","MarineSediment","dinocyst","temperature","degC",68.4719,-54.002,"RBI7CBVMMvy",TRUE,TRUE,TRUE,TRUE,"RBI7CBVMMvy",TRUE,""
"R0TCCue9rMw","MSM343300.Ouellet-Bernier.2014","MarineSediment","dinocyst","temperature","degC",68.4719,-54.002,"R0TCCue9rMw",TRUE,TRUE,TRUE,TRUE,"R0TCCue9rMw",TRUE,""
"R7NCYvaRppQ","MSM343300.Ouellet-Bernier.2014","MarineSediment","dinocyst","temperature","degC",68.4719,-54.002,"R7NCYvaRppQ",TRUE,TRUE,TRUE,TRUE,"R7NCYvaRppQ",TRUE,""
"T2L_MV1014_09MC_tex86_SST_from_tex86","MV1014_09MC.Hertzberg.2016","MarineSediment","GDGT","temperature","degC",-0.6938,-85.3333,"T2L_MV1014_09MC_tex86_SST_from_tex86",TRUE,TRUE,TRUE,TRUE,"T2L_MV1014_09MC_tex86_SST_from_tex86",TRUE,"chronology"
"T2L_MV1014_09MC_mgca_ruber_SST_from_mgca_ruber","MV1014_09MC.Hertzberg.2016","MarineSediment","Mg/Ca","temperature","degC",-0.6938,-85.3333,"T2L_MV1014_09MC_mgca_ruber_SST_from_mgca_ruber",TRUE,TRUE,TRUE,TRUE,"T2L_MV1014_09MC_mgca_ruber_SST_from_mgca_ruber",TRUE,"resolution;chronology"
"T2L_MV99_PC14_mgca_bulloides_SST_from_mgca_bulloides","MV99_PC14.Marchitto.2010","MarineSediment","Mg/Ca","temperature","degC",25.2012,-112.7167,"T2L_MV99_PC14_mgca_bulloides_SST_from_mgca_bulloides",TRUE,TRUE,TRUE,TRUE,"T2L_MV99_PC14_mgca_bulloides_SST_from_mgca_bulloides",TRUE,""
"M2Lhx2fpxbnP","Myrtle.Janssen.1968","LakeSediment","pollen","temperature","degC",47.98,-93.39,"M2Lhx2fpxbnP",TRUE,TRUE,TRUE,TRUE,"M2Lhx2fpxbnP",TRUE,""
"M2Lbxbdp2r2P","Myrtle.Janssen.1968","LakeSediment","pollen","temperature","degC",47.98,-93.39,"M2Lbxbdp2r2P",TRUE,TRUE,TRUE,TRUE,"M2Lbxbdp2r2P",TRUE,""
"M2Lryhea56aP","Myrtle.Janssen.1968","LakeSediment","pollen","temperature","degC",47.98,-93.39,"M2Lryhea56aP",TRUE,TRUE,TRUE,TRUE,"M2Lryhea56aP",TRUE,""
"PYTG8DTT9X6","Myrvatn.Seppa.2009","LakeSediment","pollen","temperature","degC",68.65,16.38,"PYTG8DTT9X6",TRUE,TRUE,TRUE,TRUE,"PYTG8DTT9X6",TRUE,""
"R4IqlneHg0B","NA87_22.Duplessy.1992","MarineSediment","foraminifera","temperature","degC",55.5,-14.5833,"R4IqlneHg0B",TRUE,TRUE,TRUE,TRUE,"R4IqlneHg0B",TRUE,""
"RUSsCExepnT","NA87_22.Duplessy.1992","MarineSediment","foraminifera","temperature","degC",55.5,-14.5833,"RUSsCExepnT",TRUE,TRUE,TRUE,TRUE,"RUSsCExepnT",TRUE,""
"RO0fn3HkrCf","NA87_22.Duplessy.1992","MarineSediment","foraminifera","temperatureComposite","degC",55.5,-14.5833,"RO0fn3HkrCf",TRUE,TRUE,TRUE,TRUE,"RO0fn3HkrCf",TRUE,""
"R2iEguO3VtJ","Nalengcuo.Opitz.2015","LakeSediment","pollen","temperature","degC",31.1,99.75,"R2iEguO3VtJ",TRUE,TRUE,TRUE,TRUE,"R2iEguO3VtJ",TRUE,""
"PYT6W4ZFN6N","Naujg1.Willemse.1999","LakeSediment","TOC","OM","percent",66.6667,-51.9667,"PYT6W4ZFN6N",TRUE,TRUE,TRUE,TRUE,"PYT6W4ZFN6N",TRUE,""
"PYTJ3JMX39H","Nautajarvi.Seppa.2009","LakeSediment","pollen","temperature","degC",61.8,24.7,"PYTJ3JMX39H",TRUE,TRUE,TRUE,TRUE,"PYTJ3JMX39H",TRUE,""
"M2Lk8innz60P","Nedlouc.Larouche.1981","LakeSediment","pollen","temperature","degC",57.65,-71.65,"M2Lk8innz60P",TRUE,TRUE,TRUE,TRUE,"M2Lk8innz60P",TRUE,""
"M2Ltt7xfunjP","Nedlouc.Larouche.1981","LakeSediment","pollen","temperature","degC",57.65,-71.65,"M2Ltt7xfunjP",TRUE,TRUE,TRUE,TRUE,"M2Ltt7xfunjP",TRUE,""
"M2Lks0hut9wP","Nedlouc.Larouche.1981","LakeSediment","pollen","temperature","degC",57.65,-71.65,"M2Lks0hut9wP",TRUE,TRUE,TRUE,TRUE,"M2Lks0hut9wP",TRUE,""
"IC95THHU02D","NevadoHuascaran.Thompson.1995","GlacierIce","d18O","d18O","permil",-9,-77.5,"IC95THHU02D",TRUE,TRUE,TRUE,TRUE,"IC95THHU02D",TRUE,""
"GH26a3a772","NGRIP.NGRIP.2004","GlacierIce","d18O","d18O","permil",75.1,-42.32,"GH26a3a772",TRUE,TRUE,TRUE,TRUE,"GH26a3a772",TRUE,""
"R7xfSla4XGC","Nikolay.Andreev.2004","LakeSediment","pollen","temperature","degC",73.3259,124.1933,"R7xfSla4XGC",TRUE,TRUE,TRUE,TRUE,"R7xfSla4XGC",TRUE,"resolution"
"RmF8m0ywgsv","NikolayLake.Andreev.2004","LakeSediment","chironomid","temperature","degC",73.33,124.2,"RmF8m0ywgsv",TRUE,TRUE,TRUE,TRUE,"RmF8m0ywgsv",TRUE,"resolution"
"T2L_NIOP_C2_905_PC_uk37_SST_from_uk37","NIOP_C2_905_PC.Huguet.2006","MarineSediment","alkenone","temperature","degC",10.7833,51.9333,"T2L_NIOP_C2_905_PC_uk37_SST_from_uk37",TRUE,TRUE,TRUE,TRUE,"T2L_NIOP_C2_905_PC_uk37_SST_from_uk37",TRUE,""
"T2L_NIOP_C2_905_PC_tex86_SST_from_tex86","NIOP_C2_905_PC.Huguet.2006","MarineSediment","GDGT","temperature","degC",10.7833,51.9333,"T2L_NIOP_C2_905_PC_tex86_SST_from_tex86",TRUE,TRUE,TRUE,TRUE,"T2L_NIOP_C2_905_PC_tex86_SST_from_tex86",TRUE,""
"PYTK055L6OA","Njakajaure.Bigler.2006","LakeSediment","diatom","temperature","degC",68.33,18.78,"PYTK055L6OA",TRUE,TRUE,TRUE,TRUE,"PYTK055L6OA",TRUE,""
"RmQKXILNmID","Njulla.Larocque.2004","LakeSediment","chironomid","temperature","degC",68.37,18.7,"PYT2ED9T23H",TRUE,TRUE,TRUE,TRUE,"PYT2ED9T23H",TRUE,""
"WEB571a8fc4","NorthCraterLake.Palmer.2002","LakeSediment","chironomid","temperature","degC",49.07,-120.02,"WEB571a8fc4",TRUE,TRUE,TRUE,TRUE,"WEB571a8fc4",TRUE,""
"WEB5e35a876","NorthGRIP.Gkinis.2014","GlacierIce","isotope diffusion","temperature","degC",75.1,-42.32,"WEB5e35a876",TRUE,TRUE,TRUE,TRUE,"WEB5e35a876",TRUE,""
"PYTRGDDL048","NorthLake.Axford.2013","LakeSediment","chironomid","temperatureComposite","degC",69.2417,-50.0267,"PYTRGDDL048",TRUE,TRUE,TRUE,TRUE,"PYTRGDDL048",TRUE,""
"M2Ly9ivg9w7P","NorthPond.Whitehead.1978","LakeSediment","pollen","temperature","degC",42.65,-73.05,"M2Ly9ivg9w7P",TRUE,TRUE,TRUE,TRUE,"M2Ly9ivg9w7P",TRUE,""
"M2L68iw0l2eP","NorthPond.Whitehead.1978","LakeSediment","pollen","temperature","degC",42.65,-73.05,"M2L68iw0l2eP",TRUE,TRUE,TRUE,TRUE,"M2L68iw0l2eP",TRUE,""
"M2Lfwuhv0pjP","NorthPond.Whitehead.1978","LakeSediment","pollen","temperature","degC",42.65,-73.05,"M2Lfwuhv0pjP",TRUE,TRUE,TRUE,TRUE,"M2Lfwuhv0pjP",TRUE,""
"RSehX4Oy8JF","NussbaumerSeen.Rsch.1995","LakeSediment","pollen","temperature","degC",47.62,8.82,"RSehX4Oy8JF",TRUE,TRUE,TRUE,TRUE,"RSehX4Oy8JF",TRUE,""
"RfS6nLBgBZ2","NussbaumerSeen.Rsch.1995","LakeSediment","pollen","temperatureComposite","degC",47.62,8.82,"RfS6nLBgBZ2",TRUE,TRUE,TRUE,TRUE,"RfS6nLBgBZ2",TRUE,""
"R72NWbIq18J","NussbaumerSeen.Rsch.1995","LakeSediment","pollen","temperature","degC",47.62,8.82,"R72NWbIq18J",TRUE,TRUE,TRUE,TRUE,"R72NWbIq18J",TRUE,""
"M2L1hwhpc1zP","Nutt.Bennett.1987","LakeSediment","pollen","temperature","degC",45.22,-79.45,"M2L1hwhpc1zP",TRUE,TRUE,TRUE,TRUE,"M2L1hwhpc1zP",TRUE,""
"M2L32ho1gq6P","Nutt.Bennett.1987","LakeSediment","pollen","temperature","degC",45.22,-79.45,"M2L32ho1gq6P",TRUE,TRUE,TRUE,TRUE,"M2L32ho1gq6P",TRUE,""
"M2LvnfrppdsP","Nutt.Bennett.1987","LakeSediment","pollen","temperature","degC",45.22,-79.45,"M2LvnfrppdsP",TRUE,TRUE,TRUE,TRUE,"M2LvnfrppdsP",TRUE,""
"T2L_OCE326_GGC26_d18o_pachyderma_SST_from_d18o_pachyderma","OCE326_GGC26.Keigwin.2005","MarineSediment","d18O","temperature","degC",43.4833,-54.8664,"T2L_OCE326_GGC26_d18o_pachyderma_SST_from_d18o_pachyderma",TRUE,TRUE,TRUE,TRUE,"T2L_OCE326_GGC26_d18o_pachyderma_SST_from_d18o_pachyderma",TRUE,""
"T2L_OCE326_GGC26_uk37_SST_from_uk37","OCE326_GGC26.Keigwin.2005","MarineSediment","alkenone","temperature","degC",43.4833,-54.8664,"T2L_OCE326_GGC26_uk37_SST_from_uk37",TRUE,TRUE,TRUE,TRUE,"T2L_OCE326_GGC26_uk37_SST_from_uk37",TRUE,""
"T2L_OCE326_GGC30_uk37_SST_from_uk37","OCE326_GGC30.Sachs.2007","MarineSediment","alkenone","temperature","degC",43.8853,-62.7953,"T2L_OCE326_GGC30_uk37_SST_from_uk37",TRUE,TRUE,TRUE,TRUE,"T2L_OCE326_GGC30_uk37_SST_from_uk37",TRUE,""
"T2L_ODP_165_999A_mgca_ruber_SST_from_mgca_ruber","ODP_165_999A.Schmidt.2004","MarineSediment","Mg/Ca","temperature","degC",12.744,-78.7393,"T2L_ODP_165_999A_mgca_ruber_SST_from_mgca_ruber",TRUE,TRUE,TRUE,TRUE,"T2L_ODP_165_999A_mgca_ruber_SST_from_mgca_ruber",TRUE,"length;resolution"
"T2L_ODP_165_999A_d18o_ruber_SST_from_d18o_ruber","ODP_165_999A.Schmidt.2004","MarineSediment","d18O","temperature","degC",12.744,-78.7393,"T2L_ODP_165_999A_d18o_ruber_SST_from_d18o_ruber",TRUE,TRUE,TRUE,TRUE,"T2L_ODP_165_999A_d18o_ruber_SST_from_d18o_ruber",TRUE,"length;resolution"
"T2L_ODP_167_1019C_uk37_SST_from_uk37","ODP_167_1019C.Barron.2003","MarineSediment","alkenone","temperature","degC",41.6829,-124.932,"T2L_ODP_167_1019C_uk37_SST_from_uk37",FALSE,FALSE,FALSE,FALSE,NA,FALSE,NA
"T2L_ODP_175_1078C_uk37_SST_from_uk37","ODP_175_1078C.Kim.2003","MarineSediment","alkenone","temperature","degC",-11.921,13.4,"T2L_ODP_175_1078C_uk37_SST_from_uk37",TRUE,TRUE,TRUE,TRUE,"T2L_ODP_175_1078C_uk37_SST_from_uk37",TRUE,""
"T2L_ODP_175_1084B_mgca_bulloides_SST_from_mgca_bulloides","ODP_175_1084B.Farmer.2005","MarineSediment","Mg/Ca","temperature","degC",-25.5139,13.0278,"T2L_ODP_175_1084B_mgca_bulloides_SST_from_mgca_bulloides",TRUE,TRUE,TRUE,TRUE,"T2L_ODP_175_1084B_mgca_bulloides_SST_from_mgca_bulloides",TRUE,""
"T2L_ODP_178_1098B_tex86_SST_from_tex86","ODP_178_1098B.Shevenell.2011","MarineSediment","GDGT","temperature","degC",-64.8619,-64.208,"T2L_ODP_178_1098B_tex86_SST_from_tex86",TRUE,TRUE,TRUE,TRUE,"T2L_ODP_178_1098B_tex86_SST_from_tex86",TRUE,""
"T2L_ODP162_984_mgca_pachyderma_d_SST_from_mgca_pachyderma_d","ODP162_984.Came.2007","MarineSediment","Mg/Ca","temperature","degC",61.4253,-24.0824,"T2L_ODP162_984_mgca_pachyderma_d_SST_from_mgca_pachyderma_d",TRUE,TRUE,TRUE,TRUE,"T2L_ODP162_984_mgca_pachyderma_d_SST_from_mgca_pachyderma_d",TRUE,""
"T2L_ODP162_984_d18o_pachyderma_d_SST_from_d18o_pachyderma_d","ODP162_984.Came.2007","MarineSediment","d18O","temperature","degC",61.4253,-24.0824,"T2L_ODP162_984_d18o_pachyderma_d_SST_from_d18o_pachyderma_d",TRUE,TRUE,TRUE,TRUE,"T2L_ODP162_984_d18o_pachyderma_d_SST_from_d18o_pachyderma_d",TRUE,""
"LPDb217bdbexxxx_SST_from_Uk37","ODP658C_UK37.Zhao.1995","MarineSediment","alkenone","SST_from_Uk37","degC",20.75,-18.58,"LPDb217bdbexxxx_SST_from_Uk37",TRUE,TRUE,TRUE,TRUE,"LPDb217bdbexxxx_SST_from_Uk37",TRUE,""
"LPD493f1394xxxx","ODP658C.deMenocal.1997","MarineSediment","foraminifera","temperature","degC",20.8,-18.6,"LPD493f1394xxxx",TRUE,TRUE,TRUE,TRUE,"LPD493f1394xxxx",TRUE,""
"RWhiKajgudD","Olive-backedLake.Self.2015","LakeSediment","chironomid","temperature","degC",56.2012,158.8582,"RWhiKajgudD",TRUE,TRUE,TRUE,TRUE,"RWhiKajgudD",TRUE,""
"RnejfefEp45","OltushLake.EPD","Peat","pollen","temperature","degC",51.7,23.96,"RnejfefEp45",TRUE,TRUE,TRUE,TRUE,"RnejfefEp45",TRUE,""
"R4Kh3OLslvX","OltushLake.EPD","Peat","pollen","temperatureComposite","degC",51.7,23.96,"R4Kh3OLslvX",TRUE,TRUE,TRUE,TRUE,"R4Kh3OLslvX",TRUE,""
"ROtgXZAO8P8","OltushLake.EPD","Peat","pollen","temperature","degC",51.7,23.96,"ROtgXZAO8P8",TRUE,TRUE,TRUE,TRUE,"ROtgXZAO8P8",TRUE,""
"GHe7662255","OregonCaves.Ersek.2012","Speleothem","d18O","d18O","permil",42.083,-123.416,"NAm_3870",TRUE,TRUE,TRUE,FALSE,"S2LRzhGg35X7Yw",TRUE,""
"Ri0KbJXweb6","Ospitale.Watson.1996","Peat","pollen","temperature","degC",44.16,10.78,"Ri0KbJXweb6",TRUE,TRUE,TRUE,TRUE,"Ri0KbJXweb6",TRUE,""
"R9nRxnnlMq9","Ospitale.Watson.1996","Peat","pollen","temperatureComposite","degC",44.16,10.78,"R9nRxnnlMq9",TRUE,TRUE,TRUE,TRUE,"R9nRxnnlMq9",TRUE,""
"RWuU6CCP1hM","Ospitale.Watson.1996","Peat","pollen","temperature","degC",44.16,10.78,"RWuU6CCP1hM",TRUE,TRUE,TRUE,TRUE,"RWuU6CCP1hM",TRUE,""
"RhaczESBPAy","Ostrowite.Milecka.2002","LakeSediment","pollen","temperature","degC",53.79,17.6,"RhaczESBPAy",TRUE,TRUE,TRUE,TRUE,"RhaczESBPAy",TRUE,""
"RGbAjislfPd","Ostrowite.Milecka.2002","LakeSediment","pollen","temperatureComposite","degC",53.79,17.6,"RGbAjislfPd",TRUE,TRUE,TRUE,TRUE,"RGbAjislfPd",TRUE,""
"RKQCjOZHPjy","Ostrowite.Milecka.2002","LakeSediment","pollen","temperature","degC",53.79,17.6,"RKQCjOZHPjy",TRUE,TRUE,TRUE,TRUE,"RKQCjOZHPjy",TRUE,""
"PYTMVGBLPHG_SST_from_d18O","P1003.Sejrup.2011","MarineSediment","d18O","temperature","degC",63.7622,5.2553,"PYTMVGBLPHG_SST_from_d18O",TRUE,TRUE,TRUE,TRUE,"PYTMVGBLPHG_SST_from_d18O",TRUE,""
"T2L_P178_15P_uk37_SST_from_uk37","P178_15P.Tierney.2016","MarineSediment","alkenone","temperature","degC",11.955,44.3,"T2L_P178_15P_uk37_SST_from_uk37",TRUE,TRUE,TRUE,TRUE,"T2L_P178_15P_uk37_SST_from_uk37",TRUE,""
"T2L_P178_15P_tex86_SST_from_tex86","P178_15P.Tierney.2016","MarineSediment","GDGT","temperature","degC",11.955,44.3,"T2L_P178_15P_tex86_SST_from_tex86",TRUE,TRUE,TRUE,TRUE,"T2L_P178_15P_tex86_SST_from_tex86",TRUE,""
"T2L_P178_15P_mgca_ruber_SST_from_mgca_ruber","P178_15P.Tierney.2016","MarineSediment","Mg/Ca","temperature","degC",11.955,44.3,"T2L_P178_15P_mgca_ruber_SST_from_mgca_ruber",TRUE,TRUE,TRUE,TRUE,"T2L_P178_15P_mgca_ruber_SST_from_mgca_ruber",TRUE,""
"T2L_P178_15P_d18o_ruber_SST_from_d18o_ruber","P178_15P.Tierney.2016","MarineSediment","d18O","temperature","degC",11.955,44.3,"T2L_P178_15P_d18o_ruber_SST_from_d18o_ruber",TRUE,TRUE,TRUE,TRUE,"T2L_P178_15P_d18o_ruber_SST_from_d18o_ruber",TRUE,""
"PYT40VBXBG5","P1B3.deVernal.2005","MarineSediment","dinocyst","temperature","degC",73.683,-162.66,"PYT40VBXBG5",TRUE,TRUE,TRUE,TRUE,"PYT40VBXBG5",TRUE,""
"PYTTTRD8PMK","P1B3.deVernal.2005","MarineSediment","dinocyst","temperatureComposite","degC",73.683,-162.66,"PYTTTRD8PMK",TRUE,TRUE,TRUE,TRUE,"PYTTTRD8PMK",TRUE,""
"RYWJxrYXOJA","PannelBridge.Waller.1993","Peat","pollen","temperature","degC",50.91,0.68,"RYWJxrYXOJA",TRUE,TRUE,TRUE,TRUE,"RYWJxrYXOJA",TRUE,""
"RzpuGYfIHLy","PannelBridge.Waller.1993","Peat","pollen","temperatureComposite","degC",50.91,0.68,"RzpuGYfIHLy",TRUE,TRUE,TRUE,TRUE,"RzpuGYfIHLy",TRUE,""
"RdglYaaJ04H","PannelBridge.Waller.1993","Peat","pollen","temperature","degC",50.91,0.68,"RdglYaaJ04H",TRUE,TRUE,TRUE,TRUE,"RdglYaaJ04H",TRUE,""
"M2L63wmizbwP","ParkPond1.Lynch.1998","LakeSediment","pollen","temperature","degC",43.47,-109.96,"M2L63wmizbwP",TRUE,TRUE,TRUE,TRUE,"M2L63wmizbwP",TRUE,""
"M2L8gmvex23P","ParkPond1.Lynch.1998","LakeSediment","pollen","temperature","degC",43.47,-109.96,"M2L8gmvex23P",TRUE,TRUE,TRUE,TRUE,"M2L8gmvex23P",TRUE,""
"M2Lubfra1b3P","ParkPond1.Lynch.1998","LakeSediment","pollen","temperature","degC",43.47,-109.96,"M2Lubfra1b3P",TRUE,TRUE,TRUE,TRUE,"M2Lubfra1b3P",TRUE,""
"GH47c8e274","PathLake.Neil.2014","LakeSediment","pollen","temperature","degC",43.87,-64.93,"GH47c8e274",TRUE,TRUE,TRUE,TRUE,"GH47c8e274",TRUE,""
"T2L_PC_1_d18o_ruber_SST_from_d18o_ruber","PC_1.Chang.2015","MarineSediment","d18O","temperature","degC",31.4583,128.4133,"T2L_PC_1_d18o_ruber_SST_from_d18o_ruber",TRUE,TRUE,TRUE,TRUE,"T2L_PC_1_d18o_ruber_SST_from_d18o_ruber",TRUE,""
"T2L_PC6_uk37_SST_from_uk37","PC6.Minoshima.2007","MarineSediment","alkenone","temperature","degC",40.4,143.5,"T2L_PC6_uk37_SST_from_uk37",TRUE,TRUE,TRUE,TRUE,"T2L_PC6_uk37_SST_from_uk37",TRUE,""
"RFnBSJqZOIU","PeatlandKlukva.Novenko.2015","Peat","pollen","temperatureComposite","degC",53.83,36.25,"RFnBSJqZOIU",TRUE,TRUE,TRUE,TRUE,"RFnBSJqZOIU",TRUE,""
"ROuKCaB3W1T","PechoraLake.Andren.2015","LakeSediment","chironomid","temperature","degC",59.2933,163.13,"ROuKCaB3W1T",TRUE,TRUE,TRUE,TRUE,"ROuKCaB3W1T",TRUE,""
"RRY0jogRrD7","Pella.Lim.2016","Midden","pollen","temperature","degC",-29.0011,19.135,"RRY0jogRrD7",TRUE,TRUE,TRUE,TRUE,"RRY0jogRrD7",TRUE,""
"PYTSIOJ5D6Y","Penny.Fisher.1998","GlacierIce","d18O","d18O","permil",67.25,-66.75,"PYTSIOJ5D6Y",TRUE,TRUE,TRUE,TRUE,"PYTSIOJ5D6Y",TRUE,""
"M2L9mmr6iaoP","PerchLake_Manitoba.Ritchie.NA","LakeSediment","pollen","temperature","degC",51.65,-100.9,"M2L9mmr6iaoP",TRUE,TRUE,TRUE,TRUE,"M2L9mmr6iaoP",TRUE,""
"M2L7mtaz9ziP","PerchLake_Manitoba.Ritchie.NA","LakeSediment","pollen","temperature","degC",51.65,-100.9,"M2L7mtaz9ziP",TRUE,TRUE,TRUE,TRUE,"M2L7mtaz9ziP",TRUE,""
"M2Lmx8lcp55P","PerchLake_Manitoba.Ritchie.NA","LakeSediment","pollen","temperature","degC",51.65,-100.9,"M2Lmx8lcp55P",TRUE,TRUE,TRUE,TRUE,"M2Lmx8lcp55P",TRUE,""
"M2Le3bson7zP","PerchLake_ON.Terasmae.1975","LakeSediment","pollen","temperature","degC",46.03,-77.34,"M2Le3bson7zP",TRUE,TRUE,TRUE,TRUE,"M2Le3bson7zP",TRUE,""
"M2Llhu7ub80P","PerchLake_ON.Terasmae.1975","LakeSediment","pollen","temperature","degC",46.03,-77.34,"M2Llhu7ub80P",TRUE,TRUE,TRUE,TRUE,"M2Llhu7ub80P",TRUE,""
"M2Lyi1ajruwP","PerchLake_ON.Terasmae.1975","LakeSediment","pollen","temperature","degC",46.03,-77.34,"M2Lyi1ajruwP",TRUE,TRUE,TRUE,TRUE,"M2Lyi1ajruwP",TRUE,""
"R47g8nheBej","Pingwang.Li.2018","Peat","pollen","temperature","degC",30.96,120.64,"R47g8nheBej",TRUE,TRUE,TRUE,TRUE,"R47g8nheBej",TRUE,""
"M2Lqezod5l2P","Pixie.Brown.2002","LakeSediment","pollen","temperature","degC",48.6,-124.2,"M2Lqezod5l2P",TRUE,TRUE,TRUE,TRUE,"M2Lqezod5l2P",TRUE,""
"M2L2g5c3hl4P","Pixie.Brown.2002","LakeSediment","pollen","temperature","degC",48.6,-124.2,"M2L2g5c3hl4P",TRUE,TRUE,TRUE,TRUE,"M2L2g5c3hl4P",TRUE,""
"M2Leha3eu5bP","Pixie.Brown.2002","LakeSediment","pollen","temperature","degC",48.6,-124.2,"M2Leha3eu5bP",TRUE,TRUE,TRUE,TRUE,"M2Leha3eu5bP",TRUE,""
"PYTWQAQ2RWC","PL-96.Voronina.2013","MarineSediment","dinocyst","temperature","degC",71.7363,42.6052,"PYTWQAQ2RWC",TRUE,TRUE,TRUE,TRUE,"PYTWQAQ2RWC",TRUE,""
"PYTE6TL93XT","PL-96.Voronina.2013","MarineSediment","dinocyst","temperatureComposite","degC",71.7363,42.6052,"PYTE6TL93XT",TRUE,TRUE,TRUE,TRUE,"PYTE6TL93XT",TRUE,""
"T2L_PL07_39PC_mgca_ruber_SST_from_mgca_ruber","PL07_39PC.Lea.2003","MarineSediment","Mg/Ca","temperature","degC",10.7,-65.9417,"T2L_PL07_39PC_mgca_ruber_SST_from_mgca_ruber",TRUE,TRUE,TRUE,TRUE,"T2L_PL07_39PC_mgca_ruber_SST_from_mgca_ruber",TRUE,""
"T2L_PL07_39PC_d18o_ruber_SST_from_d18o_ruber","PL07_39PC.Lea.2003","MarineSediment","d18O","temperature","degC",10.7,-65.9417,"T2L_PL07_39PC_d18o_ruber_SST_from_d18o_ruber",TRUE,TRUE,TRUE,TRUE,"T2L_PL07_39PC_d18o_ruber_SST_from_d18o_ruber",TRUE,""
"T2L_PL07_39PC_d18o_ruber_pink_SST_from_d18o_ruber_pink","PL07_39PC.Lea.2003","MarineSediment","d18O","temperature","degC",10.7,-65.9417,"T2L_PL07_39PC_d18o_ruber_pink_SST_from_d18o_ruber_pink",TRUE,TRUE,TRUE,TRUE,"T2L_PL07_39PC_d18o_ruber_pink_SST_from_d18o_ruber_pink",TRUE,""
"T2L_PL07_39PC_d18o_bulloides_SST_from_d18o_bulloides","PL07_39PC.Lea.2003","MarineSediment","d18O","temperature","degC",10.7,-65.9417,"T2L_PL07_39PC_d18o_bulloides_SST_from_d18o_bulloides",TRUE,TRUE,TRUE,TRUE,"T2L_PL07_39PC_d18o_bulloides_SST_from_d18o_bulloides",TRUE,""
"WEB2fbd7e47","PlateauRemote.MosleyThompson.1996","GlacierIce","d18O","d18O","permil",-84,43,"WEB2fbd7e47",TRUE,TRUE,TRUE,TRUE,"WEB2fbd7e47",TRUE,"length"
"RwUGHZyJRVj","PlatypusTarn.Rees.2010","LakeSediment","chironomid","temperature","degC",-42.6734,146.5868,"RwUGHZyJRVj",TRUE,TRUE,TRUE,TRUE,"RwUGHZyJRVj",TRUE,""
"M2L0c69vb39P","PogoniaBog.Cushing.1979","LakeSediment","pollen","temperature","degC",45.04,-93.63,"M2L0c69vb39P",TRUE,TRUE,TRUE,TRUE,"M2L0c69vb39P",TRUE,""
"M2Lckxe1xiaP","PogoniaBog.Cushing.1979","LakeSediment","pollen","temperature","degC",45.04,-93.63,"M2Lckxe1xiaP",TRUE,TRUE,TRUE,TRUE,"M2Lckxe1xiaP",TRUE,""
"M2L2pv1afjnP","PogoniaBog.Cushing.1979","LakeSediment","pollen","temperature","degC",45.04,-93.63,"M2L2pv1afjnP",TRUE,TRUE,TRUE,TRUE,"M2L2pv1afjnP",TRUE,""
"M2Lnoi13syzP","PointEscuminac.Warner.1991","LakeSediment","pollen","temperature","degC",47.08,-64.8,"M2Lnoi13syzP",TRUE,TRUE,TRUE,TRUE,"M2Lnoi13syzP",TRUE,""
"M2L0qv5k07fP","PointEscuminac.Warner.1991","LakeSediment","pollen","temperature","degC",47.08,-64.8,"M2L0qv5k07fP",TRUE,TRUE,TRUE,TRUE,"M2L0qv5k07fP",TRUE,""
"M2L55sfpyavP","PointEscuminac.Warner.1991","LakeSediment","pollen","temperature","degC",47.08,-64.8,"M2L55sfpyavP",TRUE,TRUE,TRUE,TRUE,"M2L55sfpyavP",TRUE,""
"M2Ljvt13d76P","PolandSpring.Jacobson.Ja","LakeSediment","pollen","temperature","degC",44.03,-70.35,"M2Ljvt13d76P",TRUE,TRUE,TRUE,TRUE,"M2Ljvt13d76P",TRUE,""
"M2L3g8r4sstP","PolandSpring.Jacobson.Ja","LakeSediment","pollen","temperature","degC",44.03,-70.35,"M2L3g8r4sstP",TRUE,TRUE,TRUE,TRUE,"M2L3g8r4sstP",TRUE,""
"M2Lhfe9p1b1P","PolandSpring.Jacobson.Ja","LakeSediment","pollen","temperature","degC",44.03,-70.35,"M2Lhfe9p1b1P",TRUE,TRUE,TRUE,TRUE,"M2Lhfe9p1b1P",TRUE,""
"WEB21765f70","PolevaCave.Constantin.2007","Speleothem","d18O","d18O","permil",44.7144,21.747,"WEB21765f70",TRUE,TRUE,TRUE,TRUE,"WEB21765f70",TRUE,""
"M2Lipgt0z5oP","Posy.Shafer.1989","LakeSediment","pollen","temperature","degC",37.94,-111.7,"M2Lipgt0z5oP",TRUE,TRUE,TRUE,TRUE,"M2Lipgt0z5oP",TRUE,""
"M2Lf5zj1b7vP","Posy.Shafer.1989","LakeSediment","pollen","temperature","degC",37.94,-111.7,"M2Lf5zj1b7vP",TRUE,TRUE,TRUE,TRUE,"M2Lf5zj1b7vP",TRUE,""
"M2Liaj596e6P","Posy.Shafer.1989","LakeSediment","pollen","temperature","degC",37.94,-111.7,"M2Liaj596e6P",TRUE,TRUE,TRUE,TRUE,"M2Liaj596e6P",TRUE,""
"RrJegNZeUh6","PotrokAike.Massaferro.2013","LakeSediment","chironomid","temperature","degC",-51.96,-70.38,"RrJegNZeUh6",TRUE,TRUE,TRUE,TRUE,"RrJegNZeUh6",TRUE,""
"LPD24407fc4","PP10-07.Mary.2016","MarineSediment","foraminifera","temperature","degC",43.677,-2.228,"LPD24407fc4",TRUE,TRUE,TRUE,TRUE,"LPD24407fc4",TRUE,""
"LPD3393775f","PP10-07.Mary.2016","MarineSediment","foraminifera","temperature","degC",43.677,-2.228,"LPD3393775f",TRUE,TRUE,TRUE,TRUE,"LPD3393775f",TRUE,""
"LPD3267fe5d","PP10-07.Mary.2016","MarineSediment","foraminifera","temperature","degC",43.677,-2.228,"LPD3267fe5d",TRUE,TRUE,TRUE,TRUE,"LPD3267fe5d",TRUE,""
"RTdfxL4kvaw","PrazRodet.Shotyk.1997","Peat","pollen","temperature","degC",46.57,6.17,"RTdfxL4kvaw",TRUE,TRUE,TRUE,TRUE,"RTdfxL4kvaw",TRUE,""
"RUMQl9vuJeH","PrazRodet.Shotyk.1997","Peat","pollen","temperatureComposite","degC",46.57,6.17,"RUMQl9vuJeH",TRUE,TRUE,TRUE,TRUE,"RUMQl9vuJeH",TRUE,""
"RuQKGEIDjoB","PrazRodet.Shotyk.1997","Peat","pollen","temperature","degC",46.57,6.17,"RuQKGEIDjoB",TRUE,TRUE,TRUE,TRUE,"RuQKGEIDjoB",TRUE,""
"PYT0IFU85C3","PSh-5159N.Risebrobakken.2011","MarineSediment","foraminifera","temperature","degC",71.35,22.6333,"PYT0IFU85C3",TRUE,TRUE,TRUE,TRUE,"PYT0IFU85C3",TRUE,""
"PYT5QHZ4RLO","PSh-5159N.Risebrobakken.2011","MarineSediment","alkenone","temperature","degC",71.35,22.6333,"PYT5QHZ4RLO",TRUE,TRUE,TRUE,TRUE,"PYT5QHZ4RLO",TRUE,""
"R4EA7xKol5Q","PTHE.Self.2015","LakeSediment","chironomid","temperature","degC",68.2033,92.1789,"R4EA7xKol5Q",TRUE,TRUE,TRUE,TRUE,"R4EA7xKol5Q",TRUE,"length"
"RvH2C2fgn19","PuertodeLosTornos.Penalba.1989","Peat","pollen","temperature","degC",43.15,-3.43,"RvH2C2fgn19",TRUE,TRUE,TRUE,TRUE,"RvH2C2fgn19",TRUE,""
"RH1ejnzYAyc","PuertodeLosTornos.Penalba.1989","Peat","pollen","temperatureComposite","degC",43.15,-3.43,"RH1ejnzYAyc",TRUE,TRUE,TRUE,TRUE,"RH1ejnzYAyc",TRUE,""
"RlmsfwNxebj","PuertodeLosTornos.Penalba.1989","Peat","pollen","temperature","degC",43.15,-3.43,"RlmsfwNxebj",TRUE,TRUE,TRUE,TRUE,"RlmsfwNxebj",TRUE,""
"RpbgDFH9OsU","PupukeChironomid.VandenBos.2018","LakeSediment","chironomid","temperature","degC",-36.7803,174.7662,"RpbgDFH9OsU",TRUE,TRUE,TRUE,TRUE,"RpbgDFH9OsU",TRUE,""
"ReEnzeIOExA","PupukeLake.vandenBos.2018","LakeSediment","pollen","temperature","degC",-36.78,174.77,"ReEnzeIOExA",TRUE,TRUE,TRUE,TRUE,"ReEnzeIOExA",TRUE,""
"RpbgDFH9OsU","PupukeLake.vandenBos.2018","LakeSediment","chironomid","temperature","degC",-36.78,174.77,"RpbgDFH9OsU",TRUE,TRUE,TRUE,TRUE,"RpbgDFH9OsU",TRUE,""
"ReEnzeIOExA","PupukePollen.VandenBos.2018","LakeSediment","pollen","temperature","degC",-36.78,174.77,"ReEnzeIOExA",TRUE,TRUE,TRUE,TRUE,"ReEnzeIOExA",TRUE,""
"RFp6BZOriow","PusciznaRekowianska.Obidowicz.1993","Peat","pollen","temperature","degC",49.48,19.82,"RFp6BZOriow",TRUE,TRUE,TRUE,TRUE,"RFp6BZOriow",TRUE,""
"RvmcU2wvWXo","PusciznaRekowianska.Obidowicz.1993","Peat","pollen","temperatureComposite","degC",49.48,19.82,"RvmcU2wvWXo",TRUE,TRUE,TRUE,TRUE,"RvmcU2wvWXo",TRUE,""
"RtFeO54Q5Zm","PusciznaRekowianska.Obidowicz.1993","Peat","pollen","temperature","degC",49.48,19.82,"RtFeO54Q5Zm",TRUE,TRUE,TRUE,TRUE,"RtFeO54Q5Zm",TRUE,""
"LPDbfac52bb","Qinghai.Hou.2016","LakeSediment","alkenone","temperature","degC",36.8112,100.137,"LPDbfac52bb",TRUE,TRUE,TRUE,TRUE,"LPDbfac52bb",TRUE,""
"PYTIYA2IC5S","Qipisarqo.Frechette.2009","LakeSediment","pollen","temperature","degC",61,-47.75,"PYTIYA2IC5S",TRUE,TRUE,TRUE,TRUE,"PYTIYA2IC5S",TRUE,""
"PYT66RBVNK6","Quartz.Wooller.2012","LakeSediment","chironomid","temperature","degC",64.206,-145.814,"PYT66RBVNK6",TRUE,TRUE,TRUE,TRUE,"PYT66RBVNK6",TRUE,""
"M2Lfut6kmdqP","Queens.Moser.1990","LakeSediment","pollen","temperature","degC",64.12,-110.57,"M2Lfut6kmdqP",TRUE,TRUE,TRUE,TRUE,"M2Lfut6kmdqP",TRUE,""
"M2LdjjxzkgtP","Queens.Moser.1990","LakeSediment","pollen","temperature","degC",64.12,-110.57,"M2LdjjxzkgtP",TRUE,TRUE,TRUE,TRUE,"M2LdjjxzkgtP",TRUE,""
"M2Lha822fsjP","Queens.Moser.1990","LakeSediment","pollen","temperature","degC",64.12,-110.57,"M2Lha822fsjP",TRUE,TRUE,TRUE,TRUE,"M2Lha822fsjP",TRUE,""
"M2Lk5f6jbluP","Radtke.Webb.1983","LakeSediment","pollen","temperature","degC",43.4,-88.1,"M2Lk5f6jbluP",TRUE,TRUE,TRUE,TRUE,"M2Lk5f6jbluP",TRUE,""
"M2Lq7umd2r5P","Radtke.Webb.1983","LakeSediment","pollen","temperature","degC",43.4,-88.1,"M2Lq7umd2r5P",TRUE,TRUE,TRUE,TRUE,"M2Lq7umd2r5P",TRUE,""
"M2Lbp57wnhkP","Radtke.Webb.1983","LakeSediment","pollen","temperature","degC",43.4,-88.1,"M2Lbp57wnhkP",TRUE,TRUE,TRUE,TRUE,"M2Lbp57wnhkP",TRUE,""
"PYTD73YMWR3","Raigastvere.Seppa.2004","LakeSediment","pollen","temperature","degC",58.58,26.65,"PYTD73YMWR3",TRUE,TRUE,TRUE,TRUE,"PYTD73YMWR3",TRUE,""
"RjCNrwgxKC6","RaigastvereLake.Pirrus.1987","LakeSediment","pollen","temperature","degC",58.6,26.67,"RjCNrwgxKC6",TRUE,TRUE,TRUE,TRUE,"RjCNrwgxKC6",TRUE,""
"RdbNEBCu3Ry","RaigastvereLake.Pirrus.1987","LakeSediment","pollen","temperatureComposite","degC",58.6,26.67,"RdbNEBCu3Ry",TRUE,TRUE,TRUE,TRUE,"RdbNEBCu3Ry",TRUE,""
"RjbcVRxqZO8","RaigastvereLake.Pirrus.1987","LakeSediment","pollen","temperature","degC",58.6,26.67,"RjbcVRxqZO8",TRUE,TRUE,TRUE,TRUE,"RjbcVRxqZO8",TRUE,""
"PYTZOBOLJRG","rainbow.Clegg.2011","LakeSediment","chironomid","temperature","degC",60.7167,-150.8,"PYTZOBOLJRG",TRUE,TRUE,TRUE,TRUE,"PYTZOBOLJRG",TRUE,""
"PYT909ZJ7SN","Ranger.Brubaker.1983","LakeSediment","pollen","temperature","degC",67.15,-153.65,"PYT909ZJ7SN",TRUE,TRUE,TRUE,TRUE,"PYT909ZJ7SN",TRUE,""
"PYTW8HHSCX2","Ranger.Brubaker.1983","LakeSediment","pollen","temperature","degC",67.15,-153.65,"PYTW8HHSCX2",TRUE,TRUE,TRUE,TRUE,"PYTW8HHSCX2",TRUE,""
"T2L_RAPiD_12_1K_mgca_bulloides_SST_from_mgca_bulloides","RAPiD_12_1K.Thornalley.2010","MarineSediment","Mg/Ca","temperature","degC",62.0905,-17.8197,"T2L_RAPiD_12_1K_mgca_bulloides_SST_from_mgca_bulloides",TRUE,TRUE,TRUE,TRUE,"T2L_RAPiD_12_1K_mgca_bulloides_SST_from_mgca_bulloides",TRUE,""
"T2L_RAPiD_12_1K_d18o_bulloides_SST_from_d18o_bulloides","RAPiD_12_1K.Thornalley.2010","MarineSediment","d18O","temperature","degC",62.0905,-17.8197,"T2L_RAPiD_12_1K_d18o_bulloides_SST_from_d18o_bulloides",TRUE,TRUE,TRUE,TRUE,"T2L_RAPiD_12_1K_d18o_bulloides_SST_from_d18o_bulloides",TRUE,""
"M2LnhwqahwwP","Rapid.Fall.1994","LakeSediment","pollen","temperature","degC",42.73,-109.19,"M2LnhwqahwwP",TRUE,TRUE,TRUE,TRUE,"M2LnhwqahwwP",TRUE,""
"M2Li3rwsbjdP","Rapid.Fall.1994","LakeSediment","pollen","temperature","degC",42.73,-109.19,"M2Li3rwsbjdP",TRUE,TRUE,TRUE,TRUE,"M2Li3rwsbjdP",TRUE,""
"M2L6aaquiz9P","Rapid.Fall.1994","LakeSediment","pollen","temperature","degC",42.73,-109.19,"M2L6aaquiz9P",TRUE,TRUE,TRUE,TRUE,"M2L6aaquiz9P",TRUE,""
"PYTM75R3NFI","Ratasjoen.Velle.2005","LakeSediment","chironomid","temperature","degC",62.27,9.83,"PYTM75R3NFI",TRUE,TRUE,TRUE,TRUE,"PYTM75R3NFI",TRUE,""
"WEBd5f320fe","RC12-10.Poore.2003","MarineSediment","foraminifera","temperature","degC",23,-95.53,"WEBd5f320fe",TRUE,TRUE,TRUE,TRUE,"WEBd5f320fe",TRUE,""
"T2L_RC24_08GC_mgca_ruber_SST_from_mgca_ruber","RC24_08GC.Arbuszewski.2013","MarineSediment","Mg/Ca","temperature","degC",-1.3366,-11.9,"T2L_RC24_08GC_mgca_ruber_SST_from_mgca_ruber",TRUE,TRUE,TRUE,TRUE,"T2L_RC24_08GC_mgca_ruber_SST_from_mgca_ruber",TRUE,"resolution"
"T2L_RC24_08GC_d18o_ruber_SST_from_d18o_ruber","RC24_08GC.Arbuszewski.2013","MarineSediment","d18O","temperature","degC",-1.3366,-11.9,"T2L_RC24_08GC_d18o_ruber_SST_from_d18o_ruber",TRUE,TRUE,TRUE,TRUE,"T2L_RC24_08GC_d18o_ruber_SST_from_d18o_ruber",TRUE,"resolution"
"T2L_RC27_23_d18o_bulloides_SST_from_d18o_bulloides","RC27_23.Overpeck.1996","MarineSediment","d18O","temperature","degC",17.993,57.59,"T2L_RC27_23_d18o_bulloides_SST_from_d18o_bulloides",TRUE,TRUE,TRUE,TRUE,"T2L_RC27_23_d18o_bulloides_SST_from_d18o_bulloides",TRUE,""
"T2L_RC27_28_d18o_bulloides_SST_from_d18o_bulloides","RC27_28.Overpeck.1996","MarineSediment","d18O","temperature","degC",17.903,57.59,"T2L_RC27_28_d18o_bulloides_SST_from_d18o_bulloides",TRUE,TRUE,TRUE,TRUE,"T2L_RC27_28_d18o_bulloides_SST_from_d18o_bulloides",TRUE,""
"M2L4xdcrrehP","RedRock.Maher.1972","LakeSediment","pollen","temperature","degC",40.08,-105.54,"M2L4xdcrrehP",TRUE,TRUE,TRUE,TRUE,"M2L4xdcrrehP",TRUE,""
"M2Lv9vzhhk5P","RedRock.Maher.1972","LakeSediment","pollen","temperature","degC",40.08,-105.54,"M2Lv9vzhhk5P",TRUE,TRUE,TRUE,TRUE,"M2Lv9vzhhk5P",TRUE,""
"M2Lj3ejix02P","RedRock.Maher.1972","LakeSediment","pollen","temperature","degC",40.08,-105.54,"M2Lj3ejix02P",TRUE,TRUE,TRUE,TRUE,"M2Lj3ejix02P",TRUE,""
"PYTLC5FYZTA","Reiarsdalvatnet.Seppa.2009","LakeSediment","pollen","temperature","degC",58.32,7.78,"PYTLC5FYZTA",TRUE,TRUE,TRUE,TRUE,"PYTLC5FYZTA",TRUE,""
"M2Lf0be4nu8P","Reidel.Almquist-Jacobson.1992","LakeSediment","pollen","temperature","degC",46.21,-95.28,"M2Lf0be4nu8P",TRUE,TRUE,TRUE,TRUE,"M2Lf0be4nu8P",TRUE,""
"M2Lgdk78ontP","Reidel.Almquist-Jacobson.1992","LakeSediment","pollen","temperature","degC",46.21,-95.28,"M2Lgdk78ontP",TRUE,TRUE,TRUE,TRUE,"M2Lgdk78ontP",TRUE,""
"M2Lgneiy358P","Reidel.Almquist-Jacobson.1992","LakeSediment","pollen","temperature","degC",46.21,-95.28,"M2Lgneiy358P",TRUE,TRUE,TRUE,TRUE,"M2Lgneiy358P",TRUE,""
"PYTUAENTJO2","Renland.Johnsen.1992","GlacierIce","d18O","d18O","permil",71.3,-26.7,"PYTUAENTJO2",TRUE,TRUE,TRUE,TRUE,"PYTUAENTJO2",TRUE,""
"M2Lj2a34shzP","RiviereFeuilles2.Larouche.1981","LakeSediment","pollen","temperature","degC",58.22,-71.95,"M2Lj2a34shzP",TRUE,TRUE,TRUE,TRUE,"M2Lj2a34shzP",TRUE,"length"
"M2Lr8ym3fooP","RiviereFeuilles2.Larouche.1981","LakeSediment","pollen","temperature","degC",58.22,-71.95,"M2Lr8ym3fooP",TRUE,TRUE,TRUE,TRUE,"M2Lr8ym3fooP",TRUE,"length"
"M2Lwxwvqju6P","RiviereFeuilles2.Larouche.1981","LakeSediment","pollen","temperature","degC",58.22,-71.95,"M2Lwxwvqju6P",TRUE,TRUE,TRUE,TRUE,"M2Lwxwvqju6P",TRUE,"length"
"RrXL5yQhooZ_SST_from_Mg0x2FCa","RR1313_23PC.MoffaSanchez.2019","MarineSediment","Mg/Ca","temperature","degC",-4.4939,145.6703,"RrXL5yQhooZ_SST_from_Mg0x2FCa",TRUE,TRUE,TRUE,TRUE,"RrXL5yQhooZ_SST_from_Mg0x2FCa",TRUE,""
"PYTH254O9NJ","Ruila.Seppa.2004","LakeSediment","pollen","temperature","degC",59.17,24.43,"PYTH254O9NJ",TRUE,TRUE,TRUE,TRUE,"PYTH254O9NJ",TRUE,""
"RV8BFRs2TZQ","Rukatunturi.Hicks.1985","Peat","pollen","temperature","degC",66.17,29.15,"RV8BFRs2TZQ",TRUE,TRUE,TRUE,TRUE,"RV8BFRs2TZQ",TRUE,"length"
"Rk9wmJSBiX2","Rukatunturi.Hicks.1985","Peat","pollen","temperatureComposite","degC",66.17,29.15,"Rk9wmJSBiX2",TRUE,TRUE,TRUE,TRUE,"Rk9wmJSBiX2",TRUE,"length"
"RleHZuEebhb","Rukatunturi.Hicks.1985","Peat","pollen","temperature","degC",66.17,29.15,"RleHZuEebhb",TRUE,TRUE,TRUE,TRUE,"RleHZuEebhb",TRUE,"length"
"PYTJ6FGBAO9","s53s52.KaislahtiTillman.2010","Peat","d13C","temperature","degC",59.8917,-104.2083,"PYTJ6FGBAO9",TRUE,TRUE,TRUE,TRUE,"PYTJ6FGBAO9",TRUE,""
"GH401cbc9d","SacredLake.Loomis.2012","LakeSediment","GDGT","temperature","degC",0.08,37.53,"GH401cbc9d",TRUE,TRUE,TRUE,TRUE,"GH401cbc9d",TRUE,""
"R4kI6sToaCE","Saegistalsee.Wick.2003","LakeSediment","pollen","temperature","degC",46.68,7.98,"R4kI6sToaCE",TRUE,TRUE,TRUE,TRUE,"R4kI6sToaCE",TRUE,""
"R3Snc0P3mi3","Saegistalsee.Wick.2003","LakeSediment","pollen","temperatureComposite","degC",46.68,7.98,"R3Snc0P3mi3",TRUE,TRUE,TRUE,TRUE,"R3Snc0P3mi3",TRUE,""
"RqEIGInULco","Saegistalsee.Wick.2003","LakeSediment","pollen","temperature","degC",46.68,7.98,"RqEIGInULco",TRUE,TRUE,TRUE,TRUE,"RqEIGInULco",TRUE,""
"R4kI6sToaCE","SaegistalseePollen.Wick.2003","LakeSediment","pollen","temperature","degC",46.68,7.98,"R4kI6sToaCE",TRUE,TRUE,TRUE,TRUE,"R4kI6sToaCE",TRUE,""
"R3Snc0P3mi3","SaegistalseePollen.Wick.2003","LakeSediment","pollen","temperatureComposite","degC",46.68,7.98,"R3Snc0P3mi3",TRUE,TRUE,TRUE,TRUE,"R3Snc0P3mi3",TRUE,""
"RqEIGInULco","SaegistalseePollen.Wick.2003","LakeSediment","pollen","temperature","degC",46.68,7.98,"RqEIGInULco",TRUE,TRUE,TRUE,TRUE,"RqEIGInULco",TRUE,""
"WEB3a8703e6","SaharaSandWetland.Rao.2019","Peat","d13C","d13C","permil",48.1204,88.3573,"WEB3a8703e6",TRUE,TRUE,TRUE,TRUE,"WEB3a8703e6",TRUE,""
"M2L6jjg500gP","Saint-JeanOrleans.Richard.1981","LakeSediment","pollen","temperature","degC",46.93,-70.93,"M2L6jjg500gP",TRUE,TRUE,TRUE,TRUE,"M2L6jjg500gP",TRUE,""
"M2Lemd7g470P","Saint-JeanOrleans.Richard.1981","LakeSediment","pollen","temperature","degC",46.93,-70.93,"M2Lemd7g470P",TRUE,TRUE,TRUE,TRUE,"M2Lemd7g470P",TRUE,""
"M2LyqddixcyP","Saint-JeanOrleans.Richard.1981","LakeSediment","pollen","temperature","degC",46.93,-70.93,"M2LyqddixcyP",TRUE,TRUE,TRUE,TRUE,"M2LyqddixcyP",TRUE,""
"M2Ltt67sy8bP","SaintCalixte.Larouche.NA","LakeSediment","pollen","temperature","degC",45.96,-73.87,"M2Ltt67sy8bP",TRUE,TRUE,TRUE,TRUE,"M2Ltt67sy8bP",TRUE,""
"M2LsdjhmhltP","SaintCalixte.Larouche.NA","LakeSediment","pollen","temperature","degC",45.96,-73.87,"M2LsdjhmhltP",TRUE,TRUE,TRUE,TRUE,"M2LsdjhmhltP",TRUE,""
"M2Luwan852aP","SaintCalixte.Larouche.NA","LakeSediment","pollen","temperature","degC",45.96,-73.87,"M2Luwan852aP",TRUE,TRUE,TRUE,TRUE,"M2Luwan852aP",TRUE,""
"RvBCUo47OXO","SaintThomas.Voeltzel.1987","Peat","pollen","temperature","degC",47.27,-1.75,"RvBCUo47OXO",TRUE,TRUE,TRUE,TRUE,"RvBCUo47OXO",TRUE,""
"RxUtcuAADeo","SaintThomas.Voeltzel.1987","Peat","pollen","temperatureComposite","degC",47.27,-1.75,"RxUtcuAADeo",TRUE,TRUE,TRUE,TRUE,"RxUtcuAADeo",TRUE,""
"R6hvF3KYsDS","SaintThomas.Voeltzel.1987","Peat","pollen","temperature","degC",47.27,-1.75,"R6hvF3KYsDS",TRUE,TRUE,TRUE,TRUE,"R6hvF3KYsDS",TRUE,""
"RzBLHVIWGFZ","SaintViaudContin.Bernard.1996","Peat","pollen","temperature","degC",47.27,-2.02,"RzBLHVIWGFZ",TRUE,TRUE,TRUE,TRUE,"RzBLHVIWGFZ",TRUE,""
"R4rQaKneurq","SaintViaudContin.Bernard.1996","Peat","pollen","temperatureComposite","degC",47.27,-2.02,"R4rQaKneurq",TRUE,TRUE,TRUE,TRUE,"R4rQaKneurq",TRUE,""
"R2Lt2HhYud5","SaintViaudContin.Bernard.1996","Peat","pollen","temperature","degC",47.27,-2.02,"R2Lt2HhYud5",TRUE,TRUE,TRUE,TRUE,"R2Lt2HhYud5",TRUE,""
"RusYkZhjLAA","SaladaPequena.EPD","LakeSediment","pollen","temperature","degC",41.03,-0.22,"RusYkZhjLAA",TRUE,TRUE,TRUE,TRUE,"RusYkZhjLAA",TRUE,""
"RK3DipzaeJ8","SaladaPequena.EPD","LakeSediment","pollen","temperatureComposite","degC",41.03,-0.22,"RK3DipzaeJ8",TRUE,TRUE,TRUE,TRUE,"RK3DipzaeJ8",TRUE,""
"RVLw41g4PZ3","SaladaPequena.EPD","LakeSediment","pollen","temperature","degC",41.03,-0.22,"RVLw41g4PZ3",TRUE,TRUE,TRUE,TRUE,"RVLw41g4PZ3",TRUE,""
"RhcdDYg86PD","SchwarzseeobSoelden.Ilyashuk.2011","LakeSediment","chironomid","temperature","degC",46.97,10.95,"RhcdDYg86PD",TRUE,TRUE,TRUE,TRUE,"RhcdDYg86PD",TRUE,""
"RrSSENwU17n","SchwarzseeReschenscheideck.Welten.1982","LakeSediment","pollen","temperature","degC",46.87,10.48,"RrSSENwU17n",TRUE,TRUE,TRUE,TRUE,"RrSSENwU17n",TRUE,"resolution"
"RJ7e97qSKPK","SchwarzseeReschenscheideck.Welten.1982","LakeSediment","pollen","temperatureComposite","degC",46.87,10.48,"RJ7e97qSKPK",TRUE,TRUE,TRUE,TRUE,"RJ7e97qSKPK",TRUE,"resolution"
"Rjf3He8jPwh","SchwarzseeReschenscheideck.Welten.1982","LakeSediment","pollen","temperature","degC",46.87,10.48,"Rjf3He8jPwh",TRUE,TRUE,TRUE,TRUE,"Rjf3He8jPwh",TRUE,"resolution"
"R70zKk7ZGum","ScreamingLynxLake.Clegg.2011","LakeSediment","chironomid","temperature","degC",66.0667,-145.4,"R70zKk7ZGum",TRUE,TRUE,TRUE,TRUE,"R70zKk7ZGum",TRUE,""
"Rv85dcUllsQ","SecretLake.Lasher.2017","LakeSediment","d18O","temperature","degC",76.58,-68.66,"Rv85dcUllsQ",TRUE,TRUE,TRUE,TRUE,"Rv85dcUllsQ",TRUE,""
"PYTXQZAZD6M","Sfl4-1.Willemse.1999","LakeSediment","TOC","OM","percent",67.0833,-50.2833,"PYTXQZAZD6M",TRUE,TRUE,TRUE,TRUE,"PYTXQZAZD6M",TRUE,""
"WEBe35a67a8","Sharkey.Shuman.2016","LakeSediment","pollen","temperature","degC",44.59,-93.41,"WEBe35a67a8",TRUE,TRUE,TRUE,TRUE,"WEBe35a67a8",TRUE,""
"WEBfb9ada34","Sharkey.Shuman.2016","LakeSediment","pollen","temperature","degC",44.59,-93.41,"WEBfb9ada34",TRUE,TRUE,TRUE,TRUE,"WEBfb9ada34",TRUE,""
"WEB81ce5808","Sharkey.Shuman.2016","LakeSediment","pollen","temperature","degC",44.59,-93.41,"WEB81ce5808",TRUE,TRUE,TRUE,TRUE,"WEB81ce5808",TRUE,""
"LPD575ea390","SihailongwanMaar.Stebich.2015","LakeSediment","pollen","temperature","degC",42.28,126.6,"LPD575ea390",TRUE,TRUE,TRUE,TRUE,"LPD575ea390",TRUE,""
"WEBe15adc6e","SipleDomeA.Das.2008","GlacierIce","melt layer","meltLayerFrequency","frequency/1000yrs",-81.65,-148.82,"WEBe15adc6e",TRUE,TRUE,TRUE,TRUE,"WEBe15adc6e",TRUE,""
"M2LtzimrmumP","Sixteen.Futyma.1986","LakeSediment","pollen","temperature","degC",45.6,-84.32,"M2LtzimrmumP",TRUE,TRUE,TRUE,TRUE,"M2LtzimrmumP",TRUE,""
"M2L86od0qqfP","Sixteen.Futyma.1986","LakeSediment","pollen","temperature","degC",45.6,-84.32,"M2L86od0qqfP",TRUE,TRUE,TRUE,TRUE,"M2L86od0qqfP",TRUE,""
"M2L2xbh2w6zP","Sixteen.Futyma.1986","LakeSediment","pollen","temperature","degC",45.6,-84.32,"M2L2xbh2w6zP",TRUE,TRUE,TRUE,TRUE,"M2L2xbh2w6zP",TRUE,""
"PYTTYZNWOYL","sjuuodjijaure.Rosen.2001","LakeSediment","pollen","temperature","degC",67.37,18.07,"PYTTYZNWOYL",TRUE,TRUE,TRUE,TRUE,"PYTTYZNWOYL",TRUE,""
"PYTN99W834C","sjuuodjijaure.Rosen.2001","LakeSediment","chironomid","temperature","degC",67.37,18.07,"PYTN99W834C",TRUE,TRUE,TRUE,TRUE,"PYTN99W834C",TRUE,""
"PYT4HOSEYKO","sjuuodjijaure.Rosen.2001","LakeSediment","diatom","temperature","degC",67.37,18.07,"PYT4HOSEYKO",TRUE,TRUE,TRUE,TRUE,"PYT4HOSEYKO",TRUE,""
"T2L_SK237_GC04_mgca_ruber_SST_from_mgca_ruber","SK237_GC04.Saraswat.2013","MarineSediment","Mg/Ca","temperature","degC",10.9775,74.9993,"T2L_SK237_GC04_mgca_ruber_SST_from_mgca_ruber",TRUE,TRUE,TRUE,TRUE,"T2L_SK237_GC04_mgca_ruber_SST_from_mgca_ruber",TRUE,""
"T2L_SK237_GC04_d18o_ruber_SST_from_d18o_ruber","SK237_GC04.Saraswat.2013","MarineSediment","d18O","temperature","degC",10.9775,74.9993,"T2L_SK237_GC04_d18o_ruber_SST_from_d18o_ruber",TRUE,TRUE,TRUE,TRUE,"T2L_SK237_GC04_d18o_ruber_SST_from_d18o_ruber",TRUE,""
"RMVQTZ65X71","Skrzetuszewskie.Litt.2001","LakeSediment","pollen","temperature","degC",52.55,17.36,"RMVQTZ65X71",TRUE,TRUE,TRUE,TRUE,"RMVQTZ65X71",TRUE,""
"RYLGNrM0mIK","Skrzetuszewskie.Litt.2001","LakeSediment","pollen","temperatureComposite","degC",52.55,17.36,"RYLGNrM0mIK",TRUE,TRUE,TRUE,TRUE,"RYLGNrM0mIK",TRUE,""
"RUtYCcZRwZB","Skrzetuszewskie.Litt.2001","LakeSediment","pollen","temperature","degC",52.55,17.36,"RUtYCcZRwZB",TRUE,TRUE,TRUE,TRUE,"RUtYCcZRwZB",TRUE,""
"RjJwyWX7Ask","Sluggan.Smith.1991","Peat","pollen","temperature","degC",54.78,-6.26,"RjJwyWX7Ask",TRUE,TRUE,TRUE,TRUE,"RjJwyWX7Ask",TRUE,""
"RNsd247y3UK","Sluggan.Smith.1991","Peat","pollen","temperatureComposite","degC",54.78,-6.26,"RNsd247y3UK",TRUE,TRUE,TRUE,TRUE,"RNsd247y3UK",TRUE,""
"RexZkuuXg1A","Sluggan.Smith.1991","Peat","pollen","temperature","degC",54.78,-6.26,"RexZkuuXg1A",TRUE,TRUE,TRUE,TRUE,"RexZkuuXg1A",TRUE,""
"LPD5f9ad71d_SST_from_Mg0x2FCa","SN-6.Tiwari.2015","MarineSediment","Mg/Ca","temperature","degC",12.486,74.133,"LPD5f9ad71d_SST_from_Mg0x2FCa",TRUE,TRUE,TRUE,TRUE,"LPD5f9ad71d_SST_from_Mg0x2FCa",TRUE,""
"T2L_SO136_GC11_uk37_SST_from_uk37","SO136_GC11.Barrows.2007","MarineSediment","alkenone","temperature","degC",-43.44,167.8507,"T2L_SO136_GC11_uk37_SST_from_uk37",TRUE,TRUE,TRUE,TRUE,"T2L_SO136_GC11_uk37_SST_from_uk37",TRUE,""
"T2L_SO189_039KL_mgca_ruber_SST_from_mgca_ruber","SO189_039KL.Mohtadi.2014","MarineSediment","Mg/Ca","temperature","degC",-0.79,99.9085,"T2L_SO189_039KL_mgca_ruber_SST_from_mgca_ruber",TRUE,TRUE,TRUE,TRUE,"T2L_SO189_039KL_mgca_ruber_SST_from_mgca_ruber",TRUE,""
"T2L_SO189_039KL_d18o_ruber_SST_from_d18o_ruber","SO189_039KL.Mohtadi.2014","MarineSediment","d18O","temperature","degC",-0.79,99.9085,"T2L_SO189_039KL_d18o_ruber_SST_from_d18o_ruber",TRUE,TRUE,TRUE,TRUE,"T2L_SO189_039KL_d18o_ruber_SST_from_d18o_ruber",TRUE,""
"T2L_SO189_119KL_mgca_ruber_SST_from_mgca_ruber","SO189_119KL.Mohtadi.2014","MarineSediment","Mg/Ca","temperature","degC",3.5167,96.3167,"T2L_SO189_119KL_mgca_ruber_SST_from_mgca_ruber",TRUE,TRUE,TRUE,TRUE,"T2L_SO189_119KL_mgca_ruber_SST_from_mgca_ruber",TRUE,""
"T2L_SO189_119KL_d18o_ruber_SST_from_d18o_ruber","SO189_119KL.Mohtadi.2014","MarineSediment","d18O","temperature","degC",3.5167,96.3167,"T2L_SO189_119KL_d18o_ruber_SST_from_d18o_ruber",TRUE,TRUE,TRUE,TRUE,"T2L_SO189_119KL_d18o_ruber_SST_from_d18o_ruber",TRUE,""
"T2L_SO189_144KL_d18o_ruber_SST_from_d18o_ruber","SO189_144KL.Mohtadi.2014","MarineSediment","d18O","temperature","degC",1.155,98.066,"T2L_SO189_144KL_d18o_ruber_SST_from_d18o_ruber",TRUE,TRUE,TRUE,TRUE,"T2L_SO189_144KL_d18o_ruber_SST_from_d18o_ruber",TRUE,""
"T2L_SO42_74KL_tex86_SST_from_tex86","SO42_74KL.Huguet.2006","MarineSediment","GDGT","temperature","degC",14.321,57.347,"T2L_SO42_74KL_tex86_SST_from_tex86",TRUE,TRUE,TRUE,TRUE,"T2L_SO42_74KL_tex86_SST_from_tex86",TRUE,""
"T2L_SO42_74KL_uk37_SST_from_uk37","SO42_74KL.Huguet.2006","MarineSediment","alkenone","temperature","degC",14.321,57.347,"T2L_SO42_74KL_uk37_SST_from_uk37",TRUE,TRUE,TRUE,TRUE,"T2L_SO42_74KL_uk37_SST_from_uk37",TRUE,""
"T2L_SO42_74KL_d18o_ruber_SST_from_d18o_ruber","SO42_74KL.Huguet.2006","MarineSediment","d18O","temperature","degC",14.321,57.347,"T2L_SO42_74KL_d18o_ruber_SST_from_d18o_ruber",TRUE,TRUE,TRUE,TRUE,"T2L_SO42_74KL_d18o_ruber_SST_from_d18o_ruber",TRUE,""
"Rm6U0TeZKat","SO42_74KL.Huguet.2006","MarineSediment","foraminifera","temperature","degC",14.321,57.347,"Rm6U0TeZKat",TRUE,TRUE,TRUE,TRUE,"Rm6U0TeZKat",TRUE,""
"Rq6GES99dEo","SO42_74KL.Huguet.2006","MarineSediment","foraminifera","temperature","degC",14.321,57.347,"Rq6GES99dEo",TRUE,TRUE,TRUE,TRUE,"Rq6GES99dEo",TRUE,""
"RRDZgNq0gYv","SO42_74KL.Huguet.2006","MarineSediment","foraminifera","temperature","degC",14.321,57.347,"RRDZgNq0gYv",TRUE,TRUE,TRUE,TRUE,"RRDZgNq0gYv",TRUE,""
"RfOqYf6ktxg","SO90_56KA.Doose-Rolinski.2001","MarineSediment","alkenone","temperature","degC",24.833,65.916,"RfOqYf6ktxg",TRUE,TRUE,TRUE,TRUE,"RfOqYf6ktxg",TRUE,""
"T2L_SO90_63KA_d18o_ruber_SST_from_d18o_ruber","SO90_63KA.Staubwasser.2003","MarineSediment","d18O","temperature","degC",24.61,65.982,"T2L_SO90_63KA_d18o_ruber_SST_from_d18o_ruber",TRUE,TRUE,TRUE,TRUE,"T2L_SO90_63KA_d18o_ruber_SST_from_d18o_ruber",TRUE,""
"R3mfDzogKdd","Sokli.Shala.2017","LakeSediment","chironomid","temperature","degC",67.81,29.28,"R3mfDzogKdd",TRUE,TRUE,TRUE,TRUE,"R3mfDzogKdd",TRUE,""
"RZPRigavTYR","SouthAfricanRainfallZone.Chevalier.2015","Peat","pollen","temperature","degC",-27.2415,28.5447,"RZPRigavTYR",TRUE,TRUE,TRUE,TRUE,"RZPRigavTYR",TRUE,""
"LPDbf7cf949","SouthernCalifornia.Ohlwein.2012","Peat","pollen","temperature","degC",33.7689,-116.66,"LPDbf7cf949",TRUE,TRUE,TRUE,TRUE,"LPDbf7cf949",TRUE,""
"GH7a27907e","SouthIsland.Williams.2005","Speleothem","d18O","d180_corrc","permil",-42,172,"GH7a27907e",TRUE,TRUE,TRUE,TRUE,"GH7a27907e",TRUE,""
"PYTBSFC6CTW","Soylegrotta.Lauritzen.1999","Speleothem","d18O","temperature","degC",66.62,13.68,"PYTBSFC6CTW",TRUE,TRUE,TRUE,TRUE,"PYTBSFC6CTW",TRUE,""
"PYTRVU3SGRP","SP02.Adams.2010","LakeSediment","TOC","OM","percent",68.55,-83.29,"PYTRVU3SGRP",TRUE,TRUE,TRUE,TRUE,"PYTRVU3SGRP",TRUE,""
"PYTE4BGWG4T","Spaime.Hammarlund.2004","LakeSediment","chironomid","temperature","degC",63.12,12.32,"PYTE4BGWG4T",TRUE,TRUE,TRUE,TRUE,"PYTE4BGWG4T",TRUE,""
"LPD74b7663d","Spannagel.Fohlmeister.2012","Speleothem","d18O","d18O","permil",47.1167,11.6667,"LPD74b7663d",TRUE,TRUE,TRUE,TRUE,"LPD74b7663d",TRUE,""
"WEB5c1c47dd","SprucePond.Shuman.2016","LakeSediment","pollen","temperature","degC",41.24,-74.2,"WEB5c1c47dd",TRUE,TRUE,TRUE,TRUE,"WEB5c1c47dd",TRUE,""
"WEBfc26d017","SprucePond.Shuman.2016","LakeSediment","pollen","temperature","degC",41.24,-74.2,"WEBfc26d017",TRUE,TRUE,TRUE,TRUE,"WEBfc26d017",TRUE,""
"WEB7576b2ac","SprucePond.Shuman.2016","LakeSediment","pollen","temperature","degC",41.24,-74.2,"WEB7576b2ac",TRUE,TRUE,TRUE,TRUE,"WEB7576b2ac",TRUE,""
"T2L_SSDP_102_uk37_SST_from_uk37","SSDP_102.Kim.2004","MarineSediment","alkenone","temperature","degC",34.953,128.881,"T2L_SSDP_102_uk37_SST_from_uk37",TRUE,TRUE,TRUE,TRUE,"T2L_SSDP_102_uk37_SST_from_uk37",TRUE,""
"RAftFZHtDFF","StaroselskyMoch.Novenko.2018","Peat","pollen","temperatureComposite","degC",56.58,32.92,"RAftFZHtDFF",TRUE,TRUE,TRUE,TRUE,"RAftFZHtDFF",TRUE,""
"PYTK1DNFLN5","Starvatn.Andresen.2008","LakeSediment","BSi","BSi","percent",62.05,-6.59,"PYTK1DNFLN5",TRUE,TRUE,TRUE,TRUE,"PYTK1DNFLN5",TRUE,""
"WEB1da17ab5","Station803.Bringue.2012","MarineSediment","dinocyst","temperature","degC",70.6328,-135.8803,"WEB1da17ab5",TRUE,TRUE,TRUE,TRUE,"WEB1da17ab5",TRUE,""
"RdMYb0NYnMr","Stazersee.Heiri.2015","LakeSediment","chironomid","temperature","degC",46.4962,9.8689,"RdMYb0NYnMr",TRUE,TRUE,TRUE,TRUE,"RdMYb0NYnMr",TRUE,""
"WEBc195beb6","Steel.Shuman.2016","LakeSediment","pollen","temperature","degC",46.97,-94.68,"WEBc195beb6",TRUE,TRUE,TRUE,TRUE,"WEBc195beb6",TRUE,""
"WEB78de109e","Steel.Shuman.2016","LakeSediment","pollen","temperature","degC",46.97,-94.68,"WEB78de109e",TRUE,TRUE,TRUE,TRUE,"WEB78de109e",TRUE,""
"WEB9789c890","Steel.Shuman.2016","LakeSediment","pollen","temperature","degC",46.97,-94.68,"WEB9789c890",TRUE,TRUE,TRUE,TRUE,"WEB9789c890",TRUE,""
"Ru90Iq5Epgy","StellaLake.Reinemann.2009","LakeSediment","chironomid","temperature","degC",39.005,-114.32,"Ru90Iq5Epgy",TRUE,TRUE,TRUE,TRUE,"Ru90Iq5Epgy",TRUE,""
"RykWIZX4YJn","Straldzhamire.Tonkov.2009","Peat","pollen","temperature","degC",42.63,26.77,"RykWIZX4YJn",TRUE,TRUE,TRUE,TRUE,"RykWIZX4YJn",TRUE,""
"RRIojtgUFtZ","Straldzhamire.Tonkov.2009","Peat","pollen","temperatureComposite","degC",42.63,26.77,"RRIojtgUFtZ",TRUE,TRUE,TRUE,TRUE,"RRIojtgUFtZ",TRUE,""
"ROXRKk6OjOr","Straldzhamire.Tonkov.2009","Peat","pollen","temperature","degC",42.63,26.77,"ROXRKk6OjOr",TRUE,TRUE,TRUE,TRUE,"ROXRKk6OjOr",TRUE,""
"T2L_SU81_18_uk37_SST_from_uk37","SU81_18.Bard.2000","MarineSediment","alkenone","temperature","degC",37.767,-10.183,"T2L_SU81_18_uk37_SST_from_uk37",TRUE,TRUE,TRUE,TRUE,"T2L_SU81_18_uk37_SST_from_uk37",TRUE,""
"RnKIwwjevU5","SudobleLake.Elovicheva.1985","LakeSediment","pollen","temperature","degC",54.03,28.1,"RnKIwwjevU5",TRUE,TRUE,TRUE,TRUE,"RnKIwwjevU5",TRUE,""
"RKnJTIhDMzv","SudobleLake.Elovicheva.1985","LakeSediment","pollen","temperatureComposite","degC",54.03,28.1,"RKnJTIhDMzv",TRUE,TRUE,TRUE,TRUE,"RKnJTIhDMzv",TRUE,""
"Ra2Ym2ZQjLK","SudobleLake.Elovicheva.1985","LakeSediment","pollen","temperature","degC",54.03,28.1,"Ra2Ym2ZQjLK",TRUE,TRUE,TRUE,TRUE,"Ra2Ym2ZQjLK",TRUE,""
"WEB08ae101c","Sutherland.Shuman.2016","LakeSediment","pollen","temperature","degC",41.39,-74.2,"WEB08ae101c",TRUE,TRUE,TRUE,TRUE,"WEB08ae101c",TRUE,""
"WEBd9eb828a","Sutherland.Shuman.2016","LakeSediment","pollen","temperature","degC",41.39,-74.2,"WEBd9eb828a",TRUE,TRUE,TRUE,TRUE,"WEBd9eb828a",TRUE,""
"WEBdfc3b3d1","Sutherland.Shuman.2016","LakeSediment","pollen","temperature","degC",41.39,-74.2,"WEBdfc3b3d1",TRUE,TRUE,TRUE,TRUE,"WEBdfc3b3d1",TRUE,""
"T2L_SV04_uk37_SST_from_uk37","SV04.Rigual-Hernndez.2017","MarineSediment","alkenone","temperature","degC",74.957,13.899,"T2L_SV04_uk37_SST_from_uk37",TRUE,TRUE,TRUE,TRUE,"T2L_SV04_uk37_SST_from_uk37",TRUE,""
"PYTC5120NTS","Svanavatnet.Bjune.2008","LakeSediment","pollen","temperature","degC",66.44,14.05,"PYTC5120NTS",TRUE,TRUE,TRUE,TRUE,"PYTC5120NTS",TRUE,""
"WEBd214eb25","Svanavatnet.Bjune.2008","LakeSediment","pollen","temperature","degC",66.44,14.05,"WEBd214eb25",TRUE,TRUE,TRUE,TRUE,"WEBd214eb25",TRUE,""
"RKGBoyglpjK","Svanavatnet.Bjune.2008","LakeSediment","pollen","temperatureComposite","degC",66.44,14.05,"RKGBoyglpjK",TRUE,TRUE,TRUE,TRUE,"RKGBoyglpjK",TRUE,""
"PYTF0TCBDSN","Svartvatnet-Norway.Seppa.2009","LakeSediment","pollen","temperature","degC",63.35,9.55,"PYTF0TCBDSN",TRUE,TRUE,TRUE,TRUE,"PYTF0TCBDSN",TRUE,""
"ROLIF2bYUKe","Svartvatnet-Svalbard.Luoto.2018","LakeSediment","chironomid","temperature","degC",76.895,15.676,"ROLIF2bYUKe",TRUE,TRUE,TRUE,TRUE,"ROLIF2bYUKe",TRUE,""
"RLL7sC7ToiR","SwienskuhleDAHIII.Behre.1986","Peat","pollen","temperature","degC",53.67,8.73,"RLL7sC7ToiR",TRUE,TRUE,TRUE,TRUE,"RLL7sC7ToiR",TRUE,""
"RLvTOvCOiO1","SwienskuhleDAHIII.Behre.1986","Peat","pollen","temperatureComposite","degC",53.67,8.73,"RLvTOvCOiO1",TRUE,TRUE,TRUE,TRUE,"RLvTOvCOiO1",TRUE,""
"RIp3Z76QSZU","SwienskuhleDAHIII.Behre.1986","Peat","pollen","temperature","degC",53.67,8.73,"RIp3Z76QSZU",TRUE,TRUE,TRUE,TRUE,"RIp3Z76QSZU",TRUE,""
"RJScjIOuD1N","SwietokrzyskieLake.Makohonienko.1991","LakeSediment","pollen","temperature","degC",52.54,17.6,"RJScjIOuD1N",TRUE,TRUE,TRUE,TRUE,"RJScjIOuD1N",TRUE,""
"RbBDRBGatdB","SwietokrzyskieLake.Makohonienko.1991","LakeSediment","pollen","temperatureComposite","degC",52.54,17.6,"RbBDRBGatdB",TRUE,TRUE,TRUE,TRUE,"RbBDRBGatdB",TRUE,""
"RSl6G5DrD4D","SwietokrzyskieLake.Makohonienko.1991","LakeSediment","pollen","temperature","degC",52.54,17.6,"RSl6G5DrD4D",TRUE,TRUE,TRUE,TRUE,"RSl6G5DrD4D",TRUE,""
"RC2B0mY8ADP","Szymbark.Szczepanek.1989","Peat","pollen","temperature","degC",49.63,21.1,"RC2B0mY8ADP",TRUE,TRUE,TRUE,TRUE,"RC2B0mY8ADP",TRUE,""
"RPFV4gD5Gp5","Szymbark.Szczepanek.1989","Peat","pollen","temperatureComposite","degC",49.63,21.1,"RPFV4gD5Gp5",TRUE,TRUE,TRUE,TRUE,"RPFV4gD5Gp5",TRUE,""
"RQiWIUs15zk","Szymbark.Szczepanek.1989","Peat","pollen","temperature","degC",49.63,21.1,"RQiWIUs15zk",TRUE,TRUE,TRUE,TRUE,"RQiWIUs15zk",TRUE,""
"Rzr1TEfhyeB","TALDICE.Mezgec.2017","GlacierIce","d18O","d18O","permil",-72.82,159.18,"Rzr1TEfhyeB",TRUE,TRUE,TRUE,TRUE,"Rzr1TEfhyeB",TRUE,""
"R1QDGHIH68w","TalkinTarn.Langdon.2004","LakeSediment","chironomid","temperature","degC",54.92,-2.71,"R1QDGHIH68w",TRUE,TRUE,TRUE,TRUE,"R1QDGHIH68w",TRUE,""
"NAm2kHydro255","TanaLake.Loomis.2015","LakeSediment","GDGT","temperature","degC",12,37.3,"NAm2kHydro255",TRUE,TRUE,TRUE,TRUE,"NAm2kHydro255",TRUE,""
"WEB2f42be14","Tanganyika.Tierney.2008","LakeSediment","GDGT","temperature","degC",-6.72,29.83,"WEB2f42be14",TRUE,TRUE,TRUE,TRUE,"WEB2f42be14",TRUE,""
"WEBb9f39481","TangledUpLake.Anderson.2001","LakeSediment","d18O","d18O","permil",67.6667,-149.075,"WEBb9f39481",TRUE,TRUE,TRUE,TRUE,"WEBb9f39481",TRUE,""
"R3adlKbahdz","Tarnowiec.Harmata.1987","Peat","pollen","temperature","degC",49.7,21.62,"R3adlKbahdz",TRUE,TRUE,TRUE,TRUE,"R3adlKbahdz",TRUE,""
"RPgvdkQ2iJm","Tarnowiec.Harmata.1987","Peat","pollen","temperatureComposite","degC",49.7,21.62,"RPgvdkQ2iJm",TRUE,TRUE,TRUE,TRUE,"RPgvdkQ2iJm",TRUE,""
"RkAjgi0iAKl","Tarnowiec.Harmata.1987","Peat","pollen","temperature","degC",49.7,21.62,"RkAjgi0iAKl",TRUE,TRUE,TRUE,TRUE,"RkAjgi0iAKl",TRUE,""
"RGDTw0z1ByL","TauldintreBrazi.Toth.2015","LakeSediment","chironomid","temperature","degC",45.3964,22.9017,"RGDTw0z1ByL",TRUE,TRUE,TRUE,TRUE,"RGDTw0z1ByL",TRUE,""
"RFipONYZrE4","TaulMuced.Diaconu.2017","LakeSediment","chironomid","temperature","degC",47.5739,24.545,"RFipONYZrE4",TRUE,TRUE,TRUE,TRUE,"RFipONYZrE4",TRUE,""
"RZHD2qbGw9D","Temje.Nazarova.2013","LakeSediment","chironomid","temperature","degC",62.05,129.48,"RZHD2qbGw9D",TRUE,TRUE,TRUE,TRUE,"RZHD2qbGw9D",TRUE,""
"R00MppLNlF5","TiancaiLake.Zhang.2017","LakeSediment","chironomid","temperature","degC",26.63,99.72,"R00MppLNlF5",TRUE,TRUE,TRUE,TRUE,"R00MppLNlF5",TRUE,""
"PYTHS3BFBJ9","Tiavatnet.Seppa.2009","LakeSediment","pollen","temperature","degC",63.05,9.42,"PYTHS3BFBJ9",TRUE,TRUE,TRUE,TRUE,"PYTHS3BFBJ9",TRUE,""
"PYTUVY5YO9W","Tibetanus.Hammarlund.2002","LakeSediment","pollen","temperature","degC",68.33,18.7,"PYTUVY5YO9W",TRUE,TRUE,TRUE,TRUE,"PYTUVY5YO9W",TRUE,""
"RiFf6Q0GKhT","Tigalmamine.Cheddadi.1998","LakeSediment","pollen","temperature","degC",32.9,-4.65,"RiFf6Q0GKhT",TRUE,TRUE,TRUE,TRUE,"RiFf6Q0GKhT",TRUE,""
"RiB0APxe8nT","Tigalmamine.Cheddadi.1998","LakeSediment","pollen","temperature","degC",32.9,-4.65,"RiB0APxe8nT",TRUE,TRUE,TRUE,TRUE,"RiB0APxe8nT",TRUE,""
"RGoGCWU3ZCt","Tigalmamine.Cheddadi.1998","LakeSediment","pollen","temperatureComposite","degC",32.9,-4.65,"RGoGCWU3ZCt",TRUE,TRUE,TRUE,TRUE,"RGoGCWU3ZCt",TRUE,""
"WEB1a9dec29","TK2.Porinchu.2019","LakeSediment","chironomid","temperature","degC",66.3476,-104.9457,"WEB1a9dec29",TRUE,TRUE,TRUE,TRUE,"WEB1a9dec29",TRUE,""
"WEB0b81d9ad","TN057-17.Nielsen.2004","MarineSediment","diatom","temperature","degC",-50,6,"WEB0b81d9ad",TRUE,TRUE,TRUE,TRUE,"WEB0b81d9ad",TRUE,""
"WEB655ed0a8","TN057-17.Nielsen.2004","MarineSediment","diatom","temperature","degC",-50,6,"WEB655ed0a8",TRUE,TRUE,TRUE,TRUE,"WEB655ed0a8",TRUE,""
"WEBc643c8dc","TN057-17.Nielsen.2004","MarineSediment","diatom","temperature","degC",-50,6,"WEBc643c8dc",TRUE,TRUE,TRUE,TRUE,"WEBc643c8dc",TRUE,""
"WEBe7dad2eb","TN062-0550.Barron.2018","MarineSediment","pollen","Picea","percent",40.8656,-124.573,"WEBe7dad2eb",TRUE,TRUE,TRUE,TRUE,"WEBe7dad2eb",TRUE,""
"RNOeIkUQCVD","Topptjonna.Paus.2011","LakeSediment","chironomid","temperature","degC",62.38,9.67,"RNOeIkUQCVD",TRUE,TRUE,TRUE,TRUE,"RNOeIkUQCVD",TRUE,""
"PYT581AWKCZ","Tornetrask.Grudd.2002","Wood","TRW","temperature","degC",68,20,"PYT581AWKCZ",TRUE,TRUE,TRUE,TRUE,"PYT581AWKCZ",TRUE,""
"RTOk5mcjdOx","Toskaljavri.Seppa.2002","LakeSediment","chironomid","temperature","degC",69.2,21.47,"RTOk5mcjdOx",TRUE,TRUE,TRUE,TRUE,"RTOk5mcjdOx",TRUE,""
"M2Lvr18g4z8P","TourbieredeLanorieHenri.Comtois.1982","LakeSediment","pollen","temperature","degC",45.99,-73.3,"M2Lvr18g4z8P",TRUE,TRUE,TRUE,TRUE,"M2Lvr18g4z8P",TRUE,""
"M2Ls7w55knhP","TourbieredeLanorieHenri.Comtois.1982","LakeSediment","pollen","temperature","degC",45.99,-73.3,"M2Ls7w55knhP",TRUE,TRUE,TRUE,TRUE,"M2Ls7w55knhP",TRUE,""
"M2Lppfxxw0rP","TourbieredeLanorieHenri.Comtois.1982","LakeSediment","pollen","temperature","degC",45.99,-73.3,"M2Lppfxxw0rP",TRUE,TRUE,TRUE,TRUE,"M2Lppfxxw0rP",TRUE,""
"M2L4j68oy6fP","TourbieredeLanorieStJean.Comtois.1982","LakeSediment","pollen","temperature","degC",46,-73.22,"M2L4j68oy6fP",TRUE,TRUE,TRUE,TRUE,"M2L4j68oy6fP",TRUE,""
"M2L85fol0e4P","TourbieredeLanorieStJean.Comtois.1982","LakeSediment","pollen","temperature","degC",46,-73.22,"M2L85fol0e4P",TRUE,TRUE,TRUE,TRUE,"M2L85fol0e4P",TRUE,""
"M2Lf3zm167mP","TourbieredeLanorieStJean.Comtois.1982","LakeSediment","pollen","temperature","degC",46,-73.22,"M2Lf3zm167mP",TRUE,TRUE,TRUE,TRUE,"M2Lf3zm167mP",TRUE,""
"T2L_TR163_22_mgca_ruber_SST_from_mgca_ruber","TR163_22.Lea.2006","MarineSediment","Mg/Ca","temperature","degC",0.515,-92.398,"T2L_TR163_22_mgca_ruber_SST_from_mgca_ruber",TRUE,TRUE,TRUE,TRUE,"T2L_TR163_22_mgca_ruber_SST_from_mgca_ruber",TRUE,"chronology"
"T2L_TR163_22_uk37_SST_from_uk37","TR163_22.Lea.2006","MarineSediment","alkenone","temperature","degC",0.515,-92.398,"T2L_TR163_22_uk37_SST_from_uk37",TRUE,TRUE,TRUE,TRUE,"T2L_TR163_22_uk37_SST_from_uk37",TRUE,"resolution;chronology"
"T2L_TR163_22_d18o_ruber_SST_from_d18o_ruber","TR163_22.Lea.2006","MarineSediment","d18O","temperature","degC",0.515,-92.398,"T2L_TR163_22_d18o_ruber_SST_from_d18o_ruber",TRUE,TRUE,TRUE,TRUE,"T2L_TR163_22_d18o_ruber_SST_from_d18o_ruber",TRUE,"chronology"
"T2L_TR163_31_uk37_SST_from_uk37","TR163_31.Dubois.2009","MarineSediment","alkenone","temperature","degC",-3.6187,-83.9707,"T2L_TR163_31_uk37_SST_from_uk37",TRUE,TRUE,TRUE,TRUE,"T2L_TR163_31_uk37_SST_from_uk37",TRUE,"resolution"
"PYTYAXHRPNM","Trehorningen.Antonsson.2007","LakeSediment","pollen","temperature","degC",58.55,11.6,"PYTYAXHRPNM",TRUE,TRUE,TRUE,TRUE,"PYTYAXHRPNM",TRUE,""
"PYTCTWLUCL5","Trettetjorn.Bjune.2005","LakeSediment","pollen","temperature","degC",60.72,7,"PYTCTWLUCL5",TRUE,TRUE,TRUE,TRUE,"PYTCTWLUCL5",TRUE,""
"PYT7NHBFOF7","Troll28-03.Klitgard-Kristensen.2001","MarineSediment","foraminifera","temperature","degC",60.8667,3.7333,"PYT7NHBFOF7",TRUE,TRUE,TRUE,TRUE,"PYT7NHBFOF7",TRUE,""
"PYTD948WIQW","Trout.Irvine.2012","LakeSediment","chironomid","temperature","degC",68.828,-138.75,"PYTD948WIQW",TRUE,TRUE,TRUE,TRUE,"PYTD948WIQW",TRUE,""
"PYTXW9IIYVO","Tsuolbmajavri.Korhola.2002","LakeSediment","diatom","temperature","degC",68.41,22.05,"PYTXW9IIYVO",TRUE,TRUE,TRUE,TRUE,"PYTXW9IIYVO",TRUE,""
"PYTWINY5YP7","Tsuolbmajavri.Korhola.2002","LakeSediment","chironomid","temperature","degC",68.41,22.05,"PYTWINY5YP7",TRUE,TRUE,TRUE,TRUE,"PYTWINY5YP7",TRUE,""
"PYTEQOAQT1K","Tsuolbmajavri.Korhola.2002","LakeSediment","pollen","temperature","degC",68.41,22.05,"PYTEQOAQT1K",TRUE,TRUE,TRUE,TRUE,"PYTEQOAQT1K",TRUE,""
"LPDe6c52b99","TTR17_434G.Rodrigo-Gamiz.2014","MarineSediment","long chain diol","temperature","degC",36.2052,-4.3122,"LPDe6c52b99",TRUE,TRUE,TRUE,TRUE,"LPDe6c52b99",TRUE,""
"LPD44c75538_SST_from_Uk37","TTR17_434G.Rodrigo-Gamiz.2014","MarineSediment","alkenone","temperature","degC",36.2052,-4.3122,"LPD44c75538_SST_from_Uk37",TRUE,TRUE,TRUE,TRUE,"LPD44c75538_SST_from_Uk37",TRUE,""
"RBCwBdRr3uN","Tumbulovaty.Kultti.2004","LakeSediment","pollen","temperature","degC",67.12,59.57,"RBCwBdRr3uN",TRUE,TRUE,TRUE,TRUE,"RBCwBdRr3uN",TRUE,""
"LPD9cc3baf6","Turkana.Berke.2012","LakeSediment","GDGT","temperature","degC",2.7125,36.537,"LPD9cc3baf6",TRUE,TRUE,TRUE,TRUE,"LPD9cc3baf6",TRUE,""
"RoZoLBD7dbj","TwoYourtsLake.Nazarova.2013","LakeSediment","chironomid","temperature","degC",56.82,160.105,"RoZoLBD7dbj",TRUE,TRUE,TRUE,TRUE,"RoZoLBD7dbj",TRUE,""
"R65ANi9f7Hh","Uitbergen.Verbruggen.1979","Peat","pollen","temperature","degC",51.02,3.94,"R65ANi9f7Hh",TRUE,TRUE,TRUE,TRUE,"R65ANi9f7Hh",TRUE,""
"RTHzYBGNAHW","Uitbergen.Verbruggen.1979","Peat","pollen","temperatureComposite","degC",51.02,3.94,"RTHzYBGNAHW",TRUE,TRUE,TRUE,TRUE,"RTHzYBGNAHW",TRUE,""
"RVe1xW3SMQi","Uitbergen.Verbruggen.1979","Peat","pollen","temperature","degC",51.02,3.94,"RVe1xW3SMQi",TRUE,TRUE,TRUE,TRUE,"RVe1xW3SMQi",TRUE,""
"PYTXRLAM6GY","UpperFly.Bunbury.2009","LakeSediment","pollen","temperature","degC",61.07,-138.09,"PYTXRLAM6GY",TRUE,TRUE,TRUE,TRUE,"PYTXRLAM6GY",TRUE,""
"RY7uUsK03D7","Valiranta.Kharinei.2015","LakeSediment","pollen","temperature","degC",67.37,62.75,"RY7uUsK03D7",TRUE,TRUE,TRUE,TRUE,"RY7uUsK03D7",TRUE,""
"RjCYQmZsVIx","Van.VanZeist.1978","LakeSediment","pollen","temperature","degC",38.5,43,"RjCYQmZsVIx",TRUE,TRUE,TRUE,TRUE,"RjCYQmZsVIx",TRUE,""
"RJ1PlcMDoUi","Van.VanZeist.1978","LakeSediment","pollen","temperatureComposite","degC",38.5,43,"RJ1PlcMDoUi",TRUE,TRUE,TRUE,TRUE,"RJ1PlcMDoUi",TRUE,""
"RCCp2vqrv7C","Van.VanZeist.1978","LakeSediment","pollen","temperature","degC",38.5,43,"RCCp2vqrv7C",TRUE,TRUE,TRUE,TRUE,"RCCp2vqrv7C",TRUE,""
"R5WmG8mpYa1","Vatnamyri.Holmes.2011","LakeSediment","chironomid","temperature","degC",65.9,-18.3,"R5WmG8mpYa1",TRUE,TRUE,TRUE,TRUE,"R5WmG8mpYa1",TRUE,"length"
"RgdX8FLTmzV","Vernerovice.Peichlova.1979","Peat","pollen","temperature","degC",50.62,16.2,"RgdX8FLTmzV",TRUE,TRUE,TRUE,TRUE,"RgdX8FLTmzV",TRUE,""
"Rype18ENY0T","Vernerovice.Peichlova.1979","Peat","pollen","temperatureComposite","degC",50.62,16.2,"Rype18ENY0T",TRUE,TRUE,TRUE,TRUE,"Rype18ENY0T",TRUE,""
"RTsFai0RqCP","Vernerovice.Peichlova.1979","Peat","pollen","temperature","degC",50.62,16.2,"RTsFai0RqCP",TRUE,TRUE,TRUE,TRUE,"RTsFai0RqCP",TRUE,""
"RLDXb7gHylf","VestreOykjamyrtorn.EPD","LakeSediment","pollen","temperature","degC",59.82,6,"RLDXb7gHylf",TRUE,TRUE,TRUE,TRUE,"RLDXb7gHylf",TRUE,""
"RtznZ64JsLy","VestreOykjamyrtorn.EPD","LakeSediment","pollen","temperatureComposite","degC",59.82,6,"RtznZ64JsLy",TRUE,TRUE,TRUE,TRUE,"RtznZ64JsLy",TRUE,""
"Rqqg8yf9kNR","VestreOykjamyrtorn.EPD","LakeSediment","pollen","temperature","degC",59.82,6,"Rqqg8yf9kNR",TRUE,TRUE,TRUE,TRUE,"Rqqg8yf9kNR",TRUE,""
"RVvqTnCQTPj","VestreOykjamytjorn.Velle.2005","LakeSediment","chironomid","temperature","degC",59.82,6,"RVvqTnCQTPj",TRUE,TRUE,TRUE,TRUE,"RVvqTnCQTPj",TRUE,""
"WEB127ac992","Victoria.Berke.2012","LakeSediment","GDGT","temperature","degC",-1.2317,33.1983,"WEB127ac992",TRUE,TRUE,TRUE,TRUE,"WEB127ac992",TRUE,""
"PYTHQFCVRSQ","vikjordvatnet.Balascio.2012","LakeSediment","TOC","OM","g/cm2/yr",68.227,14.063,"PYTHQFCVRSQ",TRUE,TRUE,TRUE,TRUE,"PYTHQFCVRSQ",TRUE,""
"T2L_VM12_107_mgca_ruber_SST_from_mgca_ruber","VM12_107.Schmidt.2012","MarineSediment","Mg/Ca","temperature","degC",11.33,-66.63,"T2L_VM12_107_mgca_ruber_SST_from_mgca_ruber",TRUE,TRUE,TRUE,TRUE,"T2L_VM12_107_mgca_ruber_SST_from_mgca_ruber",TRUE,""
"T2L_VM12_107_d18o_ruber_SST_from_d18o_ruber","VM12_107.Schmidt.2012","MarineSediment","d18O","temperature","degC",11.33,-66.63,"T2L_VM12_107_d18o_ruber_SST_from_d18o_ruber",TRUE,TRUE,TRUE,TRUE,"T2L_VM12_107_d18o_ruber_SST_from_d18o_ruber",TRUE,"length"
"T2L_VM21_30_mgca_ruber_SST_from_mgca_ruber","VM21_30.Koutavas.2003","MarineSediment","Mg/Ca","temperature","degC",-1.217,-89.683,"T2L_VM21_30_mgca_ruber_SST_from_mgca_ruber",TRUE,TRUE,TRUE,TRUE,"T2L_VM21_30_mgca_ruber_SST_from_mgca_ruber",TRUE,""
"T2L_VM21_30_mgca_sacculifer_SST_from_mgca_sacculifer","VM21_30.Koutavas.2003","MarineSediment","Mg/Ca","temperature","degC",-1.217,-89.683,"T2L_VM21_30_mgca_sacculifer_SST_from_mgca_sacculifer",TRUE,TRUE,TRUE,TRUE,"T2L_VM21_30_mgca_sacculifer_SST_from_mgca_sacculifer",TRUE,""
"T2L_VM21_30_uk37_SST_from_uk37","VM21_30.Koutavas.2003","MarineSediment","alkenone","temperature","degC",-1.217,-89.683,"T2L_VM21_30_uk37_SST_from_uk37",TRUE,TRUE,TRUE,TRUE,"T2L_VM21_30_uk37_SST_from_uk37",TRUE,""
"T2L_VM21_30_d18o_ruber_SST_from_d18o_ruber","VM21_30.Koutavas.2003","MarineSediment","d18O","temperature","degC",-1.217,-89.683,"T2L_VM21_30_d18o_ruber_SST_from_d18o_ruber",TRUE,TRUE,TRUE,TRUE,"T2L_VM21_30_d18o_ruber_SST_from_d18o_ruber",TRUE,""
"T2L_VM21_30_d18o_sacculifer_SST_from_d18o_sacculifer","VM21_30.Koutavas.2003","MarineSediment","d18O","temperature","degC",-1.217,-89.683,"T2L_VM21_30_d18o_sacculifer_SST_from_d18o_sacculifer",TRUE,TRUE,TRUE,TRUE,"T2L_VM21_30_d18o_sacculifer_SST_from_d18o_sacculifer",TRUE,""
"T2L_VM28_122_mgca_ruber_SST_from_mgca_ruber","VM28_122.Schmidt.2004","MarineSediment","Mg/Ca","temperature","degC",11.933,-78.683,"T2L_VM28_122_mgca_ruber_SST_from_mgca_ruber",TRUE,TRUE,TRUE,TRUE,"T2L_VM28_122_mgca_ruber_SST_from_mgca_ruber",TRUE,"length"
"T2L_VM28_122_d18o_ruber_SST_from_d18o_ruber","VM28_122.Schmidt.2004","MarineSediment","d18O","temperature","degC",11.933,-78.683,"T2L_VM28_122_d18o_ruber_SST_from_d18o_ruber",TRUE,TRUE,TRUE,TRUE,"T2L_VM28_122_d18o_ruber_SST_from_d18o_ruber",TRUE,""
"GHe913d7ac","Vostok.Vimeux.2002","GlacierIce","dD","temperature","degC",-78.5,108,"GHe913d7ac",TRUE,TRUE,TRUE,TRUE,"GHe913d7ac",TRUE,""
"RtnsIQv2Pp1","Vuoksjavratje.Berntsson.2014","LakeSediment","chironomid","temperature","degC",66.25,15.72,"RtnsIQv2Pp1",TRUE,TRUE,TRUE,TRUE,"RtnsIQv2Pp1",TRUE,""
"RuRSFTJPObx","VuolepNjakajaure.Heinrichs.2006","LakeSediment","chironomid","temperature","degC",68.33,18.75,"RuRSFTJPObx",TRUE,TRUE,TRUE,TRUE,"RuRSFTJPObx",TRUE,""
"PYT5NNRROEV","vuoskkujavri.Bigler.2002","LakeSediment","chironomid","temperature","degC",68.33,19.1,"PYT5NNRROEV",FALSE,FALSE,FALSE,FALSE,NA,FALSE,NA
"PYTCDW3ELK3","vuoskkujavri.Bigler.2002","LakeSediment","diatom","temperature","degC",68.33,19.1,"PYTCDW3ELK3",FALSE,FALSE,FALSE,FALSE,NA,FALSE,NA
"PYT8K9SZXFO","vuoskkujavri.Bigler.2002","LakeSediment","pollen","temperature","degC",68.33,19.1,"PYT8K9SZXFO",FALSE,FALSE,FALSE,FALSE,NA,FALSE,NA
"WEB47072267","vuoskkujavri.Bigler.2002","LakeSediment","pollen","temperature","degC",68.33,19.1,"WEB47072267",FALSE,FALSE,FALSE,FALSE,NA,FALSE,NA
"RT1Bytelilf","vuoskkujavri.Bigler.2002","LakeSediment","pollen","temperatureComposite","degC",68.33,19.1,"RT1Bytelilf",FALSE,FALSE,FALSE,FALSE,NA,FALSE,NA
"RpShT6icGvp","Wachel3.Doerfler.1989","LakeSediment","pollen","temperature","degC",53.44,8.87,"RpShT6icGvp",TRUE,TRUE,TRUE,TRUE,"RpShT6icGvp",TRUE,""
"RxEPVgNeOJJ","Wachel3.Doerfler.1989","LakeSediment","pollen","temperatureComposite","degC",53.44,8.87,"RxEPVgNeOJJ",TRUE,TRUE,TRUE,TRUE,"RxEPVgNeOJJ",TRUE,""
"R7fUjXXz6iN","Wachel3.Doerfler.1989","LakeSediment","pollen","temperature","degC",53.44,8.87,"R7fUjXXz6iN",TRUE,TRUE,TRUE,TRUE,"R7fUjXXz6iN",TRUE,""
"RSxYsJ99Tfh","WachseldornUntermoos.Oeschger.1980","Peat","pollen","temperature","degC",46.82,7.74,"RSxYsJ99Tfh",TRUE,TRUE,TRUE,TRUE,"RSxYsJ99Tfh",TRUE,""
"RJMuYNva9bv","WachseldornUntermoos.Oeschger.1980","Peat","pollen","temperatureComposite","degC",46.82,7.74,"RJMuYNva9bv",TRUE,TRUE,TRUE,TRUE,"RJMuYNva9bv",TRUE,""
"RqNRfcM7fei","WachseldornUntermoos.Oeschger.1980","Peat","pollen","temperature","degC",46.82,7.74,"RqNRfcM7fei",TRUE,TRUE,TRUE,TRUE,"RqNRfcM7fei",TRUE,""
"WEBf4040255","WAISDivide.Cuffey.2016","GlacierIce","hybrid-ice","temperature","degC",-79.4676,-112.08,"WEBf4040255",TRUE,TRUE,TRUE,TRUE,"WEBf4040255",TRUE,""
"WEB7f2f016d","WAISDivide.Fegyveresi.2016","GlacierIce","bubble frequency","temperature","degC",-79.4676,-112.08,"WEB7f2f016d",TRUE,TRUE,TRUE,TRUE,"WEB7f2f016d",TRUE,""
"PYT4TLJ4Q7Z","Waskey.Levy.2004","LakeSediment","TOC","OM","percent",59.8794,-159.2067,"PYT4TLJ4Q7Z",TRUE,TRUE,TRUE,TRUE,"PYT4TLJ4Q7Z",TRUE,""
"Rty5zp1fztI","Waxeckalm.Huettemann.1987","Peat","pollen","temperature","degC",47.03,11.83,"Rty5zp1fztI",TRUE,TRUE,TRUE,TRUE,"Rty5zp1fztI",TRUE,""
"RGWemwytx8C","Waxeckalm.Huettemann.1987","Peat","pollen","temperatureComposite","degC",47.03,11.83,"RGWemwytx8C",TRUE,TRUE,TRUE,TRUE,"RGWemwytx8C",TRUE,""
"R7LeQoyUglX","Waxeckalm.Huettemann.1987","Peat","pollen","temperature","degC",47.03,11.83,"R7LeQoyUglX",TRUE,TRUE,TRUE,TRUE,"R7LeQoyUglX",TRUE,""
"M2Lie0hh3q2P","WCA3BGumboLimboFarTail.Willard.2001","LakeSediment","pollen","temperature","degC",25.7747,-80.5056,"M2Lie0hh3q2P",TRUE,TRUE,TRUE,TRUE,"M2Lie0hh3q2P",TRUE,""
"M2Lspymp544P","WCA3BGumboLimboFarTail.Willard.2001","LakeSediment","pollen","temperature","degC",25.7747,-80.5056,"M2Lspymp544P",TRUE,TRUE,TRUE,TRUE,"M2Lspymp544P",TRUE,""
"M2Lms7eo3jnP","WCA3BGumboLimboFarTail.Willard.2001","LakeSediment","pollen","temperature","degC",25.7747,-80.5056,"M2Lms7eo3jnP",TRUE,TRUE,TRUE,TRUE,"M2Lms7eo3jnP",TRUE,""
"M2Lt18wgyziP","WCA3BGumboLimboMarsh.Willard.2001","LakeSediment","pollen","temperature","degC",25.7789,-80.5111,"M2Lt18wgyziP",TRUE,TRUE,TRUE,TRUE,"M2Lt18wgyziP",TRUE,""
"M2Lphmnx36dP","WCA3BGumboLimboMarsh.Willard.2001","LakeSediment","pollen","temperature","degC",25.7789,-80.5111,"M2Lphmnx36dP",TRUE,TRUE,TRUE,TRUE,"M2Lphmnx36dP",TRUE,""
"M2Lz07o8f1sP","WCA3BGumboLimboMarsh.Willard.2001","LakeSediment","pollen","temperature","degC",25.7789,-80.5111,"M2Lz07o8f1sP",TRUE,TRUE,TRUE,TRUE,"M2Lz07o8f1sP",TRUE,""
"M2Luthn1956P","WestOkoboji.VanZant.1979","LakeSediment","pollen","temperature","degC",43.33,-95.2,"M2Luthn1956P",TRUE,TRUE,TRUE,TRUE,"M2Luthn1956P",TRUE,""
"M2Lakoilg5dP","WestOkoboji.VanZant.1979","LakeSediment","pollen","temperature","degC",43.33,-95.2,"M2Lakoilg5dP",TRUE,TRUE,TRUE,TRUE,"M2Lakoilg5dP",TRUE,""
"M2L89nzt2ckP","WestOkoboji.VanZant.1979","LakeSediment","pollen","temperature","degC",43.33,-95.2,"M2L89nzt2ckP",TRUE,TRUE,TRUE,TRUE,"M2L89nzt2ckP",TRUE,""
"WEB1f75199d","WhitePond.Krause.2019","LakeSediment","GDGT","temperature","degC",34.168,-80.7767,"WEB1f75199d",TRUE,TRUE,TRUE,TRUE,"WEB1f75199d",TRUE,""
"RFa9Lrv5bcW","WiggenhallSt.Germans.Waller.1994","Peat","pollen","temperature","degC",52.69,0.34,"RFa9Lrv5bcW",TRUE,TRUE,TRUE,TRUE,"RFa9Lrv5bcW",TRUE,""
"RoeFXt7UD1Q","WiggenhallSt.Germans.Waller.1994","Peat","pollen","temperatureComposite","degC",52.69,0.34,"RoeFXt7UD1Q",TRUE,TRUE,TRUE,TRUE,"RoeFXt7UD1Q",TRUE,""
"RFSErbDMhoZ","WiggenhallSt.Germans.Waller.1994","Peat","pollen","temperature","degC",52.69,0.34,"RFSErbDMhoZ",TRUE,TRUE,TRUE,TRUE,"RFSErbDMhoZ",TRUE,""
"RtBrqt8sD6A","WilderSeebeimRuhestein.EPD","LakeSediment","pollen","temperature","degC",48.57,8.24,"RtBrqt8sD6A",TRUE,TRUE,TRUE,TRUE,"RtBrqt8sD6A",TRUE,""
"RFVTO3m1qP4","WilderSeebeimRuhestein.EPD","LakeSediment","pollen","temperatureComposite","degC",48.57,8.24,"RFVTO3m1qP4",TRUE,TRUE,TRUE,TRUE,"RFVTO3m1qP4",TRUE,""
"RGAbzuFoTA4","WilderSeebeimRuhestein.EPD","LakeSediment","pollen","temperature","degC",48.57,8.24,"RGAbzuFoTA4",TRUE,TRUE,TRUE,TRUE,"RGAbzuFoTA4",TRUE,""
"T2L_WIND28K_d18o_ruber_SST_from_d18o_ruber","WIND28K.Kiefer.2006","MarineSediment","d18O","temperature","degC",-10.1538,51.0128,"T2L_WIND28K_d18o_ruber_SST_from_d18o_ruber",TRUE,TRUE,TRUE,TRUE,"T2L_WIND28K_d18o_ruber_SST_from_d18o_ruber",TRUE,""
"WEBf35d2722","Windy.Chase.2008","LakeSediment","chironomid","temperature","degC",49.8133,-117.8772,"WEBf35d2722",TRUE,TRUE,TRUE,TRUE,"WEBf35d2722",TRUE,""
"RLWjHSdRtHs","Wonderkrater.Truc.2013","Peat","pollen","temperature","degC",-24.4391,28.7507,"RLWjHSdRtHs",TRUE,TRUE,TRUE,TRUE,"RLWjHSdRtHs",TRUE,""
"RtpMcgORKEU","Wonderkrater.Truc.2013","Peat","pollen","temperature","degC",-24.4391,28.7507,"RtpMcgORKEU",TRUE,TRUE,TRUE,TRUE,"RtpMcgORKEU",TRUE,""
"Rp2JYWaTx52","Wonderkrater.Truc.2013","Peat","pollen","temperatureComposite","degC",-24.4391,28.7507,"Rp2JYWaTx52",TRUE,TRUE,TRUE,TRUE,"Rp2JYWaTx52",TRUE,""
"RL9fsjHX6Mw","Woryty.EPD","LakeSediment","pollen","temperature","degC",53.75,20.2,"RL9fsjHX6Mw",TRUE,TRUE,TRUE,TRUE,"RL9fsjHX6Mw",TRUE,""
"ReWrRAaxLgp","Woryty.EPD","LakeSediment","pollen","temperatureComposite","degC",53.75,20.2,"ReWrRAaxLgp",TRUE,TRUE,TRUE,TRUE,"ReWrRAaxLgp",TRUE,""
"RoNp0y5n6f1","Woryty.EPD","LakeSediment","pollen","temperature","degC",53.75,20.2,"RoNp0y5n6f1",TRUE,TRUE,TRUE,TRUE,"RoNp0y5n6f1",TRUE,""
"RF0gr6pQtHK","Ximencuo.Herzschuh.2014","LakeSediment","pollen","temperature","degC",33.3792,101.1035,"RF0gr6pQtHK",TRUE,TRUE,TRUE,TRUE,"RF0gr6pQtHK",TRUE,""
"LPDf97892fc","XingyunLake.Wu.2018","LakeSediment","pollen","temperature","degC",24.34,102.79,"LPDf97892fc",TRUE,TRUE,TRUE,TRUE,"LPDf97892fc",TRUE,""
"LPD27f34021","Yakumo.Leipe.2013","Peat","pollen","temperature","degC",42.28,140.26,"LPD27f34021",TRUE,TRUE,TRUE,TRUE,"LPD27f34021",TRUE,""
"WEB911b3b41","Yanou.Foster.2016","LakeSediment","GDGT","temperature","degC",-62.221,-58.96,"WEB911b3b41",TRUE,TRUE,TRUE,TRUE,"WEB911b3b41",TRUE,""
"PYTZVO3IV03","Yarnyshnoe.Seppa.2008","LakeSediment","pollen","temperature","degC",69.07,36.07,"PYTZVO3IV03",TRUE,TRUE,TRUE,TRUE,"PYTZVO3IV03",TRUE,""
"Rqj999VObpj","Ylimysneva.Huttunen.1990","Peat","pollen","temperature","degC",62.13,22.87,"Rqj999VObpj",TRUE,TRUE,TRUE,TRUE,"Rqj999VObpj",TRUE,""
"RnT1vXlxV0s","Ylimysneva.Huttunen.1990","Peat","pollen","temperatureComposite","degC",62.13,22.87,"RnT1vXlxV0s",TRUE,TRUE,TRUE,TRUE,"RnT1vXlxV0s",TRUE,""
"RZG6XCZFVZ9","Ylimysneva.Huttunen.1990","Peat","pollen","temperature","degC",62.13,22.87,"RZG6XCZFVZ9",TRUE,TRUE,TRUE,TRUE,"RZG6XCZFVZ9",TRUE,""
"RC2dWewDD1P","Zabieniec.Plociennik.2011","Peat","chironomid","temperatureComposite","degC",51.8519,19.7811,"RC2dWewDD1P",TRUE,TRUE,TRUE,TRUE,"RC2dWewDD1P",TRUE,""
"RU1JPEhvxNc","Zalozhtsy.Bezusko.1992","Peat","pollen","temperature","degC",49.75,25.45,"RU1JPEhvxNc",TRUE,TRUE,TRUE,TRUE,"RU1JPEhvxNc",TRUE,""
"RCsdIg28KWg","Zalozhtsy.Bezusko.1992","Peat","pollen","temperatureComposite","degC",49.75,25.45,"RCsdIg28KWg",TRUE,TRUE,TRUE,TRUE,"RCsdIg28KWg",TRUE,""
"R7eqdjgsLJd","Zalozhtsy.Bezusko.1992","Peat","pollen","temperature","degC",49.75,25.45,"R7eqdjgsLJd",TRUE,TRUE,TRUE,TRUE,"R7eqdjgsLJd",TRUE,""
"RssW5xNcgSt","Zbudovskablata.Rybnickova.1975","Peat","pollen","temperature","degC",49.83,14.33,"RssW5xNcgSt",TRUE,TRUE,TRUE,TRUE,"RssW5xNcgSt",TRUE,"chronology"
"RqepDp2u3w6","Zbudovskablata.Rybnickova.1975","Peat","pollen","temperatureComposite","degC",49.83,14.33,"RqepDp2u3w6",TRUE,TRUE,TRUE,TRUE,"RqepDp2u3w6",TRUE,"chronology"
"RzCb40vfx4B","Zbudovskablata.Rybnickova.1975","Peat","pollen","temperature","degC",49.83,14.33,"RzCb40vfx4B",TRUE,TRUE,TRUE,TRUE,"RzCb40vfx4B",TRUE,"chronology"
