"TSid1","TSid2","km","n","r","r_diff","rmse","rmse_diff","identical","overlap_frac","frac1","frac2","duplicate","rule","keep1","keep2","review"
"lcRcYHeBqOQ57HNIHeO","lcRx8nZvcPVFr9IVbTi",2.20215813673222,88,0.0171350729856823,0.130510852129693,1.13446430122045,1.31110260447752,FALSE,1,0.855737704918033,1,FALSE,NA,NA,NA,FALSE
"lcREVc1L9jHcjHxDzrt","lcRzREkAiSkRtA9twbc",1.42526039151536,42,-0.239872013924305,0.0869652517398984,0.398889187587488,1.33474013055623,FALSE,1,1,0.575,FALSE,NA,NA,NA,FALSE
"lcRfo8HLKTzKQmY9Lql","lcRUzy0VpleBR5CEzuJ",1.05182955112969,74,-0.465973318111935,0.0689939400182952,1.29797003109741,1.35517714879696,FALSE,0.927966101694915,0.776595744680851,0.927966101694915,FALSE,NA,NA,NA,FALSE
"lcRfo8HLKTzKQmY9Lql","lcRXt1fUXYOe5TUegsr",0,79,-0.196580901988494,-0.0354816233461182,1.31078970036135,1.42982951285711,FALSE,0.839243498817967,0.839243498817967,0.574898785425101,FALSE,NA,NA,NA,FALSE
"lcRgRvvACCmlNzLRhpG","lcRpoZjzwayXOL1AtRe",7.06958476791964,24,0.0488385708052407,-0.174934453961023,0.342310416715519,1.49923336893698,FALSE,0.983443708609272,0.983443708609272,0.972176759410802,FALSE,NA,NA,NA,FALSE
"lcRI09dE0Y2wCgEqa29","lcRwRVR8eJUtPKE1zpY",3.59193177249532,21,0.470295187859196,0.338590142092081,0.951250799516803,1.12101682860921,FALSE,1,1,0.617283950617284,FALSE,NA,NA,NA,FALSE
"lcRJYno5TKhVCrin9bS","lcRxpKkUJjL8RkSPJWC",0,31,0.27461137096233,-0.354644363095926,3.82904263108758,1.61832601844791,FALSE,0.688024408848207,0.651263537906137,0.688024408848207,FALSE,NA,NA,NA,FALSE
"lcRUzy0VpleBR5CEzuJ","lcRXt1fUXYOe5TUegsr",1.05182955112969,58,0.365269408936423,0.01000496284574,0.425755145563706,1.39472341571302,FALSE,0.735875706214689,0.735875706214689,0.421862348178138,FALSE,NA,NA,NA,FALSE
"GH26a3a772","IC06VING01A",0,584,0.947296586039727,0.527416893167107,0.246141108320978,0.97136244642337,FALSE,1,0.279348346909439,1,FALSE,NA,NA,NA,FALSE
"IC06VID301A","PYTAUVXNNEA",0.593705952254258,583,0.98694189906249,0.544137037038725,0.197998886806649,0.954022739000978,FALSE,0.999142367066895,0.999142367066895,0.999142367066895,TRUE,"curated",FALSE,TRUE,FALSE
"IC08VI7701A","IC08VI7901A",0,583,NA,NA,3.03931686375158,NA,FALSE,1,1,1,FALSE,NA,NA,NA,FALSE
"IC08VI7701A","IC08VI8401A",0,583,NA,NA,3.39759449765528,NA,FALSE,1,1,1,FALSE,NA,NA,NA,FALSE
"IC08VI7701A","IC08VI8701A",0,583,NA,NA,3.51307679624704,NA,FALSE,1,1,1,FALSE,NA,NA,NA,FALSE
"IC08VI7701A","IC09VIA800A",0,583,NA,NA,3.4397150496286,NA,FALSE,1,1,0.998284734133791,FALSE,NA,NA,NA,FALSE
"IC08VI7701A","PYTT52RRIXK",0,582,NA,NA,3.51416378090689,NA,FALSE,0.99914089347079,0.99914089347079,0.99914089347079,FALSE,NA,NA,NA,FALSE
"IC08VI7701A","WEBa1e48de5",7.93457481192895,466,NA,NA,NA,NA,FALSE,1,1,0.97,FALSE,NA,NA,NA,FALSE
"IC08VI7901A","IC08VI8401A",0,583,0.67271720088385,0.0557207977245077,0.778829001813094,1.37306717200532,FALSE,1,1,1,FALSE,NA,NA,NA,FALSE
"IC08VI7901A","IC08VI8701A",0,583,0.706642590867646,-0.0192935865144979,0.818838968036215,1.42656385974396,FALSE,1,1,1,FALSE,NA,NA,NA,FALSE
"IC08VI7901A","IC09VIA800A",0,583,0.746245305713988,0.0293316685866862,0.735702252585712,1.39212105537621,FALSE,1,1,0.998284734133791,FALSE,NA,NA,NA,FALSE
"IC08VI7901A","PYTT52RRIXK",0,582,0.742257183545467,0.0601022414509403,0.770211456215255,1.36987593186529,FALSE,0.99914089347079,0.99914089347079,0.99914089347079,FALSE,NA,NA,NA,FALSE
"IC08VI7901A","WEBa1e48de5",7.93457481192895,466,0.658441153259015,-0.137572910695241,NA,1.50673588749914,FALSE,1,1,0.97,FALSE,NA,NA,NA,FALSE
"IC08VI8401A","IC08VI8701A",0,583,0.709497831177922,0.0969065541656853,0.61685099156733,1.34278943910258,FALSE,1,1,1,FALSE,NA,NA,NA,FALSE
"IC08VI8401A","IC09VIA800A",0,583,0.922301909914116,0.790912521449163,0.308065674315157,0.646108693200826,FALSE,1,1,0.998284734133791,FALSE,NA,NA,NA,FALSE
"IC08VI8401A","PYTT52RRIXK",0,582,0.743551677875764,0.0443527181956755,0.563922085537267,1.38130550566773,FALSE,0.99914089347079,0.99914089347079,0.99914089347079,FALSE,NA,NA,NA,FALSE
"IC08VI8401A","WEBa1e48de5",7.93457481192895,466,0.651370404394021,-0.0116190783620163,NA,1.42087547199768,FALSE,1,1,0.97,FALSE,NA,NA,NA,FALSE
"IC08VI8701A","IC09VIA800A",0,583,0.92670916041201,0.685630093627145,0.308823363170266,0.7922496473897,FALSE,1,1,0.998284734133791,FALSE,NA,NA,NA,FALSE
"IC08VI8701A","PYTT52RRIXK",0,582,0.953214075189625,0.618857403939566,0.243986437006853,0.872337761085109,FALSE,0.99914089347079,0.99914089347079,0.99914089347079,FALSE,NA,NA,NA,FALSE
"IC08VI8701A","WEBa1e48de5",7.93457481192895,466,0.720283472825182,-0.042548415182155,NA,1.44243292778528,FALSE,1,1,0.97,FALSE,NA,NA,NA,FALSE
"IC08VIRE01A","PYTUAENTJO2",3.50335762309648,584,0.957609675783069,0.999966191614383,0.245118087281067,0.00821588647033927,FALSE,1,0.196296296296296,1,TRUE,"curated",FALSE,TRUE,FALSE
"IC09VIA800A","PYTT52RRIXK",0,583,0.900939935063273,0.41456462185122,0.355315854945005,1.08113780383186,FALSE,1,0.998284734133791,1,FALSE,NA,NA,NA,FALSE
"IC09VIA800A","WEBa1e48de5",7.93457481192895,467,0.731826423725102,-0.035659399805523,NA,1.43766265496573,FALSE,0.999142367066895,0.999142367066895,0.970833333333333,FALSE,NA,NA,NA,FALSE
"IC95THHU02D","IC95THHU02D_iso2k",0,192,1,1,0,0,TRUE,1,1,1,TRUE,"identical",TRUE,FALSE,FALSE
"PYTT52RRIXK","WEBa1e48de5",7.93457481192895,466,0.722034095032962,-0.0670551469236451,NA,1.45928777468476,FALSE,1,1,0.97,FALSE,NA,NA,NA,FALSE
"GH1c49f7ab","GH437973f1",0,771,0.969798872089503,-0.0281968703244754,NA,1.43308167925884,FALSE,1,1,0.055860678936626,FALSE,NA,NA,NA,FALSE
"PYTZZK6DD6Y","RShtOmHDliM",7.93457481192895,453,0.770141419843536,0.0484285751526058,NA,1.37801754584784,FALSE,0.995594713656388,0.995594713656388,0.995594713656388,FALSE,NA,NA,NA,FALSE
"WEBf7bafce3_iso2k","WEBfb6b61e3",0,81,0.774515907446161,0.935243372323852,NA,0.357623181100432,FALSE,1,1,1,FALSE,NA,NA,NA,FALSE
"LPD5c89a1b5","WEBdb8c6da5-dup",0.118667541067468,76,0.865664683650268,0.657711991596779,18.5447912024702,0.821856639921073,FALSE,1,0.766374390566537,1,FALSE,NA,NA,NA,FALSE
"LPD91355717","RrR5q3ibRjl",6.62505714317714,55,0.873925055503056,0.117355625509183,1.06907781415993,1.31628196697861,FALSE,0.999927425792873,0.999927425792873,0.978690154851541,FALSE,NA,NA,NA,FALSE
"PYT04R9TNER","RcHJOeUBfxw",0.390951783841049,18,0.245688212414676,-0.15078309364731,0.677463014143103,1.47179480260775,FALSE,1,0.385991685700618,1,FALSE,NA,NA,NA,FALSE
"R3Ypu5QP5eP","RwUGHZyJRVj",0.81474170051057,67,0.102028450456312,-0.332633048154665,0.90290636054783,1.62014915259932,FALSE,0.99989675276868,0.99989675276868,0.954288676195949,FALSE,NA,NA,NA,FALSE
"R4EA7xKol5Q","RznCZXhHXPN",4.2655044117093,18,0.276758215961054,0.425148810026387,1.17808233279828,1.04022729640479,FALSE,0.987825594563986,0.897607409313095,0.987825594563986,FALSE,NA,NA,NA,FALSE
"RD1FZyd0zs4","RpUePkZ6ZIh",0,48,0.109159155582985,-0.184802742436713,0.949720175097881,1.52288815968127,FALSE,0.999362498627731,0.986086754946442,0.999362498627731,FALSE,NA,NA,NA,FALSE
"RD1FZyd0zs4","RtjepH1yLMd",0,51,0.162519553754601,-0.0258296951919953,0.909808449715055,1.4179655152987,FALSE,1,0.972852587867696,1,FALSE,NA,NA,NA,FALSE
"RpUePkZ6ZIh","RtjepH1yLMd",0,48,0.861503843197564,0.900839631363912,0.287351200354543,0.440569117298805,FALSE,1,0.985950159183225,1,FALSE,NA,NA,NA,FALSE
"GH77e777b0","M2L7thzxje2P",0,97,0.80072263451066,0.608686717773104,13.3282700875618,0.880042160585161,FALSE,0.99733773983292,0.987636363636364,0.99733773983292,FALSE,NA,NA,NA,FALSE
"GH77e777b0","M2L8sc7gn3mP",0,97,0.930488686737818,0.72696173310542,0.227982601905232,0.735111036893196,FALSE,0.99733773983292,0.987636363636364,0.99733773983292,FALSE,NA,NA,NA,FALSE
"GH77e777b0","M2Lagkzn1giP",3.42591713098236,107,0.49782557485471,0.0321907858699822,28.6967143399008,1.38468692383876,FALSE,1,0.991181818181818,1,FALSE,NA,NA,NA,FALSE
"GH77e777b0","M2Lhd1b9ejrP",3.42591713098236,107,0.447864956337857,-0.0713868084165712,13.8920478187627,1.45690039858301,FALSE,1,0.991181818181818,1,FALSE,NA,NA,NA,FALSE
"GH77e777b0","M2Lqdc73rb2P",3.42591713098236,107,0.352916804841409,-0.153170007069482,0.698539652179843,1.51148340694739,FALSE,1,0.991181818181818,1,FALSE,NA,NA,NA,FALSE
"GH77e777b0","M2Lx32u25tbP",0,97,0.671073056521905,0.426567655066468,28.0169218650934,1.06532538817065,FALSE,0.99733773983292,0.987636363636364,0.99733773983292,FALSE,NA,NA,NA,FALSE
"GH7fb77a0c","M2L1hwhpc1zP",0,105,0.863419317695095,0.152519694427347,0.212002901863228,1.29563224448962,FALSE,1,0.958727272727273,1,FALSE,NA,NA,NA,FALSE
"GH7fb77a0c","M2L32ho1gq6P",0,105,-0.560737999619539,0.0442536736097363,30.0815600480923,1.37590439919878,FALSE,1,0.958727272727273,1,FALSE,NA,NA,NA,FALSE
"GH7fb77a0c","M2LvnfrppdsP",0,105,0.0608001856610363,0.127885464487405,14.2785565151766,1.31432782731324,FALSE,1,0.958727272727273,1,FALSE,NA,NA,NA,FALSE
"GH8c73b2a9","M2L7p5fn09cP",0,136,0.625569476017813,0.472873902473921,16.5870123296203,1.02295792657042,FALSE,0.997067448680352,0.989090909090909,0.997067448680352,FALSE,NA,NA,NA,FALSE
"GH8c73b2a9","M2LbakiygplP",0,136,0.622240694703701,0.493432057209796,0.214034895093122,1.0028116350127,FALSE,0.997067448680352,0.989090909090909,0.997067448680352,FALSE,NA,NA,NA,FALSE
"GH8c73b2a9","M2Lsys9r95jP",0,136,0.490773004855984,0.350140361082425,35.8345146123736,1.13582204927927,FALSE,0.997067448680352,0.989090909090909,0.997067448680352,FALSE,NA,NA,NA,FALSE
"GH90151260","M2Lh7hzkgduP",0.729153993037077,75,0.460989624929632,0.088510217427904,35.8697309775205,1.34102375301698,FALSE,1,0.997272727272727,1,FALSE,NA,NA,NA,FALSE
"GH90151260","M2Lndtjwr7vP",0.729153993037077,75,0.479028192379632,0.109882859388762,16.3950710659538,1.32520830860886,FALSE,1,0.997272727272727,1,FALSE,NA,NA,NA,FALSE
"GH90151260","M2Lw2rc6hl7P",0.729153993037077,75,0.509622075430981,0.105545684563702,0.562697869621236,1.32843298284665,FALSE,1,0.997272727272727,1,FALSE,NA,NA,NA,FALSE
"GH9547ee89","M2L89nzt2ckP",0,123,0.863409908334706,0.525499623494177,15.9939774929711,0.970165995237326,FALSE,1,0.972,1,FALSE,NA,NA,NA,FALSE
"GH9547ee89","M2Lakoilg5dP",0,123,0.842643240842068,0.481020601126679,34.7725666736284,1.0146186173872,FALSE,1,0.972,1,FALSE,NA,NA,NA,FALSE
"GH9547ee89","M2Luthn1956P",0,123,0.855805706846234,0.541745477054076,0.421050029311667,0.953413172062998,FALSE,1,0.972,1,FALSE,NA,NA,NA,FALSE
"GHb9285123","M2L1hd9elcgP",1.259901334151,220,0.923741756358271,0.522921891516586,0.311219603166243,0.974576492258962,FALSE,1,0.998090909090909,1,FALSE,NA,NA,NA,FALSE
"GHb9285123","M2L482cj2l6P",1.259901334151,220,0.726171754455642,0.419844052311062,29.9642867435952,1.07471562170888,FALSE,1,0.998090909090909,1,FALSE,NA,NA,NA,FALSE
"GHb9285123","M2LrfsovzqmP",1.259901334151,220,0.856179598453928,0.503563464935861,14.1712152270839,0.994152605559826,FALSE,1,0.998090909090909,1,FALSE,NA,NA,NA,FALSE
"lcR1tCsYpDXuZN8HIlN","lcRSPvM3gbxP3NaY0HL",7.36598012058232,79,0.873983729919356,0.11162925793885,2.53325692485106,1.32437258622578,FALSE,0.81691368788143,0.59228824273072,0.81691368788143,FALSE,NA,NA,NA,FALSE
"lcR2WCCmKVESa2Xnntj","lcRX1ze8M8t1hzdb5fQ",0,119,0.370297272115288,0.0484505377794474,8.20747543097249,1.373670618254,FALSE,1,0.472807991120977,1,FALSE,NA,NA,NA,FALSE
"lcR3ID9MgnuF49w7xeH","lcRVZxeAzC5fzJ2FVdY",0.247284744144613,91,0.181066154158845,0.0677120982121849,1.99919589711781,1.3578874381358,FALSE,0.999118165784832,0.802407932011331,0.999118165784832,FALSE,NA,NA,NA,FALSE
"lcR457uPYbBDgXA5Pk5","lcReExd055ycO3hAoHM",7.82988301023016,111,0.285086596171832,0.194446196296932,1.73813544470576,1.26351144617353,FALSE,0.993984962406015,0.993984962406015,0.763279445727483,FALSE,NA,NA,NA,FALSE
"lcR4JQMirfVwsvLMfSB","lcREZHdPQ5fVG7nXsZr",2.98969568762137,76,-0.43460953054886,0.0915495982704204,1.4062098054861,1.3389083088147,FALSE,0.788177339901478,0.716685330347144,0.788177339901478,FALSE,NA,NA,NA,FALSE
"lcR4JQMirfVwsvLMfSB","lcRghJCft8ceGjuXpZI",4.54258547799662,73,-0.367947452698317,-0.0377813134872762,2.0567399084365,1.43064159322542,FALSE,1,0.6494960806271,1,FALSE,NA,NA,NA,FALSE
"lcR5oT3tRefOTRAcIQA","lcRjRy7UlD0LJPP6QlR",0.68175357511664,52,0.586685147112917,0.0113142501915584,1.78076618583134,1.39233599013612,FALSE,0.972457627118644,0.972457627118644,0.919839679358717,FALSE,NA,NA,NA,FALSE
"lcR6QoHSgAfDBYunbmZ","lcRlhPe4C8vhPqPmLIz",5.57651371288648,90,0.582131743536117,-0.238629760317358,1.11607464198085,1.56506394246317,FALSE,1,0.91581805838425,1,FALSE,NA,NA,NA,FALSE
"lcR9du4sIfScHScl1UZ","lcRBsnIK1nw9UoCVYKg",3.72429162560607,90,-0.133492853676948,-0.34185144760512,0.665472107998414,1.62897174011568,FALSE,1,1,0.874755381604697,FALSE,NA,NA,NA,FALSE
"lcR9N4vxyVagLCXtWDt","lcRW4vnEZe8xMlyFNEI",7.6967539917641,45,0.564699117151113,-0.163968832870163,1.25231017442225,1.50832025495879,FALSE,1,0.904927133934768,1,FALSE,NA,NA,NA,FALSE
"lcRaaemyOFksGIBv10b","lcRITTJINIDiIKLN8h3",0,32,0.984690754041475,0.962594838463321,0.156136644092188,0.269067067559718,FALSE,0.995419847328244,0.995419847328244,0.99390243902439,TRUE,"subset",TRUE,FALSE,FALSE
"lcRaD5TWwfpodYzMoXd","lcRWew73tg46BREIAQH",5.66192422433413,84,0.24180233724406,0.175330178170958,0.392935545765224,1.27650620119383,FALSE,1,1,0.687385740402194,FALSE,NA,NA,NA,FALSE
"lcRAFitJGNH0gVPVqRV","lcRlGpH2R6vhBnGyRve",0.0363159718871353,75,-0.0318414966254766,0.0766764268865327,0.374604516755919,1.34970087614319,FALSE,1,1,0.263320123293703,FALSE,NA,NA,NA,FALSE
"lcRAsfAXRGe9UG5RbL2","lcRR4pS5HHrXBMecOkH",5.82087540241251,227,0.631005681141299,0.00442492451144981,1.0886964680286,1.40795587717761,FALSE,0.998237885462555,0.741977734119188,0.998237885462555,FALSE,NA,NA,NA,FALSE
"lcRBAPqBFeOuB4RBZEw","lcRUmLOD1YtOfpaVVgz",1.48749716129221,23,-0.156646588289652,-0.700924643294863,0.474211085531352,1.80200437667696,FALSE,1,0.917992656058752,1,FALSE,NA,NA,NA,FALSE
"lcRbAyeYbFWpxuGjpec","lcRiR4XJgeC7VQpcxVh",5.76487134935648,21,-0.494660536705655,-0.168237799698587,1.71575573171756,1.48984959624363,FALSE,0.997596153846154,0.997596153846154,0.267569310122502,FALSE,NA,NA,NA,FALSE
"lcRBl3G6PJMCkCs2jEz","lcRGlvAC1hl8cKKtJPJ",0,64,-0.328235390201432,0.102483836243495,2.97228946601271,1.32911239211957,FALSE,1,0.662222222222222,1,FALSE,NA,NA,NA,FALSE
"lcRc0Eaz49e5S6lWxLt","lcRNiUzihvdht0JMqXP",0.531254915037409,31,0.412429239876606,0.363249953939674,1.00243676209879,1.10952696634645,FALSE,0.868721461187215,0.490335051546392,0.868721461187215,FALSE,NA,NA,NA,FALSE
"lcRc3JfUeevCGSlgPlR","lcRKdFwpwwCh6egzdTr",2.55262617363931,77,0.519122248301731,-0.0239626555459991,1.9685003381414,1.42161138340256,FALSE,1,0.958885017421603,1,FALSE,NA,NA,NA,FALSE
"lcRCAwCLeLf2Ass8e8d","lcRjHwrv3sQi848C5rd",2.36904263962965,67,0.66427245740303,0.186795462064014,2.75675917885088,1.26560914745285,FALSE,1,1,0.992523364485981,FALSE,NA,NA,NA,FALSE
"lcRCHKx5QtvOClgJsmc","lcRqeLg6mNJQVxtKMK8",0.950629894580896,36,0.114388845361122,-0.16101468106848,0.929485912693192,1.50189402624683,FALSE,1,1,0.726044226044226,FALSE,NA,NA,NA,FALSE
"lcRCl7uFhpHhdt2VCXB","lcRHKZ7szqSj00EvPu1",3.78945343295788,44,0.203844837261628,-0.119806071082109,0.271062912038625,1.47902945841456,FALSE,1,1,0.437875751503006,FALSE,NA,NA,NA,FALSE
"lcRCl7uFhpHhdt2VCXB","lcRU8yYkci6OjS8Y4Mx",3.78945343295788,34,-0.172367178155032,0.00685737075194007,0.414027574427456,1.38783817360579,FALSE,1,1,0.382997370727432,FALSE,NA,NA,NA,FALSE
"lcRCTzFNZIy7tNipQ3C","lcRhZlw1zwrgw5bk1RZ",5.99750915258899,54,0.0902715933205383,-0.0665854367217365,2.66332047114815,1.44669359796654,FALSE,0.982961992136304,0.676284941388638,0.982961992136304,FALSE,NA,NA,NA,FALSE
"lcRCTzFNZIy7tNipQ3C","lcRNLyQFeZFwXLtSB4N",5.99750915258899,59,0.171365091741714,-0.091955494371137,2.8536992031608,1.46501104125714,FALSE,0.979439252336449,0.944995491433724,0.979439252336449,FALSE,NA,NA,NA,FALSE
"lcRCTzFNZIy7tNipQ3C","lcROvQ99NXzU2o3bl1y",3.42584398345546,56,0.0309285834032423,0.0461593586446621,1.95968135373708,1.36857450234891,FALSE,1,0.745716862037872,1,FALSE,NA,NA,NA,FALSE
"lcRdr1mXf7h9m2RMXg7","lcREvnzXCBPDrAKPAdx",6.21931832565503,169,0.838917906285584,0.0656785844203606,0.54540865246353,1.36290863859772,FALSE,1,0.711204875761838,1,FALSE,NA,NA,NA,FALSE
"lcRdV5LoyZvfv5D0c5N","lcRnpPqlmW03OnmEVG4",6.70097053018597,50,0.17272729673027,-0.120530309580322,0.317247716749367,1.48166281189661,FALSE,0.998654104979812,0.747230614300101,0.998654104979812,FALSE,NA,NA,NA,FALSE
"lcRDvLX8Mtk66NsiYvd","lcRwMBTKrn3wvBIUgff",2.30119819093702,66,0.701885223848184,0.60991983640949,0.271818716983707,0.876446153856016,FALSE,0.994773519163763,0.992180712423979,0.994773519163763,FALSE,NA,NA,NA,FALSE
"lcREFsvQV9Z5n99omGW","lcRieKpOwEIOhx612Bq",7.51678100124579,113,0.731556001460905,-0.0371505536614378,1.49495784898399,1.43379934499977,FALSE,1,1,0.799288256227758,FALSE,NA,NA,NA,FALSE
"lcREZHdPQ5fVG7nXsZr","lcRghJCft8ceGjuXpZI",1.7171304296647,61,-0.0522032134149923,-0.0439323951531847,2.19047597290056,1.43285276417407,FALSE,0.882758620689655,0.630541871921182,0.882758620689655,FALSE,NA,NA,NA,FALSE
"lcRFD1pASPuJrXV8HkM","lcRsh87YgD5uMosCCvk",0,63,-0.0734828749852399,0.229611540428571,1.51730046595061,1.23122933627798,FALSE,1,1,0.743285446595878,FALSE,NA,NA,NA,FALSE
"lcRfrr5PzONt6ZBow19","lcRI7sciHWAfXCZjyBa",3.04187172536359,76,-0.224070116121483,-0.173930003699825,2.70469182342808,1.52202339249467,FALSE,0.993421052631579,0.416360294117647,0.993421052631579,FALSE,NA,NA,NA,FALSE
"lcRFUzyLKiYLOgpI35G","lcRGUIJVZXUOcOOW3Z2",0.849965134431004,211,0.85929695502661,0.0275336537466755,1.09346574329589,1.39128397829365,FALSE,1,0.932741116751269,1,FALSE,NA,NA,NA,FALSE
"lcRHKZ7szqSj00EvPu1","lcRU8yYkci6OjS8Y4Mx",0,77,0.655470857901564,-0.0669653762523194,0.558909685882528,1.45115564853928,FALSE,0.99498997995992,0.99498997995992,0.870289219982472,FALSE,NA,NA,NA,FALSE
"lcRhvzlxTGuzlHGnB5h","lcRmAOaEqnhncdt7MMw",0,48,0.886222530177877,-0.0447555340825837,1.47715117956646,1.43005363041523,FALSE,1,0.933437744714174,1,FALSE,NA,NA,NA,FALSE
"lcRhZlw1zwrgw5bk1RZ","lcRNLyQFeZFwXLtSB4N",0,43,0.0308824049317485,-0.0818966811788525,0.635575341156885,1.45336659958104,FALSE,1,1,0.713084112149533,FALSE,NA,NA,NA,FALSE
"lcRhZlw1zwrgw5bk1RZ","lcROvQ99NXzU2o3bl1y",3.3355318135459,45,-0.270301465736626,-0.0789527735511018,1.43102930002911,1.45219221841102,FALSE,0.874180865006553,0.874180865006553,0.806529625151149,FALSE,NA,NA,NA,FALSE
"lcRibcytgNyGsDyKKLM","lcRnTdhTn8R97r7FUvb",5.24257008462635,36,0.333337444402355,0.0749733373102581,0.647586778529335,1.34059488994255,FALSE,1,1,0.51055900621118,FALSE,NA,NA,NA,FALSE
"lcRibcytgNyGsDyKKLM","lcRzk16RCDWNQRVxBqJ",5.47142296328648,29,0.63236305039114,-0.327694227714126,2.16741488807623,1.60017285111599,FALSE,1,1,0.672667757774141,FALSE,NA,NA,NA,FALSE
"lcRIOjiPAOx2bl9UByb","lcRlitJ6bhFM9Vjj8fn",5.46916690501793,53,0.909256299623115,0.164281437408556,1.80226176281574,1.28034921156095,FALSE,0.91644908616188,0.588186007540846,0.91644908616188,FALSE,NA,NA,NA,FALSE
"lcRjTSG8NiwC4WPrBPt","lcRYEtQkGT6a1TOixWi",0,92,0.470811584549509,0.00360745950979704,1.48370865349301,1.4038825961692,FALSE,1,1,0.819868342309994,FALSE,NA,NA,NA,FALSE
"lcRL2Xw4Ev2MMnetOPs","lcRvNs5SBal2ra1WRTO",6.83440536862987,41,0.5323256117023,0.125048779961909,0.762777331617354,1.30619863691334,FALSE,1,0.741792929292929,1,FALSE,NA,NA,NA,FALSE
"lcRNLyQFeZFwXLtSB4N","lcROvQ99NXzU2o3bl1y",3.3355318135459,46,-0.11792758852707,-0.252599017425381,1.22125199859947,1.5650964722373,FALSE,1,0.772897196261682,1,FALSE,NA,NA,NA,FALSE
"lcRnOCNKmfHWk2l61dP","lcRVlyku7zu3eUFEXQy",0.275106383921027,24,0.357897460622586,0.00328885300795328,0.929793585197054,1.38085182386201,FALSE,0.998420221169036,0.998420221169036,0.584103512014787,FALSE,NA,NA,NA,FALSE
"lcRnTdhTn8R97r7FUvb","lcRzk16RCDWNQRVxBqJ",0.423517558945513,43,0.689281359671074,-0.158954501146662,1.74186798353882,1.50423425460096,FALSE,1,0.759006211180124,1,FALSE,NA,NA,NA,FALSE
"lcRoVbGfxemWxllmEZb","lcRsf21p4wU7j4W4zKZ",0,51,0.132725775551613,-0.290054506050321,1.16677586384524,1.59012792940022,FALSE,1,1,0.308745247148289,FALSE,NA,NA,NA,FALSE
"lcRP7K41BQ5VYqRj9K5","lcRrNWQLJu0PRwmjzIT",6.0809406457764,49,0.0582215048968761,0.0652283124340666,1.42931824702142,1.35299466178423,FALSE,0.996563573883162,0.996563573883162,0.525838621940163,FALSE,NA,NA,NA,FALSE
"lcRP7K41BQ5VYqRj9K5","lcRyVaE1ilXW8nn80JI",6.0809406457764,29,-0.333134651986091,-0.182606527500193,1.62521349727007,1.51021228977218,FALSE,0.695876288659794,0.695876288659794,0.462328767123288,FALSE,NA,NA,NA,FALSE
"lcRQFokEbGrfUoUagko","lcRQLfe48ylXM6kZ0t3",0,18,0.476737239107789,0.0846351297207912,0.347080115851318,1.3126460893248,FALSE,1,0.484682713347921,1,FALSE,NA,NA,NA,FALSE
"lcRQk6hS2gRNmca04hk","lcRZVovjQI8ZyzfZb9M",4.81472878097016,59,-0.219831669660967,0.00313069798061215,6.07702875561715,1.39977276745937,FALSE,1,1,0.842105263157895,FALSE,NA,NA,NA,FALSE
"lcRrNWQLJu0PRwmjzIT","lcRyVaE1ilXW8nn80JI",0,63,0.612402093335667,0.278260946920762,0.455489113183776,1.19171985014115,FALSE,1,0.794197642792384,1,FALSE,NA,NA,NA,FALSE
"lcRryE2REIGCnOYFhHr","lcRYQt0j6aVZxOKpTg7",0.953741277292928,22,0.0865988105871613,0.349578026108785,2.41514838692249,1.11305839823795,FALSE,0.79030303030303,0.58266309204647,0.79030303030303,FALSE,NA,NA,NA,FALSE
"lcRS1m4SruDchedQBQR","lcRwzmZznTUZS0HUVuu",3.69470158365712,30,0.2400135040265,0.22900058761244,0.98662886151137,1.22017476269058,FALSE,0.999036608863198,0.999036608863198,0.920959147424512,FALSE,NA,NA,NA,FALSE
"LPD6e4ccc39","M2Lgulwr3fmP",0,97,0.553568979044978,-0.0268286399363303,30.9015073715976,1.42557532825896,FALSE,0.996042337781868,0.988310502283105,0.996042337781868,FALSE,NA,NA,NA,FALSE
"LPD6e4ccc39","M2Lmcalxjr0P",0,97,0.708777720763049,0.0176378144898108,14.4414211376479,1.39436669931391,FALSE,0.996042337781868,0.988310502283105,0.996042337781868,FALSE,NA,NA,NA,FALSE
"LPD6e4ccc39","M2Lycyl84kiP",0,97,0.776014873020502,0.0748768123934116,0.216334069286398,1.35313450014083,FALSE,0.996042337781868,0.988310502283105,0.996042337781868,FALSE,NA,NA,NA,FALSE
"LPD9bb7b0312","M2L2ud8w3tmP",0,212,0.0354363632001819,0.0602653707018126,30.0538683798134,1.36768483992177,FALSE,1,0.960545454545455,1,FALSE,NA,NA,NA,FALSE
"LPD9bb7b0312","M2Lh5wgkh8bP",0,212,0.607421599195135,0.257346164418208,14.2762609853082,1.21584057273742,FALSE,1,0.960545454545455,1,FALSE,NA,NA,NA,FALSE
"LPD9bb7b0312","M2Lrt4mnt25P",0,212,0.864574847166106,0.357381165708407,0.188042035496705,1.13099358742587,FALSE,1,0.960545454545455,1,FALSE,NA,NA,NA,FALSE
"M2L01ztztarP","M2La3lgwa79P",3.43774876580583,43,0.349739644315767,-0.128477922994751,14.5202434538115,1.4843243587698,FALSE,0.998042344732887,0.995124794168255,0.998042344732887,FALSE,NA,NA,NA,FALSE
"M2L01ztztarP","M2Lr1vurcfcP",3.43774876580583,43,0.35500615954777,-0.160168024932079,0.687947683742089,1.50502157906085,FALSE,0.998042344732887,0.995124794168255,0.998042344732887,FALSE,NA,NA,NA,FALSE
"M2L01ztztarP","M2Lypiizu4hP",3.43774876580583,43,0.313213388156905,-0.0739345894427764,27.7516460262985,1.44800878330594,FALSE,0.998042344732887,0.995124794168255,0.998042344732887,FALSE,NA,NA,NA,FALSE
"M2L076c83tgP","M2LdjjxzkgtP",1.21322430721561,41,-0.524114908648468,-0.424359606608955,32.5072838666262,1.66658370113459,FALSE,1,0.9776716100992,1,FALSE,NA,NA,NA,FALSE
"M2L076c83tgP","M2Lfut6kmdqP",1.21322430721561,41,0.0109632949465996,-0.299260850996559,1.24255904178127,1.5917156339759,FALSE,1,0.9776716100992,1,FALSE,NA,NA,NA,FALSE
"M2L076c83tgP","M2Lha822fsjP",1.21322430721561,41,-0.438881408278046,-0.465368741864323,16.8130623211933,1.69040499485639,FALSE,1,0.9776716100992,1,FALSE,NA,NA,NA,FALSE
"M2L12j0pz7pP","M2L1y96uk9tP",1.96025303730793,37,0.0995335822308141,0.221821055788184,12.5312340093863,1.23009175464935,FALSE,0.95617374328941,0.95617374328941,0.952547646830027,FALSE,NA,NA,NA,FALSE
"M2L12j0pz7pP","M2L2fdtu9tbP",1.96025303730793,37,-0.0978476371916838,0.132325154755248,23.5545661709446,1.2989016638762,FALSE,0.95617374328941,0.95617374328941,0.952547646830027,FALSE,NA,NA,NA,FALSE
"M2L12j0pz7pP","M2L63wmizbwP",2.74799098251567,23,0.0485015234349887,-0.0920717006484167,0.326818383825085,1.44390586804796,FALSE,1,0.48862859931674,1,FALSE,NA,NA,NA,FALSE
"M2L12j0pz7pP","M2L8gmvex23P",2.74799098251567,23,-0.0252624007984562,-0.175677303857358,24.0001321805737,1.49815715224358,FALSE,1,0.48862859931674,1,FALSE,NA,NA,NA,FALSE
"M2L12j0pz7pP","M2L9cq2topxP",1.37411311595715,30,-0.0730151740598988,0.0841620626679677,12.5545249638397,1.32985511902864,FALSE,1,0.940946803318692,1,FALSE,NA,NA,NA,FALSE
"M2L12j0pz7pP","M2L9odyggj2P",2.22389853289073,29,-0.498891993420235,-0.17922490065567,0.676771593738468,1.50805154131565,FALSE,0.995874161939144,0.94241093216203,0.995874161939144,FALSE,NA,NA,NA,FALSE
"M2L12j0pz7pP","M2Lg6imny8yP",1.37411311595715,30,-0.0274842190774835,0.151361729631206,23.4567704415066,1.28013661906485,FALSE,1,0.940946803318692,1,FALSE,NA,NA,NA,FALSE
"M2L12j0pz7pP","M2Lld263nsyP",2.22389853289073,29,-0.238354297034834,-0.0575180816612929,23.6259023090242,1.42811034499777,FALSE,0.995874161939144,0.94241093216203,0.995874161939144,FALSE,NA,NA,NA,FALSE
"M2L12j0pz7pP","M2Lq29vcf9oP",1.96025303730793,37,0.200110413282445,0.24219251347612,0.386827786813434,1.21388407895061,FALSE,0.95617374328941,0.95617374328941,0.952547646830027,FALSE,NA,NA,NA,FALSE
"M2L12j0pz7pP","M2Lq4eapjlvP",1.37411311595715,30,-0.113190106966419,0.027293386169039,0.554328804660552,1.37052180315198,FALSE,1,0.940946803318692,1,FALSE,NA,NA,NA,FALSE
"M2L12j0pz7pP","M2Lubfra1b3P",2.74799098251567,23,0.0605157483313428,-0.122433166159684,12.718189665162,1.46383979778444,FALSE,1,0.48862859931674,1,FALSE,NA,NA,NA,FALSE
"M2L12j0pz7pP","M2LxwlndmzqP",2.22389853289073,29,-0.427542701775654,-0.118117966254057,12.5999104149369,1.46845849906968,FALSE,0.995874161939144,0.94241093216203,0.995874161939144,FALSE,NA,NA,NA,FALSE
"M2L1araoamkP","M2L56xlqdy9P",0.804706830721484,69,0.0116785623169122,0.0782100282115603,0.783275625022722,1.34776425008916,FALSE,0.999514798641436,0.999514798641436,0.884499785315586,FALSE,NA,NA,NA,FALSE
"M2L1araoamkP","M2L8tu5bymcP",0.804706830721484,69,0.0555522761271406,0.119283093534668,15.2319206072677,1.31739529925729,FALSE,0.999514798641436,0.999514798641436,0.884499785315586,FALSE,NA,NA,NA,FALSE
"M2L1araoamkP","M2Lbkd197eqP",0.80470683072034,32,0.0277462286597999,-0.0719428771752762,0.690158772884832,1.4403916652673,FALSE,0.999029597282872,0.999029597282872,0.973982970671712,FALSE,NA,NA,NA,FALSE
"M2L1araoamkP","M2Lk4xoowpzP",0.80470683072034,32,0.0990116764933193,0.170805094846508,15.9341575209206,1.26684385968169,FALSE,0.999029597282872,0.999029597282872,0.973982970671712,FALSE,NA,NA,NA,FALSE
"M2L1araoamkP","M2LrtejenybP",0.80470683072034,32,-0.0866171485999922,-0.312511735601284,14.1188161893588,1.59384606995537,FALSE,0.999029597282872,0.999029597282872,0.973982970671712,FALSE,NA,NA,NA,FALSE
"M2L1araoamkP","M2Lybj31kyvP",0.804706830721484,69,0.00841129298658031,-0.0124330508595989,13.2337554220573,1.41247607379625,FALSE,0.999514798641436,0.999514798641436,0.884499785315586,FALSE,NA,NA,NA,FALSE
"M2L1rw0lmbhP","M2Larzon6irP",0.646975569887365,16,0.256084702610019,0.339473868758897,0.711362382445328,1.11039727649615,FALSE,0.99096545615589,0.837801407817882,0.99096545615589,FALSE,NA,NA,NA,FALSE
"M2L1rw0lmbhP","M2Lfauth4q5P",0.646975569887365,16,-0.281569955162568,-0.105159378888487,36.6769750737116,1.43630225716079,FALSE,0.99096545615589,0.837801407817882,0.99096545615589,FALSE,NA,NA,NA,FALSE
"M2L1rw0lmbhP","M2LfdkrvgyhP",0.646975569887365,16,-0.5035354133893,0.10372825488553,18.0626891510702,1.29346070326096,FALSE,0.99096545615589,0.837801407817882,0.99096545615589,FALSE,NA,NA,NA,FALSE
"M2L1y96uk9tP","M2L3kv6qdyoP",1.96025303730793,37,0.212238808406643,0.259814940826028,0.353429604297246,1.19968692839908,FALSE,0.95617374328941,0.952547646830027,0.95617374328941,FALSE,NA,NA,NA,FALSE
"M2L1y96uk9tP","M2L63wmizbwP",3.41432664486167,18,0.021110328063536,-0.365865152148646,12.4831655468308,1.60344637777428,FALSE,0.955653216140631,0.465188642551536,0.955653216140631,FALSE,NA,NA,NA,FALSE
"M2L1y96uk9tP","M2L71os9l75P",1.96025303730793,37,0.539176048387579,0.276063424797745,11.1409471667667,1.18644614365009,FALSE,0.95617374328941,0.952547646830027,0.95617374328941,FALSE,NA,NA,NA,FALSE
"M2L1y96uk9tP","M2L8gmvex23P",3.41432664486167,18,0.196957398457679,-0.205004249823417,11.3916352081876,1.50606882106538,FALSE,0.955653216140631,0.465188642551536,0.955653216140631,FALSE,NA,NA,NA,FALSE
"M2L1y96uk9tP","M2L9cq2topxP",3.28794099047595,29,0.0236302073591776,0.27479247295974,0.44693757509795,1.18263033803247,FALSE,0.953423236514523,0.893718397510696,0.953423236514523,FALSE,NA,NA,NA,FALSE
"M2L1y96uk9tP","M2L9odyggj2P",1.96003316945663,27,0.140473768132362,-0.101590694752033,12.4419576448757,1.45548742480102,FALSE,0.949561629706034,0.895176973940101,0.949561629706034,FALSE,NA,NA,NA,FALSE
"M2L1y96uk9tP","M2Lg6imny8yP",3.28794099047595,29,0.0463415816427799,0.336070743930247,10.9559301557052,1.13156307550609,FALSE,0.953423236514523,0.893718397510696,0.953423236514523,FALSE,NA,NA,NA,FALSE
"M2L1y96uk9tP","M2Lld263nsyP",1.96003316945663,27,0.0445561296333768,-0.0514891751871392,11.1256596539093,1.42200371577137,FALSE,0.949561629706034,0.895176973940101,0.949561629706034,FALSE,NA,NA,NA,FALSE
"M2L1y96uk9tP","M2Lq4eapjlvP",3.28794099047595,29,-0.0151629123497089,0.197375634079432,12.4543013922872,1.24415369628903,FALSE,0.953423236514523,0.893718397510696,0.953423236514523,FALSE,NA,NA,NA,FALSE
"M2L1y96uk9tP","M2Lubfra1b3P",3.41432664486167,18,0.146079005646016,-0.333738974861954,0.273743921707405,1.58447703741427,FALSE,0.955653216140631,0.465188642551536,0.955653216140631,FALSE,NA,NA,NA,FALSE
"M2L1y96uk9tP","M2LxwlndmzqP",1.96003316945663,27,0.134254212697902,-0.0784650665164021,0.514916040952083,1.44012891150838,FALSE,0.949561629706034,0.895176973940101,0.949561629706034,FALSE,NA,NA,NA,FALSE
"M2L20ra7wjfP","M2Lj91asrlrP",4.54782903976414,10,NA,NA,NA,NA,FALSE,0.702678248280854,NA,NA,FALSE,NA,NA,NA,FALSE
"M2L20ra7wjfP","M2Lppfxxw0rP",4.54782903976414,23,-0.497561283614468,-0.182587830304023,0.981317760745651,1.50255371818613,FALSE,0.881509032943677,0.881509032943677,0.783162863886703,FALSE,NA,NA,NA,FALSE
"M2L20ra7wjfP","M2Lrn7z839uP",4.54782903976414,10,NA,NA,NA,NA,FALSE,0.702678248280854,NA,NA,FALSE,NA,NA,NA,FALSE
"M2L20ra7wjfP","M2Ls7w55knhP",4.54782903976414,23,-0.498745307510537,-0.183198556015489,16.0807948090969,1.50294165120894,FALSE,0.881509032943677,0.881509032943677,0.783162863886703,FALSE,NA,NA,NA,FALSE
"M2L20ra7wjfP","M2Lsjkmjs0cP",4.54782903976414,10,NA,NA,NA,NA,FALSE,0.702678248280854,NA,NA,FALSE,NA,NA,NA,FALSE
"M2L20ra7wjfP","M2Lvr18g4z8P",4.54782903976414,23,-0.0680321993513407,-0.0132355801807227,15.3027550445558,1.39081229319073,FALSE,0.881509032943677,0.881509032943677,0.783162863886703,FALSE,NA,NA,NA,FALSE
"M2L215porczP","M2L64f6irzrP",6.74182868505579,32,0.920641378407762,0.2734095662173,0.270738248858452,1.1858769183123,FALSE,1,1,0.987993171293021,FALSE,NA,NA,NA,FALSE
"M2L215porczP","M2Lh2rwmljaP",6.74182868505579,32,0.787319801535428,-0.0892819899636619,14.8148949776936,1.45199439479301,FALSE,1,1,0.987993171293021,FALSE,NA,NA,NA,FALSE
"M2L215porczP","M2Lqr52aoj9P",6.74182868505579,32,0.8266678816393,0.393602785654225,17.0096519054987,1.0833614483477,FALSE,1,1,0.987993171293021,FALSE,NA,NA,NA,FALSE
"M2L22e53lc9P","M2Lj2a34shzP",7.1138677081317,18,-0.107462957824591,-0.385180656568404,16.9269220430469,1.61474421595257,FALSE,0.985942991019133,0.927286081527727,0.985942991019133,FALSE,NA,NA,NA,FALSE
"M2L22e53lc9P","M2Lr8ym3fooP",7.1138677081317,18,0.710284877307117,0.489239162559782,18.8122478571879,0.980526473173137,FALSE,0.985942991019133,0.927286081527727,0.985942991019133,FALSE,NA,NA,NA,FALSE
"M2L22e53lc9P","M2Lwxwvqju6P",7.1138677081317,18,0.754311411170315,0.436625944415153,1.07688088961194,1.02979066344216,FALSE,0.985942991019133,0.927286081527727,0.985942991019133,FALSE,NA,NA,NA,FALSE
"M2L2fdtu9tbP","M2L3kv6qdyoP",1.96025303730793,37,0.0156196766802244,0.172574767824414,11.0196859811465,1.26841727987953,FALSE,0.95617374328941,0.952547646830027,0.95617374328941,FALSE,NA,NA,NA,FALSE
"M2L2fdtu9tbP","M2L63wmizbwP",3.41432664486167,18,0.155767717039664,-0.511958516524764,23.4399726550911,1.68702091288674,FALSE,0.955653216140631,0.465188642551536,0.955653216140631,FALSE,NA,NA,NA,FALSE
"M2L2fdtu9tbP","M2L71os9l75P",1.96025303730793,37,0.45926891121711,0.222997675984966,0.279271273293342,1.22916144271265,FALSE,0.95617374328941,0.952547646830027,0.95617374328941,FALSE,NA,NA,NA,FALSE
"M2L2fdtu9tbP","M2L8gmvex23P",3.41432664486167,18,0.259260501234587,-0.414446657973808,0.493670696119128,1.6317131570145,FALSE,0.955653216140631,0.465188642551536,0.955653216140631,FALSE,NA,NA,NA,FALSE
"M2L2fdtu9tbP","M2L9cq2topxP",3.28794099047595,29,-0.02466003246791,0.225173552500111,10.9966051147072,1.22241897430864,FALSE,0.953423236514523,0.893718397510696,0.953423236514523,FALSE,NA,NA,NA,FALSE
"M2L2fdtu9tbP","M2L9odyggj2P",1.96003316945663,27,0.288699131711718,-0.130599656654376,23.44558470066,1.47452707976175,FALSE,0.949561629706034,0.895176973940101,0.949561629706034,FALSE,NA,NA,NA,FALSE
"M2L2fdtu9tbP","M2Lg6imny8yP",3.28794099047595,29,-0.00092080244345818,0.263391892584409,0.591517114877714,1.1918898229349,FALSE,0.953423236514523,0.893718397510696,0.953423236514523,FALSE,NA,NA,NA,FALSE
"M2L2fdtu9tbP","M2Lld263nsyP",1.96003316945663,27,0.107521670080008,-0.0874078611738713,0.676284747673204,1.4460874675468,FALSE,0.949561629706034,0.895176973940101,0.949561629706034,FALSE,NA,NA,NA,FALSE
"M2L2fdtu9tbP","M2Lq4eapjlvP",3.28794099047595,29,-0.052975688387266,0.165663007757235,23.4524881986904,1.26849457430437,FALSE,0.953423236514523,0.893718397510696,0.953423236514523,FALSE,NA,NA,NA,FALSE
"M2L2fdtu9tbP","M2Lubfra1b3P",3.41432664486167,18,0.273597620224082,-0.506831524235827,10.8519241609014,1.68415817294657,FALSE,0.955653216140631,0.465188642551536,0.955653216140631,FALSE,NA,NA,NA,FALSE
"M2L2fdtu9tbP","M2LxwlndmzqP",1.96003316945663,27,0.267761936088755,-0.108535443332738,10.9673718794012,1.46006812494693,FALSE,0.949561629706034,0.895176973940101,0.949561629706034,FALSE,NA,NA,NA,FALSE
"M2L2zeaxrnkP","M2Lj91asrlrP",4.54782903976414,10,NA,NA,NA,NA,FALSE,0.702678248280854,NA,NA,FALSE,NA,NA,NA,FALSE
"M2L2zeaxrnkP","M2Lppfxxw0rP",4.54782903976414,23,-0.480545451467254,-0.148193072680549,13.9580948810171,1.4805421158939,FALSE,0.881509032943677,0.881509032943677,0.783162863886703,FALSE,NA,NA,NA,FALSE
"M2L2zeaxrnkP","M2Lrn7z839uP",4.54782903976414,10,NA,NA,NA,NA,FALSE,0.702678248280854,NA,NA,FALSE,NA,NA,NA,FALSE
"M2L2zeaxrnkP","M2Ls7w55knhP",4.54782903976414,23,-0.480192610095895,-0.199145207305914,30.507139856671,1.51303576096127,FALSE,0.881509032943677,0.881509032943677,0.783162863886703,FALSE,NA,NA,NA,FALSE
"M2L2zeaxrnkP","M2Lsjkmjs0cP",4.54782903976414,10,NA,NA,NA,NA,FALSE,0.702678248280854,NA,NA,FALSE,NA,NA,NA,FALSE
"M2L2zeaxrnkP","M2Lvr18g4z8P",4.54782903976414,23,-0.0724864558235485,0.0822881216344162,1.27864846635992,1.32362963254548,FALSE,0.881509032943677,0.881509032943677,0.783162863886703,FALSE,NA,NA,NA,FALSE
"M2L3288iu79P","PYT1E1CJVRF",0,66,0.368211914155407,-0.305755549341598,1.44589781692932,1.60353796489428,FALSE,1,1,0.795286010928686,FALSE,NA,NA,NA,FALSE
"M2L3khz4mxcP","PYT1E1CJVRF",0,66,0.361963947835959,-0.249002510000316,16.5629446955527,1.56830295974314,FALSE,1,1,0.795286010928686,FALSE,NA,NA,NA,FALSE
"M2L3kv6qdyoP","M2L63wmizbwP",2.74799098251567,23,0.0532393992083233,-0.176797018005764,12.4446557105621,1.49887040431123,FALSE,1,0.48862859931674,1,FALSE,NA,NA,NA,FALSE
"M2L3kv6qdyoP","M2L8gmvex23P",2.74799098251567,23,-0.0159997168378792,-0.253732599190786,11.4403909399872,1.54709065912313,FALSE,1,0.48862859931674,1,FALSE,NA,NA,NA,FALSE
"M2L3kv6qdyoP","M2L9cq2topxP",1.37411311595715,30,-0.0137681802641886,0.259397311948962,0.52797749914728,1.19588014811279,FALSE,1,0.940946803318692,1,FALSE,NA,NA,NA,FALSE
"M2L3kv6qdyoP","M2L9odyggj2P",2.22389853289073,29,-0.436238645615653,-0.216245013270229,12.4505320996842,1.53154019951663,FALSE,0.995874161939144,0.94241093216203,0.995874161939144,FALSE,NA,NA,NA,FALSE
"M2L3kv6qdyoP","M2Lg6imny8yP",1.37411311595715,30,0.00526402445349965,0.315780950258359,10.9316219428045,1.1494566450334,FALSE,1,0.940946803318692,1,FALSE,NA,NA,NA,FALSE
"M2L3kv6qdyoP","M2Lld263nsyP",2.22389853289073,29,-0.24346453613374,-0.109830418477138,11.1047516042857,1.46300623226098,FALSE,0.995874161939144,0.94241093216203,0.995874161939144,FALSE,NA,NA,NA,FALSE
"M2L3kv6qdyoP","M2Lq29vcf9oP",1.96025303730793,37,0.300340394944388,0.27482498724542,12.5200042732851,1.18746053610239,FALSE,0.95617374328941,0.95617374328941,0.952547646830027,FALSE,NA,NA,NA,FALSE
"M2L3kv6qdyoP","M2Lq4eapjlvP",1.37411311595715,30,-0.0441374861372305,0.191464219604698,12.457285375133,1.24952409840206,FALSE,1,0.940946803318692,1,FALSE,NA,NA,NA,FALSE
"M2L3kv6qdyoP","M2Lubfra1b3P",2.74799098251567,23,0.0763404273215979,-0.200980168781993,0.340059304072967,1.51419296069562,FALSE,1,0.48862859931674,1,FALSE,NA,NA,NA,FALSE
"M2L3kv6qdyoP","M2LxwlndmzqP",2.22389853289073,29,-0.380934481672893,-0.163022016837835,0.660384310529061,1.4976551780944,FALSE,0.995874161939144,0.94241093216203,0.995874161939144,FALSE,NA,NA,NA,FALSE
"M2L49808xevP","M2Llq9tn1s2P",0.333584779933689,17,0.63028730110381,0.414351955079562,17.9485805868226,1.04789793597746,FALSE,0.997553303040895,0.762897620956963,0.997553303040895,FALSE,NA,NA,NA,FALSE
"M2L49808xevP","M2Lmlhwb0htP",0.333584779933689,17,0.478754882915661,0.249887663184272,0.42835460978144,1.18594292928854,FALSE,0.997553303040895,0.762897620956963,0.997553303040895,FALSE,NA,NA,NA,FALSE
"M2L49808xevP","M2Lx4f7rbp8P",0.333584779933689,17,0.0968155257519307,-0.0967864564321302,34.0516467698342,1.43404135428873,FALSE,0.997553303040895,0.762897620956963,0.997553303040895,FALSE,NA,NA,NA,FALSE
"M2L49808xevP","PYT7ZDYFS88",0.333584779933689,22,0.385504866574333,0.194429805129718,25.3914798466247,1.23871684367354,FALSE,1,0.998930767174552,1,FALSE,NA,NA,NA,FALSE
"M2L49808xevP","PYTC38VBYRL",0.333584779933689,22,0.422744206909992,0.313299377775823,25.4284395585834,1.14367879458741,FALSE,1,0.998930767174552,1,FALSE,NA,NA,NA,FALSE
"M2L4attyxxdP","M2L54ah2uwsP",4.32866189172887,32,-0.109767193090182,-0.230699784640402,11.4250295018675,1.54337279462059,FALSE,1,0.854335475458694,1,FALSE,NA,NA,NA,FALSE
"M2L4attyxxdP","M2L8o4qa5uuP",4.32866189172887,32,0.0417002697173103,0.0150268194280515,1.21776981629253,1.38072434045786,FALSE,1,0.854335475458694,1,FALSE,NA,NA,NA,FALSE
"M2L4attyxxdP","M2Lynyi720vP",4.32866189172887,32,0.134651870554875,0.165603061920362,11.4330146083637,1.27081147918879,FALSE,1,0.854335475458694,1,FALSE,NA,NA,NA,FALSE
"M2L4cnsa1n7P","M2La3lgwa79P",3.43774876580583,43,0.304434391978645,-0.129426369572235,0.500500533073343,1.48494798934831,FALSE,0.998042344732887,0.995124794168255,0.998042344732887,FALSE,NA,NA,NA,FALSE
"M2L4cnsa1n7P","M2Lr1vurcfcP",3.43774876580583,43,0.286683923281937,-0.158455683343034,14.7863571765654,1.50391050609283,FALSE,0.998042344732887,0.995124794168255,0.998042344732887,FALSE,NA,NA,NA,FALSE
"M2L4cnsa1n7P","M2Lypiizu4hP",3.43774876580583,43,0.292757043515031,-0.0835990027262016,13.1526816495678,1.45450955752846,FALSE,0.998042344732887,0.995124794168255,0.998042344732887,FALSE,NA,NA,NA,FALSE
"M2L4j68oy6fP","M2Lj91asrlrP",6.27919580513397,14,-0.332739795847443,-0.275527198454235,0.861908945126368,1.53454209564291,FALSE,1,1,0.989504162142599,FALSE,NA,NA,NA,FALSE
"M2L4j68oy6fP","M2Lppfxxw0rP",6.27919580513397,24,-0.360928956522447,0.0263839329021611,14.0483601303284,1.3647600036239,FALSE,0.951536210680322,0.951536210680322,0.818725413060582,FALSE,NA,NA,NA,FALSE
"M2L4j68oy6fP","M2Lrn7z839uP",6.27919580513397,14,-0.467651473843999,-0.334518550057404,14.1381894948436,1.56962624657978,FALSE,1,1,0.989504162142599,FALSE,NA,NA,NA,FALSE
"M2L4j68oy6fP","M2Ls7w55knhP",6.27919580513397,24,-0.194834421200292,0.191266747331963,30.5737305803041,1.24384157941005,FALSE,0.951536210680322,0.951536210680322,0.818725413060582,FALSE,NA,NA,NA,FALSE
"M2L4j68oy6fP","M2Lsjkmjs0cP",6.27919580513397,14,-0.443568708539606,-0.19969302968002,30.7918150848514,1.48822642798323,FALSE,1,1,0.989504162142599,FALSE,NA,NA,NA,FALSE
"M2L4j68oy6fP","M2Lvr18g4z8P",6.27919580513397,24,-0.403830614086532,-0.293943722595318,0.834950283081319,1.57333105217801,FALSE,0.951536210680322,0.951536210680322,0.818725413060582,FALSE,NA,NA,NA,FALSE
"M2L54ah2uwsP","M2Lv02p3n8eP",4.32866189172887,32,-0.0664009102122343,-0.18700296513725,22.4106296721807,1.51572592965022,FALSE,1,1,0.854335475458694,FALSE,NA,NA,NA,FALSE
"M2L54ah2uwsP","M2Lz7ewxd8jP",4.32866189172887,32,-0.144665502683269,-0.242636354474295,1.0669397726989,1.55083932809403,FALSE,1,1,0.854335475458694,FALSE,NA,NA,NA,FALSE
"M2L56xlqdy9P","M2Lbkd197eqP",1.60941365852314,33,-0.0377849092610931,0.107088566344422,0.82159025104147,1.31530068908508,FALSE,1,0.907685702018033,1,FALSE,NA,NA,NA,FALSE
"M2L56xlqdy9P","M2Lk4xoowpzP",1.60941365852314,33,-0.198651600313655,0.1087197526163,15.5879472130621,1.31409873270844,FALSE,1,0.907685702018033,1,FALSE,NA,NA,NA,FALSE
"M2L56xlqdy9P","M2LrtejenybP",1.60941365852314,33,0.15333814216883,0.0658422847700059,14.4190467021651,1.34533660221452,FALSE,1,0.907685702018033,1,FALSE,NA,NA,NA,FALSE
"M2L56xlqdy9P","M2Lxkkb370mP",0.804706830721484,69,0.0355242661212313,-0.0128603717315694,13.9964688673197,1.41277412650779,FALSE,0.999514798641436,0.884499785315586,0.999514798641436,FALSE,NA,NA,NA,FALSE
"M2L56xlqdy9P","M2Lz9tfayjwP",0.804706830721484,69,-0.0396597849618773,0.104058437900765,14.6638164689906,1.32873319435611,FALSE,0.999514798641436,0.884499785315586,0.999514798641436,FALSE,NA,NA,NA,FALSE
"M2L5mytb4knP","PYTOA7VCI6A",0,46,-0.280789224534743,-0.231719715252333,10.8415716667947,1.551997529653,FALSE,1,0.882978723404255,1,FALSE,NA,NA,NA,FALSE
"M2L5mytb4knP","PYTP017LBRT",0,47,-0.752126429128008,-0.158497008866858,9.40712463825803,1.5055313289884,FALSE,1,1,0.773578035103051,FALSE,NA,NA,NA,FALSE
"M2L63wmizbwP","M2L71os9l75P",2.74799098251567,23,0.0414803357189272,-0.304973514246935,23.5803536516529,1.57838939196044,FALSE,1,1,0.48862859931674,FALSE,NA,NA,NA,FALSE
"M2L63wmizbwP","M2L9cq2topxP",3.43211606645283,16,-0.281127187003452,-0.237279540322974,12.5645081645774,1.51973302763003,FALSE,1,1,0.519294605809129,FALSE,NA,NA,NA,FALSE
"M2L63wmizbwP","M2L9odyggj2P",1.61396031554389,15,0.0453789230896843,0.470175864186615,0.447415307720769,0.991947130328887,FALSE,1,1,0.516348633316142,FALSE,NA,NA,NA,FALSE
"M2L63wmizbwP","M2Lg6imny8yP",3.43211606645283,16,-0.318401859927979,-0.370954767669361,23.4025984539287,1.59972359059812,FALSE,1,1,0.519294605809129,FALSE,NA,NA,NA,FALSE
"M2L63wmizbwP","M2Lld263nsyP",1.61396031554389,15,-0.188606841783089,0.328332941540702,23.4936636618563,1.11686242662015,FALSE,1,1,0.516348633316142,FALSE,NA,NA,NA,FALSE
"M2L63wmizbwP","M2Lq29vcf9oP",3.41432664486167,18,-0.0269494315445459,-0.297657128710993,0.29040896260438,1.56289753754613,FALSE,0.955653216140631,0.955653216140631,0.465188642551536,FALSE,NA,NA,NA,FALSE
"M2L63wmizbwP","M2Lq4eapjlvP",3.43211606645283,16,-0.248429008373305,-0.125065268184297,0.547359630027503,1.44917971071362,FALSE,1,1,0.519294605809129,FALSE,NA,NA,NA,FALSE
"M2L63wmizbwP","M2LxwlndmzqP",1.61396031554389,15,-0.0478127189577598,0.423909624455716,12.5490943022443,1.03435106516637,FALSE,1,1,0.516348633316142,FALSE,NA,NA,NA,FALSE
"M2L64f6irzrP","M2L7q0kqi5iP",6.74182868505579,32,0.770007509555238,0.201912273619746,16.6109267462496,1.24285394235457,FALSE,1,0.987993171293021,1,FALSE,NA,NA,NA,FALSE
"M2L64f6irzrP","M2Le6f1uo55P",6.74182868505579,32,0.890628873662435,0.323919592480005,14.9561606661564,1.14391552320626,FALSE,1,0.987993171293021,1,FALSE,NA,NA,NA,FALSE
"M2L71os9l75P","M2L8gmvex23P",2.74799098251567,23,-0.066426068733903,-0.348973411793924,0.466243197438205,1.60477813951372,FALSE,1,0.48862859931674,1,FALSE,NA,NA,NA,FALSE
"M2L71os9l75P","M2L9cq2topxP",1.37411311595715,30,0.096993296840242,0.510059833368933,11.1224238683008,0.972672275873582,FALSE,1,0.940946803318692,1,FALSE,NA,NA,NA,FALSE
"M2L71os9l75P","M2L9odyggj2P",2.22389853289073,29,-0.0783073202819408,-0.256605627616377,23.56000324112,1.55674458740123,FALSE,0.995874161939144,0.94241093216203,0.995874161939144,FALSE,NA,NA,NA,FALSE
"M2L71os9l75P","M2Lg6imny8yP",1.37411311595715,30,0.0731109277729353,0.551768859756721,0.668741255803796,0.930349282826609,FALSE,1,0.940946803318692,1,FALSE,NA,NA,NA,FALSE
"M2L71os9l75P","M2Lld263nsyP",2.22389853289073,29,-0.130242044657492,-0.210371769419262,0.745098637096303,1.52783782269305,FALSE,0.995874161939144,0.94241093216203,0.995874161939144,FALSE,NA,NA,NA,FALSE
"M2L71os9l75P","M2Lq29vcf9oP",1.96025303730793,37,0.534282540402478,0.271210283746958,23.6422691998642,1.19041636200805,FALSE,0.95617374328941,0.95617374328941,0.952547646830027,FALSE,NA,NA,NA,FALSE
"M2L71os9l75P","M2Lq4eapjlvP",1.37411311595715,30,0.0846627958418345,0.429587819539688,23.5698556017569,1.04951683638444,FALSE,1,0.940946803318692,1,FALSE,NA,NA,NA,FALSE
"M2L71os9l75P","M2Lubfra1b3P",2.74799098251567,23,0.0582797703594215,-0.312744704907808,10.9897294221301,1.5830821147675,FALSE,1,0.48862859931674,1,FALSE,NA,NA,NA,FALSE
"M2L71os9l75P","M2LxwlndmzqP",2.22389853289073,29,-0.0794913541508464,-0.233817574011174,11.0888059098501,1.54256452743711,FALSE,0.995874161939144,0.94241093216203,0.995874161939144,FALSE,NA,NA,NA,FALSE
"M2L7q0kqi5iP","M2Lh2rwmljaP",6.74182868505579,32,0.468692325755352,-0.236112171087612,31.536689434065,1.54676280335641,FALSE,1,1,0.987993171293021,FALSE,NA,NA,NA,FALSE
"M2L7q0kqi5iP","M2Lqr52aoj9P",6.74182868505579,32,0.874500155659093,0.40813206185262,0.614565384867214,1.07030409138113,FALSE,1,1,0.987993171293021,FALSE,NA,NA,NA,FALSE
"M2L7thzxje2P","M2Lagkzn1giP",3.42591713098236,96,0.748132421205796,0.12941354060763,15.3720983177642,1.31257182005311,FALSE,0.993482052694391,0.993482052694391,0.992570852059066,FALSE,NA,NA,NA,FALSE
"M2L7thzxje2P","M2Lhd1b9ejrP",3.42591713098236,96,0.696925821241034,0.119053808619563,1.00109092905552,1.32035834043371,FALSE,0.993482052694391,0.993482052694391,0.992570852059066,FALSE,NA,NA,NA,FALSE
"M2L7thzxje2P","M2Lqdc73rb2P",3.42591713098236,96,0.588655077103598,0.102897253523598,13.1003328461209,1.33241101742022,FALSE,0.993482052694391,0.993482052694391,0.992570852059066,FALSE,NA,NA,NA,FALSE
"M2L85fol0e4P","M2Lj91asrlrP",6.27919580513397,14,0.700082353278557,0.630445799049944,30.6560271730064,0.825986627885862,FALSE,1,1,0.989504162142599,FALSE,NA,NA,NA,FALSE
"M2L85fol0e4P","M2Lppfxxw0rP",6.27919580513397,24,0.456110886911087,-0.0439828748684353,15.9355937258219,1.41321782828518,FALSE,0.951536210680322,0.951536210680322,0.818725413060582,FALSE,NA,NA,NA,FALSE
"M2L85fol0e4P","M2Lrn7z839uP",6.27919580513397,14,0.728877368719466,0.730895605926235,15.7992917044673,0.704846162035505,FALSE,1,1,0.989504162142599,FALSE,NA,NA,NA,FALSE
"M2L85fol0e4P","M2Ls7w55knhP",6.27919580513397,24,0.279265039478338,-0.0932878642656203,0.906417816864516,1.44620441798354,FALSE,0.951536210680322,0.951536210680322,0.818725413060582,FALSE,NA,NA,NA,FALSE
"M2L85fol0e4P","M2Lsjkmjs0cP",6.27919580513397,14,0.459901742918358,0.434751789671042,1.03946850468121,1.02153568588199,FALSE,1,1,0.989504162142599,FALSE,NA,NA,NA,FALSE
"M2L85fol0e4P","M2Lvr18g4z8P",6.27919580513397,24,0.50135776446454,0.106081790265734,30.6721597616354,1.30770960126122,FALSE,0.951536210680322,0.951536210680322,0.818725413060582,FALSE,NA,NA,NA,FALSE
"M2L8d6q9w3tP","M2Larzon6irP",0.646975569887365,16,-0.0478704785772362,-0.214781720992964,36.3700551663627,1.50585276367032,FALSE,0.99096545615589,0.837801407817882,0.99096545615589,FALSE,NA,NA,NA,FALSE
"M2L8d6q9w3tP","M2Lfauth4q5P",0.646975569887365,16,0.0943732101724145,-0.114692559126498,1.50819241749937,1.44248377588893,FALSE,0.99096545615589,0.837801407817882,0.99096545615589,FALSE,NA,NA,NA,FALSE
"M2L8d6q9w3tP","M2LfdkrvgyhP",0.646975569887365,16,0.683586996102421,-0.270752382229826,18.6671207787844,1.54015295133168,FALSE,0.99096545615589,0.837801407817882,0.99096545615589,FALSE,NA,NA,NA,FALSE
"M2L8gmvex23P","M2L9cq2topxP",3.43211606645283,16,-0.147882919542911,-0.0706248223763662,11.3361472119355,1.4136830155434,FALSE,1,1,0.519294605809129,FALSE,NA,NA,NA,FALSE
"M2L8gmvex23P","M2L9odyggj2P",1.61396031554389,15,0.0576229952236668,0.444737569325991,23.7945600059845,1.01548099783601,FALSE,1,1,0.516348633316142,FALSE,NA,NA,NA,FALSE
"M2L8gmvex23P","M2Lg6imny8yP",3.43211606645283,16,-0.184838459548284,-0.155428230698122,0.904949819479938,1.46860456351253,FALSE,1,1,0.519294605809129,FALSE,NA,NA,NA,FALSE
"M2L8gmvex23P","M2Lld263nsyP",1.61396031554389,15,-0.147754417660042,0.339912137895755,0.946719038948245,1.10719350530682,FALSE,1,1,0.516348633316142,FALSE,NA,NA,NA,FALSE
"M2L8gmvex23P","M2Lq29vcf9oP",3.41432664486167,18,0.163487039518793,-0.129258690531664,23.8729109686499,1.45796550626939,FALSE,0.955653216140631,0.955653216140631,0.465188642551536,FALSE,NA,NA,NA,FALSE
"M2L8gmvex23P","M2Lq4eapjlvP",3.43211606645283,16,-0.129752501564766,-0.00113993293339981,23.7494604165402,1.36703860277451,FALSE,1,1,0.519294605809129,FALSE,NA,NA,NA,FALSE
"M2L8gmvex23P","M2LxwlndmzqP",1.61396031554389,15,-0.00362517093604204,0.424446029226476,11.3423641379497,1.0338694045779,FALSE,1,1,0.516348633316142,FALSE,NA,NA,NA,FALSE
"M2L8o4qa5uuP","M2Lv02p3n8eP",4.32866189172887,32,0.0947396572414702,0.0644803567047615,10.8269899145371,1.34561628281298,FALSE,1,1,0.854335475458694,FALSE,NA,NA,NA,FALSE
"M2L8o4qa5uuP","M2Lz7ewxd8jP",4.32866189172887,32,0.00174108066818422,0.000599279674137375,11.8007450669302,1.39079976086576,FALSE,1,1,0.854335475458694,FALSE,NA,NA,NA,FALSE
"M2L8o5wvg1qP","PYTOA7VCI6A",0,46,-0.167537473696782,-0.216398306630442,12.7635259198531,1.54231464568665,FALSE,1,0.882978723404255,1,FALSE,NA,NA,NA,FALSE
"M2L8o5wvg1qP","PYTP017LBRT",0,47,-0.481336735183624,-0.0233527100088806,15.1009937829402,1.41499534413736,FALSE,1,1,0.773578035103051,FALSE,NA,NA,NA,FALSE
"M2L8sc7gn3mP","M2Lagkzn1giP",3.42591713098236,96,0.50573518402432,-0.0151154553174611,28.8228279424803,1.41734260464576,FALSE,0.993482052694391,0.993482052694391,0.992570852059066,FALSE,NA,NA,NA,FALSE
"M2L8sc7gn3mP","M2Lhd1b9ejrP",3.42591713098236,96,0.465441478617073,0.0326692055736629,14.0379213437935,1.38358112520468,FALSE,0.993482052694391,0.993482052694391,0.992570852059066,FALSE,NA,NA,NA,FALSE
"M2L8sc7gn3mP","M2Lqdc73rb2P",3.42591713098236,96,0.385673582372423,0.100648751839523,0.757190924341037,1.33407975242613,FALSE,0.993482052694391,0.993482052694391,0.992570852059066,FALSE,NA,NA,NA,FALSE
"M2L8tu5bymcP","M2Lbkd197eqP",1.60941365852314,33,-0.062701773582793,0.161017462358737,15.1354431040252,1.27496222166774,FALSE,1,0.907685702018033,1,FALSE,NA,NA,NA,FALSE
"M2L8tu5bymcP","M2Lk4xoowpzP",1.60941365852314,33,-0.364515121813556,0.0763528934217442,1.95227149178698,1.33774671331884,FALSE,1,0.907685702018033,1,FALSE,NA,NA,NA,FALSE
"M2L8tu5bymcP","M2LrtejenybP",1.60941365852314,33,0.28567145984538,0.180223091312124,29.2299621004488,1.26028479344264,FALSE,1,0.907685702018033,1,FALSE,NA,NA,NA,FALSE
"M2L8tu5bymcP","M2Lxkkb370mP",0.804706830721484,69,0.0317663053943029,0.127526070862471,28.8136065123982,1.31121579473375,FALSE,0.999514798641436,0.884499785315586,0.999514798641436,FALSE,NA,NA,NA,FALSE
"M2L8tu5bymcP","M2Lz9tfayjwP",0.804706830721484,69,0.0318515800812656,0.0496574469335658,1.57280087566783,1.36847866427361,FALSE,0.999514798641436,0.884499785315586,0.999514798641436,FALSE,NA,NA,NA,FALSE
"M2L9cq2topxP","M2L9odyggj2P",3.4321160664531,29,0.324219223537299,-0.106119795605561,12.4746437904746,1.46055846660863,FALSE,1,1,0.994326972666323,FALSE,NA,NA,NA,FALSE
"M2L9cq2topxP","M2Lld263nsyP",3.4321160664531,29,0.380466836923026,-0.086887517803853,11.0588116922506,1.44780530904795,FALSE,1,1,0.994326972666323,FALSE,NA,NA,NA,FALSE
"M2L9cq2topxP","M2Lq29vcf9oP",3.28794099047595,29,0.0509188703597216,0.269015916662133,12.5236544094488,1.18733104813522,FALSE,0.953423236514523,0.953423236514523,0.893718397510696,FALSE,NA,NA,NA,FALSE
"M2L9cq2topxP","M2Lubfra1b3P",3.43211606645283,16,-0.295673372253251,-0.19580447600134,0.590337732832397,1.49404429492653,FALSE,1,0.519294605809129,1,FALSE,NA,NA,NA,FALSE
"M2L9cq2topxP","M2LxwlndmzqP",3.4321160664531,29,0.363373299262258,-0.0939033703897351,0.542277254566276,1.45247057999521,FALSE,1,1,0.994326972666323,FALSE,NA,NA,NA,FALSE
"M2L9odyggj2P","M2Lg6imny8yP",3.4321160664531,29,0.186092224779404,-0.316210374774427,23.3689845439617,1.59323749729262,FALSE,1,0.994326972666323,1,FALSE,NA,NA,NA,FALSE
"M2L9odyggj2P","M2Lq29vcf9oP",1.96003316945663,27,0.0218425221611543,-0.0716476134768265,0.508741571362101,1.43556985031998,FALSE,0.949561629706034,0.949561629706034,0.895176973940101,FALSE,NA,NA,NA,FALSE
"M2L9odyggj2P","M2Lq4eapjlvP",3.4321160664531,29,0.387153598184219,0.0151955330672453,0.491263356923854,1.37813851178175,FALSE,1,0.994326972666323,1,FALSE,NA,NA,NA,FALSE
"M2L9odyggj2P","M2Lubfra1b3P",1.61396031554389,15,0.0193734332826067,0.495818674036715,12.5212743118367,0.967644949461076,FALSE,1,0.516348633316142,1,FALSE,NA,NA,NA,FALSE
"M2La3lgwa79P","M2Li8o5sf1pP",3.43774876580583,43,0.141438056878194,-0.177131122865169,13.2540650209714,1.51598429501653,FALSE,0.998042344732887,0.998042344732887,0.995124794168255,FALSE,NA,NA,NA,FALSE
"M2Lagkzn1giP","M2Lx32u25tbP",3.42591713098236,96,0.789976485258595,0.228545538330611,1.36867265373716,1.23558398208188,FALSE,0.993482052694391,0.992570852059066,0.993482052694391,FALSE,NA,NA,NA,FALSE
"M2Larzon6irP","M2LqxikmeduP",0.646975569887365,16,0.158920345822331,0.206562946860334,17.2735345120868,1.21699732916471,FALSE,0.99096545615589,0.99096545615589,0.837801407817882,FALSE,NA,NA,NA,FALSE
"M2Lbkd197eqP","M2Lxkkb370mP",0.80470683072034,32,0.144960438471476,0.165758347492906,13.7240514439957,1.27069322140199,FALSE,0.999029597282872,0.973982970671712,0.999029597282872,FALSE,NA,NA,NA,FALSE
"M2Lbkd197eqP","M2Lybj31kyvP",1.60941365852314,33,0.142481456283923,0.0159894697107517,13.3353558824651,1.38076804802089,FALSE,1,1,0.907685702018033,FALSE,NA,NA,NA,FALSE
"M2Lbkd197eqP","M2Lz9tfayjwP",0.80470683072034,32,-0.0740722194875765,-0.169224124121039,15.0713075185348,1.50433188950532,FALSE,0.999029597282872,0.973982970671712,0.999029597282872,FALSE,NA,NA,NA,FALSE
"M2Lck9qt7ylP","M2LdjjxzkgtP",1.21322430721561,41,-0.0611849244661207,-0.140797870462546,14.3419469823538,1.49149450129793,FALSE,1,0.9776716100992,1,FALSE,NA,NA,NA,FALSE
"M2Lck9qt7ylP","M2Lfut6kmdqP",1.21322430721561,41,-0.394257555665617,-0.364876647082456,18.9165182607184,1.63141333260789,FALSE,1,0.9776716100992,1,FALSE,NA,NA,NA,FALSE
"M2Lck9qt7ylP","M2Lha822fsjP",1.21322430721561,41,-0.147687309811131,-0.192180128987895,3.44092436410273,1.52471349817807,FALSE,1,0.9776716100992,1,FALSE,NA,NA,NA,FALSE
"M2LdjjxzkgtP","M2LxyyhupsqP",1.21322430721561,41,0.100408268413364,-0.00970998997090426,5.27769416354519,1.40318725779679,FALSE,1,1,0.9776716100992,FALSE,NA,NA,NA,FALSE
"M2Le6f1uo55P","M2Lh2rwmljaP",6.74182868505579,32,0.885731804207217,0.069205506078154,0.258427931552265,1.34221374235675,FALSE,1,1,0.987993171293021,FALSE,NA,NA,NA,FALSE
"M2Le6f1uo55P","M2Lqr52aoj9P",6.74182868505579,32,0.679416736742844,0.344523959828485,31.8450165763668,1.12634954767948,FALSE,1,1,0.987993171293021,FALSE,NA,NA,NA,FALSE
"M2Lf3zm167mP","M2Lj91asrlrP",6.27919580513397,14,0.489890826414844,0.494361117369914,14.9440717450524,0.966171396767916,FALSE,1,1,0.989504162142599,FALSE,NA,NA,NA,FALSE
"M2Lf3zm167mP","M2Lppfxxw0rP",6.27919580513397,24,0.203148490911971,-0.0306270968722404,0.329644223447742,1.40414901139102,FALSE,0.951536210680322,0.951536210680322,0.818725413060582,FALSE,NA,NA,NA,FALSE
"M2Lf3zm167mP","M2Lrn7z839uP",6.27919580513397,14,0.414968267051617,0.594314860384789,0.23757984199536,0.865423122425142,FALSE,1,1,0.989504162142599,FALSE,NA,NA,NA,FALSE
"M2Lf3zm167mP","M2Ls7w55knhP",6.27919580513397,24,0.150626089064233,0.0233677831731529,16.3407480596894,1.36687230312859,FALSE,0.951536210680322,0.951536210680322,0.818725413060582,FALSE,NA,NA,NA,FALSE
"M2Lf3zm167mP","M2Lsjkmjs0cP",6.27919580513397,14,0.135658120141653,0.389710410128935,16.5785469156121,1.06145582744084,FALSE,1,1,0.989504162142599,FALSE,NA,NA,NA,FALSE
"M2Lf3zm167mP","M2Lvr18g4z8P",6.27919580513397,24,0.216936430588406,-0.0730449856780356,14.9365945610826,1.4327531928884,FALSE,0.951536210680322,0.951536210680322,0.818725413060582,FALSE,NA,NA,NA,FALSE
"M2Lfauth4q5P","M2LqxikmeduP",0.646975569887365,16,-0.140625377156136,-0.624791292862026,19.1512636709022,1.74153488241717,FALSE,0.99096545615589,0.99096545615589,0.837801407817882,FALSE,NA,NA,NA,FALSE
"M2LfdkrvgyhP","M2LqxikmeduP",0.646975569887365,16,0.636386116365153,-0.550550857751474,0.954394400024204,1.70128234021754,FALSE,0.99096545615589,0.99096545615589,0.837801407817882,FALSE,NA,NA,NA,FALSE
"M2Lfut6kmdqP","M2LxyyhupsqP",1.21322430721561,41,-0.420738171528713,-0.291996399529875,35.5361564271632,1.58725958150621,FALSE,1,1,0.9776716100992,FALSE,NA,NA,NA,FALSE
"M2Lg6imny8yP","M2Lld263nsyP",3.4321160664531,29,0.31760702785897,-0.315168877469139,0.781241826390389,1.5926070202135,FALSE,1,1,0.994326972666323,FALSE,NA,NA,NA,FALSE
"M2Lg6imny8yP","M2Lq29vcf9oP",3.28794099047595,29,0.0786156928381899,0.337402287281868,23.4488764215088,1.13042780281846,FALSE,0.953423236514523,0.953423236514523,0.893718397510696,FALSE,NA,NA,NA,FALSE
"M2Lg6imny8yP","M2Lubfra1b3P",3.43211606645283,16,-0.333173446052158,-0.309048149679984,10.8271781769725,1.56318794329706,FALSE,1,0.519294605809129,1,FALSE,NA,NA,NA,FALSE
"M2Lg6imny8yP","M2LxwlndmzqP",3.4321160664531,29,0.234759467440301,-0.319240158268988,10.9034439757928,1.59507017922774,FALSE,1,1,0.994326972666323,FALSE,NA,NA,NA,FALSE
"M2Lha822fsjP","M2LxyyhupsqP",1.21322430721561,41,-0.0239348793587276,-0.0557455711052519,18.8272438499681,1.43481840790228,FALSE,1,1,0.9776716100992,FALSE,NA,NA,NA,FALSE
"M2Lhd1b9ejrP","M2Lx32u25tbP",3.42591713098236,96,0.737348315407632,0.166587373144428,14.1791301746587,1.28424286049201,FALSE,0.993482052694391,0.992570852059066,0.993482052694391,FALSE,NA,NA,NA,FALSE
"M2Li8o5sf1pP","M2Lr1vurcfcP",3.43774876580583,43,0.0982035376910091,-0.203952298622283,27.9347100806803,1.53315802688614,FALSE,0.998042344732887,0.995124794168255,0.998042344732887,FALSE,NA,NA,NA,FALSE
"M2Li8o5sf1pP","M2Lypiizu4hP",3.43774876580583,43,0.170168288490332,-0.135444478473053,0.343769957452537,1.48889897986966,FALSE,0.998042344732887,0.995124794168255,0.998042344732887,FALSE,NA,NA,NA,FALSE
"M2Lie0hh3q2P","M2Lphmnx36dP",0.722077767683179,14,0.108588646051162,0.155045068541444,9.32749424930581,1.24896629119399,FALSE,1,0.928617089281909,1,FALSE,NA,NA,NA,FALSE
"M2Lie0hh3q2P","M2Lt18wgyziP",0.722077767683179,14,-0.152131632974869,0.0328765456168843,0.154704486328907,1.33621056911513,FALSE,1,0.928617089281909,1,FALSE,NA,NA,NA,FALSE
"M2Lie0hh3q2P","M2Lz07o8f1sP",0.722077767683179,14,0.0512107543074807,0.159809753709357,4.25300204410222,1.24543986393981,FALSE,1,0.928617089281909,1,FALSE,NA,NA,NA,FALSE
"M2Lj2a34shzP","M2Llhuh1o5mP",7.1138677081317,18,0.655186760115428,0.055032551165652,1.2376944544187,1.33370246180674,FALSE,0.985942991019133,0.985942991019133,0.927286081527727,FALSE,NA,NA,NA,FALSE
"M2Lj2a34shzP","M2Lxb78yvq1P",7.1138677081317,18,0.00169277702276135,-0.29112230054384,34.9168629798304,1.5589572989172,FALSE,0.985942991019133,0.985942991019133,0.927286081527727,FALSE,NA,NA,NA,FALSE
"M2Lj91asrlrP","M2Lkq7nqbovP",4.54782903976414,10,NA,NA,NA,NA,FALSE,0.702678248280854,NA,NA,FALSE,NA,NA,NA,FALSE
"M2Lj91asrlrP","M2Lppfxxw0rP",0,14,0.390511538867584,0.180708889704181,14.7810313049616,1.22985260677541,FALSE,0.952044878754976,0.952044878754976,0.827852084972463,FALSE,NA,NA,NA,FALSE
"M2Lj91asrlrP","M2Ls7w55knhP",0,14,0.332808088762827,0.201605355212258,31.3120661019073,1.21406727335166,FALSE,0.952044878754976,0.952044878754976,0.827852084972463,FALSE,NA,NA,NA,FALSE
"M2Lj91asrlrP","M2Lvr18g4z8P",0,14,0.151527812199725,-0.0424715164038333,0.216972394902366,1.38728612748588,FALSE,0.952044878754976,0.952044878754976,0.827852084972463,FALSE,NA,NA,NA,FALSE
"M2Ljdf1685dP","PYT1E1CJVRF",0,66,0.365626859947053,-0.167330285514894,30.6127253457354,1.51616051791717,FALSE,1,1,0.795286010928686,FALSE,NA,NA,NA,FALSE
"M2Lk4xoowpzP","M2Lxkkb370mP",0.80470683072034,32,0.262953454614866,0.234519687695669,29.56526538123,1.21719957197182,FALSE,0.999029597282872,0.973982970671712,0.999029597282872,FALSE,NA,NA,NA,FALSE
"M2Lk4xoowpzP","M2Lybj31kyvP",1.60941365852314,33,0.285608756884946,0.150230711783587,29.1472097413478,1.28313210384562,FALSE,1,1,0.907685702018033,FALSE,NA,NA,NA,FALSE
"M2Lk4xoowpzP","M2Lz9tfayjwP",0.80470683072034,32,-0.116342033558908,0.0247844568234251,1.98573369319384,1.3738682449694,FALSE,0.999029597282872,0.973982970671712,0.999029597282872,FALSE,NA,NA,NA,FALSE
"M2Lkq7nqbovP","M2Lppfxxw0rP",4.54782903976414,23,-0.505154879220278,-0.128573670649782,16.5278433680836,1.46783845666914,FALSE,0.881509032943677,0.881509032943677,0.783162863886703,FALSE,NA,NA,NA,FALSE
"M2Lkq7nqbovP","M2Lrn7z839uP",4.54782903976414,10,NA,NA,NA,NA,FALSE,0.702678248280854,NA,NA,FALSE,NA,NA,NA,FALSE
"M2Lkq7nqbovP","M2Ls7w55knhP",4.54782903976414,23,-0.510290508124453,-0.0793197229368893,0.827706186942241,1.43545096435278,FALSE,0.881509032943677,0.881509032943677,0.783162863886703,FALSE,NA,NA,NA,FALSE
"M2Lkq7nqbovP","M2Lsjkmjs0cP",4.54782903976414,10,NA,NA,NA,NA,FALSE,0.702678248280854,NA,NA,FALSE,NA,NA,NA,FALSE
"M2Lkq7nqbovP","M2Lvr18g4z8P",4.54782903976414,23,-0.0584870896735077,-0.0988084817037747,31.2897377291176,1.44835261012388,FALSE,0.881509032943677,0.881509032943677,0.783162863886703,FALSE,NA,NA,NA,FALSE
"M2LkxhxpqjbP","M2Llq9tn1s2P",0.333584779933689,17,0.565145291299584,0.417814558645346,0.238662708730212,1.044795531451,FALSE,0.997553303040895,0.762897620956963,0.997553303040895,FALSE,NA,NA,NA,FALSE
"M2LkxhxpqjbP","M2Lmlhwb0htP",0.333584779933689,17,0.445206108779042,0.300228120075615,17.4218868200264,1.14545723397175,FALSE,0.997553303040895,0.762897620956963,0.997553303040895,FALSE,NA,NA,NA,FALSE
"M2LkxhxpqjbP","M2Lx4f7rbp8P",0.333584779933689,17,-0.0277387051191832,-0.0682370372581146,16.2616270602281,1.4152541979655,FALSE,0.997553303040895,0.762897620956963,0.997553303040895,FALSE,NA,NA,NA,FALSE
"M2LkxhxpqjbP","PYT7ZDYFS88",0.333584779933689,22,0.352549808857028,0.0824222254871684,7.63586449869826,1.32203146314611,FALSE,1,0.998930767174552,1,FALSE,NA,NA,NA,FALSE
"M2LkxhxpqjbP","PYTC38VBYRL",0.333584779933689,22,0.423473909315124,0.183075966882806,7.64738449115037,1.2474156393785,FALSE,1,0.998930767174552,1,FALSE,NA,NA,NA,FALSE
"M2Lld263nsyP","M2Lq29vcf9oP",1.96003316945663,27,0.00392473046435729,-0.0271309264018179,23.6182347610354,1.40543650925325,FALSE,0.949561629706034,0.949561629706034,0.895176973940101,FALSE,NA,NA,NA,FALSE
"M2Lld263nsyP","M2Lq4eapjlvP",3.4321160664531,29,0.391588548283457,0.0356230892463947,23.4963676696086,1.36377041926175,FALSE,1,0.994326972666323,1,FALSE,NA,NA,NA,FALSE
"M2Lld263nsyP","M2Lubfra1b3P",1.61396031554389,15,-0.231244954140998,0.354319448638044,10.92223124023,1.0950438456783,FALSE,1,0.516348633316142,1,FALSE,NA,NA,NA,FALSE
"M2Llhuh1o5mP","M2Lr8ym3fooP",7.1138677081317,18,0.0254691435633311,0.182408678868753,36.2564059719914,1.24056254498182,FALSE,0.985942991019133,0.927286081527727,0.985942991019133,FALSE,NA,NA,NA,FALSE
"M2Llhuh1o5mP","M2Lwxwvqju6P",7.1138677081317,18,0.463593072602648,0.133517774099181,18.3309030303014,1.27711603482281,FALSE,0.985942991019133,0.927286081527727,0.985942991019133,FALSE,NA,NA,NA,FALSE
"M2Llq9tn1s2P","M2Lotb6jbylP",0.333584779933689,17,-0.527998145780574,-0.299891736203508,15.9605211310886,1.56118448793907,FALSE,0.997553303040895,0.997553303040895,0.762897620956963,FALSE,NA,NA,NA,FALSE
"M2Llq9tn1s2P","PYT7ZDYFS88",0,17,-0.112693893613824,-0.0390093409245795,7.26629920561436,1.3957587593254,FALSE,0.997553303040895,0.997553303040895,0.763714209258764,FALSE,NA,NA,NA,FALSE
"M2Llq9tn1s2P","PYTC38VBYRL",0,17,-0.146707929887003,-0.12810965086092,7.27084440721991,1.45437464064945,FALSE,0.997553303040895,0.997553303040895,0.763714209258764,FALSE,NA,NA,NA,FALSE
"M2Lmlhwb0htP","M2Lotb6jbylP",0.333584779933689,17,-0.37076502376608,-0.118416669508649,33.537498901012,1.4481129981216,FALSE,0.997553303040895,0.997553303040895,0.762897620956963,FALSE,NA,NA,NA,FALSE
"M2Lmlhwb0htP","PYT7ZDYFS88",0,17,-0.343535030686259,-0.360027122216239,24.8253191346288,1.59688786524147,FALSE,0.997553303040895,0.997553303040895,0.763714209258764,FALSE,NA,NA,NA,FALSE
"M2Lmlhwb0htP","PYTC38VBYRL",0,17,-0.224443756693926,-0.240169847137479,24.8322676037255,1.52489949287905,FALSE,0.997553303040895,0.997553303040895,0.763714209258764,FALSE,NA,NA,NA,FALSE
"M2Lms7eo3jnP","M2Lphmnx36dP",0.722077767683179,14,-0.0422314953577748,0.0471195161024397,5.17267642129278,1.32633478815585,FALSE,1,0.928617089281909,1,FALSE,NA,NA,NA,FALSE
"M2Lms7eo3jnP","M2Lt18wgyziP",0.722077767683179,14,-0.38164427925141,-0.256558692052369,4.05875996497373,1.52308918394509,FALSE,1,0.928617089281909,1,FALSE,NA,NA,NA,FALSE
"M2Lms7eo3jnP","M2Lz07o8f1sP",0.722077767683179,14,-0.147326132259691,-0.00833095936603665,0.175159481355006,1.36438047436542,FALSE,1,0.928617089281909,1,FALSE,NA,NA,NA,FALSE
"M2Lotb6jbylP","M2Lx4f7rbp8P",0.333584779933689,17,0.0256722494962559,0.19454114389549,0.191641250252828,1.22891633368426,FALSE,0.997553303040895,0.762897620956963,0.997553303040895,FALSE,NA,NA,NA,FALSE
"M2Lotb6jbylP","PYT7ZDYFS88",0.333584779933689,22,0.218458796342304,0.134717869325182,8.64742790387926,1.28380545230989,FALSE,1,0.998930767174552,1,FALSE,NA,NA,NA,FALSE
"M2Lotb6jbylP","PYTC38VBYRL",0.333584779933689,22,0.207677528027553,0.196834630528232,8.56916585100559,1.23686652432421,FALSE,1,0.998930767174552,1,FALSE,NA,NA,NA,FALSE
"M2Lphmnx36dP","M2Lspymp544P",0.722077767683179,14,-0.0681719298145489,-0.00813931171948561,0.29077482842719,1.36425080824232,FALSE,1,1,0.928617089281909,FALSE,NA,NA,NA,FALSE
"M2Lppfxxw0rP","M2Lrn7z839uP",0,14,0.629106522095723,0.515417782392804,0.175651758098479,0.945840010156731,FALSE,0.952044878754976,0.827852084972463,0.952044878754976,FALSE,NA,NA,NA,FALSE
"M2Lppfxxw0rP","M2Lsjkmjs0cP",0,14,0.579026222762814,0.670856028272089,16.727735967012,0.779519345073511,FALSE,0.952044878754976,0.827852084972463,0.952044878754976,FALSE,NA,NA,NA,FALSE
"M2Lq29vcf9oP","M2Lq4eapjlvP",3.28794099047595,29,0.00507289443202357,0.187973443055931,0.442984126756459,1.25141968058824,FALSE,0.953423236514523,0.893718397510696,0.953423236514523,FALSE,NA,NA,NA,FALSE
"M2Lq29vcf9oP","M2Lubfra1b3P",3.41432664486167,18,0.093178435602522,-0.25988523372918,12.5944664115167,1.53998333603157,FALSE,0.955653216140631,0.465188642551536,0.955653216140631,FALSE,NA,NA,NA,FALSE
"M2Lq29vcf9oP","M2LxwlndmzqP",1.96003316945663,27,0.0277422405356265,-0.0518739707140416,12.5665930554074,1.42226388517232,FALSE,0.949561629706034,0.895176973940101,0.949561629706034,FALSE,NA,NA,NA,FALSE
"M2Lq4eapjlvP","M2Lubfra1b3P",3.43211606645283,16,-0.267714732579733,-0.0980527349993986,12.4735628883271,1.43167679266849,FALSE,1,0.519294605809129,1,FALSE,NA,NA,NA,FALSE
"M2Lq4eapjlvP","M2LxwlndmzqP",3.4321160664531,29,0.415784912721434,0.0310959738937417,12.4731618302087,1.36696767400563,FALSE,1,1,0.994326972666323,FALSE,NA,NA,NA,FALSE
"M2Lqdc73rb2P","M2Lx32u25tbP",3.42591713098236,96,0.624037328666655,0.0792778466842735,27.7839018181701,1.34983727995308,FALSE,0.993482052694391,0.992570852059066,0.993482052694391,FALSE,NA,NA,NA,FALSE
"M2Lr8ym3fooP","M2Lxb78yvq1P",7.1138677081317,18,0.142514239450077,0.28560483909827,1.52933390513233,1.15963090347128,FALSE,0.985942991019133,0.985942991019133,0.927286081527727,FALSE,NA,NA,NA,FALSE
"M2Lrn7z839uP","M2Ls7w55knhP",0,14,0.406772998846072,0.36611095238919,16.4563661112203,1.08178403726506,FALSE,0.952044878754976,0.952044878754976,0.827852084972463,FALSE,NA,NA,NA,FALSE
"M2Lrn7z839uP","M2Lvr18g4z8P",0,14,0.49213331044498,0.202758150706107,14.8212890806077,1.21319046583326,FALSE,0.952044878754976,0.952044878754976,0.827852084972463,FALSE,NA,NA,NA,FALSE
"M2LrtejenybP","M2Lxkkb370mP",0.80470683072034,32,-0.0436618198790194,-0.0549214196086798,0.976573696093003,1.42890986167462,FALSE,0.999029597282872,0.973982970671712,0.999029597282872,FALSE,NA,NA,NA,FALSE
"M2LrtejenybP","M2Lybj31kyvP",1.60941365852314,33,-0.0885381552628021,-0.128819353526471,1.07690785103351,1.47888048788857,FALSE,1,1,0.907685702018033,FALSE,NA,NA,NA,FALSE
"M2LrtejenybP","M2Lz9tfayjwP",0.80470683072034,32,-0.0269186483813567,-0.27157700097586,29.1872697368513,1.56879468895146,FALSE,0.999029597282872,0.973982970671712,0.999029597282872,FALSE,NA,NA,NA,FALSE
"M2Ls7w55knhP","M2Lsjkmjs0cP",0,14,0.29228113522,0.33871485701667,0.536308605633928,1.10491362111392,FALSE,0.952044878754976,0.827852084972463,0.952044878754976,FALSE,NA,NA,NA,FALSE
"M2Lsjkmjs0cP","M2Lvr18g4z8P",0,14,0.602993322091111,0.479430940857401,31.4684061285934,0.980331867647277,FALSE,0.952044878754976,0.952044878754976,0.827852084972463,FALSE,NA,NA,NA,FALSE
"M2Lspymp544P","M2Lt18wgyziP",0.722077767683179,14,-0.253448117533194,-0.212317188544645,9.11460540873116,1.49603610932026,FALSE,1,0.928617089281909,1,FALSE,NA,NA,NA,FALSE
"M2Lspymp544P","M2Lz07o8f1sP",0.722077767683179,14,-0.133155997410656,-0.053922205882071,4.96655883918101,1.39488441597723,FALSE,1,0.928617089281909,1,FALSE,NA,NA,NA,FALSE
"M2Lubfra1b3P","M2LxwlndmzqP",1.61396031554389,15,-0.0718730820252567,0.455355264537968,0.5424946035919,1.00572515139265,FALSE,1,1,0.516348633316142,FALSE,NA,NA,NA,FALSE
"M2Lv02p3n8eP","M2Lynyi720vP",4.32866189172887,32,0.188270012501832,0.214053713642583,1.3251878964332,1.23336383954281,FALSE,1,0.854335475458694,1,FALSE,NA,NA,NA,FALSE
"M2Lwxwvqju6P","M2Lxb78yvq1P",7.1138677081317,18,0.103187387290132,0.158661714455078,17.2037899090647,1.25844967969317,FALSE,0.985942991019133,0.985942991019133,0.927286081527727,FALSE,NA,NA,NA,FALSE
"M2Lx4f7rbp8P","PYT7ZDYFS88",0,17,-0.49672696801761,-0.35294502639591,8.87791924877783,1.592724685717,FALSE,0.997553303040895,0.997553303040895,0.763714209258764,FALSE,NA,NA,NA,FALSE
"M2Lx4f7rbp8P","PYTC38VBYRL",0,17,-0.519637688129307,-0.36144824897712,8.86522856193522,1.59772196167922,FALSE,0.997553303040895,0.997553303040895,0.763714209258764,FALSE,NA,NA,NA,FALSE
"M2Lxkkb370mP","M2Lybj31kyvP",0.804706830721484,69,0.0459655378623271,-0.182219590408997,0.829685463624022,1.52632500352782,FALSE,0.999514798641436,0.999514798641436,0.884499785315586,FALSE,NA,NA,NA,FALSE
"M2Lybj31kyvP","M2Lz9tfayjwP",0.804706830721484,69,-0.0565784172210902,0.118962506257366,28.2294141877791,1.31763504811547,FALSE,0.999514798641436,0.884499785315586,0.999514798641436,FALSE,NA,NA,NA,FALSE
"M2Lynyi720vP","M2Lz7ewxd8jP",4.32866189172887,32,0.0951474661116563,0.150188684860703,22.8888800630121,1.28249604046874,FALSE,1,1,0.854335475458694,FALSE,NA,NA,NA,FALSE
"M2Lzztaq4rxP","PYTOA7VCI6A",0,46,-0.204991861389841,-0.218669758966921,3.2376130249262,1.54375400162568,FALSE,1,0.882978723404255,1,FALSE,NA,NA,NA,FALSE
"M2Lzztaq4rxP","PYTP017LBRT",0,47,-0.586676925000637,-0.0326828437628369,5.52499579259079,1.42143112159859,FALSE,1,1,0.773578035103051,FALSE,NA,NA,NA,FALSE
"PYT4160KEY4","RHTI56Pxs41",0,76,0.760878920556835,-0.215837391664939,11.1345962819994,1.54895204989873,FALSE,1,1,0.940702569278464,FALSE,NA,NA,NA,FALSE
"PYT94R6M6PU","R1Gp9P3A6nc",0.366943257927374,64,0.897180652997319,0.415125385080447,866.563728961762,1.07293139657036,FALSE,0.999999963435944,0.944485218796246,0.999999963435944,FALSE,NA,NA,NA,FALSE
"PYT94R6M6PU","RLDXb7gHylf",0,65,0.714666266271821,-0.103727857261333,19.5258663722208,1.47409776439124,FALSE,1,0.94997918018717,1,FALSE,NA,NA,NA,FALSE
"PYT94R6M6PU","RMv0juWWw8L",0.366943257927374,64,0.746286630200725,0.244812124019427,13.91630478956,1.21918068130858,FALSE,0.999999963435944,0.944485218796246,0.999999963435944,FALSE,NA,NA,NA,FALSE
"PYT94R6M6PU","Rqqg8yf9kNR",0,65,0.81147794035019,0.154697270947865,1.980670881094,1.29003478550828,FALSE,1,0.94997918018717,1,FALSE,NA,NA,NA,FALSE
"PYT94R6M6PU","RtznZ64JsLy",0,65,0.798965485494834,0.0130788451978787,9.18390434607383,1.39391571607349,FALSE,1,0.94997918018717,1,FALSE,NA,NA,NA,FALSE
"PYTD73YMWR3","RdbNEBCu3Ry",2.50779075059783,83,0.522168537343802,0.0296686921675027,2.81070787890288,1.38455624602281,FALSE,1,1,0.812248078386536,FALSE,NA,NA,NA,FALSE
"PYTD73YMWR3","RjbcVRxqZO8",2.50779075059783,83,-0.172137950271535,0.0489699647013537,9.52052288734707,1.37071667972554,FALSE,1,1,0.812248078386536,FALSE,NA,NA,NA,FALSE
"PYTD73YMWR3","RjCNrwgxKC6",2.50779075059783,83,0.527573949720883,0.0184342311069047,14.6256860678209,1.39254835078593,FALSE,1,1,0.812248078386536,FALSE,NA,NA,NA,FALSE
"PYTEE34B0H5","RI7udHdNCkA",0.795738760816652,111,0.543996321511745,0.0440417012205765,50.1974314783806,1.3764212791079,FALSE,1,1,0.813301909090909,FALSE,NA,NA,NA,FALSE
"PYTEE34B0H5","RoXFsXAQiB2",0.795738760816652,111,0.563841086171386,-0.0665598986591686,12.6595411910953,1.45386649977255,FALSE,1,1,0.813301909090909,FALSE,NA,NA,NA,FALSE
"PYTS7QT9329","RkQCQ6TMj7z",2.3407306931601,61,0.754495488494219,-0.0272587880380153,1.64137118927927,1.42136399858543,FALSE,1,0.965652673829842,1,FALSE,NA,NA,NA,FALSE
"PYTU1B5B43Z","RFh4TAxf8GA",3.33584779933689,115,0.78770458900945,0.244543362423816,2.37869927500909,1.22378905450724,FALSE,0.967082319833187,0.967082319833187,0.823541142570501,FALSE,NA,NA,NA,FALSE
"PYTU1B5B43Z","Rlr6O7iamYQ",3.33584779933689,115,-0.529906750234838,-0.127946217766745,8.30369097823871,1.49536079438951,FALSE,0.967082319833187,0.967082319833187,0.823541142570501,FALSE,NA,NA,NA,FALSE
"PYTU1B5B43Z","RNUUIt5cNMT",3.33584779933689,115,0.803436767980007,0.250194207378668,12.8831599531656,1.21920346852066,FALSE,0.967082319833187,0.967082319833187,0.823541142570501,FALSE,NA,NA,NA,FALSE
"R1Gp9P3A6nc","RLDXb7gHylf",0.366943257927374,64,0.771230068745563,-0.036866148213837,885.45451593282,1.42857128305524,FALSE,0.998208781746536,0.998208781746536,0.992435933089407,FALSE,NA,NA,NA,FALSE
"R1Gp9P3A6nc","Rqqg8yf9kNR",0.366943257927374,64,0.858251772671035,0.0584342236779711,865.091024111569,1.36133778894805,FALSE,0.998208781746536,0.998208781746536,0.992435933089407,FALSE,NA,NA,NA,FALSE
"R1Gp9P3A6nc","RtznZ64JsLy",0.366943257927374,64,0.847650243394604,0.0032985486880092,875.27014584543,1.40062899681155,FALSE,0.998208781746536,0.998208781746536,0.992435933089407,FALSE,NA,NA,NA,FALSE
"R2n5O5CHMEz","R6856UmenVm",0,78,0.738679136560185,0.147656353463922,18.4344193982113,1.29713087121471,FALSE,0.979691721440381,0.979691721440381,0.968296211567165,FALSE,NA,NA,NA,FALSE
"R2n5O5CHMEz","RF4G8wwNMQV",0,78,0.823289805450816,0.111223952377659,9.70521224813109,1.32456294795629,FALSE,0.979691721440381,0.979691721440381,0.968296211567165,FALSE,NA,NA,NA,FALSE
"R2n5O5CHMEz","RMVQTZ65X71",2.31300718817385,81,0.727860089267212,-0.0192355013445689,2.94476730001963,1.41879882828945,FALSE,0.997750917375701,0.997750917375701,0.920539416385624,FALSE,NA,NA,NA,FALSE
"R2n5O5CHMEz","RUDCXsWTNc9",0,78,0.818201147074848,0.0692431309989437,2.18284988809794,1.35548450190741,FALSE,0.979691721440381,0.979691721440381,0.968296211567165,FALSE,NA,NA,NA,FALSE
"R2n5O5CHMEz","RUtYCcZRwZB",2.31300718817385,81,0.630529117876439,-0.00114555868436307,19.4775884709999,1.40615165554844,FALSE,0.997750917375701,0.997750917375701,0.920539416385624,FALSE,NA,NA,NA,FALSE
"R2n5O5CHMEz","RYLGNrM0mIK",2.31300718817385,81,0.712766572792128,-0.0127402610514371,10.7024706001314,1.41427084236952,FALSE,0.997750917375701,0.997750917375701,0.920539416385624,FALSE,NA,NA,NA,FALSE
"R6856UmenVm","RKCjHAWGmip",0,78,0.811945082252404,0.129803806081967,1.58933884360808,1.31064483720524,FALSE,0.979691721440381,0.968296211567165,0.979691721440381,FALSE,NA,NA,NA,FALSE
"R6856UmenVm","RMVQTZ65X71",2.31300718817385,81,0.763904520709585,0.0279043569492993,16.951632053287,1.38560055392062,FALSE,1,1,0.933472351143363,FALSE,NA,NA,NA,FALSE
"R6856UmenVm","RoNOJ66CLPP",0,78,0.806490697505041,0.148947066590615,9.23386826466524,1.29614836952454,FALSE,0.979691721440381,0.968296211567165,0.979691721440381,FALSE,NA,NA,NA,FALSE
"R6856UmenVm","RUtYCcZRwZB",2.31300718817385,81,0.834839707978329,-0.0614275550970423,1.86225209737486,1.44786719740336,FALSE,1,1,0.933472351143363,FALSE,NA,NA,NA,FALSE
"R6856UmenVm","RYLGNrM0mIK",2.31300718817385,81,0.82137926670015,-0.012027360936311,8.11247683080516,1.41377297960076,FALSE,1,1,0.933472351143363,FALSE,NA,NA,NA,FALSE
"RF4G8wwNMQV","RKCjHAWGmip",0,78,0.76027657626506,0.121466641108014,9.12177663264094,1.31690837551481,FALSE,0.979691721440381,0.968296211567165,0.979691721440381,FALSE,NA,NA,NA,FALSE
"RF4G8wwNMQV","RMVQTZ65X71",2.31300718817385,81,0.851884176196285,0.205099929316589,8.15866318165278,1.25296753333825,FALSE,1,1,0.933472351143363,FALSE,NA,NA,NA,FALSE
"RF4G8wwNMQV","RoNOJ66CLPP",0,78,0.834549808720963,0.123188923666391,1.6692488530027,1.3156169043442,FALSE,0.979691721440381,0.968296211567165,0.979691721440381,FALSE,NA,NA,NA,FALSE
"RF4G8wwNMQV","RUtYCcZRwZB",2.31300718817385,81,0.813836363889656,0.0638517654054727,9.97845589356321,1.35973996165597,FALSE,1,1,0.933472351143363,FALSE,NA,NA,NA,FALSE
"RF4G8wwNMQV","RYLGNrM0mIK",2.31300718817385,81,0.86180216937664,0.161623522558663,1.86173513797463,1.28677641529002,FALSE,1,1,0.933472351143363,FALSE,NA,NA,NA,FALSE
"RKCjHAWGmip","RMVQTZ65X71",2.31300718817385,81,0.679328820251295,0.0162035865195107,17.1281753469915,1.39391460162521,FALSE,0.997750917375701,0.997750917375701,0.920539416385624,FALSE,NA,NA,NA,FALSE
"RKCjHAWGmip","RUDCXsWTNc9",0,78,0.654002328729563,0.0988446293736511,17.8912823054234,1.33375564038148,FALSE,0.979691721440381,0.979691721440381,0.968296211567165,FALSE,NA,NA,NA,FALSE
"RKCjHAWGmip","RUtYCcZRwZB",2.31300718817385,81,0.769767187960729,0.0290648052933643,1.92611168035301,1.38477327008634,FALSE,0.997750917375701,0.997750917375701,0.920539416385624,FALSE,NA,NA,NA,FALSE
"RKCjHAWGmip","RYLGNrM0mIK",2.31300718817385,81,0.749578928371449,0.0244142185134933,8.31029312716897,1.38808570284253,FALSE,0.997750917375701,0.997750917375701,0.920539416385624,FALSE,NA,NA,NA,FALSE
"RLDXb7gHylf","RMv0juWWw8L",0.366943257927374,64,0.793732175862499,0.00904122406915985,5.77500647789619,1.39658817949386,FALSE,0.998208781746536,0.992435933089407,0.998208781746536,FALSE,NA,NA,NA,FALSE
"RMv0juWWw8L","Rqqg8yf9kNR",0.366943257927374,64,0.765517808266511,-0.0330058391428573,15.2136931005932,1.42590947893702,FALSE,0.998208781746536,0.998208781746536,0.992435933089407,FALSE,NA,NA,NA,FALSE
"RMv0juWWw8L","RtznZ64JsLy",0.366943257927374,64,0.812851797993307,-0.0106280922544886,4.91344023639049,1.4103803575663,FALSE,0.998208781746536,0.998208781746536,0.992435933089407,FALSE,NA,NA,NA,FALSE
"RMVQTZ65X71","RoNOJ66CLPP",2.31300718817385,81,0.740945741767291,-0.00465292978097249,8.02875413994541,1.40861262819748,FALSE,0.997750917375701,0.920539416385624,0.997750917375701,FALSE,NA,NA,NA,FALSE
"RMVQTZ65X71","RUDCXsWTNc9",2.31300718817385,81,0.858529830812274,0.318212524255163,2.12128553385145,1.16040090684041,FALSE,1,0.933472351143363,1,FALSE,NA,NA,NA,FALSE
"RoNOJ66CLPP","RUDCXsWTNc9",0,78,0.784232644683928,0.0874687269460106,8.74750381296745,1.34214769497234,FALSE,0.979691721440381,0.979691721440381,0.968296211567165,FALSE,NA,NA,NA,FALSE
"RoNOJ66CLPP","RUtYCcZRwZB",2.31300718817385,81,0.721837845407947,0.0121762280906721,10.246026053101,1.39676481539339,FALSE,0.997750917375701,0.997750917375701,0.920539416385624,FALSE,NA,NA,NA,FALSE
"RoNOJ66CLPP","RYLGNrM0mIK",2.31300718817385,81,0.762786896748433,0.00298187726654574,2.28905981977068,1.40325008191647,FALSE,0.997750917375701,0.997750917375701,0.920539416385624,FALSE,NA,NA,NA,FALSE
"RUDCXsWTNc9","RUtYCcZRwZB",2.31300718817385,81,0.742736548777782,0.156236090373354,18.8255489409536,1.29090422631295,FALSE,1,1,0.933472351143363,FALSE,NA,NA,NA,FALSE
"RUDCXsWTNc9","RYLGNrM0mIK",2.31300718817385,81,0.832709778101567,0.278495334671798,9.99249452741559,1.1937217908806,FALSE,1,1,0.933472351143363,FALSE,NA,NA,NA,FALSE
"GH0207d98d","T2L_GeoB5901_2_uk37_SST_from_uk37",3.39785240166565,283,0.969974107516172,0.68258047893884,0.284260826885012,0.795353908549703,FALSE,1,1,0.965017064846416,FALSE,NA,NA,NA,FALSE
"GH0207d98d","T2L_M39008_3_uk37_SST_from_uk37",3.3708633636429,204,0.721387737639053,0.172948746040087,0.269360844694054,1.28294747347796,FALSE,0.961096374889478,0.961096374889478,0.822653884964682,FALSE,NA,NA,NA,FALSE
"GH0d9380d7","T2L_M35003_4_uk37_SST_from_uk37",4.88744227139099,51,0.941895058529061,-0.0168818924571713,1.21277629458901,1.41176786661832,FALSE,1,1,0.598207008964955,FALSE,NA,NA,NA,FALSE
"GH14bc173e","O2kLR_113",0,364,1,1,0,0,FALSE,1,1,1,TRUE,"curated",TRUE,FALSE,FALSE
"GH1e0d8189","T2L_SO136_GC11_uk37_SST_from_uk37",7.7678362422196,50,0.999816383496429,0.998757962920235,0.693519602892247,0.04932928915482,FALSE,1,1,0.440677966101695,TRUE,"curated",FALSE,TRUE,FALSE
"GH3417a779","O2kLR_177",3.78994296101038,175,0.0463254695278437,0.330893176693944,2.20305251525371,1.15348288395867,FALSE,0.998165205284947,0.998165205284947,0.265572747025768,FALSE,NA,NA,NA,FALSE
"GH3417a779","T2L_MD01_2421_uk37_SST_from_uk37",3.97523617241307,22,0.886347646938921,0.450403616561104,0.7944899159651,1.02315700367506,FALSE,0.976682432993113,0.976682432993113,0.0818236169236545,FALSE,NA,NA,NA,FALSE
"GH39dccbdc","T2L_SU81_18_uk37_SST_from_uk37",2.20892810459619,86,0.93179358147973,0.342287903289265,1.54141736763758,1.14015289092092,FALSE,1,0.281916439600363,1,FALSE,NA,NA,NA,FALSE
"GH39dccbdc","WEB-31975-5de9-4299-be24-f37df",5.54604515900814,305,0.87304598620012,0.296044033546981,1.35228283701213,1.18460147039123,FALSE,0.999909173478656,0.999909173478656,0.680155690102558,FALSE,NA,NA,NA,FALSE
"GH4c7e3422","T2L_SO42_74KL_uk37_SST_from_uk37",5.57644310091335,40,0.964366553304009,0.604571655191834,0.730726357170053,0.877825901280831,FALSE,1,0.758219178082192,1,FALSE,NA,NA,NA,FALSE
"GH5252e1e6","T2L_GeoB1023_5_uk37_SST_from_uk37",4.91877486097481,83,0.999862042130999,0.998297667808165,0.742876934295633,0.05799262096429,FALSE,1,1,0.593869731800766,TRUE,"curated",FALSE,TRUE,FALSE
"GH73ebe4aa","T2L_GeoB3910_2_uk37_SST_from_uk37",7.06680428134333,51,0.989324062495506,0.86353957247799,1.87106329704663,0.517167707753624,FALSE,0.995521292217327,0.995521292217327,0.22261078001609,TRUE,"curated",FALSE,TRUE,FALSE
"GH7ecfa0de","T2L_GIK18287_3_uk37_SST_from_uk37",5.92234124143545,58,0.998749735669048,0.983448953503205,0.914824253593513,0.180336780829697,FALSE,1,1,0.878496102705181,TRUE,"curated",FALSE,TRUE,FALSE
"GH8d2ba08f","LPD16c5b9d8",0,2685,0.966279520529834,-0.206311316151825,0.304865539839202,1.55297255017791,FALSE,1,1,1,FALSE,NA,NA,NA,FALSE
"GH8d2ba08f","RLcBkd6hOuO",1.26319498429213,1465,0.975518967495934,-0.211697910169573,0.270243145357765,1.55619423444673,FALSE,1,1,1,FALSE,NA,NA,NA,FALSE
"GH8f679b6d","T2L_MD95_2043_uk37_SST_from_uk37",5.1776065339388,104,0.999987967204371,0.999592304610285,0.746388806302274,0.0284160933996209,FALSE,1,1,0.267218964542127,TRUE,"curated",FALSE,TRUE,FALSE
"GHdaff1a81","T2L_ODP_175_1078C_uk37_SST_from_uk37",0.0311133857171345,99,0.997531829791193,0.899795391064284,0.674552039759029,0.445380989549775,FALSE,1,1,1,TRUE,"curated",FALSE,TRUE,FALSE
"GHe9ab6408","T2L_MD97_2121_uk37_SST_from_uk37",2.37970466746006,59,0.999894107454533,0.998913538621964,0.345995250934338,0.0462110221767811,FALSE,1,1,0.0694490624131759,TRUE,"curated",FALSE,TRUE,FALSE
"GHf86f4afa","R9MpbDt6ifY",4.5155507785871,78,0.369022157205929,0.178184399080155,1.45870810188087,1.27368965689274,FALSE,1,1,0.102030055365146,FALSE,NA,NA,NA,FALSE
"GHf86f4afa","T2L_MD97_2120_uk37_SST_from_uk37",4.5155507785871,77,0.998219619688896,0.935899651742721,0.418629219450347,0.355687848041832,FALSE,1,1,0.102030055365146,TRUE,"curated",FALSE,TRUE,FALSE
"GHfe30708f","T2L_MD02_2529_uk37_SST_from_uk37",2.49730393512482,44,0.998946759585029,0.995026250201963,0.0584110232532353,0.098570596001883,FALSE,1,1,0.162773755351819,TRUE,"subset",TRUE,FALSE,FALSE
"LPD13ec3942","T2L_P178_15P_uk37_SST_from_uk37",0,108,0.999210279795571,0.985163686077809,0.840502813212354,0.171450615529551,FALSE,1,1,1,TRUE,"curated",FALSE,TRUE,FALSE
"LPD16c5b9d8","RLcBkd6hOuO",1.26319498429213,1465,0.984505715633222,0.496673439748872,0.193066508858789,1.00297832275266,FALSE,1,1,1,TRUE,"subset",TRUE,FALSE,FALSE
"LPD385312db","T2L_ODP_167_1017E_uk37_SST_from_uk37",0,35,0.515870093751788,0.221687463724265,1.04382168454075,1.22916312269052,FALSE,0.980733070020482,0.980733070020482,0.123382290695289,FALSE,NA,NA,NA,FALSE
"LPD44c75538_SST_from_Uk37","R56JsH0b7h7",0.050071582001022,84,0.744392128325381,-0.153186361428939,2.11765272193433,1.50949829403379,FALSE,0.988453566110998,0.988453566110998,0.0907130178505643,FALSE,NA,NA,NA,FALSE
"LPDb217bdbexxxx_SST_from_Uk37","T2L_ODP108_658C_uk37_SST_from_uk37",0.138867707739212,161,0.698284021047879,-0.128725876058629,0.93768777575256,1.49777924897714,FALSE,1,1,0.283592269799166,FALSE,NA,NA,NA,FALSE
"LPDc9f78438dp","T2L_GIK17940_2_uk37_SST_from_uk37",2.54735004965918,96,0.998530263145597,0.980176908284734,0.464170361083451,0.19806275567076,FALSE,0.999965520808192,0.999965520808192,0.353105900114447,TRUE,"curated",FALSE,TRUE,FALSE
"LPDc9f78438dp","T2L_MD97_2146_uk37_SST_from_uk37",2.52278076084269,46,0.947859670360969,0.184137843755003,1.08261394503944,1.26311668986378,FALSE,0.987668586008344,0.987668586008344,0.514659411228963,FALSE,NA,NA,NA,FALSE
"LPDd23545f9","WEB-d22c0-cc72-4539-a255-028c2",0,103,0.876546258990898,0.293048732166027,2.44899766438915,1.18323317486562,FALSE,1,1,1,FALSE,NA,NA,NA,FALSE
"LPDfba15ede","T2L_MD97_2151_uk37_SST_from_uk37",0,158,0.802929158660833,0.247740853318264,6.43198098207823,1.2226754983631,FALSE,1,0.998407131740543,1,FALSE,NA,NA,NA,FALSE
"O2kLR_032","T2L_OCE326_GGC26_uk37_SST_from_uk37",0.467987755048366,107,0.999683178187451,0.978942001539978,0.394000046007666,0.204251502306308,FALSE,1,1,1,TRUE,"curated",FALSE,TRUE,FALSE
"O2kLR_107","PYT44KBHOVP",0.435009063638209,110,0.98010428764266,0.876329853056816,0.12130313954898,0.495046580513627,FALSE,1,1,0.701230228471002,TRUE,"subset",FALSE,TRUE,FALSE
"O2kLR_107","RRd6osZyB8H",0.405933894448411,134,1,1,0,0,FALSE,1,1,1,TRUE,"curated",FALSE,TRUE,FALSE
"O2kLR_116","RfOqYf6ktxg",0.523659131109556,279,0.999704736613987,0.998792596572857,0.0122625981836512,0.0490522221585756,FALSE,1,0.999856489739016,1,TRUE,"curated",FALSE,TRUE,FALSE
"O2kLR_147_2","RNJiPhOwsOj",0.445952856637307,187,1,1,0,0,FALSE,1,1,1,TRUE,"subset",TRUE,FALSE,FALSE
"O2kLR_147_2","T2L_PC01_uk37_SST_from_uk37",0,187,0.93175831760236,0.956126323675194,0.510098667012663,0.29542442805078,FALSE,0.999788417910448,0.999788417910448,0.999781494050549,FALSE,NA,NA,NA,FALSE
"O2kLR_177","T2L_MD01_2421_uk37_SST_from_uk37",0.429014608430071,81,0.185191669289686,-0.196688389662438,2.52919675393894,1.5373547312131,FALSE,0.994284273964807,0.994284273964807,0.313079612919372,FALSE,NA,NA,NA,FALSE
"O2kLR_189","O2kLR_189_iso2k",0,98,0.999999999999993,0.999999999999919,3.79693429954425e-08,4.01481022819834e-07,FALSE,1,1,0.999999997936212,TRUE,"subset",TRUE,FALSE,FALSE
"O2kLR_189","T2L_ODP_202_1233_uk37_SST_from_uk37",0.0139308458769327,46,0.67695353318671,0.0952434410941001,1.41167892427777,1.33015101217635,FALSE,1,1,0.109452413221896,FALSE,NA,NA,NA,FALSE
"O2kLR_189_iso2k","T2L_ODP_202_1233_uk37_SST_from_uk37",0.0139308458769327,46,0.676953537547349,0.0952434247196741,1.41167892058185,1.33015102421299,FALSE,1,1,0.109452413447783,FALSE,NA,NA,NA,FALSE
"PYT041CE8JO","T2L_JR51GC_35_uk37_SST_from_uk37",1.29503346924481,108,0.929514997917296,0.951361096898634,2.64046985328237,0.310433032757477,FALSE,1,1,1,FALSE,NA,NA,NA,FALSE
"PYT44KBHOVP","RRd6osZyB8H",0.0451668087842812,110,0.98010428764266,0.876329853056816,0.12130313954898,0.495046580513627,FALSE,1,0.701230228471002,1,TRUE,"curated",FALSE,TRUE,FALSE
"PYTCLSS06CB","T2L_MD95_2015_uk37_SST_from_uk37",0.660680867909514,104,0.828625947727092,0.122218728588055,0.717618422918896,1.31852881890826,FALSE,1,1,0.904062196307094,FALSE,NA,NA,NA,FALSE
"RbIuRfn9Vxz_SST_from_Uk37","T2L_KNR195_5_CDH26_uk37_SST_from_uk37",4.15226108163322,257,-0.545467317041356,-0.0877540733245707,20.0469807631638,1.47207678738281,FALSE,0.924368616527391,0.924368616527391,0.651082486067841,FALSE,NA,NA,NA,FALSE
"RNJiPhOwsOj","T2L_PC01_uk37_SST_from_uk37",0.445952856637307,187,0.93175831760236,0.956126323675194,0.510098667012663,0.29542442805078,FALSE,0.999788417910448,0.999788417910448,0.999781494050549,FALSE,NA,NA,NA,FALSE
"RUxYioPilbU","T2L_GIK23258_2_uk37_SST_from_uk37",4.67387741655643,73,0.872431757104309,0.396006420914905,3.5016968563563,1.09142547100164,FALSE,0.996516393442623,0.996516393442623,0.727994011976048,FALSE,NA,NA,NA,FALSE
"RUxYioPilbU","T2L_SV04_uk37_SST_from_uk37",0.334830614868618,74,0.816894628623276,0.649137357280322,3.51039313820832,0.831933056379148,FALSE,1,1,1,FALSE,NA,NA,NA,FALSE
"RWShShxDbGs_SST_from_Uk37","WEB-1bc30-0c10-467d-9d36-560c8",0,53,0.840413830929258,0.361729702110068,0.75589491112658,1.11892436659888,FALSE,1,0.572514937533949,1,FALSE,NA,NA,NA,FALSE
"T2L_GeoB5901_2_uk37_SST_from_uk37","T2L_M39008_3_uk37_SST_from_uk37",0.0358092537879118,212,0.773426121797561,0.0710115695984196,0.354545143796458,1.35984237441838,FALSE,0.962457337883959,0.962457337883959,0.853683148335015,FALSE,NA,NA,NA,FALSE
"T2L_GIK17940_2_uk37_SST_from_uk37","T2L_MD97_2146_uk37_SST_from_uk37",0.0803406993536723,90,0.960902867067672,0.197093030694179,1.38973401003261,1.26006788919043,FALSE,1,0.677659093676188,1,FALSE,NA,NA,NA,FALSE
"T2L_GIK23258_2_uk37_SST_from_uk37","T2L_SV04_uk37_SST_from_uk37",4.98981793463038,73,0.847351589217165,0.278300440236518,0.347183362440282,1.19304312978766,FALSE,0.996516393442623,0.727994011976048,0.996516393442623,FALSE,NA,NA,NA,FALSE
"T2L_M135_004_3_uk37_SST_from_uk37","T2L_M135_005_3_uk37_SST_from_uk37",3.2611711381804,144,0.625342347433744,0.0923679334114843,0.319497004822177,1.34259821927469,FALSE,1,1,0.811541166644688,FALSE,NA,NA,NA,FALSE
"T2L_MD98_2195_uk37_SST_from_uk37","WEB-7a3d3-17f4-4e87-b3cb-9d14b",5.61829355146866,151,0.92958777868259,0.0935579408122537,0.695598117408928,1.34193823414231,FALSE,0.991533996018949,0.991533996018949,0.0580916125384053,FALSE,NA,NA,NA,FALSE
"T2L_SU81_18_uk37_SST_from_uk37","WEB-31975-5de9-4299-be24-f37df",3.92487265729061,116,0.908487297042003,0.0956394099846374,1.80989347717104,1.33902694885861,FALSE,1,1,0.191764487828988,FALSE,NA,NA,NA,FALSE
"LPD05340dbbdp_SST_from_d18O","LPD0fe90f66",3.68044773240438,308,-0.14973192925573,0.0862453974324171,NA,1.34965047564967,FALSE,0.915061815244668,0.915061815244668,0.90487732563924,FALSE,NA,NA,NA,FALSE
"LPD05340dbbdp_SST_from_d18O","NAm2kHydro069",3.68044773240438,308,-0.100514509097845,-0.041113978312601,NA,1.44064064052692,FALSE,0.915061815244668,0.915061815244668,0.90487732563924,FALSE,NA,NA,NA,FALSE
"LPD05340dbbdp_SST_from_d18O","T2L_ODP_893_d18o_pachyderma_SST_from_d18o_pachyderma",0,195,0.325952498490845,0.0838996931829221,1.38369967991756,1.35009491539454,FALSE,0.978145782117436,0.978145782117436,0.160216249176005,FALSE,NA,NA,NA,FALSE
"LPD0fe90f66","LPD28794972dp_SST_from_d18O2",3.68044773240438,289,0.169644767098017,0.0240608218917517,NA,1.39466877817386,FALSE,0.910133662205122,0.90487732563924,0.910133662205122,FALSE,NA,NA,NA,FALSE
"LPD0fe90f66","T2L_ODP_893_d18o_pachyderma_SST_from_d18o_pachyderma",3.68044773240438,202,-0.479509107227516,0.00755052392232612,NA,1.40535541162739,FALSE,1,1,0.165639419907713,FALSE,NA,NA,NA,FALSE
"LPD28794972dp_SST_from_d18O2","NAm2kHydro069",3.68044773240438,289,0.0953303049949528,0.00311506055715469,NA,1.40955562742526,FALSE,0.910133662205122,0.910133662205122,0.90487732563924,FALSE,NA,NA,NA,FALSE
"LPD28794972dp_SST_from_d18O2","T2L_ODP_893_d18o_pachyderma_SST_from_d18o_pachyderma",0,195,-0.0718454750340442,-0.000930123689186335,2.11181212884878,1.41121981991603,FALSE,0.972877884332878,0.972877884332878,0.160216249176005,FALSE,NA,NA,NA,FALSE
"MS03BRNS01","T2L_MD95_2011_d18o_pachyderma_d_SST_from_d18o_pachyderma_d",0.011119492664825,815,-0.745085940372227,0.0117562244453669,NA,1.40501225394109,FALSE,1,0.957561362643762,1,FALSE,NA,NA,NA,FALSE
"MS03BRNS01","T2L_MD95_2011_d18o_pachyderma_SST_from_d18o_pachyderma",0.011119492664825,827,-0.804077251854164,0.0764566170649261,NA,1.35825276857619,FALSE,0.962294365992139,0.962294365992139,0.556795687149897,FALSE,NA,NA,NA,FALSE
"MS03BRNS02","T2L_MD95_2011_d18o_pachyderma_d_SST_from_d18o_pachyderma_d",0.011119492664825,815,-0.792706600877861,-0.0476859090696186,NA,1.44665049382582,FALSE,1,0.959027338339287,1,FALSE,NA,NA,NA,FALSE
"MS03BRNS02","T2L_MD95_2011_d18o_pachyderma_SST_from_d18o_pachyderma",0.011119492664825,825,-0.784249248749511,0.0433335533811314,NA,1.38239317391954,FALSE,0.962236640664868,0.962236640664868,0.555911215937329,FALSE,NA,NA,NA,FALSE
"MS03SMAS01","T2L_SO90_63KA_d18o_ruber_SST_from_d18o_ruber",1.1301805974099,914,-0.925870248924147,-0.974177462564736,NA,1.98595829021379,FALSE,1,1,0.999921838361732,FALSE,NA,NA,NA,FALSE
"MS05ESCR01a","T2L_GeoB6518_1_d18o_ruber_SST_from_d18o_ruber",0,137,-0.954524250370735,-0.995304114840056,NA,1.99029282320691,FALSE,1,1,0.999948633655229,FALSE,NA,NA,NA,FALSE
"MS07LSPG01a","T2L_MD98_2176_d18o_ruber_SST_from_d18o_ruber",0.624397859228948,314,-0.924551774210456,-0.982492853425413,NA,1.9880437673468,FALSE,1,1,0.999950512933445,FALSE,NA,NA,NA,FALSE
"MS07LSSP01a","T2L_MD98_2181_d18o_ruber_SST_from_d18o_ruber",1.10523415527762,510,-0.97825642173859,-0.970501209362215,NA,1.98324476082998,FALSE,1,1,0.999954256856897,FALSE,NA,NA,NA,FALSE
"MS07RCNA02","T2L_ODP162_984_d18o_pachyderma_d_SST_from_d18o_pachyderma_d",0.537976000778028,138,-0.86278041716343,-0.981342181207448,NA,1.98337078203739,FALSE,1,1,0.999906134134322,FALSE,NA,NA,NA,FALSE
"MS07SWGG01a","T2L_GeoB4905_4_d18o_ruber_pink_SST_from_d18o_ruber_pink",0.444356374852465,123,-0.898087287857092,-0.0845975625485476,NA,1.46677020599222,FALSE,0.986181483187471,0.138076474116304,0.986181483187471,FALSE,NA,NA,NA,FALSE
"MS07SWGG01a","T2L_MD03_2707_d18o_ruber_pink_SST_from_d18o_ruber_pink",1.6466183256416,1034,-0.963695510496168,-0.992522329852744,NA,1.99529118688012,FALSE,1,1,0.999993550883529,FALSE,NA,NA,NA,FALSE
"MS10BLMS01a","T2L_BJ8_03_10GGC_d18o_ruber_SST_from_d18o_ruber",6.6416093340627,53,-0.76091703477605,-0.246021299275438,NA,1.56336774382258,FALSE,0.985973676625997,0.985973676625997,0.873446808510638,FALSE,NA,NA,NA,FALSE
"MS10BLMS01a","T2L_BJ8_03_13GGC_d18o_ruber_SST_from_d18o_ruber",0,254,-0.980136250747244,-0.985576502640135,NA,1.98883301167856,FALSE,1,1,0.996457974344247,FALSE,NA,NA,NA,FALSE
"MS11SENS01","PYTMVGBLPHG_SST_from_d18O",0.357394903524002,782,-0.761144668137474,-0.985290886953065,NA,1.99135576991271,FALSE,1,1,0.999991045609252,FALSE,NA,NA,NA,FALSE
"MS13KWFS01","T2L_MSM05_5_712_2_d18o_pachyderma_SST_from_d18o_pachyderma",0,170,-0.0914378808823992,0.132469987182131,NA,1.31331389936493,FALSE,0.981379515209126,0.981379515209126,0.951499316267083,FALSE,NA,NA,NA,FALSE
"MS13KWFS02","T2L_MSM05_5_712_2_d18o_pachyderma_SST_from_d18o_pachyderma",0,140,-0.171416705922462,0.0451521193945233,NA,1.37693752319594,FALSE,0.984772862763801,0.984772862763801,0.951499316267083,FALSE,NA,NA,NA,FALSE
"MS13RSAS01a_iso2k","T2L_SK237_GC04_d18o_ruber_SST_from_d18o_ruber",0.277987316611539,259,-0.968906851181354,-0.0527803599670634,NA,1.44824018445573,FALSE,1,0.985736522761206,1,FALSE,NA,NA,NA,FALSE
"MS99LWSC01","T2L_GIK17940_2_d18o_ruber_SST_from_d18o_ruber",0,1041,-0.821422235702865,-0.397047946142351,NA,1.67075110702314,FALSE,1,0.99941021961719,1,FALSE,NA,NA,NA,FALSE
"NAm2kHydro069","T2L_ODP_893_d18o_pachyderma_SST_from_d18o_pachyderma",3.68044773240438,202,-0.418687219550099,0.029009980126732,NA,1.39007857601971,FALSE,1,1,0.165639419907713,FALSE,NA,NA,NA,FALSE
"T2L_B997_327_d18o_pachyderma_SST_from_d18o_pachyderma","T2L_MD99_2269_d18o_pachyderma_SST_from_d18o_pachyderma",0.0119616011944146,55,-0.113373876278792,0.0457457216365941,1.02132787508845,1.36863647681783,FALSE,1,1,0.342597276329652,FALSE,NA,NA,NA,FALSE
"T2L_BJ8_03_10GGC_d18o_ruber_SST_from_d18o_ruber","T2L_BJ8_03_13GGC_d18o_ruber_SST_from_d18o_ruber",6.6416093340627,54,0.656077453469853,-0.0423572224548996,0.63224567008258,1.43016789577314,FALSE,0.986023358223243,0.876595744680851,0.986023358223243,FALSE,NA,NA,NA,FALSE
"T2L_GeoB4905_4_d18o_ruber_pink_SST_from_d18o_ruber_pink","T2L_MD03_2707_d18o_ruber_pink_SST_from_d18o_ruber_pink",1.20728198577675,123,0.908291605650407,0.0611808207706837,1.91485281885852,1.36464203368891,FALSE,0.986181483187471,0.986181483187471,0.138075583645041,FALSE,NA,NA,NA,FALSE
"T2L_M39008_3_d18o_bulloides_SST_from_d18o_bulloides","T2L_MD99_2341_d18o_bulloides_SST_from_d18o_bulloides",1.15542170132954,169,0.814727930485796,0.20815683720039,1.82662614947071,1.25469503118494,FALSE,0.987004170303559,0.987004170303559,0.422019489944018,FALSE,NA,NA,NA,FALSE
"PYT0WZDHWV1","PYT67GRFWKV",0.101606672313739,64,-0.146035806038432,-0.181557568588916,3.44636952570175,1.52499356493581,FALSE,1,0.761530553020641,1,FALSE,NA,NA,NA,FALSE
"PYT0WZDHWV1","PYTCN1ME3Q4",0.101606672313739,76,0.282384323045601,0.143241784126625,2.11768623405674,1.30025749218765,FALSE,0.991796989703612,0.945109539915206,0.991796989703612,FALSE,NA,NA,NA,FALSE
"PYT67GRFWKV","PYTOD9Z2SMD",0.101606672313739,64,-0.321014664716122,-0.173489869914813,1.62049657369273,1.5197783039528,FALSE,1,1,0.927710353184644,FALSE,NA,NA,NA,FALSE
"PYTCN1ME3Q4","PYTOD9Z2SMD",0.101606672313739,62,-0.359837857509028,-0.079651559864186,3.64346969779387,1.45736224320844,FALSE,0.93313144441842,0.803819230659935,0.93313144441842,FALSE,NA,NA,NA,FALSE
"LPD493f1394xxxx","O2kLR_084",5.82453676962948,200,1,1,0,0,FALSE,1,1,1,TRUE,"curated",TRUE,FALSE,FALSE
"LPD6e872195","PYTBX955XJ2",0,123,0.604569364621296,0.168269591464007,4.31236946096639,1.28445548476461,FALSE,0.980290084388186,0.912750106811548,0.980290084388186,FALSE,NA,NA,NA,FALSE
"GH77052c58","T2L_SO42_74KL_tex86_SST_from_tex86",5.57644310091335,38,0.845926448508675,0.404404586980433,2.12475982345991,1.07656698787833,FALSE,1,0.741095890410959,1,FALSE,NA,NA,NA,FALSE
"LPD0e21b228","T2L_MD97_2151_tex86_SST_from_tex86",0,158,0.789557677878781,0.239496502272397,1.01697197157699,1.22935717056069,FALSE,0.999997965080255,0.999997965080255,0.998409163302728,FALSE,NA,NA,NA,FALSE
"LPD6a7b432f","T2L_GeoB7702_3_tex86_SST_from_tex86",0.0333584779932899,115,0.635706766710038,0.0407276932697414,4.49427710837224,1.37902693039184,FALSE,0.999992445646426,0.999992445646426,0.999984891406988,FALSE,NA,NA,NA,FALSE
"NAm2kHydro111","T2L_P178_15P_tex86_SST_from_tex86",0,108,0.998911533958224,0.985543468348281,3.86960557864684,0.169241979894312,FALSE,1,1,1,TRUE,"curated",FALSE,TRUE,FALSE
"GH37fc751b","T2L_KY07_04_PC1_mgca_ruber_SST_from_mgca_ruber",5.79176420691287,166,0.986658120154724,0.994742609336443,0.464796858150818,0.102230403401715,FALSE,0.999994946669369,0.999994946669369,0.696084154985877,TRUE,"curated",FALSE,TRUE,FALSE
"GH37fc751b","WEB-99d4b-f3b6-4af1-85a2-5fad7",1.93818578347892,84,0.634043867998542,0.116045048288817,1.04318123904882,1.32159365317182,FALSE,0.971834550770009,0.971834550770009,0.0323196489630282,FALSE,NA,NA,NA,FALSE
"GH6d77af79","T2L_MD98_2176_mgca_ruber_SST_from_mgca_ruber",4.96347159215387,203,0.983715148746709,0.966617201969717,2.60009930492617,0.257750020965642,FALSE,1,1,0.645571649849312,TRUE,"curated",FALSE,TRUE,FALSE
"GH874b8952","T2L_GeoB3129_1_mgca_ruber_SST_from_mgca_ruber",4.32817159039802,184,0.987049238329277,0.99864345710482,0.515215418000149,0.0519447801511464,FALSE,1,1,0.994927536231884,TRUE,"curated",FALSE,TRUE,FALSE
"GH9aabd826","T2L_ME0005A_43JC_mgca_ruber_SST_from_mgca_ruber",4.99911889499324,78,0.993136599882897,0.999362217801951,1.25876265018015,0.0354823706186579,FALSE,1,1,0.542053385135621,TRUE,"curated",FALSE,TRUE,FALSE
"GH9c7c7fd8","LPD4767a673",0,71,0.274410612745865,-0.0480538299010736,0.883041575143719,1.43741548087605,FALSE,1,1,0.875601374570447,FALSE,NA,NA,NA,FALSE
"GH9c7c7fd8","LPD9cc3baf6_iso2k",2.22178187424192,85,0.999740735597034,0.999608723945626,0.0157631511678585,0.027807121609666,FALSE,1,1,0.0821622737151665,TRUE,"subset",TRUE,FALSE,FALSE
"GH9c7c7fd8","T2L_GeoB4905_4_mgca_ruber_pink_SST_from_mgca_ruber_pink",1.77742549939976,71,0.36370793438126,0.0204860925822874,3.22401334526823,1.38961926555259,FALSE,1,1,0.586826347305389,FALSE,NA,NA,NA,FALSE
"GH9c7c7fd8","T2L_MD03_2707_mgca_ruber_pink_SST_from_mgca_ruber_pink",0.625529665829221,85,0.99753788301571,0.999338181434104,2.53241345960588,0.0361646173336399,FALSE,1,1,0.0820506214980357,TRUE,"curated",FALSE,TRUE,FALSE
"GHa740369f","T2L_MD97_2141_mgca_ruber_SST_from_mgca_ruber",3.1266527054021,605,0.992695551021606,0.998470181625675,0.602549372010772,0.0552681746115534,FALSE,1,1,1,TRUE,"curated",FALSE,TRUE,FALSE
"GHb33f95fe","T2L_MD01_2378_mgca_ruber_SST_from_mgca_ruber",2.34001872129036,144,0.991964661602279,0.997605195689293,3.2226960237449,0.0689645913119969,FALSE,1,1,0.646199641897941,TRUE,"curated",FALSE,TRUE,FALSE
"GHbf21e8dc","T2L_MD01_2390_mgca_ruber_lato_SST_from_mgca_ruber_lato",4.04910525521033,51,0.768770422711714,-0.131296881849758,0.915832340470208,1.48907417156619,FALSE,0.990181866104375,0.990181866104375,0.718754484144067,FALSE,NA,NA,NA,FALSE
"GHbf21e8dc","T2L_MD01_2390_mgca_ruber_stricto_SST_from_mgca_ruber_stricto",4.04910525521033,95,0.844089914209828,0.581123664514883,0.862586638855243,0.910406726970483,FALSE,0.990181866104375,0.990181866104375,0.718754484144067,FALSE,NA,NA,NA,FALSE
"GHc6db9661","T2L_ODP_175_1084B_mgca_bulloides_SST_from_mgca_bulloides",0.0243982877761955,251,0.973424810769714,0.907586762055154,2.91680240960961,0.429053807798196,FALSE,1,1,1,FALSE,NA,NA,NA,FALSE
"LPD1a0245b72","LPDf5f8b9a6",3.31570246542587,272,0.99893020158314,0.998272631105634,0.0245451993543763,0.0586684726135621,FALSE,1,0.533097953844887,1,TRUE,"subset",TRUE,FALSE,FALSE
"LPD1a0245b72","T2L_MD98_2181_mgca_ruber_SST_from_mgca_ruber",1.10523415527762,509,0.997415871741195,0.996099760992576,1.74910980756695,0.0882333425818597,FALSE,1,1,0.999954267734972,TRUE,"curated",FALSE,TRUE,FALSE
"LPD35f2c581","T2L_SO189_119KL_mgca_ruber_SST_from_mgca_ruber",0,151,0.997074004761299,0.997273850766148,1.08403548434966,0.0735931369847316,FALSE,1,1,1,TRUE,"curated",FALSE,TRUE,FALSE
"LPD4767a673","LPD9cc3baf6_iso2k",2.22178187424192,80,0.339948615032254,-0.0512123732763904,0.878500432049057,1.44076777277861,FALSE,0.979381443298969,0.979381443298969,0.0919005023894131,FALSE,NA,NA,NA,FALSE
"LPD4767a673","T2L_GeoB4905_4_mgca_ruber_pink_SST_from_mgca_ruber_pink",1.77742549939976,81,0.966826017600308,0.965766686822288,3.50705963066086,0.260020755952254,FALSE,1,1,0.670198065407646,FALSE,NA,NA,NA,FALSE
"LPD4767a673","T2L_MD03_2707_mgca_ruber_pink_SST_from_mgca_ruber_pink",0.625529665829221,80,0.349217402386927,-0.0369361252104581,3.10888915858061,1.43095097852695,FALSE,0.979381443298969,0.979381443298969,0.0917756166677401,FALSE,NA,NA,NA,FALSE
"LPD7de8d7c5","T2L_GeoB12610_2_mgca_ruber_SST_from_mgca_ruber",0,193,0.698736131326134,-0.395406527366808,1.6999820123603,1.66621654357216,FALSE,1,1,1,FALSE,NA,NA,NA,FALSE
"LPD9cc3baf6_iso2k","T2L_GeoB4905_4_mgca_ruber_pink_SST_from_mgca_ruber_pink",0.444356374852465,119,0.707958787036682,0.0422673063378161,3.48497738744251,1.37812649267209,FALSE,0.986181483187471,0.138076474116304,0.986181483187471,FALSE,NA,NA,NA,FALSE
"LPD9cc3baf6_iso2k","T2L_MD03_2707_mgca_ruber_pink_SST_from_mgca_ruber_pink",1.6466183256416,1034,0.992120596035154,0.992714725181646,2.33876665612621,0.120650091399776,FALSE,1,1,0.998641076833902,TRUE,"curated",FALSE,TRUE,FALSE
"LPDce0e7640","T2L_P178_15P_mgca_ruber_SST_from_mgca_ruber",0,113,0.880238640500111,0.81516651524359,2.16734068066973,0.605282059515016,FALSE,1,1,1,FALSE,NA,NA,NA,FALSE
"LPDdaddb218","T2L_SO189_039KL_mgca_ruber_SST_from_mgca_ruber",1.2034064524624,749,0.996411806104129,0.998913956947704,0.338239204008028,0.0465744806322364,FALSE,1,1,1,TRUE,"curated",FALSE,TRUE,FALSE
"LPDf5f8b9a6","T2L_MD98_2181_mgca_ruber_SST_from_mgca_ruber",2.21046831045231,272,0.993678388733211,0.998969994668819,1.95660375561419,0.0453035224568765,FALSE,1,1,0.533073574067976,TRUE,"curated",FALSE,TRUE,FALSE
"NAm2kHydro109","T2L_MV99_PC14_mgca_bulloides_SST_from_mgca_bulloides",1.68550507199909,260,0.924093977631082,0.843209966670549,2.70086378566148,0.558900109868301,FALSE,1,0.892934460203854,1,FALSE,NA,NA,NA,FALSE
"O2kLR_135_iso2k","T2L_BJ8_03_13GGC_mgca_ruber_SST_from_mgca_ruber",0,248,0.971211173943409,0.975151344670214,2.17984036622257,0.222477205512592,FALSE,1,1,0.996447090455157,FALSE,NA,NA,NA,FALSE
"PYTCKIHL13P","T2L_RAPiD_12_1K_mgca_bulloides_SST_from_mgca_bulloides",0,183,0.99464964200597,0.996213859362975,2.17483774906016,0.0867794637744671,FALSE,1,1,0.998191757779647,TRUE,"curated",FALSE,TRUE,FALSE
"R7fm0TgPac4_SST_from_planktic0x2EMgCa","T2L_BJ8_03_70GGC_mgca_ruber_SST_from_mgca_ruber",7.47769272325816,140,0.227792336068615,-0.0244239185248718,0.979505975864041,1.42622155521258,FALSE,0.992461072359614,0.53748998359217,0.992461072359614,FALSE,NA,NA,NA,FALSE
"T2L_GeoB4905_4_mgca_ruber_pink_SST_from_mgca_ruber_pink","T2L_MD03_2707_mgca_ruber_pink_SST_from_mgca_ruber_pink",1.20728198577675,119,0.692670596467069,0.0502612187737145,1.5315906942544,1.37236303322924,FALSE,0.986181483187471,0.986181483187471,0.137888838796934,FALSE,NA,NA,NA,FALSE
"T2L_KY07_04_PC1_mgca_ruber_SST_from_mgca_ruber","WEB-99d4b-f3b6-4af1-85a2-5fad7",4.71396952317,122,0.85829606588812,0.182203004553425,1.33102874940248,1.27360774384553,FALSE,0.980397895560411,0.980397895560411,0.0468395514751888,FALSE,NA,NA,NA,FALSE
"lcRibyYn8QVyV8wSBI6","lcRyOpcW4lpGwzug6cx",0.612977944348603,177,-0.01177849992918,0.0353286096748688,1.29124149665869,1.38505617422551,FALSE,0.850602409638554,0.340733590733591,0.850602409638554,FALSE,NA,NA,NA,FALSE
"WEBa31332025","WEBa31332026",0,106,0.276229742804515,0.0358436935121966,3.32047237043643,1.38200858569955,FALSE,1,0.702089337175792,1,FALSE,NA,NA,NA,FALSE
"lcR5Gn3P96MRJvdwyr8","lcRChzF3YRZVPlaf02w",2.56680856555563,45,-0.02039922228932,-0.0254198099390496,1.10550899690203,1.41570817208817,FALSE,1,0.301932367149758,1,FALSE,NA,NA,NA,FALSE
"lcRJfynKuVFG9sQQCQe","lcRNApCsPHXOZTFqZOS",0.683368847667382,130,0.0921916954201779,-0.00275921155738536,1.0307418363564,1.4106635916022,FALSE,0.799691833590139,0.623798076923077,0.799691833590139,FALSE,NA,NA,NA,FALSE
"GH194ddf83","GH73726cce",5.99362808583275,108,0.765143316643419,0.0485729192930897,0.609705515392382,1.37297868798547,FALSE,0.998283967800487,0.998283967800487,0.974874645465032,FALSE,NA,NA,NA,FALSE
"GH194ddf83","RsZcIJsSXNe",0,233,0.999999929226196,0.999996828203708,0.000247525984329536,0.00251321497588541,FALSE,1,1,0.751753044116747,TRUE,"curated",TRUE,FALSE,FALSE
"GH73726cce","RsZcIJsSXNe",5.99362808583275,111,0.800783423469366,0.0614214885030408,0.592229210550497,1.36385188314146,FALSE,1,1,0.76980462583369,FALSE,NA,NA,NA,FALSE
"lcR2xEmIbws99grkaOE","lcR76xoEJbOTNg1knEp",4.32286819248069,71,-0.282835946519641,0.0139388473396802,1.77439301805571,1.39425576187812,FALSE,0.919565217391304,0.919565217391304,0.57085020242915,FALSE,NA,NA,NA,FALSE
"lcR2xEmIbws99grkaOE","lcRR05QblzbZTjMF6WG",5.43894093069639,77,-0.200274094644686,0.120784471156814,1.48041024348655,1.31730551009526,FALSE,1,1,0.576441102756892,FALSE,NA,NA,NA,FALSE
"lcR2xEmIbws99grkaOE","lcRrtTZ9ZLnK66rr77S",2.79971759056835,77,0.0832902668697339,0.11999326119318,1.48593963753687,1.31789810134918,FALSE,1,1,0.96234309623431,FALSE,NA,NA,NA,FALSE
"lcR2z4PZnyMKgw0PVRB","lcREBI0R5RpgZMwl7fm",0.722077767683179,13,0.547970802902695,0.517437372956298,0.423777639669861,0.940583940741134,FALSE,1,0.879207920792079,1,FALSE,NA,NA,NA,FALSE
"lcR39xsmM2CZwQxtun1","lcRB5oEBO9fWNhaD1vh",3.14675688698611,58,-0.102258775861037,-0.152464639899472,0.405701100057401,1.5048228879217,FALSE,1,0.716981132075472,1,FALSE,NA,NA,NA,FALSE
"lcR3rX0TtbDrTjGowqG","lcR4nyzpNhXU9svGkv0",7.03205531008069,27,-0.347339375201374,0.116062865497162,0.585521330238271,1.30379411902844,FALSE,1,0.66116295764537,1,FALSE,NA,NA,NA,FALSE
"lcR3yyUApG3bCLJXjVk","lcRezr1gGfLk5sX9pav",5.40019630016925,70,0.45117739879493,0.0339868637154398,1.61061400923773,1.37986444689587,FALSE,0.980934809348094,0.980934809348094,0.878303964757709,FALSE,NA,NA,NA,FALSE
"lcR3yyUApG3bCLJXjVk","lcRU4vkTPtr9iZk56TT",4.39672610221684,107,0.00397552600657295,0.0253935466309364,0.755954032233121,1.38954096943241,FALSE,1,0.919434194341943,1,FALSE,NA,NA,NA,FALSE
"lcR4nyzpNhXU9svGkv0","lcRGM0IXMeoMhktv3B6",5.6496879143322,28,-0.259632829663552,0.111801934700455,0.686532107120682,1.30790048601476,FALSE,1,0.44299674267101,1,FALSE,NA,NA,NA,FALSE
"lcR4nyzpNhXU9svGkv0","lcRUFMZfedLZj2Mslpy",6.91350853743966,62,0.123936122034848,-0.193162630886288,1.37594325644069,1.53205912924861,FALSE,1,1,0.669331395348837,FALSE,NA,NA,NA,FALSE
"lcR4nyzpNhXU9svGkv0","lcRZuVrPOYyCKYmUMlg",5.06094397834822,55,0.186445251634541,0.0443501287233394,0.846249645643684,1.36963692374162,FALSE,1,1,0.644506648005598,FALSE,NA,NA,NA,FALSE
"lcR582JxUG7e6bpTWxO","lcRAYBRHkDoaNj3kvyS",4.31505227695186,89,0.0539481370886464,0.0201383299412313,0.234605607734584,1.39192447952722,FALSE,1,1,0.918013856812933,FALSE,NA,NA,NA,FALSE
"lcR582JxUG7e6bpTWxO","lcRFboqjHl26pqcfMYV",3.68576131786776,73,0.23621773915764,0.23836526192518,0.292813057201772,1.22560717836,FALSE,0.979757085020243,0.913207547169811,0.979757085020243,FALSE,NA,NA,NA,FALSE
"lcR582JxUG7e6bpTWxO","lcRlGjKwZU3GHUlNDpz",2.81416377315236,69,0.214055327778436,0.0293339963592477,0.192406495936119,1.38303398626875,FALSE,1,0.777358490566038,1,FALSE,NA,NA,NA,FALSE
"lcR582JxUG7e6bpTWxO","lcRvgN3r6LuyteBDGjJ",1.79010464682797,65,0.238553256912332,0.0575229135764744,0.35831067154943,1.36216803805416,FALSE,0.979002624671916,0.938364779874214,0.979002624671916,FALSE,NA,NA,NA,FALSE
"lcR5AnpXpwnQDbXEZcA","lcRIO9qA5tCPx5bECXz",7.29443597816228,28,0.290728489185333,-0.096742012669742,1.146155561581,1.45335607345648,FALSE,0.997830802603037,0.410714285714286,0.997830802603037,FALSE,NA,NA,NA,FALSE
"lcR5AnpXpwnQDbXEZcA","lcRKBajQ1ppcVcsLgLT",1.83488128614198,27,-0.0345642166708374,-0.0402924307608549,0.889945375516088,1.41441237510416,FALSE,1,0.394196428571429,1,FALSE,NA,NA,NA,FALSE
"lcR5SaeaGNXVjhyZJQX","lcRaIKBlK0tEF6RWv8u",6.91307030583077,46,0.561366765216943,0.10964878679999,0.413475678040466,1.31951932966854,FALSE,1,0.929906542056075,1,FALSE,NA,NA,NA,FALSE
"lcR5WLSoss2vkho2lzk","lcROjdxqdowxmUU8gPf",1.42135805473405,31,0.372160213269566,-0.222084207489036,0.298676730043325,1.5371064161205,FALSE,1,1,0.649546827794562,FALSE,NA,NA,NA,FALSE
"lcR6bsQbhMUToM8cbZH","lcRY8GmXy6tvy0EHamy",3.01665884031749,28,-0.13889694109561,-0.0773473257275118,0.902130114376453,1.44044824476466,FALSE,1,0.758620689655172,1,FALSE,NA,NA,NA,FALSE
"lcR76xoEJbOTNg1knEp","lcRNXRycwtdnqdjXu2G",6.31000350424239,149,0.0448879134934288,-0.124945603104485,0.740293677040333,1.49488770099946,FALSE,1,1,0.755351681957186,FALSE,NA,NA,NA,FALSE
"lcR76xoEJbOTNg1knEp","lcRR05QblzbZTjMF6WG",6.74186167182144,149,0.176386230901665,0.0837569973256383,0.644015477703475,1.34911242791341,FALSE,1,1,0.928571428571429,FALSE,NA,NA,NA,FALSE
"lcR76xoEJbOTNg1knEp","lcRrtTZ9ZLnK66rr77S",3.17790137350079,88,0.11752847033462,-0.358145064859736,0.640088856146785,1.63861783344699,FALSE,0.918410041841004,0.592442645074224,0.918410041841004,FALSE,NA,NA,NA,FALSE
"lcR7HwLeBMR8geq2Xax","lcRpkEDQ0uqW344PYcC",3.79487965427323,59,0.302543381337652,-0.0614084823952316,0.491149484407454,1.44437414553642,FALSE,1,1,0.619875776397516,FALSE,NA,NA,NA,FALSE
"lcR7Q1ym5QhEM9GjVab","lcRkl4pDzYPGViBLHKl",2.30314823460434,56,0.858256125694173,0.193110137649982,0.83892172200388,1.25874472199888,FALSE,1,0.552875695732839,1,FALSE,NA,NA,NA,FALSE
"lcR920v7N6iOM1AjWvM","lcRc3EYIf3Wnd1YvC43",6.53707210394062,23,-0.01941563305357,0.134161988988293,0.525170485616594,1.28567627168265,FALSE,0.954773869346734,0.810810810810811,0.954773869346734,FALSE,NA,NA,NA,FALSE
"lcR920v7N6iOM1AjWvM","lcRmr3gbO1Av1mrcYuS",4.49968667534143,25,-0.0683307380796265,-0.130719575909581,0.566025281927687,1.47214555003687,FALSE,0.92176386913229,0.92176386913229,0.791208791208791,FALSE,NA,NA,NA,FALSE
"lcRaGk4QjgDlpjmzYXS","lcRTg6cBvaldgzqzvIy",6.42011343853014,33,0.310766356048842,0.292074019020158,0.471503302979885,1.17115609042879,FALSE,1,0.519329896907217,1,FALSE,NA,NA,NA,FALSE
"lcRAguhYn2m37GSsUhA","lcRHgrHn1RpWkKYF2Vp",2.59050304993505,39,0.163210715518435,-0.187598912884458,1.91071930330128,1.52075396426497,FALSE,0.998994974874372,0.546454095656954,0.998994974874372,FALSE,NA,NA,NA,FALSE
"lcRAYBRHkDoaNj3kvyS","lcRFboqjHl26pqcfMYV",3.30778003347318,75,-0.00504712057655856,0.185523514866699,0.232303058202853,1.26765140803378,FALSE,1,0.855658198614319,1,FALSE,NA,NA,NA,FALSE
"lcRAYBRHkDoaNj3kvyS","lcRlGjKwZU3GHUlNDpz",5.95560659698985,69,-0.0968567421405332,0.0311809375411459,0.282911917454343,1.3817175712171,FALSE,1,0.713625866050808,1,FALSE,NA,NA,NA,FALSE
"lcRAYBRHkDoaNj3kvyS","lcRvgN3r6LuyteBDGjJ",6.04333184423873,67,-0.154258341620025,-0.0482257878043779,0.509129790353362,1.43690193047281,FALSE,1,0.879907621247113,1,FALSE,NA,NA,NA,FALSE
"lcRbATe7rewTMm4UsLL","lcRmWgwCaDSiVMlVh6F",6.77361735569986,86,-0.277213298345301,-0.105725286778913,1.31735008899639,1.47832117890077,FALSE,1,0.462783171521036,1,FALSE,NA,NA,NA,FALSE
"lcRBs5gYw3OYdCCE3i9","lcRuQATYZKqZh4GjeUa",1.11192658809057,19,0.396757170512832,0.235326342763186,2.74123111324783,1.20182510157703,FALSE,1,0.800252844500632,1,FALSE,NA,NA,NA,FALSE
"lcRCVRBMAYqIHPK5niC","lcRNXPzpmzldxdPZUr3",4.6133218162688,43,0.283875035320523,-0.113646252483008,1.11454944567134,1.47453780251245,FALSE,1,0.552058111380145,1,FALSE,NA,NA,NA,FALSE
"lcRCVRBMAYqIHPK5niC","lcRskwWGCBveMiis4t9",1.22579101522208,31,-0.287629564709552,-0.285744183080399,2.49258709825902,1.57663314924201,FALSE,0.993887530562347,0.656174334140436,0.993887530562347,FALSE,NA,NA,NA,FALSE
"lcRDDw7ZAUZfobrLQo4","lcRQk1xoq1QRZdHZMJd",3.0571889971902,33,-0.2419140716466,-0.0390757083699062,0.557749463472813,1.41887602875188,FALSE,0.9952,0.9952,0.493650793650794,FALSE,NA,NA,NA,FALSE
"lcRdNJlzg7FoTgoufi5","lcRuadME8tFDHB6YPKG",1.73558165311703,47,0.582584831636238,0.0449038195796657,1.32906587723003,1.3669917483119,FALSE,0.978537894030852,0.978537894030852,0.826628895184136,FALSE,NA,NA,NA,FALSE
"lcRDpFBuudy5NFNvkWN","lcRu6bCcnntmNaWVu3F",0,63,0.76869752244718,-0.0113814084737338,1.3682997978487,1.41072237177359,FALSE,0.987730061349693,0.64956772334294,0.987730061349693,FALSE,NA,NA,NA,FALSE
"lcRE9LKNNPRz5t7QmKw","lcRg5Vt8UQ0gFUjudnJ",0.437951071066861,97,0.503059781709428,0.122082852255451,2.25179459543165,1.3181594573158,FALSE,1,1,0.592329545454545,FALSE,NA,NA,NA,FALSE
"lcRevSrSJ6Y4iMApChz","lcRVBrP7XtZ6QojKVE5",6.66237534080259,219,0.938934810296688,0.0465339846631212,1.08915612176295,1.37774621612169,FALSE,0.982681205901219,0.982681205901219,0.903834808259587,FALSE,NA,NA,NA,FALSE
"lcRezr1gGfLk5sX9pav","lcRU4vkTPtr9iZk56TT",1.33233452962812,66,0.288894776790088,-0.0480807306449231,1.6211272284062,1.43663245940771,FALSE,1,0.823237885462555,1,FALSE,NA,NA,NA,FALSE
"lcRF3s0Msar3gYE5geP","lcRtQdF9p7FPahFBm17",6.27174771491121,32,0.422123795569425,-0.156208457448131,0.25213655838642,1.49593543338854,FALSE,0.536858974358974,0.372222222222222,0.536858974358974,FALSE,NA,NA,NA,FALSE
"lcRFboqjHl26pqcfMYV","lcRlGjKwZU3GHUlNDpz",3.50078999360762,62,0.0490506496797636,-0.17240245262561,0.351723621742324,1.51867227556671,FALSE,1,0.834008097165992,1,FALSE,NA,NA,NA,FALSE
"lcRFboqjHl26pqcfMYV","lcRvgN3r6LuyteBDGjJ",4.70729090995568,65,0.384079997583381,0.271916049288474,0.573441545802777,1.19725322215616,FALSE,1,1,0.97244094488189,FALSE,NA,NA,NA,FALSE
"lcRGM0IXMeoMhktv3B6","lcRUFMZfedLZj2Mslpy",4.58265148680646,52,-0.241671046476962,0.242071553840403,1.71754997907034,1.21907104311278,FALSE,1,1,0.296511627906977,FALSE,NA,NA,NA,FALSE
"lcRGM0IXMeoMhktv3B6","lcRZuVrPOYyCKYmUMlg",5.59144120088122,25,-0.18906703305272,0.0615742533163212,0.849158254510791,1.34113733368749,FALSE,1,1,0.285514345696291,FALSE,NA,NA,NA,FALSE
"lcRgz7MbnDPx5A6dqed","lcRPjA2mg25fqZlLL1a",3.043106208447,28,-0.285392131762924,0.14375742150056,0.367265523985373,1.28415722589321,FALSE,0.955714285714286,0.955714285714286,0.869960988296489,FALSE,NA,NA,NA,FALSE
"lcRI1GuVejAPox6p56U","lcRquwxyJiptdcFjgAp",0,88,0.904470153744054,0.167362611197833,1.89178190070262,1.28301741539489,FALSE,0.9792,0.9792,0.725978647686833,FALSE,NA,NA,NA,FALSE
"lcRIO9qA5tCPx5bECXz","lcRKBajQ1ppcVcsLgLT",5.47343280465685,32,0.813579030601494,0.75337925167625,0.590022010114632,0.690891077252134,FALSE,1,0.957700650759219,1,FALSE,NA,NA,NA,FALSE
"lcRiycFmq0eXRvjz3s7","lcRWboA8dGjlebUPWfP",5.64067664146261,36,-0.32770302536045,0.0521708547477926,1.86010480981984,1.35701754780896,FALSE,1,1,0.725305738476011,FALSE,NA,NA,NA,FALSE
"lcRlGjKwZU3GHUlNDpz","lcRvgN3r6LuyteBDGjJ",2.17107036352411,54,0.140448332879384,-0.124518778741425,0.277244162991207,1.4854638624305,FALSE,1,1,0.811023622047244,FALSE,NA,NA,NA,FALSE
"lcRNXPzpmzldxdPZUr3","lcRskwWGCBveMiis4t9",3.93987345187389,26,0.507122109201008,0.246290283760526,1.42642372232488,1.2029641121745,FALSE,1,1,0.836185819070905,FALSE,NA,NA,NA,FALSE
"lcRPgv6G0dBBAVvOgrO","lcRQtgxpgLMLw2WVJvS",1.53293559182129,41,-0.289347996569233,-0.323122367615621,0.785358519025901,1.60626542540467,FALSE,0.827272727272727,0.482119205298013,0.827272727272727,FALSE,NA,NA,NA,FALSE
"lcRQk1xoq1QRZdHZMJd","lcRR05QblzbZTjMF6WG",5.29386716551501,41,0.0863499880978195,-0.0522053041240466,1.1339026916345,1.43241067541466,FALSE,0.969924812030075,0.614285714285714,0.969924812030075,FALSE,NA,NA,NA,FALSE
"lcRR05QblzbZTjMF6WG","lcRrtTZ9ZLnK66rr77S",3.72209827378867,96,0.265534988842319,0.0553068811337306,0.588017513316429,1.3672958573571,FALSE,1,0.598997493734336,1,FALSE,NA,NA,NA,FALSE
"lcRrlwDaEYkcO3O7PiJ","lcRWb4p6XwRIomqDm3v",1.4862739185539,19,0.151151579656842,0.351930504426784,0.440586335514528,1.10640465898155,FALSE,0.530373831775701,0.367909238249595,0.530373831775701,FALSE,NA,NA,NA,FALSE
"lcRUFMZfedLZj2Mslpy","lcRZuVrPOYyCKYmUMlg",2.8723011504746,81,0.773845779590621,0.0064216141432536,1.20598264907775,1.40082736697534,FALSE,1,1,0.962911126662001,FALSE,NA,NA,NA,FALSE
"LPDbf7cf949","R5HOHpl8dmU",0.203356602774062,24,0.999999882313301,0.99999985586824,0.000272425760980992,0.000525100299256421,FALSE,1,0.803406414205472,1,TRUE,"curated",TRUE,FALSE,FALSE
"R1nNBObu5aA","R7LeQoyUglX",6.26829441295077,33,-0.253243774728739,0.00602716020094504,19.4303545104318,1.38774002504456,FALSE,1,0.716310353110737,1,FALSE,NA,NA,NA,FALSE
"R1nNBObu5aA","RGWemwytx8C",6.26829441295077,33,-0.254418031428882,-0.0131137476825722,10.3588132518829,1.40103814585292,FALSE,1,0.716310353110737,1,FALSE,NA,NA,NA,FALSE
"R1nNBObu5aA","Rty5zp1fztI",6.26829441295077,33,-0.223710265381758,-0.0277794628266064,2.088658436228,1.41114234194377,FALSE,1,0.716310353110737,1,FALSE,NA,NA,NA,FALSE
"R2Upfw9csmf","RiC8o7pLcFf",1.34756682888801,45,0.413883734996183,-0.0648891679460995,9.17933532654602,1.44269687835101,FALSE,1,0.695510510209109,1,FALSE,NA,NA,NA,FALSE
"R2Upfw9csmf","RJMuYNva9bv",7.92867757456287,63,0.465226473647468,0.0582174906364209,1.55993636591662,1.36131735380842,FALSE,1,0.984642995961612,1,FALSE,NA,NA,NA,FALSE
"R2Upfw9csmf","RnZjOuuIWhT",1.34756682888801,45,0.470934308623536,0.0473493769145896,8.67789863639056,1.36455082174373,FALSE,1,0.695510510209109,1,FALSE,NA,NA,NA,FALSE
"R2Upfw9csmf","RqNRfcM7fei",7.92867757456287,63,-0.209419878100641,0.0783357341881556,8.7927909219593,1.34669871399468,FALSE,1,0.984642995961612,1,FALSE,NA,NA,NA,FALSE
"R2Upfw9csmf","RSxYsJ99Tfh",7.92867757456287,63,0.643503987977725,0.0319381926102978,8.11216037149334,1.38017963125856,FALSE,1,0.984642995961612,1,FALSE,NA,NA,NA,FALSE
"R2Upfw9csmf","RzyRCrnQ01a",1.34756682888801,45,0.474099482530504,-0.00590774428710939,1.41278316512618,1.40217417223697,FALSE,1,0.695510510209109,1,FALSE,NA,NA,NA,FALSE
"R4NdhyHXypE","R4ZD9cQexvE",2.22389853289152,69,0.243042028711995,-0.200559305438326,2.04006372629627,1.53811834494932,FALSE,0.995940476478999,0.995940476478999,0.994893450598977,FALSE,NA,NA,NA,FALSE
"R4NdhyHXypE","ReTuVryIGiI",2.22389853289152,69,0.139192828644277,-0.0130828332229996,10.9647988354557,1.41292926663994,FALSE,0.995940476478999,0.995940476478999,0.994893450598977,FALSE,NA,NA,NA,FALSE
"R4NdhyHXypE","RwO7RKqNFpE",2.22389853289152,69,0.188765317368961,-0.218684491973227,9.64074412374455,1.54968555598155,FALSE,0.995940476478999,0.995940476478999,0.994893450598977,FALSE,NA,NA,NA,FALSE
"R4ZD9cQexvE","R8v7DcuyImX",2.22389853289152,69,0.16701391284795,-0.197903263443916,8.46974728293235,1.5364159846744,FALSE,0.995940476478999,0.994893450598977,0.995940476478999,FALSE,NA,NA,NA,FALSE
"R4ZD9cQexvE","RwXhHQgpW2u",2.22389853289152,69,0.246901930668116,-0.135334246287913,9.79745708730495,1.49575275659498,FALSE,0.995940476478999,0.994893450598977,0.995940476478999,FALSE,NA,NA,NA,FALSE
"R7LeQoyUglX","R7rauvFO4PX",6.26829441295077,33,-0.355996189906496,-0.00980696796626137,3.12820863998463,1.39874979908296,FALSE,1,1,0.716310353110737,FALSE,NA,NA,NA,FALSE
"R7LeQoyUglX","R80Zur79Zc7",6.26829441295077,33,-0.328862291355033,-0.00446066123259656,10.6614772070972,1.39504212521994,FALSE,1,1,0.716310353110737,FALSE,NA,NA,NA,FALSE
"R7QEG9hfgXk","RdJvwvGhcjY",5.6655652305401,82,-0.053430795438817,0.127323891382496,9.51910638480371,1.31293741625317,FALSE,0.992156091162486,0.991724028132873,0.992156091162486,FALSE,NA,NA,NA,FALSE
"R7QEG9hfgXk","RfEoNTrvsy9",2.29032669713924,93,-0.0462236014695937,-0.337086488431204,18.1266417080653,1.62637814769131,FALSE,1,1,0.983742938321559,FALSE,NA,NA,NA,FALSE
"R7QEG9hfgXk","RfXrRxDE4us",5.6655652305401,82,0.104877002613428,0.114417044504887,18.2444457357909,1.32261092736131,FALSE,0.992156091162486,0.991724028132873,0.992156091162486,FALSE,NA,NA,NA,FALSE
"R7QEG9hfgXk","RmWAcZM7Ri5",2.29032669713924,93,-0.159159980869074,-0.227876430643961,9.44115777903435,1.55854415895231,FALSE,1,1,0.983742938321559,FALSE,NA,NA,NA,FALSE
"R7QEG9hfgXk","RPm77pxTowD",2.29032669713924,93,-0.213270239604659,-0.112335227004726,2.49016867734309,1.48340461554574,FALSE,1,1,0.983742938321559,FALSE,NA,NA,NA,FALSE
"R7QEG9hfgXk","RUwCLuUd8Iw",5.6655652305401,82,-0.134649627878011,0.132014570509069,2.56248760337521,1.30940410873881,FALSE,0.992156091162486,0.991724028132873,0.992156091162486,FALSE,NA,NA,NA,FALSE
"R7rauvFO4PX","RGWemwytx8C",6.26829441295077,33,-0.294112192862134,0.013182249307441,8.07978583097451,1.38273619753257,FALSE,1,0.716310353110737,1,FALSE,NA,NA,NA,FALSE
"R7rauvFO4PX","Rty5zp1fztI",6.26829441295077,33,-0.205589465425445,0.0311286196096175,16.9726643560484,1.37010521475774,FALSE,1,0.716310353110737,1,FALSE,NA,NA,NA,FALSE
"R80Zur79Zc7","RGWemwytx8C",6.26829441295077,33,-0.286731253408348,0.00414382357420632,2.5097587374462,1.38905411767324,FALSE,1,0.716310353110737,1,FALSE,NA,NA,NA,FALSE
"R80Zur79Zc7","Rty5zp1fztI",6.26829441295077,33,-0.215689556737408,0.010963023845041,8.13767952750895,1.38429012179537,FALSE,1,0.716310353110737,1,FALSE,NA,NA,NA,FALSE
"R8v7DcuyImX","ReTuVryIGiI",2.22389853289152,69,0.30766294653629,-0.0583139917400925,2.98537078357819,1.44412641460856,FALSE,0.995940476478999,0.995940476478999,0.994893450598977,FALSE,NA,NA,NA,FALSE
"R8v7DcuyImX","RwO7RKqNFpE",2.22389853289152,69,-0.0683873405101652,-0.186026691837027,18.4230247273585,1.52878064014392,FALSE,0.995940476478999,0.995940476478999,0.994893450598977,FALSE,NA,NA,NA,FALSE
"Rbej29eCJHX","RIp3Z76QSZU",5.59868340968932,45,-0.0392237842151887,0.0782702796013276,8.76657569533539,1.34222301996527,FALSE,1,0.741081608501598,1,FALSE,NA,NA,NA,FALSE
"Rbej29eCJHX","RLL7sC7ToiR",5.59868340968932,45,0.404820405135989,0.14418168291135,7.05595117933262,1.29334287858339,FALSE,1,0.741081608501598,1,FALSE,NA,NA,NA,FALSE
"Rbej29eCJHX","RLvTOvCOiO1",5.59868340968932,45,0.332667157100458,0.158437218891126,1.38084249391925,1.28252590949695,FALSE,1,0.741081608501598,1,FALSE,NA,NA,NA,FALSE
"RdJvwvGhcjY","RfEoNTrvsy9",4.04605584991973,83,0.282440270678607,-0.102883310994718,8.90090595540951,1.47609858378035,FALSE,1,1,0.983314539042376,FALSE,NA,NA,NA,FALSE
"RdJvwvGhcjY","RFpLrMQJWkr",5.6655652305401,82,-0.0070899143222923,0.119438545218795,8.79868820646444,1.31885581145918,FALSE,0.992156091162486,0.992156091162486,0.991724028132873,FALSE,NA,NA,NA,FALSE
"RdJvwvGhcjY","RKbjZpxyKQG",5.6655652305401,82,-0.0399616693653596,0.147854490808181,1.82206667127761,1.29740139838334,FALSE,0.992156091162486,0.992156091162486,0.991724028132873,FALSE,NA,NA,NA,FALSE
"RdJvwvGhcjY","RmWAcZM7Ri5",4.04605584991973,83,0.34381844567461,-0.0860440276288364,1.68015802647152,1.46478639280102,FALSE,1,1,0.983314539042376,FALSE,NA,NA,NA,FALSE
"RdJvwvGhcjY","RPm77pxTowD",4.04605584991973,83,0.353100367265267,-0.0628591637920923,9.13274223615469,1.44906691817368,FALSE,1,1,0.983314539042376,FALSE,NA,NA,NA,FALSE
"ReTuVryIGiI","RwXhHQgpW2u",2.22389853289152,69,-0.0634546443763613,0.0365960106420578,19.7723102516676,1.37785070572402,FALSE,0.995940476478999,0.994893450598977,0.995940476478999,FALSE,NA,NA,NA,FALSE
"RfEoNTrvsy9","RFpLrMQJWkr",2.29032669713924,93,0.226989597215151,-0.117994187275545,1.19259558048857,1.48717320883903,FALSE,1,0.983742938321559,1,FALSE,NA,NA,NA,FALSE
"RfEoNTrvsy9","RfXrRxDE4us",4.04605584991973,83,0.274840098250687,-0.0489126448540629,1.32067859812504,1.4395284139147,FALSE,1,0.983314539042376,1,FALSE,NA,NA,NA,FALSE
"RfEoNTrvsy9","RKbjZpxyKQG",2.29032669713924,93,0.0639974994521455,-0.276801668378303,9.19172258017122,1.58929128190788,FALSE,1,0.983742938321559,1,FALSE,NA,NA,NA,FALSE
"RfEoNTrvsy9","RUwCLuUd8Iw",4.04605584991973,83,0.27264337975828,-0.133936862166598,17.7374688156896,1.49673535659948,FALSE,1,0.983314539042376,1,FALSE,NA,NA,NA,FALSE
"RFpLrMQJWkr","RfXrRxDE4us",5.6655652305401,82,0.126317841505624,0.105427022365199,1.2736809352834,1.32930723822584,FALSE,0.992156091162486,0.991724028132873,0.992156091162486,FALSE,NA,NA,NA,FALSE
"RFpLrMQJWkr","RmWAcZM7Ri5",2.29032669713924,93,0.0730220994583458,-0.10045419323295,8.83594943960412,1.47546110393385,FALSE,1,1,0.983742938321559,FALSE,NA,NA,NA,FALSE
"RFpLrMQJWkr","RPm77pxTowD",2.29032669713924,93,-0.0223993255893077,-0.0725932311994387,17.6417368764199,1.45666372860807,FALSE,1,1,0.983742938321559,FALSE,NA,NA,NA,FALSE
"RFpLrMQJWkr","RUwCLuUd8Iw",5.6655652305401,82,-0.077347636029142,0.125349175087055,17.6468392460944,1.31442205290438,FALSE,0.992156091162486,0.991724028132873,0.992156091162486,FALSE,NA,NA,NA,FALSE
"RfXrRxDE4us","RKbjZpxyKQG",5.6655652305401,82,0.12760584687624,0.131878784847169,9.3029999656159,1.30950652483044,FALSE,0.992156091162486,0.992156091162486,0.991724028132873,FALSE,NA,NA,NA,FALSE
"RfXrRxDE4us","RmWAcZM7Ri5",4.04605584991973,83,0.257644583286806,-0.0407114077915956,9.07929501648619,1.43388967864167,FALSE,1,1,0.983314539042376,FALSE,NA,NA,NA,FALSE
"RfXrRxDE4us","RPm77pxTowD",4.04605584991973,83,0.226881996502507,-0.0295617560157185,17.8916251253063,1.42618801344339,FALSE,1,1,0.983314539042376,FALSE,NA,NA,NA,FALSE
"RI78rVKUDsn","RIp3Z76QSZU",5.59868340968932,45,-0.000599427459483436,0.187142388393476,1.16223371231873,1.26046306965266,FALSE,1,0.741081608501598,1,FALSE,NA,NA,NA,FALSE
"RI78rVKUDsn","RLL7sC7ToiR",5.59868340968932,45,0.0598206458260842,0.175106912658621,15.1462179563135,1.26976022710946,FALSE,1,0.741081608501598,1,FALSE,NA,NA,NA,FALSE
"RI78rVKUDsn","RLvTOvCOiO1",5.59868340968932,45,0.0515662726259592,0.244089963352577,7.34618476152956,1.21550834064374,FALSE,1,0.741081608501598,1,FALSE,NA,NA,NA,FALSE
"RiC8o7pLcFf","RJMuYNva9bv",7.61907778534637,49,0.67642610416747,-0.115122856365863,9.63878476170129,1.47776258593292,FALSE,1,1,0.706358053692208,FALSE,NA,NA,NA,FALSE
"RiC8o7pLcFf","RmLRPV6GGtf",1.34756682888801,45,0.197680980407478,-0.0371662066612736,17.8333483569063,1.42379369813114,FALSE,1,1,0.695510510209109,FALSE,NA,NA,NA,FALSE
"RiC8o7pLcFf","RqNRfcM7fei",7.61907778534637,49,0.15695637238767,-0.182467762789639,18.4514082152699,1.52173126256348,FALSE,1,1,0.706358053692208,FALSE,NA,NA,NA,FALSE
"RiC8o7pLcFf","RSxYsJ99Tfh",7.61907778534637,49,0.794231336384136,-0.0562402300467641,1.36124416483902,1.43821780357088,FALSE,1,1,0.706358053692208,FALSE,NA,NA,NA,FALSE
"RiC8o7pLcFf","RyB1UzJcjHO",1.34756682888801,45,0.578782810027846,-0.0869928828946221,1.52299900336464,1.45759287813331,FALSE,1,1,0.695510510209109,FALSE,NA,NA,NA,FALSE
"RIp3Z76QSZU","Rv4RbxIbDsb",5.59868340968932,45,-0.0396508457700526,-0.0315261480702883,16.9518814094215,1.41991716094833,FALSE,1,1,0.741081608501598,FALSE,NA,NA,NA,FALSE
"RJMuYNva9bv","RmLRPV6GGtf",7.92867757456287,63,-0.0561756352456202,-0.0947424523815178,8.15532411539174,1.46770931458023,FALSE,1,1,0.984642995961612,FALSE,NA,NA,NA,FALSE
"RJMuYNva9bv","RnZjOuuIWhT",7.61907778534637,49,0.612833313796311,-0.0225190215929833,8.12455481235477,1.41507352598829,FALSE,1,0.706358053692208,1,FALSE,NA,NA,NA,FALSE
"RJMuYNva9bv","RyB1UzJcjHO",7.92867757456287,63,0.650012971156203,0.19162303957786,8.73817845361036,1.26122053769419,FALSE,1,1,0.984642995961612,FALSE,NA,NA,NA,FALSE
"RJMuYNva9bv","RzyRCrnQ01a",7.61907778534637,49,0.704563607092663,-0.075063123705069,1.26615468285265,1.45097620607269,FALSE,1,0.706358053692208,1,FALSE,NA,NA,NA,FALSE
"RKbjZpxyKQG","RmWAcZM7Ri5",2.29032669713924,93,-0.0783642121801012,-0.197211801795539,1.75891541273947,1.53895979806939,FALSE,1,1,0.983742938321559,FALSE,NA,NA,NA,FALSE
"RKbjZpxyKQG","RPm77pxTowD",2.29032669713924,93,-0.15570120928477,-0.108470569518212,8.84335694770198,1.48082542952995,FALSE,1,1,0.983742938321559,FALSE,NA,NA,NA,FALSE
"RKbjZpxyKQG","RUwCLuUd8Iw",5.6655652305401,82,-0.126724495298154,0.154085043210481,8.84835666901839,1.29264965266019,FALSE,0.992156091162486,0.991724028132873,0.992156091162486,FALSE,NA,NA,NA,FALSE
"RLL7sC7ToiR","Rv4RbxIbDsb",5.59868340968932,45,0.390844627528411,0.0503649793507645,2.2751587608669,1.36238937645856,FALSE,1,1,0.741081608501598,FALSE,NA,NA,NA,FALSE
"RLvTOvCOiO1","Rv4RbxIbDsb",5.59868340968932,45,0.320357077421601,0.0223133155636342,9.21186154436486,1.3823650259735,FALSE,1,1,0.741081608501598,FALSE,NA,NA,NA,FALSE
"RmLRPV6GGtf","RnZjOuuIWhT",1.34756682888801,45,0.394487953801349,0.0237944238248311,1.45578183386405,1.38131754915917,FALSE,1,0.695510510209109,1,FALSE,NA,NA,NA,FALSE
"RmLRPV6GGtf","RqNRfcM7fei",7.92867757456287,63,-0.290213967518032,-0.0649492729853339,1.96062627477351,1.44759985618136,FALSE,1,0.984642995961612,1,FALSE,NA,NA,NA,FALSE
"RmLRPV6GGtf","RSxYsJ99Tfh",7.92867757456287,63,0.0616992105631862,-0.109213589517958,16.353228507654,1.47737811527824,FALSE,1,0.984642995961612,1,FALSE,NA,NA,NA,FALSE
"RmLRPV6GGtf","RzyRCrnQ01a",1.34756682888801,45,0.305570918864355,-0.00530408508430278,9.07120182581293,1.40175337700235,FALSE,1,0.695510510209109,1,FALSE,NA,NA,NA,FALSE
"RmWAcZM7Ri5","RUwCLuUd8Iw",4.04605584991973,83,0.37210618416517,-0.112150813925457,9.00677535439075,1.48228742092854,FALSE,1,0.983314539042376,1,FALSE,NA,NA,NA,FALSE
"RnZjOuuIWhT","RqNRfcM7fei",7.61907778534637,49,0.407696947598702,0.00151410738495187,1.46379451013481,1.39834480954131,FALSE,1,1,0.706358053692208,FALSE,NA,NA,NA,FALSE
"RnZjOuuIWhT","RSxYsJ99Tfh",7.61907778534637,49,0.589094465994044,-0.0375038356444738,16.9224464799875,1.4254046249412,FALSE,1,1,0.706358053692208,FALSE,NA,NA,NA,FALSE
"RnZjOuuIWhT","RyB1UzJcjHO",1.34756682888801,45,0.497544947530731,0.066916659176917,17.3297430519844,1.35046429146344,FALSE,1,1,0.695510510209109,FALSE,NA,NA,NA,FALSE
"RPm77pxTowD","RUwCLuUd8Iw",4.04605584991973,83,0.401870203307343,-0.0820563518332023,2.14789435788042,1.46209475935351,FALSE,1,0.983314539042376,1,FALSE,NA,NA,NA,FALSE
"RqNRfcM7fei","RyB1UzJcjHO",7.92867757456287,63,-0.107829292681057,0.199130858574542,16.9935446622551,1.25535006847406,FALSE,1,1,0.984642995961612,FALSE,NA,NA,NA,FALSE
"RqNRfcM7fei","RzyRCrnQ01a",7.61907778534637,49,0.286686980049238,-0.0970385022056639,9.66666675423559,1.46573089850062,FALSE,1,0.706358053692208,1,FALSE,NA,NA,NA,FALSE
"RSxYsJ99Tfh","RyB1UzJcjHO",7.92867757456287,63,0.817461948321826,0.158864135334367,1.47799876350408,1.28652178929937,FALSE,1,1,0.984642995961612,FALSE,NA,NA,NA,FALSE
"RSxYsJ99Tfh","RzyRCrnQ01a",7.61907778534637,49,0.766726127646705,-0.0522949885492213,8.13983763120635,1.4355292935275,FALSE,1,0.706358053692208,1,FALSE,NA,NA,NA,FALSE
"RwO7RKqNFpE","RwXhHQgpW2u",2.22389853289152,69,0.383181709281304,-0.177339460194221,2.42551413390826,1.52317145758652,FALSE,0.995940476478999,0.994893450598977,0.995940476478999,FALSE,NA,NA,NA,FALSE
"RyB1UzJcjHO","RzyRCrnQ01a",1.34756682888801,45,0.587845556837004,-0.00593474599429226,8.57511839494746,1.40219299147888,FALSE,1,0.695510510209109,1,FALSE,NA,NA,NA,FALSE
"RZPRigavTYR","WEB-0e7e0-edf1-4b8b-9d39-4eb2e",0,121,1,1,2.78948222236202e-10,3.78131749818758e-09,TRUE,1,1,0.266666666666667,TRUE,"identical",TRUE,FALSE,FALSE
"GH7a27907e","SP10WINZ01A",0,1128,-0.124809603098335,-0.154435676979701,0.768563485471677,1.51882278952449,FALSE,0.998127212336836,0.998127212336836,0.99812670253337,FALSE,NA,NA,NA,FALSE
"GH7a27907e","SP10WINZ01A_iso2k",0,1128,-0.124809603098335,-0.154435676979701,0.768563485471677,1.51882278952449,FALSE,0.998127212336836,0.998127212336836,0.99812670253337,FALSE,NA,NA,NA,FALSE
"LPD74b7663d","S2LRsiwBinOC1B",4.08849173549597,5525,0.999999778021117,0.999983725339062,0.000240433373880935,0.00570468487562628,FALSE,1,1,1,TRUE,"curated",TRUE,FALSE,FALSE
"LPD74b7663d","SP12FOAT01A",2.97939244343634,5525,0.99999977802112,0.999983725339062,0.000240433373885863,0.0057046848757465,FALSE,1,1,1,TRUE,"curated",TRUE,FALSE,FALSE
"LPD94e74028cc","S2LRVHXdyY64M6",0,268,0.982715314400422,0.677356956610983,0.14382445789086,0.801791297629811,FALSE,1,1,0.128787707129094,TRUE,"curated",TRUE,FALSE,FALSE
"LPDe1fb72db-dup_lev","S2LRVHXdyY64M6",0,2075,0.833076232790329,-0.128702235527498,0.985493945355992,1.50210387148862,FALSE,0.999421965317919,0.59586444572085,0.999421965317919,FALSE,NA,NA,NA,FALSE
"NAm_3870","S2LRzhGg35X7Yw",1.82933602067872,2577,0.998462229270771,0.965854092954273,0.0144415948472295,0.26127629684695,FALSE,0.999963782175657,0.999963782175657,0.996552995439229,TRUE,"prior",FALSE,TRUE,FALSE
"S2LRbQLEyq9H3B","S2LREFfg8jnl0z",0,46,-0.386263551064196,0.158115356403088,1.54589122715838,1.2831025648493,FALSE,1,1,0.775288212276475,FALSE,NA,NA,NA,FALSE
"S2LRbQLEyq9H3B","S2LRuHfBqVN3HV",0,46,-0.355358908906227,0.163896439625481,1.5900638633599,1.27868954891724,FALSE,1,1,0.775288212276475,FALSE,NA,NA,NA,FALSE
"S2LRHJm8GKQLSf","S2LRTSbmem1S2v",0,14,0.24833456074118,0.322939279425035,0.199556605740033,1.11801531893314,FALSE,0.739788738081728,0.335205768681535,0.739788738081728,FALSE,NA,NA,NA,FALSE
"S2LRsiwBinOC1B","SP12FOAT01A",1.11194926644616,5525,1,1,2.95381376903246e-15,8.56170906582369e-14,FALSE,1,1,1,TRUE,"subset",TRUE,FALSE,FALSE
"SP10WINZ01A","SP10WINZ01A_iso2k",0,1130,1,1,0,0,FALSE,1,1,1,TRUE,"subset",TRUE,FALSE,FALSE
"lcR3QNGWD0Lp1Iq0vvK","lcRhXE4D3Pa3jAK2c2y",1.44556273880988,163,0.181659890142912,-0.199478128468829,1.78465894677978,1.54406861407816,FALSE,1,0.85997357992074,1,FALSE,NA,NA,NA,FALSE
