"TSid","pid","dataSetName","archiveType","proxy","variableName","units","lat","lon","TSid_now","in_snapshot","candidate","selected","final","represented_by","represented","fails"
"Ant_030","Ant-WDC05A.Steig.2013_Ant_030","Ant-WDC05A.Steig.2013","GlacierIce","d18O","d18O","permil",-79.46,-112.09,"Ant_030",TRUE,TRUE,TRUE,FALSE,"IC13STWD01A",TRUE,""
"NAm_568","NAm-MtLemon.Briffa.2002_NAm_568","NAm-MtLemon.Briffa.2002","Wood","maximum latewood density","MXD",NA,32.5,-110.8,"NAm_568",TRUE,TRUE,TRUE,TRUE,"NAm_568",TRUE,""
"Arc_060","Arc-Arjeplog.Bjorklund.2014_Arc_060","Arc-Arjeplog.Bjorklund.2014","Wood","maximum latewood density","density",NA,66.3,18.2,"Arc_060",TRUE,TRUE,TRUE,TRUE,"Arc_060",TRUE,""
"Asia_041","Asi-CHIN019.Li.2010_Asia_041","Asi-CHIN019.Li.2010","Wood","ring width","trsgi","unitless",29.15,99.93,"Asia_041",TRUE,TRUE,TRUE,TRUE,"Asia_041",TRUE,""
"NAm_1876","NAm-Landslide.Luckman.2006_NAm_1876","NAm-Landslide.Luckman.2006","Wood","ring width","trsgi","unitless",60.2,-138.5,"NAm_1876",TRUE,TRUE,TRUE,TRUE,"NAm_1876",TRUE,""
"NAm_1108","NAm-SmithersSkiArea.Schweingruber.1996_NAm_1108","NAm-SmithersSkiArea.Schweingruber.1996","Wood","ring width","trsgi","unitless",54.9,-127.3,"NAm_1108",TRUE,TRUE,TRUE,TRUE,"NAm_1108",TRUE,""
"NAm_1120","NAm-SmithersSkiArea.Schweingruber.1996_NAm_1120","NAm-SmithersSkiArea.Schweingruber.1996","Wood","maximum latewood density","MXD",NA,54.9,-127.3,"NAm_1120",TRUE,TRUE,TRUE,TRUE,"NAm_1120",TRUE,""
"Asia_102","Asi-GANGCD.PAGES2k.2013_Asia_102","Asi-GANGCD.PAGES2k.2013","Wood","ring width","trsgi","unitless",30.98,78.93,"Asia_102",TRUE,TRUE,TRUE,TRUE,"Asia_102",TRUE,""
"Arc_032","Arc-Agassiz.Vinther.2008_Arc_032","Arc-Agassiz.Vinther.2008","GlacierIce","d18O","d18O","permil",80.7,-73.1,"Arc_032",TRUE,TRUE,TRUE,TRUE,"Arc_032",TRUE,""
"SAm_025","SAm-LagunaChepical.deJong.2013_SAm_025","SAm-LagunaChepical.deJong.2013","LakeSediment","reflectance","temperature","degC",-32.2667,-70.5,"SAm_025",TRUE,TRUE,TRUE,TRUE,"SAm_025",TRUE,""
"NAm_1396","NAm-CoppermineRiver.Jacoby.1989_NAm_1396","NAm-CoppermineRiver.Jacoby.1989","Wood","ring width","trsgi","unitless",67.2,-115.9,"NAm_1396",TRUE,TRUE,TRUE,TRUE,"NAm_1396",TRUE,""
"NAm_220","NAm-KobukNoatak.King.2003_NAm_220","NAm-KobukNoatak.King.2003","Wood","ring width","trsgi","unitless",67.1,-159.6,"NAm_220",TRUE,TRUE,TRUE,TRUE,"NAm_220",TRUE,""
"Asia_037","Asi-BT005.Cook.2010_Asia_037","Asi-BT005.Cook.2010","Wood","ring width","trsgi","unitless",27.45,90.15,"Asia_037",TRUE,TRUE,TRUE,TRUE,"Asia_037",TRUE,""
"SAm_020","SAm-CentralAndes9.Mundo.2014_SAm_020","SAm-CentralAndes9.Mundo.2014","Wood","ring width","trsgi","unitless",-39.33,-71.25,"SAm_020",TRUE,TRUE,TRUE,TRUE,"SAm_020",TRUE,""
"Asia_114","Asi-JAPA016.Yasue.2013_Asia_114","Asi-JAPA016.Yasue.2013","Wood","ring width","trsgi","unitless",35.73,138.22,"Asia_114",TRUE,TRUE,TRUE,TRUE,"Asia_114",TRUE,""
"Asia_219","Asi-CHIN049.Brauning.2013_Asia_219","Asi-CHIN049.Brauning.2013","Wood","ring width","trsgi","unitless",31.23,96.48,"Asia_219",TRUE,TRUE,TRUE,TRUE,"Asia_219",TRUE,""
"NAm_1588","NAm-MeadowMountain.Wilson.2005_NAm_1588","NAm-MeadowMountain.Wilson.2005","Wood","maximum latewood density","MXD",NA,50.2,-117.1,"NAm_1588",TRUE,TRUE,TRUE,TRUE,"NAm_1588",TRUE,""
"NAm_1576","NAm-MeadowMountain.Wilson.2005_NAm_1576","NAm-MeadowMountain.Wilson.2005","Wood","ring width","trsgi","unitless",50.2,-117.1,"NAm_1576",TRUE,TRUE,TRUE,TRUE,"NAm_1576",TRUE,""
"NAm_3388","NAm-wa069.Peterson.1994_NAm_3388","NAm-wa069.Peterson.1994","Wood","ring width","trsgi","unitless",48.7,-120.7,"NAm_3388",TRUE,TRUE,TRUE,TRUE,"NAm_3388",TRUE,""
"NAm_3604","NAm-PowderRiverPass.Briffa.1996_NAm_3604","NAm-PowderRiverPass.Briffa.1996","Wood","maximum latewood density","MXD",NA,44.2,-107.1,"NAm_3604",TRUE,TRUE,TRUE,TRUE,"NAm_3604",TRUE,""
"Asia_117","Asi-YKCOM.Yasue.2013_Asia_117","Asi-YKCOM.Yasue.2013","Wood","ring width","trsgi","unitless",30.37,130.53,"Asia_117",TRUE,TRUE,TRUE,TRUE,"Asia_117",TRUE,""
"Arc_093","Arc-MackenzieDelta.Porter.2013_Arc_093","Arc-MackenzieDelta.Porter.2013","Wood","ring width","trsgi","unitless",68.625,-133.87,"Arc_093",TRUE,TRUE,TRUE,TRUE,"Arc_093",TRUE,""
"O2kLR_066","Ocn-DryTortugasA.Lund.2006_O2kLR_066","Ocn-DryTortugasA.Lund.2006","MarineSediment","Mg/Ca","temperature","degC",24.33,-83.26,"O2kLR_066",TRUE,TRUE,TRUE,TRUE,"O2kLR_066",TRUE,"resolution;calibration"
"Asia_324","Asi-LowerYangtzeRiver.Zhang.1980_Asia_324","Asi-LowerYangtzeRiver.Zhang.1980","Documents","historical","temperature","unitless",32.1,118.8,"Asia_324",TRUE,TRUE,TRUE,TRUE,"Asia_324",TRUE,"resolution;calibration"
"Asia_173","Asi-NEPA025.Krusic.2013_Asia_173","Asi-NEPA025.Krusic.2013","Wood","ring width","trsgi","unitless",29.52,82.03,"Asia_173",TRUE,TRUE,TRUE,TRUE,"Asia_173",TRUE,""
"Asia_061","Asi-BARELC.PAGES2k.2013_Asia_061","Asi-BARELC.PAGES2k.2013","Wood","ring width","trsgi","unitless",33.75,107.8,"Asia_061",TRUE,TRUE,TRUE,TRUE,"Asia_061",TRUE,""
"Asia_200","Asi-PAKI029.Cook.2013_Asia_200","Asi-PAKI029.Cook.2013","Wood","ring width","trsgi","unitless",35.83,74.33,"Asia_200",TRUE,TRUE,TRUE,TRUE,"Asia_200",TRUE,""
"Asia_171","Asi-NEPA018.Krusic.2013_Asia_171","Asi-NEPA018.Krusic.2013","Wood","ring width","trsgi","unitless",27.73,86.33,"Asia_171",TRUE,TRUE,TRUE,TRUE,"Asia_171",TRUE,""
"Arc_025","Arc-LakeNataujaervi.Ojala.2005_Arc_025","Arc-LakeNataujaervi.Ojala.2005","LakeSediment","varve thickness","reflectance","count",61.81,24.68,"Arc_025",TRUE,TRUE,TRUE,TRUE,"Arc_025",TRUE,"calibration"
"NAm_3004","NAm-PearlPeak.Graybill.1994_NAm_3004","NAm-PearlPeak.Graybill.1994","Wood","ring width","trsgi","unitless",40.2,-115.5,"NAm_3004",TRUE,TRUE,TRUE,TRUE,"NAm_3004",TRUE,""
"Ocean2kHR_143","Ocn-NewIrelandPapua.Alibert.2008_Ocean2kHR_143","Ocn-NewIrelandPapua.Alibert.2008","Coral","Sr/Ca","Sr/Ca","mmol/mol",-2.5,150.5,"Ocean2kHR_143",TRUE,TRUE,TRUE,TRUE,"Ocean2kHR_143",TRUE,""
"Asia_016","Asi-UULMND.Schweingruber.2002_Asia_016","Asi-UULMND.Schweingruber.2002","Wood","ring width","trsgi","unitless",50.48,87.65,"Asia_016",TRUE,TRUE,TRUE,TRUE,"Asia_016",TRUE,""
"Ant_023","Ant-PlateauRemote.Mosley-Thompson.2013_Ant_023","Ant-PlateauRemote.Mosley-Thompson.2013","GlacierIce","d18O","d18O","permil",-84,43,"Ant_023",TRUE,TRUE,TRUE,FALSE,"IC00COPR01A",TRUE,""
"Asia_025","Asi-BT001.Cook.2010_Asia_025","Asi-BT001.Cook.2010","Wood","ring width","trsgi","unitless",27.58,90.65,"Asia_025",TRUE,TRUE,TRUE,TRUE,"Asia_025",TRUE,""
"Ocean2kHR_156","Ocn-SavusavuBayAB.Linsley.2006_Ocean2kHR_156","Ocn-SavusavuBayAB.Linsley.2006","Coral","d18O","d18O","permil",-16.8167,179.2333,"Ocean2kHR_156",TRUE,TRUE,TRUE,FALSE,"LI06FIJ01_d18O",TRUE,""
"Aus_057","Aus-Oroko.Cook.2002_Aus_057","Aus-Oroko.Cook.2002","Wood","ring width","temperature","degC",-43.23,170.28,"Aus_057",TRUE,TRUE,TRUE,TRUE,"Aus_057",TRUE,""
"Ant_010","Ant-DomeF2001.Uemura.2008_Ant_010","Ant-DomeF2001.Uemura.2008","GlacierIce","d18O","d18O","permil",-77.32,39.7,"Ant_010",TRUE,TRUE,TRUE,TRUE,"Ant_010",TRUE,"resolution;calibration"
"Asia_227","Asi-TW001.Wright.2010_Asia_227","Asi-TW001.Wright.2010","Wood","ring width","trsgi","unitless",24.53,121.38,"Asia_227",TRUE,TRUE,TRUE,TRUE,"Asia_227",TRUE,""
"Arc_051","Arc-PennyIceCapP96.Okuyama.2003_Arc_051","Arc-PennyIceCapP96.Okuyama.2003","GlacierIce","ice melt","iceMelt","percent",67.25,-65.75,"Arc_051",TRUE,TRUE,TRUE,TRUE,"Arc_051",TRUE,"resolution;calibration"
"O2kLR_045","Ocn-NorthIceland.Sicre.2011_O2kLR_045","Ocn-NorthIceland.Sicre.2011","MarineSediment","alkenone","temperature","degC",66.55,-17.42,"O2kLR_045",TRUE,TRUE,TRUE,TRUE,"O2kLR_045",TRUE,"resolution"
"Ocean2kHR_147","Ocn-Rarotonga_d18O2R.Linsley.2006_Ocean2kHR_147","Ocn-Rarotonga_d18O2R.Linsley.2006","Coral","d18O","d18O","permil",-21.2378,-159.8278,"Ocean2kHR_147",TRUE,TRUE,TRUE,TRUE,"Ocean2kHR_147",TRUE,""
"Asia_137","Asi-KYRG014.Solomina.2013_Asia_137","Asi-KYRG014.Solomina.2013","Wood","ring width","trsgi","unitless",42.42,78.97,"Asia_137",TRUE,TRUE,TRUE,TRUE,"Asia_137",TRUE,""
"Ocean2kHR_006","Ocn-Lombok.Charles.2003_Ocean2kHR_006","Ocn-Lombok.Charles.2003","Coral","d18O","d18O","permil",-8.2473,115.5757,"Ocean2kHR_006",TRUE,TRUE,TRUE,TRUE,"Ocean2kHR_006",TRUE,""
"Arc_040","Arc-HudsonLake.Clegg.2011_Arc_040","Arc-HudsonLake.Clegg.2011","LakeSediment","chironomid","temperature","degC",61.9,-145.66,"Arc_040",TRUE,TRUE,TRUE,TRUE,"Arc_040",TRUE,"resolution;calibration"
"Ocean2kHR_142","Ocn-SavusavuBayFiji.Bagnato.2005_Ocean2kHR_142","Ocn-SavusavuBayFiji.Bagnato.2005","Coral","d18O","d18O","permil",-16.82,179.23,"Ocean2kHR_142",TRUE,TRUE,TRUE,TRUE,"Ocean2kHR_142",TRUE,""
"Asia_145","Asi-MONG021.Jacoby.2010_Asia_145","Asi-MONG021.Jacoby.2010","Wood","ring width","trsgi","unitless",48.35,107.47,"Asia_145",TRUE,TRUE,TRUE,TRUE,"Asia_145",TRUE,""
"Ocean2kHR_019","Ocn-RedSea.Felis.2000_Ocean2kHR_019","Ocn-RedSea.Felis.2000","Coral","d18O","d18O","permil",27.85,34.32,"Ocean2kHR_019",TRUE,TRUE,TRUE,TRUE,"Ocean2kHR_019",TRUE,""
"Asia_003","Asi-AltaiJablonsky.Cook.2000_Asia_003","Asi-AltaiJablonsky.Cook.2000","Wood","ring width","trsgi","unitless",50.87,85.23,"Asia_003",TRUE,TRUE,TRUE,TRUE,"Asia_003",TRUE,""
"Asia_131","Asi-ESPERG.PAGES2k.2013_Asia_131","Asi-ESPERG.PAGES2k.2013","Wood","ring width","trsgi","unitless",40.17,72.58,"Asia_131",TRUE,TRUE,TRUE,TRUE,"Asia_131",TRUE,""
"NAm_1408","NAm-HornbyCabin.Jacoby.1989_NAm_1408","NAm-HornbyCabin.Jacoby.1989","Wood","ring width","trsgi","unitless",64,-103.9,"NAm_1408",TRUE,TRUE,TRUE,TRUE,"NAm_1408",TRUE,""
"NAm_184","NAm-MinersWell.Wiles.2000_NAm_184","NAm-MinersWell.Wiles.2000","Wood","ring width","trsgi","unitless",60,-141.7,"NAm_184",TRUE,TRUE,TRUE,TRUE,"NAm_184",TRUE,""
"Asia_097","Asi-CHIN063.Shao.2013_Asia_097","Asi-CHIN063.Shao.2013","Wood","ring width","trsgi","unitless",36.75,98.22,"Asia_097",TRUE,TRUE,TRUE,TRUE,"Asia_097",TRUE,""
"LPD68872399","Ocn-EmeraldBasin.Keigwin.2007_LPD68872399","Ocn-EmeraldBasin.Keigwin.2007","MarineSediment","alkenone","temperature","degC",43.53,-62.48,"LPD68872399",TRUE,TRUE,TRUE,TRUE,"LPD68872399",TRUE,"resolution;calibration"
"Asia_048","Asi-CHIN006.Sheppard.2013_Asia_048","Asi-CHIN006.Sheppard.2013","Wood","ring width","trsgi","unitless",36.3,98.08,"Asia_048",TRUE,TRUE,TRUE,TRUE,"Asia_048",TRUE,""
"Arc_018","Arc-Austfonna.Isaksson.2005_Arc_018","Arc-Austfonna.Isaksson.2005","GlacierIce","d18O","d18O","permil",79.83,24.02,"Arc_018",TRUE,TRUE,TRUE,FALSE,"IC05ISAU01A",TRUE,""
"NAm_1564","NAm-MedusaBay.Buckley.2003_NAm_1564","NAm-MedusaBay.Buckley.2003","Wood","ring width","trsgi","unitless",56.9,-61.5,"NAm_1564",TRUE,TRUE,TRUE,TRUE,"NAm_1564",TRUE,""
"LPDb9285123","Ant-WAIS-Divide.Severinghaus.2012_LPDb9285123","Ant-WAIS-Divide.Severinghaus.2012","Borehole","borehole","temperature","degC",-79.463,-112.125,"LPDb9285123",TRUE,TRUE,TRUE,TRUE,"LPDb9285123",TRUE,""
"LPD7abab671","Ant-DSS.DahlJensen.1999_LPD7abab671","Ant-DSS.DahlJensen.1999","Borehole","borehole","temperature","degC",-66.77,112.807,"LPD7abab671",TRUE,TRUE,TRUE,TRUE,"LPD7abab671",TRUE,"resolution;calibration"
"Arc_002","Arc-Avam-Taimyr.Briffa.2008_Arc_002","Arc-Avam-Taimyr.Briffa.2008","Wood","ring width","trsgi","unitless",72,101,"Arc_002",TRUE,TRUE,TRUE,TRUE,"Arc_002",TRUE,""
"Arc_008","Arc-Yukon.D'Arrigo.2006_Arc_008","Arc-Yukon.D'Arrigo.2006","Wood","ring width","trsgi","unitless",67.9,-140.7,"Arc_008",TRUE,TRUE,TRUE,TRUE,"Arc_008",TRUE,""
"NAm_088","NAm-DenaliNationalPark.Schweingruber.1996_NAm_088","NAm-DenaliNationalPark.Schweingruber.1996","Wood","maximum latewood density","MXD",NA,63.7,-149.6,"NAm_088",TRUE,TRUE,TRUE,TRUE,"NAm_088",TRUE,""
"NAm_3810","NAm-DarkLake.Gajewski.1988_NAm_3810","NAm-DarkLake.Gajewski.1988","LakeSediment","pollen","temperature","degC",45.3,-91.5,"NAm_3810",TRUE,TRUE,TRUE,TRUE,"NAm_3810",TRUE,"resolution;calibration"
"NAm_1852","NAm-FrenchGlacier.Colenutt.1995_NAm_1852","NAm-FrenchGlacier.Colenutt.1995","Wood","ring width","trsgi","unitless",50.8,-115.3,"NAm_1852",TRUE,TRUE,TRUE,TRUE,"NAm_1852",TRUE,""
"Arc_150","Arc-Forfjorddalen.McCarroll.2013_Arc_150","Arc-Forfjorddalen.McCarroll.2013","Wood","maximum latewood density","MXD",NA,68.73,15.73,"Arc_150",TRUE,TRUE,TRUE,TRUE,"Arc_150",TRUE,""
"Asia_105","Asi-INDI025.Borgaonkar.2013_Asia_105","Asi-INDI025.Borgaonkar.2013","Wood","ring width","trsgi","unitless",10.18,76.87,"Asia_105",TRUE,TRUE,TRUE,TRUE,"Asia_105",TRUE,""
"Asia_158","Asi-MONG014.Jacoby.2013_Asia_158","Asi-MONG014.Jacoby.2013","Wood","ring width","trsgi","unitless",47.43,100.42,"Asia_158",TRUE,TRUE,TRUE,TRUE,"Asia_158",TRUE,""
"Asia_125","Asi-KYRG007.Esper.2007_Asia_125","Asi-KYRG007.Esper.2007","Wood","ring width","trsgi","unitless",40.17,72.58,"Asia_125",TRUE,TRUE,TRUE,TRUE,"Asia_125",TRUE,""
"Ocean2kHR_194","Ocn-CoralSea.Calvo.2007_Ocean2kHR_194","Ocn-CoralSea.Calvo.2007","Coral","Sr/Ca","Sr/Ca","mmol/mol",-17.73,148.43,"Ocean2kHR_194",TRUE,TRUE,TRUE,TRUE,"Ocean2kHR_194",TRUE,"resolution"
"Ocean2kHR_193","Ocn-CoralSea.Calvo.2007_Ocean2kHR_193","Ocn-CoralSea.Calvo.2007","Coral","d18O","d18O","permil",-17.73,148.43,"Ocean2kHR_193",TRUE,TRUE,TRUE,TRUE,"Ocean2kHR_193",TRUE,"resolution"
"Eur_026","Eur-Tallinn.Tarand.2001_Eur_026","Eur-Tallinn.Tarand.2001","Documents","historical","temperature","degC",59.4,24.75,"Eur_026",TRUE,TRUE,TRUE,TRUE,"Eur_026",TRUE,""
"LPD7e8e8eaa","Ocn-MD98-2160.Newton.2010_LPD7e8e8eaa","Ocn-MD98-2160.Newton.2010","MarineSediment","Mg/Ca","temperature","degC",-5.2012,117.4867,"LPD7e8e8eaa",TRUE,TRUE,TRUE,TRUE,"LPD7e8e8eaa",TRUE,"resolution;calibration"
"Asia_098","Asi-CHIN064.Shao.2013_Asia_098","Asi-CHIN064.Shao.2013","Wood","ring width","trsgi","unitless",36.68,98.42,"Asia_098",TRUE,TRUE,TRUE,TRUE,"Asia_098",TRUE,""
"Ocean2kHR_023","Ocn-HoutmanAbrolhos.Kuhnert.1999_Ocean2kHR_023","Ocn-HoutmanAbrolhos.Kuhnert.1999","Coral","d18O","d18O","permil",-28.47,113.77,"Ocean2kHR_023",TRUE,TRUE,TRUE,TRUE,"Ocean2kHR_023",TRUE,""
"Ocean2kHR_133","Ocn-Vanuatu.Quinn.1996_Ocean2kHR_133","Ocn-Vanuatu.Quinn.1996","Coral","d18O","d18O","permil",-15,166.99,"Ocean2kHR_133",TRUE,TRUE,TRUE,TRUE,"Ocean2kHR_133",TRUE,""
"LPD995c6f3c","Ocn-WestSpitzberg.Bonnet.2010_LPD995c6f3c","Ocn-WestSpitzberg.Bonnet.2010","MarineSediment","dinocyst","temperature","degC",78.96,5.885,"LPD995c6f3c",TRUE,TRUE,TRUE,TRUE,"LPD995c6f3c",TRUE,"resolution;calibration"
"Asia_015","Asi-UULLWD.Schweingruber.2002_Asia_015","Asi-UULLWD.Schweingruber.2002","Wood","ring width","trsgi","unitless",50.48,87.65,"Asia_015",TRUE,TRUE,TRUE,TRUE,"Asia_015",TRUE,""
"O2kLR_074","Ocn-EmeraldBasin.Keigwin.2003_O2kLR_074","Ocn-EmeraldBasin.Keigwin.2003","MarineSediment","alkenone","temperature","degC",45.89,-62.8,"O2kLR_074",TRUE,TRUE,TRUE,TRUE,"O2kLR_074",TRUE,"resolution;calibration"
"SAm_0243","SAm-LagunaAculeo.vonGunten.2009_SAm_0243","SAm-LagunaAculeo.vonGunten.2009","LakeSediment","reflectance","temperature","degC",-33.85,-70.92,"SAm_0243",TRUE,TRUE,TRUE,TRUE,"SAm_0243",TRUE,""
"Asia_224","Asi-CHIN048.Brauning.2013_Asia_224","Asi-CHIN048.Brauning.2013","Wood","ring width","trsgi","unitless",30.3,91.52,"Asia_224",TRUE,TRUE,TRUE,TRUE,"Asia_224",TRUE,""
"NAm_868","NAm-BorealPlateau.Graumlich.2005_NAm_868","NAm-BorealPlateau.Graumlich.2005","Wood","ring width","trsgi","unitless",36.3,-118.3,"NAm_868",TRUE,TRUE,TRUE,TRUE,"NAm_868",TRUE,""
"Ocean2kHR_183","Ocn-PalauUlongChannel.Osborne.2014_Ocean2kHR_183","Ocn-PalauUlongChannel.Osborne.2014","Coral","d18O","d18O","permil",7.2859,134.2503,"Ocean2kHR_183",TRUE,TRUE,TRUE,TRUE,"Ocean2kHR_183",TRUE,""
"NAm_3804","NAm-ClearPond.Gajewski.1988_NAm_3804","NAm-ClearPond.Gajewski.1988","LakeSediment","pollen","temperature","degC",33.8,-79,"NAm_3804",TRUE,TRUE,TRUE,TRUE,"NAm_3804",TRUE,"resolution;calibration"
"Asia_011","Asi-UULTRW.Schweingruber.2002_Asia_011","Asi-UULTRW.Schweingruber.2002","Wood","ring width","trsgi","unitless",50.48,87.65,"Asia_011",TRUE,TRUE,TRUE,TRUE,"Asia_011",TRUE,""
"Arc_027","Arc-NGTB18.Schwager.1998_Arc_027","Arc-NGTB18.Schwager.1998","GlacierIce","d18O","d18O","permil",76.62,-36.4,"Arc_027",TRUE,TRUE,TRUE,TRUE,"Arc_027",TRUE,""
"LPD57d40973","Ocn-FiskBasin.Richey.2009_LPD57d40973","Ocn-FiskBasin.Richey.2009","MarineSediment","Mg/Ca","temperature","degC",27.55,-93.93,"LPD57d40973",TRUE,TRUE,TRUE,TRUE,"LPD57d40973",TRUE,"resolution;calibration"
"Arc_034","Arc-Dye.Vinther.2010_Arc_034","Arc-Dye.Vinther.2010","GlacierIce","d18O","d18O","permil",65.18,-43.83,"Arc_034",TRUE,TRUE,TRUE,TRUE,"Arc_034",TRUE,""
"Asia_094","Asi-CHIN060.Shao.2013_Asia_094","Asi-CHIN060.Shao.2013","Wood","ring width","trsgi","unitless",37.32,98.4,"Asia_094",TRUE,TRUE,TRUE,TRUE,"Asia_094",TRUE,""
"NAm_808","NAm-FishCreekTrail.Biondi.2001_NAm_808","NAm-FishCreekTrail.Biondi.2001","Wood","ring width","trsgi","unitless",34.1,-116.8,"NAm_808",TRUE,TRUE,TRUE,TRUE,"NAm_808",TRUE,""
"Asia_151","Asi-MONG026.Jacoby.2010_Asia_151","Asi-MONG026.Jacoby.2010","Wood","ring width","trsgi","unitless",46.82,100.12,"Asia_151",TRUE,TRUE,TRUE,TRUE,"Asia_151",TRUE,""
"Ocean2kHR_166","Ocn-DoubleReef.Asami.2005_Ocean2kHR_166","Ocn-DoubleReef.Asami.2005","Coral","d18O","d18O","permil",13.5982,144.8359,"Ocean2kHR_166",TRUE,TRUE,TRUE,TRUE,"Ocean2kHR_166",TRUE,""
"Asia_107","Asi-INDI024.Borgaonkar.2013_Asia_107","Asi-INDI024.Borgaonkar.2013","Wood","ring width","trsgi","unitless",31.37,78.17,"Asia_107",TRUE,TRUE,TRUE,TRUE,"Asia_107",TRUE,""
"Asia_044","Asi-GOUQIN.PAGES2k.2013_Asia_044","Asi-GOUQIN.PAGES2k.2013","Wood","ring width","trsgi","unitless",34.73,100.8,"Asia_044",TRUE,TRUE,TRUE,TRUE,"Asia_044",TRUE,""
"Asia_093","Asi-CHIN059.Shao.2013_Asia_093","Asi-CHIN059.Shao.2013","Wood","ring width","trsgi","unitless",33.8,96.13,"Asia_093",TRUE,TRUE,TRUE,TRUE,"Asia_093",TRUE,""
"Asia_134","Asi-KAZ001.Solomina.2010_Asia_134","Asi-KAZ001.Solomina.2010","Wood","ring width","trsgi","unitless",43.35,77.35,"Asia_134",TRUE,TRUE,TRUE,TRUE,"Asia_134",TRUE,""
"Eur_024","Eur-CentralandEasternPyrenees.Pla.2004_Eur_024","Eur-CentralandEasternPyrenees.Pla.2004","LakeSediment","chrysophyte assemblage","temperature","degC",42.5,0.75,"Eur_024",TRUE,TRUE,TRUE,TRUE,"Eur_024",TRUE,"resolution;calibration"
"NAm_2056","NAm-SunshineMeadows.Colenutt.1995_NAm_2056","NAm-SunshineMeadows.Colenutt.1995","Wood","maximum latewood density","MXD",NA,51.1,-115.8,"NAm_2056",TRUE,TRUE,TRUE,TRUE,"NAm_2056",TRUE,""
"Ant_033","Ant-MES.Rhodes.2012_Ant_033","Ant-MES.Rhodes.2012","GlacierIce","dD","d2H","permil",-77.515,167.6765,"Ant_033",TRUE,TRUE,TRUE,TRUE,"Ant_033",TRUE,""
"Asia_024","Asi-UKHMXD.Schweingruber.2002_Asia_024","Asi-UKHMXD.Schweingruber.2002","Wood","ring width","trsgi","unitless",50.15,85.37,"Asia_024",TRUE,TRUE,TRUE,TRUE,"Asia_024",TRUE,""
"Ocean2kHR_026","Ocn-HoutmanAbrolhosHAB10A.Zinke.2014_Ocean2kHR_026","Ocn-HoutmanAbrolhosHAB10A.Zinke.2014","Coral","d18O","d18O","permil",-28.4589,113.749,"Ocean2kHR_026",TRUE,TRUE,TRUE,TRUE,"Ocean2kHR_026",TRUE,""
"Ocean2kHR_027","Ocn-HoutmanAbrolhosHAB10A.Zinke.2014_Ocean2kHR_027","Ocn-HoutmanAbrolhosHAB10A.Zinke.2014","Coral","Sr/Ca","Sr/Ca","mmol/mol",-28.4589,113.749,"Ocean2kHR_027",TRUE,TRUE,TRUE,TRUE,"Ocean2kHR_027",TRUE,""
"NAm_3376","NAm-ScatterLake.Graumlich.2003_NAm_3376","NAm-ScatterLake.Graumlich.2003","Wood","ring width","trsgi","unitless",48.3,-120.3,"NAm_3376",TRUE,TRUE,TRUE,TRUE,"NAm_3376",TRUE,""
"Asia_168","Asi-NEPA010.Krusic.2013_Asia_168","Asi-NEPA010.Krusic.2013","Wood","ring width","trsgi","unitless",27.7,86.45,"Asia_168",TRUE,TRUE,TRUE,TRUE,"Asia_168",TRUE,""
"Asia_230","Asi-SourthAndMiddleUrals.Demezhko.2007_Asia_230","Asi-SourthAndMiddleUrals.Demezhko.2007","Borehole","borehole","temperature","degC",55,59.5,"Asia_230",TRUE,TRUE,TRUE,TRUE,"Asia_230",TRUE,"resolution;calibration"
"Arc_044","Arc-PennyIceCapP96.Fisher.1998_Arc_044","Arc-PennyIceCapP96.Fisher.1998","GlacierIce","d18O","d18O","permil",67.25,-66.75,"Arc_044",TRUE,TRUE,TRUE,TRUE,"Arc_044",TRUE,"resolution;calibration"
"Asia_029","Asi-BHUTTD.PAGES2k.2013_Asia_029","Asi-BHUTTD.PAGES2k.2013","Wood","ring width","trsgi","unitless",27.67,90.72,"Asia_029",TRUE,TRUE,TRUE,TRUE,"Asia_029",TRUE,""
"Asia_213","Asi-PAKI039.Cook.2013_Asia_213","Asi-PAKI039.Cook.2013","Wood","ring width","trsgi","unitless",35,70.78,"Asia_213",TRUE,TRUE,TRUE,TRUE,"Asia_213",TRUE,""
"Asia_154","Asi-MONG029.Jacoby.2010_Asia_154","Asi-MONG029.Jacoby.2010","Wood","ring width","trsgi","unitless",49.87,91.43,"Asia_154",TRUE,TRUE,TRUE,TRUE,"Asia_154",TRUE,""
"NAm_2812","NAm-FlintCreekRange.Hughes.2005_NAm_2812","NAm-FlintCreekRange.Hughes.2005","Wood","ring width","trsgi","unitless",46.3,-113.2,"NAm_2812",TRUE,TRUE,TRUE,TRUE,"NAm_2812",TRUE,""
"Asia_138","Asi-KYRG015.Solomina.2013_Asia_138","Asi-KYRG015.Solomina.2013","Wood","ring width","trsgi","unitless",42.15,79.45,"Asia_138",TRUE,TRUE,TRUE,TRUE,"Asia_138",TRUE,""
"NAm_2260","NAm-SignalMountain.Luckman.2001_NAm_2260","NAm-SignalMountain.Luckman.2001","Wood","ring width","trsgi","unitless",52.9,-118,"NAm_2260",TRUE,TRUE,TRUE,TRUE,"NAm_2260",TRUE,""
"Ant_014","Ant-Ferrigno.Thomas.2013_Ant_014","Ant-Ferrigno.Thomas.2013","GlacierIce","dD","d2H","permil",-74.57,-86.9,"Ant_014",TRUE,TRUE,TRUE,TRUE,"Ant_014",TRUE,""
"Arc_059","Arc-Tjeggelvas.Bjorklund.2012_Arc_059","Arc-Tjeggelvas.Bjorklund.2012","Wood","maximum latewood density","density",NA,66.6,17.6,"Arc_059",TRUE,TRUE,TRUE,TRUE,"Arc_059",TRUE,""
"Asia_021","Asi-UKHEWD.Schweingruber.2002_Asia_021","Asi-UKHEWD.Schweingruber.2002","Wood","ring width","trsgi","unitless",50.15,85.37,"Asia_021",TRUE,TRUE,TRUE,TRUE,"Asia_021",TRUE,""
"Eur_022","Eur-CentralEurope.Dobrovolny.2009_Eur_022","Eur-CentralEurope.Dobrovolny.2009","Documents","historical","temperature","degC",49,13,"Eur_022",TRUE,TRUE,TRUE,TRUE,"Eur_022",TRUE,""
"Arc_016","Arc-Indigirka.Hughes.1999_Arc_016","Arc-Indigirka.Hughes.1999","Wood","ring width","trsgi","unitless",69.5,147,"Arc_016",TRUE,TRUE,TRUE,TRUE,"Arc_016",TRUE,""
"Asia_042","Asi-WXIYUN.Wright.2010_Asia_042","Asi-WXIYUN.Wright.2010","Wood","ring width","trsgi","unitless",27.33,99.3,"Asia_042",TRUE,TRUE,TRUE,TRUE,"Asia_042",TRUE,""
"NAm_3400","NAm-wa071.Peterson.1994_NAm_3400","NAm-wa071.Peterson.1994","Wood","ring width","trsgi","unitless",48.7,-120.7,"NAm_3400",TRUE,TRUE,TRUE,TRUE,"NAm_3400",TRUE,""
"LPD0e0867fe","Ocn-AlboranSea436B.Nieto-Moreno.2013_LPD0e0867fe","Ocn-AlboranSea436B.Nieto-Moreno.2013","MarineSediment","alkenone","temperature","degC",36.2053,-4.3133,"LPD0e0867fe",TRUE,TRUE,TRUE,TRUE,"LPD0e0867fe",TRUE,"resolution;calibration"
"O2kLR_187","Ocn-ChileanMargin.Lamy.2002_O2kLR_187","Ocn-ChileanMargin.Lamy.2002","MarineSediment","alkenone","temperature","degC",-41,-74.45,"O2kLR_187",TRUE,TRUE,TRUE,TRUE,"O2kLR_187",TRUE,"resolution;calibration"
"Ant_037","Ant-US-ITASE-2000-1.Steig.2013_Ant_037","Ant-US-ITASE-2000-1.Steig.2013","GlacierIce","d18O","d18O","permil",-79.3838,-111.24,"Ant_037",TRUE,TRUE,TRUE,TRUE,"Ant_037",TRUE,""
"Asia_152","Asi-MONG002.Jacoby.2013_Asia_152","Asi-MONG002.Jacoby.2013","Wood","ring width","trsgi","unitless",47.77,107,"Asia_152",TRUE,TRUE,TRUE,TRUE,"Asia_152",TRUE,""
"Asia_036","Asi-BT011.Cook.2010_Asia_036","Asi-BT011.Cook.2010","Wood","ring width","trsgi","unitless",27.45,90.15,"Asia_036",TRUE,TRUE,TRUE,TRUE,"Asia_036",TRUE,""
"NAm_3280","NAm-VicaryMine.Sauchyn.2016_NAm_3280","NAm-VicaryMine.Sauchyn.2016","Wood","ring width","trsgi","unitless",49.8,-114.5,"NAm_3280",TRUE,TRUE,TRUE,TRUE,"NAm_3280",TRUE,""
"Asia_030","Asi-BT006.Cook.2010_Asia_030","Asi-BT006.Cook.2010","Wood","ring width","trsgi","unitless",27.63,90.13,"Asia_030",TRUE,TRUE,TRUE,TRUE,"Asia_030",TRUE,""
"NAm_3772","NAm-FirthRiver.Anchukaitis.2013_NAm_3772","NAm-FirthRiver.Anchukaitis.2013","Wood","maximum latewood density","MXD",NA,68.7,-141.6,"NAm_3772",TRUE,TRUE,TRUE,TRUE,"NAm_3772",TRUE,""
"Ocean2kHR_099","Ocn-TurrumoteReefPuertoRico.Kilbourne.2008_Ocean2kHR_099","Ocn-TurrumoteReefPuertoRico.Kilbourne.2008","Coral","d18O","d18O","permil",17.93,-67,"Ocean2kHR_099",TRUE,TRUE,TRUE,TRUE,"Ocean2kHR_099",TRUE,""
"Ocean2kHR_100","Ocn-TurrumoteReefPuertoRico.Kilbourne.2008_Ocean2kHR_100","Ocn-TurrumoteReefPuertoRico.Kilbourne.2008","Coral","Sr/Ca","Sr/Ca","mmol/mol",17.93,-67,"Ocean2kHR_100",TRUE,TRUE,TRUE,TRUE,"Ocean2kHR_100",TRUE,""
"Asia_184","Asi-PAKI017.Cook.2013_Asia_184","Asi-PAKI017.Cook.2013","Wood","ring width","trsgi","unitless",35.33,74.8,"Asia_184",TRUE,TRUE,TRUE,TRUE,"Asia_184",TRUE,""
"Eur_015","Eur-TatraMountains.Buentgen.2013_Eur_015","Eur-TatraMountains.Buentgen.2013","Wood","ring width","trsgi","unitless",49,20,"Eur_015",TRUE,TRUE,TRUE,TRUE,"Eur_015",TRUE,""
"NAm_1012","NAm-LacRomanel.Schweingruber.1996_NAm_1012","NAm-LacRomanel.Schweingruber.1996","Wood","ring width","trsgi","unitless",56.2,-67.7,"NAm_1012",TRUE,TRUE,TRUE,TRUE,"NAm_1012",TRUE,""
"NAm_1024","NAm-LacRomanel.Schweingruber.1996_NAm_1024","NAm-LacRomanel.Schweingruber.1996","Wood","maximum latewood density","MXD",NA,56.2,-67.7,"NAm_1024",TRUE,TRUE,TRUE,TRUE,"NAm_1024",TRUE,""
"NAm_2152","NAm-GeraldineLakes.Luckman.2001_NAm_2152","NAm-GeraldineLakes.Luckman.2001","Wood","ring width","trsgi","unitless",52.6,-117.9,"NAm_2152",TRUE,TRUE,TRUE,TRUE,"NAm_2152",TRUE,""
"Asia_317","Asi-EastChina.Wang.1990_Asia_317","Asi-EastChina.Wang.1990","Documents","historical","temperature","unitless",30,117.5,"Asia_317",TRUE,TRUE,TRUE,TRUE,"Asia_317",TRUE,"resolution;calibration"
"Asia_073","Asi-WEXYUN.Wright.2010_Asia_073","Asi-WEXYUN.Wright.2010","Wood","ring width","trsgi","unitless",27.33,99.3,"Asia_073",TRUE,TRUE,TRUE,TRUE,"Asia_073",TRUE,""
"Eur_001","Eur-SpannagelCave.Mangini.2005_Eur_001","Eur-SpannagelCave.Mangini.2005","Speleothem","d18O","d18O","permil",47.1,11.6,"Eur_001",TRUE,TRUE,TRUE,TRUE,"Eur_001",TRUE,"resolution"
"NAm_3676","NAm-GranitePassHuntMountain.Briffa.1996_NAm_3676","NAm-GranitePassHuntMountain.Briffa.1996","Wood","maximum latewood density","MXD",NA,44.8,-107.9,"NAm_3676",TRUE,TRUE,TRUE,TRUE,"NAm_3676",TRUE,""
"Asia_026","Asi-BT002.Cook.2010_Asia_026","Asi-BT002.Cook.2010","Wood","ring width","trsgi","unitless",27.67,90.73,"Asia_026",TRUE,TRUE,TRUE,TRUE,"Asia_026",TRUE,""
"Asia_118","Asi-JAPA017.Yasue.2013_Asia_118","Asi-JAPA017.Yasue.2013","Wood","ring width","trsgi","unitless",30.37,130.53,"Asia_118",TRUE,TRUE,TRUE,TRUE,"Asia_118",TRUE,""
"NAm_1972","NAm-RockGlacierYukon.Kenigsberg.2013_NAm_1972","NAm-RockGlacierYukon.Kenigsberg.2013","Wood","ring width","trsgi","unitless",61.4,-128.4,"NAm_1972",TRUE,TRUE,TRUE,TRUE,"NAm_1972",TRUE,""
"NAm_2164","NAm-HighwoodPass.Luckman.2001_NAm_2164","NAm-HighwoodPass.Luckman.2001","Wood","ring width","trsgi","unitless",50.6,-115,"NAm_2164",TRUE,TRUE,TRUE,TRUE,"NAm_2164",TRUE,""
"NAm_1660","NAm-BigWhite2.Wilson.2005_NAm_1660","NAm-BigWhite2.Wilson.2005","Wood","ring width","trsgi","unitless",49.7,-118.9,"NAm_1660",TRUE,TRUE,TRUE,TRUE,"NAm_1660",TRUE,""
"NAm_1672","NAm-BigWhite2.Wilson.2005_NAm_1672","NAm-BigWhite2.Wilson.2005","Wood","maximum latewood density","MXD",NA,49.7,-118.9,"NAm_1672",TRUE,TRUE,TRUE,TRUE,"NAm_1672",TRUE,""
"Asia_305","Asi-Puruogangri.Thompson.2006_Asia_305","Asi-Puruogangri.Thompson.2006","GlacierIce","d18O","d18O","permil",33.9167,89.0833,"Asia_305",TRUE,TRUE,TRUE,TRUE,"Asia_305",TRUE,"resolution;calibration"
"Asia_156","Asi-MONG030.Jacoby.2010_Asia_156","Asi-MONG030.Jacoby.2010","Wood","ring width","trsgi","unitless",49.38,94.88,"Asia_156",TRUE,TRUE,TRUE,TRUE,"Asia_156",TRUE,""
"Eur_019","Eur-MaritimeFrenchAlps.Buentgen.2012_Eur_019","Eur-MaritimeFrenchAlps.Buentgen.2012","Wood","ring width","trsgi","unitless",44,7.5,"Eur_019",TRUE,TRUE,TRUE,TRUE,"Eur_019",TRUE,""
"Asia_136","Asi-KYRG013.Solomina.2013_Asia_136","Asi-KYRG013.Solomina.2013","Wood","ring width","trsgi","unitless",42.15,79.47,"Asia_136",TRUE,TRUE,TRUE,TRUE,"Asia_136",TRUE,""
"LPDa03ec713","Ocn-CH07-98-MC-22.Saenger.2011_LPDa03ec713","Ocn-CH07-98-MC-22.Saenger.2011","MarineSediment","Mg/Ca","temperature","degC",32.784,-76.276,"LPDa03ec713",TRUE,TRUE,TRUE,TRUE,"LPDa03ec713",TRUE,"resolution;calibration"
"Asia_018","Asi-UKHTRW.Schweingruber.2002_Asia_018","Asi-UKHTRW.Schweingruber.2002","Wood","ring width","trsgi","unitless",50.15,85.37,"Asia_018",TRUE,TRUE,TRUE,TRUE,"Asia_018",TRUE,""
"Aus_015","Aus-CTPEastTasmania.Allen.2001_Aus_015","Aus-CTPEastTasmania.Allen.2001","Wood","ring width","trsgi","unitless",-41.31,147.75,"Aus_015",TRUE,TRUE,TRUE,TRUE,"Aus_015",TRUE,""
"Ocean2kHR_173","Ocn-UrvinaBay.Dunbar.1994_Ocean2kHR_173","Ocn-UrvinaBay.Dunbar.1994","Coral","d18O","d18O","permil",-0.4,-91.23,"Ocean2kHR_173",TRUE,TRUE,TRUE,TRUE,"Ocean2kHR_173",TRUE,""
"Asia_190","Asi-PAKI020.Cook.2013_Asia_190","Asi-PAKI020.Cook.2013","Wood","ring width","trsgi","unitless",35.68,71.63,"Asia_190",TRUE,TRUE,TRUE,TRUE,"Asia_190",TRUE,""
"Asia_017","Asi-UULMXD.Schweingruber.2002_Asia_017","Asi-UULMXD.Schweingruber.2002","Wood","ring width","trsgi","unitless",50.48,87.65,"Asia_017",TRUE,TRUE,TRUE,FALSE,"Asia_015",TRUE,""
"NAm_3816","NAm-RubyLake.Gajewski.1988_NAm_3816","NAm-RubyLake.Gajewski.1988","LakeSediment","pollen","temperature","degC",45.3,-91.5,"NAm_3816",TRUE,TRUE,TRUE,TRUE,"NAm_3816",TRUE,"resolution;calibration"
"Asia_121","Asi-KYRG002.Esper.2007_Asia_121","Asi-KYRG002.Esper.2007","Wood","ring width","trsgi","unitless",40.17,72.58,"Asia_121",TRUE,TRUE,TRUE,TRUE,"Asia_121",TRUE,""
"Asia_148","Asi-MONG015.Jacoby.2013_Asia_148","Asi-MONG015.Jacoby.2013","Wood","ring width","trsgi","unitless",48.17,99.87,"Asia_148",TRUE,TRUE,TRUE,TRUE,"Asia_148",TRUE,""
"Asia_031","Asi-BT008.Cook.2010_Asia_031","Asi-BT008.Cook.2010","Wood","ring width","trsgi","unitless",27.58,90.65,"Asia_031",TRUE,TRUE,TRUE,TRUE,"Asia_031",TRUE,""
"NAm_3244","NAm-CeaderBreaks.Briffa.1996_NAm_3244","NAm-CeaderBreaks.Briffa.1996","Wood","maximum latewood density","MXD",NA,37.6,-113.9,"NAm_3244",TRUE,TRUE,TRUE,TRUE,"NAm_3244",TRUE,""
"Asia_083","Asi-CHIN041.Fan.2013_Asia_083","Asi-CHIN041.Fan.2013","Wood","ring width","trsgi","unitless",27.88,98.4,"Asia_083",TRUE,TRUE,TRUE,TRUE,"Asia_083",TRUE,""
"Ocean2kHR_001","Ocn-Malindi.Cole.2000_Ocean2kHR_001","Ocn-Malindi.Cole.2000","Coral","d18O","d18O","permil",-3.2,40.1,"Ocean2kHR_001",TRUE,TRUE,TRUE,TRUE,"Ocean2kHR_001",TRUE,""
"Asia_129","Asi-KYRG011.Shiyatov.2013_Asia_129","Asi-KYRG011.Shiyatov.2013","Wood","ring width","trsgi","unitless",39.83,71.5,"Asia_129",TRUE,TRUE,TRUE,TRUE,"Asia_129",TRUE,""
"Asia_064","Asi-CHIN029.Krusic.2010_Asia_064","Asi-CHIN029.Krusic.2010","Wood","ring width","trsgi","unitless",43.85,93.3,"Asia_064",TRUE,TRUE,TRUE,TRUE,"Asia_064",TRUE,""
"LPD47182517","Ocn-FeniDrift.Richter.2009_LPD47182517","Ocn-FeniDrift.Richter.2009","MarineSediment","Mg/Ca","temperature","degC",55.5,-13.9,"LPD47182517",TRUE,TRUE,TRUE,TRUE,"LPD47182517",TRUE,"resolution;calibration"
"Asia_194","Asi-PAKI024.Cook.2013_Asia_194","Asi-PAKI024.Cook.2013","Wood","ring width","trsgi","unitless",35.03,74.58,"Asia_194",TRUE,TRUE,TRUE,TRUE,"Asia_194",TRUE,""
"O2kLR_007","Ocn-WesternSvalbard.Spielhagen.2011_O2kLR_007","Ocn-WesternSvalbard.Spielhagen.2011","MarineSediment","foraminifera","temperature","degC",78.91,6.77,"O2kLR_007",TRUE,TRUE,TRUE,TRUE,"O2kLR_007",TRUE,"resolution;calibration"
"Asia_113","Asi-JAPA015.Yasue.2013_Asia_113","Asi-JAPA015.Yasue.2013","Wood","ring width","trsgi","unitless",43.22,145.47,"Asia_113",TRUE,TRUE,TRUE,TRUE,"Asia_113",TRUE,""
"NAm_052","NAm-SiberianOutpostView.Bunn.2010_NAm_052","NAm-SiberianOutpostView.Bunn.2010","Wood","ring width","trsgi","unitless",36.5,-118.3,"NAm_052",TRUE,TRUE,TRUE,TRUE,"NAm_052",TRUE,""
"Asia_207","Asi-PAKI033.Cook.2013_Asia_207","Asi-PAKI033.Cook.2013","Wood","ring width","trsgi","unitless",35.5,74.75,"Asia_207",TRUE,TRUE,TRUE,TRUE,"Asia_207",TRUE,""
"NAm_1384","NAm-BigWhite.Parish.2000_NAm_1384","NAm-BigWhite.Parish.2000","Wood","ring width","trsgi","unitless",49.9,-118.9,"NAm_1384",TRUE,TRUE,TRUE,TRUE,"NAm_1384",TRUE,""
"Ocean2kHR_167","Ocn-AbrahamReef.Druffel.1999_Ocean2kHR_167","Ocn-AbrahamReef.Druffel.1999","Coral","d18O","d18O","permil",-22.1,153,"Ocean2kHR_167",TRUE,TRUE,TRUE,TRUE,"Ocean2kHR_167",TRUE,""
"Aus_062","Aus-PinkPine.Duncan.2010_Aus_062","Aus-PinkPine.Duncan.2010","Wood","ring width","trsgi","unitless",-43,171,"Aus_062",TRUE,TRUE,TRUE,TRUE,"Aus_062",TRUE,""
"Ant_017","Ant-CoastalDML.Thamban.2012_Ant_017","Ant-CoastalDML.Thamban.2012","GlacierIce","d18O","d18O","permil",-70.86,11.54,"Ant_017",TRUE,TRUE,TRUE,FALSE,"IC11LAB401A",TRUE,""
"NAm_004","NAm-CarltonRidge.Kipfmuller.2008_NAm_004","NAm-CarltonRidge.Kipfmuller.2008","Wood","ring width","trsgi","unitless",46.7,-114.2,"NAm_004",TRUE,TRUE,TRUE,TRUE,"NAm_004",TRUE,""
"Ocean2kHR_116","Ocn-FloridaBay.Swart.1996_Ocean2kHR_116","Ocn-FloridaBay.Swart.1996","Coral","d18O","d18O","permil",24.93,-80.75,"Ocean2kHR_116",TRUE,TRUE,TRUE,FALSE,"CO96SWFB01A",TRUE,""
"NAm_3851","NAm-LakeoftheClouds.Gajewski.1988_NAm_3851","NAm-LakeoftheClouds.Gajewski.1988","LakeSediment","pollen","temperature","degC",48,-91,"NAm_3851",TRUE,TRUE,TRUE,TRUE,"NAm_3851",TRUE,"resolution;calibration"
"Asia_140","Asi-MONG027.Jacoby.2010_Asia_140","Asi-MONG027.Jacoby.2010","Wood","ring width","trsgi","unitless",46.32,101.32,"Asia_140",TRUE,TRUE,TRUE,TRUE,"Asia_140",TRUE,""
"Asia_022","Asi-UKHLWD.Schweingruber.2002_Asia_022","Asi-UKHLWD.Schweingruber.2002","Wood","ring width","trsgi","unitless",50.15,85.37,"Asia_022",TRUE,TRUE,TRUE,FALSE,"Asia_024",TRUE,""
"NAm_3100","NAm-CraterLakeNE.Briffa.2002_NAm_3100","NAm-CraterLakeNE.Briffa.2002","Wood","maximum latewood density","MXD",NA,43,-122.2,"NAm_3100",TRUE,TRUE,TRUE,TRUE,"NAm_3100",TRUE,""
"Ant_009","Ant-DomeF1993.Uemura.2014_Ant_009","Ant-DomeF1993.Uemura.2014","GlacierIce","d18O","d18O","permil",-77.32,39.7,"Ant_009",TRUE,TRUE,TRUE,TRUE,"Ant_009",TRUE,"resolution;calibration"
"NAm_2212","NAm-Nakiska.Luckman.2001_NAm_2212","NAm-Nakiska.Luckman.2001","Wood","ring width","trsgi","unitless",50.9,-115.2,"NAm_2212",TRUE,TRUE,TRUE,TRUE,"NAm_2212",TRUE,""
"LPD30c5b95c","Ocn-MD98-2177.Newton.2010_LPD30c5b95c","Ocn-MD98-2177.Newton.2010","MarineSediment","Mg/Ca","temperature","degC",1.4033,119.078,"LPD30c5b95c",TRUE,TRUE,TRUE,TRUE,"LPD30c5b95c",TRUE,"resolution;calibration"
"NAm_520","NAm-SnowBowlSanFranciscoPeak.Briffa.2002_NAm_520","NAm-SnowBowlSanFranciscoPeak.Briffa.2002","Wood","maximum latewood density","MXD",NA,35.4,-110.2,"NAm_520",TRUE,TRUE,TRUE,TRUE,"NAm_520",TRUE,""
"Ant_027","Ant-VLG.Bertler.2011_Ant_027","Ant-VLG.Bertler.2011","GlacierIce","dD","d2H","permil",-77.3302,162.5332,"Ant_027",TRUE,TRUE,TRUE,TRUE,"Ant_027",TRUE,""
"Aus_010","Aus-BuckleysChance.Buckley.1997_Aus_010","Aus-BuckleysChance.Buckley.1997","Wood","ring width","trsgi","unitless",-42.27,145.87,"Aus_010",TRUE,TRUE,TRUE,TRUE,"Aus_010",TRUE,""
"NAm_1816","NAm-EagleFecal_PtarmiganMerge.Jacoby.2011_NAm_1816","NAm-EagleFecal_PtarmiganMerge.Jacoby.2011","Wood","maximum latewood density","MXD",NA,69.5,-127.8,"NAm_1816",TRUE,TRUE,TRUE,TRUE,"NAm_1816",TRUE,""
"SAm_032","SAm-LagunaEscondida.Elbert.2013_SAm_032","SAm-LagunaEscondida.Elbert.2013","LakeSediment","BSi","temperature","degC",-45.5167,-71.8167,"SAm_032",TRUE,TRUE,TRUE,TRUE,"SAm_032",TRUE,""
"NAm_2776","NAm-YellowMountainRidge.King.2002_NAm_2776","NAm-YellowMountainRidge.King.2002","Wood","ring width","trsgi","unitless",45.3,-111.3,"NAm_2776",TRUE,TRUE,TRUE,TRUE,"NAm_2776",TRUE,""
"Asia_067","Asi-QUMAJP.PAGES2k.2013_Asia_067","Asi-QUMAJP.PAGES2k.2013","Wood","ring width","trsgi","unitless",33.8,96.13,"Asia_067",TRUE,TRUE,TRUE,TRUE,"Asia_067",TRUE,""
"Aus_041","Aus-MtRead.Cook.2006_Aus_041","Aus-MtRead.Cook.2006","Wood","ring width","temperature","degC",-41.83,145.53,"Aus_041",TRUE,TRUE,TRUE,TRUE,"Aus_041",TRUE,""
"Arc_152","Arc-Jamtland.Wilson.2016_Arc_152","Arc-Jamtland.Wilson.2016","Wood","maximum latewood density","MXD",NA,63.2475,13.3375,"Arc_152",TRUE,TRUE,TRUE,TRUE,"Arc_152",TRUE,""
"Asia_072","Asi-PTCYUN.PAGES2k.2013_Asia_072","Asi-PTCYUN.PAGES2k.2013","Wood","ring width","trsgi","unitless",27.37,99.37,"Asia_072",TRUE,TRUE,TRUE,TRUE,"Asia_072",TRUE,""
"Asia_126","Asi-KYRG008.Shiyatov.2013_Asia_126","Asi-KYRG008.Shiyatov.2013","Wood","ring width","trsgi","unitless",40.2,72.58,"Asia_126",TRUE,TRUE,TRUE,TRUE,"Asia_126",TRUE,""
"Ocean2kHR_094","Ocn-BermudaSouthShore.Goodkin.2008_Ocean2kHR_094","Ocn-BermudaSouthShore.Goodkin.2008","Coral","d18O","d18O","permil",30.6486,-64.9888,"Ocean2kHR_094",TRUE,TRUE,TRUE,TRUE,"Ocean2kHR_094",TRUE,""
"Ocean2kHR_095","Ocn-BermudaSouthShore.Goodkin.2008_Ocean2kHR_095","Ocn-BermudaSouthShore.Goodkin.2008","Coral","Sr/Ca","Sr/Ca","mmol/mol",30.6486,-64.9888,"Ocean2kHR_095",TRUE,TRUE,TRUE,TRUE,"Ocean2kHR_095",TRUE,""
"NAm_1468","NAm-Athabasca.Schweingruber.1996_NAm_1468","NAm-Athabasca.Schweingruber.1996","Wood","maximum latewood density","MXD",NA,51.4,-117.3,"NAm_1468",TRUE,TRUE,TRUE,TRUE,"NAm_1468",TRUE,""
"Asia_153","Asi-MONG028.Jacoby.2010_Asia_153","Asi-MONG028.Jacoby.2010","Wood","ring width","trsgi","unitless",48.83,111.68,"Asia_153",TRUE,TRUE,TRUE,TRUE,"Asia_153",TRUE,""
"Asia_087","Asi-CHIN053.Shao.2013_Asia_087","Asi-CHIN053.Shao.2013","Wood","ring width","trsgi","unitless",37.43,98.05,"Asia_087",TRUE,TRUE,TRUE,TRUE,"Asia_087",TRUE,""
"NAm_3796","NAm-STREC.Gennaretti.2014_NAm_3796","NAm-STREC.Gennaretti.2014","Wood","ring width","temperature","degC",54.21,-71.35,"NAm_3796",TRUE,TRUE,TRUE,TRUE,"NAm_3796",TRUE,""
"Ocean2kHR_007","Ocn-Mafia.Damassa.2006_Ocean2kHR_007","Ocn-Mafia.Damassa.2006","Coral","d18O","d18O","permil",-8.0167,39.5,"Ocean2kHR_007",TRUE,TRUE,TRUE,TRUE,"Ocean2kHR_007",TRUE,""
"Asia_079","Asi-CHIN037.Fan.2013_Asia_079","Asi-CHIN037.Fan.2013","Wood","ring width","trsgi","unitless",27.58,99.35,"Asia_079",TRUE,TRUE,TRUE,TRUE,"Asia_079",TRUE,""
"Asia_124","Asi-KYRG005.Esper.2007_Asia_124","Asi-KYRG005.Esper.2007","Wood","ring width","trsgi","unitless",40.17,72.58,"Asia_124",TRUE,TRUE,TRUE,TRUE,"Asia_124",TRUE,""
"LPDbd07f717","Ocn-ODP984.Came.2007_LPDbd07f717","Ocn-ODP984.Came.2007","MarineSediment","Mg/Ca","temperature","degC",61.43,-24.085,"LPDbd07f717",TRUE,TRUE,TRUE,TRUE,"LPDbd07f717",TRUE,"resolution;calibration"
"Asia_014","Asi-UULEWD.Schweingruber.2002_Asia_014","Asi-UULEWD.Schweingruber.2002","Wood","ring width","trsgi","unitless",50.48,87.65,"Asia_014",TRUE,TRUE,TRUE,TRUE,"Asia_014",TRUE,""
"NAm_292","NAm-NabesnaMine.Jacoby.2003_NAm_292","NAm-NabesnaMine.Jacoby.2003","Wood","ring width","trsgi","unitless",62.4,-143.1,"NAm_292",TRUE,TRUE,TRUE,TRUE,"NAm_292",TRUE,""
"NAm_304","NAm-NabesnaMine.Jacoby.2003_NAm_304","NAm-NabesnaMine.Jacoby.2003","Wood","maximum latewood density","MXD",NA,62.4,-143.1,"NAm_304",TRUE,TRUE,TRUE,TRUE,"NAm_304",TRUE,""
"Asia_247","Asi-Guliya.Thompson.1997_Asia_247","Asi-Guliya.Thompson.1997","GlacierIce","d18O","d18O","permil",35.28,81.48,"Asia_247",TRUE,TRUE,TRUE,TRUE,"Asia_247",TRUE,"resolution;calibration"
"Asia_103","Asi-RANGCD.PAGES2k.2013_Asia_103","Asi-RANGCD.PAGES2k.2013","Wood","ring width","trsgi","unitless",33.08,76.43,"Asia_103",TRUE,TRUE,TRUE,TRUE,"Asia_103",TRUE,""
"Asia_071","Asi-CHIN016.Li.2010_Asia_071","Asi-CHIN016.Li.2010","Wood","ring width","trsgi","unitless",31.78,101.92,"Asia_071",TRUE,TRUE,TRUE,TRUE,"Asia_071",TRUE,""
"Eur_009","Eur-RAPiD-17-5P.Moffa-Sanchez.2014_Eur_009","Eur-RAPiD-17-5P.Moffa-Sanchez.2014","MarineSediment","d18O","d18O","permil",61.48,-19.53,"Eur_009",TRUE,TRUE,TRUE,TRUE,"Eur_009",TRUE,"resolution;calibration"
"NAm_2488","NAm-PikePeaks.Harlan.1996_NAm_2488","NAm-PikePeaks.Harlan.1996","Wood","maximum latewood density","MXD",NA,39.3,-105,"NAm_2488",TRUE,TRUE,TRUE,TRUE,"NAm_2488",TRUE,""
"NAm_2476","NAm-PikePeaks.Harlan.1996_NAm_2476","NAm-PikePeaks.Harlan.1996","Wood","ring width","trsgi","unitless",39.3,-105,"NAm_2476",TRUE,TRUE,TRUE,TRUE,"NAm_2476",TRUE,""
"Asia_161","Asi-MONG031.Jacoby.2010_Asia_161","Asi-MONG031.Jacoby.2010","Wood","ring width","trsgi","unitless",48.25,97.4,"Asia_161",TRUE,TRUE,TRUE,TRUE,"Asia_161",TRUE,""
"NAm_1936","NAm-Nadahini.Luckman.2013_NAm_1936","NAm-Nadahini.Luckman.2013","Wood","ring width","trsgi","unitless",59.8,-136.6,"NAm_1936",TRUE,TRUE,TRUE,TRUE,"NAm_1936",TRUE,""
"Asia_321","Asi-Fujian.Wang.1998_Asia_321","Asi-Fujian.Wang.1998","Documents","historical","temperature","unitless",24,121,"Asia_321",TRUE,TRUE,TRUE,TRUE,"Asia_321",TRUE,"resolution;calibration"
"NAm_1204","NAm-SunwaptaPass.Schweingruber.1996_NAm_1204","NAm-SunwaptaPass.Schweingruber.1996","Wood","ring width","trsgi","unitless",52.3,-117,"NAm_1204",TRUE,TRUE,TRUE,TRUE,"NAm_1204",TRUE,""
"NAm_1216","NAm-SunwaptaPass.Schweingruber.1996_NAm_1216","NAm-SunwaptaPass.Schweingruber.1996","Wood","maximum latewood density","MXD",NA,52.3,-117,"NAm_1216",TRUE,TRUE,TRUE,TRUE,"NAm_1216",TRUE,""
"Arc_035","Arc-GRIP.Vinther.2010_Arc_035","Arc-GRIP.Vinther.2010","GlacierIce","d18O","d18O","permil",72.58,-37.64,"Arc_035",TRUE,TRUE,TRUE,TRUE,"Arc_035",TRUE,""
"NAm_424","NAm-McGinnisTrail.Wiles.2013_NAm_424","NAm-McGinnisTrail.Wiles.2013","Wood","ring width","trsgi","unitless",58.4,-134.6,"NAm_424",TRUE,TRUE,TRUE,TRUE,"NAm_424",TRUE,""
"Eur_002","Eur-LakeSilvaplana.Trachsel.2010_Eur_002","Eur-LakeSilvaplana.Trachsel.2010","LakeSediment","reflectance","temperature","degC",46.5,9.8,"Eur_002",TRUE,TRUE,TRUE,TRUE,"Eur_002",TRUE,""
"Asia_091","Asi-CHIN057.Shao.2013_Asia_091","Asi-CHIN057.Shao.2013","Wood","ring width","trsgi","unitless",34.47,110.08,"Asia_091",TRUE,TRUE,TRUE,TRUE,"Asia_091",TRUE,""
"Ant_025","Ant-TALDICE.Stenni.2010_Ant_025","Ant-TALDICE.Stenni.2010","GlacierIce","d18O","d18O","permil",-72.82,159.18,"Ant_025",TRUE,TRUE,TRUE,TRUE,"Ant_025",TRUE,"resolution;calibration"
"NAm_2068","NAm-AthabascaGlacier2.Luckman.2005_NAm_2068","NAm-AthabascaGlacier2.Luckman.2005","Wood","ring width","trsgi","unitless",52.2,-117.2,"NAm_2068",TRUE,TRUE,TRUE,TRUE,"NAm_2068",TRUE,""
"NAm_2080","NAm-AthabascaGlacier2.Luckman.2005_NAm_2080","NAm-AthabascaGlacier2.Luckman.2005","Wood","maximum latewood density","MXD",NA,52.2,-117.2,"NAm_2080",TRUE,TRUE,TRUE,TRUE,"NAm_2080",TRUE,""
"NAm_3712","NAm-SheepTrail.Brown.2005_NAm_3712","NAm-SheepTrail.Brown.2005","Wood","ring width","trsgi","unitless",41.4,-106.2,"NAm_3712",TRUE,TRUE,TRUE,TRUE,"NAm_3712",TRUE,""
"NAm_3724","NAm-SheepTrail.Brown.2005_NAm_3724","NAm-SheepTrail.Brown.2005","Wood","maximum latewood density","MXD",NA,41.4,-106.2,"NAm_3724",TRUE,TRUE,TRUE,TRUE,"NAm_3724",TRUE,""
"NAm_2272","NAm-SmallRiver.Luckman.2001_NAm_2272","NAm-SmallRiver.Luckman.2001","Wood","ring width","trsgi","unitless",53.2,-119.5,"NAm_2272",TRUE,TRUE,TRUE,TRUE,"NAm_2272",TRUE,""
"Ocean2kHR_177","Ocn-Maiana.Urban.2000_Ocean2kHR_177","Ocn-Maiana.Urban.2000","Coral","d18O","d18O","permil",1,173,"Ocean2kHR_177",TRUE,TRUE,TRUE,FALSE,"CO00URMA01A",TRUE,""
"LPD9cc3baf6-dup","Ocn-GulfofGuinea.Weldeab.2007_LPD9cc3baf6-dup","Ocn-GulfofGuinea.Weldeab.2007","MarineSediment","Mg/Ca","temperature","degC",2.5,9.38,"LPD9cc3baf6-dup",TRUE,TRUE,TRUE,TRUE,"LPD9cc3baf6-dup",TRUE,"resolution;calibration"
"Arc_031","Arc-NGRIP1.Vinther.2006_Arc_031","Arc-NGRIP1.Vinther.2006","GlacierIce","d18O","d18O","permil",75.1,-42.32,"Arc_031",TRUE,TRUE,TRUE,TRUE,"Arc_031",TRUE,""
"Ant_008","Ant-SiteDML17.Graf.2002_Ant_008","Ant-SiteDML17.Graf.2002","GlacierIce","d18O","d18O","permil",-75.17,6.5,"Ant_008",TRUE,TRUE,TRUE,TRUE,"Ant_008",TRUE,""
"NAm_1924","NAm-BlanchardRiver.Luckman.2013_NAm_1924","NAm-BlanchardRiver.Luckman.2013","Wood","ring width","trsgi","unitless",59.9,-136.8,"NAm_1924",TRUE,TRUE,TRUE,TRUE,"NAm_1924",TRUE,""
"Asia_135","Asi-KYRG012.Solomina.2013_Asia_135","Asi-KYRG012.Solomina.2013","Wood","ring width","trsgi","unitless",42.2,79.05,"Asia_135",TRUE,TRUE,TRUE,TRUE,"Asia_135",TRUE,""
"NAm_2800","NAm-BakerLake.Hughes.2005_NAm_2800","NAm-BakerLake.Hughes.2005","Wood","maximum latewood density","MXD",NA,45.9,-114.3,"NAm_2800",TRUE,TRUE,TRUE,TRUE,"NAm_2800",TRUE,""
"NAm_2788","NAm-BakerLake.Hughes.2005_NAm_2788","NAm-BakerLake.Hughes.2005","Wood","ring width","trsgi","unitless",45.9,-114.3,"NAm_2788",TRUE,TRUE,TRUE,TRUE,"NAm_2788",TRUE,""
"NAm_1312","NAm-VancouverCyprusProvincialPark.Briffa.1996_NAm_1312","NAm-VancouverCyprusProvincialPark.Briffa.1996","Wood","maximum latewood density","MXD",NA,49.4,-123.1,"NAm_1312",TRUE,TRUE,TRUE,TRUE,"NAm_1312",TRUE,""
"O2kLR_030","Ocn-LaurentianFan.Keigwin.2005_O2kLR_030","Ocn-LaurentianFan.Keigwin.2005","MarineSediment","alkenone","temperature","degC",43.48,-54.87,"O2kLR_030",TRUE,TRUE,TRUE,TRUE,"O2kLR_030",TRUE,"resolution;calibration"
"NAm_1072","NAm-DonJekRiverBridge.Schweingruber.1996_NAm_1072","NAm-DonJekRiverBridge.Schweingruber.1996","Wood","maximum latewood density","MXD",NA,61.7,-139.7,"NAm_1072",TRUE,TRUE,TRUE,TRUE,"NAm_1072",TRUE,""
"Ant_006","Ant-SiteDML07.Graf.2002_Ant_006","Ant-SiteDML07.Graf.2002","GlacierIce","d18O","d18O","permil",-75.58,-3.43,"Ant_006",TRUE,TRUE,TRUE,TRUE,"Ant_006",TRUE,""
"Asia_039","Asi-CHIN021.Li.2010_Asia_039","Asi-CHIN021.Li.2010","Wood","ring width","trsgi","unitless",28.98,99.93,"Asia_039",TRUE,TRUE,TRUE,TRUE,"Asia_039",TRUE,""
"Arc_073","Arc-HalletLake.McKay.2008_Arc_073","Arc-HalletLake.McKay.2008","LakeSediment","BSi","temperature","degC",61.5,-146.2,"Arc_073",TRUE,TRUE,TRUE,TRUE,"Arc_073",TRUE,"resolution"
"Asia_084","Asi-CHIN050.Shao.2013_Asia_084","Asi-CHIN050.Shao.2013","Wood","ring width","trsgi","unitless",37.47,97.23,"Asia_084",TRUE,TRUE,TRUE,TRUE,"Asia_084",TRUE,""
"Asia_034","Asi-BHUTSP.PAGES2k.2013_Asia_034","Asi-BHUTSP.PAGES2k.2013","Wood","ring width","trsgi","unitless",27.45,90,"Asia_034",TRUE,TRUE,TRUE,TRUE,"Asia_034",TRUE,""
"SAm_035","SAm-QuelccayaIceCap.Thompson.2013_SAm_035","SAm-QuelccayaIceCap.Thompson.2013","GlacierIce","d18O","d18O","permil",-13.9333,-70.8333,"SAm_035",TRUE,TRUE,TRUE,TRUE,"SAm_035",TRUE,""
"Asia_023","Asi-UKHMND.Schweingruber.2002_Asia_023","Asi-UKHMND.Schweingruber.2002","Wood","ring width","trsgi","unitless",50.15,85.37,"Asia_023",TRUE,TRUE,TRUE,TRUE,"Asia_023",TRUE,""
"LPD44b374e7","Ocn-SouthChinaSea.Zhao.2006_LPD44b374e7","Ocn-SouthChinaSea.Zhao.2006","MarineSediment","alkenone","temperature","degC",8.73,109.869,"LPD44b374e7",TRUE,TRUE,TRUE,TRUE,"LPD44b374e7",TRUE,"resolution;calibration"
"O2kLR_082","Ocn-SubTropicalEasternNorthAtlantic.deMenocal.2000_O2kLR_082","Ocn-SubTropicalEasternNorthAtlantic.deMenocal.2000","MarineSediment","foraminifera","temperature","degC",20.75,-18.5833,"O2kLR_082",TRUE,TRUE,TRUE,TRUE,"O2kLR_082",TRUE,"resolution;calibration"
"Asia_128","Asi-KYRG010.Shiyatov.2013_Asia_128","Asi-KYRG010.Shiyatov.2013","Wood","ring width","trsgi","unitless",40.17,72.62,"Asia_128",TRUE,TRUE,TRUE,TRUE,"Asia_128",TRUE,""
"Asia_328","Asi-Hunan-Jiangsu.Zhang.1980_Asia_328","Asi-Hunan-Jiangsu.Zhang.1980","Documents","historical","temperature","unitless",28,116.5,"Asia_328",TRUE,TRUE,TRUE,TRUE,"Asia_328",TRUE,"resolution;calibration"
"NAm_3184","NAm-TamarackBowl.Sauchyn.2016_NAm_3184","NAm-TamarackBowl.Sauchyn.2016","Wood","ring width","trsgi","unitless",49.3,-114.4,"NAm_3184",TRUE,TRUE,TRUE,TRUE,"NAm_3184",TRUE,""
"Asia_123","Asi-KYRG004.Esper.2007_Asia_123","Asi-KYRG004.Esper.2007","Wood","ring width","trsgi","unitless",40.17,72.58,"Asia_123",TRUE,TRUE,TRUE,TRUE,"Asia_123",TRUE,""
"Asia_111","Asi-JAPA020.Kimura.2013_Asia_111","Asi-JAPA020.Kimura.2013","Wood","ring width","trsgi","unitless",30.33,130.5,"Asia_111",TRUE,TRUE,TRUE,TRUE,"Asia_111",TRUE,""
"Asia_082","Asi-CHIN040.Fan.2013_Asia_082","Asi-CHIN040.Fan.2013","Wood","ring width","trsgi","unitless",28.03,98.98,"Asia_082",TRUE,TRUE,TRUE,TRUE,"Asia_082",TRUE,""
"Asia_132","Asi-SHIESP.PAGES2k.2013_Asia_132","Asi-SHIESP.PAGES2k.2013","Wood","ring width","trsgi","unitless",39.83,71.5,"Asia_132",TRUE,TRUE,TRUE,FALSE,"Asia_130",TRUE,""
"Asia_088","Asi-CHIN054.Shao.2013_Asia_088","Asi-CHIN054.Shao.2013","Wood","ring width","trsgi","unitless",37.45,97.78,"Asia_088",TRUE,TRUE,TRUE,TRUE,"Asia_088",TRUE,""
"Asia_166","Asi-MONG004.Jacoby.2013_Asia_166","Asi-MONG004.Jacoby.2013","Wood","ring width","trsgi","unitless",47.95,107.45,"Asia_166",TRUE,TRUE,TRUE,TRUE,"Asia_166",TRUE,""
"NAm_1648","NAm-ParkMountain.Wilson.2005_NAm_1648","NAm-ParkMountain.Wilson.2005","Wood","maximum latewood density","MXD",NA,50.6,-118.6,"NAm_1648",TRUE,TRUE,TRUE,TRUE,"NAm_1648",TRUE,""
"NAm_1636","NAm-ParkMountain.Wilson.2005_NAm_1636","NAm-ParkMountain.Wilson.2005","Wood","ring width","trsgi","unitless",50.6,-118.6,"NAm_1636",TRUE,TRUE,TRUE,TRUE,"NAm_1636",TRUE,""
"NAm_028","NAm-GreatBasin.Salzer.2013_NAm_028","NAm-GreatBasin.Salzer.2013","Wood","ring width","trsgi","unitless",37,-116.5,"NAm_028",TRUE,TRUE,TRUE,TRUE,"NAm_028",TRUE,""
"NAm_796","NAm-SpillwayLakeYosemiteNationalPark.King.2000_NAm_796","NAm-SpillwayLakeYosemiteNationalPark.King.2000","Wood","ring width","trsgi","unitless",37.8,-119.2,"NAm_796",TRUE,TRUE,TRUE,TRUE,"NAm_796",TRUE,""
"Asia_172","Asi-NEPA019.Krusic.2013_Asia_172","Asi-NEPA019.Krusic.2013","Wood","ring width","trsgi","unitless",29.47,82.12,"Asia_172",TRUE,TRUE,TRUE,TRUE,"Asia_172",TRUE,""
"LPD6315f935","Ocn-JacafFjord.Sepulveda.2009_LPD6315f935","Ocn-JacafFjord.Sepulveda.2009","MarineSediment","alkenone","temperature","degC",-44.33,-72.97,"LPD6315f935",TRUE,TRUE,TRUE,TRUE,"LPD6315f935",TRUE,"resolution;calibration"
"Asia_193","Asi-PAKI023.Cook.2013_Asia_193","Asi-PAKI023.Cook.2013","Wood","ring width","trsgi","unitless",35.9,71.73,"Asia_193",TRUE,TRUE,TRUE,TRUE,"Asia_193",TRUE,""
"Asia_115","Asi-JAPA014.Yasue.2013_Asia_115","Asi-JAPA014.Yasue.2013","Wood","ring width","trsgi","unitless",43.5,143.2,"Asia_115",TRUE,TRUE,TRUE,TRUE,"Asia_115",TRUE,""
"NAm_3436","NAm-MtStHelens.Briffa.1996_NAm_3436","NAm-MtStHelens.Briffa.1996","Wood","maximum latewood density","MXD",NA,46.2,-122.2,"NAm_3436",TRUE,TRUE,TRUE,TRUE,"NAm_3436",TRUE,""
"NAm_2008","NAm-Sugarloaf.Kenigsberg.2013_NAm_2008","NAm-Sugarloaf.Kenigsberg.2013","Wood","ring width","trsgi","unitless",60.1,-134.4,"NAm_2008",TRUE,TRUE,TRUE,TRUE,"NAm_2008",TRUE,""
"Asia_078","Asi-MQACJP.PAGES2k.2013_Asia_078","Asi-MQACJP.PAGES2k.2013","Wood","ring width","trsgi","unitless",35.07,100.35,"Asia_078",TRUE,TRUE,TRUE,TRUE,"Asia_078",TRUE,""
"Asia_144","Asi-MONG020.Jacoby.2010_Asia_144","Asi-MONG020.Jacoby.2010","Wood","ring width","trsgi","unitless",48.27,88.87,"Asia_144",TRUE,TRUE,TRUE,TRUE,"Asia_144",TRUE,""
"Ant_005","Ant-BerknerIsland.Mulvaney.2002_Ant_005","Ant-BerknerIsland.Mulvaney.2002","GlacierIce","d18O","d18O","permil",-79.57,-45.72,"Ant_005",TRUE,TRUE,TRUE,TRUE,"Ant_005",TRUE,""
"Asia_127","Asi-KYRG009.Shiyatov.2013_Asia_127","Asi-KYRG009.Shiyatov.2013","Wood","ring width","trsgi","unitless",39.92,71.47,"Asia_127",TRUE,TRUE,TRUE,TRUE,"Asia_127",TRUE,""
"Asia_066","Asi-WULANJ.PAGES2k.2013_Asia_066","Asi-WULANJ.PAGES2k.2013","Wood","ring width","trsgi","unitless",37.03,98.68,"Asia_066",TRUE,TRUE,TRUE,TRUE,"Asia_066",TRUE,""
"Asia_214","Asi-PAKI040.Cook.2011_Asia_214","Asi-PAKI040.Cook.2011","Wood","ring width","trsgi","unitless",35.35,71.8,"Asia_214",TRUE,TRUE,TRUE,TRUE,"Asia_214",TRUE,""
"Asia_320","Asi-CentralChina.Wang.1998_Asia_320","Asi-CentralChina.Wang.1998","Documents","historical","temperature","unitless",29,113,"Asia_320",TRUE,TRUE,TRUE,TRUE,"Asia_320",TRUE,"resolution;calibration"
"O2kLR_114","Ocn-ArabianSea.Doose-Rolinski.2001_O2kLR_114","Ocn-ArabianSea.Doose-Rolinski.2001","MarineSediment","alkenone","temperature","degC",24.83,65.92,"O2kLR_114",TRUE,TRUE,TRUE,TRUE,"O2kLR_114",TRUE,"resolution;calibration"
"Eur_017","Eur-EuropeanAlps.Buentgen.2011_Eur_017","Eur-EuropeanAlps.Buentgen.2011","Wood","ring width","trsgi","unitless",47,10.7,"Eur_017",TRUE,TRUE,TRUE,TRUE,"Eur_017",TRUE,""
"Asia_160","Asi-MONG012.Jacoby.2006_Asia_160","Asi-MONG012.Jacoby.2006","Wood","ring width","trsgi","unitless",48.98,103.22,"Asia_160",TRUE,TRUE,TRUE,TRUE,"Asia_160",TRUE,""
"NAm_3801","NAm-BasinPond.Gajewski.1988_NAm_3801","NAm-BasinPond.Gajewski.1988","LakeSediment","pollen","temperature","degC",44.5,-70.1,"NAm_3801",TRUE,TRUE,TRUE,TRUE,"NAm_3801",TRUE,"resolution;calibration"
"LPDdc74a376","Asi-SihailongwaLake.Chu.2011_LPDdc74a376","Asi-SihailongwaLake.Chu.2011","LakeSediment","alkenone","temperature","degC",42.17,126.36,"LPDdc74a376",TRUE,TRUE,TRUE,TRUE,"LPDdc74a376",TRUE,"resolution;calibration"
"Asia_201","Asi-PAKI030.Cook.2013_Asia_201","Asi-PAKI030.Cook.2013","Wood","ring width","trsgi","unitless",35.88,74.18,"Asia_201",TRUE,TRUE,TRUE,TRUE,"Asia_201",TRUE,""
"Ocean2kHR_014","Ocn-AqabaJordanAQ18.Heiss.1999_Ocean2kHR_014","Ocn-AqabaJordanAQ18.Heiss.1999","Coral","d18O","d18O","permil",29.42,34.97,"Ocean2kHR_014",TRUE,TRUE,TRUE,TRUE,"Ocean2kHR_014",TRUE,""
"Arc_021","Arc-Hvitarvatn.Larsen.2011_Arc_021","Arc-Hvitarvatn.Larsen.2011","LakeSediment","varve thickness","thickness","cm",64.6,-19.8,"Arc_021",TRUE,TRUE,TRUE,TRUE,"Arc_021",TRUE,""
"Ocean2kHR_118","Ocn-BiscayneBay.Swart.1996_Ocean2kHR_118","Ocn-BiscayneBay.Swart.1996","Coral","d18O","d18O","permil",25.38,-80.17,"Ocean2kHR_118",TRUE,TRUE,TRUE,FALSE,"CO96SWBB01A",TRUE,""
"Asia_049","Asi-CHIN005.Sheppard.2013_Asia_049","Asi-CHIN005.Sheppard.2013","Wood","ring width","trsgi","unitless",37,98.08,"Asia_049",TRUE,TRUE,TRUE,TRUE,"Asia_049",TRUE,""
"Asia_176","Asi-NEPA032.Krusic.2013_Asia_176","Asi-NEPA032.Krusic.2013","Wood","ring width","trsgi","unitless",27.67,87.2,"Asia_176",TRUE,TRUE,TRUE,TRUE,"Asia_176",TRUE,""
"Asia_198","Asi-PAKI027.Cook.2013_Asia_198","Asi-PAKI027.Cook.2013","Wood","ring width","trsgi","unitless",35.35,71.93,"Asia_198",TRUE,TRUE,TRUE,TRUE,"Asia_198",TRUE,""
"Arc_151","Arc-PrinceOfWales.Kinnard.2011_Arc_151","Arc-PrinceOfWales.Kinnard.2011","GlacierIce","d18O","d18O","permil",78.4,-80.4,"Arc_151",TRUE,TRUE,TRUE,FALSE,"IC11KIPW01A",TRUE,""
"Asia_228","Asi-MCCHFH.Sano.2008_Asia_228","Asi-MCCHFH.Sano.2008","Wood","ring width","trsgi","unitless",21.67,104.1,"Asia_228",TRUE,TRUE,TRUE,TRUE,"Asia_228",TRUE,""
"NAm_3016","NAm-MountWashington.Graybill.1994_NAm_3016","NAm-MountWashington.Graybill.1994","Wood","ring width","trsgi","unitless",38.5,-114.2,"NAm_3016",TRUE,TRUE,TRUE,TRUE,"NAm_3016",TRUE,""
"NAm_3556","NAm-MountAdamsLow.Peterson.1994_NAm_3556","NAm-MountAdamsLow.Peterson.1994","Wood","ring width","trsgi","unitless",46.2,-121.5,"NAm_3556",TRUE,TRUE,TRUE,TRUE,"NAm_3556",TRUE,""
"NAm_3870","NAm-OregonCaves.Ersek.2012_NAm_3870","NAm-OregonCaves.Ersek.2012","Speleothem","d18O","d18O","permil",42.083,-123.416,"NAm_3870",TRUE,TRUE,TRUE,TRUE,"NAm_3870",TRUE,"resolution;calibration"
"Asia_035","Asi-BT018.Cook.2010_Asia_035","Asi-BT018.Cook.2010","Wood","ring width","trsgi","unitless",27.95,89.75,"Asia_035",TRUE,TRUE,TRUE,TRUE,"Asia_035",TRUE,""
"Ant_013","Ant-DomeC.Jouzel.2001_Ant_013","Ant-DomeC.Jouzel.2001","GlacierIce","dD","d2H","permil",-75.1,123.39,"Ant_013",TRUE,TRUE,TRUE,TRUE,"Ant_013",TRUE,"resolution;calibration"
"LPD335d863f","Aus-DuckholeLake.Saunders.2013_LPD335d863f","Aus-DuckholeLake.Saunders.2013","LakeSediment","reflectance","RABD660670",NA,-43.3646,146.8749,"LPD335d863f",TRUE,TRUE,TRUE,TRUE,"LPD335d863f",TRUE,"resolution"
"Arc_014","Arc-LakeLehmilampi.Haltia-Hovi.2007_Arc_014","Arc-LakeLehmilampi.Haltia-Hovi.2007","LakeSediment","varve thickness","thickness","mm",63.62,29.1,"Arc_014",TRUE,TRUE,TRUE,TRUE,"Arc_014",TRUE,"calibration"
"Asia_122","Asi-KYRG003.Esper.2007_Asia_122","Asi-KYRG003.Esper.2007","Wood","ring width","trsgi","unitless",40.17,72.58,"Asia_122",TRUE,TRUE,TRUE,TRUE,"Asia_122",TRUE,""
"Arc_039","Arc-MooseLake.Clegg.2010_Arc_039","Arc-MooseLake.Clegg.2010","LakeSediment","chironomid","temperature","degC",61.35,-143.6,"Arc_039",TRUE,TRUE,TRUE,TRUE,"Arc_039",TRUE,"resolution;calibration"
"Arc_012mxd","Arc-Tornetrask.Melvin.2012_Arc_012mxd","Arc-Tornetrask.Melvin.2012","Wood","maximum latewood density","temperature","degC",68.26,19.6,"Arc_012mxd",TRUE,TRUE,TRUE,TRUE,"Arc_012mxd",TRUE,""
"Asia_052","Asi-MQBXJP.PAGES2k.2013_Asia_052","Asi-MQBXJP.PAGES2k.2013","Wood","ring width","trsgi","unitless",34.78,99.78,"Asia_052",TRUE,TRUE,TRUE,TRUE,"Asia_052",TRUE,""
"Asia_089","Asi-CHIN055.Shao.2013_Asia_089","Asi-CHIN055.Shao.2013","Wood","ring width","trsgi","unitless",37.52,97.05,"Asia_089",TRUE,TRUE,TRUE,TRUE,"Asia_089",TRUE,""
"Asia_060","Asi-HBHXJP.PAGES2k.2013_Asia_060","Asi-HBHXJP.PAGES2k.2013","Wood","ring width","trsgi","unitless",34.78,100.82,"Asia_060",TRUE,TRUE,TRUE,TRUE,"Asia_060",TRUE,""
"NAm_1996","NAm-SnakeCreek.Kenigsberg.2013_NAm_1996","NAm-SnakeCreek.Kenigsberg.2013","Wood","ring width","trsgi","unitless",59.6,-133.4,"NAm_1996",TRUE,TRUE,TRUE,TRUE,"NAm_1996",TRUE,""
"NAm_2704","NAm-ElephantMountain.Conkey.1994_NAm_2704","NAm-ElephantMountain.Conkey.1994","Wood","maximum latewood density","MXD",NA,44.8,-70.8,"NAm_2704",TRUE,TRUE,TRUE,TRUE,"NAm_2704",TRUE,""
"Asia_221","Asi-CHIN046.Brauning.2013_Asia_221","Asi-CHIN046.Brauning.2013","Wood","ring width","trsgi","unitless",31.12,97.03,"Asia_221",TRUE,TRUE,TRUE,TRUE,"Asia_221",TRUE,""
"O2kLR_150","Ocn-GreatBarrierReef.Hendy.2002_O2kLR_150","Ocn-GreatBarrierReef.Hendy.2002","Coral","Sr/Ca","temperature","degC",-18.315,146.595,"O2kLR_150",TRUE,TRUE,TRUE,TRUE,"O2kLR_150",TRUE,"resolution"
"NAm_616","NAm-FlowerLake.Graybill.1995_NAm_616","NAm-FlowerLake.Graybill.1995","Wood","ring width","trsgi","unitless",36.5,-118.2,"NAm_616",TRUE,TRUE,TRUE,TRUE,"NAm_616",TRUE,""
"NAm_2836","NAm-PintlersTwo.Littell.2011_NAm_2836","NAm-PintlersTwo.Littell.2011","Wood","ring width","trsgi","unitless",46,-113.4,"NAm_2836",TRUE,TRUE,TRUE,TRUE,"NAm_2836",TRUE,""
"NAm_1600","NAm-Ymir.Wilson.2005_NAm_1600","NAm-Ymir.Wilson.2005","Wood","ring width","trsgi","unitless",49.4,-117.2,"NAm_1600",TRUE,TRUE,TRUE,TRUE,"NAm_1600",TRUE,""
"NAm_256","NAm-BurntOver.D'Arrigo.2005_NAm_256","NAm-BurntOver.D'Arrigo.2005","Wood","ring width","trsgi","unitless",65.2,-162.3,"NAm_256",TRUE,TRUE,TRUE,TRUE,"NAm_256",TRUE,""
"Asia_181","Asi-NEPA042.Krusic.2010_Asia_181","Asi-NEPA042.Krusic.2010","Wood","ring width","trsgi","unitless",27.83,88.02,"Asia_181",TRUE,TRUE,TRUE,TRUE,"Asia_181",TRUE,""
"O2kLR_112","Ocn-CapeGhir.Doose-Rolinski.2007_O2kLR_112","Ocn-CapeGhir.Doose-Rolinski.2007","MarineSediment","alkenone","temperature","degC",30.85,-10.2685,"O2kLR_112",TRUE,TRUE,TRUE,TRUE,"O2kLR_112",TRUE,"resolution;calibration"
"Asia_065","Asi-TIANMU.PAGES2k.2013_Asia_065","Asi-TIANMU.PAGES2k.2013","Wood","ring width","trsgi","unitless",30.33,119.43,"Asia_065",TRUE,TRUE,TRUE,TRUE,"Asia_065",TRUE,""
"Asia_229","Asi-VIET001.Buckley.2010_Asia_229","Asi-VIET001.Buckley.2010","Wood","ring width","trsgi","unitless",12.22,108.73,"Asia_229",TRUE,TRUE,TRUE,TRUE,"Asia_229",TRUE,""
"Asia_133","Asi-RUSS236.Sano.2009_Asia_133","Asi-RUSS236.Sano.2009","Wood","ring width","trsgi","unitless",55,160.5,"Asia_133",TRUE,TRUE,TRUE,TRUE,"Asia_133",TRUE,""
"Arc_042","Arc-BrayaSoe.D'Andrea.2011_Arc_042","Arc-BrayaSoe.D'Andrea.2011","LakeSediment","alkenone","temperature","degC",67,-50.7,"Arc_042",TRUE,TRUE,TRUE,TRUE,"Arc_042",TRUE,"resolution;calibration"
"NAm_016","NAm-FremontGlacier.Hill.0_NAm_016","NAm-FremontGlacier.Hill.0","Wood","ring width","trsgi","unitless",43,-109.6,"NAm_016",TRUE,TRUE,TRUE,TRUE,"NAm_016",TRUE,""
"Ant_024","Ant-SipleStation.Mosley-Thompson.1990_Ant_024","Ant-SipleStation.Mosley-Thompson.1990","GlacierIce","d18O","d18O","permil",-75.92,-84.25,"Ant_024",TRUE,TRUE,TRUE,TRUE,"Ant_024",TRUE,""
"LPD572f7cc3","Ocn-PigmyBasin.Richey.2015_LPD572f7cc3","Ocn-PigmyBasin.Richey.2015","MarineSediment","Mg/Ca","temperature","degC",27.2,-91.42,"LPD572f7cc3",TRUE,TRUE,TRUE,TRUE,"LPD572f7cc3",TRUE,"resolution;calibration"
"Asia_142","Asi-MONG018.Jacoby.2010_Asia_142","Asi-MONG018.Jacoby.2010","Wood","ring width","trsgi","unitless",49.97,90.98,"Asia_142",TRUE,TRUE,TRUE,TRUE,"Asia_142",TRUE,""
"Ocean2kHR_149","Ocn-RarotongaSrCa2r.Linsley.2006_Ocean2kHR_149","Ocn-RarotongaSrCa2r.Linsley.2006","Coral","Sr/Ca","Sr/Ca","mmol/mol",-21.2378,-159.8278,"Ocean2kHR_149",TRUE,TRUE,TRUE,TRUE,"Ocean2kHR_149",TRUE,""
"O2kLR_105","Ocn-MD95-2011.Grimalt.2002_O2kLR_105","Ocn-MD95-2011.Grimalt.2002","MarineSediment","alkenone","temperature","degC",66.97,7.63,"O2kLR_105",TRUE,TRUE,TRUE,TRUE,"O2kLR_105",TRUE,"resolution;calibration"
"Asia_009","Asi-AltaiUstUlaganLake.Cook.2005_Asia_009","Asi-AltaiUstUlaganLake.Cook.2005","Wood","ring width","trsgi","unitless",50.48,87.67,"Asia_009",TRUE,TRUE,TRUE,TRUE,"Asia_009",TRUE,""
"Asia_055","Asi-MQRXJP.PAGES2k.2013_Asia_055","Asi-MQRXJP.PAGES2k.2013","Wood","ring width","trsgi","unitless",34.75,99.68,"Asia_055",TRUE,TRUE,TRUE,TRUE,"Asia_055",TRUE,""
"Asia_150","Asi-MONG025.Jacoby.2010_Asia_150","Asi-MONG025.Jacoby.2010","Wood","ring width","trsgi","unitless",48.7,88.8,"Asia_150",TRUE,TRUE,TRUE,TRUE,"Asia_150",TRUE,""
"Ocean2kHR_020","Ocn-Ifaty4.Zinke.2004_Ocean2kHR_020","Ocn-Ifaty4.Zinke.2004","Coral","d18O","d18O","permil",-23.15,43.58,"Ocean2kHR_020",TRUE,TRUE,TRUE,TRUE,"Ocean2kHR_020",TRUE,""
"Asia_001","Asi-AltaiAktru.Cook.2005_Asia_001","Asi-AltaiAktru.Cook.2005","Wood","ring width","trsgi","unitless",50.08,87.77,"Asia_001",TRUE,TRUE,TRUE,TRUE,"Asia_001",TRUE,""
"Asia_013","Asi-UULLWW.Schweingruber.2002_Asia_013","Asi-UULLWW.Schweingruber.2002","Wood","ring width","trsgi","unitless",50.48,87.65,"Asia_013",TRUE,TRUE,TRUE,TRUE,"Asia_013",TRUE,""
"Asia_188","Asi-PAKI003.Esper.2007_Asia_188","Asi-PAKI003.Esper.2007","Wood","ring width","trsgi","unitless",36.03,74.58,"Asia_188",TRUE,TRUE,TRUE,TRUE,"Asia_188",TRUE,""
"Asia_212","Asi-PAKI016.Esper.2007_Asia_212","Asi-PAKI016.Esper.2007","Wood","ring width","trsgi","unitless",35.17,75.5,"Asia_212",TRUE,TRUE,TRUE,TRUE,"Asia_212",TRUE,""
"Ocean2kHR_125","Ocn-Bermuda.DraschbaB.2000_Ocean2kHR_125","Ocn-Bermuda.DraschbaB.2000","Coral","d18O","d18O","permil",30.0867,-64.5417,"Ocean2kHR_125",TRUE,TRUE,TRUE,TRUE,"Ocean2kHR_125",TRUE,"resolution;calibration"
"NAm_880","NAm-UpperWrightLakes.Graumlich.2005_NAm_880","NAm-UpperWrightLakes.Graumlich.2005","Wood","ring width","trsgi","unitless",36.4,-118.2,"NAm_880",TRUE,TRUE,TRUE,TRUE,"NAm_880",TRUE,""
"Asia_085","Asi-CHIN051.Shao.2013_Asia_085","Asi-CHIN051.Shao.2013","Wood","ring width","trsgi","unitless",37.47,97.22,"Asia_085",TRUE,TRUE,TRUE,TRUE,"Asia_085",TRUE,""
"Malawi05","Afr-LakeMalawi.Powers.2011_Malawi05","Afr-LakeMalawi.Powers.2011","LakeSediment","TEX86","temperature","degC",-10.0033,34.2883,"Malawi05",TRUE,TRUE,TRUE,TRUE,"Malawi05",TRUE,"resolution;calibration"
"Ocean2kHR_122","Ocn-GulfofMaine.Wanamaker.2007_Ocean2kHR_122","Ocn-GulfofMaine.Wanamaker.2007","MarineSediment","d18O","d18O","permil",43.6561,-69.8017,"Ocean2kHR_122",TRUE,TRUE,TRUE,TRUE,"Ocean2kHR_122",TRUE,""
"LPD10e9f8f7","Ocn-MinorcaContourite.Moreno.2012_LPD10e9f8f7","Ocn-MinorcaContourite.Moreno.2012","MarineSediment","alkenone","temperature","degC",40.5,4.03,"LPD10e9f8f7",TRUE,TRUE,TRUE,TRUE,"LPD10e9f8f7",TRUE,"resolution;calibration"
"Arc_026","Arc-NGTB16.Schwager.1998_Arc_026","Arc-NGTB16.Schwager.1998","GlacierIce","d18O","d18O","permil",73.94,-37.63,"Arc_026",TRUE,TRUE,TRUE,TRUE,"Arc_026",TRUE,""
"Asia_069","Asi-ZHANGX.PAGES2k.2010_Asia_069","Asi-ZHANGX.PAGES2k.2010","Wood","ring width","trsgi","unitless",34.63,104.47,"Asia_069",TRUE,TRUE,TRUE,TRUE,"Asia_069",TRUE,""
"Africa_004","Afr-LakeTanganyika.Tierney.2010_Africa_004","Afr-LakeTanganyika.Tierney.2010","LakeSediment","TEX86","temperature","degC",-6.03,28.53,"Africa_004",TRUE,TRUE,TRUE,TRUE,"Africa_004",TRUE,"resolution;calibration"
"Ocean2kHR_134","Ocn-AmedeeIsland.DeLong.2012_Ocean2kHR_134","Ocn-AmedeeIsland.DeLong.2012","Coral","Sr/Ca","Sr/Ca","mmol/mol",-22.475,166.4667,"Ocean2kHR_134",TRUE,TRUE,TRUE,TRUE,"Ocean2kHR_134",TRUE,""
"NAm_436","NAm-SouthernAlaskacomposite.D'Arrigo.2006_NAm_436","NAm-SouthernAlaskacomposite.D'Arrigo.2006","Wood","ring width","trsgi","unitless",56,-132,"NAm_436",TRUE,TRUE,TRUE,TRUE,"NAm_436",TRUE,""
"NAm_1240","NAm-PeytoLake.Schweingruber.1996_NAm_1240","NAm-PeytoLake.Schweingruber.1996","Wood","maximum latewood density","MXD",NA,51.8,-116.2,"NAm_1240",TRUE,TRUE,TRUE,TRUE,"NAm_1240",TRUE,""
"Asia_215","Asi-HRPCSM.PAGES2k.2013_Asia_215","Asi-HRPCSM.PAGES2k.2013","Wood","ring width","trsgi","unitless",35.88,74.88,"Asia_215",TRUE,TRUE,TRUE,TRUE,"Asia_215",TRUE,""
"NAm_3853","NAm-LacNoir.Paquette.2013_NAm_3853","NAm-LacNoir.Paquette.2013","LakeSediment","pollen","temperature","degC",45.8,-75.1,"NAm_3853",TRUE,TRUE,TRUE,TRUE,"NAm_3853",TRUE,"resolution;calibration"
"Asia_146","Asi-MONG033.Jacoby.2010_Asia_146","Asi-MONG033.Jacoby.2010","Wood","ring width","trsgi","unitless",49.37,94.88,"Asia_146",TRUE,TRUE,TRUE,TRUE,"Asia_146",TRUE,""
"Asia_182","Asi-ENEPAB.PAGES2k.2013_Asia_182","Asi-ENEPAB.PAGES2k.2013","Wood","ring width","trsgi","unitless",27.73,87.2,"Asia_182",TRUE,TRUE,TRUE,TRUE,"Asia_182",TRUE,""
"Eur_016","Eur-EasternCarpathianMountains.Popa.2008_Eur_016","Eur-EasternCarpathianMountains.Popa.2008","Wood","ring width","trsgi","unitless",47,25.3,"Eur_016",TRUE,TRUE,TRUE,TRUE,"Eur_016",TRUE,""
"Asia_220","Asi-CHIN043.Brauning.2013_Asia_220","Asi-CHIN043.Brauning.2013","Wood","ring width","trsgi","unitless",29.3,91.97,"Asia_220",TRUE,TRUE,TRUE,TRUE,"Asia_220",TRUE,""
"Arc_099","Arc-WindyDome.Henderson.2011_Arc_099","Arc-WindyDome.Henderson.2011","GlacierIce","ice melt","iceMelt","percent",80.783,65.63,"Arc_099",TRUE,TRUE,TRUE,TRUE,"Arc_099",TRUE,""
"Arc_099d18O","Arc-WindyDome.Henderson.2011_Arc_099d18O","Arc-WindyDome.Henderson.2011","GlacierIce","d18O","d18O","permil",80.783,65.63,"Arc_099d18O",TRUE,TRUE,TRUE,TRUE,"Arc_099d18O",TRUE,""
"Asia_327","Asi-ZhejiangAndFujian.Zhang.1980_Asia_327","Asi-ZhejiangAndFujian.Zhang.1980","Documents","historical","temperature","unitless",25,118,"Asia_327",TRUE,TRUE,TRUE,TRUE,"Asia_327",TRUE,"resolution;calibration"
"NAm_244","NAm-AlmondButterUpper.D'Arrigo.2005_NAm_244","NAm-AlmondButterUpper.D'Arrigo.2005","Wood","ring width","trsgi","unitless",65.2,-162.2,"NAm_244",TRUE,TRUE,TRUE,TRUE,"NAm_244",TRUE,""
"NAm_3760","NAm-NorthernAlaskaComposite.D'Arrigo.2006_NAm_3760","NAm-NorthernAlaskaComposite.D'Arrigo.2006","Wood","maximum latewood density","MXD",NA,67,-152,"NAm_3760",TRUE,TRUE,TRUE,TRUE,"NAm_3760",TRUE,""
"NAm_916","NAm-FortChimo.Fritts.1981_NAm_916","NAm-FortChimo.Fritts.1981","Wood","ring width","trsgi","unitless",58.4,-68.4,"NAm_916",TRUE,TRUE,TRUE,TRUE,"NAm_916",TRUE,""
"Asia_206","Asi-PAKI031.Cook.2013_Asia_206","Asi-PAKI031.Cook.2013","Wood","ring width","trsgi","unitless",35.5,74.08,"Asia_206",TRUE,TRUE,TRUE,TRUE,"Asia_206",TRUE,""
"LPDcda1c277","Ocn-CariacoBasin.Lea.2003_LPDcda1c277","Ocn-CariacoBasin.Lea.2003","MarineSediment","Mg/Ca","temperature","degC",10.7,-64.94,"LPDcda1c277",TRUE,TRUE,TRUE,TRUE,"LPDcda1c277",TRUE,"resolution;calibration"
"Ocean2kHR_123","Ocn-DryTortugas.DeLong.2014_Ocean2kHR_123","Ocn-DryTortugas.DeLong.2014","Coral","Sr/Ca","Sr/Ca","mmol/mol",24.6,-82.3,"Ocean2kHR_123",TRUE,TRUE,TRUE,TRUE,"Ocean2kHR_123",TRUE,""
"NAm_2500","NAm-CottonwoodPass.Briffa.1996_NAm_2500","NAm-CottonwoodPass.Briffa.1996","Wood","ring width","trsgi","unitless",38.7,-107.6,"NAm_2500",TRUE,TRUE,TRUE,TRUE,"NAm_2500",TRUE,""
"NAm_2512","NAm-CottonwoodPass.Briffa.1996_NAm_2512","NAm-CottonwoodPass.Briffa.1996","Wood","maximum latewood density","MXD",NA,38.7,-107.6,"NAm_2512",TRUE,TRUE,TRUE,TRUE,"NAm_2512",TRUE,""
"Asia_179","Asi-NEPA021.Krusic.2013_Asia_179","Asi-NEPA021.Krusic.2013","Wood","ring width","trsgi","unitless",27.5,88.02,"Asia_179",TRUE,TRUE,TRUE,TRUE,"Asia_179",TRUE,""
"Arc_001","Arc-BlueLake.Bird.2008_Arc_001","Arc-BlueLake.Bird.2008","LakeSediment","varve thickness","thickness","cm",68.09,-150.47,"Arc_001",TRUE,TRUE,TRUE,TRUE,"Arc_001",TRUE,""
"Ocean2kHR_130","Ocn-GingerbreadsBahamas.Saenger.2009_Ocean2kHR_130","Ocn-GingerbreadsBahamas.Saenger.2009","Coral","calcification rate","calcificationRate","cm/yr",25.84,-78.62,"Ocean2kHR_130",TRUE,TRUE,TRUE,TRUE,"Ocean2kHR_130",TRUE,""
"Asia_204","Asi-PAKI011.Esper.2007_Asia_204","Asi-PAKI011.Esper.2007","Wood","ring width","trsgi","unitless",36.58,75.08,"Asia_204",TRUE,TRUE,TRUE,TRUE,"Asia_204",TRUE,""
"Asia_189","Asi-PAKI004.Esper.2007_Asia_189","Asi-PAKI004.Esper.2007","Wood","ring width","trsgi","unitless",36.03,74.58,"Asia_189",TRUE,TRUE,TRUE,TRUE,"Asia_189",TRUE,""
"O2kLR_047","Ocn-SouthIceland.Sicre.2011_O2kLR_047","Ocn-SouthIceland.Sicre.2011","MarineSediment","alkenone","temperature","degC",57.45,-27.91,"O2kLR_047",TRUE,TRUE,TRUE,TRUE,"O2kLR_047",TRUE,"resolution;calibration"
"SAm_015","SAm-CentralAndes6.Villalba.2014_SAm_015","SAm-CentralAndes6.Villalba.2014","Wood","ring width","trsgi","unitless",-38.5,-71.5,"SAm_015",TRUE,TRUE,TRUE,TRUE,"SAm_015",TRUE,""
"NAm_1432","NAm-Bonif.Schweingruber.1996_NAm_1432","NAm-Bonif.Schweingruber.1996","Wood","ring width","trsgi","unitless",55.3,-77.8,"NAm_1432",TRUE,TRUE,TRUE,TRUE,"NAm_1432",TRUE,""
"NAm_1444","NAm-Bonif.Schweingruber.1996_NAm_1444","NAm-Bonif.Schweingruber.1996","Wood","maximum latewood density","MXD",NA,55.3,-77.8,"NAm_1444",TRUE,TRUE,TRUE,TRUE,"NAm_1444",TRUE,""
"NAm_2392","NAm-Arapahoe.Kienast.1996_NAm_2392","NAm-Arapahoe.Kienast.1996","Wood","maximum latewood density","MXD",NA,40.1,-105.6,"NAm_2392",TRUE,TRUE,TRUE,TRUE,"NAm_2392",TRUE,""
"Asia_326","Asi-GuangdongAndGuangxi.Zhang.1980_Asia_326","Asi-GuangdongAndGuangxi.Zhang.1980","Documents","historical","temperature","unitless",23.5,112.5,"Asia_326",TRUE,TRUE,TRUE,TRUE,"Asia_326",TRUE,"resolution;calibration"
"Asia_225","Asi-CENTIB.PAGES2k.2013_Asia_225","Asi-CENTIB.PAGES2k.2013","Wood","ring width","trsgi","unitless",29.35,92,"Asia_225",TRUE,TRUE,TRUE,TRUE,"Asia_225",TRUE,""
"Asia_051","Asi-MQAXJP.PAGES2k.2013_Asia_051","Asi-MQAXJP.PAGES2k.2013","Wood","ring width","trsgi","unitless",35.07,100.35,"Asia_051",TRUE,TRUE,TRUE,TRUE,"Asia_051",TRUE,""
"Asia_208","Asi-PAKI035.Cook.2013_Asia_208","Asi-PAKI035.Cook.2013","Wood","ring width","trsgi","unitless",36.15,74.18,"Asia_208",TRUE,TRUE,TRUE,TRUE,"Asia_208",TRUE,""
"Asia_141","Asi-MONG017.Jacoby.2010_Asia_141","Asi-MONG017.Jacoby.2010","Wood","ring width","trsgi","unitless",49.97,91,"Asia_141",TRUE,TRUE,TRUE,TRUE,"Asia_141",TRUE,""
"Asia_236","Asi-Dasuopu.Thompson.2000_Asia_236","Asi-Dasuopu.Thompson.2000","GlacierIce","d18O","d18O","permil",28.38,85.72,"Asia_236",TRUE,TRUE,TRUE,TRUE,"Asia_236",TRUE,""
"Asia_019","Asi-UKHEWW.Schweingruber.2002_Asia_019","Asi-UKHEWW.Schweingruber.2002","Wood","ring width","trsgi","unitless",50.15,85.37,"Asia_019",TRUE,TRUE,TRUE,FALSE,"Asia_018",TRUE,""
"Asia_192","Asi-PAKI022.Cook.2013_Asia_192","Asi-PAKI022.Cook.2013","Wood","ring width","trsgi","unitless",35.9,71.73,"Asia_192",TRUE,TRUE,TRUE,TRUE,"Asia_192",TRUE,""
"Asia_159","Asi-MONG007.Schweingruber.2013_Asia_159","Asi-MONG007.Schweingruber.2013","Wood","ring width","trsgi","unitless",49.7,91.55,"Asia_159",TRUE,TRUE,TRUE,TRUE,"Asia_159",TRUE,""
"Asia_074","Asi-HXBURU.PAGES2k.2013_Asia_074","Asi-HXBURU.PAGES2k.2013","Wood","ring width","trsgi","unitless",43.18,87.18,"Asia_074",TRUE,TRUE,TRUE,TRUE,"Asia_074",TRUE,""
"Arc_076","Arc-SoperLake.Hughen.2000_Arc_076","Arc-SoperLake.Hughen.2000","LakeSediment","varve thickness","temperature","degC",62.917,-69.883,"Arc_076",TRUE,TRUE,TRUE,TRUE,"Arc_076",TRUE,""
"NAm_628","NAm-TimberGapUpper.Graybill.1995_NAm_628","NAm-TimberGapUpper.Graybill.1995","Wood","ring width","trsgi","unitless",36.3,-118.4,"NAm_628",TRUE,TRUE,TRUE,TRUE,"NAm_628",TRUE,""
"LPD53e179ad","Afr-P178-15P.Tierney.2015_LPD53e179ad","Afr-P178-15P.Tierney.2015","MarineSediment","TEX86","temperature","degC",11.955,44.3,"LPD53e179ad",TRUE,TRUE,TRUE,TRUE,"LPD53e179ad",TRUE,"resolution;calibration"
"LPD81e53153","Afr-P178-15P.Tierney.2015_LPD81e53153","Afr-P178-15P.Tierney.2015","MarineSediment","TEX86","temperature","degC",11.955,44.3,"LPD81e53153",TRUE,TRUE,TRUE,TRUE,"LPD81e53153",TRUE,"resolution;calibration"
"Asia_218","Asi-CHIN047.Brauning.2013_Asia_218","Asi-CHIN047.Brauning.2013","Wood","ring width","trsgi","unitless",31.12,97.03,"Asia_218",TRUE,TRUE,TRUE,TRUE,"Asia_218",TRUE,""
"Asia_203","Asi-PAKI010.Esper.2007_Asia_203","Asi-PAKI010.Esper.2007","Wood","ring width","trsgi","unitless",36.58,75.08,"Asia_203",TRUE,TRUE,TRUE,TRUE,"Asia_203",TRUE,""
"Ocean2kHR_011","Ocn-Mahe.Charles.1997_Ocean2kHR_011","Ocn-Mahe.Charles.1997","Coral","d18O","d18O","permil",-4.62,55,"Ocean2kHR_011",TRUE,TRUE,TRUE,TRUE,"Ocean2kHR_011",TRUE,""
"NAm_280","NAm-WindyRidgeAlaska.D'Arrigo.2005_NAm_280","NAm-WindyRidgeAlaska.D'Arrigo.2005","Wood","ring width","trsgi","unitless",65.2,-162.2,"NAm_280",TRUE,TRUE,TRUE,TRUE,"NAm_280",TRUE,""
"Asia_155","Asi-SODAPS.PAGES2k.2013_Asia_155","Asi-SODAPS.PAGES2k.2013","Wood","ring width","trsgi","unitless",48.3,98.93,"Asia_155",TRUE,TRUE,TRUE,TRUE,"Asia_155",TRUE,""
"Arc_100","Arc-Yamalia.Briffa.2013_Arc_100","Arc-Yamalia.Briffa.2013","Wood","ring width","temperature","degC",66.8,68,"Arc_100",TRUE,TRUE,TRUE,TRUE,"Arc_100",TRUE,""
"Asia_059","Asi-HBMXJP.PAGES2k.2013_Asia_059","Asi-HBMXJP.PAGES2k.2013","Wood","ring width","trsgi","unitless",34.78,100.82,"Asia_059",TRUE,TRUE,TRUE,TRUE,"Asia_059",TRUE,""
"Asia_197","Asi-PAKI025.Cook.2013_Asia_197","Asi-PAKI025.Cook.2013","Wood","ring width","trsgi","unitless",35.45,74.78,"Asia_197",TRUE,TRUE,TRUE,TRUE,"Asia_197",TRUE,""
"O2kLR_101","Ocn-CapeHatteras.Cleroux.2008_O2kLR_101","Ocn-CapeHatteras.Cleroux.2008","MarineSediment","Mg/Ca","temperature","degC",34.973,-75.201,"O2kLR_101",TRUE,TRUE,TRUE,TRUE,"O2kLR_101",TRUE,"resolution;calibration"
"Asia_046","Asi-LAJQIN.PAGES2k.2013_Asia_046","Asi-LAJQIN.PAGES2k.2013","Wood","ring width","trsgi","unitless",34.72,100.72,"Asia_046",TRUE,TRUE,TRUE,TRUE,"Asia_046",TRUE,""
"LPD2a3997a7","Ocn-WesternAntarcticPeninsula.Shevenell.2011_LPD2a3997a7","Ocn-WesternAntarcticPeninsula.Shevenell.2011","MarineSediment","TEX86","temperature","degC",-64.87,-64.2,"LPD2a3997a7",TRUE,TRUE,TRUE,TRUE,"LPD2a3997a7",TRUE,"resolution;calibration"
"Arc_058","Arc-Armarnaes.Bjorklund.2012_Arc_058","Arc-Armarnaes.Bjorklund.2012","Wood","maximum latewood density","density",NA,65.9,16.1,"Arc_058",TRUE,TRUE,TRUE,TRUE,"Arc_058",TRUE,""
"NAm_3798","NAm-HellsKitchenLake.Gajewski.1988_NAm_3798","NAm-HellsKitchenLake.Gajewski.1988","LakeSediment","pollen","temperature","degC",46.2,-89.7,"NAm_3798",TRUE,TRUE,TRUE,TRUE,"NAm_3798",TRUE,"resolution;calibration"
"Asia_162","Asi-MONG006.Jacoby.2006_Asia_162","Asi-MONG006.Jacoby.2006","Wood","ring width","trsgi","unitless",47.78,107.5,"Asia_162",TRUE,TRUE,TRUE,TRUE,"Asia_162",TRUE,""
"Asia_032","Asi-BT009.Cook.2010_Asia_032","Asi-BT009.Cook.2010","Wood","ring width","trsgi","unitless",27.42,90.97,"Asia_032",TRUE,TRUE,TRUE,TRUE,"Asia_032",TRUE,""
"Asia_185","Asi-PAKI018.Cook.2013_Asia_185","Asi-PAKI018.Cook.2013","Wood","ring width","trsgi","unitless",35.33,74.8,"Asia_185",TRUE,TRUE,TRUE,TRUE,"Asia_185",TRUE,""
"Ocean2kHR_190","Ocn-GBR.Wei.2009_Ocean2kHR_190","Ocn-GBR.Wei.2009","Coral","d18O","d18O","permil",-16.7167,146.0333,"Ocean2kHR_190",TRUE,TRUE,TRUE,TRUE,"Ocean2kHR_190",TRUE,""
"Ocean2kHR_191","Ocn-GBR.Wei.2009_Ocean2kHR_191","Ocn-GBR.Wei.2009","Coral","Sr/Ca","Sr/Ca","mmol/mol",-16.7167,146.0333,"Ocean2kHR_191",TRUE,TRUE,TRUE,TRUE,"Ocean2kHR_191",TRUE,""
"Asia_226","Asi-TH001.Buckley.2010_Asia_226","Asi-TH001.Buckley.2010","Wood","ring width","trsgi","unitless",19.28,98.93,"Asia_226",TRUE,TRUE,TRUE,TRUE,"Asia_226",TRUE,""
"NAm_484","NAm-StarrigawanOldSitka.Kaiser.1996_NAm_484","NAm-StarrigawanOldSitka.Kaiser.1996","Wood","ring width","trsgi","unitless",57.1,-135.4,"NAm_484",TRUE,TRUE,TRUE,TRUE,"NAm_484",TRUE,""
"Asia_329","Asi-Guangdong.Zheng.1982_Asia_329","Asi-Guangdong.Zheng.1982","Documents","historical","temperature","unitless",23.16,113.23,"Asia_329",TRUE,TRUE,TRUE,TRUE,"Asia_329",TRUE,"resolution;calibration"
"LPDb7ba9166","Ocn-TagusMudPatch.Abrantes.2005_LPDb7ba9166","Ocn-TagusMudPatch.Abrantes.2005","MarineSediment","alkenone","temperature","degC",38.556,-9.3498,"LPDb7ba9166",TRUE,TRUE,TRUE,TRUE,"LPDb7ba9166",TRUE,"resolution"
"Asia_058","Asi-HBLXJP.PAGES2k.2013_Asia_058","Asi-HBLXJP.PAGES2k.2013","Wood","ring width","trsgi","unitless",34.78,100.82,"Asia_058",TRUE,TRUE,TRUE,TRUE,"Asia_058",TRUE,""
"NAm_3520","NAm-HohLakeHigh.Peterson.1994_NAm_3520","NAm-HohLakeHigh.Peterson.1994","Wood","ring width","trsgi","unitless",47.9,-123.8,"NAm_3520",TRUE,TRUE,TRUE,TRUE,"NAm_3520",TRUE,""
"Asia_054","Asi-MQFXJP.PAGES2k.2013_Asia_054","Asi-MQFXJP.PAGES2k.2013","Wood","ring width","trsgi","unitless",34.75,99.68,"Asia_054",TRUE,TRUE,TRUE,TRUE,"Asia_054",TRUE,""
"Ant_031dD","Ant-WDC06A.Steig.2013_Ant_031dD","Ant-WDC06A.Steig.2013","GlacierIce","dD","d2H","permil",-79.46,-112.09,"Ant_031dD",TRUE,TRUE,TRUE,TRUE,"Ant_031dD",TRUE,""
"Ant_031","Ant-WDC06A.Steig.2013_Ant_031","Ant-WDC06A.Steig.2013","GlacierIce","d18O","d18O","permil",-79.46,-112.09,"Ant_031",TRUE,TRUE,TRUE,TRUE,"Ant_031",TRUE,""
"Asia_191","Asi-PAKI021.Cook.2013_Asia_191","Asi-PAKI021.Cook.2013","Wood","ring width","trsgi","unitless",35.68,71.63,"Asia_191",TRUE,TRUE,TRUE,TRUE,"Asia_191",TRUE,""
"Asia_209","Asi-PAKI036.Cook.2013_Asia_209","Asi-PAKI036.Cook.2013","Wood","ring width","trsgi","unitless",36.15,74.18,"Asia_209",TRUE,TRUE,TRUE,TRUE,"Asia_209",TRUE,""
"Aus_020","Aus-CTPWestTasmania.Allen.2001_Aus_020","Aus-CTPWestTasmania.Allen.2001","Wood","ring width","trsgi","unitless",-41.67,145.65,"Aus_020",TRUE,TRUE,TRUE,TRUE,"Aus_020",TRUE,""
"Asia_319","Asi-SouthChina.Wang.1998_Asia_319","Asi-SouthChina.Wang.1998","Documents","historical","temperature","unitless",23,114,"Asia_319",TRUE,TRUE,TRUE,TRUE,"Asia_319",TRUE,"resolution;calibration"
"NAm_412","NAm-DeerMountain.Wiles.2011_NAm_412","NAm-DeerMountain.Wiles.2011","Wood","ring width","trsgi","unitless",55.3,-131.6,"NAm_412",TRUE,TRUE,TRUE,TRUE,"NAm_412",TRUE,""
"NAm_2560","NAm-FoolCreek.Brown.2005_NAm_2560","NAm-FoolCreek.Brown.2005","Wood","ring width","trsgi","unitless",39.9,-105.9,"NAm_2560",TRUE,TRUE,TRUE,TRUE,"NAm_2560",TRUE,""
"NAm_2572","NAm-FoolCreek.Brown.2005_NAm_2572","NAm-FoolCreek.Brown.2005","Wood","maximum latewood density","MXD",NA,39.9,-105.9,"NAm_2572",TRUE,TRUE,TRUE,TRUE,"NAm_2572",TRUE,""
"Asia_005","Asi-AltaiKuraiskySteppe.Cook.2011_Asia_005","Asi-AltaiKuraiskySteppe.Cook.2011","Wood","ring width","trsgi","unitless",50.27,87.83,"Asia_005",TRUE,TRUE,TRUE,TRUE,"Asia_005",TRUE,""
"NAm_1360","NAm-ArrowsmithMountain.Briffa.1996_NAm_1360","NAm-ArrowsmithMountain.Briffa.1996","Wood","maximum latewood density","MXD",NA,49.2,-125.2,"NAm_1360",TRUE,TRUE,TRUE,TRUE,"NAm_1360",TRUE,""
"Asia_187","Asi-PAKI002.Esper.2007_Asia_187","Asi-PAKI002.Esper.2007","Wood","ring width","trsgi","unitless",36.03,74.58,"Asia_187",TRUE,TRUE,TRUE,TRUE,"Asia_187",TRUE,""
"Asia_175","Asi-NEPA030.Krusic.2013_Asia_175","Asi-NEPA030.Krusic.2013","Wood","ring width","trsgi","unitless",27.78,87.27,"Asia_175",TRUE,TRUE,TRUE,TRUE,"Asia_175",TRUE,""
"NAm_2848","NAm-RoweLakes.Colenutt.2011_NAm_2848","NAm-RoweLakes.Colenutt.2011","Wood","ring width","trsgi","unitless",49,-114,"NAm_2848",TRUE,TRUE,TRUE,TRUE,"NAm_2848",TRUE,""
"NAm_3616","NAm-MedicineBowPeak.Briffa.1996_NAm_3616","NAm-MedicineBowPeak.Briffa.1996","Wood","ring width","trsgi","unitless",41.3,-107.7,"NAm_3616",TRUE,TRUE,TRUE,TRUE,"NAm_3616",TRUE,""
"NAm_3628","NAm-MedicineBowPeak.Briffa.1996_NAm_3628","NAm-MedicineBowPeak.Briffa.1996","Wood","maximum latewood density","MXD",NA,41.3,-107.7,"NAm_3628",TRUE,TRUE,TRUE,TRUE,"NAm_3628",TRUE,""
"Asia_157","Asi-MONG010.Jacoby.2013_Asia_157","Asi-MONG010.Jacoby.2013","Wood","ring width","trsgi","unitless",47.27,100.03,"Asia_157",TRUE,TRUE,TRUE,TRUE,"Asia_157",TRUE,""
"NAm_3807","NAm-ConroyLake.Gajewski.1988_NAm_3807","NAm-ConroyLake.Gajewski.1988","LakeSediment","pollen","temperature","degC",46.3,-67.9,"NAm_3807",TRUE,TRUE,TRUE,TRUE,"NAm_3807",TRUE,"resolution;calibration"
"O2kLR_165","Ocn-OkinawaTrough.Wu.2012_O2kLR_165","Ocn-OkinawaTrough.Wu.2012","MarineSediment","TEX86","temperature","degC",24.8,122.5,"O2kLR_165",TRUE,TRUE,TRUE,TRUE,"O2kLR_165",TRUE,"resolution;calibration"
"Asia_047","Asi-GHEGAN.PAGES2k.2013_Asia_047","Asi-GHEGAN.PAGES2k.2013","Wood","ring width","trsgi","unitless",37.93,101.53,"Asia_047",TRUE,TRUE,TRUE,TRUE,"Asia_047",TRUE,""
"Asia_090","Asi-CHIN056.Shao.2013_Asia_090","Asi-CHIN056.Shao.2013","Wood","ring width","trsgi","unitless",34.47,110.08,"Asia_090",TRUE,TRUE,TRUE,TRUE,"Asia_090",TRUE,""
"Asia_217","Asi-CHIN042.Brauning.2013_Asia_217","Asi-CHIN042.Brauning.2013","Wood","ring width","trsgi","unitless",31.95,98.87,"Asia_217",TRUE,TRUE,TRUE,TRUE,"Asia_217",TRUE,""
"Arc_056","Arc-Renland.Vinther.2008_Arc_056","Arc-Renland.Vinther.2008","GlacierIce","d18O","d18O","permil",71.27,-26.73,"Arc_056",TRUE,TRUE,TRUE,TRUE,"Arc_056",TRUE,"resolution"
"Ocean2kHR_013","Ocn-Reunion.Pfeiffer.2004_Ocean2kHR_013","Ocn-Reunion.Pfeiffer.2004","Coral","d18O","d18O","permil",-21.0333,55.25,"Ocean2kHR_013",TRUE,TRUE,TRUE,TRUE,"Ocean2kHR_013",TRUE,""
"NAm_196","NAm-CanyonCreek.Lloyd.2002_NAm_196","NAm-CanyonCreek.Lloyd.2002","Wood","ring width","trsgi","unitless",63.3,-147.8,"NAm_196",TRUE,TRUE,TRUE,TRUE,"NAm_196",TRUE,""
"Asia_086","Asi-CHIN052.Shao.2013_Asia_086","Asi-CHIN052.Shao.2013","Wood","ring width","trsgi","unitless",37.45,97.53,"Asia_086",TRUE,TRUE,TRUE,TRUE,"Asia_086",TRUE,""
"Ant_011","Ant-DSS.Moy.2012_Ant_011","Ant-DSS.Moy.2012","GlacierIce","d18O","d18O","permil",-66.77,112.807,"Ant_011",TRUE,TRUE,TRUE,FALSE,"IC13PALD01A",TRUE,""
"Asia_165","Asi-Hushre.PAGES2k.2013_Asia_165","Asi-Hushre.PAGES2k.2013","Wood","ring width","trsgi","unitless",46.78,101.95,"Asia_165",TRUE,TRUE,TRUE,TRUE,"Asia_165",TRUE,""
"Ant_007","Ant-SiteDML05.Graf.2002_Ant_007","Ant-SiteDML05.Graf.2002","GlacierIce","d18O","d18O","permil",-75,-0.01,"Ant_007",TRUE,TRUE,TRUE,FALSE,"IC02GR0501A",TRUE,""
"NAm_664","NAm-SheepMountain.Graybill.1995_NAm_664","NAm-SheepMountain.Graybill.1995","Wood","ring width","trsgi","unitless",37.2,-118.1,"NAm_664",TRUE,TRUE,TRUE,TRUE,"NAm_664",TRUE,""
"Asia_109","Asi-MTASMD.Davi.2013_Asia_109","Asi-MTASMD.Davi.2013","Wood","ring width","trsgi","unitless",43.77,142.55,"Asia_109",TRUE,TRUE,TRUE,TRUE,"Asia_109",TRUE,""
"Eur_018","Eur-Loetschental.Buentgen.2006_Eur_018","Eur-Loetschental.Buentgen.2006","Wood","maximum latewood density","MXD",NA,46.4,7.8,"Eur_018",TRUE,TRUE,TRUE,TRUE,"Eur_018",TRUE,""
"NAm_1168","NAm-BellMountain.Schweingruber.1996_NAm_1168","NAm-BellMountain.Schweingruber.1996","Wood","maximum latewood density","MXD",NA,53.3,-120.7,"NAm_1168",TRUE,TRUE,TRUE,TRUE,"NAm_1168",TRUE,""
"Ocean2kHR_129","Ocn-PedroBankJamaica.Haase-Schramm.2003_Ocean2kHR_129","Ocn-PedroBankJamaica.Haase-Schramm.2003","Sclerosponge","Sr/Ca","Sr/Ca","mmol/mol",17.5333,-78.95,"Ocean2kHR_129",TRUE,TRUE,TRUE,TRUE,"Ocean2kHR_129",TRUE,"resolution"
"Ocean2kHR_128","Ocn-PedroBankJamaica.Haase-Schramm.2003_Ocean2kHR_128","Ocn-PedroBankJamaica.Haase-Schramm.2003","Sclerosponge","d18O","d18O","permil",17.5333,-78.95,"Ocean2kHR_128",TRUE,TRUE,TRUE,TRUE,"Ocean2kHR_128",TRUE,"resolution"
"O2kLR_183","Ocn-SantaBarbaraBasin.Zhao.2000_O2kLR_183","Ocn-SantaBarbaraBasin.Zhao.2000","MarineSediment","alkenone","temperature","degC",34.23,-120.02,"O2kLR_183",TRUE,TRUE,TRUE,TRUE,"O2kLR_183",TRUE,""
"LPDa77273bb","Ocn-SouthAtlanticWestAfrica.Leduc.2010_LPDa77273bb","Ocn-SouthAtlanticWestAfrica.Leduc.2010","MarineSediment","alkenone","temperature","degC",-29.14,16.72,"LPDa77273bb",TRUE,TRUE,TRUE,TRUE,"LPDa77273bb",TRUE,"resolution;calibration"
"Asia_053","Asi-MQDXJP.PAGES2k.2013_Asia_053","Asi-MQDXJP.PAGES2k.2013","Wood","ring width","trsgi","unitless",34.72,99.67,"Asia_053",TRUE,TRUE,TRUE,TRUE,"Asia_053",TRUE,""
"Asia_040","Asi-CHIN018.Li.2010_Asia_040","Asi-CHIN018.Li.2010","Wood","ring width","trsgi","unitless",29.28,100.08,"Asia_040",TRUE,TRUE,TRUE,TRUE,"Asia_040",TRUE,""
"Arc_066","Arc-Lomonosovfonna.Divine.2011_Arc_066","Arc-Lomonosovfonna.Divine.2011","GlacierIce","d18O","temperature","degC",78.8647,17.425,"Arc_066",TRUE,TRUE,TRUE,FALSE,"IC11DILO01A",TRUE,""
"LPDf7bace53","Ocn-DryTortugas.Lund.2006_LPDf7bace53","Ocn-DryTortugas.Lund.2006","MarineSediment","Mg/Ca","temperature","degC",24.59,-83.58,"LPDf7bace53",TRUE,TRUE,TRUE,TRUE,"LPDf7bace53",TRUE,"resolution;calibration"
"Asia_147","Asi-MONG009.Jacoby.2013_Asia_147","Asi-MONG009.Jacoby.2013","Wood","ring width","trsgi","unitless",49.92,91.57,"Asia_147",TRUE,TRUE,TRUE,TRUE,"Asia_147",TRUE,""
"Asia_174","Asi-NEPA029.Krusic.2013_Asia_174","Asi-NEPA029.Krusic.2013","Wood","ring width","trsgi","unitless",28.18,85.43,"Asia_174",TRUE,TRUE,TRUE,TRUE,"Asia_174",TRUE,""
"Asia_325","Asi-MiddleYangtzeRiver.Zhang.1980_Asia_325","Asi-MiddleYangtzeRiver.Zhang.1980","Documents","historical","temperature","unitless",30.5,114.5,"Asia_325",TRUE,TRUE,TRUE,TRUE,"Asia_325",TRUE,"resolution;calibration"
"Asia_077","Asi-HYGJUP.PAGES2k.2013_Asia_077","Asi-HYGJUP.PAGES2k.2013","Wood","ring width","trsgi","unitless",38.7,99.68,"Asia_077",TRUE,TRUE,TRUE,TRUE,"Asia_077",TRUE,""
"Asia_169","Asi-NEPA014.Krusic.2013_Asia_169","Asi-NEPA014.Krusic.2013","Wood","ring width","trsgi","unitless",27.7,86.28,"Asia_169",TRUE,TRUE,TRUE,TRUE,"Asia_169",TRUE,""
"NAm_2656","NAm-SleepingDeerRoad.Hughes.2005_NAm_2656","NAm-SleepingDeerRoad.Hughes.2005","Wood","ring width","trsgi","unitless",44.6,-114.5,"NAm_2656",TRUE,TRUE,TRUE,TRUE,"NAm_2656",TRUE,""
"NAm_2668","NAm-SleepingDeerRoad.Hughes.2005_NAm_2668","NAm-SleepingDeerRoad.Hughes.2005","Wood","maximum latewood density","MXD",NA,44.6,-114.5,"NAm_2668",TRUE,TRUE,TRUE,TRUE,"NAm_2668",TRUE,""
"NAm_172","NAm-SettlementPointAfognakIsland.Harlan.1998_NAm_172","NAm-SettlementPointAfognakIsland.Harlan.1998","Wood","ring width","trsgi","unitless",58.1,-152.7,"NAm_172",TRUE,TRUE,TRUE,TRUE,"NAm_172",TRUE,""
"Asia_007","Asi-AltaiKorumdu.Cook.2005_Asia_007","Asi-AltaiKorumdu.Cook.2005","Wood","ring width","trsgi","unitless",50.14,87.72,"Asia_007",TRUE,TRUE,TRUE,TRUE,"Asia_007",TRUE,""
"Asia_178","Asi-BURGPW.PAGES2k.2013_Asia_178","Asi-BURGPW.PAGES2k.2013","Wood","ring width","trsgi","unitless",28.77,83.73,"Asia_178",TRUE,TRUE,TRUE,TRUE,"Asia_178",TRUE,""
"NAm_3652","NAm-SylvanPassbeiCody.Briffa.1996_NAm_3652","NAm-SylvanPassbeiCody.Briffa.1996","Wood","maximum latewood density","MXD",NA,44.4,-110.1,"NAm_3652",TRUE,TRUE,TRUE,TRUE,"NAm_3652",TRUE,""
"NAm_388","NAm-PrinceWilliamSound.Barclay.1999_NAm_388","NAm-PrinceWilliamSound.Barclay.1999","Wood","ring width","trsgi","unitless",60.5,-148.3,"NAm_388",TRUE,TRUE,TRUE,TRUE,"NAm_388",TRUE,""
"Asia_222","Asi-CHIN044.Brauning.2013_Asia_222","Asi-CHIN044.Brauning.2013","Wood","ring width","trsgi","unitless",29.07,93.95,"Asia_222",TRUE,TRUE,TRUE,TRUE,"Asia_222",TRUE,""
"Arc_162","Arc-PolarUrals.Wilson.2015_Arc_162","Arc-PolarUrals.Wilson.2015","Wood","ring width","density",NA,66.9,65.6,"Arc_162",TRUE,TRUE,TRUE,TRUE,"Arc_162",TRUE,""
"Arc_036","Arc-Iceland.Bergthorsson.1969_Arc_036","Arc-Iceland.Bergthorsson.1969","Documents","historical","temperature","degC",64.77,-18.37,"Arc_036",TRUE,TRUE,TRUE,TRUE,"Arc_036",TRUE,"resolution;calibration"
"NAm_1708","NAm-CornwallHills.Wilson.2005_NAm_1708","NAm-CornwallHills.Wilson.2005","Wood","ring width","trsgi","unitless",50.7,-121.5,"NAm_1708",TRUE,TRUE,TRUE,TRUE,"NAm_1708",TRUE,""
"NAm_1720","NAm-CornwallHills.Wilson.2005_NAm_1720","NAm-CornwallHills.Wilson.2005","Wood","maximum latewood density","MXD",NA,50.7,-121.5,"NAm_1720",TRUE,TRUE,TRUE,TRUE,"NAm_1720",TRUE,""
"Asia_180","Asi-NEPA027.Krusic.2013_Asia_180","Asi-NEPA027.Krusic.2013","Wood","ring width","trsgi","unitless",27.5,87.98,"Asia_180",TRUE,TRUE,TRUE,TRUE,"Asia_180",TRUE,""
"Asia_092","Asi-CHIN058.Shao.2013_Asia_092","Asi-CHIN058.Shao.2013","Wood","ring width","trsgi","unitless",34.47,110.08,"Asia_092",TRUE,TRUE,TRUE,TRUE,"Asia_092",TRUE,""
"Asia_119","Asi-YKC.Yasue.2013_Asia_119","Asi-YKC.Yasue.2013","Wood","ring width","trsgi","unitless",30.33,130.45,"Asia_119",TRUE,TRUE,TRUE,TRUE,"Asia_119",TRUE,""
"Ant_022","Ant-JamesRossIsland.Mulvaney.2013_Ant_022","Ant-JamesRossIsland.Mulvaney.2013","GlacierIce","dD","d2H","permil",-64.2017,-57.685,"Ant_022",TRUE,TRUE,TRUE,TRUE,"Ant_022",TRUE,""
"LPD7c7e19c5","Ocn-GreatBahamaBank.Lund.2006_LPD7c7e19c5","Ocn-GreatBahamaBank.Lund.2006","MarineSediment","Mg/Ca","temperature","degC",24.765,-79.29,"LPD7c7e19c5",TRUE,TRUE,TRUE,TRUE,"LPD7c7e19c5",TRUE,"resolution;calibration"
"Asia_004","Asi-AltaiKuraisky.Cook.2011_Asia_004","Asi-AltaiKuraisky.Cook.2011","Wood","ring width","trsgi","unitless",50.3,87.83,"Asia_004",TRUE,TRUE,TRUE,TRUE,"Asia_004",TRUE,""
"NAm_1840","NAm-Bennington.Luckman.2013_NAm_1840","NAm-Bennington.Luckman.2013","Wood","ring width","trsgi","unitless",52.7,-118.3,"NAm_1840",TRUE,TRUE,TRUE,TRUE,"NAm_1840",TRUE,""
"Eur_008","Eur-NorthernSpain.Martin-Chivelet.2011_Eur_008","Eur-NorthernSpain.Martin-Chivelet.2011","Speleothem","d18O","d18O","permil",42.9,-3.5,"Eur_008",TRUE,TRUE,TRUE,TRUE,"Eur_008",TRUE,"resolution"
"NAm_3867","NAm-LakeMina.St.Jacques.2008_NAm_3867","NAm-LakeMina.St.Jacques.2008","LakeSediment","pollen","temperature","degC",45.89,-95.478,"NAm_3867",TRUE,TRUE,TRUE,TRUE,"NAm_3867",TRUE,"resolution;calibration"
"NAm_3868","NAm-LakeMina.St.Jacques.2008_NAm_3868","NAm-LakeMina.St.Jacques.2008","LakeSediment","pollen","temperature","degC",45.89,-95.478,"NAm_3868",TRUE,TRUE,TRUE,TRUE,"NAm_3868",TRUE,"resolution;calibration"
"Eur_003","Eur-LakeSilvaplana.Larocque-Tobler.2010_Eur_003","Eur-LakeSilvaplana.Larocque-Tobler.2010","LakeSediment","chironomid","temperature","degC",46.5,9.8,"Eur_003",TRUE,TRUE,TRUE,TRUE,"Eur_003",TRUE,""
"O2kLR_131","Ocn-WEqPacific.Stott.2007_O2kLR_131","Ocn-WEqPacific.Stott.2007","MarineSediment","Mg/Ca","temperature","degC",-5,133.44,"O2kLR_131",TRUE,TRUE,TRUE,TRUE,"O2kLR_131",TRUE,"resolution;calibration"
"Asia_211","Asi-PAKI015.Esper.2007_Asia_211","Asi-PAKI015.Esper.2007","Wood","ring width","trsgi","unitless",35.17,75.5,"Asia_211",TRUE,TRUE,TRUE,TRUE,"Asia_211",TRUE,""
"O2kLR_118","Ocn-SWCoastOfIndia.Saraswat.2013_O2kLR_118","Ocn-SWCoastOfIndia.Saraswat.2013","MarineSediment","Mg/Ca","temperature","degC",10.98,74.9993,"O2kLR_118",TRUE,TRUE,TRUE,TRUE,"O2kLR_118",TRUE,"resolution;calibration"
"Arc_052","Arc-Lake4.Rolland.2009_Arc_052","Arc-Lake4.Rolland.2009","LakeSediment","chironomid","temperature","degC",65.1,-83.79,"Arc_052",TRUE,TRUE,TRUE,TRUE,"Arc_052",TRUE,"resolution;calibration"
"LPD13a78f9b","Ocn-EasternTropicalNorthAtlantic.Kuhnert.2011_LPD13a78f9b","Ocn-EasternTropicalNorthAtlantic.Kuhnert.2011","MarineSediment","Mg/Ca","temperature","degC",16.8402,-16.7327,"LPD13a78f9b",TRUE,TRUE,TRUE,TRUE,"LPD13a78f9b",TRUE,"resolution"
"Asia_108","Asi-MTASSP.Davi.2013_Asia_108","Asi-MTASSP.Davi.2013","Wood","ring width","trsgi","unitless",43.77,142.55,"Asia_108",TRUE,TRUE,TRUE,TRUE,"Asia_108",TRUE,""
"Asia_095","Asi-CHIN061.Shao.2013_Asia_095","Asi-CHIN061.Shao.2013","Wood","ring width","trsgi","unitless",37.03,98.63,"Asia_095",TRUE,TRUE,TRUE,TRUE,"Asia_095",TRUE,""
"Ocean2kHR_126","Ocn-MontegoBayJamaica.Haase-Schramm.2003_Ocean2kHR_126","Ocn-MontegoBayJamaica.Haase-Schramm.2003","Sclerosponge","d18O","d18O","permil",18.4667,-77.95,"Ocean2kHR_126",TRUE,TRUE,TRUE,TRUE,"Ocean2kHR_126",TRUE,"resolution"
"Ocean2kHR_127","Ocn-MontegoBayJamaica.Haase-Schramm.2003_Ocean2kHR_127","Ocn-MontegoBayJamaica.Haase-Schramm.2003","Sclerosponge","Sr/Ca","Sr/Ca","mmol/mol",18.4667,-77.95,"Ocean2kHR_127",TRUE,TRUE,TRUE,TRUE,"Ocean2kHR_127",TRUE,"resolution"
"Ant_028","Ant-Vostok.Ekaykin.2014_Ant_028","Ant-Vostok.Ekaykin.2014","GlacierIce","dD","d2H","permil",-78.2785,104.8005,"Ant_028",TRUE,TRUE,TRUE,TRUE,"Ant_028",TRUE,""
"Asia_050","Asi-DUSHJP.PAGES2k.2013_Asia_050","Asi-DUSHJP.PAGES2k.2013","Wood","ring width","trsgi","unitless",36.65,98.08,"Asia_050",TRUE,TRUE,TRUE,TRUE,"Asia_050",TRUE,""
"NAm_2308","NAm-SurpriseValley.Luckman.2001_NAm_2308","NAm-SurpriseValley.Luckman.2001","Wood","ring width","trsgi","unitless",52.8,-117.7,"NAm_2308",TRUE,TRUE,TRUE,TRUE,"NAm_2308",TRUE,""
"NAm_2716","NAm-LaTasajera.Biondi.2001_NAm_2716","NAm-LaTasajera.Biondi.2001","Wood","ring width","trsgi","unitless",31,-115.5,"NAm_2716",TRUE,TRUE,TRUE,TRUE,"NAm_2716",TRUE,""
"NAm_3472","NAm-ShermanCreekPass.Briffa.1996_NAm_3472","NAm-ShermanCreekPass.Briffa.1996","Wood","ring width","trsgi","unitless",48.7,-118.3,"NAm_3472",TRUE,TRUE,TRUE,TRUE,"NAm_3472",TRUE,""
"NAm_3484","NAm-ShermanCreekPass.Briffa.1996_NAm_3484","NAm-ShermanCreekPass.Briffa.1996","Wood","maximum latewood density","MXD",NA,48.7,-118.3,"NAm_3484",TRUE,TRUE,TRUE,TRUE,"NAm_3484",TRUE,""
"Asia_080","Asi-CHIN038.Fan.2013_Asia_080","Asi-CHIN038.Fan.2013","Wood","ring width","trsgi","unitless",27.58,99.28,"Asia_080",TRUE,TRUE,TRUE,TRUE,"Asia_080",TRUE,""
"Asia_076","Asi-CHIN026.Wright.2010_Asia_076","Asi-CHIN026.Wright.2010","Wood","ring width","trsgi","unitless",27.62,99.8,"Asia_076",TRUE,TRUE,TRUE,TRUE,"Asia_076",TRUE,""
"Asia_002","Asi-AltaiDjasator.Cook.2011_Asia_002","Asi-AltaiDjasator.Cook.2011","Wood","ring width","trsgi","unitless",49.62,88.1,"Asia_002",TRUE,TRUE,TRUE,TRUE,"Asia_002",TRUE,""
"Asia_216","Asi-NOGSAK.PAGES2k.2013_Asia_216","Asi-NOGSAK.PAGES2k.2013","Wood","ring width","trsgi","unitless",51.83,143.13,"Asia_216",TRUE,TRUE,TRUE,TRUE,"Asia_216",TRUE,""
"NAm_364","NAm-BigBendLake.Jacoby.2003_NAm_364","NAm-BigBendLake.Jacoby.2003","Wood","ring width","trsgi","unitless",61.3,-142.7,"NAm_364",TRUE,TRUE,TRUE,TRUE,"NAm_364",TRUE,""
"O2kLR_175","Ocn-KuroshioCurrent.Isono.2009_O2kLR_175","Ocn-KuroshioCurrent.Isono.2009","MarineSediment","alkenone","temperature","degC",36.03,141.78,"O2kLR_175",TRUE,TRUE,TRUE,TRUE,"O2kLR_175",TRUE,"resolution;calibration"
"O2kLR_146","Ocn-NorthwestPacificOcean.Harada.2004_O2kLR_146","Ocn-NorthwestPacificOcean.Harada.2004","MarineSediment","alkenone","temperature","degC",46.32,152.53,"O2kLR_146",TRUE,TRUE,TRUE,TRUE,"O2kLR_146",TRUE,"resolution;calibration"
"O2kLR_195","Ocn-SouthernChileMargin.Mohtadi.2007_O2kLR_195","Ocn-SouthernChileMargin.Mohtadi.2007","MarineSediment","alkenone","temperature","degC",-44.15,-75.16,"O2kLR_195",TRUE,TRUE,TRUE,TRUE,"O2kLR_195",TRUE,"resolution;calibration"
"Ant_050","Ant-US-ITASE-2002-4.Steig.2013_Ant_050","Ant-US-ITASE-2002-4.Steig.2013","GlacierIce","d18O","d18O","permil",-86.5,-107.99,"Ant_050",TRUE,TRUE,TRUE,TRUE,"Ant_050",TRUE,""
"Asia_099","Asi-CHIN065.Shao.2013_Asia_099","Asi-CHIN065.Shao.2013","Wood","ring width","trsgi","unitless",32.67,95.72,"Asia_099",TRUE,TRUE,TRUE,TRUE,"Asia_099",TRUE,""
"Asia_167","Asi-NEPA003.Krusic.2013_Asia_167","Asi-NEPA003.Krusic.2013","Wood","ring width","trsgi","unitless",29.48,82.08,"Asia_167",TRUE,TRUE,TRUE,TRUE,"Asia_167",TRUE,""
"NAm_772","NAm-DanaPlateauInyoNationalForest.King.2000_NAm_772","NAm-DanaPlateauInyoNationalForest.King.2000","Wood","ring width","trsgi","unitless",37.9,-119.2,"NAm_772",TRUE,TRUE,TRUE,TRUE,"NAm_772",TRUE,""
"NAm_3748","NAm-WrangellsComposite.D'Arrigo.2006_NAm_3748","NAm-WrangellsComposite.D'Arrigo.2006","Wood","maximum latewood density","MXD",NA,62,-142,"NAm_3748",TRUE,TRUE,TRUE,TRUE,"NAm_3748",TRUE,""
"Asia_075","Asi-DQHZHO.PAGES2k.2013_Asia_075","Asi-DQHZHO.PAGES2k.2013","Wood","ring width","trsgi","unitless",35,100.07,"Asia_075",TRUE,TRUE,TRUE,TRUE,"Asia_075",TRUE,""
"LPD1a0245b7","Ocn-Philippines.Stott.2007_LPD1a0245b7","Ocn-Philippines.Stott.2007","MarineSediment","Mg/Ca","temperature","degC",6.3,125.82,"LPD1a0245b7",TRUE,TRUE,TRUE,TRUE,"LPD1a0245b7",TRUE,"resolution;calibration"
"O2kLR_148","Ocn-MakassarStrait.Oppo.2009_O2kLR_148","Ocn-MakassarStrait.Oppo.2009","MarineSediment","Mg/Ca","temperature","degC",-3.53,119.2,"O2kLR_148",TRUE,TRUE,TRUE,TRUE,"O2kLR_148",TRUE,"resolution"
"Ant_012","Ant-DomeC.Stenni.2001_Ant_012","Ant-DomeC.Stenni.2001","GlacierIce","d18O","d18O","permil",-75.1,123.39,"Ant_012",TRUE,TRUE,TRUE,TRUE,"Ant_012",TRUE,"resolution;calibration"
"NAm_2728","NAm-CienegadeNuestraSenoradeGuadalupe.Fule.2009_NAm_2728","NAm-CienegadeNuestraSenoradeGuadalupe.Fule.2009","Wood","ring width","trsgi","unitless",25.1,-106.3,"NAm_2728",TRUE,TRUE,TRUE,TRUE,"NAm_2728",TRUE,""
"Asia_008","Asi-AltaiTjute.Cook.2011_Asia_008","Asi-AltaiTjute.Cook.2011","Wood","ring width","trsgi","unitless",50.12,87.92,"Asia_008",TRUE,TRUE,TRUE,TRUE,"Asia_008",TRUE,""
"Asia_130","Asi-SHIYAT.PAGES2k.2013_Asia_130","Asi-SHIYAT.PAGES2k.2013","Wood","ring width","trsgi","unitless",39.83,71.5,"Asia_130",TRUE,TRUE,TRUE,TRUE,"Asia_130",TRUE,""
"NAm_2632","NAm-GalenaPassSawtooth.Briffa.1996_NAm_2632","NAm-GalenaPassSawtooth.Briffa.1996","Wood","maximum latewood density","MXD",NA,43.9,-114.7,"NAm_2632",TRUE,TRUE,TRUE,TRUE,"NAm_2632",TRUE,""
"NAm_3124","NAm-BarlowPassamMtHood.Briffa.1996_NAm_3124","NAm-BarlowPassamMtHood.Briffa.1996","Wood","maximum latewood density","MXD",NA,45.3,-121.7,"NAm_3124",TRUE,TRUE,TRUE,TRUE,"NAm_3124",TRUE,""
"Aus_067","Aus-StewartIsland.D'Arrigo.1996_Aus_067","Aus-StewartIsland.D'Arrigo.1996","Wood","ring width","trsgi","unitless",-47,167.8,"Aus_067",TRUE,TRUE,TRUE,TRUE,"Aus_067",TRUE,"length"
"Arc_037","Arc-VoeringPlateau.Berner.2011_Arc_037","Arc-VoeringPlateau.Berner.2011","MarineSediment","diatom","temperature","degC",66.97,7.64,"Arc_037",TRUE,TRUE,TRUE,TRUE,"Arc_037",TRUE,"resolution"
"LPDefb3d2b0","Ocn-GreatBahamaBank.Richter.2006_LPDefb3d2b0","Ocn-GreatBahamaBank.Richter.2006","MarineSediment","Mg/Ca","temperature","degC",24.58,-79.26,"LPDefb3d2b0",TRUE,TRUE,TRUE,TRUE,"LPDefb3d2b0",TRUE,"resolution;calibration"
"NAm_2752","NAm-HighlandFireOutlook.Briffa.1996_NAm_2752","NAm-HighlandFireOutlook.Briffa.1996","Wood","maximum latewood density","MXD",NA,45.8,-112.5,"NAm_2752",TRUE,TRUE,TRUE,TRUE,"NAm_2752",TRUE,""
"NAm_2740","NAm-HighlandFireOutlook.Briffa.1996_NAm_2740","NAm-HighlandFireOutlook.Briffa.1996","Wood","ring width","trsgi","unitless",45.8,-112.5,"NAm_2740",TRUE,TRUE,TRUE,TRUE,"NAm_2740",TRUE,""
"Arc_041","Arc-ScreamingLynxLake.Clegg.2011_Arc_041","Arc-ScreamingLynxLake.Clegg.2011","LakeSediment","chironomid","temperature","degC",66.07,-145.4,"Arc_041",TRUE,TRUE,TRUE,TRUE,"Arc_041",TRUE,"resolution;calibration"
"Arc_033","Arc-Crete.Vinther.2010_Arc_033","Arc-Crete.Vinther.2010","GlacierIce","d18O","d18O","permil",71.12,-37.32,"Arc_033",TRUE,TRUE,TRUE,TRUE,"Arc_033",TRUE,""
"Ocean2kHR_102","Ocn-NorthEastBreakers_Bermuda.Kuhnert.2002_Ocean2kHR_102","Ocn-NorthEastBreakers_Bermuda.Kuhnert.2002","Coral","d18O","d18O","permil",32.47,-64.7,"Ocean2kHR_102",TRUE,TRUE,TRUE,TRUE,"Ocean2kHR_102",TRUE,"calibration"
"Asia_027","Asi-BT003.Cook.2010_Asia_027","Asi-BT003.Cook.2010","Wood","ring width","trsgi","unitless",27.7,90.77,"Asia_027",TRUE,TRUE,TRUE,TRUE,"Asia_027",TRUE,""
"NAm_1744","NAm-IttyhaukBay.D'Arrigo.2011_NAm_1744","NAm-IttyhaukBay.D'Arrigo.2011","Wood","ring width","trsgi","unitless",56,-61,"NAm_1744",TRUE,TRUE,TRUE,TRUE,"NAm_1744",TRUE,""
"NAm_2128","NAm-CardinalDivide.Luckman.2001_NAm_2128","NAm-CardinalDivide.Luckman.2001","Wood","ring width","trsgi","unitless",52.9,-117.3,"NAm_2128",TRUE,TRUE,TRUE,TRUE,"NAm_2128",TRUE,""
"Arc_078","Arc-Kongressvatnet.D'Andrea.2012_Arc_078","Arc-Kongressvatnet.D'Andrea.2012","LakeSediment","alkenone","temperature","degC",78.0217,13.9311,"Arc_078",TRUE,TRUE,TRUE,TRUE,"Arc_078",TRUE,"resolution;calibration"
"NAm_2464","NAm-RedMountainPassSilverton.Graybill.1994_NAm_2464","NAm-RedMountainPassSilverton.Graybill.1994","Wood","maximum latewood density","MXD",NA,37.9,-107.7,"NAm_2464",TRUE,TRUE,TRUE,TRUE,"NAm_2464",TRUE,""
"Asia_116","Asi-JAPA012.Yasue.1997_Asia_116","Asi-JAPA012.Yasue.1997","Wood","ring width","trsgi","unitless",44.95,142.12,"Asia_116",TRUE,TRUE,TRUE,TRUE,"Asia_116",TRUE,""
"NAm_640","NAm-CirquePeak.Graybill.1995_NAm_640","NAm-CirquePeak.Graybill.1995","Wood","ring width","trsgi","unitless",36.3,-118.2,"NAm_640",TRUE,TRUE,TRUE,TRUE,"NAm_640",TRUE,""
"Arc_011","Arc-GISP2.Grootes.1997_Arc_011","Arc-GISP2.Grootes.1997","GlacierIce","d18O","d18O","permil",72.1,-38.08,"Arc_011",TRUE,TRUE,TRUE,TRUE,"Arc_011",TRUE,""
"Arc_024","Arc-LakeDonardBaffinIsland.Moore.2001_Arc_024","Arc-LakeDonardBaffinIsland.Moore.2001","LakeSediment","varve thickness","thickness","mm",66.73,-61.35,"Arc_024",TRUE,TRUE,TRUE,TRUE,"Arc_024",TRUE,""
"Asia_196","Asi-PAKI007.Esper.2007_Asia_196","Asi-PAKI007.Esper.2007","Wood","ring width","trsgi","unitless",36.33,74.03,"Asia_196",TRUE,TRUE,TRUE,TRUE,"Asia_196",TRUE,""
"Asia_205","Asi-PAKI012.Esper.2007_Asia_205","Asi-PAKI012.Esper.2007","Wood","ring width","trsgi","unitless",36.58,75.08,"Asia_205",TRUE,TRUE,TRUE,TRUE,"Asia_205",TRUE,""
"NAm_1828","NAm-Manitoba.D'Arrigo.2006_NAm_1828","NAm-Manitoba.D'Arrigo.2006","Wood","ring width","trsgi","unitless",58,-94,"NAm_1828",TRUE,TRUE,TRUE,TRUE,"NAm_1828",TRUE,""
"Aus_071","Aus-TakapariCedar.Xiong.2000_Aus_071","Aus-TakapariCedar.Xiong.2000","Wood","ring width","trsgi","unitless",-40.07,175.98,"Aus_071",TRUE,TRUE,TRUE,TRUE,"Aus_071",TRUE,""
"NAm_3865","NAm-GreenLake.Menounos.2006_NAm_3865","NAm-GreenLake.Menounos.2006","LakeSediment","varve thickness","thickness",NA,50.2,-122.9,"NAm_3865",TRUE,TRUE,TRUE,TRUE,"NAm_3865",TRUE,""
"NAm_232","NAm-AlmondButterLower.D'Arrigo.2005_NAm_232","NAm-AlmondButterLower.D'Arrigo.2005","Wood","ring width","trsgi","unitless",65.2,-162.2,"NAm_232",TRUE,TRUE,TRUE,TRUE,"NAm_232",TRUE,""
"LPDb17a5e9e-dup","Ocn-RAPiD-12-1K.Thornalley.2009_LPDb17a5e9e-dup","Ocn-RAPiD-12-1K.Thornalley.2009","MarineSediment","Mg/Ca","temperature","degC",62.08,-17.82,"LPDb17a5e9e-dup",TRUE,TRUE,TRUE,TRUE,"LPDb17a5e9e-dup",TRUE,"resolution;calibration"
"Asia_163","Asi-MONG011.Jacoby.2006_Asia_163","Asi-MONG011.Jacoby.2006","Wood","ring width","trsgi","unitless",48.13,100.27,"Asia_163",TRUE,TRUE,TRUE,TRUE,"Asia_163",TRUE,""
"Asia_104","Asi-INDI015.Borgaonkar.2013_Asia_104","Asi-INDI015.Borgaonkar.2013","Wood","ring width","trsgi","unitless",31.2,77.23,"Asia_104",TRUE,TRUE,TRUE,TRUE,"Asia_104",TRUE,""
"Asia_170","Asi-NEPA015.Krusic.2013_Asia_170","Asi-NEPA015.Krusic.2013","Wood","ring width","trsgi","unitless",28.38,83.7,"Asia_170",TRUE,TRUE,TRUE,TRUE,"Asia_170",TRUE,""
"Arc_043","Arc-DevonIceCap.Fisher.1983_Arc_043","Arc-DevonIceCap.Fisher.1983","GlacierIce","d18O","d18O","permil",75.33,-82.5,"Arc_043",TRUE,TRUE,TRUE,TRUE,"Arc_043",TRUE,"resolution"
"Ocean2kHR_025","Ocn-HoutmanAbrolhosHAB05B.Zinke.2014_Ocean2kHR_025","Ocn-HoutmanAbrolhosHAB05B.Zinke.2014","Coral","Sr/Ca","Sr/Ca","mmol/mol",-28.4609,113.772,"Ocean2kHR_025",TRUE,TRUE,TRUE,TRUE,"Ocean2kHR_025",TRUE,""
"Eur_010","Eur-CoastofPortugal.Abrantes.2011_Eur_010","Eur-CoastofPortugal.Abrantes.2011","LakeSediment","alkenone","temperature","degC",41.1,-8.9,"Eur_010",TRUE,TRUE,TRUE,TRUE,"Eur_010",TRUE,"resolution;calibration"
"Asia_033","Asi-BT010.Cook.2010_Asia_033","Asi-BT010.Cook.2010","Wood","ring width","trsgi","unitless",27.25,89.38,"Asia_033",TRUE,TRUE,TRUE,TRUE,"Asia_033",TRUE,""
"Arc_049","Arc-LakePieni-Kauro.Luoto.2010_Arc_049","Arc-LakePieni-Kauro.Luoto.2010","LakeSediment","chironomid","temperature","degC",64.28,30.12,"Arc_049",TRUE,TRUE,TRUE,TRUE,"Arc_049",TRUE,"resolution;calibration"
"NAm_2116","NAm-BowSummit-PeytoLake.Luckman.2005_NAm_2116","NAm-BowSummit-PeytoLake.Luckman.2005","Wood","ring width","trsgi","unitless",51.7,-116.5,"NAm_2116",TRUE,TRUE,TRUE,TRUE,"NAm_2116",TRUE,""
"NAm_3819","NAm-LittlePineLake.Gajewski.1988_NAm_3819","NAm-LittlePineLake.Gajewski.1988","LakeSediment","pollen","temperature","degC",45.3,-91.5,"NAm_3819",TRUE,TRUE,TRUE,TRUE,"NAm_3819",TRUE,"resolution;calibration"
"Asia_335","Asi-SO90-39KG_SO130-275KL.Munz.2015_Asia_335","Asi-SO90-39KG_SO130-275KL.Munz.2015","MarineSediment","foraminifera","temperature","degC",24.8333,65.9167,"Asia_335",TRUE,TRUE,TRUE,TRUE,"Asia_335",TRUE,"resolution;calibration"
"LPDe51d17e8","Ocn-CariacoBasin.Black.2007_LPDe51d17e8","Ocn-CariacoBasin.Black.2007","MarineSediment","Mg/Ca","temperature","degC",10.77,-64.77,"LPDe51d17e8",TRUE,TRUE,TRUE,TRUE,"LPDe51d17e8",TRUE,"resolution"
"Asia_235","Asi-KunashirIsland.Demezhko.2009_Asia_235","Asi-KunashirIsland.Demezhko.2009","Other","multiproxy","temperature","degC",43.955,145.725,"Asia_235",TRUE,TRUE,TRUE,TRUE,"Asia_235",TRUE,"ptype"
"SAm_010","SAm-CentralAndes15.Neukom.2014_SAm_010","SAm-CentralAndes15.Neukom.2014","Wood","ring width","trsgi","unitless",-41.17,-71.92,"SAm_010",TRUE,TRUE,TRUE,TRUE,"SAm_010",TRUE,""
"Asia_038","Asi-CHIN020.Li.2010_Asia_038","Asi-CHIN020.Li.2010","Wood","ring width","trsgi","unitless",30.23,100.27,"Asia_038",TRUE,TRUE,TRUE,TRUE,"Asia_038",TRUE,""
"Asia_101","Asi-INDO005.D'Arrigo.2010_Asia_101","Asi-INDO005.D'Arrigo.2010","Wood","ring width","trsgi","unitless",-5.5,122.8,"Asia_101",TRUE,TRUE,TRUE,TRUE,"Asia_101",TRUE,""
"Asia_223","Asi-CHIN045.Brauning.2013_Asia_223","Asi-CHIN045.Brauning.2013","Wood","ring width","trsgi","unitless",29.62,94.67,"Asia_223",TRUE,TRUE,TRUE,TRUE,"Asia_223",TRUE,""
"LPDasan2012","Ocn-AlboranSea384B.Nieto-Moreno.2013_LPDasan2012","Ocn-AlboranSea384B.Nieto-Moreno.2013","MarineSediment","alkenone","temperature","degC",35.986,-4.7496,"LPDasan2012",TRUE,TRUE,TRUE,TRUE,"LPDasan2012",TRUE,"resolution;calibration"
"Ant_035","Ant-TaylorDome.Steig.2000_Ant_035","Ant-TaylorDome.Steig.2000","GlacierIce","d18O","d18O","permil",-77.78,158.72,"Ant_035",TRUE,TRUE,TRUE,TRUE,"Ant_035",TRUE,"resolution"
"Ocean2kHR_157","Ocn-SavusavuBay1F.Linsley.2006_Ocean2kHR_157","Ocn-SavusavuBay1F.Linsley.2006","Coral","d18O","d18O","permil",-16.8167,179.2333,"Ocean2kHR_157",TRUE,TRUE,TRUE,TRUE,"Ocean2kHR_157",TRUE,""
"Ocean2kHR_158","Ocn-SavusavuBay1F.Linsley.2006_Ocean2kHR_158","Ocn-SavusavuBay1F.Linsley.2006","Coral","Sr/Ca","Sr/Ca","mmol/mol",-16.8167,179.2333,"Ocean2kHR_158",TRUE,TRUE,TRUE,TRUE,"Ocean2kHR_158",TRUE,""
"Ocean2kHR_154","Ocn-Vanuatu.Gorman.2012_Ocean2kHR_154","Ocn-Vanuatu.Gorman.2012","Coral","d18O","d18O","permil",-15.94,166.04,"Ocean2kHR_154",TRUE,TRUE,TRUE,TRUE,"Ocean2kHR_154",TRUE,""
"Asia_070","Asi-CHIN017.Li.2010_Asia_070","Asi-CHIN017.Li.2010","Wood","ring width","trsgi","unitless",28.9,99.75,"Asia_070",TRUE,TRUE,TRUE,TRUE,"Asia_070",TRUE,""
"Asia_143","Asi-MONG019.Jacoby.2010_Asia_143","Asi-MONG019.Jacoby.2010","Wood","ring width","trsgi","unitless",47.1,90.97,"Asia_143",TRUE,TRUE,TRUE,TRUE,"Asia_143",TRUE,""
"NAm_3352","NAm-GraniteMountain.Graumlich.2003_NAm_3352","NAm-GraniteMountain.Graumlich.2003","Wood","ring width","trsgi","unitless",47.3,-121.3,"NAm_3352",TRUE,TRUE,TRUE,TRUE,"NAm_3352",TRUE,""
"Asia_081","Asi-CHIN039.Fan.2013_Asia_081","Asi-CHIN039.Fan.2013","Wood","ring width","trsgi","unitless",28.03,99.02,"Asia_081",TRUE,TRUE,TRUE,TRUE,"Asia_081",TRUE,""
"NPMlaanila2","Arc-Laanila.Lindholm.2013_NPMlaanila2","Arc-Laanila.Lindholm.2013","Wood","maximum latewood density","MXD","unitless",68.4917,27.3333,"NPMlaanila2",TRUE,TRUE,TRUE,TRUE,"NPMlaanila2",TRUE,""
"Asia_149","Asi-MONG024.Jacoby.2010_Asia_149","Asi-MONG024.Jacoby.2010","Wood","ring width","trsgi","unitless",48.5,88.5,"Asia_149",TRUE,TRUE,TRUE,TRUE,"Asia_149",TRUE,""
"NAm_2092","NAm-Bennington.Luckman.2001_NAm_2092","NAm-Bennington.Luckman.2001","Wood","ring width","trsgi","unitless",52.7,-118.3,"NAm_2092",TRUE,TRUE,TRUE,TRUE,"NAm_2092",TRUE,""
"Arc_005","Arc-CampCentury.Fisher.1969_Arc_005","Arc-CampCentury.Fisher.1969","GlacierIce","d18O","d18O","permil",77.17,-61.13,"Arc_005",TRUE,TRUE,TRUE,TRUE,"Arc_005",TRUE,""
"NAm_760","NAm-YosemiteParkEEingang.Briffa.1996_NAm_760","NAm-YosemiteParkEEingang.Briffa.1996","Wood","maximum latewood density","MXD",NA,37.8,-119.3,"NAm_760",TRUE,TRUE,TRUE,TRUE,"NAm_760",TRUE,""
"LPD84ab67b9","Ocn-CapeGhir.McGregor.2007_LPD84ab67b9","Ocn-CapeGhir.McGregor.2007","MarineSediment","alkenone","temperature","degC",30.845,-10.0983,"LPD84ab67b9",TRUE,TRUE,TRUE,TRUE,"LPD84ab67b9",TRUE,"resolution"
"Asia_063","Asi-SANGTS.PAGES2k.2013_Asia_063","Asi-SANGTS.PAGES2k.2013","Wood","ring width","trsgi","unitless",33.65,107.8,"Asia_063",TRUE,TRUE,TRUE,TRUE,"Asia_063",TRUE,""
"Asia_020","Asi-UKHLWW.Schweingruber.2002_Asia_020","Asi-UKHLWW.Schweingruber.2002","Wood","ring width","trsgi","unitless",50.15,85.37,"Asia_020",TRUE,TRUE,TRUE,TRUE,"Asia_020",TRUE,""
"Arc_079","Arc-LakeE.D'Andrea.2011_Arc_079","Arc-LakeE.D'Andrea.2011","LakeSediment","alkenone","temperature","degC",67,-50.7,"Arc_079",TRUE,TRUE,TRUE,TRUE,"Arc_079",TRUE,"resolution;calibration"
"Arc_053","Arc-StoreggaSlide.Sejrup.2011_Arc_053","Arc-StoreggaSlide.Sejrup.2011","MarineSediment","d18O","d18O","permil",63.76,5.26,"Arc_053",TRUE,TRUE,TRUE,TRUE,"Arc_053",TRUE,"resolution"
"can1101","SAm-CentralAndes11.PAGES2k.2011_can1101","SAm-CentralAndes11.PAGES2k.2011","Wood","ring width","trsgi","unitless",-40.1,-72.05,"can1101",TRUE,TRUE,TRUE,TRUE,"can1101",TRUE,""
"O2kLR_017","Ocn-GarrisonBasin.Richey.2009_O2kLR_017","Ocn-GarrisonBasin.Richey.2009","MarineSediment","Mg/Ca","temperature","degC",26.68,-93.93,"O2kLR_017",TRUE,TRUE,TRUE,TRUE,"O2kLR_017",TRUE,"resolution;calibration"
"Asia_057","Asi-TDBXJP.PAGES2k.2013_Asia_057","Asi-TDBXJP.PAGES2k.2013","Wood","ring width","trsgi","unitless",34.78,100.82,"Asia_057",TRUE,TRUE,TRUE,TRUE,"Asia_057",TRUE,""
"Arc_020","Arc-LakeC2.Lamoureux.1996_Arc_020","Arc-LakeC2.Lamoureux.1996","LakeSediment","varve thickness","thickness","mm",82.83,-77.9,"Arc_020",TRUE,TRUE,TRUE,TRUE,"Arc_020",TRUE,""
"Asia_199","Asi-PAKI028.Cook.2013_Asia_199","Asi-PAKI028.Cook.2013","Wood","ring width","trsgi","unitless",35.4,74.12,"Asia_199",TRUE,TRUE,TRUE,TRUE,"Asia_199",TRUE,""
"Asia_110","Asi-RUSS219.Jacoby.2010_Asia_110","Asi-RUSS219.Jacoby.2010","Wood","ring width","trsgi","unitless",43.88,145.6,"Asia_110",TRUE,TRUE,TRUE,TRUE,"Asia_110",TRUE,""
"Asia_010","Asi-AltaiUlaganValley.Cook.2011_Asia_010","Asi-AltaiUlaganValley.Cook.2011","Wood","ring width","trsgi","unitless",50.68,87.97,"Asia_010",TRUE,TRUE,TRUE,TRUE,"Asia_010",TRUE,""
"Arc_028","Arc-NGTB21.Schwager.1998_Arc_028","Arc-NGTB21.Schwager.1998","GlacierIce","d18O","d18O","permil",80,-41.14,"Arc_028",TRUE,TRUE,TRUE,TRUE,"Arc_028",TRUE,""
"Arc_048","Arc-LakeHamptraesk.Luoto.2009_Arc_048","Arc-LakeHamptraesk.Luoto.2009","LakeSediment","chironomid","temperature","degC",60.28,25.42,"Arc_048",TRUE,TRUE,TRUE,TRUE,"Arc_048",TRUE,"resolution;calibration"
"Asia_120","Asi-JAPA019.Sano.2013_Asia_120","Asi-JAPA019.Sano.2013","Wood","ring width","trsgi","unitless",33.73,133.12,"Asia_120",TRUE,TRUE,TRUE,TRUE,"Asia_120",TRUE,""
"Eur_020","Eur-SpanishPyrenees.Dorado-Linan.2012_Eur_020","Eur-SpanishPyrenees.Dorado-Linan.2012","Wood","ring width","trsgi","unitless",42.5,1,"Eur_020",TRUE,TRUE,TRUE,TRUE,"Eur_020",TRUE,""
"NAm_1420","NAm-TwistedTreeHeartrotHill.Jacoby.1989_NAm_1420","NAm-TwistedTreeHeartrotHill.Jacoby.1989","Wood","ring width","trsgi","unitless",65,-138.3,"NAm_1420",TRUE,TRUE,TRUE,TRUE,"NAm_1420",TRUE,""
"Asia_177","Asi-NEPA036.Krusic.2013_Asia_177","Asi-NEPA036.Krusic.2013","Wood","ring width","trsgi","unitless",27.73,87.2,"Asia_177",TRUE,TRUE,TRUE,TRUE,"Asia_177",TRUE,""
"NAm_940","NAm-SpruceCreek.Church.1981_NAm_940","NAm-SpruceCreek.Church.1981","Wood","ring width","trsgi","unitless",68.6,-138.6,"NAm_940",TRUE,TRUE,TRUE,TRUE,"NAm_940",TRUE,""
"Asia_043","Asi-DEZQIN.PAGES2k.2013_Asia_043","Asi-DEZQIN.PAGES2k.2013","Wood","ring width","trsgi","unitless",34.75,100.82,"Asia_043",TRUE,TRUE,TRUE,TRUE,"Asia_043",TRUE,""
"Asia_028","Asi-BT004.Cook.2010_Asia_028","Asi-BT004.Cook.2010","Wood","ring width","trsgi","unitless",27.7,90.68,"Asia_028",TRUE,TRUE,TRUE,TRUE,"Asia_028",TRUE,""
"Arc_029_varvethickness","Arc-BigRoundLake.Thomas.2009_Arc_029_varvethickness","Arc-BigRoundLake.Thomas.2009","LakeSediment","varve thickness","varveThickness","mm",69.87,-68.83,"Arc_029_varvethickness",TRUE,TRUE,TRUE,TRUE,"Arc_029_varvethickness",TRUE,""
"Eur_005","Eur-FinnishLakelands.Helama.2014_Eur_005","Eur-FinnishLakelands.Helama.2014","Wood","maximum latewood density","temperature","degC",62,28.325,"Eur_005",TRUE,TRUE,TRUE,TRUE,"Eur_005",TRUE,""
"Eur_007","Eur-Seebergsee.Larocque-Tobler.2012_Eur_007","Eur-Seebergsee.Larocque-Tobler.2012","LakeSediment","chironomid","temperature","degC",46.15,7.5,"Eur_007",TRUE,TRUE,TRUE,TRUE,"Eur_007",TRUE,""
"Asia_195","Asi-PAKI006.Esper.2007_Asia_195","Asi-PAKI006.Esper.2007","Wood","ring width","trsgi","unitless",36.33,74.03,"Asia_195",TRUE,TRUE,TRUE,TRUE,"Asia_195",TRUE,""
"Ocean2kHR_159","Ocn-HaferaIsland.Wu.2013_Ocean2kHR_159","Ocn-HaferaIsland.Wu.2013","Coral","Sr/Ca","Sr/Ca","mmol/mol",-19.9333,-174.7167,"Ocean2kHR_159",TRUE,TRUE,TRUE,TRUE,"Ocean2kHR_159",TRUE,""
"Arc_045","Arc-MD992275.Jiang.2005_Arc_045","Arc-MD992275.Jiang.2005","MarineSediment","diatom","temperature","degC",66.55,-17.7,"Arc_045",TRUE,TRUE,TRUE,TRUE,"Arc_045",TRUE,"resolution;calibration"
"Eur_014","Eur-NorthernScandinavia.Esper.2012_Eur_014","Eur-NorthernScandinavia.Esper.2012","Wood","maximum latewood density","MXD",NA,68,25,"Eur_014",TRUE,TRUE,TRUE,TRUE,"Eur_014",TRUE,""
"Asia_068","Asi-ZHIDJP.Shao.2003_Asia_068","Asi-ZHIDJP.Shao.2003","Wood","ring width","trsgi","unitless",33.72,96.28,"Asia_068",TRUE,TRUE,TRUE,TRUE,"Asia_068",TRUE,""
"NAm_2824","NAm-Pintlers.Littell.2011_NAm_2824","NAm-Pintlers.Littell.2011","Wood","ring width","trsgi","unitless",46,-113.4,"NAm_2824",TRUE,TRUE,TRUE,TRUE,"NAm_2824",TRUE,""
"NAm_460","NAm-SewardComposite.D'Arrigo.2006_NAm_460","NAm-SewardComposite.D'Arrigo.2006","Wood","maximum latewood density","MXD",NA,65.2,-162.3,"NAm_460",TRUE,TRUE,TRUE,TRUE,"NAm_460",TRUE,""
"NAm_448","NAm-SewardComposite.D'Arrigo.2006_NAm_448","NAm-SewardComposite.D'Arrigo.2006","Wood","ring width","trsgi","unitless",65.2,-162.3,"NAm_448",TRUE,TRUE,TRUE,TRUE,"NAm_448",TRUE,""
"Asia_106","Asi-KERALA.PAGES2k.2013_Asia_106","Asi-KERALA.PAGES2k.2013","Wood","ring width","trsgi","unitless",10,76.67,"Asia_106",TRUE,TRUE,TRUE,TRUE,"Asia_106",TRUE,""
"Asia_112","Asi-JAPA013.Yasue.1997_Asia_112","Asi-JAPA013.Yasue.1997","Wood","ring width","trsgi","unitless",44.35,142.18,"Asia_112",TRUE,TRUE,TRUE,TRUE,"Asia_112",TRUE,""
"NAm_064","NAm-HerringAlpine.Fritts.1995_NAm_064","NAm-HerringAlpine.Fritts.1995","Wood","ring width","trsgi","unitless",60.4,-147.8,"NAm_064",TRUE,TRUE,TRUE,TRUE,"NAm_064",TRUE,""
"Arc_007","Arc-GulfofAlaska.Wilson.2014_Arc_007","Arc-GulfofAlaska.Wilson.2014","Wood","ring width","temperature","degC",61.03,-146.59,"Arc_007",TRUE,TRUE,TRUE,TRUE,"Arc_007",TRUE,""
"O2kLR_135","Ocn-MakassarStrait.Linsley.2010_O2kLR_135","Ocn-MakassarStrait.Linsley.2010","MarineSediment","Mg/Ca","temperature","degC",-7.4,115.2,"O2kLR_135",TRUE,TRUE,TRUE,TRUE,"O2kLR_135",TRUE,"resolution;calibration"
"Asia_202","Asi-PAKI009.Esper.2007_Asia_202","Asi-PAKI009.Esper.2007","Wood","ring width","trsgi","unitless",36.58,75.08,"Asia_202",TRUE,TRUE,TRUE,TRUE,"Asia_202",TRUE,""
"NAm_3412","NAm-HartsPassN2.Peterson.1994_NAm_3412","NAm-HartsPassN2.Peterson.1994","Wood","ring width","trsgi","unitless",48.7,-120.7,"NAm_3412",TRUE,TRUE,TRUE,TRUE,"NAm_3412",TRUE,""
"Arc_004","Arc-LowerMurrayLake.Cook.2008_Arc_004","Arc-LowerMurrayLake.Cook.2008","LakeSediment","accumulation rate","MAR","g/cm2/yr",81.35,-69.53,"Arc_004",TRUE,TRUE,TRUE,TRUE,"Arc_004",TRUE,""
"Asia_045","Asi-HEBQIN.PAGES2k.2013_Asia_045","Asi-HEBQIN.PAGES2k.2013","Wood","ring width","trsgi","unitless",34.73,100.78,"Asia_045",TRUE,TRUE,TRUE,TRUE,"Asia_045",TRUE,""
"Arc_057","Arc-Kittelfjall.Bjorklund.2012_Arc_057","Arc-Kittelfjall.Bjorklund.2012","Wood","maximum latewood density","density",NA,65.2,15.5,"Arc_057",TRUE,TRUE,TRUE,TRUE,"Arc_057",TRUE,""
"Ocean2kHR_131","Ocn-PuntaMaroma.Vasquez-Bedoya.2012_Ocean2kHR_131","Ocn-PuntaMaroma.Vasquez-Bedoya.2012","Coral","calcification rate","calcificationRate","mm/yr",20.83,-86.74,"Ocean2kHR_131",TRUE,TRUE,TRUE,TRUE,"Ocean2kHR_131",TRUE,""
"NAm_148","NAm-EurekaSummit.Schweingruber.1996_NAm_148","NAm-EurekaSummit.Schweingruber.1996","Wood","ring width","trsgi","unitless",61.8,-147.3,"NAm_148",TRUE,TRUE,TRUE,TRUE,"NAm_148",TRUE,""
"NAm_160","NAm-EurekaSummit.Schweingruber.1996_NAm_160","NAm-EurekaSummit.Schweingruber.1996","Wood","maximum latewood density","MXD",NA,61.8,-147.3,"NAm_160",TRUE,TRUE,TRUE,TRUE,"NAm_160",TRUE,""
"Asia_318","Asi-EastChina.Wang.1998_Asia_318","Asi-EastChina.Wang.1998","Documents","historical","temperature","unitless",34,120,"Asia_318",TRUE,TRUE,TRUE,TRUE,"Asia_318",TRUE,"resolution;calibration"
"Asia_096","Asi-CHIN062.Shao.2013_Asia_096","Asi-CHIN062.Shao.2013","Wood","ring width","trsgi","unitless",37.03,98.67,"Asia_096",TRUE,TRUE,TRUE,TRUE,"Asia_096",TRUE,""
"Asia_012","Asi-UULEWW.Schweingruber.2002_Asia_012","Asi-UULEWW.Schweingruber.2002","Wood","ring width","trsgi","unitless",50.48,87.65,"Asia_012",TRUE,TRUE,TRUE,FALSE,"Asia_011",TRUE,""
"Ocean2kHR_138","Ocn-SecasIslandPanama.Linsley.1994_Ocean2kHR_138","Ocn-SecasIslandPanama.Linsley.1994","Coral","d18O","d18O","permil",7.95,-82,"Ocean2kHR_138",TRUE,TRUE,TRUE,TRUE,"Ocean2kHR_138",TRUE,""
"NAm_040","NAm-SanFrancisoPeaksUpdate.Graybill.2005_NAm_040","NAm-SanFrancisoPeaksUpdate.Graybill.2005","Wood","ring width","trsgi","unitless",35.3,-111.4,"NAm_040",TRUE,TRUE,TRUE,TRUE,"NAm_040",TRUE,""
"Asia_006","Asi-AltaiSamakhaSteppe.Cook.2011_Asia_006","Asi-AltaiSamakhaSteppe.Cook.2011","Wood","ring width","trsgi","unitless",49.72,87.28,"Asia_006",TRUE,TRUE,TRUE,TRUE,"Asia_006",TRUE,""
"Ant_026","Ant-TalosDome.Stenni.2002_Ant_026","Ant-TalosDome.Stenni.2002","GlacierIce","dD","d2H","permil",-72.8,159.06,"Ant_026",TRUE,TRUE,TRUE,TRUE,"Ant_026",TRUE,""
"Asia_164","Asi-MONG032.Jacoby.2010_Asia_164","Asi-MONG032.Jacoby.2010","Wood","ring width","trsgi","unitless",46.52,100.95,"Asia_164",TRUE,TRUE,TRUE,TRUE,"Asia_164",TRUE,""
"Eur_006","Eur-Stockholm.Leijonhufvud.2009_Eur_006","Eur-Stockholm.Leijonhufvud.2009","Documents","historical","temperature","degC",59.32,18.06,"Eur_006",TRUE,TRUE,TRUE,TRUE,"Eur_006",TRUE,""
"Arc_023","Arc-LenaRiver.McDonald.1998_Arc_023","Arc-LenaRiver.McDonald.1998","Wood","ring width","trsgi","unitless",70.67,125.87,"Arc_023",TRUE,TRUE,TRUE,TRUE,"Arc_023",TRUE,""
"NAm_2596","NAm-CameronPass.Bigler.2007_NAm_2596","NAm-CameronPass.Bigler.2007","Wood","ring width","trsgi","unitless",40.6,-105.8,"NAm_2596",TRUE,TRUE,TRUE,TRUE,"NAm_2596",TRUE,""
"Asia_056","Asi-TDAXJP.PAGES2k.2013_Asia_056","Asi-TDAXJP.PAGES2k.2013","Wood","ring width","trsgi","unitless",34.78,100.8,"Asia_056",TRUE,TRUE,TRUE,TRUE,"Asia_056",TRUE,""
"Asia_139","Asi-MONG016.Jacoby.2010_Asia_139","Asi-MONG016.Jacoby.2010","Wood","ring width","trsgi","unitless",48.6,88.37,"Asia_139",TRUE,TRUE,TRUE,TRUE,"Asia_139",TRUE,""
"Arc_089","Arc-AkademiiNaukIceCap.Opel.2013_Arc_089","Arc-AkademiiNaukIceCap.Opel.2013","GlacierIce","d18O","d18O","permil",80.52,94.82,"Arc_089",TRUE,TRUE,TRUE,TRUE,"Arc_089",TRUE,""
"Asia_062","Asi-CHIN004.Wu.2013_Asia_062","Asi-CHIN004.Wu.2013","Wood","ring width","trsgi","unitless",34.48,110.08,"Asia_062",TRUE,TRUE,TRUE,TRUE,"Asia_062",TRUE,""
"Asia_183","Asi-ESPPAK.PAGES2k.2013_Asia_183","Asi-ESPPAK.PAGES2k.2013","Wood","ring width","trsgi","unitless",35.17,75.5,"Asia_183",TRUE,TRUE,TRUE,TRUE,"Asia_183",TRUE,""
"NAm_976","NAm-PethaiPeninsula.Schweingruber.1996_NAm_976","NAm-PethaiPeninsula.Schweingruber.1996","Wood","maximum latewood density","MXD",NA,62.7,-111,"NAm_976",TRUE,TRUE,TRUE,TRUE,"NAm_976",TRUE,""
"Ocean2kHR_105","Ocn-NorthEastBreakers_Bermuda.Kuhnert.2005_Ocean2kHR_105","Ocn-NorthEastBreakers_Bermuda.Kuhnert.2005","Coral","d18O","d18O","permil",32.467,-64.7,"Ocean2kHR_105",TRUE,TRUE,TRUE,TRUE,"Ocean2kHR_105",TRUE,""
"Africa_001","Afr-ColdAirCave.Sundqvist.2013_Africa_001","Afr-ColdAirCave.Sundqvist.2013","Speleothem","d18O","d18O","permil",-24,29.18,"Africa_001",TRUE,TRUE,TRUE,TRUE,"Africa_001",TRUE,""
"NAm_3688","NAm-TogwateePass.Briffa.1996_NAm_3688","NAm-TogwateePass.Briffa.1996","Wood","ring width","trsgi","unitless",43.7,-110.1,"NAm_3688",TRUE,TRUE,TRUE,TRUE,"NAm_3688",TRUE,""
"NAm_3700","NAm-TogwateePass.Briffa.1996_NAm_3700","NAm-TogwateePass.Briffa.1996","Wood","maximum latewood density","MXD",NA,43.7,-110.1,"NAm_3700",TRUE,TRUE,TRUE,TRUE,"NAm_3700",TRUE,""
"NAm_2176","NAm-Hilda.Kavanagh.2000_NAm_2176","NAm-Hilda.Kavanagh.2000","Wood","ring width","trsgi","unitless",52.2,-117.2,"NAm_2176",TRUE,TRUE,TRUE,TRUE,"NAm_2176",TRUE,""
"NAm_2236","NAm-PyramidMountain.Luckman.2001_NAm_2236","NAm-PyramidMountain.Luckman.2001","Wood","ring width","trsgi","unitless",53,-118.2,"NAm_2236",TRUE,TRUE,TRUE,TRUE,"NAm_2236",TRUE,""
"Asia_186","Asi-PAKI001.Esper.2007_Asia_186","Asi-PAKI001.Esper.2007","Wood","ring width","trsgi","unitless",36.03,74.58,"Asia_186",TRUE,TRUE,TRUE,TRUE,"Asia_186",TRUE,""
"Asia_210","Asi-PAKI014.Esper.2007_Asia_210","Asi-PAKI014.Esper.2007","Wood","ring width","trsgi","unitless",35.17,75.5,"Asia_210",TRUE,TRUE,TRUE,TRUE,"Asia_210",TRUE,""
"Asia_100","Asi-CHIN066.Shao.2013_Asia_100","Asi-CHIN066.Shao.2013","Wood","ring width","trsgi","unitless",33.72,96.28,"Asia_100",TRUE,TRUE,TRUE,FALSE,"Asia_068",TRUE,""
"Ocean2kHR_125_iso2k","CO00DRBE_Ocean2kHR_125_iso2k","CO00DRBE","Coral","d18O","d18O","permil",32.3,-64.7,"Ocean2kHR_125_iso2k",TRUE,TRUE,TRUE,TRUE,"Ocean2kHR_125_iso2k",TRUE,"resolution;calibration"
"Ocean2kHR_128_iso2k","SS03HAJA_Ocean2kHR_128_iso2k","SS03HAJA","Sclerosponge","d18O","d18O","permil",18.47,-77.95,"Ocean2kHR_128_iso2k",TRUE,TRUE,TRUE,TRUE,"Ocean2kHR_128_iso2k",TRUE,"resolution"
"Ocean2kHR_011_iso2k","CO97CHSY_Ocean2kHR_011_iso2k","CO97CHSY","Coral","d18O","d18O","permil",-4.6062,55.4244,"Ocean2kHR_011_iso2k",TRUE,TRUE,TRUE,TRUE,"Ocean2kHR_011_iso2k",TRUE,""
"KA17RYU01_SrCa","KA17RYU01_KA17RYU01_SrCa","KA17RYU01","Coral","Sr/Ca","Sr/Ca","mmol/mol",28.3,130,"KA17RYU01_SrCa",TRUE,TRUE,TRUE,TRUE,"KA17RYU01_SrCa",TRUE,""
"FL17DTO02_SrCa","FL17DTO02_FL17DTO02_SrCa","FL17DTO02","Coral",NA,"Sr/Ca","mmol/mol",24.699,-82.799,"FL17DTO02_SrCa",TRUE,TRUE,TRUE,TRUE,"FL17DTO02_SrCa",TRUE,""
"BO14HTI01_SrCa","BO14HTI01_BO14HTI01_SrCa","BO14HTI01","Coral","Sr/Ca","Sr/Ca","mmol/mol",12.21,109.31,"BO14HTI01_SrCa",TRUE,TRUE,TRUE,TRUE,"BO14HTI01_SrCa",TRUE,""
"ZI04IFR01_SrCa","ZI04IFR01_ZI04IFR01_SrCa","ZI04IFR01","Coral","Sr/Ca","Sr/Ca","mmol/mol",-23.15,43.58,"ZI04IFR01_SrCa",TRUE,TRUE,TRUE,TRUE,"ZI04IFR01_SrCa",TRUE,""
"SA16CLA01_d18O","SA16CLA01_SA16CLA01_d18O","SA16CLA01","Coral","d18O","d18O","permil",18.4,-114.7,"SA16CLA01_d18O",TRUE,TRUE,TRUE,TRUE,"SA16CLA01_d18O",TRUE,""
"AB20MEN03_d18O","AB20MEN03_AB20MEN03_d18O","AB20MEN03","Coral","d18O","d18O","permil",-3.126,100.309,"AB20MEN03_d18O",TRUE,TRUE,TRUE,TRUE,"AB20MEN03_d18O",TRUE,"length;calibration"
"AB20MEN02_d18O","AB20MEN02_AB20MEN02_d18O","AB20MEN02","Coral","d18O","d18O","permil",-2.37,99.745,"AB20MEN02_d18O",TRUE,TRUE,TRUE,TRUE,"AB20MEN02_d18O",TRUE,"length;calibration"
"AB20MEN06_d18O","AB20MEN06_AB20MEN06_d18O","AB20MEN06","Coral","d18O","d18O","permil",-3.0366,100.2307,"AB20MEN06_d18O",TRUE,TRUE,TRUE,TRUE,"AB20MEN06_d18O",TRUE,"calibration"
"AB20MEN07_d18O","AB20MEN07_AB20MEN07_d18O","AB20MEN07","Coral","d18O","d18O","permil",-3.1261,100.3097,"AB20MEN07_d18O",TRUE,TRUE,TRUE,TRUE,"AB20MEN07_d18O",TRUE,"length;calibration"
"DR00NBB01_d18O","DR00NBB01_DR00NBB01_d18O","DR00NBB01","Coral","d18O","d18O","permil",32.5,-64.7,"DR00NBB01_d18O",TRUE,TRUE,TRUE,TRUE,"DR00NBB01_d18O",TRUE,"resolution;calibration"
"ZI16ROD01_SrCa","ZI16ROD01_ZI16ROD01_SrCa","ZI16ROD01","Coral",NA,"Sr/Ca","mmol/mol",-19.671,63.429,"ZI16ROD01_SrCa",TRUE,TRUE,TRUE,TRUE,"ZI16ROD01_SrCa",TRUE,""
"AB20MEN05_d18O","AB20MEN05_AB20MEN05_d18O","AB20MEN05","Coral","d18O","d18O","permil",-3.037,100.231,"AB20MEN05_d18O",TRUE,TRUE,TRUE,TRUE,"AB20MEN05_d18O",TRUE,"calibration"
"HE13MIS01_d18O","HE13MIS01_HE13MIS01_d18O","HE13MIS01","Coral","d18O","d18O","permil",-10.69,152.81,"HE13MIS01_d18O",TRUE,TRUE,TRUE,TRUE,"HE13MIS01_d18O",TRUE,"calibration"
"HE13MIS01_SrCa","HE13MIS01_HE13MIS01_SrCa","HE13MIS01","Coral","Sr/Ca","Sr/Ca","mmol/mol",-10.69,152.81,"HE13MIS01_SrCa",TRUE,TRUE,TRUE,TRUE,"HE13MIS01_SrCa",TRUE,"calibration"
"AB20MEN04_d18O","AB20MEN04_AB20MEN04_d18O","AB20MEN04","Coral","d18O","d18O","permil",-2.752,99.995,"AB20MEN04_d18O",TRUE,TRUE,TRUE,TRUE,"AB20MEN04_d18O",TRUE,"length;calibration"
"RA20TAI01_SrCa","RA20TAI01_RA20TAI01_SrCa","RA20TAI01","Coral","Sr/Ca","Sr/Ca","mmol/mol",21.9,120.7,"RA20TAI01_SrCa",TRUE,TRUE,TRUE,TRUE,"RA20TAI01_SrCa",TRUE,""
"RA20TAI01_d18O","RA20TAI01_RA20TAI01_d18O","RA20TAI01","Coral","d18O","d18O","permil",21.9,120.7,"RA20TAI01_d18O",TRUE,TRUE,TRUE,TRUE,"RA20TAI01_d18O",TRUE,""
"TA18TAS01_d18O","TA18TAS01_TA18TAS01_d18O","TA18TAS01","Coral","d18O","d18O","permil",-14.27,-169.5,"TA18TAS01_d18O",TRUE,TRUE,TRUE,TRUE,"TA18TAS01_d18O",TRUE,""
"LI04FIJ01_d18O","LI04FIJ01_LI04FIJ01_d18O","LI04FIJ01","Coral","d18O","d18O","permil",-16.82,179.23,"LI04FIJ01_d18O",TRUE,TRUE,TRUE,TRUE,"LI04FIJ01_d18O",TRUE,""
"LI04FIJ01_SrCa","LI04FIJ01_LI04FIJ01_SrCa","LI04FIJ01","Coral","Sr/Ca","Sr/Ca","mmol/mol",-16.82,179.23,"LI04FIJ01_SrCa",TRUE,TRUE,TRUE,TRUE,"LI04FIJ01_SrCa",TRUE,""
"WU13TON01_d18O","WU13TON01_WU13TON01_d18O","WU13TON01","Coral","d18O","d18O","permil",-19.9333,-174.7167,"WU13TON01_d18O",TRUE,TRUE,TRUE,TRUE,"WU13TON01_d18O",TRUE,""
"RO19PAR01_SrCa","RO19PAR01_RO19PAR01_SrCa","RO19PAR01","Coral",NA,"Sr/Ca","mmol/mol",17.9368,-67.0184,"RO19PAR01_SrCa",TRUE,TRUE,TRUE,TRUE,"RO19PAR01_SrCa",TRUE,"resolution;calibration"
"CH97BVB01_d18O","CH97BVB01_CH97BVB01_d18O","CH97BVB01","Coral",NA,"d18O","permil",-4.6162,55.817,"CH97BVB01_d18O",TRUE,TRUE,TRUE,TRUE,"CH97BVB01_d18O",TRUE,""
"HE18COC01_d18O","HE18COC01_HE18COC01_d18O","HE18COC01","Coral","d18O","d18O","permil",-12.0875,96.8752,"HE18COC01_d18O",TRUE,TRUE,TRUE,TRUE,"HE18COC01_d18O",TRUE,""
"HE18COC01_SrCa","HE18COC01_HE18COC01_SrCa","HE18COC01","Coral","Sr/Ca","Sr/Ca","mmol/mol",-12.0875,96.8752,"HE18COC01_SrCa",TRUE,TRUE,TRUE,TRUE,"HE18COC01_SrCa",TRUE,""
"MU18NPI01_SrCa","MU18NPI01_MU18NPI01_SrCa","MU18NPI01","Coral","Sr/Ca","Sr/Ca","mmol/mol",-8.67,115.51,"MU18NPI01_SrCa",TRUE,TRUE,TRUE,TRUE,"MU18NPI01_SrCa",TRUE,""
"MU18NPI01_d18O","MU18NPI01_MU18NPI01_d18O","MU18NPI01","Coral","d18O","d18O","permil",-8.67,115.51,"MU18NPI01_d18O",TRUE,TRUE,TRUE,TRUE,"MU18NPI01_d18O",TRUE,""
"ZI15IMP02_SrCa","ZI15IMP02_ZI15IMP02_SrCa","ZI15IMP02","Coral",NA,"Sr/Ca","mmol/mol",-17.5196,118.969,"ZI15IMP02_SrCa",TRUE,TRUE,TRUE,TRUE,"ZI15IMP02_SrCa",TRUE,""
"KI14PAR01_SrCa","KI14PAR01_KI14PAR01_SrCa","KI14PAR01","Coral","Sr/Ca","Sr/Ca","mmol/mol",18,-67,"KI14PAR01_SrCa",TRUE,TRUE,TRUE,TRUE,"KI14PAR01_SrCa",TRUE,"calibration"
"KI14PAR01_d18O","KI14PAR01_KI14PAR01_d18O","KI14PAR01","Coral","d18O","d18O","permil",18,-67,"KI14PAR01_d18O",TRUE,TRUE,TRUE,TRUE,"KI14PAR01_d18O",TRUE,"calibration"
"ZI15IMP01_SrCa","ZI15IMP01_ZI15IMP01_SrCa","ZI15IMP01","Coral",NA,"Sr/Ca","mmol/mol",-17.5369,118.974,"ZI15IMP01_SrCa",TRUE,TRUE,TRUE,TRUE,"ZI15IMP01_SrCa",TRUE,""
"HE02GBR01_d18O","HE02GBR01_HE02GBR01_d18O","HE02GBR01","Coral","d18O","d18O","permil",-17.78,146.13,"HE02GBR01_d18O",TRUE,TRUE,TRUE,TRUE,"HE02GBR01_d18O",TRUE,"resolution"
"HE02GBR01_SrCa","HE02GBR01_HE02GBR01_SrCa","HE02GBR01","Coral","Sr/Ca","Sr/Ca","mmol/mol",-17.78,146.13,"HE02GBR01_SrCa",TRUE,TRUE,TRUE,TRUE,"HE02GBR01_SrCa",TRUE,"resolution"
"GO08BER01_SrCa","GO08BER01_GO08BER01_SrCa","GO08BER01","Coral","Sr/Ca","Sr/Ca","mmol/mol",32.33,-64.68,"GO08BER01_SrCa",TRUE,TRUE,TRUE,TRUE,"GO08BER01_SrCa",TRUE,""
"GO08BER01_d18O","GO08BER01_GO08BER01_d18O","GO08BER01","Coral","d18O","d18O","permil",32.33,-64.68,"GO08BER01_d18O",TRUE,TRUE,TRUE,TRUE,"GO08BER01_d18O",TRUE,""
"KI08PAR01_SrCa","KI08PAR01_KI08PAR01_SrCa","KI08PAR01","Coral","Sr/Ca","Sr/Ca","mmol/mol",17.93,-67,"KI08PAR01_SrCa",TRUE,TRUE,TRUE,FALSE,"Ocean2kHR_100",TRUE,""
"AB20MEN09_d18O","AB20MEN09_AB20MEN09_d18O","AB20MEN09","Coral","d18O","d18O","permil",-3.1259,100.3094,"AB20MEN09_d18O",TRUE,TRUE,TRUE,TRUE,"AB20MEN09_d18O",TRUE,"length;calibration"
"AB20MEN08_d18O","AB20MEN08_AB20MEN08_d18O","AB20MEN08","Coral","d18O","d18O","permil",-3.1261,100.3098,"AB20MEN08_d18O",TRUE,TRUE,TRUE,TRUE,"AB20MEN08_d18O",TRUE,"length;calibration"
"XI17HAI01_SrCa","XI17HAI01_XI17HAI01_SrCa","XI17HAI01","Coral","Sr/Ca","Sr/Ca","mmol/mol",19.395,110.753,"XI17HAI01_SrCa",TRUE,TRUE,TRUE,TRUE,"XI17HAI01_SrCa",TRUE,"calibration"
"XI17HAI01_d18O","XI17HAI01_XI17HAI01_d18O","XI17HAI01","Coral","d18O","d18O","permil",19.395,110.753,"XI17HAI01_d18O",TRUE,TRUE,TRUE,TRUE,"XI17HAI01_d18O",TRUE,"calibration"
"DE14DTO01_SrCa","DE14DTO01_DE14DTO01_SrCa","DE14DTO01","Coral","Sr/Ca","Sr/Ca","mmol/mol",24.6988,-82.7974,"DE14DTO01_SrCa",TRUE,TRUE,TRUE,TRUE,"DE14DTO01_SrCa",TRUE,""
"FE18RUS01_SrCa","FE18RUS01_FE18RUS01_SrCa","FE18RUS01","Coral","Sr/Ca","Sr/Ca","mmol/mol",27.8483,34.31,"FE18RUS01_SrCa",TRUE,TRUE,TRUE,TRUE,"FE18RUS01_SrCa",TRUE,""
"DE14DTO02_SrCa","DE14DTO02_DE14DTO02_SrCa","DE14DTO02","Coral",NA,"Sr/Ca","mmol/mol",24.617,-82.867,"DE14DTO02_SrCa",TRUE,TRUE,TRUE,TRUE,"DE14DTO02_SrCa",TRUE,""
"LI06FIJ01_d18O","LI06FIJ01_LI06FIJ01_d18O","LI06FIJ01","Coral",NA,"d18O","permil",-16.82,179.23,"LI06FIJ01_d18O",TRUE,TRUE,TRUE,TRUE,"LI06FIJ01_d18O",TRUE,""
