"TSid","datasetId","tableId","variableName","units","proxy","proxyGeneral","primaryTimeseries","dataSetName","archiveType","lat","lon","elev","siteName","datasetVersion","interpRank","seasonality","direction","variableDetail","has_climate","n_win","min_win","max_win","span_win","res_win","longest_win","axis_14C","n_calib","pass_curator","pass_plausible","annual","pass_resolution","pass_length","pass_calibration","pass_ptype","pass_climate","selected","fails","selected_by","dedup_keep","dedup_rule"
"AB08MEN01_d18O","ch2kAB08MEN01","paleo1measurement1","d18O","permil","d18O",NA,FALSE,"AB08MEN01","Coral",-0.13,98.52,-6,"Mentawai Islands, Indonesia","1.0.6",NA,NA,NA,NA,TRUE,1670,1858.29,1997.96,139.67,0.0799999999999272,139.67,FALSE,140,TRUE,TRUE,TRUE,TRUE,TRUE,TRUE,TRUE,TRUE,TRUE,"","criteria",TRUE,NA
"AB20MEN01_d18O","ch2kAB20MEN01","paleo1measurement1","d18O","permil","d18O",NA,FALSE,"AB20MEN01","Coral",-3.18,100.517,-0.7,"Mentawai Islands, Indonesia","1.0.6",NA,NA,NA,NA,TRUE,783,1936.375,2001.54167,65.1666700000001,0.0833299999999326,65.1666700000001,FALSE,66,TRUE,TRUE,TRUE,TRUE,TRUE,TRUE,TRUE,TRUE,TRUE,"","criteria",TRUE,NA
"AB20MEN02_d18O","ch2kAB20MEN02","paleo1measurement1","d18O","permil","d18O",NA,FALSE,"AB20MEN02","Coral",-2.37,99.745,NA,"Mentawai Islands, Indonesia","1.0.6",NA,NA,NA,NA,TRUE,592,1770.79167,1820.45833,49.6666599999999,0.0833299999999326,49.6666599999999,FALSE,0,TRUE,TRUE,TRUE,TRUE,FALSE,FALSE,TRUE,TRUE,TRUE,"length;calibration","curator admission",TRUE,NA
"AB20MEN03_d18O","ch2kAB20MEN03","paleo1measurement1","d18O","permil","d18O",NA,FALSE,"AB20MEN03","Coral",-3.126,100.309,NA,"Mentawai Islands, Indonesia","1.0.5",NA,NA,NA,NA,TRUE,236,1678.79167,1699.54167,20.75,0.0833299999999326,20.75,FALSE,0,TRUE,TRUE,TRUE,TRUE,FALSE,FALSE,TRUE,TRUE,TRUE,"length;calibration","curator admission",TRUE,NA
"AB20MEN04_d18O","ch2kAB20MEN04","paleo1measurement1","d18O","permil","d18O",NA,FALSE,"AB20MEN04","Coral",-2.752,99.995,NA,"Mentawai Islands, Indonesia","1.0.6",NA,NA,NA,NA,TRUE,497,1641.79167,1684.04167,42.25,0.0833299999999326,42.25,FALSE,0,TRUE,TRUE,TRUE,TRUE,FALSE,FALSE,TRUE,TRUE,TRUE,"length;calibration","curator admission",TRUE,NA
"AB20MEN05_d18O","ch2kAB20MEN05","paleo1measurement1","d18O","permil","d18O",NA,FALSE,"AB20MEN05","Coral",-3.037,100.231,NA,"Mentawai Islands, Indonesia","1.0.6",NA,NA,NA,NA,TRUE,832,1532.625,1601.875,69.25,0.0833299999999326,69.25,FALSE,0,TRUE,TRUE,TRUE,TRUE,TRUE,FALSE,TRUE,TRUE,TRUE,"calibration","curator admission",TRUE,NA
"AB20MEN06_d18O","ch2kAB20MEN06","paleo1measurement1","d18O","permil","d18O",NA,FALSE,"AB20MEN06","Coral",-3.0366,100.2307,NA,"Mentawai Islands, Indonesia","1.0.6",NA,NA,NA,NA,TRUE,1072,1452.20833,1547.95833,95.75,0.0833299999999326,95.75,FALSE,0,TRUE,TRUE,TRUE,TRUE,TRUE,FALSE,TRUE,TRUE,TRUE,"calibration","curator admission",TRUE,NA
"AB20MEN07_d18O","ch2kAB20MEN07","paleo1measurement1","d18O","permil","d18O",NA,FALSE,"AB20MEN07","Coral",-3.1261,100.3097,NA,"Mentawai Islands, Indonesia","1.0.6",NA,NA,NA,NA,TRUE,466,1267.20833,1305.95833,38.75,0.0833299999999326,38.75,FALSE,0,TRUE,TRUE,TRUE,TRUE,FALSE,FALSE,TRUE,TRUE,TRUE,"length;calibration","curator admission",TRUE,NA
"AB20MEN08_d18O","ch2kAB20MEN08","paleo1measurement1","d18O","permil","d18O",NA,FALSE,"AB20MEN08","Coral",-3.1261,100.3098,NA,"Mentawai Islands, Indonesia","1.0.5",NA,NA,NA,NA,TRUE,164,1256.70833,1270.29167,13.5833400000001,0.0833299999999326,13.5833400000001,FALSE,0,TRUE,TRUE,TRUE,TRUE,FALSE,FALSE,TRUE,TRUE,TRUE,"length;calibration","curator admission",TRUE,NA
"AB20MEN09_d18O","ch2kAB20MEN09","paleo1measurement1","d18O","permil","d18O",NA,FALSE,"AB20MEN09","Coral",-3.1259,100.3094,NA,"Mentawai Islands, Indonesia","1.0.5",NA,NA,NA,NA,TRUE,260,1240.79167,1262.375,21.5833299999999,0.0833299999999326,21.5833299999999,FALSE,0,TRUE,TRUE,TRUE,TRUE,FALSE,FALSE,TRUE,TRUE,TRUE,"length;calibration","curator admission",TRUE,NA
"Africa_001","b7k9uDLbDLTNY95dMRiC","paleo1measurement1","d18O","permil","d18O",NA,FALSE,"Afr-ColdAirCave.Sundqvist.2013","Speleothem",-24,29.18,1450,"Cold Air Cave","1.0.9",1,"Annual","positive","air@condensationLevel",TRUE,339,1635,1992,357,1,357,FALSE,124,TRUE,TRUE,TRUE,TRUE,TRUE,TRUE,TRUE,TRUE,TRUE,"","criteria",TRUE,NA
"Africa_004","ffaauJnqTsnDUdKXjaRq","paleo1measurement1","temperature","degC","TEX86",NA,FALSE,"Afr-LakeTanganyika.Tierney.2010","LakeSediment",-6.03,28.53,905,"Lake Tanganyika","1.0.7",1,"Annual","positive","lake@surface",TRUE,72,504,1986,1482,21,1482,FALSE,12,TRUE,TRUE,FALSE,FALSE,TRUE,FALSE,TRUE,TRUE,TRUE,"resolution;calibration","curator admission",TRUE,NA
"AL16PUR01_SrCa","ch2kAL16PUR01","paleo1measurement1","Sr/Ca","mmol/mol","Sr/Ca",NA,FALSE,"AL16PUR01","Coral",18.1153,-67.9374,-7,"Mona Island, Puerto Rico","1.0.6",NA,NA,NA,NA,TRUE,504,1898.44,1997.44,99,0.179999999999836,99,FALSE,97,TRUE,TRUE,TRUE,TRUE,TRUE,TRUE,TRUE,TRUE,TRUE,"","criteria",TRUE,NA
"Ant_005","poe6t9cnB2J9vBRm9eT1","paleo1measurement1","d18O","permil","d18O",NA,FALSE,"Ant-BerknerIsland.Mulvaney.2002","GlacierIce",-79.57,-45.72,890,"Berkner Island (South)","1.0.8",1,"Annual","positive","air@condensationLevel",TRUE,991,1000,1992,992,1,992,FALSE,143,TRUE,TRUE,TRUE,TRUE,TRUE,TRUE,TRUE,TRUE,TRUE,"","criteria",TRUE,NA
"Ant_006","CbdSgVTeD8IJk8TrcLFW","paleo1measurement1","d18O","permil","d18O",NA,FALSE,"Ant-SiteDML07.Graf.2002","GlacierIce",-75.58,-3.43,2680,"Site DML07","1.0.5",1,"Annual","positive","air@condensationLevel",TRUE,986,1000,1994,994,1,994,FALSE,143,TRUE,TRUE,TRUE,TRUE,TRUE,TRUE,TRUE,TRUE,TRUE,"","criteria",TRUE,NA
"Ant_007","U5cIPq5K2BlduNRXB8bS","paleo1measurement1","d18O","permil","d18O",NA,FALSE,"Ant-SiteDML05.Graf.2002","GlacierIce",-75,-0.01,2892,"Site DML05","1.0.5",1,"Annual","positive","air@condensationLevel",TRUE,1831,166,1996,1830,1,1830,FALSE,147,TRUE,TRUE,TRUE,TRUE,TRUE,TRUE,TRUE,TRUE,TRUE,"","criteria",FALSE,"cross-dataset"
"Ant_008","qchpp02XIc2KRJfek3rt","paleo1measurement1","d18O","permil","d18O",NA,FALSE,"Ant-SiteDML17.Graf.2002","GlacierIce",-75.17,6.5,3160,"Site DML17","1.0.8",1,"Annual","positive","air@condensationLevel",TRUE,984,1000,1997,997,1,997,FALSE,141,TRUE,TRUE,TRUE,TRUE,TRUE,TRUE,TRUE,TRUE,TRUE,"","criteria",TRUE,NA
"Ant_009","PNCv1aEPr91sxpBUuGVF","paleo1measurement1","d18O","permil","d18O",NA,FALSE,"Ant-DomeF1993.Uemura.2014","GlacierIce",-77.32,39.7,3810,"Dome F 1993","1.0.7",1,"Annual","positive","air@condensationLevel",TRUE,231,423.79413,1467.208751,1043.414621,4.44024999999999,1043.414621,FALSE,0,TRUE,TRUE,FALSE,FALSE,TRUE,FALSE,TRUE,TRUE,TRUE,"resolution;calibration","curator admission",TRUE,NA
"Ant_010","x7PRgy7ZK18MA1CMjWx9","paleo1measurement1","d18O","permil","d18O",NA,FALSE,"Ant-DomeF2001.Uemura.2008","GlacierIce",-77.32,39.7,3810,"Dome F 2001","1.0.7",1,"Annual","positive","air@condensationLevel",TRUE,120,695,1875,1180,9.83000000000015,1180,FALSE,4,TRUE,TRUE,FALSE,FALSE,TRUE,FALSE,TRUE,TRUE,TRUE,"resolution;calibration","curator admission",TRUE,NA
"Ant_011","0Lm8RAUQwa9nU5CUFWfY","paleo1measurement1","d18O","permil","d18O",NA,FALSE,"Ant-DSS.Moy.2012","GlacierIce",-66.77,112.807,1370,"DSS","1.0.8",1,"Annual","positive","air@condensationLevel",TRUE,1823,173,1995,1822,1,1822,FALSE,146,TRUE,TRUE,TRUE,TRUE,TRUE,TRUE,TRUE,TRUE,TRUE,"","criteria",FALSE,"cross-dataset"
"Ant_012","3FTQDaZOXoRPzsvvMX9i","paleo1measurement1","d18O","permil","d18O",NA,FALSE,"Ant-DomeC.Stenni.2001","GlacierIce",-75.1,123.39,3233,"Dome C","1.0.8",1,"Annual","positive","air@condensationLevel",TRUE,140,2.6,1918.9435,1916.3435,14.3266599999999,1916.3435,FALSE,8,TRUE,TRUE,FALSE,FALSE,TRUE,FALSE,TRUE,TRUE,TRUE,"resolution;calibration","curator admission",TRUE,NA
"Ant_013","js1QbcwWHEKH4nUAdE9B","paleo1measurement1","d2H","permil","dD",NA,FALSE,"Ant-DomeC.Jouzel.2001","GlacierIce",-75.1,123.39,3233,"Dome C","1.0.7",1,"Annual","positive","air@condensationLevel",TRUE,140,2.6,1918.9435,1916.3435,14.3266599999999,1916.3435,FALSE,8,TRUE,TRUE,FALSE,FALSE,TRUE,FALSE,TRUE,TRUE,TRUE,"resolution;calibration","curator admission",TRUE,NA
"Ant_014","Acl16WGUmuwgaTn0DsIP","paleo1measurement1","d2H","permil","dD",NA,FALSE,"Ant-Ferrigno.Thomas.2013","GlacierIce",-74.57,-86.9,1354,"Ferrigno","1.0.8",1,"Annual","positive","air@condensationLevel",TRUE,308,1703,2010,307,1,307,FALSE,161,TRUE,TRUE,TRUE,TRUE,TRUE,TRUE,TRUE,TRUE,TRUE,"","criteria",TRUE,NA
"Ant_017","LCovUrW0O41B76lZlRLl","paleo1measurement1","d18O","permil","d18O",NA,FALSE,"Ant-CoastalDML.Thamban.2012","GlacierIce",-70.86,11.54,500,"Coastal DML","1.0.7",1,"Annual","positive","air@condensationLevel",TRUE,462,1533,1994,461,1,461,FALSE,145,TRUE,TRUE,TRUE,TRUE,TRUE,TRUE,TRUE,TRUE,TRUE,"","criteria",FALSE,"cross-dataset"
"Ant_022","FSftUa0yY3W5be94mKQF","paleo1measurement1","d2H","permil","dD",NA,FALSE,"Ant-JamesRossIsland.Mulvaney.2013","GlacierIce",-64.2017,-57.685,1542,"James Ross Island","1.0.9",1,"Annual","positive","air@condensationLevel",TRUE,2007,1,2007,2006,1,2006,FALSE,158,TRUE,TRUE,TRUE,TRUE,TRUE,TRUE,TRUE,TRUE,TRUE,"","criteria",TRUE,NA
"Ant_023","K3QoHtgVMnlBGxMMoDQy","paleo1measurement1","d18O","permil","d18O",NA,FALSE,"Ant-PlateauRemote.Mosley-Thompson.2013","GlacierIce",-84,43,3330,"Plateau Remote","1.0.8",1,"Annual","positive","air@condensationLevel",TRUE,1985,2,1986,1984,1,1984,FALSE,137,TRUE,TRUE,TRUE,TRUE,TRUE,TRUE,TRUE,TRUE,TRUE,"","criteria",FALSE,"cross-dataset"
"Ant_024","TFKKwbKaEuCe4lzTPX7y","paleo1measurement1","d18O","permil","d18O",NA,FALSE,"Ant-SipleStation.Mosley-Thompson.1990","GlacierIce",-75.92,-84.25,1054,"Siple Station","1.0.5",1,"Annual","positive","air@condensationLevel",TRUE,567,1417,1983,566,1,566,FALSE,134,TRUE,TRUE,TRUE,TRUE,TRUE,TRUE,TRUE,TRUE,TRUE,"","criteria",TRUE,NA
"Ant_025","eHwluxxK7Otp0W2H8fyw","paleo1measurement1","d18O","permil","d18O",NA,FALSE,"Ant-TALDICE.Stenni.2010","GlacierIce",-72.82,159.18,2315,"TALDICE","1.0.5",1,"Annual","positive","air@condensationLevel",TRUE,183,4.3,1990.838,1986.538,11.5999999999999,1986.538,FALSE,22,TRUE,TRUE,FALSE,FALSE,TRUE,FALSE,TRUE,TRUE,TRUE,"resolution;calibration","curator admission",TRUE,NA
"Ant_026","q60YD3YKBMLvhKaCVgMH","paleo1measurement1","d2H","permil","dD",NA,FALSE,"Ant-TalosDome.Stenni.2002","GlacierIce",-72.8,159.06,2316,"Talos Dome","1.0.5",1,"Annual","positive","air@condensationLevel",TRUE,764,1232,1995,763,1,763,FALSE,146,TRUE,TRUE,TRUE,TRUE,TRUE,TRUE,TRUE,TRUE,TRUE,"","criteria",TRUE,NA
"Ant_027","3TCYwcnXRMC5VONBV8TY","paleo1measurement1","d2H","permil","dD",NA,FALSE,"Ant-VLG.Bertler.2011","GlacierIce",-77.3302,162.5332,625,"VLG","1.0.5",1,"Annual","positive","air@condensationLevel",TRUE,861,1140,2000,860,1,860,FALSE,151,TRUE,TRUE,TRUE,TRUE,TRUE,TRUE,TRUE,TRUE,TRUE,"","criteria",TRUE,NA
"Ant_028","X9S08kDpBOHAgvgJYmzW","paleo1measurement1","d2H","permil","dD",NA,FALSE,"Ant-Vostok.Ekaykin.2014","GlacierIce",-78.2785,104.8005,3488,"Vostok","1.0.7",1,"Annual","positive","air@condensationLevel",TRUE,357,1654,2010,356,1,356,FALSE,161,TRUE,TRUE,TRUE,TRUE,TRUE,TRUE,TRUE,TRUE,TRUE,"","criteria",TRUE,NA
"Ant_030","ALUv7ETq7oKrN8g3SjoV","paleo1measurement1","d18O","permil","d18O",NA,FALSE,"Ant-WDC05A.Steig.2013","GlacierIce",-79.46,-112.09,1806,"WDC05A","1.0.5",1,"Annual","positive","air@condensationLevel",TRUE,1220,786,2005,1219,1,1219,FALSE,156,TRUE,TRUE,TRUE,TRUE,TRUE,TRUE,TRUE,TRUE,TRUE,"","criteria",FALSE,"cross-dataset"
"Ant_031","zQWmmHjvKPO87uBdWgaM","paleo1measurement1","d18O","permil","d18O",NA,FALSE,"Ant-WDC06A.Steig.2013","GlacierIce",-79.46,-112.09,1806,"WDC06A","1.0.5",1,"subannual","positive","air@condensationLevel",TRUE,40089,1,2005.95,2004.95,0.0499999999999545,2004.95,FALSE,156,TRUE,TRUE,TRUE,TRUE,TRUE,TRUE,TRUE,TRUE,TRUE,"","criteria",TRUE,NA
"Ant_031dD","zQWmmHjvKPO87uBdWgaM","paleo1measurement1","d2H","permil","dD",NA,FALSE,"Ant-WDC06A.Steig.2013","GlacierIce",-79.46,-112.09,1806,"WDC06A","1.0.5",1,"subannual","positive","air@condensationLevel",TRUE,40089,1,2005.95,2004.95,0.0499999999999545,2004.95,FALSE,156,TRUE,TRUE,TRUE,TRUE,TRUE,TRUE,TRUE,TRUE,TRUE,"","criteria",TRUE,NA
"Ant_033","6aD7lFSEX7vGHUQdOgiT","paleo1measurement1","d2H","permil","dD",NA,FALSE,"Ant-MES.Rhodes.2012","GlacierIce",-77.515,167.6765,1600,"MES","1.0.5",1,"Annual","positive","air@condensationLevel",TRUE,6509,1472.646,2006.791,534.145,0.0790000000001783,534.145,FALSE,157,TRUE,TRUE,TRUE,TRUE,TRUE,TRUE,TRUE,TRUE,TRUE,"","criteria",TRUE,NA
"Ant_035","oonVEsZCgbLOhvZ2fxJy","paleo1measurement1","d18O","permil","d18O",NA,FALSE,"Ant-TaylorDome.Steig.2000","GlacierIce",-77.78,158.72,2365,"Taylor Dome","1.0.8",1,"Annual","positive","air@condensationLevel",TRUE,737,1.29999999999995,1937.1,1935.8,2.5,1935.8,FALSE,38,TRUE,TRUE,FALSE,FALSE,TRUE,TRUE,TRUE,TRUE,TRUE,"resolution","curator admission",TRUE,NA
"Ant_037","hBBbohEOvxM0iofMn4m2","paleo1measurement1","d18O","permil","d18O",NA,FALSE,"Ant-US-ITASE-2000-1.Steig.2013","GlacierIce",-79.3838,-111.24,1791,"US-ITASE-2000-1","1.0.7",1,"subannual","positive","air@condensationLevel",TRUE,3242,1673.293,2000.95715,327.66415,0.0892499999999927,327.66415,FALSE,151,TRUE,TRUE,TRUE,TRUE,TRUE,TRUE,TRUE,TRUE,TRUE,"","criteria",TRUE,NA
"Ant_050","8hHE7IDEnhpHOFYGWktB","paleo1measurement1","d18O","permil","d18O",NA,FALSE,"Ant-US-ITASE-2002-4.Steig.2013","GlacierIce",-86.5,-107.99,2586,"US-ITASE-2002-4","1.0.7",1,"subannual","positive","air@condensationLevel",TRUE,3482,1593.5104,2002.81925,409.30885,0.113349999999855,409.30885,FALSE,153,TRUE,TRUE,TRUE,TRUE,TRUE,TRUE,TRUE,TRUE,TRUE,"","criteria",TRUE,NA
"Arc_001","7BM0O9vlEgOZsxLXsCU2","paleo1measurement1","thickness","cm","varve thickness",NA,FALSE,"Arc-BlueLake.Bird.2008","LakeSediment",68.09,-150.47,1275,"Blue Lake","1.0.6",1,"Jun-Aug","positive","air@surface",TRUE,1271,730,2000,1270,1,1270,FALSE,151,TRUE,TRUE,TRUE,TRUE,TRUE,TRUE,TRUE,TRUE,TRUE,"","criteria",TRUE,NA
"Arc_002","gtgRoVX1q84Urx9SwuLy","paleo1measurement1","trsgi","unitless","ring width","dendrophysical",FALSE,"Arc-Avam-Taimyr.Briffa.2008","Wood",72,101,250,"Avam-Taimyr","1.0.8",1,"Jun-Jul","positive","air@surface",TRUE,2000,1,2000,1999,1,1999,FALSE,151,TRUE,TRUE,TRUE,TRUE,TRUE,TRUE,TRUE,TRUE,TRUE,"","criteria",TRUE,NA
"Arc_004","rE02uTebnuD7RPT30OiK","paleo1measurement1","MAR","g/cm2/yr","accumulation rate","stratigraphy",FALSE,"Arc-LowerMurrayLake.Cook.2008","LakeSediment",81.35,-69.53,106,"Lower Murray Lake","1.0.5",1,"Jul","positive","air@600m",TRUE,1980,1,2000,1999,1,1999,FALSE,131,TRUE,TRUE,TRUE,TRUE,TRUE,TRUE,TRUE,TRUE,TRUE,"","criteria",TRUE,NA
"Arc_005","8ootjd77wH2v9oom2a9c","paleo1measurement1","d18O","permil","d18O",NA,FALSE,"Arc-CampCentury.Fisher.1969","GlacierIce",77.17,-61.13,1880,"Camp Century","1.0.5",1,"Annual","positive","air@condensationLevel",TRUE,726,1242,1967,725,1,725,FALSE,118,TRUE,TRUE,TRUE,TRUE,TRUE,TRUE,TRUE,TRUE,TRUE,"","criteria",TRUE,NA
"Arc_007","9ckF58PLIjakd6OgfL0e","paleo1measurement1","temperature","degC","ring width","dendrophysical",FALSE,"Arc-GulfofAlaska.Wilson.2014","Wood",61.03,-146.59,230,"Gulf of Alaska","1.0.5",1,"Feb-Aug","positive","air@surface",TRUE,1211,800,2010,1210,1,1210,FALSE,161,TRUE,TRUE,TRUE,TRUE,TRUE,TRUE,TRUE,TRUE,TRUE,"","criteria",TRUE,NA
"Arc_008","35veNf5wcYG93nqzJWCY","paleo1measurement1","trsgi","unitless","ring width","dendrophysical",FALSE,"Arc-Yukon.D'Arrigo.2006","Wood",67.9,-140.7,300,"Yukon","1.0.6",1,"Summer","positive","air@surface",TRUE,824,1177,2000,823,1,823,FALSE,151,TRUE,TRUE,TRUE,TRUE,TRUE,TRUE,TRUE,TRUE,TRUE,"","criteria",TRUE,NA
"Arc_011","pdu5OrYMR5kiboyV2Ozd","paleo1measurement1","d18O","permil","d18O",NA,FALSE,"Arc-GISP2.Grootes.1997","GlacierIce",72.1,-38.08,3200,"GISP2","1.0.5",1,"Annual","positive","air@condensationLevel",TRUE,1170,818,1987,1169,1,1169,FALSE,138,TRUE,TRUE,TRUE,TRUE,TRUE,TRUE,TRUE,TRUE,TRUE,"","criteria",TRUE,NA
"Arc_012","xit6EH82ucwvp32Kgglr","paleo1measurement1","temperature","degC","ring width","dendrophysical",FALSE,"Arc-Tornetrask.Melvin.2012","Wood",68.26,19.6,320,"Tornetrask","1.0.11",1,"Jun-Aug",NA,"air@surface",TRUE,2010,1,2010,2009,1,2009,FALSE,161,TRUE,TRUE,TRUE,TRUE,TRUE,TRUE,TRUE,TRUE,TRUE,"","criteria",TRUE,NA
"Arc_012mxd","xit6EH82ucwvp32Kgglr","paleo1measurement1","temperature","degC","maximum latewood density","dendrophysical",FALSE,"Arc-Tornetrask.Melvin.2012","Wood",68.26,19.6,320,"Tornetrask","1.0.11",1,"Jun-Aug","positive","air@surface",TRUE,1570,441,2010,1569,1,1569,FALSE,161,TRUE,TRUE,TRUE,TRUE,TRUE,TRUE,TRUE,TRUE,TRUE,"","criteria",TRUE,NA
"Arc_014","dKbblCGOctBhRUpiKNGv","paleo1measurement1","thickness","mm","varve thickness",NA,FALSE,"Arc-LakeLehmilampi.Haltia-Hovi.2007","LakeSediment",63.62,29.1,95,"Lake Lehmilampi","1.0.5",1,"Dec-Mar","negative","air@surface",TRUE,1800,1,1800,1799,1,1799,FALSE,0,TRUE,TRUE,TRUE,TRUE,TRUE,FALSE,TRUE,TRUE,TRUE,"calibration","curator admission",TRUE,NA
"Arc_016","XPsThh8NreBJoYV8G98l","paleo1measurement1","trsgi","unitless","ring width","dendrophysical",FALSE,"Arc-Indigirka.Hughes.1999","Wood",69.5,147,80,"Indigirka","1.0.7",1,"Jun-Jul","positive","air@surface",TRUE,736,1259,1994,735,1,735,FALSE,145,TRUE,TRUE,TRUE,TRUE,TRUE,TRUE,TRUE,TRUE,TRUE,"","criteria",TRUE,NA
"Arc_018","aPKt7F5ERO3rkkgo0EJW","paleo1measurement1","d18O","permil","d18O",NA,FALSE,"Arc-Austfonna.Isaksson.2005","GlacierIce",79.83,24.02,750,"Austfonna","1.0.7",1,"Annual","positive","air@condensationLevel",TRUE,554,1400,1998,598,1,598,FALSE,149,TRUE,TRUE,TRUE,TRUE,TRUE,TRUE,TRUE,TRUE,TRUE,"","criteria",FALSE,"cross-dataset"
"Arc_020","8X1NUuoHCcoDV7QJPMkG","paleo1measurement1","thickness","mm","varve thickness",NA,FALSE,"Arc-LakeC2.Lamoureux.1996","LakeSediment",82.83,-77.9,1.5,"Lake C2","1.0.5",1,"Jun-Aug","positive","air@surface",TRUE,1987,1,1987,1986,1,1986,FALSE,138,TRUE,TRUE,TRUE,TRUE,TRUE,TRUE,TRUE,TRUE,TRUE,"","criteria",TRUE,NA
"Arc_021","Pl60rKMf9B3sIIOTalyE","paleo1measurement1","thickness","cm","varve thickness",NA,FALSE,"Arc-Hvitarvatn.Larsen.2011","LakeSediment",64.6,-19.8,422,"Hvitarvatn","1.0.6",1,"Jun-Aug","negative","air@surface",TRUE,2000,1,2000,1999,1,1999,FALSE,151,TRUE,TRUE,TRUE,TRUE,TRUE,TRUE,TRUE,TRUE,TRUE,"","criteria",TRUE,NA
"Arc_023","U54OtzAuPsBSgtgBlJrd","paleo1measurement1","trsgi","unitless","ring width","dendrophysical",FALSE,"Arc-LenaRiver.McDonald.1998","Wood",70.67,125.87,180,"Lena River","1.0.6",1,"Jun","positive","air@surface",TRUE,505,1490,1994,504,1,504,FALSE,145,TRUE,TRUE,TRUE,TRUE,TRUE,TRUE,TRUE,TRUE,TRUE,"","criteria",TRUE,NA
"Arc_024","WFGh0CR2q312tu0xD1kC","paleo1measurement1","thickness","mm","varve thickness",NA,FALSE,"Arc-LakeDonardBaffinIsland.Moore.2001","LakeSediment",66.73,-61.35,500,"Lake Donard Baffin Island","1.0.5",1,"Jun-Aug","positive","air@surface",TRUE,1241,752,1992,1240,1,1240,FALSE,143,TRUE,TRUE,TRUE,TRUE,TRUE,TRUE,TRUE,TRUE,TRUE,"","criteria",TRUE,NA
"Arc_025","5g2N2aJv0elpA0QBEsFx","paleo1measurement1","reflectance","count","varve thickness","stratigraphy",FALSE,"Arc-LakeNataujaervi.Ojala.2005","LakeSediment",61.81,24.68,103.7,"Lake Nataujaervi","1.0.6",1,"Mar-May","positive","air@surface",TRUE,1800,1,1800,1799,1,1799,FALSE,0,TRUE,TRUE,TRUE,TRUE,TRUE,FALSE,TRUE,TRUE,TRUE,"calibration","curator admission",TRUE,NA
"Arc_026","jo0iTvtK3NW08BHJoWQ5","paleo1measurement1","d18O","permil","d18O",NA,FALSE,"Arc-NGTB16.Schwager.1998","GlacierIce",73.94,-37.63,3040,"NGT B16","1.0.5",1,"Jun-Aug","positive","air@condensationLevel",TRUE,515,1478,1992,514,1,514,FALSE,143,TRUE,TRUE,TRUE,TRUE,TRUE,TRUE,TRUE,TRUE,TRUE,"","criteria",TRUE,NA
"Arc_027","Nzs0wtIZKGyJ3r5f5CE9","paleo1measurement1","d18O","permil","d18O",NA,FALSE,"Arc-NGTB18.Schwager.1998","GlacierIce",76.62,-36.4,2508,"NGT B18","1.0.7",1,"Jun-Aug","positive","air@condensationLevel",TRUE,1122,871,1992,1121,1,1121,FALSE,143,TRUE,TRUE,TRUE,TRUE,TRUE,TRUE,TRUE,TRUE,TRUE,"","criteria",TRUE,NA
"Arc_028","a6WlR0GjKxYgiCUOU027","paleo1measurement1","d18O","permil","d18O",NA,FALSE,"Arc-NGTB21.Schwager.1998","GlacierIce",80,-41.14,2185,"NGT B21","1.0.5",1,"Jun-Aug","positive","air@condensationLevel",TRUE,597,1397,1993,596,1,596,FALSE,144,TRUE,TRUE,TRUE,TRUE,TRUE,TRUE,TRUE,TRUE,TRUE,"","criteria",TRUE,NA
"Arc_029","70l06eHNVspjC2t3DdDS","paleo1measurement1","temperature","degC","varve thickness",NA,FALSE,"Arc-BigRoundLake.Thomas.2009","LakeSediment",69.87,-68.83,180,"Big Round Lake","1.0.5",1,"Jul-Sep",NA,"air@surface",TRUE,1033,971,2003,1032,1,1032,FALSE,154,TRUE,TRUE,TRUE,TRUE,TRUE,TRUE,TRUE,TRUE,TRUE,"","criteria",FALSE,"within-dataset"
"Arc_029_varvethickness","70l06eHNVspjC2t3DdDS","paleo1measurement1","varveThickness","mm","varve thickness",NA,FALSE,"Arc-BigRoundLake.Thomas.2009","LakeSediment",69.87,-68.83,180,"Big Round Lake","1.0.5",1,"Jul-Sep","positive","air@surface",TRUE,1033,971,2003,1032,1,1032,FALSE,154,TRUE,TRUE,TRUE,TRUE,TRUE,TRUE,TRUE,TRUE,TRUE,"","criteria",TRUE,NA
"Arc_031","n7igHZJHA3NRMh10liqx","paleo1measurement1","d18O","permil","d18O",NA,FALSE,"Arc-NGRIP1.Vinther.2006","GlacierIce",75.1,-42.32,2917,"NGRIP1","1.0.5",1,"Annual","positive","air@condensationLevel",TRUE,1995,1,1995,1994,1,1994,FALSE,146,TRUE,TRUE,TRUE,TRUE,TRUE,TRUE,TRUE,TRUE,TRUE,"","criteria",TRUE,NA
"Arc_032","TlyrPuoYdCjvokqD1Jzn","paleo1measurement1","d18O","permil","d18O","isotopic",FALSE,"Arc-Agassiz.Vinther.2008","GlacierIce",80.7,-73.1,1700,"Agassiz","1.0.12",1,"Annual","positive","air@condensationLevel",TRUE,1972,1,1972,1971,1,1971,FALSE,123,TRUE,TRUE,TRUE,TRUE,TRUE,TRUE,TRUE,TRUE,TRUE,"","criteria",TRUE,NA
"Arc_033","rcvMOaSBRnRcaHxxJC4C","paleo1measurement1","d18O","permil","d18O",NA,FALSE,"Arc-Crete.Vinther.2010","GlacierIce",71.12,-37.32,3172,"Crete","1.0.5",1,"Annual","positive","air@condensationLevel",TRUE,1421,553,1973,1420,1,1420,FALSE,124,TRUE,TRUE,TRUE,TRUE,TRUE,TRUE,TRUE,TRUE,TRUE,"","criteria",TRUE,NA
"Arc_034","VRDXXchN2XXECSPwZFma","paleo1measurement1","d18O","permil","d18O",NA,FALSE,"Arc-Dye.Vinther.2010","GlacierIce",65.18,-43.83,2480,"Dye","1.0.5",1,"Annual","positive","air@condensationLevel",TRUE,1978,1,1978,1977,1,1977,FALSE,129,TRUE,TRUE,TRUE,TRUE,TRUE,TRUE,TRUE,TRUE,TRUE,"","criteria",TRUE,NA
"Arc_035","ExOywYn6dUogGOlyPWnd","paleo1measurement1","d18O","permil","d18O",NA,FALSE,"Arc-GRIP.Vinther.2010","GlacierIce",72.58,-37.64,3238,"GRIP","1.0.7",1,"Annual","positive","air@condensationLevel",TRUE,1979,1,1979,1978,1,1978,FALSE,130,TRUE,TRUE,TRUE,TRUE,TRUE,TRUE,TRUE,TRUE,TRUE,"","criteria",TRUE,NA
"Arc_036","2PL5KyY45m4ej9nyCrab","paleo1measurement1","temperature","degC","historical","historical",FALSE,"Arc-Iceland.Bergthorsson.1969","Documents",64.77,-18.37,0,"Iceland","1.0.5",1,"Annual","positive","air@surface",TRUE,31,945,1935,990,30,990,FALSE,3,TRUE,TRUE,FALSE,FALSE,TRUE,FALSE,TRUE,TRUE,TRUE,"resolution;calibration","curator admission",TRUE,NA
"Arc_037","DH2SktnaorhletpYb17p","paleo1measurement1","temperature","degC","diatom",NA,FALSE,"Arc-VoeringPlateau.Berner.2011","MarineSediment",66.97,7.64,-1048,"Voering Plateau","1.0.6",1,"Aug","positive","sea@surface",TRUE,203,4.4,1995.4,1991,10.7999999999999,1991,FALSE,28,TRUE,TRUE,FALSE,FALSE,TRUE,TRUE,TRUE,TRUE,TRUE,"resolution","curator admission",TRUE,NA
"Arc_039","MD6jkgwSxsq0oilgYUjM","paleo1measurement1","temperature","degC","chironomid","faunal assemblage",FALSE,"Arc-MooseLake.Clegg.2010","LakeSediment",61.35,-143.6,437,"Moose Lake","1.0.5",1,"Jul","positive","air@surface",TRUE,52,35,1963,1928,22.6500000000001,1928,FALSE,6,TRUE,TRUE,FALSE,FALSE,TRUE,FALSE,TRUE,TRUE,TRUE,"resolution;calibration","curator admission",TRUE,NA
"Arc_040","mjMcs6jnFiZEoRfI6Tkv","paleo1measurement1","temperature","degC","chironomid","faunal assemblage",FALSE,"Arc-HudsonLake.Clegg.2011","LakeSediment",61.9,-145.66,657,"Hudson Lake","1.0.5",1,"Jul","positive","air@surface",TRUE,36,114.1,1996.8,1882.7,41.45,1882.7,FALSE,7,TRUE,TRUE,FALSE,FALSE,TRUE,FALSE,TRUE,TRUE,TRUE,"resolution;calibration","curator admission",TRUE,NA
"Arc_041","IkvGsz6zCWQRShxRYGYR","paleo1measurement1","temperature","degC","chironomid","faunal assemblage",FALSE,"Arc-ScreamingLynxLake.Clegg.2011","LakeSediment",66.07,-145.4,223,"Screaming Lynx Lake","1.0.6",1,"Jul","positive","air@surface",TRUE,55,23.7249999999999,1987.75,1964.025,26.6499999999999,1964.025,FALSE,3,TRUE,TRUE,FALSE,FALSE,TRUE,FALSE,TRUE,TRUE,TRUE,"resolution;calibration","curator admission",TRUE,NA
"Arc_042","PjMprPuitlpO84OPvuwr","paleo1measurement1","temperature","degC","alkenone",NA,FALSE,"Arc-BrayaSoe.D'Andrea.2011","LakeSediment",67,-50.7,170,"Braya Soe","1.0.6",1,"Jun-Jul","positive","lake@surface",TRUE,73,10.4999999999998,1999.125,1988.625,22.8749999999999,1988.625,FALSE,10,TRUE,TRUE,FALSE,FALSE,TRUE,FALSE,TRUE,TRUE,TRUE,"resolution;calibration","curator admission",TRUE,NA
"Arc_043","kJUwUVCsDvqgdg1d0Zn1","paleo1measurement1","d18O","permil","d18O",NA,FALSE,"Arc-DevonIceCap.Fisher.1983","GlacierIce",75.33,-82.5,1800,"Devon Ice Cap","1.0.7",1,"Annual","positive","air@condensationLevel",TRUE,395,1,1971,1970,5,1970,FALSE,25,TRUE,TRUE,FALSE,FALSE,TRUE,TRUE,TRUE,TRUE,TRUE,"resolution","curator admission",TRUE,NA
"Arc_044","pDMXNZOQI8jgS1m8dQTL","paleo1measurement1","d18O","permil","d18O",NA,FALSE,"Arc-PennyIceCapP96.Fisher.1998","GlacierIce",67.25,-66.75,1810,"Penny Ice Cap P96","1.0.5",1,"Annual","positive","air@condensationLevel",TRUE,80,5,1980,1975,25,1975,FALSE,6,TRUE,TRUE,FALSE,FALSE,TRUE,FALSE,TRUE,TRUE,TRUE,"resolution;calibration","curator admission",TRUE,NA
"Arc_045","WvppjTAAZVpfIOwPoSLM","paleo1measurement1","temperature","degC","diatom",NA,FALSE,"Arc-MD992275.Jiang.2005","MarineSediment",66.55,-17.7,-470,"MD992275","1.0.5",1,"Jun-Aug","positive","sea@surface",TRUE,98,156.6,1952.1,1795.5,17.3,1795.5,FALSE,13,TRUE,TRUE,FALSE,FALSE,TRUE,FALSE,TRUE,TRUE,TRUE,"resolution;calibration","curator admission",TRUE,NA
"Arc_048","HTeRVgFCHojecfYvn0GA","paleo1measurement1","temperature","degC","chironomid","faunal assemblage",FALSE,"Arc-LakeHamptraesk.Luoto.2009","LakeSediment",60.28,25.42,29,"Lake Hamptraesk","1.0.6",1,"Jul","positive","air@surface",TRUE,47,1359.3,1993.5,634.2,14,634.2,FALSE,11,TRUE,TRUE,FALSE,FALSE,TRUE,FALSE,TRUE,TRUE,TRUE,"resolution;calibration","curator admission",TRUE,NA
"Arc_049","xF4jXcZrwuT6igs4u2CW","paleo1measurement1","temperature","degC","chironomid",NA,FALSE,"Arc-LakePieni-Kauro.Luoto.2010","LakeSediment",64.28,30.12,188.4,"Lake Pieni-Kauro","1.0.5",1,"Jul","positive","air@surface",TRUE,36,462.4,1978.9,1516.5,44.4000000000001,1516.5,FALSE,3,TRUE,TRUE,FALSE,FALSE,TRUE,FALSE,TRUE,TRUE,TRUE,"resolution;calibration","curator admission",TRUE,NA
"Arc_051","wh5A8sjlzKcSTl4LiVcK","paleo1measurement1","iceMelt","percent","ice melt","cryophysical",FALSE,"Arc-PennyIceCapP96.Okuyama.2003","GlacierIce",67.25,-65.75,1810,"Penny Ice Cap P96","1.0.5",1,"Jun-Aug","positive","air@surface",TRUE,80,9,1984,1975,25,1975,FALSE,6,TRUE,TRUE,FALSE,FALSE,TRUE,FALSE,TRUE,TRUE,TRUE,"resolution;calibration","curator admission",TRUE,NA
"Arc_052","8qzTrA1MYB0AJmBhkCCn","paleo1measurement1","temperature","degC","chironomid",NA,FALSE,"Arc-Lake4.Rolland.2009","LakeSediment",65.1,-83.79,100,"Lake 4","1.0.5",1,"Aug","positive","air@surface",TRUE,28,634.05,1997.45,1363.4,49.6500000000001,1363.4,FALSE,5,TRUE,TRUE,FALSE,FALSE,TRUE,FALSE,TRUE,TRUE,TRUE,"resolution;calibration","curator admission",TRUE,NA
"Arc_053","d1vWzbB67BLNhZbFsyiD","paleo1measurement1","d18O","permil","d18O","isotopic",FALSE,"Arc-StoreggaSlide.Sejrup.2011","MarineSediment",63.76,5.26,-875,"Storegga Slide","1.0.7",1,"Jul-Sep","negative","sea@surface",TRUE,250,2.28999999999996,1999.086,1996.796,7.06,1996.796,FALSE,41,TRUE,TRUE,FALSE,FALSE,TRUE,TRUE,TRUE,TRUE,TRUE,"resolution","curator admission",TRUE,NA
"Arc_056","V1cK1scZqAQSpNMGThvY","paleo1measurement1","d18O","permil","d18O",NA,FALSE,"Arc-Renland.Vinther.2008","GlacierIce",71.27,-26.73,2350,"Renland","1.0.5",1,"Jul-Sep","positive","air@condensationLevel",TRUE,397,3,1983,1980,5,1980,FALSE,27,TRUE,TRUE,FALSE,FALSE,TRUE,TRUE,TRUE,TRUE,TRUE,"resolution","curator admission",TRUE,NA
"Arc_057","Hcx37PjyKthGbEWPJdpi","paleo1measurement1","density",NA,"maximum latewood density","dendrophysical",FALSE,"Arc-Kittelfjall.Bjorklund.2012","Wood",65.2,15.5,550,"Kittelfjall","1.0.8",1,"Jun-Jul","positive","air@surface",TRUE,458,1550,2007,457,1,457,FALSE,158,TRUE,TRUE,TRUE,TRUE,TRUE,TRUE,TRUE,TRUE,TRUE,"","criteria",TRUE,NA
"Arc_058","LbA04p6cSU5eQ64dKO3O","paleo1measurement1","density",NA,"maximum latewood density","dendrophysical",FALSE,"Arc-Armarnaes.Bjorklund.2012","Wood",65.9,16.1,500,"Armarnaes","1.0.6",1,"Jun-Aug","positive","air@surface",TRUE,461,1550,2010,460,1,460,FALSE,161,TRUE,TRUE,TRUE,TRUE,TRUE,TRUE,TRUE,TRUE,TRUE,"","criteria",TRUE,NA
"Arc_059","OnJ2TPrRa6UQH89FQj0X","paleo1measurement1","density",NA,"maximum latewood density","dendrophysical",FALSE,"Arc-Tjeggelvas.Bjorklund.2012","Wood",66.6,17.6,520,"Tjeggelvas","1.0.8",1,"Jun-Aug","positive","air@surface",TRUE,461,1550,2010,460,1,460,FALSE,161,TRUE,TRUE,TRUE,TRUE,TRUE,TRUE,TRUE,TRUE,TRUE,"","criteria",TRUE,NA
"Arc_060","uBowfOYHKc6TwwmToYRD","paleo1measurement1","density",NA,"maximum latewood density","dendrophysical",FALSE,"Arc-Arjeplog.Bjorklund.2014","Wood",66.3,18.2,800,"Arjeplog","1.0.6",1,"Jun-Aug","positive","air@surface",TRUE,811,1200,2010,810,1,810,FALSE,161,TRUE,TRUE,TRUE,TRUE,TRUE,TRUE,TRUE,TRUE,TRUE,"","criteria",TRUE,NA
"Arc_061","uBowfOYHKc6TwwmToYRD","paleo1measurement1","reflectance",NA,"reflectance",NA,FALSE,"Arc-Arjeplog.Bjorklund.2014","Wood",66.3,18.2,800,"Arjeplog","1.0.6",1,"Jul-Sep",NA,"air-surface",TRUE,811,1200,2010,810,1,810,FALSE,161,TRUE,TRUE,TRUE,TRUE,TRUE,TRUE,TRUE,TRUE,TRUE,"","criteria",TRUE,NA
"Arc_065","zAl9lCfyWbHgYyyew1av","paleo1measurement1","d18O","permil","d18O",NA,FALSE,"Arc-Lomonosovfonna.Divine.2011","GlacierIce",78.8647,17.425,1250,"Lomonosovfonna , Svalbard","1.0.9",1,"Dec-Feb",NA,"air-surface",TRUE,1229,769,1997,1228,1,1228,FALSE,148,TRUE,TRUE,TRUE,TRUE,TRUE,TRUE,TRUE,TRUE,TRUE,"","criteria",FALSE,"within-dataset"
"Arc_066","zAl9lCfyWbHgYyyew1av","paleo1measurement1","temperature","degC","d18O","isotopic",FALSE,"Arc-Lomonosovfonna.Divine.2011","GlacierIce",78.8647,17.425,1250,"Lomonosovfonna , Svalbard","1.0.9",1,"Dec-Feb","positive","air@condensationLevel",TRUE,1229,769,1997,1228,1,1228,FALSE,148,TRUE,TRUE,TRUE,TRUE,TRUE,TRUE,TRUE,TRUE,TRUE,"","criteria",FALSE,"cross-dataset"
"Arc_073","wskcNh5wsOfJw4b6sTwA","paleo1measurement1","temperature","degC","BSi",NA,FALSE,"Arc-HalletLake.McKay.2008","LakeSediment",61.5,-146.2,1128,"Hallet Lake","1.0.6",1,"Jun-Aug","positive","air@surface",TRUE,174,116.472968430663,2005.10313434658,1888.63016591592,11.2550107188001,1888.63016591592,FALSE,48,TRUE,TRUE,FALSE,FALSE,TRUE,TRUE,TRUE,TRUE,TRUE,"resolution","curator admission",TRUE,NA
"Arc_075","ltv2vXPFXn0q2dal7XYz","paleo1measurement1","thickness","mm","thickness",NA,FALSE,"Arc-SoperLake.Hughen.2000","LakeSediment",62.917,-69.883,14,"Soper Lake, Baffin Island, Canada","1.0.5",1,NA,NA,NA,TRUE,479,1514,1992,478,1,478,FALSE,143,TRUE,TRUE,TRUE,TRUE,TRUE,TRUE,TRUE,TRUE,TRUE,"","criteria",TRUE,NA
"Arc_076","ltv2vXPFXn0q2dal7XYz","paleo1measurement1","temperature","degC","varve thickness",NA,FALSE,"Arc-SoperLake.Hughen.2000","LakeSediment",62.917,-69.883,14,"Soper Lake, Baffin Island, Canada","1.0.5",1,"Jun","positive","air@surface",TRUE,479,1514,1992,478,1,478,FALSE,143,TRUE,TRUE,TRUE,TRUE,TRUE,TRUE,TRUE,TRUE,TRUE,"","criteria",TRUE,NA
"Arc_078","pwY7bQRstXsZc6iOpgRI","paleo1measurement1","temperature","degC","alkenone",NA,FALSE,"Arc-Kongressvatnet.D'Andrea.2012","LakeSediment",78.0217,13.9311,94,"Kongressvatnet","1.0.7",1,"Jun-Aug","positive","lake@surface",TRUE,110,232,2008,1776,10,1776,FALSE,21,TRUE,TRUE,FALSE,FALSE,TRUE,FALSE,TRUE,TRUE,TRUE,"resolution;calibration","curator admission",TRUE,NA
"Arc_079","DQkcrADp1V4f9peLHtiP","paleo1measurement1","temperature","degC","alkenone",NA,FALSE,"Arc-LakeE.D'Andrea.2011","LakeSediment",67,-50.7,170,"Lake E","1.0.5",1,"Jun-Jul","positive","lake@surface",TRUE,72,8.98506362614989,1876.20350642055,1867.2184427944,19.46618652655,1867.2184427944,FALSE,3,TRUE,TRUE,FALSE,FALSE,TRUE,FALSE,TRUE,TRUE,TRUE,"resolution;calibration","curator admission",TRUE,NA
"Arc_089","N3Lrg8SJa0nUC0wJcaaV","paleo1measurement1","d18O","permil","d18O",NA,FALSE,"Arc-AkademiiNaukIceCap.Opel.2013","GlacierIce",80.52,94.82,750,"Akademii Nauk Ice Cap, Severnaya Zemlya (Russian Arctic)","1.0.6",1,"Annual","positive","air@condensationLevel",TRUE,1099,900,1998,1098,1,1098,FALSE,149,TRUE,TRUE,TRUE,TRUE,TRUE,TRUE,TRUE,TRUE,TRUE,"","criteria",TRUE,NA
"Arc_090","N3Lrg8SJa0nUC0wJcaaV","paleo1measurement1","sodium","ng/g","Na",NA,FALSE,"Arc-AkademiiNaukIceCap.Opel.2013","GlacierIce",80.52,94.82,750,"Akademii Nauk Ice Cap, Severnaya Zemlya (Russian Arctic)","1.0.6",1,NA,NA,NA,TRUE,1099,900,1998,1098,1,1098,FALSE,149,TRUE,TRUE,TRUE,TRUE,TRUE,TRUE,TRUE,TRUE,TRUE,"","criteria",TRUE,NA
"Arc_093","1dm5Vr6HP8xtMlcAQPSr","paleo2measurement1","trsgi","unitless","ring width","dendrophysical",FALSE,"Arc-MackenzieDelta.Porter.2013","Wood",68.625,-133.87,5,"Mackenzie Delta","1.0.7",1,"Jun-Jul","positive","air@surface",TRUE,763,1245,2007,762,1,762,FALSE,158,TRUE,TRUE,TRUE,TRUE,TRUE,TRUE,TRUE,TRUE,TRUE,"","criteria",TRUE,NA
"Arc_099","TnprEFSEbjzQ8NIQ6Rkr","paleo1measurement1","iceMelt","percent","ice melt","cryophysical",FALSE,"Arc-WindyDome.Henderson.2011","GlacierIce",80.783,65.63,509,"Windy Dome","1.0.7",1,"Jul-Sep","positive","air@surface",TRUE,771,1225,1995,770,1,770,FALSE,146,TRUE,TRUE,TRUE,TRUE,TRUE,TRUE,TRUE,TRUE,TRUE,"","criteria",TRUE,NA
"Arc_099d18O","TnprEFSEbjzQ8NIQ6Rkr","paleo1measurement1","d18O","permil","d18O",NA,FALSE,"Arc-WindyDome.Henderson.2011","GlacierIce",80.783,65.63,509,"Windy Dome","1.0.7",1,"Annual","positive","air@condensationLevel",TRUE,771,1225,1995,770,1,770,FALSE,146,TRUE,TRUE,TRUE,TRUE,TRUE,TRUE,TRUE,TRUE,TRUE,"","criteria",TRUE,NA
"Arc_100","zZwmPpxTmeWkSCwx5S1f","paleo1measurement1","temperature","degC","ring width","dendrophysical",FALSE,"Arc-Yamalia.Briffa.2013","Wood",66.8,68,30,"Yamalia","1.0.6",1,"Jun-Jul","positive","air@surface",TRUE,1090,914,2003,1089,1,1089,FALSE,154,TRUE,TRUE,TRUE,TRUE,TRUE,TRUE,TRUE,TRUE,TRUE,"","criteria",TRUE,NA
"Arc_150","d4n32NY5F36ck2fxETt1","paleo1measurement1","MXD",NA,"maximum latewood density","dendrophysical",FALSE,"Arc-Forfjorddalen.McCarroll.2013","Wood",68.73,15.73,200,"Forfjorddalen","1.0.5",1,"Jun-Jul","positive","air@surface",TRUE,908,1100,2007,907,1,907,FALSE,158,TRUE,TRUE,TRUE,TRUE,TRUE,TRUE,TRUE,TRUE,TRUE,"","criteria",TRUE,NA
"Arc_151","PE15i79cXnh9rP8flv99","paleo1measurement1","d18O","permil","d18O",NA,FALSE,"Arc-PrinceOfWales.Kinnard.2011","GlacierIce",78.4,-80.4,2030,"Prince-of-Wales, Ellesmere Isl.","1.0.5",1,"Annual","positive","air@condensationLevel",TRUE,1845,151,1995,1844,1,1844,FALSE,146,TRUE,TRUE,TRUE,TRUE,TRUE,TRUE,TRUE,TRUE,TRUE,"","criteria",FALSE,"cross-dataset"
"Arc_152","naPM2cYchOSPy6zfDWU2","paleo1measurement1","MXD",NA,"maximum latewood density","dendrophysical",FALSE,"Arc-Jamtland.Wilson.2016","Wood",63.2475,13.3375,650,"Jamtland, Sweden","1.0.5",1,"Apr-Sep","positive","air@surface",TRUE,1229,783,2011,1228,1,1228,FALSE,162,TRUE,TRUE,TRUE,TRUE,TRUE,TRUE,TRUE,TRUE,TRUE,"","criteria",TRUE,NA
"Arc_162","ED40uEJ0zLZCL4qk0FHu","paleo1measurement1","density",NA,"ring width","dendrophysical",FALSE,"Arc-PolarUrals.Wilson.2015","Wood",66.9,65.6,250,"Polar Urals","1.0.5",1,"Jun-Aug","positive","air@surface",TRUE,1116,891,2006,1115,1,1115,FALSE,157,TRUE,TRUE,TRUE,TRUE,TRUE,TRUE,TRUE,TRUE,TRUE,"","criteria",TRUE,NA
"Asia_001","lgsBVpksbCmwTBMvqtZ9","paleo1measurement1","trsgi","unitless","ring width","dendrophysical",FALSE,"Asi-AltaiAktru.Cook.2005","Wood",50.08,87.77,2150,"Altai Mt., Aktru Valley","1.0.6",1,"Annual","positive","air@surface",TRUE,504,1495,1998,503,1,503,FALSE,149,TRUE,TRUE,TRUE,TRUE,TRUE,TRUE,TRUE,TRUE,TRUE,"","criteria",TRUE,NA
"Asia_002","UTLg03AxzfU2L09bHQ7Z","paleo1measurement1","trsgi","unitless","ring width","dendrophysical",FALSE,"Asi-AltaiDjasator.Cook.2011","Wood",49.62,88.1,2100,"Altai Mt., Djasator","1.0.8",1,"Annual","positive","air@surface",TRUE,440,1561,2000,439,1,439,FALSE,151,TRUE,TRUE,TRUE,TRUE,TRUE,TRUE,TRUE,TRUE,TRUE,"","criteria",TRUE,NA
"Asia_003","MtptjteRRkf0wtoamJUk","paleo1measurement1","trsgi","unitless","ring width","dendrophysical",FALSE,"Asi-AltaiJablonsky.Cook.2000","Wood",50.87,85.23,1450,"Altai Mt., Jablonsky Pass.","1.0.6",1,"Summer","positive","air@surface",TRUE,428,1568,1995,427,1,427,FALSE,146,TRUE,TRUE,TRUE,TRUE,TRUE,TRUE,TRUE,TRUE,TRUE,"","criteria",TRUE,NA
"Asia_004","6bDCv0J4KJleoMXOsZQN","paleo1measurement1","trsgi","unitless","ring width","dendrophysical",FALSE,"Asi-AltaiKuraisky.Cook.2011","Wood",50.3,87.83,2000,"Altai Mt., Kuraisky Ridge","1.0.8",1,"Annual","positive","air@surface",TRUE,463,1538,2000,462,1,462,FALSE,151,TRUE,TRUE,TRUE,TRUE,TRUE,TRUE,TRUE,TRUE,TRUE,"","criteria",TRUE,NA
"Asia_005","cNLyUqyQ6z3oyZwg8O9w","paleo1measurement1","trsgi","unitless","ring width","dendrophysical",FALSE,"Asi-AltaiKuraiskySteppe.Cook.2011","Wood",50.27,87.83,1650,"Altai Mt., Kuraisky Steppe","1.0.6",1,"Annual","positive","air@surface",TRUE,504,1497,2000,503,1,503,FALSE,151,TRUE,TRUE,TRUE,TRUE,TRUE,TRUE,TRUE,TRUE,TRUE,"","criteria",TRUE,NA
"Asia_006","knmeVbFB4qIVAhd3uYBk","paleo1measurement1","trsgi","unitless","ring width","dendrophysical",FALSE,"Asi-AltaiSamakhaSteppe.Cook.2011","Wood",49.72,87.28,1550,"Altai Mt., Samakha Steppe","1.0.6",1,"Annual","positive","air@surface",TRUE,459,1542,2000,458,1,458,FALSE,151,TRUE,TRUE,TRUE,TRUE,TRUE,TRUE,TRUE,TRUE,TRUE,"","criteria",TRUE,NA
"Asia_007","uAF8Z2L1cSQFjCaILtRY","paleo1measurement1","trsgi","unitless","ring width","dendrophysical",FALSE,"Asi-AltaiKorumdu.Cook.2005","Wood",50.14,87.72,2200,"Altai Mt., Korumdu Valley","1.0.6",1,"Annual","positive","air@surface",TRUE,582,1418,1999,581,1,581,FALSE,150,TRUE,TRUE,TRUE,TRUE,TRUE,TRUE,TRUE,TRUE,TRUE,"","criteria",TRUE,NA
"Asia_008","IRAxAZ8Jz3fQ1FvTO51s","paleo1measurement1","trsgi","unitless","ring width","dendrophysical",FALSE,"Asi-AltaiTjute.Cook.2011","Wood",50.12,87.92,1700,"Altai Mt., Tjute Valley","1.0.6",1,"Annual","positive","air@surface",TRUE,447,1554,2000,446,1,446,FALSE,151,TRUE,TRUE,TRUE,TRUE,TRUE,TRUE,TRUE,TRUE,TRUE,"","criteria",TRUE,NA
"Asia_009","QGAtmIaZ3ySiboo6zmSE","paleo1measurement1","trsgi","unitless","ring width","dendrophysical",FALSE,"Asi-AltaiUstUlaganLake.Cook.2005","Wood",50.48,87.67,2150,"Altai Mt., Ust Ulagan Lake","1.0.6",1,"Annual","positive","air@surface",TRUE,446,1550,1995,445,1,445,FALSE,146,TRUE,TRUE,TRUE,TRUE,TRUE,TRUE,TRUE,TRUE,TRUE,"","criteria",TRUE,NA
"Asia_010","H5i7wUA7EaiYcPx4C8pz","paleo1measurement1","trsgi","unitless","ring width","dendrophysical",FALSE,"Asi-AltaiUlaganValley.Cook.2011","Wood",50.68,87.97,1300,"Altai Mt., Ulagan Valley","1.0.6",1,"Annual","positive","air@surface",TRUE,446,1555,2000,445,1,445,FALSE,151,TRUE,TRUE,TRUE,TRUE,TRUE,TRUE,TRUE,TRUE,TRUE,"","criteria",TRUE,NA
"Asia_011","Yr7jXww6YdAeocZ15pHF","paleo1measurement1","trsgi","unitless","ring width","dendrophysical",FALSE,"Asi-UULTRW.Schweingruber.2002","Wood",50.48,87.65,2150,"Altai Mt., Ust Ulagan Lake","1.0.7",1,"Summer","positive","air@surface",TRUE,414,1581,1994,413,1,413,FALSE,145,TRUE,TRUE,TRUE,TRUE,TRUE,TRUE,TRUE,TRUE,TRUE,"","criteria",TRUE,NA
"Asia_012","eEw2NYLXBwJbQld5DNY4","paleo1measurement1","trsgi","unitless","ring width","dendrophysical",FALSE,"Asi-UULEWW.Schweingruber.2002","Wood",50.48,87.65,2150,"Altai Mt., Ust Ulagan Lake","1.0.7",1,"Summer","positive","air@surface",TRUE,414,1581,1994,413,1,413,FALSE,145,TRUE,TRUE,TRUE,TRUE,TRUE,TRUE,TRUE,TRUE,TRUE,"","criteria",FALSE,"cross-dataset"
"Asia_013","z9uba9ASV32ssYKO4IJT","paleo1measurement1","trsgi","unitless","ring width","dendrophysical",FALSE,"Asi-UULLWW.Schweingruber.2002","Wood",50.48,87.65,2150,"Altai Mt., Ust Ulagan Lake","1.0.7",1,"Summer","positive","air@surface",TRUE,414,1581,1994,413,1,413,FALSE,145,TRUE,TRUE,TRUE,TRUE,TRUE,TRUE,TRUE,TRUE,TRUE,"","criteria",TRUE,NA
"Asia_014","mzdLCHfI3mANwx5YyC7j","paleo1measurement1","trsgi","unitless","ring width","dendrophysical",FALSE,"Asi-UULEWD.Schweingruber.2002","Wood",50.48,87.65,2150,"Altai Mt., Ust Ulagan Lake","1.0.7",1,"Summer","positive","air@surface",TRUE,414,1581,1994,413,1,413,FALSE,145,TRUE,TRUE,TRUE,TRUE,TRUE,TRUE,TRUE,TRUE,TRUE,"","criteria",TRUE,NA
"Asia_015","YkYBVowJ8pRp4SZicNBT","paleo1measurement1","trsgi","unitless","ring width","dendrophysical",FALSE,"Asi-UULLWD.Schweingruber.2002","Wood",50.48,87.65,2150,"Altai Mt., Ust Ulagan Lake","1.0.7",1,"Summer","positive","air@surface",TRUE,414,1581,1994,413,1,413,FALSE,145,TRUE,TRUE,TRUE,TRUE,TRUE,TRUE,TRUE,TRUE,TRUE,"","criteria",TRUE,NA
"Asia_016","eEmC0GYj0JdOQikwbfzW","paleo1measurement1","trsgi","unitless","ring width","dendrophysical",FALSE,"Asi-UULMND.Schweingruber.2002","Wood",50.48,87.65,2150,"Altai Mt., Ust Ulagan Lake","1.0.7",1,"Summer","positive","air@surface",TRUE,414,1581,1994,413,1,413,FALSE,145,TRUE,TRUE,TRUE,TRUE,TRUE,TRUE,TRUE,TRUE,TRUE,"","criteria",TRUE,NA
"Asia_017","xubNSAgoI2IrIMOfXOXV","paleo1measurement1","trsgi","unitless","ring width","dendrophysical",FALSE,"Asi-UULMXD.Schweingruber.2002","Wood",50.48,87.65,2150,"Altai Mt., Ust Ulagan Lake","1.0.7",1,"Summer","positive","air@surface",TRUE,414,1581,1994,413,1,413,FALSE,145,TRUE,TRUE,TRUE,TRUE,TRUE,TRUE,TRUE,TRUE,TRUE,"","criteria",FALSE,"cross-dataset"
"Asia_018","fZis8FytC3c54nR34FDw","paleo1measurement1","trsgi","unitless","ring width","dendrophysical",FALSE,"Asi-UKHTRW.Schweingruber.2002","Wood",50.15,85.37,1750,"Altai Mt., Ust Koksa Hill","1.0.7",1,"Summer","positive","air@surface",TRUE,414,1581,1994,413,1,413,FALSE,145,TRUE,TRUE,TRUE,TRUE,TRUE,TRUE,TRUE,TRUE,TRUE,"","criteria",TRUE,NA
"Asia_019","x2KtGYUEPqgjyJTOcIGF","paleo1measurement1","trsgi","unitless","ring width","dendrophysical",FALSE,"Asi-UKHEWW.Schweingruber.2002","Wood",50.15,85.37,1750,"Altai Mt., Ust Koksa Hill","1.0.7",1,"Summer","positive","air@surface",TRUE,414,1581,1994,413,1,413,FALSE,145,TRUE,TRUE,TRUE,TRUE,TRUE,TRUE,TRUE,TRUE,TRUE,"","criteria",FALSE,"cross-dataset"
"Asia_020","mWBMdLBLO60HsolIkzfe","paleo1measurement1","trsgi","unitless","ring width","dendrophysical",FALSE,"Asi-UKHLWW.Schweingruber.2002","Wood",50.15,85.37,1750,"Altai Mt., Ust Koksa Hill","1.0.7",1,"Summer","positive","air@surface",TRUE,414,1581,1994,413,1,413,FALSE,145,TRUE,TRUE,TRUE,TRUE,TRUE,TRUE,TRUE,TRUE,TRUE,"","criteria",TRUE,NA
"Asia_021","UgKydyBhsnRX0FyCcMcL","paleo1measurement1","trsgi","unitless","ring width","dendrophysical",FALSE,"Asi-UKHEWD.Schweingruber.2002","Wood",50.15,85.37,1750,"Altai Mt., Ust Koksa Hill","1.0.7",1,"Summer","positive","air@surface",TRUE,414,1581,1994,413,1,413,FALSE,145,TRUE,TRUE,TRUE,TRUE,TRUE,TRUE,TRUE,TRUE,TRUE,"","criteria",TRUE,NA
"Asia_022","02FdjjuIUmFedlZZi5cu","paleo1measurement1","trsgi","unitless","ring width","dendrophysical",FALSE,"Asi-UKHLWD.Schweingruber.2002","Wood",50.15,85.37,1750,"Altai Mt., Ust Koksa Hill","1.0.7",1,"Summer","positive","air@surface",TRUE,414,1581,1994,413,1,413,FALSE,145,TRUE,TRUE,TRUE,TRUE,TRUE,TRUE,TRUE,TRUE,TRUE,"","criteria",FALSE,"cross-dataset"
"Asia_023","badU9kp2bnRFrWcCwhWs","paleo1measurement1","trsgi","unitless","ring width","dendrophysical",FALSE,"Asi-UKHMND.Schweingruber.2002","Wood",50.15,85.37,1750,"Altai Mt., Ust Koksa Hill","1.0.7",1,"Summer","positive","air@surface",TRUE,414,1581,1994,413,1,413,FALSE,145,TRUE,TRUE,TRUE,TRUE,TRUE,TRUE,TRUE,TRUE,TRUE,"","criteria",TRUE,NA
"Asia_024","ZoPe0CTAW1aHByFib2o3","paleo1measurement1","trsgi","unitless","ring width","dendrophysical",FALSE,"Asi-UKHMXD.Schweingruber.2002","Wood",50.15,85.37,1750,"Altai Mt., Ust Koksa Hill","1.0.7",1,"Summer","positive","air@surface",TRUE,414,1581,1994,413,1,413,FALSE,145,TRUE,TRUE,TRUE,TRUE,TRUE,TRUE,TRUE,TRUE,TRUE,"","criteria",TRUE,NA
"Asia_025","Kov2Civ8jqq8yzmBCRgZ","paleo1measurement1","trsgi","unitless","ring width","dendrophysical",FALSE,"Asi-BT001.Cook.2010","Wood",27.58,90.65,2150,"BT001","1.0.6",1,"Annual","positive","air@surface",TRUE,710,1294,2003,709,1,709,FALSE,154,TRUE,TRUE,TRUE,TRUE,TRUE,TRUE,TRUE,TRUE,TRUE,"","criteria",TRUE,NA
"Asia_026","NzmmtG8TUCVBrvJcxOMW","paleo1measurement1","trsgi","unitless","ring width","dendrophysical",FALSE,"Asi-BT002.Cook.2010","Wood",27.67,90.73,2100,"BT002","1.0.6",1,"Annual","positive","air@surface",TRUE,550,1454,2003,549,1,549,FALSE,154,TRUE,TRUE,TRUE,TRUE,TRUE,TRUE,TRUE,TRUE,TRUE,"","criteria",TRUE,NA
"Asia_027","wfE0WbwBPwNmhOGemcBN","paleo1measurement1","trsgi","unitless","ring width","dendrophysical",FALSE,"Asi-BT003.Cook.2010","Wood",27.7,90.77,1450,"BT003","1.0.6",1,"Annual","positive","air@surface",TRUE,484,1520,2003,483,1,483,FALSE,154,TRUE,TRUE,TRUE,TRUE,TRUE,TRUE,TRUE,TRUE,TRUE,"","criteria",TRUE,NA
"Asia_028","m4qoHMA78euPnGBSGjSU","paleo1measurement1","trsgi","unitless","ring width","dendrophysical",FALSE,"Asi-BT004.Cook.2010","Wood",27.7,90.68,2000,"BT004","1.0.8",1,"Annual","positive","air@surface",TRUE,523,1481,2003,522,1,522,FALSE,154,TRUE,TRUE,TRUE,TRUE,TRUE,TRUE,TRUE,TRUE,TRUE,"","criteria",TRUE,NA
"Asia_029","U41Q0UQoRgf1Q7Kz1Ykn","paleo1measurement1","trsgi","unitless","ring width","dendrophysical",FALSE,"Asi-BHUTTD.PAGES2k.2013","Wood",27.67,90.72,1650,"BHUTTD","1.0.6",1,"Summer","positive","air@surface",TRUE,554,1450,2003,553,1,553,FALSE,154,TRUE,TRUE,TRUE,TRUE,TRUE,TRUE,TRUE,TRUE,TRUE,"","criteria",TRUE,NA
"Asia_030","j1nx25F13ZfcfFC7LPt0","paleo1measurement1","trsgi","unitless","ring width","dendrophysical",FALSE,"Asi-BT006.Cook.2010","Wood",27.63,90.13,1550,"BT006","1.0.6",1,"Annual","positive","air@surface",TRUE,606,1400,2005,605,1,605,FALSE,156,TRUE,TRUE,TRUE,TRUE,TRUE,TRUE,TRUE,TRUE,TRUE,"","criteria",TRUE,NA
"Asia_031","QihwaMwPFByFj1QACQD5","paleo1measurement1","trsgi","unitless","ring width","dendrophysical",FALSE,"Asi-BT008.Cook.2010","Wood",27.58,90.65,2200,"BT008","1.0.6",1,"Annual","positive","air@surface",TRUE,724,1280,2003,723,1,723,FALSE,154,TRUE,TRUE,TRUE,TRUE,TRUE,TRUE,TRUE,TRUE,TRUE,"","criteria",TRUE,NA
"Asia_032","gK2v3WXKPJ8Pa4jtd9eo","paleo1measurement1","trsgi","unitless","ring width","dendrophysical",FALSE,"Asi-BT009.Cook.2010","Wood",27.42,90.97,1700,"BT009","1.0.8",1,"Annual","positive","air@surface",TRUE,546,1457,2002,545,1,545,FALSE,153,TRUE,TRUE,TRUE,TRUE,TRUE,TRUE,TRUE,TRUE,TRUE,"","criteria",TRUE,NA
"Asia_033","46e4f43DPCjxYxAkYi1y","paleo1measurement1","trsgi","unitless","ring width","dendrophysical",FALSE,"Asi-BT010.Cook.2010","Wood",27.25,89.38,2150,"BT010","1.0.8",1,"Annual","positive","air@surface",TRUE,522,1484,2005,521,1,521,FALSE,156,TRUE,TRUE,TRUE,TRUE,TRUE,TRUE,TRUE,TRUE,TRUE,"","criteria",TRUE,NA
"Asia_034","7gvUnsQyEwMUTzJaSlCQ","paleo1measurement1","trsgi","unitless","ring width","dendrophysical",FALSE,"Asi-BHUTSP.PAGES2k.2013","Wood",27.45,90,1300,"BHUTSP","1.0.6",1,"Summer","positive","air@surface",TRUE,726,1280,2005,725,1,725,FALSE,156,TRUE,TRUE,TRUE,TRUE,TRUE,TRUE,TRUE,TRUE,TRUE,"","criteria",TRUE,NA
"Asia_035","Fhfn35O1nkV7azcTuOlF","paleo1measurement1","trsgi","unitless","ring width","dendrophysical",FALSE,"Asi-BT018.Cook.2010","Wood",27.95,89.75,2150,"BT018","1.0.7",1,"Annual","positive","air@surface",TRUE,554,1453,2006,553,1,553,FALSE,157,TRUE,TRUE,TRUE,TRUE,TRUE,TRUE,TRUE,TRUE,TRUE,"","criteria",TRUE,NA
"Asia_036","Ytu7X3xtHaedHjGElrgr","paleo1measurement1","trsgi","unitless","ring width","dendrophysical",FALSE,"Asi-BT011.Cook.2010","Wood",27.45,90.15,2150,"BT011","1.0.8",1,"Annual","positive","air@surface",TRUE,550,1456,2005,549,1,549,FALSE,156,TRUE,TRUE,TRUE,TRUE,TRUE,TRUE,TRUE,TRUE,TRUE,"","criteria",TRUE,NA
"Asia_037","ZRmxHoK8ea5Yl9Ydxc7Y","paleo1measurement1","trsgi","unitless","ring width","dendrophysical",FALSE,"Asi-BT005.Cook.2010","Wood",27.45,90.15,2150,"BT005","1.0.6",1,"Annual","positive","air@surface",TRUE,425,1582,2006,424,1,424,FALSE,157,TRUE,TRUE,TRUE,TRUE,TRUE,TRUE,TRUE,TRUE,TRUE,"","criteria",TRUE,NA
"Asia_038","OqE4XtSl3oMUyrQR9S5d","paleo1measurement1","trsgi","unitless","ring width","dendrophysical",FALSE,"Asi-CHIN020.Li.2010","Wood",30.23,100.27,2150,"CHIN020","1.0.7",1,"Annual","positive","air@surface",TRUE,702,1306,2007,701,1,701,FALSE,158,TRUE,TRUE,TRUE,TRUE,TRUE,TRUE,TRUE,TRUE,TRUE,"","criteria",TRUE,NA
"Asia_039","K9nwScT3zDJ81aCuHtc1","paleo1measurement1","trsgi","unitless","ring width","dendrophysical",FALSE,"Asi-CHIN021.Li.2010","Wood",28.98,99.93,2150,"CHIN021","1.0.7",1,"Annual","positive","air@surface",TRUE,628,1380,2007,627,1,627,FALSE,158,TRUE,TRUE,TRUE,TRUE,TRUE,TRUE,TRUE,TRUE,TRUE,"","criteria",TRUE,NA
"Asia_040","xKQPJ1LCqT32TSJOln3q","paleo1measurement1","trsgi","unitless","ring width","dendrophysical",FALSE,"Asi-CHIN018.Li.2010","Wood",29.28,100.08,2150,"CHIN018","1.0.7",1,"Annual","positive","air@surface",TRUE,467,1540,2006,466,1,466,FALSE,157,TRUE,TRUE,TRUE,TRUE,TRUE,TRUE,TRUE,TRUE,TRUE,"","criteria",TRUE,NA
"Asia_041","4vwbAqnBgjvHsbbp2loD","paleo1measurement1","trsgi","unitless","ring width","dendrophysical",FALSE,"Asi-CHIN019.Li.2010","Wood",29.15,99.93,2150,"CHIN019","1.0.7",1,"Annual","positive","air@surface",TRUE,498,1509,2006,497,1,497,FALSE,157,TRUE,TRUE,TRUE,TRUE,TRUE,TRUE,TRUE,TRUE,TRUE,"","criteria",TRUE,NA
"Asia_042","jNviEYJCrZxAouRsI8Nt","paleo1measurement1","trsgi","unitless","ring width","dendrophysical",FALSE,"Asi-WXIYUN.Wright.2010","Wood",27.33,99.3,1750,"CHIN027","1.0.7",1,"Annual","positive","air@surface",TRUE,660,1348,2007,659,1,659,FALSE,158,TRUE,TRUE,TRUE,TRUE,TRUE,TRUE,TRUE,TRUE,TRUE,"","criteria",TRUE,NA
"Asia_043","t1fpAotEDgW847OKYeXK","paleo1measurement1","trsgi","unitless","ring width","dendrophysical",FALSE,"Asi-DEZQIN.PAGES2k.2013","Wood",34.75,100.82,1750,"DEZQIN","1.0.7",1,"Summer","positive","air@surface",TRUE,718,1287,2004,717,1,717,FALSE,155,TRUE,TRUE,TRUE,TRUE,TRUE,TRUE,TRUE,TRUE,TRUE,"","criteria",TRUE,NA
"Asia_044","g07OAJJUrdd3QcKOybXm","paleo1measurement1","trsgi","unitless","ring width","dendrophysical",FALSE,"Asi-GOUQIN.PAGES2k.2013","Wood",34.73,100.8,1750,"GOUQIN","1.0.7",1,"Summer","positive","air@surface",TRUE,659,1346,2004,658,1,658,FALSE,155,TRUE,TRUE,TRUE,TRUE,TRUE,TRUE,TRUE,TRUE,TRUE,"","criteria",TRUE,NA
"Asia_045","ZepJ6IPamTi286WX4pdd","paleo1measurement1","trsgi","unitless","ring width","dendrophysical",FALSE,"Asi-HEBQIN.PAGES2k.2013","Wood",34.73,100.78,1750,"HEBQIN","1.0.7",1,"Summer","positive","air@surface",TRUE,530,1475,2004,529,1,529,FALSE,155,TRUE,TRUE,TRUE,TRUE,TRUE,TRUE,TRUE,TRUE,TRUE,"","criteria",TRUE,NA
"Asia_046","H7V9per4vpW3woYJfZQG","paleo1measurement1","trsgi","unitless","ring width","dendrophysical",FALSE,"Asi-LAJQIN.PAGES2k.2013","Wood",34.72,100.72,1750,"LAJQIN","1.0.7",1,"Summer","positive","air@surface",TRUE,559,1446,2004,558,1,558,FALSE,155,TRUE,TRUE,TRUE,TRUE,TRUE,TRUE,TRUE,TRUE,TRUE,"","criteria",TRUE,NA
"Asia_047","Y6t47evqGoaqeu0z4zZl","paleo1measurement1","trsgi","unitless","ring width","dendrophysical",FALSE,"Asi-GHEGAN.PAGES2k.2013","Wood",37.93,101.53,1750,"GHEGAN","1.0.7",1,"Summer","positive","air@surface",TRUE,713,1288,2000,712,1,712,FALSE,151,TRUE,TRUE,TRUE,TRUE,TRUE,TRUE,TRUE,TRUE,TRUE,"","criteria",TRUE,NA
"Asia_048","aO4pVTNX4OEB2iGj8FnM","paleo1measurement1","trsgi","unitless","ring width","dendrophysical",FALSE,"Asi-CHIN006.Sheppard.2013","Wood",36.3,98.08,1750,"CHIN006","1.0.7",1,"Summer","positive","air@surface",TRUE,1835,159,1993,1834,1,1834,FALSE,144,TRUE,TRUE,TRUE,TRUE,TRUE,TRUE,TRUE,TRUE,TRUE,"","criteria",TRUE,NA
"Asia_049","Sd2bBlntJQFkhJZ6gOPn","paleo1measurement1","trsgi","unitless","ring width","dendrophysical",FALSE,"Asi-CHIN005.Sheppard.2013","Wood",37,98.08,100,"CHIN005","1.0.7",1,"Summer","positive","air@surface",TRUE,1154,840,1993,1153,1,1153,FALSE,144,TRUE,TRUE,TRUE,TRUE,TRUE,TRUE,TRUE,TRUE,TRUE,"","criteria",TRUE,NA
"Asia_050","8MnwPwkzPfCPaY3RKXq1","paleo1measurement1","trsgi","unitless","ring width","dendrophysical",FALSE,"Asi-DUSHJP.PAGES2k.2013","Wood",36.65,98.08,100,"DUSHJP","1.0.7",1,"Summer","positive","air@surface",TRUE,1154,840,1993,1153,1,1153,FALSE,144,TRUE,TRUE,TRUE,TRUE,TRUE,TRUE,TRUE,TRUE,TRUE,"","criteria",TRUE,NA
"Asia_051","CXPtXmj3axnTM2Y3fKN1","paleo1measurement1","trsgi","unitless","ring width","dendrophysical",FALSE,"Asi-MQAXJP.PAGES2k.2013","Wood",35.07,100.35,700,"MQAXJP","1.0.7",1,"Summer","positive","air@surface",TRUE,920,1082,2001,919,1,919,FALSE,152,TRUE,TRUE,TRUE,TRUE,TRUE,TRUE,TRUE,TRUE,TRUE,"","criteria",TRUE,NA
"Asia_052","GD9lJBa0moexJq35EDDP","paleo1measurement1","trsgi","unitless","ring width","dendrophysical",FALSE,"Asi-MQBXJP.PAGES2k.2013","Wood",34.78,99.78,800,"MQBXJP","1.0.7",1,"Summer","positive","air@surface",TRUE,1533,470,2002,1532,1,1532,FALSE,153,TRUE,TRUE,TRUE,TRUE,TRUE,TRUE,TRUE,TRUE,TRUE,"","criteria",TRUE,NA
"Asia_053","z9ieH73QErggD1IQ6FCG","paleo1measurement1","trsgi","unitless","ring width","dendrophysical",FALSE,"Asi-MQDXJP.PAGES2k.2013","Wood",34.72,99.67,500,"MQDXJP","1.0.7",1,"Summer","positive","air@surface",TRUE,839,1163,2001,838,1,838,FALSE,152,TRUE,TRUE,TRUE,TRUE,TRUE,TRUE,TRUE,TRUE,TRUE,"","criteria",TRUE,NA
"Asia_054","31mBz3kv2e9tf9TIJvZd","paleo1measurement1","trsgi","unitless","ring width","dendrophysical",FALSE,"Asi-MQFXJP.PAGES2k.2013","Wood",34.75,99.68,700,"MQFXJP","1.0.7",1,"Summer","positive","air@surface",TRUE,773,1230,2002,772,1,772,FALSE,153,TRUE,TRUE,TRUE,TRUE,TRUE,TRUE,TRUE,TRUE,TRUE,"","criteria",TRUE,NA
"Asia_055","hOcUg6i61ruqW4eZ9Ruf","paleo1measurement1","trsgi","unitless","ring width","dendrophysical",FALSE,"Asi-MQRXJP.PAGES2k.2013","Wood",34.75,99.68,100,"MQRXJP","1.0.7",1,"Summer","positive","air@surface",TRUE,1043,960,2002,1042,1,1042,FALSE,153,TRUE,TRUE,TRUE,TRUE,TRUE,TRUE,TRUE,TRUE,TRUE,"","criteria",TRUE,NA
"Asia_056","JqFHEqCJAhrY9f3hujTT","paleo1measurement1","trsgi","unitless","ring width","dendrophysical",FALSE,"Asi-TDAXJP.PAGES2k.2013","Wood",34.78,100.8,0,"TDAXJP","1.0.7",1,"Summer","positive","air@surface",TRUE,663,1340,2002,662,1,662,FALSE,153,TRUE,TRUE,TRUE,TRUE,TRUE,TRUE,TRUE,TRUE,TRUE,"","criteria",TRUE,NA
"Asia_057","3bGKU5vlATAPahC0FMAq","paleo1measurement1","trsgi","unitless","ring width","dendrophysical",FALSE,"Asi-TDBXJP.PAGES2k.2013","Wood",34.78,100.82,200,"TDBXJP","1.0.7",1,"Summer","positive","air@surface",TRUE,603,1400,2002,602,1,602,FALSE,153,TRUE,TRUE,TRUE,TRUE,TRUE,TRUE,TRUE,TRUE,TRUE,"","criteria",TRUE,NA
"Asia_058","TXJLoKYeGvCr1De7qogx","paleo1measurement1","trsgi","unitless","ring width","dendrophysical",FALSE,"Asi-HBLXJP.PAGES2k.2013","Wood",34.78,100.82,4000,"HBLXJP","1.0.7",1,"Summer","positive","air@surface",TRUE,483,1520,2002,482,1,482,FALSE,153,TRUE,TRUE,TRUE,TRUE,TRUE,TRUE,TRUE,TRUE,TRUE,"","criteria",TRUE,NA
"Asia_059","bhxYU0OoPSxlaVX9KItI","paleo1measurement1","trsgi","unitless","ring width","dendrophysical",FALSE,"Asi-HBMXJP.PAGES2k.2013","Wood",34.78,100.82,3300,"HBMXJP","1.0.7",1,"Summer","positive","air@surface",TRUE,693,1310,2002,692,1,692,FALSE,153,TRUE,TRUE,TRUE,TRUE,TRUE,TRUE,TRUE,TRUE,TRUE,"","criteria",TRUE,NA
"Asia_060","5PncfsFwAL0fxKr1g6VK","paleo1measurement1","trsgi","unitless","ring width","dendrophysical",FALSE,"Asi-HBHXJP.PAGES2k.2013","Wood",34.78,100.82,2100,"HBHXJP","1.0.7",1,"Summer","positive","air@surface",TRUE,503,1500,2002,502,1,502,FALSE,153,TRUE,TRUE,TRUE,TRUE,TRUE,TRUE,TRUE,TRUE,TRUE,"","criteria",TRUE,NA
"Asia_061","IiA0Giws3HUOkvuqbceh","paleo1measurement1","trsgi","unitless","ring width","dendrophysical",FALSE,"Asi-BARELC.PAGES2k.2013","Wood",33.75,107.8,2700,"BARELC","1.0.6",1,"Summer","positive","air@surface",TRUE,393,1600,1992,392,1,392,FALSE,143,TRUE,TRUE,TRUE,TRUE,TRUE,TRUE,TRUE,TRUE,TRUE,"","criteria",TRUE,NA
"Asia_062","vIhHnzXrt8wqdUIj3Ozn","paleo1measurement1","trsgi","unitless","ring width","dendrophysical",FALSE,"Asi-CHIN004.Wu.2013","Wood",34.48,110.08,4050,"CHIN004","1.0.7",1,"Summer","positive","air@surface",TRUE,451,1540,1990,450,1,450,FALSE,141,TRUE,TRUE,TRUE,TRUE,TRUE,TRUE,TRUE,TRUE,TRUE,"","criteria",TRUE,NA
"Asia_063","P5amyjIw955oUFYxQXSq","paleo1measurement1","trsgi","unitless","ring width","dendrophysical",FALSE,"Asi-SANGTS.PAGES2k.2013","Wood",33.65,107.8,3750,"SANGTS","1.0.7",1,"Summer","positive","air@surface",TRUE,418,1575,1992,417,1,417,FALSE,143,TRUE,TRUE,TRUE,TRUE,TRUE,TRUE,TRUE,TRUE,TRUE,"","criteria",TRUE,NA
"Asia_064","6zx1i7KiEuC1es9k6Alz","paleo1measurement1","trsgi","unitless","ring width","dendrophysical",FALSE,"Asi-CHIN029.Krusic.2010","Wood",43.85,93.3,4150,"CHIN029","1.0.7",1,"Annual","positive","air@surface",TRUE,432,1571,2002,431,1,431,FALSE,153,TRUE,TRUE,TRUE,TRUE,TRUE,TRUE,TRUE,TRUE,TRUE,"","criteria",TRUE,NA
"Asia_065","ELtaVGFZ6JH6rb2kx33D","paleo1measurement1","trsgi","unitless","ring width","dendrophysical",FALSE,"Asi-TIANMU.PAGES2k.2013","Wood",30.33,119.43,3539,"TIANMU","1.0.7",1,"Summer","positive","air@surface",TRUE,418,1590,2007,417,1,417,FALSE,158,TRUE,TRUE,TRUE,TRUE,TRUE,TRUE,TRUE,TRUE,TRUE,"","criteria",TRUE,NA
"Asia_066","Zrd5MZYrHBPbQUIgeGRx","paleo1measurement1","trsgi","unitless","ring width","dendrophysical",FALSE,"Asi-WULANJ.PAGES2k.2013","Wood",37.03,98.68,3040,"WULANJ","1.0.7",1,"Summer","positive","air@surface",TRUE,1851,150,2000,1850,1,1850,FALSE,151,TRUE,TRUE,TRUE,TRUE,TRUE,TRUE,TRUE,TRUE,TRUE,"","criteria",TRUE,NA
"Asia_067","MeDGoQVkpoDQPHGpN8R9","paleo1measurement1","trsgi","unitless","ring width","dendrophysical",FALSE,"Asi-QUMAJP.PAGES2k.2013","Wood",33.8,96.13,3400,"QUMAJP","1.0.7",1,"Summer","positive","air@surface",TRUE,523,1480,2002,522,1,522,FALSE,153,TRUE,TRUE,TRUE,TRUE,TRUE,TRUE,TRUE,TRUE,TRUE,"","criteria",TRUE,NA
"Asia_068","Y1s1AfGb8ipWnJ6USpuo","paleo1measurement1","trsgi","unitless","ring width","dendrophysical",FALSE,"Asi-ZHIDJP.Shao.2003","Wood",33.72,96.28,3800,"ZHIDJP","1.0.7",1,"Apr-Jun","positive","air@surface",TRUE,629,1374,2002,628,1,628,FALSE,153,TRUE,TRUE,TRUE,TRUE,TRUE,TRUE,TRUE,TRUE,TRUE,"","criteria",TRUE,NA
"Asia_069","o6VJSYZmh0C5yiu6qKOP","paleo1measurement1","trsgi","unitless","ring width","dendrophysical",FALSE,"Asi-ZHANGX.PAGES2k.2010","Wood",34.63,104.47,2900,"ZHANGX","1.0.7",1,"Annual","positive","air@surface",TRUE,439,1568,2006,438,1,438,FALSE,157,TRUE,TRUE,TRUE,TRUE,TRUE,TRUE,TRUE,TRUE,TRUE,"","criteria",TRUE,NA
"Asia_070","Zjfja9KEqN7GMoFreJvL","paleo1measurement1","trsgi","unitless","ring width","dendrophysical",FALSE,"Asi-CHIN017.Li.2010","Wood",28.9,99.75,3500,"CHIN017","1.0.7",1,"Annual","positive","air@surface",TRUE,556,1452,2007,555,1,555,FALSE,158,TRUE,TRUE,TRUE,TRUE,TRUE,TRUE,TRUE,TRUE,TRUE,"","criteria",TRUE,NA
"Asia_071","uf9sQySwz05ZlgM4aoCs","paleo1measurement1","trsgi","unitless","ring width","dendrophysical",FALSE,"Asi-CHIN016.Li.2010","Wood",31.78,101.92,3900,"CHIN016","1.0.7",1,"Annual","positive","air@surface",TRUE,433,1575,2007,432,1,432,FALSE,158,TRUE,TRUE,TRUE,TRUE,TRUE,TRUE,TRUE,TRUE,TRUE,"","criteria",TRUE,NA
"Asia_072","2N6kZBNdE8HBT8UYitJA","paleo1measurement1","trsgi","unitless","ring width","dendrophysical",FALSE,"Asi-PTCYUN.PAGES2k.2013","Wood",27.37,99.37,3800,"PTCYUN","1.0.7",1,"Summer","positive","air@surface",TRUE,510,1498,2007,509,1,509,FALSE,158,TRUE,TRUE,TRUE,TRUE,TRUE,TRUE,TRUE,TRUE,TRUE,"","criteria",TRUE,NA
"Asia_073","lvx0hdfkHJWJDrOm5tFA","paleo1measurement1","trsgi","unitless","ring width","dendrophysical",FALSE,"Asi-WEXYUN.Wright.2010","Wood",27.33,99.3,3800,"CHIN027","1.0.7",1,"Annual","positive","air@surface",TRUE,660,1348,2007,659,1,659,FALSE,158,TRUE,TRUE,TRUE,TRUE,TRUE,TRUE,TRUE,TRUE,TRUE,"","criteria",TRUE,NA
"Asia_074","fk3sy22nNueGVimDYFFJ","paleo1measurement1","trsgi","unitless","ring width","dendrophysical",FALSE,"Asi-HXBURU.PAGES2k.2013","Wood",43.18,87.18,3400,"HXBURU","1.0.7",1,"Summer","positive","air@surface",TRUE,451,1543,1993,450,1,450,FALSE,144,TRUE,TRUE,TRUE,TRUE,TRUE,TRUE,TRUE,TRUE,TRUE,"","criteria",TRUE,NA
"Asia_075","UMi4YzkXoReursf6sIIu","paleo1measurement1","trsgi","unitless","ring width","dendrophysical",FALSE,"Asi-DQHZHO.PAGES2k.2013","Wood",35,100.07,3400,"DQHZHO","1.0.7",1,"Summer","positive","air@surface",TRUE,572,1433,2004,571,1,571,FALSE,155,TRUE,TRUE,TRUE,TRUE,TRUE,TRUE,TRUE,TRUE,TRUE,"","criteria",TRUE,NA
"Asia_076","byUSUGcmgTAdS61SpCx3","paleo1measurement1","trsgi","unitless","ring width","dendrophysical",FALSE,"Asi-CHIN026.Wright.2010","Wood",27.62,99.8,2900,"CHIN026","1.0.7",1,"Annual","positive","air@surface",TRUE,492,1516,2007,491,1,491,FALSE,158,TRUE,TRUE,TRUE,TRUE,TRUE,TRUE,TRUE,TRUE,TRUE,"","criteria",TRUE,NA
"Asia_077","YPryxw1KB7jfDUZSkLHQ","paleo1measurement1","trsgi","unitless","ring width","dendrophysical",FALSE,"Asi-HYGJUP.PAGES2k.2013","Wood",38.7,99.68,5600,"HYGJUP","1.0.7",1,"Summer","positive","air@surface",TRUE,1467,540,2006,1466,1,1466,FALSE,157,TRUE,TRUE,TRUE,TRUE,TRUE,TRUE,TRUE,TRUE,TRUE,"","criteria",TRUE,NA
"Asia_078","w7gyXcY6cwL4TdKUHyTt","paleo1measurement1","trsgi","unitless","ring width","dendrophysical",FALSE,"Asi-MQACJP.PAGES2k.2013","Wood",35.07,100.35,2600,"MQACJP","1.0.7",1,"Summer","positive","air@surface",TRUE,920,1082,2001,919,1,919,FALSE,152,TRUE,TRUE,TRUE,TRUE,TRUE,TRUE,TRUE,TRUE,TRUE,"","criteria",TRUE,NA
"Asia_079","7gXQNLsCKPOup63zngdz","paleo1measurement1","trsgi","unitless","ring width","dendrophysical",FALSE,"Asi-CHIN037.Fan.2013","Wood",27.58,99.35,100,"CHIN037","1.0.7",1,"Summer","positive","air@surface",TRUE,577,1429,2005,576,1,576,FALSE,156,TRUE,TRUE,TRUE,TRUE,TRUE,TRUE,TRUE,TRUE,TRUE,"","criteria",TRUE,NA
"Asia_080","igw5TVCa8UJj4HfY4GO3","paleo1measurement1","trsgi","unitless","ring width","dendrophysical",FALSE,"Asi-CHIN038.Fan.2013","Wood",27.58,99.28,4100,"CHIN038","1.0.7",1,"Summer","positive","air@surface",TRUE,464,1542,2005,463,1,463,FALSE,156,TRUE,TRUE,TRUE,TRUE,TRUE,TRUE,TRUE,TRUE,TRUE,"","criteria",TRUE,NA
"Asia_081","ZeSN3Hj6V05Iz7aIbmY1","paleo1measurement1","trsgi","unitless","ring width","dendrophysical",FALSE,"Asi-CHIN039.Fan.2013","Wood",28.03,99.02,3400,"CHIN039","1.0.7",1,"Summer","positive","air@surface",TRUE,517,1489,2005,516,1,516,FALSE,156,TRUE,TRUE,TRUE,TRUE,TRUE,TRUE,TRUE,TRUE,TRUE,"","criteria",TRUE,NA
"Asia_082","9RQLgiOAFDuV9rfC381r","paleo1measurement1","trsgi","unitless","ring width","dendrophysical",FALSE,"Asi-CHIN040.Fan.2013","Wood",28.03,98.98,3500,"CHIN040","1.0.7",1,"Summer","positive","air@surface",TRUE,613,1393,2005,612,1,612,FALSE,156,TRUE,TRUE,TRUE,TRUE,TRUE,TRUE,TRUE,TRUE,TRUE,"","criteria",TRUE,NA
"Asia_083","kj6nbC8yEVSow4NkEV5h","paleo1measurement1","trsgi","unitless","ring width","dendrophysical",FALSE,"Asi-CHIN041.Fan.2013","Wood",27.88,98.4,2900,"CHIN041","1.0.7",1,"Summer","positive","air@surface",TRUE,476,1530,2005,475,1,475,FALSE,156,TRUE,TRUE,TRUE,TRUE,TRUE,TRUE,TRUE,TRUE,TRUE,"","criteria",TRUE,NA
"Asia_084","IcGT4zLvFBP1zEomEZHG","paleo1measurement1","trsgi","unitless","ring width","dendrophysical",FALSE,"Asi-CHIN050.Shao.2013","Wood",37.47,97.23,6700,"CHIN050","1.0.7",1,"Summer","positive","air@surface",TRUE,1159,843,2001,1158,1,1158,FALSE,152,TRUE,TRUE,TRUE,TRUE,TRUE,TRUE,TRUE,TRUE,TRUE,"","criteria",TRUE,NA
"Asia_085","wYWqpNoYImGva1LpfZfM","paleo1measurement1","trsgi","unitless","ring width","dendrophysical",FALSE,"Asi-CHIN051.Shao.2013","Wood",37.47,97.22,3000,"CHIN051","1.0.7",1,"Summer","positive","air@surface",TRUE,1174,828,2001,1173,1,1173,FALSE,152,TRUE,TRUE,TRUE,TRUE,TRUE,TRUE,TRUE,TRUE,TRUE,"","criteria",TRUE,NA
"Asia_086","0lYFVeMtcJIN5BWHsepW","paleo1measurement1","trsgi","unitless","ring width","dendrophysical",FALSE,"Asi-CHIN052.Shao.2013","Wood",37.45,97.53,2060,"CHIN052","1.0.7",1,"Summer","positive","air@surface",TRUE,1599,404,2002,1598,1,1598,FALSE,153,TRUE,TRUE,TRUE,TRUE,TRUE,TRUE,TRUE,TRUE,TRUE,"","criteria",TRUE,NA
"Asia_087","idS6x23yzgIwbdTaVdTq","paleo1measurement1","trsgi","unitless","ring width","dendrophysical",FALSE,"Asi-CHIN053.Shao.2013","Wood",37.43,98.05,4600,"CHIN053","1.0.7",1,"Summer","positive","air@surface",TRUE,1552,451,2002,1551,1,1551,FALSE,153,TRUE,TRUE,TRUE,TRUE,TRUE,TRUE,TRUE,TRUE,TRUE,"","criteria",TRUE,NA
"Asia_088","cFeLPz97nLGwEi1WWLKe","paleo1measurement1","trsgi","unitless","ring width","dendrophysical",FALSE,"Asi-CHIN054.Shao.2013","Wood",37.45,97.78,2810,"CHIN054","1.0.7",1,"Summer","positive","air@surface",TRUE,1293,711,2003,1292,1,1292,FALSE,154,TRUE,TRUE,TRUE,TRUE,TRUE,TRUE,TRUE,TRUE,TRUE,"","criteria",TRUE,NA
"Asia_089","nAR1xPpTJB9bQpaKrBun","paleo1measurement1","trsgi","unitless","ring width","dendrophysical",FALSE,"Asi-CHIN055.Shao.2013","Wood",37.52,97.05,100,"CHIN055","1.0.7",1,"Summer","positive","air@surface",TRUE,766,1237,2002,765,1,765,FALSE,153,TRUE,TRUE,TRUE,TRUE,TRUE,TRUE,TRUE,TRUE,TRUE,"","criteria",TRUE,NA
"Asia_090","RMjgGIQ6kNEwi9UsgyuH","paleo1measurement1","trsgi","unitless","ring width","dendrophysical",FALSE,"Asi-CHIN056.Shao.2013","Wood",34.47,110.08,4900,"CHIN056","1.0.7",1,"Summer","positive","air@surface",TRUE,548,1458,2005,547,1,547,FALSE,156,TRUE,TRUE,TRUE,TRUE,TRUE,TRUE,TRUE,TRUE,TRUE,"","criteria",TRUE,NA
"Asia_091","uN2x0Xig2hDsOBmKywza","paleo1measurement1","trsgi","unitless","ring width","dendrophysical",FALSE,"Asi-CHIN057.Shao.2013","Wood",34.47,110.08,4900,"CHIN057","1.0.7",1,"Summer","positive","air@surface",TRUE,494,1512,2005,493,1,493,FALSE,156,TRUE,TRUE,TRUE,TRUE,TRUE,TRUE,TRUE,TRUE,TRUE,"","criteria",TRUE,NA
"Asia_092","vwselhj5CnybGwwuKnt4","paleo1measurement1","trsgi","unitless","ring width","dendrophysical",FALSE,"Asi-CHIN058.Shao.2013","Wood",34.47,110.08,3950,"CHIN058","1.0.7",1,"Summer","positive","air@surface",TRUE,647,1359,2005,646,1,646,FALSE,156,TRUE,TRUE,TRUE,TRUE,TRUE,TRUE,TRUE,TRUE,TRUE,"","criteria",TRUE,NA
"Asia_093","mwNoCZyrz2JCDmYcKhm1","paleo1measurement1","trsgi","unitless","ring width","dendrophysical",FALSE,"Asi-CHIN059.Shao.2013","Wood",33.8,96.13,3400,"CHIN059","1.0.7",1,"Summer","positive","air@surface",TRUE,523,1480,2002,522,1,522,FALSE,153,TRUE,TRUE,TRUE,TRUE,TRUE,TRUE,TRUE,TRUE,TRUE,"","criteria",TRUE,NA
"Asia_094","0jq8riIobvRZQnR8Q4Xe","paleo1measurement1","trsgi","unitless","ring width","dendrophysical",FALSE,"Asi-CHIN060.Shao.2013","Wood",37.32,98.4,3980,"CHIN060","1.0.7",1,"Summer","positive","air@surface",TRUE,1061,943,2003,1060,1,1060,FALSE,154,TRUE,TRUE,TRUE,TRUE,TRUE,TRUE,TRUE,TRUE,TRUE,"","criteria",TRUE,NA
"Asia_095","gYoXPGluUDGX11TqVd8o","paleo1measurement1","trsgi","unitless","ring width","dendrophysical",FALSE,"Asi-CHIN061.Shao.2013","Wood",37.03,98.63,2500,"CHIN061","1.0.7",1,"Summer","positive","air@surface",TRUE,1147,857,2003,1146,1,1146,FALSE,154,TRUE,TRUE,TRUE,TRUE,TRUE,TRUE,TRUE,TRUE,TRUE,"","criteria",TRUE,NA
"Asia_096","Dv2aYqVYvxIj2boLgSMl","paleo1measurement1","trsgi","unitless","ring width","dendrophysical",FALSE,"Asi-CHIN062.Shao.2013","Wood",37.03,98.67,3700,"CHIN062","1.0.7",1,"Summer","positive","air@surface",TRUE,1157,845,2001,1156,1,1156,FALSE,152,TRUE,TRUE,TRUE,TRUE,TRUE,TRUE,TRUE,TRUE,TRUE,"","criteria",TRUE,NA
"Asia_097","7uiI1gBajY4MBT4RH8oe","paleo1measurement1","trsgi","unitless","ring width","dendrophysical",FALSE,"Asi-CHIN063.Shao.2013","Wood",36.75,98.22,3040,"CHIN063","1.0.7",1,"Summer","positive","air@surface",TRUE,1321,681,2001,1320,1,1320,FALSE,152,TRUE,TRUE,TRUE,TRUE,TRUE,TRUE,TRUE,TRUE,TRUE,"","criteria",TRUE,NA
"Asia_098","qTzNNXNHJjWg3mXdi5iU","paleo1measurement1","trsgi","unitless","ring width","dendrophysical",FALSE,"Asi-CHIN064.Shao.2013","Wood",36.68,98.42,3000,"CHIN064","1.0.7",1,"Summer","positive","air@surface",TRUE,1102,900,2001,1101,1,1101,FALSE,152,TRUE,TRUE,TRUE,TRUE,TRUE,TRUE,TRUE,TRUE,TRUE,"","criteria",TRUE,NA
"Asia_099","4w6zvok8stwkGHdlrObH","paleo1measurement1","trsgi","unitless","ring width","dendrophysical",FALSE,"Asi-CHIN065.Shao.2013","Wood",32.67,95.72,4500,"CHIN065","1.0.7",1,"Summer","positive","air@surface",TRUE,717,1290,2006,716,1,716,FALSE,157,TRUE,TRUE,TRUE,TRUE,TRUE,TRUE,TRUE,TRUE,TRUE,"","criteria",TRUE,NA
"Asia_100","g7xYuOGECMjKUTbb0kG6","paleo1measurement1","trsgi","unitless","ring width","dendrophysical",FALSE,"Asi-CHIN066.Shao.2013","Wood",33.72,96.28,3500,"CHIN066","1.0.7",1,"Summer","positive","air@surface",TRUE,629,1374,2002,628,1,628,FALSE,153,TRUE,TRUE,TRUE,TRUE,TRUE,TRUE,TRUE,TRUE,TRUE,"","criteria",FALSE,"cross-dataset"
"Asia_101","pwowtzE0YFcSms7Tz3bB","paleo1measurement1","trsgi","unitless","ring width","dendrophysical",FALSE,"Asi-INDO005.D'Arrigo.2010","Wood",-5.5,122.8,4200,"INDO005","1.0.7",1,"Annual","positive","air@surface",TRUE,441,1565,2005,440,1,440,FALSE,156,TRUE,TRUE,TRUE,TRUE,TRUE,TRUE,TRUE,TRUE,TRUE,"","criteria",TRUE,NA
"Asia_102","YuVgrDFZYMJDTKuNcJ58","paleo1measurement1","trsgi","unitless","ring width","dendrophysical",FALSE,"Asi-GANGCD.PAGES2k.2013","Wood",30.98,78.93,100,"GANGCD","1.0.7",1,"Summer","positive","air@surface",TRUE,433,1567,1999,432,1,432,FALSE,150,TRUE,TRUE,TRUE,TRUE,TRUE,TRUE,TRUE,TRUE,TRUE,"","criteria",TRUE,NA
"Asia_103","AMGH3kIG2HldZUouVcT1","paleo1measurement1","trsgi","unitless","ring width","dendrophysical",FALSE,"Asi-RANGCD.PAGES2k.2013","Wood",33.08,76.43,3240,"RANGCD","1.0.7",1,"Summer","positive","air@surface",TRUE,615,1388,2002,614,1,614,FALSE,153,TRUE,TRUE,TRUE,TRUE,TRUE,TRUE,TRUE,TRUE,TRUE,"","criteria",TRUE,NA
"Asia_104","GVLzHR1v0CzE09viK5na","paleo1measurement1","trsgi","unitless","ring width","dendrophysical",FALSE,"Asi-INDI015.Borgaonkar.2013","Wood",31.2,77.23,3150,"INDI015","1.0.7",1,"Summer","positive","air@surface",TRUE,401,1590,1990,400,1,400,FALSE,141,TRUE,TRUE,TRUE,TRUE,TRUE,TRUE,TRUE,TRUE,TRUE,"","criteria",TRUE,NA
"Asia_105","8WIE55yJgMmrY4Zsz1U5","paleo1measurement1","trsgi","unitless","ring width","dendrophysical",FALSE,"Asi-INDI025.Borgaonkar.2013","Wood",10.18,76.87,3200,"INDI025","1.0.7",1,"Summer","positive","air@surface",TRUE,523,1481,2003,522,1,522,FALSE,154,TRUE,TRUE,TRUE,TRUE,TRUE,TRUE,TRUE,TRUE,TRUE,"","criteria",TRUE,NA
"Asia_106","1kbdSTZ9l3kQs3StoVtS","paleo1measurement1","trsgi","unitless","ring width","dendrophysical",FALSE,"Asi-KERALA.PAGES2k.2013","Wood",10,76.67,3100,"KERALA","1.0.7",1,"Summer","positive","air@surface",TRUE,523,1481,2003,522,1,522,FALSE,154,TRUE,TRUE,TRUE,TRUE,TRUE,TRUE,TRUE,TRUE,TRUE,"","criteria",TRUE,NA
"Asia_107","2M6vJt0pkYfPs9VSfhGc","paleo1measurement1","trsgi","unitless","ring width","dendrophysical",FALSE,"Asi-INDI024.Borgaonkar.2013","Wood",31.37,78.17,3150,"INDI024","1.0.7",1,"Summer","positive","air@surface",TRUE,467,1538,2004,466,1,466,FALSE,155,TRUE,TRUE,TRUE,TRUE,TRUE,TRUE,TRUE,TRUE,TRUE,"","criteria",TRUE,NA
"Asia_108","Vg3jXj770q54oMnZJJfD","paleo1measurement1","trsgi","unitless","ring width","dendrophysical",FALSE,"Asi-MTASSP.Davi.2013","Wood",43.77,142.55,3730,"JAPA008","1.0.7",1,"Summer","positive","air@surface",TRUE,466,1532,1997,465,1,465,FALSE,148,TRUE,TRUE,TRUE,TRUE,TRUE,TRUE,TRUE,TRUE,TRUE,"","criteria",TRUE,NA
"Asia_109","tuj2kR25W74OJlPwsB0X","paleo1measurement1","trsgi","unitless","ring width","dendrophysical",FALSE,"Asi-MTASMD.Davi.2013","Wood",43.77,142.55,3780,"JAPA008","1.0.7",1,"Summer","positive","air@surface",TRUE,441,1557,1997,440,1,440,FALSE,148,TRUE,TRUE,TRUE,TRUE,TRUE,TRUE,TRUE,TRUE,TRUE,"","criteria",TRUE,NA
"Asia_110","Erb9WY7oK8qawEoIsPYS","paleo1measurement1","trsgi","unitless","ring width","dendrophysical",FALSE,"Asi-RUSS219.Jacoby.2010","Wood",43.88,145.6,3920,"RUSS219","1.0.7",1,"Annual","positive","air@surface",TRUE,416,1585,2000,415,1,415,FALSE,151,TRUE,TRUE,TRUE,TRUE,TRUE,TRUE,TRUE,TRUE,TRUE,"","criteria",TRUE,NA
"Asia_111","SeGZNsoI6yUxngyDQtaj","paleo1measurement1","trsgi","unitless","ring width","dendrophysical",FALSE,"Asi-JAPA020.Kimura.2013","Wood",30.33,130.5,3800,"JAPA020","1.0.7",1,"Summer","positive","air@surface",TRUE,1999,1,1999,1998,1,1998,FALSE,150,TRUE,TRUE,TRUE,TRUE,TRUE,TRUE,TRUE,TRUE,TRUE,"","criteria",TRUE,NA
"Asia_112","bzBZmoCvUpIKjSiAXcHr","paleo1measurement1","trsgi","unitless","ring width","dendrophysical",FALSE,"Asi-JAPA013.Yasue.1997","Wood",44.35,142.18,3700,"JAPA013","1.0.7",1,"Annual","positive","air@surface",TRUE,425,1575,1999,424,1,424,FALSE,150,TRUE,TRUE,TRUE,TRUE,TRUE,TRUE,TRUE,TRUE,TRUE,"","criteria",TRUE,NA
"Asia_113","RAoqC9ue8Dm8YS5d9rBV","paleo1measurement1","trsgi","unitless","ring width","dendrophysical",FALSE,"Asi-JAPA015.Yasue.2013","Wood",43.22,145.47,3780,"JAPA015","1.0.7",1,"Summer","positive","air@surface",TRUE,488,1511,1998,487,1,487,FALSE,149,TRUE,TRUE,TRUE,TRUE,TRUE,TRUE,TRUE,TRUE,TRUE,"","criteria",TRUE,NA
"Asia_114","B6CWMuvNNyz0QeD0CgXP","paleo1measurement1","trsgi","unitless","ring width","dendrophysical",FALSE,"Asi-JAPA016.Yasue.2013","Wood",35.73,138.22,1950,"JAPA016","1.0.7",1,"Summer","positive","air@surface",TRUE,462,1540,2001,461,1,461,FALSE,152,TRUE,TRUE,TRUE,TRUE,TRUE,TRUE,TRUE,TRUE,TRUE,"","criteria",TRUE,NA
"Asia_115","w1x6ja9IhMhBevfIsvg6","paleo1measurement1","trsgi","unitless","ring width","dendrophysical",FALSE,"Asi-JAPA014.Yasue.2013","Wood",43.5,143.2,2050,"JAPA014","1.0.7",1,"Summer","positive","air@surface",TRUE,511,1487,1997,510,1,510,FALSE,148,TRUE,TRUE,TRUE,TRUE,TRUE,TRUE,TRUE,TRUE,TRUE,"","criteria",TRUE,NA
"Asia_116","8DPoLepJNE3wXY4SJa5b","paleo1measurement1","trsgi","unitless","ring width","dendrophysical",FALSE,"Asi-JAPA012.Yasue.1997","Wood",44.95,142.12,2000,"JAPA012","1.0.7",1,"Annual","positive","air@surface",TRUE,492,1500,1991,491,1,491,FALSE,142,TRUE,TRUE,TRUE,TRUE,TRUE,TRUE,TRUE,TRUE,TRUE,"","criteria",TRUE,NA
"Asia_117","jT8V6QDYmiAiYZpNmMcH","paleo1measurement1","trsgi","unitless","ring width","dendrophysical",FALSE,"Asi-YKCOM.Yasue.2013","Wood",30.37,130.53,4060,"JAPA018","1.0.7",1,"Summer","positive","air@surface",TRUE,926,1080,2005,925,1,925,FALSE,156,TRUE,TRUE,TRUE,TRUE,TRUE,TRUE,TRUE,TRUE,TRUE,"","criteria",TRUE,NA
"Asia_118","JTu7TYfE68VvvNEoCV61","paleo1measurement1","trsgi","unitless","ring width","dendrophysical",FALSE,"Asi-JAPA017.Yasue.2013","Wood",30.37,130.53,3500,"JAPA017","1.0.7",1,"Summer","positive","air@surface",TRUE,923,1080,2002,922,1,922,FALSE,153,TRUE,TRUE,TRUE,TRUE,TRUE,TRUE,TRUE,TRUE,TRUE,"","criteria",TRUE,NA
"Asia_119","DAH4hPoHS94a9TCWqzp7","paleo1measurement1","trsgi","unitless","ring width","dendrophysical",FALSE,"Asi-YKC.Yasue.2013","Wood",30.33,130.45,3700,"JAPA018","1.0.7",1,"Summer","positive","air@surface",TRUE,865,1141,2005,864,1,864,FALSE,156,TRUE,TRUE,TRUE,TRUE,TRUE,TRUE,TRUE,TRUE,TRUE,"","criteria",TRUE,NA
"Asia_120","2IY4Y97HK6WzdodzwEci","paleo1measurement1","trsgi","unitless","ring width","dendrophysical",FALSE,"Asi-JAPA019.Sano.2013","Wood",33.73,133.12,3700,"JAPA019","1.0.7",1,"Summer","positive","air@surface",TRUE,402,1600,2001,401,1,401,FALSE,152,TRUE,TRUE,TRUE,TRUE,TRUE,TRUE,TRUE,TRUE,TRUE,"","criteria",TRUE,NA
"Asia_121","NRu3zkQm9Wpmko1gPbhs","paleo1measurement1","trsgi","unitless","ring width","dendrophysical",FALSE,"Asi-KYRG002.Esper.2007","Wood",40.17,72.58,3720,"KYRG002","1.0.8",1,"Annual","positive","air@surface",TRUE,650,1346,1995,649,1,649,FALSE,146,TRUE,TRUE,TRUE,TRUE,TRUE,TRUE,TRUE,TRUE,TRUE,"","criteria",TRUE,NA
"Asia_122","K8isGIt6nQSpFE4vPrwj","paleo1measurement1","trsgi","unitless","ring width","dendrophysical",FALSE,"Asi-KYRG003.Esper.2007","Wood",40.17,72.58,3700,"KYRG003","1.0.8",1,"Annual","positive","air@surface",TRUE,405,1591,1995,404,1,404,FALSE,146,TRUE,TRUE,TRUE,TRUE,TRUE,TRUE,TRUE,TRUE,TRUE,"","criteria",TRUE,NA
"Asia_123","IOxT45xV4Ld3mDghSZKm","paleo1measurement1","trsgi","unitless","ring width","dendrophysical",FALSE,"Asi-KYRG004.Esper.2007","Wood",40.17,72.58,4200,"KYRG004","1.0.8",1,"Annual","positive","air@surface",TRUE,618,1378,1995,617,1,617,FALSE,146,TRUE,TRUE,TRUE,TRUE,TRUE,TRUE,TRUE,TRUE,TRUE,"","criteria",TRUE,NA
"Asia_124","y18mvIWOT64LYUYojwkd","paleo1measurement1","trsgi","unitless","ring width","dendrophysical",FALSE,"Asi-KYRG005.Esper.2007","Wood",40.17,72.58,3950,"KYRG005","1.0.8",1,"Annual","positive","air@surface",TRUE,680,1316,1995,679,1,679,FALSE,146,TRUE,TRUE,TRUE,TRUE,TRUE,TRUE,TRUE,TRUE,TRUE,"","criteria",TRUE,NA
"Asia_125","aDmMeKKdpS9a0VXuqxN7","paleo1measurement1","trsgi","unitless","ring width","dendrophysical",FALSE,"Asi-KYRG007.Esper.2007","Wood",40.17,72.58,4200,"KYRG007","1.0.8",1,"Annual","positive","air@surface",TRUE,839,1157,1995,838,1,838,FALSE,146,TRUE,TRUE,TRUE,TRUE,TRUE,TRUE,TRUE,TRUE,TRUE,"","criteria",TRUE,NA
"Asia_126","FL4Imj2nLengSCZeBCPW","paleo1measurement1","trsgi","unitless","ring width","dendrophysical",FALSE,"Asi-KYRG008.Shiyatov.2013","Wood",40.2,72.58,4100,"KYRG008","1.0.7",1,"Summer","positive","air@surface",TRUE,576,1420,1995,575,1,575,FALSE,146,TRUE,TRUE,TRUE,TRUE,TRUE,TRUE,TRUE,TRUE,TRUE,"","criteria",TRUE,NA
"Asia_127","6QNelUlU5KMdjfhPYjFg","paleo1measurement1","trsgi","unitless","ring width","dendrophysical",FALSE,"Asi-KYRG009.Shiyatov.2013","Wood",39.92,71.47,2900,"KYRG009","1.0.7",1,"Summer","positive","air@surface",TRUE,977,1019,1995,976,1,976,FALSE,146,TRUE,TRUE,TRUE,TRUE,TRUE,TRUE,TRUE,TRUE,TRUE,"","criteria",TRUE,NA
"Asia_128","CmV5QDNMiwWEEjFBn4XD","paleo1measurement1","trsgi","unitless","ring width","dendrophysical",FALSE,"Asi-KYRG010.Shiyatov.2013","Wood",40.17,72.62,3000,"KYRG010","1.0.7",1,"Summer","positive","air@surface",TRUE,569,1427,1995,568,1,568,FALSE,146,TRUE,TRUE,TRUE,TRUE,TRUE,TRUE,TRUE,TRUE,TRUE,"","criteria",TRUE,NA
"Asia_129","MgwNk5olNXVH7VMzR7g5","paleo1measurement1","trsgi","unitless","ring width","dendrophysical",FALSE,"Asi-KYRG011.Shiyatov.2013","Wood",39.83,71.5,4400,"KYRG011","1.0.7",1,"Annual","positive","air@surface",TRUE,1302,694,1995,1301,1,1301,FALSE,146,TRUE,TRUE,TRUE,TRUE,TRUE,TRUE,TRUE,TRUE,TRUE,"","criteria",TRUE,NA
"Asia_130","NHrYzCQqccNWT2zY318c","paleo1measurement1","trsgi","unitless","ring width","dendrophysical",FALSE,"Asi-SHIYAT.PAGES2k.2013","Wood",39.83,71.5,0,"SHIYAT","1.0.7",1,"Summer","positive","air@surface",TRUE,1126,870,1995,1125,1,1125,FALSE,146,TRUE,TRUE,TRUE,TRUE,TRUE,TRUE,TRUE,TRUE,TRUE,"","criteria",TRUE,NA
"Asia_131","JKjse5o67oW1dMhaKwAK","paleo1measurement1","trsgi","unitless","ring width","dendrophysical",FALSE,"Asi-ESPERG.PAGES2k.2013","Wood",40.17,72.58,2500,"ESPERG","1.0.7",1,"Summer","positive","air@surface",TRUE,656,1340,1995,655,1,655,FALSE,146,TRUE,TRUE,TRUE,TRUE,TRUE,TRUE,TRUE,TRUE,TRUE,"","criteria",TRUE,NA
"Asia_132","m8aIPfDi8JZeFQ2nj4dU","paleo1measurement1","trsgi","unitless","ring width","dendrophysical",FALSE,"Asi-SHIESP.PAGES2k.2013","Wood",39.83,71.5,1350,"SHIESP","1.0.7",1,"Summer","positive","air@surface",TRUE,656,1340,1995,655,1,655,FALSE,146,TRUE,TRUE,TRUE,TRUE,TRUE,TRUE,TRUE,TRUE,TRUE,"","criteria",FALSE,"cross-dataset"
"Asia_133","KN8NJdYzPFCenpHWW2lB","paleo1measurement1","trsgi","unitless","ring width","dendrophysical",FALSE,"Asi-RUSS236.Sano.2009","Wood",55,160.5,1350,"RUSS236","1.0.7",1,"Summer","positive","air@surface",TRUE,422,1580,2001,421,1,421,FALSE,152,TRUE,TRUE,TRUE,TRUE,TRUE,TRUE,TRUE,TRUE,TRUE,"","criteria",TRUE,NA
"Asia_134","7CrIR2Bi9kpp3VncVMoY","paleo1measurement1","trsgi","unitless","ring width","dendrophysical",FALSE,"Asi-KAZ001.Solomina.2010","Wood",43.35,77.35,4300,"KAZ001","1.0.7",1,"Apr","positive","air@surface",TRUE,432,1570,2001,431,1,431,FALSE,152,TRUE,TRUE,TRUE,TRUE,TRUE,TRUE,TRUE,TRUE,TRUE,"","criteria",TRUE,NA
"Asia_135","GzbLnmRjeGi3RRDDsEAM","paleo1measurement1","trsgi","unitless","ring width","dendrophysical",FALSE,"Asi-KYRG012.Solomina.2013","Wood",42.2,79.05,4000,"KYRG012","1.0.7",1,"Summer","positive","air@surface",TRUE,556,1450,2005,555,1,555,FALSE,156,TRUE,TRUE,TRUE,TRUE,TRUE,TRUE,TRUE,TRUE,TRUE,"","criteria",TRUE,NA
"Asia_136","PmBcVJGFaUGVM08G5KVV","paleo1measurement1","trsgi","unitless","ring width","dendrophysical",FALSE,"Asi-KYRG013.Solomina.2013","Wood",42.15,79.47,320,"KYRG013","1.0.7",1,"Summer","positive","air@surface",TRUE,705,1301,2005,704,1,704,FALSE,156,TRUE,TRUE,TRUE,TRUE,TRUE,TRUE,TRUE,TRUE,TRUE,"","criteria",TRUE,NA
"Asia_137","jUVn2bEiK9f3zuVYo6wg","paleo1measurement1","trsgi","unitless","ring width","dendrophysical",FALSE,"Asi-KYRG014.Solomina.2013","Wood",42.42,78.97,69,"KYRG014","1.0.7",1,"Summer","positive","air@surface",TRUE,455,1551,2005,454,1,454,FALSE,156,TRUE,TRUE,TRUE,TRUE,TRUE,TRUE,TRUE,TRUE,TRUE,"","criteria",TRUE,NA
"Asia_138","YxYBf9XC7Yb860kOEXQo","paleo1measurement1","trsgi","unitless","ring width","dendrophysical",FALSE,"Asi-KYRG015.Solomina.2013","Wood",42.15,79.45,2200,"KYRG015","1.0.7",1,"Summer","positive","air@surface",TRUE,478,1528,2005,477,1,477,FALSE,156,TRUE,TRUE,TRUE,TRUE,TRUE,TRUE,TRUE,TRUE,TRUE,"","criteria",TRUE,NA
"Asia_139","I3wbJhkh5071MQhf51tP","paleo1measurement1","trsgi","unitless","ring width","dendrophysical",FALSE,"Asi-MONG016.Jacoby.2010","Wood",48.6,88.37,880,"MONG016","1.0.7",1,"Annual","positive","air@surface",TRUE,536,1469,2004,535,1,535,FALSE,155,TRUE,TRUE,TRUE,TRUE,TRUE,TRUE,TRUE,TRUE,TRUE,"","criteria",TRUE,NA
"Asia_140","dUjWwNMTC4zP0wWzvi7j","paleo1measurement1","trsgi","unitless","ring width","dendrophysical",FALSE,"Asi-MONG027.Jacoby.2010","Wood",46.32,101.32,300,"MONG027","1.0.7",1,"Annual","positive","air@surface",TRUE,403,1599,2001,402,1,402,FALSE,152,TRUE,TRUE,TRUE,TRUE,TRUE,TRUE,TRUE,TRUE,TRUE,"","criteria",TRUE,NA
"Asia_141","u5hI5TXCHH7TBtuc4Og5","paleo1measurement1","trsgi","unitless","ring width","dendrophysical",FALSE,"Asi-MONG017.Jacoby.2010","Wood",49.97,91,1100,"MONG017","1.0.7",1,"Annual","positive","air@surface",TRUE,656,1350,2005,655,1,655,FALSE,156,TRUE,TRUE,TRUE,TRUE,TRUE,TRUE,TRUE,TRUE,TRUE,"","criteria",TRUE,NA
"Asia_142","3wqstdqDPx1wGnPnqGTj","paleo1measurement1","trsgi","unitless","ring width","dendrophysical",FALSE,"Asi-MONG018.Jacoby.2010","Wood",49.97,90.98,1300,"MONG018","1.0.7",1,"Annual","positive","air@surface",TRUE,487,1519,2005,486,1,486,FALSE,156,TRUE,TRUE,TRUE,TRUE,TRUE,TRUE,TRUE,TRUE,TRUE,"","criteria",TRUE,NA
"Asia_143","ZqTsW2daCt3UigOHbIR6","paleo1measurement1","trsgi","unitless","ring width","dendrophysical",FALSE,"Asi-MONG019.Jacoby.2010","Wood",47.1,90.97,1100,"MONG019","1.0.7",1,"Annual","positive","air@surface",TRUE,630,1375,2004,629,1,629,FALSE,155,TRUE,TRUE,TRUE,TRUE,TRUE,TRUE,TRUE,TRUE,TRUE,"","criteria",TRUE,NA
"Asia_144","8uMaCuA2MPwcE1DNr2If","paleo1measurement1","trsgi","unitless","ring width","dendrophysical",FALSE,"Asi-MONG020.Jacoby.2010","Wood",48.27,88.87,2400,"MONG020","1.0.7",1,"Annual","positive","air@surface",TRUE,469,1537,2005,468,1,468,FALSE,156,TRUE,TRUE,TRUE,TRUE,TRUE,TRUE,TRUE,TRUE,TRUE,"","criteria",TRUE,NA
"Asia_145","PjnwABQvHCXkWyYACqXp","paleo1measurement1","trsgi","unitless","ring width","dendrophysical",FALSE,"Asi-MONG021.Jacoby.2010","Wood",48.35,107.47,2900,"MONG021","1.0.7",1,"Annual","positive","air@surface",TRUE,1007,996,2002,1006,1,1006,FALSE,153,TRUE,TRUE,TRUE,TRUE,TRUE,TRUE,TRUE,TRUE,TRUE,"","criteria",TRUE,NA
"Asia_146","Rm0QqAgxw71ArkqiS8ek","paleo1measurement1","trsgi","unitless","ring width","dendrophysical",FALSE,"Asi-MONG033.Jacoby.2010","Wood",49.37,94.88,2800,"MONG033","1.0.7",1,"Annual","positive","air@surface",TRUE,448,1550,1997,447,1,447,FALSE,148,TRUE,TRUE,TRUE,TRUE,TRUE,TRUE,TRUE,TRUE,TRUE,"","criteria",TRUE,NA
"Asia_147","LAvagFfBNZAzxR3EZxm8","paleo1measurement1","trsgi","unitless","ring width","dendrophysical",FALSE,"Asi-MONG009.Jacoby.2013","Wood",49.92,91.57,2800,"MONG009","1.0.7",1,"Summer","positive","air@surface",TRUE,673,1326,1998,672,1,672,FALSE,149,TRUE,TRUE,TRUE,TRUE,TRUE,TRUE,TRUE,TRUE,TRUE,"","criteria",TRUE,NA
"Asia_148","i9PbNavrb8X8I4V6Ws5x","paleo1measurement1","trsgi","unitless","ring width","dendrophysical",FALSE,"Asi-MONG015.Jacoby.2013","Wood",48.17,99.87,3200,"MONG015","1.0.7",1,"Summer","positive","air@surface",TRUE,661,1340,2000,660,1,660,FALSE,151,TRUE,TRUE,TRUE,TRUE,TRUE,TRUE,TRUE,TRUE,TRUE,"","criteria",TRUE,NA
"Asia_149","ELOH0Ha3IfZ80mI0q31i","paleo1measurement1","trsgi","unitless","ring width","dendrophysical",FALSE,"Asi-MONG024.Jacoby.2010","Wood",48.5,88.5,3000,"MONG024","1.0.7",1,"Annual","positive","air@surface",TRUE,790,1215,2004,789,1,789,FALSE,155,TRUE,TRUE,TRUE,TRUE,TRUE,TRUE,TRUE,TRUE,TRUE,"","criteria",TRUE,NA
"Asia_150","uk6MUs0oO234lZixr2nu","paleo1measurement1","trsgi","unitless","ring width","dendrophysical",FALSE,"Asi-MONG025.Jacoby.2010","Wood",48.7,88.8,4400,"MONG025","1.0.7",1,"Annual","positive","air@surface",TRUE,440,1565,2004,439,1,439,FALSE,155,TRUE,TRUE,TRUE,TRUE,TRUE,TRUE,TRUE,TRUE,TRUE,"","criteria",TRUE,NA
"Asia_151","YEiUWzNlrALSq4mn4qjz","paleo1measurement1","trsgi","unitless","ring width","dendrophysical",FALSE,"Asi-MONG026.Jacoby.2010","Wood",46.82,100.12,4400,"MONG026","1.0.7",1,"Annual","positive","air@surface",TRUE,592,1411,2002,591,1,591,FALSE,153,TRUE,TRUE,TRUE,TRUE,TRUE,TRUE,TRUE,TRUE,TRUE,"","criteria",TRUE,NA
"Asia_152","HyJec1qE7ESWd7ujsmYf","paleo1measurement1","trsgi","unitless","ring width","dendrophysical",FALSE,"Asi-MONG002.Jacoby.2013","Wood",47.77,107,5900,"MONG002","1.0.7",1,"Summer","positive","air@surface",TRUE,489,1506,1994,488,1,488,FALSE,145,TRUE,TRUE,TRUE,TRUE,TRUE,TRUE,TRUE,TRUE,TRUE,"","criteria",TRUE,NA
"Asia_153","AKjsgAMA8FysCBknaNaT","paleo1measurement1","trsgi","unitless","ring width","dendrophysical",FALSE,"Asi-MONG028.Jacoby.2010","Wood",48.83,111.68,1700,"MONG028","1.0.7",1,"Annual","positive","air@surface",TRUE,426,1576,2001,425,1,425,FALSE,152,TRUE,TRUE,TRUE,TRUE,TRUE,TRUE,TRUE,TRUE,TRUE,"","criteria",TRUE,NA
"Asia_154","551H7FakdiULajYNeoJp","paleo1measurement1","trsgi","unitless","ring width","dendrophysical",FALSE,"Asi-MONG029.Jacoby.2010","Wood",49.87,91.43,1700,"MONG029","1.0.7",1,"Annual","positive","air@surface",TRUE,750,1249,1998,749,1,749,FALSE,149,TRUE,TRUE,TRUE,TRUE,TRUE,TRUE,TRUE,TRUE,TRUE,"","criteria",TRUE,NA
"Asia_155","sJ1ONRlN6apyhXM2acWD","paleo1measurement1","trsgi","unitless","ring width","dendrophysical",FALSE,"Asi-SODAPS.PAGES2k.2013","Wood",48.3,98.93,2500,"SODAPS","1.0.7",1,"Summer","positive","air@surface",TRUE,1954,46,1999,1953,1,1953,FALSE,150,TRUE,TRUE,TRUE,TRUE,TRUE,TRUE,TRUE,TRUE,TRUE,"","criteria",TRUE,NA
"Asia_156","K14PLJlIfsZq0JvVYIg8","paleo1measurement1","trsgi","unitless","ring width","dendrophysical",FALSE,"Asi-MONG030.Jacoby.2010","Wood",49.38,94.88,4200,"MONG030","1.0.7",1,"Annual","positive","air@surface",TRUE,567,1432,1998,566,1,566,FALSE,149,TRUE,TRUE,TRUE,TRUE,TRUE,TRUE,TRUE,TRUE,TRUE,"","criteria",TRUE,NA
"Asia_157","ITjC8I2dpNtQwjcjmtOT","paleo1measurement1","trsgi","unitless","ring width","dendrophysical",FALSE,"Asi-MONG010.Jacoby.2013","Wood",47.27,100.03,4100,"MONG010","1.0.7",1,"Summer","positive","air@surface",TRUE,637,1363,1999,636,1,636,FALSE,150,TRUE,TRUE,TRUE,TRUE,TRUE,TRUE,TRUE,TRUE,TRUE,"","criteria",TRUE,NA
"Asia_158","1tE42D6yXrssKXRZ0RO1","paleo1measurement1","trsgi","unitless","ring width","dendrophysical",FALSE,"Asi-MONG014.Jacoby.2013","Wood",47.43,100.42,4100,"MONG014","1.0.7",1,"Summer","positive","air@surface",TRUE,446,1557,2002,445,1,445,FALSE,153,TRUE,TRUE,TRUE,TRUE,TRUE,TRUE,TRUE,TRUE,TRUE,"","criteria",TRUE,NA
"Asia_159","tEiRUO7KXMqJncIJY2Dj","paleo1measurement1","trsgi","unitless","ring width","dendrophysical",FALSE,"Asi-MONG007.Schweingruber.2013","Wood",49.7,91.55,2827,"MONG007","1.0.7",1,"Summer","positive","air@surface",TRUE,426,1570,1995,425,1,425,FALSE,146,TRUE,TRUE,TRUE,TRUE,TRUE,TRUE,TRUE,TRUE,TRUE,"","criteria",TRUE,NA
"Asia_160","AZeU1EoQlYcQI140DSyN","paleo1measurement1","trsgi","unitless","ring width","dendrophysical",FALSE,"Asi-MONG012.Jacoby.2006","Wood",48.98,103.22,2950,"MONG012","1.0.7",1,"Annual","positive","air@surface",TRUE,492,1511,2002,491,1,491,FALSE,153,TRUE,TRUE,TRUE,TRUE,TRUE,TRUE,TRUE,TRUE,TRUE,"","criteria",TRUE,NA
"Asia_161","iEFPEOWatKn8uKKYwVzz","paleo1measurement1","trsgi","unitless","ring width","dendrophysical",FALSE,"Asi-MONG031.Jacoby.2010","Wood",48.25,97.4,3010,"MONG031","1.0.7",1,"Summer","positive","air@surface",TRUE,483,1516,1998,482,1,482,FALSE,149,TRUE,TRUE,TRUE,TRUE,TRUE,TRUE,TRUE,TRUE,TRUE,"","criteria",TRUE,NA
"Asia_162","vHCsItVB8QoYaPvnm5fG","paleo1measurement1","trsgi","unitless","ring width","dendrophysical",FALSE,"Asi-MONG006.Jacoby.2006","Wood",47.78,107.5,3050,"MONG006","1.0.7",1,"Annual","positive","air@surface",TRUE,415,1582,1996,414,1,414,FALSE,147,TRUE,TRUE,TRUE,TRUE,TRUE,TRUE,TRUE,TRUE,TRUE,"","criteria",TRUE,NA
"Asia_163","03eOxNMUzDCSVIFCSv10","paleo1measurement1","trsgi","unitless","ring width","dendrophysical",FALSE,"Asi-MONG011.Jacoby.2006","Wood",48.13,100.27,3700,"MONG011","1.0.7",1,"Annual","positive","air@surface",TRUE,489,1513,2001,488,1,488,FALSE,152,TRUE,TRUE,TRUE,TRUE,TRUE,TRUE,TRUE,TRUE,TRUE,"","criteria",TRUE,NA
"Asia_164","64U1CnOFgWJIOF0QafN0","paleo1measurement1","trsgi","unitless","ring width","dendrophysical",FALSE,"Asi-MONG032.Jacoby.2010","Wood",46.52,100.95,3600,"MONG032","1.0.7",1,"Summer","positive","air@surface",TRUE,663,1340,2002,662,1,662,FALSE,153,TRUE,TRUE,TRUE,TRUE,TRUE,TRUE,TRUE,TRUE,TRUE,"","criteria",TRUE,NA
"Asia_165","Y3gf5E5h4kwIMkh2gGqq","paleo1measurement1","trsgi","unitless","ring width","dendrophysical",FALSE,"Asi-Hushre.PAGES2k.2013","Wood",46.78,101.95,3700,"Hushre","1.0.7",1,"Summer","positive","air@surface",TRUE,507,1503,2009,506,1,506,FALSE,160,TRUE,TRUE,TRUE,TRUE,TRUE,TRUE,TRUE,TRUE,TRUE,"","criteria",TRUE,NA
"Asia_166","tV7IhQV7iCmDEH0wLcqA","paleo1measurement1","trsgi","unitless","ring width","dendrophysical",FALSE,"Asi-MONG004.Jacoby.2013","Wood",47.95,107.45,3700,"MONG004","1.0.7",1,"Summer","positive","air@surface",TRUE,413,1590,2002,412,1,412,FALSE,153,TRUE,TRUE,TRUE,TRUE,TRUE,TRUE,TRUE,TRUE,TRUE,"","criteria",TRUE,NA
"Asia_167","ubYHbZ1fG1qjGdPdmCCl","paleo1measurement1","trsgi","unitless","ring width","dendrophysical",FALSE,"Asi-NEPA003.Krusic.2013","Wood",29.48,82.08,3700,"NEPA003","1.0.7",1,"Summer","positive","air@surface",TRUE,578,1420,1997,577,1,577,FALSE,148,TRUE,TRUE,TRUE,TRUE,TRUE,TRUE,TRUE,TRUE,TRUE,"","criteria",TRUE,NA
"Asia_168","Ddt59WDSNCeNhbpkKvHC","paleo1measurement1","trsgi","unitless","ring width","dendrophysical",FALSE,"Asi-NEPA010.Krusic.2013","Wood",27.7,86.45,3700,"NEPA010","1.0.7",1,"Summer","positive","air@surface",TRUE,582,1417,1998,581,1,581,FALSE,149,TRUE,TRUE,TRUE,TRUE,TRUE,TRUE,TRUE,TRUE,TRUE,"","criteria",TRUE,NA
"Asia_169","zq7DUsRaMEyMTMS8PJAj","paleo1measurement1","trsgi","unitless","ring width","dendrophysical",FALSE,"Asi-NEPA014.Krusic.2013","Wood",27.7,86.28,3400,"NEPA014","1.0.7",1,"Summer","positive","air@surface",TRUE,453,1546,1998,452,1,452,FALSE,149,TRUE,TRUE,TRUE,TRUE,TRUE,TRUE,TRUE,TRUE,TRUE,"","criteria",TRUE,NA
"Asia_170","Gh9Sz9J3NYLp8djsSXui","paleo1measurement1","trsgi","unitless","ring width","dendrophysical",FALSE,"Asi-NEPA015.Krusic.2013","Wood",28.38,83.7,3600,"NEPA015","1.0.7",1,"Summer","positive","air@surface",TRUE,603,1395,1997,602,1,602,FALSE,148,TRUE,TRUE,TRUE,TRUE,TRUE,TRUE,TRUE,TRUE,TRUE,"","criteria",TRUE,NA
"Asia_171","ZWOa6ueu14raAhW4vcCT","paleo1measurement1","trsgi","unitless","ring width","dendrophysical",FALSE,"Asi-NEPA018.Krusic.2013","Wood",27.73,86.33,3600,"NEPA018","1.0.7",1,"Summer","positive","air@surface",TRUE,554,1445,1998,553,1,553,FALSE,149,TRUE,TRUE,TRUE,TRUE,TRUE,TRUE,TRUE,TRUE,TRUE,"","criteria",TRUE,NA
"Asia_172","3a49ejoHRBvU1Ypm8b3r","paleo1measurement1","trsgi","unitless","ring width","dendrophysical",FALSE,"Asi-NEPA019.Krusic.2013","Wood",29.47,82.12,6400,"NEPA019","1.0.7",1,"Summer","positive","air@surface",TRUE,468,1530,1997,467,1,467,FALSE,148,TRUE,TRUE,TRUE,TRUE,TRUE,TRUE,TRUE,TRUE,TRUE,"","criteria",TRUE,NA
"Asia_173","H0YHjezS0husC8d7ZrHu","paleo1measurement1","trsgi","unitless","ring width","dendrophysical",FALSE,"Asi-NEPA025.Krusic.2013","Wood",29.52,82.03,4000,"NEPA025","1.0.7",1,"Summer","positive","air@surface",TRUE,432,1566,1997,431,1,431,FALSE,148,TRUE,TRUE,TRUE,TRUE,TRUE,TRUE,TRUE,TRUE,TRUE,"","criteria",TRUE,NA
"Asia_174","Lewlek5yN3RbaWwhzlVu","paleo1measurement1","trsgi","unitless","ring width","dendrophysical",FALSE,"Asi-NEPA029.Krusic.2013","Wood",28.18,85.43,4000,"NEPA029","1.0.7",1,"Summer","positive","air@surface",TRUE,436,1559,1994,435,1,435,FALSE,145,TRUE,TRUE,TRUE,TRUE,TRUE,TRUE,TRUE,TRUE,TRUE,"","criteria",TRUE,NA
"Asia_175","X4CYJlOVa4LdS3QqVTMB","paleo1measurement1","trsgi","unitless","ring width","dendrophysical",FALSE,"Asi-NEPA030.Krusic.2013","Wood",27.78,87.27,3200,"NEPA030","1.0.7",1,"Summer","positive","air@surface",TRUE,1141,856,1996,1140,1,1140,FALSE,147,TRUE,TRUE,TRUE,TRUE,TRUE,TRUE,TRUE,TRUE,TRUE,"","criteria",TRUE,NA
"Asia_176","U2xmCm4GC3Bq8Q4MwLjk","paleo1measurement1","trsgi","unitless","ring width","dendrophysical",FALSE,"Asi-NEPA032.Krusic.2013","Wood",27.67,87.2,3300,"NEPA032","1.0.7",1,"Summer","positive","air@surface",TRUE,451,1546,1996,450,1,450,FALSE,147,TRUE,TRUE,TRUE,TRUE,TRUE,TRUE,TRUE,TRUE,TRUE,"","criteria",TRUE,NA
"Asia_177","EI3zmahXZj7BQJ3Mt35n","paleo1measurement1","trsgi","unitless","ring width","dendrophysical",FALSE,"Asi-NEPA036.Krusic.2013","Wood",27.73,87.2,2300,"NEPA036","1.0.7",1,"Summer","positive","air@surface",TRUE,488,1509,1996,487,1,487,FALSE,147,TRUE,TRUE,TRUE,TRUE,TRUE,TRUE,TRUE,TRUE,TRUE,"","criteria",TRUE,NA
"Asia_178","9p2uIXyemrttLQzXWRMa","paleo1measurement1","trsgi","unitless","ring width","dendrophysical",FALSE,"Asi-BURGPW.PAGES2k.2013","Wood",28.77,83.73,2500,"BURGPW","1.0.7",1,"Summer","positive","air@surface",TRUE,694,1303,1996,693,1,693,FALSE,147,TRUE,TRUE,TRUE,TRUE,TRUE,TRUE,TRUE,TRUE,TRUE,"","criteria",TRUE,NA
"Asia_179","uLf3eyV8DU6lVY5ENWNe","paleo1measurement1","trsgi","unitless","ring width","dendrophysical",FALSE,"Asi-NEPA021.Krusic.2013","Wood",27.5,88.02,3400,"NEPA021","1.0.7",1,"Summer","positive","air@surface",TRUE,475,1525,1999,474,1,474,FALSE,150,TRUE,TRUE,TRUE,TRUE,TRUE,TRUE,TRUE,TRUE,TRUE,"","criteria",TRUE,NA
"Asia_180","LdI5WbNehxNaigjUwKjh","paleo1measurement1","trsgi","unitless","ring width","dendrophysical",FALSE,"Asi-NEPA027.Krusic.2013","Wood",27.5,87.98,3300,"NEPA027","1.0.7",1,"Summer","positive","air@surface",TRUE,439,1561,1999,438,1,438,FALSE,150,TRUE,TRUE,TRUE,TRUE,TRUE,TRUE,TRUE,TRUE,TRUE,"","criteria",TRUE,NA
"Asia_181","MRWqALpwtfi6abJ82mWe","paleo1measurement1","trsgi","unitless","ring width","dendrophysical",FALSE,"Asi-NEPA042.Krusic.2010","Wood",27.83,88.02,3300,"NEPA042","1.0.7",1,"Annual","positive","air@surface",TRUE,500,1500,1999,499,1,499,FALSE,150,TRUE,TRUE,TRUE,TRUE,TRUE,TRUE,TRUE,TRUE,TRUE,"","criteria",TRUE,NA
"Asia_182","1dYIzVrusmDrkqqYzdiO","paleo1measurement1","trsgi","unitless","ring width","dendrophysical",FALSE,"Asi-ENEPAB.PAGES2k.2013","Wood",27.73,87.2,3300,"ENEPAB","1.0.7",1,"Summer","positive","air@surface",TRUE,491,1509,1999,490,1,490,FALSE,150,TRUE,TRUE,TRUE,TRUE,TRUE,TRUE,TRUE,TRUE,TRUE,"","criteria",TRUE,NA
"Asia_183","oqTSw7Op6mD3PZ5xTpyv","paleo1measurement1","trsgi","unitless","ring width","dendrophysical",FALSE,"Asi-ESPPAK.PAGES2k.2013","Wood",35.17,75.5,2000,"ESPPAK","1.0.7",1,"Summer","positive","air@surface",TRUE,1294,700,1993,1293,1,1293,FALSE,144,TRUE,TRUE,TRUE,TRUE,TRUE,TRUE,TRUE,TRUE,TRUE,"","criteria",TRUE,NA
"Asia_184","vmgssVMYjMNoXzK3qV99","paleo1measurement1","trsgi","unitless","ring width","dendrophysical",FALSE,"Asi-PAKI017.Cook.2013","Wood",35.33,74.8,3300,"PAKI017","1.0.7",1,"Summer","positive","air@surface",TRUE,501,1505,2005,500,1,500,FALSE,156,TRUE,TRUE,TRUE,TRUE,TRUE,TRUE,TRUE,TRUE,TRUE,"","criteria",TRUE,NA
"Asia_185","W6abRtcUggNvGlJFdVYF","paleo1measurement1","trsgi","unitless","ring width","dendrophysical",FALSE,"Asi-PAKI018.Cook.2013","Wood",35.33,74.8,3200,"PAKI018","1.0.7",1,"Summer","positive","air@surface",TRUE,689,1317,2005,688,1,688,FALSE,156,TRUE,TRUE,TRUE,TRUE,TRUE,TRUE,TRUE,TRUE,TRUE,"","criteria",TRUE,NA
"Asia_186","SZwkJSGnTyuHh8sOKSUA","paleo1measurement1","trsgi","unitless","ring width","dendrophysical",FALSE,"Asi-PAKI001.Esper.2007","Wood",36.03,74.58,3200,"PAKI001","1.0.8",1,"Annual","positive","air@surface",TRUE,401,1593,1993,400,1,400,FALSE,144,TRUE,TRUE,TRUE,TRUE,TRUE,TRUE,TRUE,TRUE,TRUE,"","criteria",TRUE,NA
"Asia_187","KRxIsRfmVZl7GM3ITIEk","paleo1measurement1","trsgi","unitless","ring width","dendrophysical",FALSE,"Asi-PAKI002.Esper.2007","Wood",36.03,74.58,5000,"PAKI002","1.0.8",1,"Annual","positive","air@surface",TRUE,625,1369,1993,624,1,624,FALSE,144,TRUE,TRUE,TRUE,TRUE,TRUE,TRUE,TRUE,TRUE,TRUE,"","criteria",TRUE,NA
"Asia_188","TUj8FyQp9gmydMgwqTE7","paleo1measurement1","trsgi","unitless","ring width","dendrophysical",FALSE,"Asi-PAKI003.Esper.2007","Wood",36.03,74.58,3300,"PAKI003","1.0.8",1,"Annual","positive","air@surface",TRUE,556,1438,1993,555,1,555,FALSE,144,TRUE,TRUE,TRUE,TRUE,TRUE,TRUE,TRUE,TRUE,TRUE,"","criteria",TRUE,NA
"Asia_189","g9wLSglzv0bJPCCcTGit","paleo1measurement1","trsgi","unitless","ring width","dendrophysical",FALSE,"Asi-PAKI004.Esper.2007","Wood",36.03,74.58,3800,"PAKI004","1.0.8",1,"Annual","positive","air@surface",TRUE,754,1240,1993,753,1,753,FALSE,144,TRUE,TRUE,TRUE,TRUE,TRUE,TRUE,TRUE,TRUE,TRUE,"","criteria",TRUE,NA
"Asia_190","bOS0IAbSvDxtjuCvOIyQ","paleo1measurement1","trsgi","unitless","ring width","dendrophysical",FALSE,"Asi-PAKI020.Cook.2013","Wood",35.68,71.63,3000,"PAKI020","1.0.7",1,"Summer","positive","air@surface",TRUE,596,1411,2006,595,1,595,FALSE,157,TRUE,TRUE,TRUE,TRUE,TRUE,TRUE,TRUE,TRUE,TRUE,"","criteria",TRUE,NA
"Asia_191","oHOsN3BmcoSORSITOLV9","paleo1measurement1","trsgi","unitless","ring width","dendrophysical",FALSE,"Asi-PAKI021.Cook.2013","Wood",35.68,71.63,3450,"PAKI021","1.0.7",1,"Summer","positive","air@surface",TRUE,604,1403,2006,603,1,603,FALSE,157,TRUE,TRUE,TRUE,TRUE,TRUE,TRUE,TRUE,TRUE,TRUE,"","criteria",TRUE,NA
"Asia_192","JNMoDwdUMymuv7yCciJG","paleo1measurement1","trsgi","unitless","ring width","dendrophysical",FALSE,"Asi-PAKI022.Cook.2013","Wood",35.9,71.73,3600,"PAKI022","1.0.7",1,"Summer","positive","air@surface",TRUE,470,1537,2006,469,1,469,FALSE,157,TRUE,TRUE,TRUE,TRUE,TRUE,TRUE,TRUE,TRUE,TRUE,"","criteria",TRUE,NA
"Asia_193","wnA8oYOXEEmvrdNP9XZ2","paleo1measurement1","trsgi","unitless","ring width","dendrophysical",FALSE,"Asi-PAKI023.Cook.2013","Wood",35.9,71.73,3000,"PAKI023","1.0.7",1,"Summer","positive","air@surface",TRUE,747,1260,2006,746,1,746,FALSE,157,TRUE,TRUE,TRUE,TRUE,TRUE,TRUE,TRUE,TRUE,TRUE,"","criteria",TRUE,NA
"Asia_194","tiHRKW6wnGQ22u50mEgz","paleo1measurement1","trsgi","unitless","ring width","dendrophysical",FALSE,"Asi-PAKI024.Cook.2013","Wood",35.03,74.58,1830,"PAKI024","1.0.7",1,"Summer","positive","air@surface",TRUE,612,1394,2005,611,1,611,FALSE,156,TRUE,TRUE,TRUE,TRUE,TRUE,TRUE,TRUE,TRUE,TRUE,"","criteria",TRUE,NA
"Asia_195","Q00H9XZPS192HlebSppz","paleo1measurement1","trsgi","unitless","ring width","dendrophysical",FALSE,"Asi-PAKI006.Esper.2007","Wood",36.33,74.03,3500,"PAKI006","1.0.8",1,"Annual","positive","air@surface",TRUE,962,1032,1993,961,1,961,FALSE,144,TRUE,TRUE,TRUE,TRUE,TRUE,TRUE,TRUE,TRUE,TRUE,"","criteria",TRUE,NA
"Asia_196","j2XoE4TEe53dpBCFWYn7","paleo1measurement1","trsgi","unitless","ring width","dendrophysical",FALSE,"Asi-PAKI007.Esper.2007","Wood",36.33,74.03,3330,"PAKI007","1.0.8",1,"Annual","positive","air@surface",TRUE,853,1141,1993,852,1,852,FALSE,144,TRUE,TRUE,TRUE,TRUE,TRUE,TRUE,TRUE,TRUE,TRUE,"","criteria",TRUE,NA
"Asia_197","uq1v2wsZoSZXfcmHepg7","paleo1measurement1","trsgi","unitless","ring width","dendrophysical",FALSE,"Asi-PAKI025.Cook.2013","Wood",35.45,74.78,2760,"PAKI025","1.0.7",1,"Summer","positive","air@surface",TRUE,718,1290,2007,717,1,717,FALSE,158,TRUE,TRUE,TRUE,TRUE,TRUE,TRUE,TRUE,TRUE,TRUE,"","criteria",TRUE,NA
"Asia_198","bheHQ09dfhEAifRIO86q","paleo1measurement1","trsgi","unitless","ring width","dendrophysical",FALSE,"Asi-PAKI027.Cook.2013","Wood",35.35,71.93,2670,"PAKI027","1.0.7",1,"Summer","positive","air@surface",TRUE,496,1511,2006,495,1,495,FALSE,157,TRUE,TRUE,TRUE,TRUE,TRUE,TRUE,TRUE,TRUE,TRUE,"","criteria",TRUE,NA
"Asia_199","2jSzovGXJL0lmYBVej1x","paleo1measurement1","trsgi","unitless","ring width","dendrophysical",FALSE,"Asi-PAKI028.Cook.2013","Wood",35.4,74.12,2880,"PAKI028","1.0.7",1,"Summer","positive","air@surface",TRUE,449,1559,2007,448,1,448,FALSE,158,TRUE,TRUE,TRUE,TRUE,TRUE,TRUE,TRUE,TRUE,TRUE,"","criteria",TRUE,NA
"Asia_200","aiEEshELkQ4Q2oewsYIA","paleo1measurement1","trsgi","unitless","ring width","dendrophysical",FALSE,"Asi-PAKI029.Cook.2013","Wood",35.83,74.33,3200,"PAKI029","1.0.7",1,"Summer","positive","air@surface",TRUE,486,1523,2008,485,1,485,FALSE,159,TRUE,TRUE,TRUE,TRUE,TRUE,TRUE,TRUE,TRUE,TRUE,"","criteria",TRUE,NA
"Asia_201","mugPZ4zXAkDBRzby7nZp","paleo1measurement1","trsgi","unitless","ring width","dendrophysical",FALSE,"Asi-PAKI030.Cook.2013","Wood",35.88,74.18,3630,"PAKI030","1.0.7",1,"Summer","positive","air@surface",TRUE,435,1574,2008,434,1,434,FALSE,159,TRUE,TRUE,TRUE,TRUE,TRUE,TRUE,TRUE,TRUE,TRUE,"","criteria",TRUE,NA
"Asia_202","uy9ZDDGKKeP7WmhBAzmX","paleo1measurement1","trsgi","unitless","ring width","dendrophysical",FALSE,"Asi-PAKI009.Esper.2007","Wood",36.58,75.08,1500,"PAKI009","1.0.8",1,"Summer","positive","air@surface",TRUE,1515,476,1990,1514,1,1514,FALSE,141,TRUE,TRUE,TRUE,TRUE,TRUE,TRUE,TRUE,TRUE,TRUE,"","criteria",TRUE,NA
"Asia_203","cpY8Rq8vaadbJeu2yL1G","paleo1measurement1","trsgi","unitless","ring width","dendrophysical",FALSE,"Asi-PAKI010.Esper.2007","Wood",36.58,75.08,3740,"PAKI010","1.0.8",1,"Summer","positive","air@surface",TRUE,1023,968,1990,1022,1,1022,FALSE,141,TRUE,TRUE,TRUE,TRUE,TRUE,TRUE,TRUE,TRUE,TRUE,"","criteria",TRUE,NA
"Asia_204","jc75v7Gkk8SDQ1NoUriV","paleo1measurement1","trsgi","unitless","ring width","dendrophysical",FALSE,"Asi-PAKI011.Esper.2007","Wood",36.58,75.08,3276,"PAKI011","1.0.8",1,"Summer","positive","air@surface",TRUE,1437,554,1990,1436,1,1436,FALSE,141,TRUE,TRUE,TRUE,TRUE,TRUE,TRUE,TRUE,TRUE,TRUE,"","criteria",TRUE,NA
"Asia_205","4P4FIwyzzwQ0JfIDhF55","paleo1measurement1","trsgi","unitless","ring width","dendrophysical",FALSE,"Asi-PAKI012.Esper.2007","Wood",36.58,75.08,3033,"PAKI012","1.0.8",1,"Summer","positive","air@surface",TRUE,922,1069,1990,921,1,921,FALSE,141,TRUE,TRUE,TRUE,TRUE,TRUE,TRUE,TRUE,TRUE,TRUE,"","criteria",TRUE,NA
"Asia_206","tjoyz9P2XBz3ieuUd9Cs","paleo1measurement1","trsgi","unitless","ring width","dendrophysical",FALSE,"Asi-PAKI031.Cook.2013","Wood",35.5,74.08,3600,"PAKI031","1.0.7",1,"Summer","positive","air@surface",TRUE,712,1296,2007,711,1,711,FALSE,158,TRUE,TRUE,TRUE,TRUE,TRUE,TRUE,TRUE,TRUE,TRUE,"","criteria",TRUE,NA
"Asia_207","MVHIsye1Jh1Wd6SsOlcU","paleo1measurement1","trsgi","unitless","ring width","dendrophysical",FALSE,"Asi-PAKI033.Cook.2013","Wood",35.5,74.75,3600,"PAKI033","1.0.7",1,"Summer","positive","air@surface",TRUE,646,1362,2007,645,1,645,FALSE,158,TRUE,TRUE,TRUE,TRUE,TRUE,TRUE,TRUE,TRUE,TRUE,"","criteria",TRUE,NA
"Asia_208","30gHBBY2Q1CHo62awymg","paleo1measurement1","trsgi","unitless","ring width","dendrophysical",FALSE,"Asi-PAKI035.Cook.2013","Wood",36.15,74.18,3900,"PAKI035","1.0.7",1,"Summer","positive","air@surface",TRUE,513,1497,2009,512,1,512,FALSE,160,TRUE,TRUE,TRUE,TRUE,TRUE,TRUE,TRUE,TRUE,TRUE,"","criteria",TRUE,NA
"Asia_209","GzzetxioEvmTXQARba7p","paleo1measurement1","trsgi","unitless","ring width","dendrophysical",FALSE,"Asi-PAKI036.Cook.2013","Wood",36.15,74.18,3900,"PAKI036","1.0.7",1,"Summer","positive","air@surface",TRUE,619,1387,2005,618,1,618,FALSE,156,TRUE,TRUE,TRUE,TRUE,TRUE,TRUE,TRUE,TRUE,TRUE,"","criteria",TRUE,NA
"Asia_210","pg7jAeDK7RhIxsEatPKA","paleo1measurement1","trsgi","unitless","ring width","dendrophysical",FALSE,"Asi-PAKI014.Esper.2007","Wood",35.17,75.5,3100,"PAKI014","1.0.8",1,"Annual","positive","air@surface",TRUE,582,1412,1993,581,1,581,FALSE,144,TRUE,TRUE,TRUE,TRUE,TRUE,TRUE,TRUE,TRUE,TRUE,"","criteria",TRUE,NA
"Asia_211","iUQcdAWFBfNzTQQJexKD","paleo1measurement1","trsgi","unitless","ring width","dendrophysical",FALSE,"Asi-PAKI015.Esper.2007","Wood",35.17,75.5,3300,"PAKI015","1.0.8",1,"Annual","positive","air@surface",TRUE,1258,736,1993,1257,1,1257,FALSE,144,TRUE,TRUE,TRUE,TRUE,TRUE,TRUE,TRUE,TRUE,TRUE,"","criteria",TRUE,NA
"Asia_212","FUaBgZ21oNrq7EodemYC","paleo1measurement1","trsgi","unitless","ring width","dendrophysical",FALSE,"Asi-PAKI016.Esper.2007","Wood",35.17,75.5,3050,"PAKI016","1.0.8",1,"Annual","positive","air@surface",TRUE,1606,388,1993,1605,1,1605,FALSE,144,TRUE,TRUE,TRUE,TRUE,TRUE,TRUE,TRUE,TRUE,TRUE,"","criteria",TRUE,NA
"Asia_213","ovWWrKsUuDijVVCQlI9Z","paleo1measurement1","trsgi","unitless","ring width","dendrophysical",FALSE,"Asi-PAKI039.Cook.2013","Wood",35,70.78,3750,"PAKI039","1.0.7",1,"Annual","positive","air@surface",TRUE,439,1569,2007,438,1,438,FALSE,158,TRUE,TRUE,TRUE,TRUE,TRUE,TRUE,TRUE,TRUE,TRUE,"","criteria",TRUE,NA
"Asia_214","ERm6ZoAaBifvoVdsrgO9","paleo1measurement1","trsgi","unitless","ring width","dendrophysical",FALSE,"Asi-PAKI040.Cook.2011","Wood",35.35,71.8,3900,"PAKI040","1.0.7",1,"Annual","positive","air@surface",TRUE,534,1472,2005,533,1,533,FALSE,156,TRUE,TRUE,TRUE,TRUE,TRUE,TRUE,TRUE,TRUE,TRUE,"","criteria",TRUE,NA
"Asia_215","BE5CrfPdvgKHnJYBf4aI","paleo1measurement1","trsgi","unitless","ring width","dendrophysical",FALSE,"Asi-HRPCSM.PAGES2k.2013","Wood",35.88,74.88,3100,"HRPCSM","1.0.7",1,"Summer","positive","air@surface",TRUE,543,1467,2009,542,1,542,FALSE,160,TRUE,TRUE,TRUE,TRUE,TRUE,TRUE,TRUE,TRUE,TRUE,"","criteria",TRUE,NA
"Asia_216","ACo3h4GFVG50ekrKtx0F","paleo1measurement1","trsgi","unitless","ring width","dendrophysical",FALSE,"Asi-NOGSAK.PAGES2k.2013","Wood",51.83,143.13,3300,"NOGSAK","1.0.7",1,"Summer","positive","air@surface",TRUE,434,1570,2003,433,1,433,FALSE,154,TRUE,TRUE,TRUE,TRUE,TRUE,TRUE,TRUE,TRUE,TRUE,"","criteria",TRUE,NA
"Asia_217","lCGTfnbkcEZiV2iQGyCI","paleo1measurement1","trsgi","unitless","ring width","dendrophysical",FALSE,"Asi-CHIN042.Brauning.2013","Wood",31.95,98.87,3300,"CHIN042","1.0.7",1,"Summer","positive","air@surface",TRUE,478,1519,1996,477,1,477,FALSE,147,TRUE,TRUE,TRUE,TRUE,TRUE,TRUE,TRUE,TRUE,TRUE,"","criteria",TRUE,NA
"Asia_218","X5K4lSwFWsEqrwAkhf4Y","paleo1measurement1","trsgi","unitless","ring width","dendrophysical",FALSE,"Asi-CHIN047.Brauning.2013","Wood",31.12,97.03,2500,"CHIN047","1.0.7",1,"Summer","positive","air@surface",TRUE,589,1406,1994,588,1,588,FALSE,145,TRUE,TRUE,TRUE,TRUE,TRUE,TRUE,TRUE,TRUE,TRUE,"","criteria",TRUE,NA
"Asia_219","Lv3eHeBySIJWrzYdMRUH","paleo1measurement1","trsgi","unitless","ring width","dendrophysical",FALSE,"Asi-CHIN049.Brauning.2013","Wood",31.23,96.48,3500,"CHIN049","1.0.7",1,"Summer","positive","air@surface",TRUE,448,1547,1994,447,1,447,FALSE,145,TRUE,TRUE,TRUE,TRUE,TRUE,TRUE,TRUE,TRUE,TRUE,"","criteria",TRUE,NA
"Asia_220","lF4Ce50axZlsjxhEhUkX","paleo1measurement1","trsgi","unitless","ring width","dendrophysical",FALSE,"Asi-CHIN043.Brauning.2013","Wood",29.3,91.97,3900,"CHIN043","1.0.7",1,"Summer","positive","air@surface",TRUE,782,1217,1998,781,1,781,FALSE,149,TRUE,TRUE,TRUE,TRUE,TRUE,TRUE,TRUE,TRUE,TRUE,"","criteria",TRUE,NA
"Asia_221","AP6DANmTEzW4IQPq1vkQ","paleo1measurement1","trsgi","unitless","ring width","dendrophysical",FALSE,"Asi-CHIN046.Brauning.2013","Wood",31.12,97.03,3150,"CHIN046","1.0.7",1,"Summer","positive","air@surface",TRUE,1556,449,2004,1555,1,1555,FALSE,155,TRUE,TRUE,TRUE,TRUE,TRUE,TRUE,TRUE,TRUE,TRUE,"","criteria",TRUE,NA
"Asia_222","jbEpzhA2nAXwBLBTy4vS","paleo1measurement1","trsgi","unitless","ring width","dendrophysical",FALSE,"Asi-CHIN044.Brauning.2013","Wood",29.07,93.95,2400,"CHIN044","1.0.7",1,"Summer","positive","air@surface",TRUE,947,1047,1993,946,1,946,FALSE,144,TRUE,TRUE,TRUE,TRUE,TRUE,TRUE,TRUE,TRUE,TRUE,"","criteria",TRUE,NA
"Asia_223","P2ATo9qKPe7tlIGx4BBT","paleo1measurement1","trsgi","unitless","ring width","dendrophysical",FALSE,"Asi-CHIN045.Brauning.2013","Wood",29.62,94.67,2300,"CHIN045","1.0.7",1,"Summer","positive","air@surface",TRUE,426,1568,1993,425,1,425,FALSE,144,TRUE,TRUE,TRUE,TRUE,TRUE,TRUE,TRUE,TRUE,TRUE,"","criteria",TRUE,NA
"Asia_224","iCkX0Leqkt1XCGg1QGsp","paleo1measurement1","trsgi","unitless","ring width","dendrophysical",FALSE,"Asi-CHIN048.Brauning.2013","Wood",30.3,91.52,700,"CHIN048","1.0.7",1,"Summer","positive","air@surface",TRUE,919,1080,1998,918,1,918,FALSE,149,TRUE,TRUE,TRUE,TRUE,TRUE,TRUE,TRUE,TRUE,TRUE,"","criteria",TRUE,NA
"Asia_225","9SMB10SCoaV3lWhSItIK","paleo1measurement1","trsgi","unitless","ring width","dendrophysical",FALSE,"Asi-CENTIB.PAGES2k.2013","Wood",29.35,92,2900,"CENTIB","1.0.7",1,"Summer","positive","air@surface",TRUE,724,1285,2008,723,1,723,FALSE,159,TRUE,TRUE,TRUE,TRUE,TRUE,TRUE,TRUE,TRUE,TRUE,"","criteria",TRUE,NA
"Asia_226","kQnFPjTwPCjNKgghR2yA","paleo1measurement1","trsgi","unitless","ring width","dendrophysical",FALSE,"Asi-TH001.Buckley.2010","Wood",19.28,98.93,3900,"TH001","1.0.7",1,"Annual","positive","air@surface",TRUE,448,1558,2005,447,1,447,FALSE,156,TRUE,TRUE,TRUE,TRUE,TRUE,TRUE,TRUE,TRUE,TRUE,"","criteria",TRUE,NA
"Asia_227","rkhkEZGXNM3iltNsGpJl","paleo1measurement1","trsgi","unitless","ring width","dendrophysical",FALSE,"Asi-TW001.Wright.2010","Wood",24.53,121.38,3800,"TW001","1.0.7",1,"Annual","positive","air@surface",TRUE,1101,907,2007,1100,1,1100,FALSE,158,TRUE,TRUE,TRUE,TRUE,TRUE,TRUE,TRUE,TRUE,TRUE,"","criteria",TRUE,NA
"Asia_228","7OsBCCLVE5c4XOCII2Xh","paleo1measurement1","trsgi","unitless","ring width","dendrophysical",FALSE,"Asi-MCCHFH.Sano.2008","Wood",21.67,104.1,3600,"MCCHFH","1.0.7",1,"Annual","positive","air@surface",TRUE,535,1470,2004,534,1,534,FALSE,155,TRUE,TRUE,TRUE,TRUE,TRUE,TRUE,TRUE,TRUE,TRUE,"","criteria",TRUE,NA
"Asia_229","CfO24aHUNP6wPLSGgMYt","paleo1measurement1","trsgi","unitless","ring width","dendrophysical",FALSE,"Asi-VIET001.Buckley.2010","Wood",12.22,108.73,3900,"VIET001","1.0.7",1,"Annual","positive","air@surface",TRUE,979,1030,2008,978,1,978,FALSE,159,TRUE,TRUE,TRUE,TRUE,TRUE,TRUE,TRUE,TRUE,TRUE,"","criteria",TRUE,NA
"Asia_230","mE7P31hoHDXy1Q9yfQlq","paleo1measurement1","temperature","degC","borehole","borehole",FALSE,"Asi-SourthAndMiddleUrals.Demezhko.2007","Borehole",55,59.5,1900,"Sourth and Middle Urals","1.0.3",1,"Annual","positive","ground@surface",TRUE,24,800,1950,1150,50,1150,FALSE,3,TRUE,TRUE,FALSE,FALSE,TRUE,FALSE,TRUE,TRUE,TRUE,"resolution;calibration","curator admission",TRUE,NA
"Asia_235","z7iWxxhclZ83EEiSo0aB","paleo1measurement1","temperature","degC","multiproxy","multiproxy",FALSE,"Asi-KunashirIsland.Demezhko.2009","Other",43.955,145.725,2400,"Kunashir Island","1.0.8",1,"Annual","positive","ground@surface",TRUE,416,1585,2000,415,1,415,FALSE,151,TRUE,TRUE,TRUE,TRUE,TRUE,TRUE,FALSE,TRUE,TRUE,"ptype","curator admission",TRUE,NA
"Asia_236","O1hYG7cGqeOY3Al4sm3a","paleo1measurement1","d18O","permil","d18O",NA,FALSE,"Asi-Dasuopu.Thompson.2000","GlacierIce",28.38,85.72,7200,"Dasuopu","1.0.7",1,"Annual","positive","air@condensationLevel",TRUE,547,1450,1996,546,1,546,FALSE,147,TRUE,TRUE,TRUE,TRUE,TRUE,TRUE,TRUE,TRUE,TRUE,"","criteria",TRUE,NA
"Asia_237","O1hYG7cGqeOY3Al4sm3a","paleo1measurement1","dust","permil","dust",NA,FALSE,"Asi-Dasuopu.Thompson.2000","GlacierIce",28.38,85.72,7200,"Dasuopu","1.0.7",1,"Jun-Sep",NA,NA,TRUE,547,1450,1996,546,1,546,FALSE,147,TRUE,TRUE,TRUE,TRUE,TRUE,TRUE,TRUE,TRUE,TRUE,"","criteria",TRUE,NA
"Asia_247","ogl6BoJzymVkkpbPjyyW","paleo1measurement1","d18O","permil","d18O",NA,FALSE,"Asi-Guliya.Thompson.1997","GlacierIce",35.28,81.48,6200,"Guliya","1.0.7",1,"Annual","positive","air@condensationLevel",TRUE,199,4.5,1984.5,1980,10,1980,FALSE,14,TRUE,TRUE,FALSE,FALSE,TRUE,FALSE,TRUE,TRUE,TRUE,"resolution;calibration","curator admission",TRUE,NA
"Asia_305","ggVLCcXep9oHad0qHsuO","paleo1measurement1","d18O","permil","d18O",NA,FALSE,"Asi-Puruogangri.Thompson.2006","GlacierIce",33.9167,89.0833,6070,"Puruogangri","1.0.6",1,"Annual","positive","air@condensationLevel",TRUE,200,4.5,1994.5,1990,10,1990,FALSE,15,TRUE,TRUE,FALSE,FALSE,TRUE,FALSE,TRUE,TRUE,TRUE,"resolution;calibration","curator admission",TRUE,NA
"Asia_317","egOjLgX5aWsr3CUTflig","paleo1measurement1","temperature","unitless","historical","historical",FALSE,"Asi-EastChina.Wang.1990","Documents",30,117.5,2600,"East China","1.0.6",1,"Winter","positive","air@surface",TRUE,51,1470,1970,500,10,500,FALSE,13,TRUE,TRUE,FALSE,FALSE,TRUE,FALSE,TRUE,TRUE,TRUE,"resolution;calibration","curator admission",TRUE,NA
"Asia_318","Hyt95q6NgfQmcfSV8Q0h","paleo1measurement1","temperature","unitless","historical","historical",FALSE,"Asi-EastChina.Wang.1998","Documents",34,120,3300,"East China region","1.0.6",1,"Annual","positive","air@surface",TRUE,62,1380,1990,610,10,610,FALSE,15,TRUE,TRUE,FALSE,FALSE,TRUE,FALSE,TRUE,TRUE,TRUE,"resolution;calibration","curator admission",TRUE,NA
"Asia_319","RQBb0ue8NhQiexAzoat0","paleo1measurement1","temperature","unitless","historical","historical",FALSE,"Asi-SouthChina.Wang.1998","Documents",23,114,2200,"South China","1.0.6",1,"Annual","positive","air@surface",TRUE,47,1500,1960,460,10,460,FALSE,12,TRUE,TRUE,FALSE,FALSE,TRUE,FALSE,TRUE,TRUE,TRUE,"resolution;calibration","curator admission",TRUE,NA
"Asia_320","Xonsu2MORPpsHAEeI0TJ","paleo1measurement1","temperature","unitless","historical","historical",FALSE,"Asi-CentralChina.Wang.1998","Documents",29,113,3000,"Central China","1.0.6",1,"Annual","positive","air@surface",TRUE,53,1470,1990,520,10,520,FALSE,15,TRUE,TRUE,FALSE,FALSE,TRUE,FALSE,TRUE,TRUE,TRUE,"resolution;calibration","curator admission",TRUE,NA
"Asia_321","D7RDPMjtWnIRipVaeoik","paleo1measurement1","temperature","unitless","historical","historical",FALSE,"Asi-Fujian.Wang.1998","Documents",24,121,3700,"Fujian and Taiwan","1.0.6",1,"Annual","positive","air@surface",TRUE,47,1500,1960,460,10,460,FALSE,12,TRUE,TRUE,FALSE,FALSE,TRUE,FALSE,TRUE,TRUE,TRUE,"resolution;calibration","curator admission",TRUE,NA
"Asia_324","balZRdaNANU9zB0uh9kM","paleo1measurement1","temperature","unitless","historical","historical",FALSE,"Asi-LowerYangtzeRiver.Zhang.1980","Documents",32.1,118.8,2200,"Lower reaches of the Yangtze River","1.0.6",1,"Winter","positive","air@surface",TRUE,50,1470,1960,490,10,490,FALSE,12,TRUE,TRUE,FALSE,FALSE,TRUE,FALSE,TRUE,TRUE,TRUE,"resolution;calibration","curator admission",TRUE,NA
"Asia_325","4uy0QN4EBlX3NEx9d873","paleo1measurement1","temperature","unitless","historical","historical",FALSE,"Asi-MiddleYangtzeRiver.Zhang.1980","Documents",30.5,114.5,1900,"Middle reaches of the Yangtze River","1.0.6",1,"Winter","positive","air@surface",TRUE,50,1470,1960,490,10,490,FALSE,12,TRUE,TRUE,FALSE,FALSE,TRUE,FALSE,TRUE,TRUE,TRUE,"resolution;calibration","curator admission",TRUE,NA
"Asia_326","sB4JfLnWzJuYQE4PUWhF","paleo1measurement1","temperature","unitless","historical","historical",FALSE,"Asi-GuangdongAndGuangxi.Zhang.1980","Documents",23.5,112.5,2480,"Guangdong and Guangxi province","1.0.6",1,"Winter","positive","air@surface",TRUE,50,1470,1960,490,10,490,FALSE,12,TRUE,TRUE,FALSE,FALSE,TRUE,FALSE,TRUE,TRUE,TRUE,"resolution;calibration","curator admission",TRUE,NA
"Asia_327","FYXINgpwaFuyFaEPbBrc","paleo1measurement1","temperature","unitless","historical","historical",FALSE,"Asi-ZhejiangAndFujian.Zhang.1980","Documents",25,118,2400,"Zhejiang and Fujian province","1.0.6",1,"Winter","positive","air@surface",TRUE,50,1470,1960,490,10,490,FALSE,12,TRUE,TRUE,FALSE,FALSE,TRUE,FALSE,TRUE,TRUE,TRUE,"resolution;calibration","curator admission",TRUE,NA
"Asia_328","bae9ocLumgwEoppX0fif","paleo1measurement1","temperature","unitless","historical","historical",FALSE,"Asi-Hunan-Jiangsu.Zhang.1980","Documents",28,116.5,2300,"Hunan-Jiangsu","1.0.6",1,"Winter","positive","air@surface",TRUE,50,1470,1960,490,10,490,FALSE,12,TRUE,TRUE,FALSE,FALSE,TRUE,FALSE,TRUE,TRUE,TRUE,"resolution;calibration","curator admission",TRUE,NA
"Asia_329","ShBdnPWeXzkK9sp0XrZY","paleo1measurement1","temperature","unitless","historical","historical",FALSE,"Asi-Guangdong.Zheng.1982","Documents",23.16,113.23,3900,"Guangdong","1.0.6",1,"Winter","positive","air@surface",TRUE,48,1470,1940,470,10,470,FALSE,10,TRUE,TRUE,FALSE,FALSE,TRUE,FALSE,TRUE,TRUE,TRUE,"resolution;calibration","curator admission",TRUE,NA
"Asia_335","YXdcFrpFXqNbNjJBnxBH","paleo1measurement1","temperature","degC","foraminifera","faunal assemblage",FALSE,"Asi-SO90-39KG_SO130-275KL.Munz.2015","MarineSediment",24.8333,65.9167,-695,"SO90-39KG/SO130-275KL","1.0.8",1,"Jan-Mar","positive","sea@surface",TRUE,215,3,1989,1986,8,1986,FALSE,14,TRUE,TRUE,FALSE,FALSE,TRUE,FALSE,TRUE,TRUE,TRUE,"resolution;calibration","curator admission",TRUE,NA
"Aus_010","0QqArasHAPcbd7sbQuZJ","paleo1measurement1","trsgi","unitless","ring width","dendrophysical",FALSE,"Aus-BuckleysChance.Buckley.1997","Wood",-42.27,145.87,900,"Buckleys Chance Tasmania (Site ID: BCH)","1.0.7",1,"Oct-Apr","positive","air@surface",TRUE,529,1463,1991,528,1,528,FALSE,142,TRUE,TRUE,TRUE,TRUE,TRUE,TRUE,TRUE,TRUE,TRUE,"","criteria",TRUE,NA
"Aus_015","KH8oVlASntBnwuqOcTGp","paleo1measurement1","trsgi","unitless","ring width","dendrophysical",FALSE,"Aus-CTPEastTasmania.Allen.2001","Wood",-41.31,147.75,750,"CTP East Tasmania","1.0.7",1,"Sep-Nov","positive","air@surface",TRUE,565,1430,1994,564,1,564,FALSE,145,TRUE,TRUE,TRUE,TRUE,TRUE,TRUE,TRUE,TRUE,TRUE,"","criteria",TRUE,NA
"Aus_020","o0Din13QYKmHRZOh6Wyp","paleo1measurement1","trsgi","unitless","ring width","dendrophysical",FALSE,"Aus-CTPWestTasmania.Allen.2001","Wood",-41.67,145.65,550,"CTP West Tasmania","1.0.7",1,"Jun-Aug","positive","air@surface",TRUE,452,1547,1998,451,1,451,FALSE,149,TRUE,TRUE,TRUE,TRUE,TRUE,TRUE,TRUE,TRUE,TRUE,"","criteria",TRUE,NA
"Aus_041","9cI5YnfNq4xX1ssxlPDe","paleo1measurement1","temperature","degC","ring width","dendrophysical",FALSE,"Aus-MtRead.Cook.2006","Wood",-41.83,145.53,900,"Mt. Read","1.0.5",1,"Nov-Apr","positive","air@surface",TRUE,2001,1,2001,2000,1,2000,FALSE,152,TRUE,TRUE,TRUE,TRUE,TRUE,TRUE,TRUE,TRUE,TRUE,"","criteria",TRUE,NA
"Aus_057","ruMRx4LUuvL9siKrquVD","paleo1measurement1","temperature","degC","ring width","dendrophysical",FALSE,"Aus-Oroko.Cook.2002","Wood",-43.23,170.28,110,"Oroko","1.0.5",1,"Sep-Apr","positive","air@surface",TRUE,1100,900,1999,1099,1,1099,FALSE,150,TRUE,TRUE,TRUE,TRUE,TRUE,TRUE,TRUE,TRUE,TRUE,"","criteria",TRUE,NA
"Aus_062","7YZXkWdR5ceDJr3jzX3v","paleo1measurement1","trsgi","unitless","ring width","dendrophysical",FALSE,"Aus-PinkPine.Duncan.2010","Wood",-43,171,640,"Pink Pine NZ","1.0.7",1,"Sep-Apr","positive","air@surface",TRUE,543,1457,1999,542,1,542,FALSE,150,TRUE,TRUE,TRUE,TRUE,TRUE,TRUE,TRUE,TRUE,TRUE,"","criteria",TRUE,NA
"Aus_067","ENJoPLMMNLnyYtlEqzQO","paleo1measurement1","trsgi","unitless","ring width","dendrophysical",FALSE,"Aus-StewartIsland.D'Arrigo.1996","Wood",-47,167.8,450,"Stewart Island","1.0.7",1,"Sep-Apr","positive","air@surface",TRUE,236,1758,1993,235,1,235,FALSE,144,TRUE,TRUE,TRUE,TRUE,FALSE,TRUE,TRUE,TRUE,TRUE,"length","curator admission",TRUE,NA
"Aus_071","W3fUXMQh8RjN0mYIMcpi","paleo1measurement1","trsgi","unitless","ring width","dendrophysical",FALSE,"Aus-TakapariCedar.Xiong.2000","Wood",-40.07,175.98,820,"Takapari Cedar","1.0.7",1,"Sep-Apr","positive","air@surface",TRUE,463,1530,1992,462,1,462,FALSE,143,TRUE,TRUE,TRUE,TRUE,TRUE,TRUE,TRUE,TRUE,TRUE,"","criteria",TRUE,NA
"BA04FIJ01_d18O","ch2kBA04FIJ01","paleo1measurement1","d18O","permil","d18O",NA,FALSE,"BA04FIJ01","Coral",-16.82,179.23,-2,"Savusavu Bay, Vanua Levu, Fiji","1.0.6",NA,NA,NA,NA,TRUE,373,1939.92,2001.96,62.04,0.150000000000091,62.04,FALSE,63,TRUE,TRUE,TRUE,TRUE,TRUE,TRUE,TRUE,TRUE,TRUE,"","criteria",TRUE,NA
"BA04FIJ02_d18O","ch2kBA04FIJ02","paleo1measurement1","d18O","permil","d18O",NA,FALSE,"BA04FIJ02","Coral",-16.82,179.23,-10,"Savusavu Bay, Vanua Levu, Fiji","1.0.6",NA,NA,NA,NA,TRUE,354,1940.54,1997.11,56.5699999999999,0.1400000000001,56.5699999999999,FALSE,58,TRUE,TRUE,TRUE,TRUE,TRUE,TRUE,TRUE,TRUE,TRUE,"","criteria",TRUE,NA
"BO14HTI01_SrCa","ch2kBO14HTI01","paleo1measurement2","Sr/Ca","mmol/mol","Sr/Ca",NA,FALSE,"BO14HTI01","Coral",12.21,109.31,-3.6,"Hon Tre Island, Vietnam","1.0.6",NA,NA,NA,NA,TRUE,4773,1600.04,2005.04,405,0.0800000000001546,405,FALSE,149,TRUE,TRUE,TRUE,TRUE,TRUE,TRUE,TRUE,TRUE,TRUE,"","criteria",TRUE,NA
"BO99MOO01_d18O","ch2kBO99MOO01","paleo1measurement1","d18O","permil","d18O",NA,FALSE,"BO99MOO01","Coral",-17.5,-149.83,-5,"Moorea, French Polynesia","1.0.6",NA,NA,NA,NA,TRUE,782,1852.208,1990.375,138.167,0.166999999999916,138.167,FALSE,139,TRUE,TRUE,TRUE,TRUE,TRUE,TRUE,TRUE,TRUE,TRUE,"","criteria",TRUE,NA
"BR19RED01_SrCa_annual","ch2kBR19RED01","paleo1measurement2","Sr/Ca","mmol/mol","Sr/Ca",NA,FALSE,"BR19RED01","Coral",19.89,39.96,-5,"Canyon, Red Sea","1.0.6",NA,NA,NA,NA,TRUE,235,1761,2009,248,1,248,FALSE,148,TRUE,TRUE,TRUE,TRUE,TRUE,TRUE,TRUE,TRUE,TRUE,"","criteria",TRUE,NA
"CA13DIA01_d18O","ch2kCA13DIA01","paleo1measurement1","d18O","permil",NA,NA,FALSE,"CA13DIA01","Coral",16.064,-86.951,-6,"Diamond Caye, Utila, Honduras","1.0.6",NA,NA,NA,NA,TRUE,502,1940,2006.5,66.5,0.100000000000136,66.5,FALSE,66,TRUE,TRUE,TRUE,TRUE,TRUE,TRUE,TRUE,TRUE,TRUE,"","criteria",TRUE,NA
"CA13PEL01_d18O","ch2kCA13PEL01","paleo1measurement1","d18O","permil",NA,NA,FALSE,"CA13PEL01","Coral",15.978,-86.485,-5.5,"Cayos Cochinos, Honduras","1.0.6",NA,NA,NA,NA,TRUE,635,1922.09,2006.47,84.3800000000001,0.119999999999891,84.3800000000001,FALSE,84,TRUE,TRUE,TRUE,TRUE,TRUE,TRUE,TRUE,TRUE,TRUE,"","criteria",TRUE,NA
"CA13SAP01_d18O","ch2kCA13SAP01","paleo1measurement1","d18O","permil",NA,NA,FALSE,"CA13SAP01","Coral",16.129,-88.25,-11.8,"Sapodilla Cayes, Belize","1.0.6",NA,NA,NA,NA,TRUE,454,1940.37,2006.01,65.6400000000001,0.120000000000118,65.6400000000001,FALSE,67,TRUE,TRUE,TRUE,TRUE,TRUE,TRUE,TRUE,TRUE,TRUE,"","criteria",TRUE,NA
"CA13TUR01_d18O","ch2kCA13TUR01","paleo1measurement1","d18O","permil",NA,NA,FALSE,"CA13TUR01","Coral",17.307,-87.801,-5.8,"Turneffe Atoll, Belize","1.0.6",NA,NA,NA,NA,TRUE,508,1929.92,2005.92,76,0.139999999999873,76,FALSE,77,TRUE,TRUE,TRUE,TRUE,TRUE,TRUE,TRUE,TRUE,TRUE,"","criteria",TRUE,NA
"CA14BUT01_d18O","ch2kCA14BUT01","paleo1measurement1","d18O","permil","d18O",NA,FALSE,"CA14BUT01","Coral",3.2,172.8,-5,"Butaritari Atoll, Republic of Kiribati","1.0.6",NA,NA,NA,NA,TRUE,307,1959.374,2010.374,51,0.166000000000054,51,FALSE,52,TRUE,TRUE,TRUE,TRUE,TRUE,TRUE,TRUE,TRUE,TRUE,"","criteria",TRUE,NA
"CA14BUT01_d18O_sw","ch2kCA14BUT01","paleo1measurement1","d18O","permil","d18O",NA,FALSE,"CA14BUT01","Coral",3.2,172.8,-5,"Butaritari Atoll, Republic of Kiribati","1.0.6",NA,NA,NA,NA,TRUE,307,1959.374,2010.374,51,0.166000000000054,51,FALSE,52,TRUE,TRUE,TRUE,TRUE,TRUE,TRUE,TRUE,TRUE,TRUE,"","criteria",FALSE,"within-dataset"
"CA14BUT01_SrCa","ch2kCA14BUT01","paleo1measurement1","Sr/Ca","mmol/mol","Sr/Ca",NA,FALSE,"CA14BUT01","Coral",3.2,172.8,-5,"Butaritari Atoll, Republic of Kiribati","1.0.6",NA,NA,NA,NA,TRUE,307,1959.374,2010.374,51,0.166000000000054,51,FALSE,52,TRUE,TRUE,TRUE,TRUE,TRUE,TRUE,TRUE,TRUE,TRUE,"","criteria",TRUE,NA
"CA14TIM01_d18O","ch2kCA14TIM01","paleo1measurement1","d18O","permil","d18O",NA,FALSE,"CA14TIM01","Coral",-10.2,123.51,-3,"Timor, Indonesia","1.0.7",NA,NA,NA,NA,TRUE,1081,1914.46,2004.46,90,0.0799999999999272,90,FALSE,91,TRUE,TRUE,TRUE,TRUE,TRUE,TRUE,TRUE,TRUE,TRUE,"","criteria",TRUE,NA
"CA14TIM01_d18O_sw","ch2kCA14TIM01","paleo1measurement1","d18O","permil","d18O",NA,FALSE,"CA14TIM01","Coral",-10.2,123.51,-3,"Timor, Indonesia","1.0.7",NA,NA,NA,NA,TRUE,1080,1914.46,2004.37,89.9099999999999,0.0799999999999272,89.9099999999999,FALSE,91,TRUE,TRUE,TRUE,TRUE,TRUE,TRUE,TRUE,TRUE,TRUE,"","criteria",FALSE,"within-dataset"
"CA14TIM01_SrCa","ch2kCA14TIM01","paleo1measurement1","Sr/Ca","mmol/mol","Sr/Ca",NA,FALSE,"CA14TIM01","Coral",-10.2,123.51,-3,"Timor, Indonesia","1.0.7",NA,NA,NA,NA,TRUE,1081,1914.46,2004.46,90,0.0799999999999272,90,FALSE,91,TRUE,TRUE,TRUE,TRUE,TRUE,TRUE,TRUE,TRUE,TRUE,"","criteria",TRUE,NA
"can1101","8X4Nx5kjpa4SskGBiN2g","paleo1measurement1","trsgi","unitless","ring width","dendrophysical",FALSE,"SAm-CentralAndes11.PAGES2k.2011","Wood",-40.1,-72.05,800,"Central Andes composite 11","1.0.8",1,"May-Apr","positive","air@surface",TRUE,504,1492,1995,503,1,503,FALSE,146,TRUE,TRUE,TRUE,TRUE,TRUE,TRUE,TRUE,TRUE,TRUE,"","criteria",TRUE,NA
"catdooghatsat","jmA3n2T1UaGWYfDENnTo","paleo1measurement1","thickness","needsToBeChanged","stratigraphy","biophysical",FALSE,"Ammersee.Czymzik.2012","LakeSediment",48,11.1167,533,"Ammersee","1.0.12",1,"Annual","positive",NA,TRUE,1999,1,1999,1998,1,1998,FALSE,150,TRUE,TRUE,TRUE,TRUE,TRUE,TRUE,TRUE,TRUE,TRUE,"","criteria",TRUE,NA
"CH03BUN01_d18O","ch2kCH03BUN01","paleo1measurement1","d18O","permil","d18O",NA,FALSE,"CH03BUN01","Coral",1.5,124.83,-3,"Bunaken Island, Indonesia","1.0.7",NA,NA,NA,NA,TRUE,1568,1860,1990.58,130.58,0.0799999999999272,130.58,FALSE,131,TRUE,TRUE,TRUE,TRUE,TRUE,TRUE,TRUE,TRUE,TRUE,"","criteria",TRUE,NA
"CH97BVB01_d18O","ch2kCH97BVB01","paleo1measurement1","d18O","permil",NA,NA,FALSE,"CH97BVB01","Coral",-4.6162,55.817,-7,"Mahe Island, Republic of the Seychelles","1.0.6",NA,NA,NA,NA,TRUE,1784,1846.54,1995.13,148.59,0.0799999999999272,148.59,FALSE,146,TRUE,TRUE,TRUE,TRUE,TRUE,TRUE,TRUE,TRUE,TRUE,"","criteria",TRUE,NA
"CO00KUNI01Aa","vHCCQwFrajhBPwDAi582","paleo1measurement1","d18O","permil",NA,NA,FALSE,"CO00KUNI","Coral",-21.905,113.965,-3,"Ningaloo Reef, West Australia","1.0.12",1,NA,NA,NA,TRUE,766,1878.71,1995.21,116.5,0.159999999999854,116.5,FALSE,118,TRUE,TRUE,TRUE,TRUE,TRUE,TRUE,TRUE,TRUE,TRUE,"","criteria",TRUE,NA
"CO00KUNI01Ab","vHCCQwFrajhBPwDAi582","paleo1measurement2","d18O","permil",NA,NA,FALSE,"CO00KUNI","Coral",-21.905,113.965,-3,"Ningaloo Reef, West Australia","1.0.12",1,NA,NA,NA,TRUE,696,1879.08,1994.92,115.84,0.170000000000073,115.84,FALSE,116,TRUE,TRUE,TRUE,TRUE,TRUE,TRUE,TRUE,TRUE,TRUE,"","criteria",TRUE,NA
"CO00URMA01A","ty7awrILqhkdxFSPBjx2","paleo1measurement1","d18O","permil",NA,NA,FALSE,"CO00URMA","Coral",0.933,173,6,"Maiana Atoll, Republic of Kiribati","1.0.11",NA,NA,NA,NA,TRUE,928,1840,1994.5,154.5,0.170000000000073,154.5,FALSE,145,TRUE,TRUE,TRUE,TRUE,TRUE,TRUE,TRUE,TRUE,TRUE,"","criteria",TRUE,NA
"CO03COPM01A","XHtmwaqI1qgs2CQxrXgK","paleo1measurement12","d18O","permil",NA,NA,FALSE,"CO03COPM","Coral",5.87,-162.13,-7,"Palmyra (composite)","1.0.13",1,NA,"decrease/increase","sea surface",TRUE,1995,1886.08,1998.4,112.32,0.0499999999999545,112.32,FALSE,113,TRUE,TRUE,TRUE,TRUE,TRUE,TRUE,TRUE,TRUE,TRUE,"","criteria",TRUE,NA
"CO04BAFI00A","RJYKojzTyudcLuqnDEFn","paleo3measurement1","d18O","permil",NA,NA,FALSE,"CO04BAFI","Coral",-16.8167,179.2333,-2,"Savusavu Bay, Fiji","1.0.16",1,NA,NA,"sea surface",TRUE,61,1940,2000,60,1,60,FALSE,61,TRUE,TRUE,TRUE,TRUE,TRUE,TRUE,TRUE,TRUE,TRUE,"","criteria",FALSE,"cross-dataset"
"CO04BAFI01A","RJYKojzTyudcLuqnDEFn","paleo1measurement1","d18O","permil",NA,NA,FALSE,"CO04BAFI","Coral",-16.8167,179.2333,-2,"Savusavu Bay, Fiji","1.0.16",1,NA,NA,"sea surface",TRUE,354,1940.54,1997.11,56.5699999999999,0.1400000000001,56.5699999999999,FALSE,58,TRUE,TRUE,TRUE,TRUE,TRUE,TRUE,TRUE,TRUE,TRUE,"","criteria",FALSE,"cross-dataset"
"CO04BAFI02A","RJYKojzTyudcLuqnDEFn","paleo2measurement1","d18O","permil",NA,NA,FALSE,"CO04BAFI","Coral",-16.8167,179.2333,-2,"Savusavu Bay, Fiji","1.0.16",1,NA,NA,"sea surface",TRUE,373,1939.92,2001.96,62.04,0.150000000000091,62.04,FALSE,63,TRUE,TRUE,TRUE,TRUE,TRUE,TRUE,TRUE,TRUE,TRUE,"","criteria",FALSE,"cross-dataset"
"CO04LIRA01A","niKOfPrfRDwjKfHPINVr","paleo1measurement1","d18O","permil",NA,NA,FALSE,"CO04LIRA","Coral",-21.2378,-159.8278,-18.3,"Rarotonga, Cook Islands, South Pacific","1.0.10",1,NA,NA,"sea surface",TRUE,2162,1726.78,1996.91,270.13,0.130000000000109,270.13,FALSE,147,TRUE,TRUE,TRUE,TRUE,TRUE,TRUE,TRUE,TRUE,TRUE,"","criteria",FALSE,"cross-dataset"
"CO04LIRA02A","niKOfPrfRDwjKfHPINVr","paleo2measurement1","d18O","permil",NA,NA,FALSE,"CO04LIRA","Coral",-21.2378,-159.8278,-18.3,"Rarotonga, Cook Islands, South Pacific","1.0.10",1,NA,NA,"sea surface",TRUE,1005,1874.68,2000.18,125.5,0.125,125.5,FALSE,127,TRUE,TRUE,TRUE,TRUE,TRUE,TRUE,TRUE,TRUE,TRUE,"","criteria",TRUE,NA
"CO04LIRA03A","niKOfPrfRDwjKfHPINVr","paleo3measurement1","d18O","permil",NA,NA,FALSE,"CO04LIRA","Coral",-21.2378,-159.8278,-18.3,"Rarotonga, Cook Islands, South Pacific","1.0.10",1,NA,NA,"sea surface",TRUE,744,1906.88,1999.75,92.8699999999999,0.119999999999891,92.8699999999999,FALSE,94,TRUE,TRUE,TRUE,TRUE,TRUE,TRUE,TRUE,TRUE,TRUE,"","criteria",TRUE,NA
"CO04MGNG01A","VioVBJ59Vtk6q9b4LZuM","paleo1measurement1","d18O","permil",NA,NA,FALSE,"CO04MGNG","Coral",-3.6206,143.6819,NA,"Papua New Guinea","1.0.10",1,NA,"decrease/increase","sea surface",TRUE,86,1910,1997,87,1,87,FALSE,86,TRUE,TRUE,TRUE,TRUE,TRUE,TRUE,TRUE,TRUE,TRUE,"","criteria",TRUE,NA
"CO08KIPR01A","wbxKG9cInh2isoK5JzB7","paleo1measurement1","d18O","permil",NA,NA,FALSE,"CO08KIPR","Coral",17.933,-67.001,-4,"Turrumote Reef, La Parguera, Puerto Rico","1.0.11",1,NA,"decrease/increase","sea surface",TRUE,253,1751,2004,253,1,253,FALSE,154,TRUE,TRUE,TRUE,TRUE,TRUE,TRUE,TRUE,TRUE,TRUE,"","criteria",FALSE,"cross-dataset"
"CO13CABL01A","ECY60ObxsU6EvICI1S41","paleo1measurement1","d18O","permil",NA,NA,FALSE,"CO13CABL","Coral",16.1292,-88.2497,-11.8,"Belize","1.0.11",1,NA,NA,NA,TRUE,454,1940.37,2006.01,65.6400000000001,0.120000000000118,65.6400000000001,FALSE,67,TRUE,TRUE,TRUE,TRUE,TRUE,TRUE,TRUE,TRUE,TRUE,"","criteria",FALSE,"cross-dataset"
"CO13CABL02A","ECY60ObxsU6EvICI1S41","paleo2measurement1","d18O","permil",NA,NA,FALSE,"CO13CABL","Coral",16.1292,-88.2497,-11.8,"Belize","1.0.11",1,NA,NA,NA,TRUE,513,1929.92,2005.92,76,0.130000000000109,76,FALSE,77,TRUE,TRUE,TRUE,TRUE,TRUE,TRUE,TRUE,TRUE,TRUE,"","criteria",TRUE,NA
"CO13CAHN01A","0A4gJmwiV7eKAcUvNN55","paleo1measurement1","d18O","permil",NA,NA,FALSE,"CO13CAHN","Coral",16.0644,-86.9508,-6,"Diamond Caye, Utila, Honduras","1.0.16",1,NA,NA,NA,TRUE,502,1940,2006.5,66.5,0.100000000000136,66.5,FALSE,66,TRUE,TRUE,TRUE,TRUE,TRUE,TRUE,TRUE,TRUE,TRUE,"","criteria",FALSE,"cross-dataset"
"CO13CAHN02A","0A4gJmwiV7eKAcUvNN55","paleo2measurement1","d18O","permil",NA,NA,FALSE,"CO13CAHN","Coral",16.0644,-86.9508,-6,"Diamond Caye, Utila, Honduras","1.0.16",1,NA,NA,NA,TRUE,635,1922.09,2006.47,84.3800000000001,0.119999999999891,84.3800000000001,FALSE,84,TRUE,TRUE,TRUE,TRUE,TRUE,TRUE,TRUE,TRUE,TRUE,"","criteria",TRUE,NA
"CO14CABT01A","2bMIZpJQr5xePS075xL8","paleo1measurement1","d18O","permil",NA,NA,FALSE,"CO14CABT","Coral",3.0731,172.7469,-5,"Butaritari Atoll, Gilbert Islands","1.0.10",1,NA,NA,"sea surface",TRUE,307,1959.374,2010.374,51,0.166000000000054,51,FALSE,52,TRUE,TRUE,TRUE,TRUE,TRUE,TRUE,TRUE,TRUE,TRUE,"","criteria",TRUE,NA
"CO14CABT01B","2bMIZpJQr5xePS075xL8","paleo1measurement1","d18O","permil",NA,NA,FALSE,"CO14CABT","Coral",3.0731,172.7469,-5,"Butaritari Atoll, Gilbert Islands","1.0.10",1,NA,"increase","sea surface",TRUE,307,1959.374,2010.374,51,0.166000000000054,51,FALSE,52,TRUE,TRUE,TRUE,TRUE,TRUE,TRUE,TRUE,TRUE,TRUE,"","criteria",TRUE,NA
"CO14CABT01B2","2bMIZpJQr5xePS075xL8","paleo1measurement1","d18O","permil",NA,NA,FALSE,"CO14CABT","Coral",3.0731,172.7469,-5,"Butaritari Atoll, Gilbert Islands","1.0.10",1,NA,"increase","sea surface",TRUE,307,1959.374,2010.374,51,0.166000000000054,51,FALSE,52,TRUE,TRUE,TRUE,TRUE,TRUE,TRUE,TRUE,TRUE,TRUE,"","criteria",TRUE,NA
"CO14CATI01A","CcxbQb2LQAemTaklTDp8","paleo1measurement1","d18O","permil",NA,NA,FALSE,"CO14CATI","Coral",-10.2,123.5167,-3,"Ombai Strait, Timor Island","1.0.11",1,NA,NA,"sea surface",TRUE,1081,1914.46,2004.46,90,0.0799999999999272,90,FALSE,91,TRUE,TRUE,TRUE,TRUE,TRUE,TRUE,TRUE,TRUE,TRUE,"","criteria",FALSE,"cross-dataset"
"CO14CATI01B","CcxbQb2LQAemTaklTDp8","paleo1measurement1","d18O","permil",NA,NA,FALSE,"CO14CATI","Coral",-10.2,123.5167,-3,"Ombai Strait, Timor Island","1.0.11",1,NA,"increase","sea surface",TRUE,1080,1914.46,2004.37,89.9099999999999,0.0799999999999272,89.9099999999999,FALSE,91,TRUE,TRUE,TRUE,TRUE,TRUE,TRUE,TRUE,TRUE,TRUE,"","criteria",TRUE,NA
"CO14WUCL01A","kU3VWOpBh8HXKOjuwN18","paleo1measurement1","d18O","permil",NA,NA,FALSE,"CO14WUCL","Coral",10.3,-109.22,-13.1,"Clipperton Atoll","1.0.10",1,NA,NA,NA,TRUE,993,1874.08,1956.79,82.71,0.0799999999999272,82.71,FALSE,83,TRUE,TRUE,TRUE,TRUE,TRUE,TRUE,TRUE,TRUE,TRUE,"","criteria",TRUE,NA
"CO93TAR01_d18O","ch2kCO93TAR01","paleo1measurement1","d18O","permil",NA,NA,FALSE,"CO93TAR01","Coral",1.42,173.03,-3,"Tarawa Atoll, Republic of Kiribati","1.0.7",NA,NA,NA,NA,TRUE,1153,1894,1990,96,0.0830000000000837,96,FALSE,97,TRUE,TRUE,TRUE,TRUE,TRUE,TRUE,TRUE,TRUE,TRUE,"","criteria",TRUE,NA
"CO94HEAQ01A","dzpkTrGPHOBnA9hfbBVl","paleo1measurement1","d18O","permil",NA,NA,FALSE,"CO94HEAQ","Coral",29.4333,34.9667,-4.5,"Aqaba, Jordan","1.0.10",1,NA,NA,NA,TRUE,204,1788,1992,204,1,204,FALSE,142,TRUE,TRUE,TRUE,TRUE,TRUE,TRUE,TRUE,TRUE,TRUE,"","criteria",FALSE,"cross-dataset"
"CO94HEAQ02A","dzpkTrGPHOBnA9hfbBVl","paleo1measurement1","d18O","permil",NA,NA,FALSE,"CO94HEAQ","Coral",29.4333,34.9667,-4.5,"Aqaba, Jordan","1.0.10",1,NA,NA,NA,TRUE,107,1886,1992,106,1,106,FALSE,107,TRUE,TRUE,TRUE,TRUE,TRUE,TRUE,TRUE,TRUE,TRUE,"","criteria",FALSE,"cross-dataset"
"CO96SWBB01A","lXLVz0mFHPT5SFidDJV9","paleo1measurement1","d18O","permil",NA,NA,FALSE,"CO96SWBB","Coral",25.3903,-80.1715,-10,"Alinas Reef, Biscayne National Park, Florida","1.0.11",1,NA,"decrease/increase",NA,TRUE,236,1751,1986,235,1,235,FALSE,137,TRUE,TRUE,TRUE,TRUE,TRUE,TRUE,TRUE,TRUE,TRUE,"","criteria",TRUE,NA
"CO96SWFB01A","GtaQfVzeDU1H8ksSWa1m","paleo1measurement1","d18O","permil",NA,NA,FALSE,"CO96SWFB","Coral",24.9167,-80.75,-5,"Lignumvitae Basin, Florida Bay","1.0.10",1,NA,"increase","sea surface",TRUE,162,1824,1985,161,1,161,FALSE,136,TRUE,TRUE,TRUE,TRUE,TRUE,TRUE,TRUE,TRUE,TRUE,"","criteria",TRUE,NA
"CO98QUNC01A","Uq6nzXzFimFs5qsjOnWx","paleo1measurement1","d18O","permil",NA,NA,FALSE,"CO98QUNC","Coral",-22.48,166.45,-3,"Amedee Island, New Caledonia","1.0.11",1,NA,"decrease/increase","sea surface",TRUE,1341,1657.75,1992.75,335,0.25,335,FALSE,143,TRUE,TRUE,TRUE,TRUE,TRUE,TRUE,TRUE,TRUE,TRUE,"","criteria",TRUE,NA
"CO98SWPR01A","AxKSyUkpl8U5x9RbApf4","paleo1measurement1","d18O","permil",NA,NA,FALSE,"CO98SWPR","Coral",1.6667,7.5833,-5,"Principe, Gulf of Guinea","1.0.9",NA,NA,NA,NA,TRUE,54,1939,1992,53,1,53,FALSE,54,TRUE,TRUE,TRUE,TRUE,TRUE,TRUE,TRUE,TRUE,TRUE,"","criteria",TRUE,NA
"CO99DRGB01A","HHGJSe2t7oz0qLGQYYeM","paleo1measurement1","d18O","permil",NA,NA,FALSE,"CO99DRGB","Coral",-22.1,153,-10,"Abraham Reef, Great Barrier Reef, Australia","1.0.11",1,NA,"decrease/increase","sea surface",TRUE,335,1638.3,1983.3,345,1,345,FALSE,129,TRUE,TRUE,TRUE,TRUE,TRUE,TRUE,TRUE,TRUE,TRUE,"","criteria",FALSE,"cross-dataset"
"CO99GUMI01B","4ytGPXH6ewqHAtNVmTaq","paleo1measurement2","d18O","permil",NA,NA,FALSE,"CO99GUMI","Coral",-0.533,166.9283,-14,"Nauru","1.0.16",1,NA,"decrease/increase","sea surface",TRUE,415,1891.75,1995.25,103.5,0.25,103.5,FALSE,105,TRUE,TRUE,TRUE,TRUE,TRUE,TRUE,TRUE,TRUE,TRUE,"","criteria",TRUE,NA
"CO99KUHO01Aa","tcipMpYA7THboIv2XiR7","paleo1measurement1","d18O","permil",NA,NA,FALSE,"CO99KUHO","Coral",-28.4617,113.7683,-5,"Houtman Abrolhos Islands","1.0.15",1,NA,NA,NA,TRUE,1529,1794.71,1994.38,199.67,0.129999999999882,199.67,FALSE,145,TRUE,TRUE,TRUE,TRUE,TRUE,TRUE,TRUE,TRUE,TRUE,"","criteria",FALSE,"cross-dataset"
"CO99KUHO01Ab","tcipMpYA7THboIv2XiR7","paleo1measurement2","d18O","permil",NA,NA,FALSE,"CO99KUHO","Coral",-28.4617,113.7683,-5,"Houtman Abrolhos Islands","1.0.15",1,NA,NA,NA,TRUE,1196,1794.75,1993.92,199.17,0.170000000000073,199.17,FALSE,144,TRUE,TRUE,TRUE,TRUE,TRUE,TRUE,TRUE,TRUE,TRUE,"","criteria",TRUE,NA
"CO99LICL03A","1c4QWzt3GtrP1evJglnb","paleo3measurement1","d18O","permil","d18O",NA,FALSE,"CO99LICL","Coral",10.2773,-109.2131,-8.2,"Clipperton Atoll","1.0.16",1,"subannual","decrease","sea surface",TRUE,1204,1893.79,1994.04,100.25,0.0799999999999272,100.25,FALSE,102,TRUE,TRUE,TRUE,TRUE,TRUE,TRUE,TRUE,TRUE,TRUE,"","criteria",TRUE,NA
"CO99SWFB01A","Ux7ybOJjPF8Sdz2WImTH","paleo1measurement1","d18O","permil",NA,NA,FALSE,"CO99SWFB","Coral",24.9167,-80.75,-5,"Lignumvitae Basin, Florida Bay","1.0.9",1,NA,"increase","sea surface",TRUE,98,1899,1996,97,1,97,FALSE,98,TRUE,TRUE,TRUE,TRUE,TRUE,TRUE,TRUE,TRUE,TRUE,"","criteria",TRUE,NA
"DA06MAF01_d18O","ch2kDA06MAF01","paleo1measurement1","d18O","permil","d18O",NA,FALSE,"DA06MAF01","Coral",-8.0167,39.5,-6,"Fungu Mrima Reef, Tanzania","1.0.7",NA,NA,NA,NA,TRUE,1219,1896.625,1998.125,101.5,0.0830000000000837,101.5,FALSE,103,TRUE,TRUE,TRUE,TRUE,TRUE,TRUE,TRUE,TRUE,TRUE,"","criteria",FALSE,"cross-dataset"
"DA18FON01_d18O","ch2kDA18FON01","paleo1measurement1","d18O","permil","d18O",NA,FALSE,"DA18FON01","Coral",-20.28,174.64,-7.5,"Fonoifua Island","1.0.0",NA,NA,NA,NA,TRUE,1456,1883.58,2004.83,121.25,0.0799999999999272,121.25,FALSE,122,TRUE,TRUE,TRUE,TRUE,TRUE,TRUE,TRUE,TRUE,TRUE,"","criteria",TRUE,NA
"DE13HAI01_d18O","ch2kDE13HAI01","paleo1measurement1","d18O","permil","d18O",NA,FALSE,"DE13HAI01","Coral",19.29,110.656,-4,"Longwan, Qionghai, China","1.0.6",NA,NA,NA,NA,TRUE,159,1853,2011,158,1,158,FALSE,159,TRUE,TRUE,TRUE,TRUE,TRUE,TRUE,TRUE,TRUE,TRUE,"","criteria",FALSE,"cross-dataset"
"DE13HAI01_d18O_sw","ch2kDE13HAI01","paleo1measurement1","d18O","permil","d18O",NA,FALSE,"DE13HAI01","Coral",19.29,110.656,-4,"Longwan, Qionghai, China","1.0.6",NA,NA,NA,NA,TRUE,159,1853,2011,158,1,158,FALSE,159,TRUE,TRUE,TRUE,TRUE,TRUE,TRUE,TRUE,TRUE,TRUE,"","criteria",FALSE,"within-dataset"
"DE13HAI01_SrCa","ch2kDE13HAI01","paleo1measurement1","Sr/Ca","mmol/mol",NA,NA,FALSE,"DE13HAI01","Coral",19.29,110.656,-4,"Longwan, Qionghai, China","1.0.6",NA,NA,NA,NA,TRUE,159,1853,2011,158,1,158,FALSE,159,TRUE,TRUE,TRUE,TRUE,TRUE,TRUE,TRUE,TRUE,TRUE,"","criteria",TRUE,NA
"DE14DTO01_SrCa","ch2kDE14DTO01","paleo1measurement1","Sr/Ca","mmol/mol","Sr/Ca",NA,FALSE,"DE14DTO01","Coral",24.6988,-82.7974,-4.3,"Dry Tortugas, Florida, USA","1.0.8",NA,NA,NA,NA,TRUE,2266,1779.13,1967.88,188.75,0.0799999999999272,188.75,FALSE,118,TRUE,TRUE,TRUE,TRUE,TRUE,TRUE,TRUE,TRUE,TRUE,"","criteria",TRUE,NA
"DE14DTO02_SrCa","ch2kDE14DTO02","paleo1measurement1","Sr/Ca","mmol/mol",NA,NA,FALSE,"DE14DTO02","Coral",24.617,-82.867,-4,"Dry Tortugas, Florida, USA","1.0.7",NA,NA,NA,NA,TRUE,2048,1733.79,1904.38,170.59,0.0799999999999272,170.59,FALSE,55,TRUE,TRUE,TRUE,TRUE,TRUE,TRUE,TRUE,TRUE,TRUE,"","criteria",TRUE,NA
"DE14DTO03_SrCa","ch2kDE14DTO03","paleo1measurement1","Sr/Ca","mmol/mol",NA,NA,FALSE,"DE14DTO03","Coral",24.6988,-82.7974,-4.3,"Dry Tortugas, Florida, USA","1.0.7",NA,NA,NA,NA,TRUE,765,1944.96,2008.63,63.6700000000001,0.0799999999999272,63.6700000000001,FALSE,65,TRUE,TRUE,TRUE,TRUE,TRUE,TRUE,TRUE,TRUE,TRUE,"","criteria",TRUE,NA
"DE14DTO04_SrCa","ch2kDE14DTO04","paleo1measurement1","Sr/Ca","mmol/mol",NA,NA,FALSE,"DE14DTO04","Coral",24.6949,-82.7947,-3.7,"Dry Tortugas, Florida, USA","1.0.7",NA,NA,NA,NA,TRUE,1342,1896.54,2008.63,112.09,0.0799999999999272,112.09,FALSE,113,TRUE,TRUE,TRUE,TRUE,TRUE,TRUE,TRUE,TRUE,TRUE,"","criteria",TRUE,NA
"DO24FIJ01_SrCa","ch2kDO24FIJ01","paleo1measurement1","Sr/Ca","mmol/mol","Sr/Ca",NA,FALSE,"DO24FIJ01","Coral",-17.25,179.1146,-3,"Fiji","1.0.0",NA,NA,NA,NA,TRUE,628,1370,1997,627,1,627,FALSE,148,TRUE,TRUE,TRUE,TRUE,TRUE,TRUE,TRUE,TRUE,TRUE,"","criteria",TRUE,NA
"DR00NBB01_d18O","ch2kDR00NBB01","paleo1measurement1","d18O","permil","d18O",NA,FALSE,"DR00NBB01","Coral",32.5,-64.7,-25,"Northeast Breakers, Bermuda","1.0.5",NA,NA,NA,NA,TRUE,25,1833,1904,71,3,71,FALSE,19,TRUE,TRUE,FALSE,FALSE,TRUE,FALSE,TRUE,TRUE,TRUE,"resolution;calibration","curator admission",TRUE,NA
"Eur_001","19nwWA48PSW3uSoDRiA4","paleo1measurement1","d18O","permil","d18O",NA,FALSE,"Eur-SpannagelCave.Mangini.2005","Speleothem",47.1,11.6,2347,"Spannagel Cave,","1.0.8",1,"Winter","negative","air@condensationLevel",TRUE,695,5,1935,1930,2.5,1930,FALSE,50,TRUE,TRUE,FALSE,FALSE,TRUE,TRUE,TRUE,TRUE,TRUE,"resolution","curator admission",TRUE,NA
"Eur_002","23GDZxTEJsBQAH05hU4g","paleo1measurement1","temperature","degC","reflectance","reflectance",FALSE,"Eur-LakeSilvaplana.Trachsel.2010","LakeSediment",46.5,9.8,1791,"Lake Silvaplana","1.0.3",1,"Summer","positive","air@surface",TRUE,775,1175,1949,774,1,774,FALSE,100,TRUE,TRUE,TRUE,TRUE,TRUE,TRUE,TRUE,TRUE,TRUE,"","criteria",TRUE,NA
"Eur_003","LHqXoX9KHfLzB8Ivc4nS","paleo1measurement1","temperature","degC","chironomid","faunal assemblage",FALSE,"Eur-LakeSilvaplana.Larocque-Tobler.2010","LakeSediment",46.5,9.8,1791,"Lake Silvaplana","1.0.4",1,"Jul","positive","air@surface",TRUE,944,1032,1975,943,1,943,FALSE,126,TRUE,TRUE,TRUE,TRUE,TRUE,TRUE,TRUE,TRUE,TRUE,"","criteria",TRUE,NA
"Eur_005","ZDMEZiVVO4eFNwBA4D3o","paleo1measurement1","temperature","degC","maximum latewood density","dendrophysical",FALSE,"Eur-FinnishLakelands.Helama.2014","Wood",62,28.325,130,"Finnish Lakelands","1.0.6",1,"Summer","positive","air@surface",TRUE,1241,760,2000,1240,1,1240,FALSE,151,TRUE,TRUE,TRUE,TRUE,TRUE,TRUE,TRUE,TRUE,TRUE,"","criteria",TRUE,NA
"Eur_006","uOhCAmcuPO5Xo9rSniHn","paleo1measurement1","temperature","degC","historical","historical",FALSE,"Eur-Stockholm.Leijonhufvud.2009","Documents",59.32,18.06,10,"Stockholm","1.0.7",1,"Winter","positive","air@surface",TRUE,378,1502,1892,390,1,390,FALSE,43,TRUE,TRUE,TRUE,TRUE,TRUE,TRUE,TRUE,TRUE,TRUE,"","criteria",TRUE,NA
"Eur_007","7QYnhwWQ7wPX31uqrHhs","paleo1measurement1","temperature","degC","chironomid","faunal assemblage",FALSE,"Eur-Seebergsee.Larocque-Tobler.2012","LakeSediment",46.15,7.5,1830,"Seebergsee","1.0.4",1,"Summer","positive","air@surface",TRUE,919,1083,2001,918,1,918,FALSE,152,TRUE,TRUE,TRUE,TRUE,TRUE,TRUE,TRUE,TRUE,TRUE,"","criteria",TRUE,NA
"Eur_008","WX0GIjmoc46FH1Oj4c5r","paleo1measurement1","d18O","permil","d18O",NA,FALSE,"Eur-NorthernSpain.Martin-Chivelet.2011","Speleothem",42.9,-3.5,1250,"Northern Spain","1.0.8",1,"Summer","positive","air@condensationLevel",TRUE,605,1,2000,1999,2,1999,FALSE,59,TRUE,TRUE,FALSE,FALSE,TRUE,TRUE,TRUE,TRUE,TRUE,"resolution","curator admission",TRUE,NA
"Eur_009","srZZvm9PK1vZPDDWcWzi","paleo1measurement1","d18O","permil","d18O",NA,FALSE,"Eur-RAPiD-17-5P.Moffa-Sanchez.2014","MarineSediment",61.48,-19.53,-2303,"RAPiD-17-5P, South Iceland","1.0.7",1,"Summer","positive","air@condensationLevel",TRUE,71,798,1915,1117,14,1117,FALSE,5,TRUE,TRUE,FALSE,FALSE,TRUE,FALSE,TRUE,TRUE,TRUE,"resolution;calibration","curator admission",TRUE,NA
"Eur_010","33wLrOlZRR8hw53DVKSr","paleo1measurement1","temperature","degC","alkenone","biomarker",FALSE,"Eur-CoastofPortugal.Abrantes.2011","LakeSediment",41.1,-8.9,-80,"Coast of Portugal","1.0.5",1,"Summer","positive","sea@surface",TRUE,113,971.19,1993.111,1021.921,9.18599999999992,1021.921,FALSE,23,TRUE,TRUE,FALSE,FALSE,TRUE,FALSE,TRUE,TRUE,TRUE,"resolution;calibration","curator admission",TRUE,NA
"Eur_014","fyUORoSbcL0GP0J3wyoj","paleo1measurement1","MXD",NA,"maximum latewood density","dendrophysical",FALSE,"Eur-NorthernScandinavia.Esper.2012","Wood",68,25,300,"Northern Scandinavia","1.0.7",1,"Summer","positive","air@surface",TRUE,2006,1,2006,2005,1,2005,FALSE,157,TRUE,TRUE,TRUE,TRUE,TRUE,TRUE,TRUE,TRUE,TRUE,"","criteria",TRUE,NA
"Eur_015","kskN7ELG8iCpHBcZbQSV","paleo1measurement1","trsgi","unitless","ring width","dendrophysical",FALSE,"Eur-TatraMountains.Buentgen.2013","Wood",49,20,1000,"Tatra Mountains","1.0.9",1,"Summer","positive","air@surface",TRUE,972,1040,2011,971,1,971,FALSE,162,TRUE,TRUE,TRUE,TRUE,TRUE,TRUE,TRUE,TRUE,TRUE,"","criteria",TRUE,NA
"Eur_016","SxEXdtlCRksSEr2Setkw","paleo1measurement1","trsgi","unitless","ring width","dendrophysical",FALSE,"Eur-EasternCarpathianMountains.Popa.2008","Wood",47,25.3,1820,"Eastern Carpathian Mountains (Romania)","1.0.8",1,"Summer","positive","air@surface",TRUE,843,1163,2005,842,1,842,FALSE,156,TRUE,TRUE,TRUE,TRUE,TRUE,TRUE,TRUE,TRUE,TRUE,"","criteria",TRUE,NA
"Eur_017","NdRtBSqrfwDmxycbWqYd","paleo1measurement1","trsgi","unitless","ring width","dendrophysical",FALSE,"Eur-EuropeanAlps.Buentgen.2011","Wood",47,10.7,2050,"European Alps","1.0.9",1,"Summer","positive","air@surface",TRUE,2003,1,2003,2002,1,2002,FALSE,154,TRUE,TRUE,TRUE,TRUE,TRUE,TRUE,TRUE,TRUE,TRUE,"","criteria",TRUE,NA
"Eur_018","5TxaCsbZHG56SI1qNpj7","paleo1measurement1","MXD",NA,"maximum latewood density","dendrophysical",FALSE,"Eur-Loetschental.Buentgen.2006","Wood",46.4,7.8,1700,"Loetschental","1.0.8",1,"Summer","positive","air@surface",TRUE,1250,755,2004,1249,1,1249,FALSE,155,TRUE,TRUE,TRUE,TRUE,TRUE,TRUE,TRUE,TRUE,TRUE,"","criteria",TRUE,NA
"Eur_019","1UZJ6NyAvSCfdksRwNPV","paleo1measurement1","trsgi","unitless","ring width","dendrophysical",FALSE,"Eur-MaritimeFrenchAlps.Buentgen.2012","Wood",44,7.5,2100,"Maritime French Alps","1.0.9",1,"Summer","positive","air@surface",TRUE,1039,969,2007,1038,1,1038,FALSE,158,TRUE,TRUE,TRUE,TRUE,TRUE,TRUE,TRUE,TRUE,TRUE,"","criteria",TRUE,NA
"Eur_020","PPWjMBBkRAcCv6bkL58K","paleo1measurement1","trsgi","unitless","ring width","dendrophysical",FALSE,"Eur-SpanishPyrenees.Dorado-Linan.2012","Wood",42.5,1,1200,"Spanish Pyrenees","1.0.8",1,"Summer","positive","air@surface",TRUE,746,1260,2005,745,1,745,FALSE,156,TRUE,TRUE,TRUE,TRUE,TRUE,TRUE,TRUE,TRUE,TRUE,"","criteria",TRUE,NA
"Eur_022","BjZjOoa4Z5XmocKnEzre","paleo1measurement1","temperature","degC","historical","historical",FALSE,"Eur-CentralEurope.Dobrovolny.2009","Documents",49,13,0,"Central Europe","1.0.8",1,"Summer","positive","air@surface",TRUE,508,1500,2007,507,1,507,FALSE,158,TRUE,TRUE,TRUE,TRUE,TRUE,TRUE,TRUE,TRUE,TRUE,"","criteria",TRUE,NA
"Eur_024","LsFTzIqNQrauZIPBXNgA","paleo1measurement1","temperature","degC","chrysophyte assemblage","floral assemblage",FALSE,"Eur-CentralandEasternPyrenees.Pla.2004","LakeSediment",42.5,0.75,2280,"Central and Eastern Pyrenees (NE Spain)","1.0.6",1,"Winter","positive","air@surface",TRUE,56,578,1994,1416,25.0400000000001,1416,FALSE,9,TRUE,TRUE,FALSE,FALSE,TRUE,FALSE,TRUE,TRUE,TRUE,"resolution;calibration","curator admission",TRUE,NA
"Eur_026","X3qULfBWiBbbQfEmmiMT","paleo1measurement1","temperature","degC","historical","historical",FALSE,"Eur-Tallinn.Tarand.2001","Documents",59.4,24.75,10,"Tallinn","1.0.8",1,"Winter","positive","air@surface",TRUE,491,1500,2000,500,1,500,FALSE,151,TRUE,TRUE,TRUE,TRUE,TRUE,TRUE,TRUE,TRUE,TRUE,"","criteria",TRUE,NA
"EV98KIR01_d18O","ch2kEV98KIR01","paleo1measurement1","d18O","permil","d18O",NA,FALSE,"EV98KIR01","Coral",2,-157.3,-9,"Kiritimati (Christmas) Island, Republic of Kiribati","1.0.6",NA,NA,NA,NA,TRUE,665,1938.292,1993.625,55.3330000000001,0.0830000000000837,55.3330000000001,FALSE,56,TRUE,TRUE,TRUE,TRUE,TRUE,TRUE,TRUE,TRUE,TRUE,"","criteria",TRUE,NA
"FE09OGA01_d18O","ch2kFE09OGA01","paleo1measurement1","d18O","permil","d18O",NA,FALSE,"FE09OGA01","Coral",27.1059,142.1941,-3.9,"Ogasawara Islands, Japan","1.0.7",NA,NA,NA,NA,TRUE,737,1872.25,1994.917,122.667,0.166999999999916,122.667,FALSE,123,TRUE,TRUE,TRUE,TRUE,TRUE,TRUE,TRUE,TRUE,TRUE,"","criteria",TRUE,NA
"FE09OGA01_d18O_annual","ch2kFE09OGA01","paleo1measurement2","d18O","permil","d18O",NA,FALSE,"FE09OGA01","Coral",27.1059,142.1941,-3.9,"Ogasawara Islands, Japan","1.0.7",NA,NA,NA,NA,TRUE,122,1873,1994,121,1,121,FALSE,122,TRUE,TRUE,TRUE,TRUE,TRUE,TRUE,TRUE,TRUE,TRUE,"","criteria",FALSE,"within-dataset"
"FE09OGA01_d18O_sw_annual","ch2kFE09OGA01","paleo1measurement2","d18O","permil","d18O",NA,FALSE,"FE09OGA01","Coral",27.1059,142.1941,-3.9,"Ogasawara Islands, Japan","1.0.7",NA,NA,NA,NA,TRUE,122,1873,1994,121,1,121,FALSE,122,TRUE,TRUE,TRUE,TRUE,TRUE,TRUE,TRUE,TRUE,TRUE,"","criteria",FALSE,"within-dataset"
"FE09OGA01_SrCa","ch2kFE09OGA01","paleo1measurement1","Sr/Ca","mmol/mol","Sr/Ca",NA,FALSE,"FE09OGA01","Coral",27.1059,142.1941,-3.9,"Ogasawara Islands, Japan","1.0.7",NA,NA,NA,NA,TRUE,737,1872.25,1994.917,122.667,0.166999999999916,122.667,FALSE,123,TRUE,TRUE,TRUE,TRUE,TRUE,TRUE,TRUE,TRUE,TRUE,"","criteria",TRUE,NA
"FE09OGA01_SrCa_annual","ch2kFE09OGA01","paleo1measurement2","Sr/Ca","mmol/mol","Sr/Ca",NA,FALSE,"FE09OGA01","Coral",27.1059,142.1941,-3.9,"Ogasawara Islands, Japan","1.0.7",NA,NA,NA,NA,TRUE,122,1873,1994,121,1,121,FALSE,122,TRUE,TRUE,TRUE,TRUE,TRUE,TRUE,TRUE,TRUE,TRUE,"","criteria",FALSE,"within-dataset"
"FE18RUS01_d18O_annual","ch2kFE18RUS01","paleo1measurement2","d18O","permil","d18O",NA,FALSE,"FE18RUS01","Coral",27.8483,34.31,-3,"Ras Umm Sidd, Egypt","1.0.7",NA,NA,NA,NA,TRUE,244,1751,1994,243,1,243,FALSE,145,TRUE,TRUE,TRUE,TRUE,TRUE,TRUE,TRUE,TRUE,TRUE,"","criteria",TRUE,NA
"FE18RUS01_d18O_sw_annual","ch2kFE18RUS01","paleo1measurement2","d18O","permil","d18O",NA,FALSE,"FE18RUS01","Coral",27.8483,34.31,-3,"Ras Umm Sidd, Egypt","1.0.7",NA,NA,NA,NA,TRUE,244,1751,1994,243,1,243,FALSE,145,TRUE,TRUE,TRUE,TRUE,TRUE,TRUE,TRUE,TRUE,TRUE,"","criteria",FALSE,"within-dataset"
"FE18RUS01_SrCa","ch2kFE18RUS01","paleo1measurement1","Sr/Ca","mmol/mol","Sr/Ca",NA,FALSE,"FE18RUS01","Coral",27.8483,34.31,-3,"Ras Umm Sidd, Egypt","1.0.7",NA,NA,NA,NA,TRUE,1468,1751.083,1995.583,244.5,0.166999999999916,244.5,FALSE,146,TRUE,TRUE,TRUE,TRUE,TRUE,TRUE,TRUE,TRUE,TRUE,"","criteria",TRUE,NA
"FE18RUS01_SrCa_annual","ch2kFE18RUS01","paleo1measurement2","Sr/Ca","mmol/mol","Sr/Ca",NA,FALSE,"FE18RUS01","Coral",27.8483,34.31,-3,"Ras Umm Sidd, Egypt","1.0.7",NA,NA,NA,NA,TRUE,244,1751,1994,243,1,243,FALSE,145,TRUE,TRUE,TRUE,TRUE,TRUE,TRUE,TRUE,TRUE,TRUE,"","criteria",FALSE,"within-dataset"
"FL17DTO01_SrCa","ch2kFL17DTO01","paleo1measurement1","Sr/Ca","mmol/mol","Sr/Ca",NA,FALSE,"FL17DTO01","Coral",24.6986,-82.7986,-3.4,"Dry Tortugas, Florida, USA","1.0.8",NA,NA,NA,NA,TRUE,2081,1893.29,2008.63,115.34,0.0499999999999545,115.34,FALSE,116,TRUE,TRUE,TRUE,TRUE,TRUE,TRUE,TRUE,TRUE,TRUE,"","criteria",TRUE,NA
"FL17DTO01_SrCa_annual","ch2kFL17DTO01","paleo1measurement2","Sr/Ca","mmol/mol","Sr/Ca",NA,FALSE,"FL17DTO01","Coral",24.6986,-82.7986,-3.4,"Dry Tortugas, Florida, USA","1.0.8",NA,NA,NA,NA,TRUE,116,1893,2008,115,1,115,FALSE,116,TRUE,TRUE,TRUE,TRUE,TRUE,TRUE,TRUE,TRUE,TRUE,"","criteria",FALSE,"within-dataset"
"FL17DTO02_SrCa","ch2kFL17DTO02","paleo1measurement1","Sr/Ca","mmol/mol",NA,NA,FALSE,"FL17DTO02","Coral",24.699,-82.799,-3,"Dry Tortugas, Florida, USA","1.0.6",NA,NA,NA,NA,TRUE,2054,1837.04,2012.12,175.08,0.0799999999999272,175.08,FALSE,163,TRUE,TRUE,TRUE,TRUE,TRUE,TRUE,TRUE,TRUE,TRUE,"","criteria",TRUE,NA
"FL17DTO02_SrCa_annual","ch2kFL17DTO02","paleo1measurement2","Sr/Ca","mmol/mol","Sr/Ca",NA,FALSE,"FL17DTO02","Coral",24.699,-82.799,-3,"Dry Tortugas, Florida, USA","1.0.6",NA,NA,NA,NA,TRUE,175,1837,2011,174,1,174,FALSE,162,TRUE,TRUE,TRUE,TRUE,TRUE,TRUE,TRUE,TRUE,TRUE,"","criteria",TRUE,NA
"FL24MAR01_SrCa","ch2kFL24MAR01","paleo1measurement1","Sr/Ca","mmol/mol","Sr/Ca",NA,FALSE,"FL24MAR01","Coral",24.57,-82.12,-1.5,"Marquesas Keys, Florida, USA","1.0.0",NA,NA,NA,NA,TRUE,3814,1830.125,1980.874,150.749,0.0329999999999018,150.749,FALSE,131,TRUE,TRUE,TRUE,TRUE,TRUE,TRUE,TRUE,TRUE,TRUE,"","criteria",TRUE,NA
"FL24MAR01_SrCa_annual","ch2kFL24MAR01","paleo1measurement2","Sr/Ca","mmol/mol","Sr/Ca",NA,FALSE,"FL24MAR01","Coral",24.57,-82.12,-1.5,"Marquesas Keys, Florida, USA","1.0.0",NA,NA,NA,NA,TRUE,150,1830,1980,150,1,150,FALSE,130,TRUE,TRUE,TRUE,TRUE,TRUE,TRUE,TRUE,TRUE,TRUE,"","criteria",FALSE,"within-dataset"
"GE22LOM01_d18O","ch2kGE22LOM01","paleo1measurement1","d18O","permil","d18O",NA,FALSE,"GE22LOM01","Coral",-8.67,115.51,-5,"Lombok Strait, ITF","1.0.0",NA,NA,NA,NA,TRUE,595,1962.42,2012.5,50.0799999999999,0.0799999999999272,50.0799999999999,FALSE,51,TRUE,TRUE,TRUE,TRUE,TRUE,TRUE,TRUE,TRUE,TRUE,"","criteria",TRUE,NA
"GE22LOM01_SrCa","ch2kGE22LOM01","paleo1measurement1","Sr/Ca","mmol/mol","Sr/Ca",NA,FALSE,"GE22LOM01","Coral",-8.67,115.51,-5,"Lombok Strait, ITF","1.0.0",NA,NA,NA,NA,TRUE,597,1962.34,2012.5,50.1600000000001,0.0799999999999272,50.1600000000001,FALSE,51,TRUE,TRUE,TRUE,TRUE,TRUE,TRUE,TRUE,TRUE,TRUE,"","criteria",TRUE,NA
"GO08BER01_d18O","ch2kGO08BER01","paleo1measurement1","d18O","permil","d18O",NA,FALSE,"GO08BER01","Coral",32.33,-64.68,-16,"Bermuda","1.0.7",NA,NA,NA,NA,TRUE,2194,1781.21,1999.58,218.37,0.0800000000001546,218.37,FALSE,150,TRUE,TRUE,TRUE,TRUE,TRUE,TRUE,TRUE,TRUE,TRUE,"","criteria",TRUE,NA
"GO08BER01_d18O_annual","ch2kGO08BER01","paleo1measurement2","d18O","permil","d18O",NA,FALSE,"GO08BER01","Coral",32.33,-64.68,-16,"Bermuda","1.0.7",NA,NA,NA,NA,TRUE,218,1781,1998,217,1,217,FALSE,149,TRUE,TRUE,TRUE,TRUE,TRUE,TRUE,TRUE,TRUE,TRUE,"","criteria",FALSE,"within-dataset"
"GO08BER01_SrCa","ch2kGO08BER01","paleo1measurement1","Sr/Ca","mmol/mol","Sr/Ca",NA,FALSE,"GO08BER01","Coral",32.33,-64.68,-16,"Bermuda","1.0.7",NA,NA,NA,NA,TRUE,2285,1781.21,1999.67,218.46,0.0799999999999272,218.46,FALSE,150,TRUE,TRUE,TRUE,TRUE,TRUE,TRUE,TRUE,TRUE,TRUE,"","criteria",TRUE,NA
"GO08BER01_SrCa_annual","ch2kGO08BER01","paleo1measurement2","Sr/Ca","mmol/mol","Sr/Ca",NA,FALSE,"GO08BER01","Coral",32.33,-64.68,-16,"Bermuda","1.0.7",NA,NA,NA,NA,TRUE,218,1781,1998,217,1,217,FALSE,149,TRUE,TRUE,TRUE,TRUE,TRUE,TRUE,TRUE,TRUE,TRUE,"","criteria",FALSE,"within-dataset"
"GO12SBV01_SrCa","ch2kGO12SBV01","paleo1measurement2","Sr/Ca","mmol/mol","Sr/Ca",NA,FALSE,"GO12SBV01","Coral",-15.94,166.07,-8,"Sabine Bank, Vanuatu","1.0.6",NA,NA,NA,NA,TRUE,1339,1894.91667,2006.41667,111.5,0.0833299999999326,111.5,FALSE,113,TRUE,TRUE,TRUE,TRUE,TRUE,TRUE,TRUE,TRUE,TRUE,"","criteria",TRUE,NA
"GU99NAU01_d18O","ch2kGU99NAU01","paleo1measurement1","d18O","permil","d18O",NA,FALSE,"GU99NAU01","Coral",-0.54,166.97,-14,"Nauru Island, Republic of Nauru","1.0.7",NA,NA,NA,NA,TRUE,415,1891.75,1995.25,103.5,0.25,103.5,FALSE,105,TRUE,TRUE,TRUE,TRUE,TRUE,TRUE,TRUE,TRUE,TRUE,"","criteria",FALSE,"cross-dataset"
"GU99NAU02_d18O","ch2kGU99NAU02","paleo1measurement1","d18O","permil",NA,NA,FALSE,"GU99NAU02","Coral",-0.54,166.97,-14,"Nauru Island, Republic of Nauru","1.0.6",NA,NA,NA,NA,TRUE,806,1897.54,1995.25,97.71,0.099999999999909,97.71,FALSE,99,TRUE,TRUE,TRUE,TRUE,TRUE,TRUE,TRUE,TRUE,TRUE,"","criteria",TRUE,NA
"HA19YON01_d18O","ch2kHA19YON01","paleo1measurement1","d18O","permil","d18O",NA,FALSE,"HA19YON01","Coral",16.84,112.33,-6,"Yongxing Island","1.0.0",NA,NA,NA,NA,TRUE,1890,1851.04166,2008.458,157.41634,0.08333000000016,157.41634,FALSE,158,TRUE,TRUE,TRUE,TRUE,TRUE,TRUE,TRUE,TRUE,TRUE,"","criteria",TRUE,NA
"HA19YON01_d18O_annual","ch2kHA19YON01","paleo1measurement2","d18O","permil","d18O",NA,FALSE,"HA19YON01","Coral",16.84,112.33,-6,"Yongxing Island","1.0.0",NA,NA,NA,NA,TRUE,157,1851,2007,156,1,156,FALSE,157,TRUE,TRUE,TRUE,TRUE,TRUE,TRUE,TRUE,TRUE,TRUE,"","criteria",FALSE,"within-dataset"
"HA23HAV01_d18O","ch2kHA23HAV01","paleo1measurement1","d18O","permil","d18O",NA,FALSE,"HA23HAV01","Coral",23.1277,-82.4239,-6,"Havana, Cuba","1.0.0",NA,NA,NA,NA,TRUE,1915,1845.6805,2005.2,159.5195,0.0833000000000084,159.5195,FALSE,156,TRUE,TRUE,TRUE,TRUE,TRUE,TRUE,TRUE,TRUE,TRUE,"","criteria",TRUE,NA
"HA23HAV01_d18O_sw","ch2kHA23HAV01","paleo1measurement2","d18O","permil","d18O",NA,FALSE,"HA23HAV01","Coral",23.1277,-82.4239,-6,"Havana, Cuba","1.0.0",NA,NA,NA,NA,TRUE,1914,1845.6805,2005.1167,159.4362,0.0833000000000084,159.4362,FALSE,156,TRUE,TRUE,TRUE,TRUE,TRUE,TRUE,TRUE,TRUE,TRUE,"","criteria",FALSE,"within-dataset"
"HA23HAV01_SrCa","ch2kHA23HAV01","paleo1measurement1","Sr/Ca","mmol/mol","Sr/Ca",NA,FALSE,"HA23HAV01","Coral",23.1277,-82.4239,-6,"Havana, Cuba","1.0.0",NA,NA,NA,NA,TRUE,1915,1845.6805,2005.2,159.5195,0.0833000000000084,159.5195,FALSE,156,TRUE,TRUE,TRUE,TRUE,TRUE,TRUE,TRUE,TRUE,TRUE,"","criteria",TRUE,NA
"HE02GBR01_d18O","ch2kHE02GBR01","paleo1measurement1","d18O","permil","d18O",NA,FALSE,"HE02GBR01","Coral",-17.78,146.13,NA,"Central Great Barrier Reef, Australia","1.0.6",NA,NA,NA,NA,TRUE,82,1568,1983,415,5,415,FALSE,27,TRUE,TRUE,FALSE,FALSE,TRUE,TRUE,TRUE,TRUE,TRUE,"resolution","curator admission",TRUE,NA
"HE02GBR01_SrCa","ch2kHE02GBR01","paleo1measurement1","Sr/Ca","mmol/mol","Sr/Ca",NA,FALSE,"HE02GBR01","Coral",-17.78,146.13,NA,"Central Great Barrier Reef, Australia","1.0.6",NA,NA,NA,NA,TRUE,82,1568,1983,415,5,415,FALSE,27,TRUE,TRUE,FALSE,FALSE,TRUE,TRUE,TRUE,TRUE,TRUE,"resolution","curator admission",TRUE,NA
"HE08LRA01_d18O","ch2kHE08LRA01","paleo1measurement1","d18O","permil",NA,NA,FALSE,"HE08LRA01","Coral",11.77,-66.75,-2,"Cayo Sal, Los Roques Archipelago, Venezuela","1.0.7",NA,NA,NA,NA,TRUE,1045,1917.79,2004.79,87,0.0799999999999272,87,FALSE,88,TRUE,TRUE,TRUE,TRUE,TRUE,TRUE,TRUE,TRUE,TRUE,"","criteria",TRUE,NA
"HE10GUA01_d18O","ch2kHE10GUA01","paleo1measurement1","d18O","permil","d18O",NA,FALSE,"HE10GUA01","Coral",16.2,-61.49,-1.7,"Isle de Gosier, Guadeloupe","1.0.6",NA,NA,NA,NA,TRUE,1206,1895.7,1999.21,103.51,0.0800000000001546,103.51,FALSE,103,TRUE,TRUE,TRUE,TRUE,TRUE,TRUE,TRUE,TRUE,TRUE,"","criteria",FALSE,"cross-dataset"
"HE10GUA01_d18O_annual","ch2kHE10GUA01","paleo1measurement2","d18O","permil","d18O",NA,FALSE,"HE10GUA01","Coral",16.2,-61.49,-1.7,"Isle de Gosier, Guadeloupe","1.0.6",NA,NA,NA,NA,TRUE,103,1896,1998,102,1,102,FALSE,103,TRUE,TRUE,TRUE,TRUE,TRUE,TRUE,TRUE,TRUE,TRUE,"","criteria",FALSE,"within-dataset"
"HE10GUA01_SrCa","ch2kHE10GUA01","paleo1measurement1","Sr/Ca","mmol/mol","Sr/Ca",NA,FALSE,"HE10GUA01","Coral",16.2,-61.49,-1.7,"Isle de Gosier, Guadeloupe","1.0.6",NA,NA,NA,NA,TRUE,1206,1895.7,1999.21,103.51,0.0800000000001546,103.51,FALSE,103,TRUE,TRUE,TRUE,TRUE,TRUE,TRUE,TRUE,TRUE,TRUE,"","criteria",TRUE,NA
"HE10GUA01_SrCa_annual","ch2kHE10GUA01","paleo1measurement2","Sr/Ca","mmol/mol","Sr/Ca",NA,FALSE,"HE10GUA01","Coral",16.2,-61.49,-1.7,"Isle de Gosier, Guadeloupe","1.0.6",NA,NA,NA,NA,TRUE,103,1896,1998,102,1,102,FALSE,103,TRUE,TRUE,TRUE,TRUE,TRUE,TRUE,TRUE,TRUE,TRUE,"","criteria",FALSE,"within-dataset"
"HE13MIS01_d18O","ch2kHE13MIS01","paleo1measurement1","d18O","permil","d18O",NA,FALSE,"HE13MIS01","Coral",-10.69,152.81,NA,"Misima Island, Papua New Guinea","1.0.6",NA,NA,NA,NA,TRUE,2797,1411.625,1644.625,233,0.0833330000000387,233,FALSE,0,TRUE,TRUE,TRUE,TRUE,TRUE,FALSE,TRUE,TRUE,TRUE,"calibration","curator admission",TRUE,NA
"HE13MIS01_SrCa","ch2kHE13MIS01","paleo1measurement1","Sr/Ca","mmol/mol","Sr/Ca",NA,FALSE,"HE13MIS01","Coral",-10.69,152.81,NA,"Misima Island, Papua New Guinea","1.0.6",NA,NA,NA,NA,TRUE,2797,1411.625,1644.625,233,0.0833330000000387,233,FALSE,0,TRUE,TRUE,TRUE,TRUE,TRUE,FALSE,TRUE,TRUE,TRUE,"calibration","curator admission",TRUE,NA
"HE18COC01_d18O","ch2kHE18COC01","paleo1measurement1","d18O","permil","d18O",NA,FALSE,"HE18COC01","Coral",-12.0875,96.8752,-5.8,"Cocos (Keeling) Islands, Australia","1.0.6",NA,NA,NA,NA,TRUE,1207,1808.5,2009.5,201,0.170000000000073,201,FALSE,160,TRUE,TRUE,TRUE,TRUE,TRUE,TRUE,TRUE,TRUE,TRUE,"","criteria",TRUE,NA
"HE18COC01_d18O_sw","ch2kHE18COC01","paleo1measurement1","d18O","permil","d18O",NA,FALSE,"HE18COC01","Coral",-12.0875,96.8752,-5.8,"Cocos (Keeling) Islands, Australia","1.0.6",NA,NA,NA,NA,TRUE,1207,1808.5,2009.5,201,0.170000000000073,201,FALSE,160,TRUE,TRUE,TRUE,TRUE,TRUE,TRUE,TRUE,TRUE,TRUE,"","criteria",FALSE,"within-dataset"
"HE18COC01_SrCa","ch2kHE18COC01","paleo1measurement1","Sr/Ca","mmol/mol","Sr/Ca",NA,FALSE,"HE18COC01","Coral",-12.0875,96.8752,-5.8,"Cocos (Keeling) Islands, Australia","1.0.6",NA,NA,NA,NA,TRUE,1207,1808.5,2009.5,201,0.170000000000073,201,FALSE,160,TRUE,TRUE,TRUE,TRUE,TRUE,TRUE,TRUE,TRUE,TRUE,"","criteria",TRUE,NA
"IC00COPR01A","EqJSbxBZGWW5FLpP3MSS","paleo1measurement1","d18O","permil",NA,NA,FALSE,"IC00COPR","GlacierIce",-84,43,3330,"Plateau Remote","1.0.16",1,"Annual","positive","air@surface",TRUE,1985,2,1986,1984,1,1984,FALSE,137,TRUE,TRUE,TRUE,TRUE,TRUE,TRUE,TRUE,TRUE,TRUE,"","criteria",TRUE,NA
"IC00SC1601A","eMimEkm6EnQdVVCJZttv","paleo1measurement1","d18O","permil",NA,NA,FALSE,"IC00SC16","GlacierIce",73.9402,-37.6299,3040,"B16","1.0.14",1,"Annual","positive","air@surface",TRUE,515,1478,1992,514,1,514,FALSE,143,TRUE,TRUE,TRUE,TRUE,TRUE,TRUE,TRUE,TRUE,TRUE,"","criteria",FALSE,"cross-dataset"
"IC00SC1801A","hYapuwnOX5q932NRchN1","paleo1measurement1","d18O","permil",NA,NA,FALSE,"IC00SC18","GlacierIce",76.617,-36.4033,2508,"B18","1.0.15",1,"Annual","positive","air@surface",TRUE,1114,874,1992,1118,1,1118,FALSE,143,TRUE,TRUE,TRUE,TRUE,TRUE,TRUE,TRUE,TRUE,TRUE,"","criteria",TRUE,NA
"IC00SC2101A","wlqwCaXIUSA391Dmg0Ao","paleo1measurement1","d18O","permil",NA,NA,FALSE,"IC00SC21","GlacierIce",80,-41.1374,2185,"B21","1.0.8",1,"Annual","positive","air@surface",TRUE,622,1372,1993,621,1,621,FALSE,144,TRUE,TRUE,TRUE,TRUE,TRUE,TRUE,TRUE,TRUE,TRUE,"","criteria",TRUE,NA
"IC00SC2601A","f9XLDb8DxGHIDx7x0DZ0","paleo1measurement1","d18O","permil",NA,NA,FALSE,"IC00SC26","GlacierIce",77.2533,-49.2167,2598,"B26","1.0.14",1,"Annual","positive","air@surface",TRUE,490,1505,1994,489,1,489,FALSE,145,TRUE,TRUE,TRUE,TRUE,TRUE,TRUE,TRUE,TRUE,TRUE,"","criteria",TRUE,NA
"IC00SC2901A","wbPP0e5AvOAHxEJhNhaq","paleo1measurement1","d18O","permil",NA,NA,FALSE,"IC00SC29","GlacierIce",76.0039,-43.492,2874,"B29","1.0.15",1,"Annual","positive","air@surface",TRUE,524,1471,1994,523,1,523,FALSE,145,TRUE,TRUE,TRUE,TRUE,TRUE,TRUE,TRUE,TRUE,TRUE,"","criteria",TRUE,NA
"IC00THDS03A","raV8oqSVhhL3io2bZaFf","paleo1measurement2","d18O","permil",NA,NA,FALSE,"IC00THDS","GlacierIce",28.38,85.72,7200,"Dasuopu","1.0.15",1,"Jun-Aug","positive","air@surface",TRUE,547,1450,1996,546,1,546,FALSE,147,TRUE,TRUE,TRUE,TRUE,TRUE,TRUE,TRUE,TRUE,TRUE,"","criteria",FALSE,"cross-dataset"
"IC02GR0501A","6Bkva3oByLKIOyet0gVc","paleo1measurement1","d18O","permil",NA,NA,FALSE,"IC02GR05","GlacierIce",-75,0.01,2882,"B32Site DML05","1.0.15",1,"Annual","positive","air@surface",TRUE,1831,166,1996,1830,1,1830,FALSE,147,TRUE,TRUE,TRUE,TRUE,TRUE,TRUE,TRUE,TRUE,TRUE,"","criteria",TRUE,NA
"IC02GR0701A","Ch8UMmeq6MNzpLurAIHx","paleo1measurement1","d18O","permil",NA,NA,FALSE,"IC02GR07","GlacierIce",-75.58,-3.43,2669,"B31Site DML07","1.0.15",1,"Annual","positive","air@surface",TRUE,986,1000,1994,994,1,994,FALSE,143,TRUE,TRUE,TRUE,TRUE,TRUE,TRUE,TRUE,TRUE,TRUE,"","criteria",FALSE,"cross-dataset"
"IC02GR1701A","x3Ps5JaMgdIxN7zYobFB","paleo1measurement1","d18O","permil",NA,NA,FALSE,"IC02GR17","GlacierIce",-75.17,6.5,3160,"B33Site DML17","1.0.15",1,"Annual","positive","air@surface",TRUE,984,1000,1997,997,1,997,FALSE,141,TRUE,TRUE,TRUE,TRUE,TRUE,TRUE,TRUE,TRUE,TRUE,"","criteria",FALSE,"cross-dataset"
"IC02HEWD01A","yrff3bUnNO8OgcxLatjz","paleo1measurement1","d18O","permil",NA,NA,FALSE,"IC02HEWD","GlacierIce",81,64,509,"Windy Dome","1.0.9",1,"Annual","positive","air@surface",TRUE,771,1225,1995,770,1,770,FALSE,146,TRUE,TRUE,TRUE,TRUE,TRUE,TRUE,TRUE,TRUE,TRUE,"","criteria",TRUE,NA
"IC02MUBI01A","pFLh2d8Y9PJ8Ln9pZtAS","paleo1measurement1","d18O","permil",NA,NA,FALSE,"IC02MUBI","GlacierIce",-79.57,-45.72,890,"Berkner Island (South) B25","1.0.15",1,"Annual","positive","air@surface",TRUE,991,1000,1992,992,1,992,FALSE,143,TRUE,TRUE,TRUE,TRUE,TRUE,TRUE,TRUE,TRUE,TRUE,"","criteria",FALSE,"cross-dataset"
"IC02STTA02A","TPXEOOTBiRuQufqcW2dK","paleo1measurement1","d2H","permil",NA,NA,FALSE,"IC02STTA","GlacierIce",-72.8,159.06,2316,"TD96 Talos Dome","1.0.15",1,"Annual","positive","air@surface",TRUE,764,1232,1995,763,1,763,FALSE,146,TRUE,TRUE,TRUE,TRUE,TRUE,TRUE,TRUE,TRUE,TRUE,"","criteria",TRUE,NA
"IC04FIML01A","oVbO1JPjTRBoEyYCvsIU","paleo1measurement1","d18O","permil",NA,NA,FALSE,"IC04FIML","GlacierIce",60.59,-140.5,5340,"Mt Logan (PRCol)","1.0.11",1,"Annual",NA,"tropical or North Pacific moisture",TRUE,1436,560,1995,1435,1,1435,FALSE,146,TRUE,TRUE,TRUE,TRUE,TRUE,TRUE,TRUE,TRUE,TRUE,"","criteria",TRUE,NA
"IC05ISAU01A","9KWvwHqHL9yD8HPKuurO","paleo1measurement1","d18O","permil",NA,NA,FALSE,"IC05ISAU","GlacierIce",79.83,24,750,"Austfonna","1.0.14",1,"Annual","positive","air@surface",TRUE,554,1400,1998,598,1,598,FALSE,149,TRUE,TRUE,TRUE,TRUE,TRUE,TRUE,TRUE,TRUE,TRUE,"","criteria",TRUE,NA
"IC06WAML01A","vDduTUlubvYdFjAlTXhO","paleo1measurement1","d18O","permil",NA,NA,FALSE,"IC06WAML","GlacierIce",35.81,90.76,5680,"Malan Glacier","1.0.11",1,"Summer","positive","air@surface",TRUE,871,1129,1999,870,1,870,FALSE,150,TRUE,TRUE,TRUE,TRUE,TRUE,TRUE,TRUE,TRUE,TRUE,"","criteria",TRUE,NA
"IC08DILO01A","JU52wcCs9MYTlnKtbxM9","paleo1measurement1","deuteriumExcess","permil",NA,NA,FALSE,"IC08DILO","GlacierIce",78.86,17.42,1250,"Lomonosovfonna","1.0.15",1,"Annual","positive","air@surface",TRUE,472,777,1997,1220,1,1220,FALSE,145,TRUE,TRUE,TRUE,TRUE,TRUE,TRUE,TRUE,TRUE,TRUE,"","criteria",TRUE,NA
"IC09KA7901A","xi6DpX7WhRWewkGSfaTC","paleo1measurement1","d18O","permil",NA,NA,FALSE,"IC09KA79","GlacierIce",80.7,-73.1,1700,"Agassiz A79","1.0.14",1,"Annual","positive","air@surface",TRUE,1972,1,1972,1971,1,1971,FALSE,123,TRUE,TRUE,TRUE,TRUE,TRUE,TRUE,TRUE,TRUE,TRUE,"","criteria",FALSE,"cross-dataset"
"IC09KANG01A","WC56sytA9hJN4DaQvFkh","paleo1measurement1","d18O","permil",NA,NA,FALSE,"IC09KANG","GlacierIce",75.1,-42.32,2917,"NGRIP","1.0.14",1,"Annual","positive","air@surface",TRUE,1995,1,1995,1994,1,1994,FALSE,146,TRUE,TRUE,TRUE,TRUE,TRUE,TRUE,TRUE,TRUE,TRUE,"","criteria",FALSE,"cross-dataset"
"IC09VICC01A","7RPcK2E3LwPQBc9L1O0O","paleo1measurement1","d18O","permil",NA,NA,FALSE,"IC09VICC","GlacierIce",77.17,-61.13,1885,"Camp Century","1.0.14",1,"Annual","positive","air@surface",TRUE,726,1242,1967,725,1,725,FALSE,118,TRUE,TRUE,TRUE,TRUE,TRUE,TRUE,TRUE,TRUE,TRUE,"","criteria",FALSE,"cross-dataset"
"IC10VICR01A","JtK3P1wvNgYCQXIQNYCb","paleo1measurement1","d18O","permil",NA,NA,FALSE,"IC10VICR","GlacierIce",71.12,-37.32,3174,"Crete","1.0.15",1,"Annual","positive","air@surface",TRUE,1422,552,1973,1421,1,1421,FALSE,124,TRUE,TRUE,TRUE,TRUE,TRUE,TRUE,TRUE,TRUE,TRUE,"","criteria",TRUE,NA
"IC10VICR01B","JtK3P1wvNgYCQXIQNYCb","paleo1measurement1","d18O","permil",NA,NA,FALSE,"IC10VICR","GlacierIce",71.12,-37.32,3174,"Crete","1.0.15",1,"Summer","positive","air@surface",TRUE,1422,552,1973,1421,1,1421,FALSE,124,TRUE,TRUE,TRUE,TRUE,TRUE,TRUE,TRUE,TRUE,TRUE,"","criteria",TRUE,NA
"IC10VID301A","jo1OWhzdgTYgiemT2oQT","paleo1measurement1","d18O","permil",NA,NA,FALSE,"IC10VID3","GlacierIce",65.18,-43.83,2480,"DYE3","1.0.15",NA,NA,NA,NA,TRUE,1978,1,1978,1977,1,1977,FALSE,129,TRUE,TRUE,TRUE,TRUE,TRUE,TRUE,TRUE,TRUE,TRUE,"","criteria",FALSE,"cross-dataset"
"IC10VIGR01A","pI33SEGBhVInfAyd6AlS","paleo1measurement1","d18O","permil",NA,NA,FALSE,"IC10VIGR","GlacierIce",72.58,-37.64,3200,"GRIP","1.0.14",1,"Annual","positive","air@surface",TRUE,1979,1,1979,1978,1,1978,FALSE,130,TRUE,TRUE,TRUE,TRUE,TRUE,TRUE,TRUE,TRUE,TRUE,"","criteria",FALSE,"cross-dataset"
"IC11BEVL01A","yAEnJ1CxUIj0sNpWnQcH","paleo1measurement1","d2H","permil",NA,NA,FALSE,"IC11BEVL","GlacierIce",-77.33,162.53,626,"VLG","1.0.15",1,"Annual","positive","air@surface",TRUE,861,1140,2000,860,1,860,FALSE,151,TRUE,TRUE,TRUE,TRUE,TRUE,TRUE,TRUE,TRUE,TRUE,"","criteria",TRUE,NA
"IC11DILO01A","RjG1hTHuQLgkuv5aotw3","paleo1measurement1","d18O","permil",NA,NA,FALSE,"IC11DILO","GlacierIce",78.86,17.42,1250,"Lomonosovfonna","1.0.8",1,"Dec-Feb","positive","air@surface",TRUE,1229,769,1997,1228,1,1228,FALSE,148,TRUE,TRUE,TRUE,TRUE,TRUE,TRUE,TRUE,TRUE,TRUE,"","criteria",TRUE,NA
"IC11KIPW01A","VKfDdOiP210VeZyMnd1U","paleo1measurement1","d18O","permil",NA,NA,FALSE,"IC11KIPW","GlacierIce",78.4,-80.4,2030,"Prince-of-Wales","1.0.14",1,"Annual","positive","air@surface",TRUE,1845,151,1995,1844,1,1844,FALSE,146,TRUE,TRUE,TRUE,TRUE,TRUE,TRUE,TRUE,TRUE,TRUE,"","criteria",TRUE,NA
"IC11LAB401A","Dmc2ShXDaHSjvH5sH5Yg","paleo1measurement1","d18O","permil",NA,NA,FALSE,"IC11LAB4","GlacierIce",-70.86,11.54,703,"IND 22B4 Coastal DML","1.0.15",1,"Annual","positive","air@surface",TRUE,462,1533,1994,461,1,461,FALSE,145,TRUE,TRUE,TRUE,TRUE,TRUE,TRUE,TRUE,TRUE,TRUE,"","criteria",TRUE,NA
"IC12MUJR01A","WcwADMUe8WsmsPXTde4B","paleo1measurement1","d2H","permil",NA,NA,FALSE,"IC12MUJR","GlacierIce",-64.2,-57.69,1542,"James Ross Island","1.0.15",1,"Annual","positive","air@surface",TRUE,2007,1,2007,2006,1,2006,FALSE,158,TRUE,TRUE,TRUE,TRUE,TRUE,TRUE,TRUE,TRUE,TRUE,"","criteria",TRUE,NA
"IC12RHME01A","DuxqPi9iRKY3fchicHeO","paleo1measurement1","d2H","permil",NA,NA,FALSE,"IC12RHME","GlacierIce",-77.52,167.68,1600,"Mt Erebus Saddle - MES","1.0.15",1,"Annual","positive","air@surface",TRUE,6510,1472.646,2006.897,534.251,0.0790000000001783,534.251,FALSE,157,TRUE,TRUE,TRUE,TRUE,TRUE,TRUE,TRUE,TRUE,TRUE,"","criteria",TRUE,NA
"IC13OPAN01A","IOJ7Bnr0DlXJbRjtehzU","paleo1measurement1","d18O","permil",NA,NA,FALSE,"IC13OPAN","GlacierIce",80.52,94.82,750,"Akademii Nauk","1.0.9",1,"Annual","positive","air@surface",TRUE,1099,900,1998,1098,1,1098,FALSE,149,TRUE,TRUE,TRUE,TRUE,TRUE,TRUE,TRUE,TRUE,TRUE,"","criteria",FALSE,"cross-dataset"
"IC13PALD01A","5TJCh5cATYd9ENy5GKf5","paleo1measurement1","d18O","permil",NA,NA,FALSE,"IC13PALD","GlacierIce",-66.77,112.81,1370,"DSS Law Dome","1.0.15",1,"Annual","positive","air@surface",TRUE,1823,173,1995,1822,1,1822,FALSE,146,TRUE,TRUE,TRUE,TRUE,TRUE,TRUE,TRUE,TRUE,TRUE,"","criteria",TRUE,NA
"IC13ST0101A","LlPgY4ULsNBoNxsFuI7z","paleo1measurement1","d18O","permil",NA,NA,FALSE,"IC13ST01","GlacierIce",-79.38,-111.24,1791,"US-ITASE-2000-1","1.0.15",1,"Annual","positive","air@surface",TRUE,3243,1673.293,2000.9857,327.6927,0.0892499999999927,327.6927,FALSE,151,TRUE,TRUE,TRUE,TRUE,TRUE,TRUE,TRUE,TRUE,TRUE,"","criteria",FALSE,"cross-dataset"
"IC13ST2401A","kbiUEn0EORieayszOvQK","paleo1measurement1","d18O","permil",NA,NA,FALSE,"IC13ST24","GlacierIce",-86.5,-107.99,2586,"US-ITASE-2002-4","1.0.15",1,"Annual","positive","air@surface",TRUE,3483,1593.5104,2002.93975,409.42935,0.113349999999969,409.42935,FALSE,153,TRUE,TRUE,TRUE,TRUE,TRUE,TRUE,TRUE,TRUE,TRUE,"","criteria",FALSE,"cross-dataset"
"IC13STN801A","q8uaWZuApXSkVXgGB1Ln","paleo1measurement1","d18O","permil",NA,NA,FALSE,"IC13STN8","GlacierIce",-74.88,1.6,2907,"NUS 08-7","1.0.15",1,"Annual","positive","air@surface",TRUE,2413,1382.7403,2008.5698,625.8295,0.237899999999854,625.8295,FALSE,159,TRUE,TRUE,TRUE,TRUE,TRUE,TRUE,TRUE,TRUE,TRUE,"","criteria",TRUE,NA
"IC13STWD01A","ZLrwrdOy34w6brYcOld8","paleo1measurement1","d18O","permil",NA,NA,FALSE,"IC13STWD","GlacierIce",-79.46,-112.09,1806,"WDC05A","1.0.11",1,"Annual",NA,"air@surface",TRUE,1220,786,2005,1219,1,1219,FALSE,156,TRUE,TRUE,TRUE,TRUE,TRUE,TRUE,TRUE,TRUE,TRUE,"","criteria",TRUE,NA
"IC13STWD02A","ZLrwrdOy34w6brYcOld8","paleo1measurement1","d18O","permil",NA,NA,FALSE,"IC13STWD","GlacierIce",-79.46,-112.09,1806,"WDC05A","1.0.11",1,"Annual","positive","air@surface",TRUE,1220,786,2005,1219,1,1219,FALSE,156,TRUE,TRUE,TRUE,TRUE,TRUE,TRUE,TRUE,TRUE,TRUE,"","criteria",FALSE,"cross-dataset"
"IC13STWD02A2","ZLrwrdOy34w6brYcOld8","paleo1measurement1","d18O","permil",NA,NA,FALSE,"IC13STWD","GlacierIce",-79.46,-112.09,1806,"WDC05A","1.0.11",1,"Annual","positive","air@surface",TRUE,1220,786,2005,1219,1,1219,FALSE,156,TRUE,TRUE,TRUE,TRUE,TRUE,TRUE,TRUE,TRUE,TRUE,"","criteria",FALSE,"cross-dataset"
"IC13THFE01A","LwfxaGBfNbxjKgAKqgBg","paleo1measurement1","d2H","permil",NA,NA,FALSE,"IC13THFE","GlacierIce",-74.57,-86.9,1354,"Ferrigno","1.0.15",1,"Annual","positive","air@surface",TRUE,308,1703,2010,307,1,307,FALSE,161,TRUE,TRUE,TRUE,TRUE,TRUE,TRUE,TRUE,TRUE,TRUE,"","criteria",TRUE,NA
"IC14EKVK00A","i0pwWxERMwsndi4L3jE7","paleo1measurement1","d2H","permil",NA,NA,FALSE,"IC14EKVK","GlacierIce",-78.47,106.83,3488,"Vostok composite VRS13 ( a stack of 15 individual isotopic records from snow pits and shallow cores recovered in the vicinity of Vostok Station)","1.0.15",1,"Nov-Jan","positive","air@surface",TRUE,357,1654,2010,356,1,356,FALSE,161,TRUE,TRUE,TRUE,TRUE,TRUE,TRUE,TRUE,TRUE,TRUE,"","criteria",TRUE,NA
"IC14VL1K01A","SvrSkYkFQJD4S9nmFQqC","paleo1measurement1","d2H","permil",NA,NA,FALSE,"IC14VL1K","GlacierIce",-67.43,93.38,1407,"105th km","1.0.15",1,"Annual","positive","air@surface",TRUE,230,1757,1987,230,1,230,FALSE,137,TRUE,TRUE,TRUE,TRUE,FALSE,TRUE,TRUE,TRUE,TRUE,"length","data-poor exception",TRUE,NA
"IC16WE1701A","XSwEVmg2suUgbm3C9UcQ","paleo1measurement1","d18O","permil",NA,NA,FALSE,"IC16WE17","GlacierIce",75.2504,-37.6248,2820,"B17","1.0.10",1,"Annual","positive","air@surface",TRUE,630,1363,1992,629,1,629,FALSE,143,TRUE,TRUE,TRUE,TRUE,TRUE,TRUE,TRUE,TRUE,TRUE,"","criteria",TRUE,NA
"IC16WE1901A","nSX0Eb4pXOrNg1dfLbQH","paleo1measurement1","d18O","permil",NA,NA,FALSE,"IC16WE19","GlacierIce",78.0006,-36.3978,2234,"B19","1.0.15",1,"Annual","positive","air@surface",TRUE,1201,753,1953,1200,1,1200,FALSE,104,TRUE,TRUE,TRUE,TRUE,TRUE,TRUE,TRUE,TRUE,TRUE,"","criteria",TRUE,NA
"IC16WE2001A","RiAHj8PXTcbh0uFSk5fi","paleo1measurement1","d18O","permil",NA,NA,FALSE,"IC16WE20","GlacierIce",78.8333,-36.5,2147,"B20","1.0.14",1,"Annual","positive","air@surface",TRUE,1219,775,1993,1218,1,1218,FALSE,144,TRUE,TRUE,TRUE,TRUE,TRUE,TRUE,TRUE,TRUE,TRUE,"","criteria",TRUE,NA
"IC16WE2201A","JRvYhaaOrdWCjlQI8WrH","paleo1measurement1","d18O","permil",NA,NA,FALSE,"IC16WE22","GlacierIce",79.3414,-45.9116,2242,"B22","1.0.15",1,"Annual","positive","air@surface",TRUE,622,1372,1993,621,1,621,FALSE,144,TRUE,TRUE,TRUE,TRUE,TRUE,TRUE,TRUE,TRUE,TRUE,"","criteria",TRUE,NA
"IC16WE2301A","bo8jonsVqKFI6CgyqN6F","paleo1measurement1","d18O","permil",NA,NA,FALSE,"IC16WE23","GlacierIce",78,-44,2543,"B23","1.0.15",1,"Annual","positive","air@surface",TRUE,971,1023,1993,970,1,970,FALSE,144,TRUE,TRUE,TRUE,TRUE,TRUE,TRUE,TRUE,TRUE,TRUE,"","criteria",TRUE,NA
"IC16WE2701A","AqZnxntnDcACVNpwEeBq","paleo1measurement1","d18O","permil",NA,NA,FALSE,"IC16WE27","GlacierIce",76.6594,-46.4837,2733,"B27","1.0.15",1,"Annual","positive","air@surface",TRUE,780,1195,1994,799,1,799,FALSE,125,TRUE,TRUE,TRUE,TRUE,TRUE,TRUE,TRUE,TRUE,TRUE,"","criteria",TRUE,NA
"IC16WE3001A","cAY7mhrGgtubsRtvIQ25","paleo1measurement1","d18O","permil",NA,NA,FALSE,"IC16WE30","GlacierIce",75.0016,-42.0004,2947,"B30","1.0.15",1,"Annual","positive","air@surface",TRUE,747,1242,1988,746,1,746,FALSE,139,TRUE,TRUE,TRUE,TRUE,TRUE,TRUE,TRUE,TRUE,TRUE,"","criteria",TRUE,NA
"IC16WENG00A","DLtLlTPGpI1y0x6xrIjd","paleo1measurement1","d18O","z score",NA,NA,FALSE,"IC16WENG","GlacierIce",76,-46,NA,"NG-stack","1.0.15",1,"Annual","positive","air@surface",TRUE,1242,753,1994,1241,1,1241,FALSE,145,TRUE,TRUE,TRUE,TRUE,TRUE,TRUE,TRUE,TRUE,TRUE,"","criteria",TRUE,NA
"IC17BERI01A","nmk0AF1iw4I1skS6PecN","paleo1measurement1","d2H","permil",NA,NA,FALSE,"IC17BERI","GlacierIce",-79.36,-161.7,550,"RICE (Rosevelt Island)","1.0.15",1,"Annual","positive","air@surface",TRUE,2012,1,2012,2011,1,2011,FALSE,163,TRUE,TRUE,TRUE,TRUE,TRUE,TRUE,TRUE,TRUE,TRUE,"","criteria",TRUE,NA
"IC76FIDE02A","ZZtjaByzW0WcicOQM2wE","paleo2measurement1","d18O","permil",NA,NA,FALSE,"IC76FIDE","GlacierIce",75.33,-82.5,1800,"Devon Ice Cap","1.0.11",1,"Annual","positive","air@surface",TRUE,450,1509,1958,449,1,449,FALSE,109,TRUE,TRUE,TRUE,TRUE,TRUE,TRUE,TRUE,TRUE,TRUE,"","criteria",TRUE,NA
"IC93BAGI01A","Z01l7P7eZ6HbMLNlfSrV","paleo1measurement1","d2H","permil",NA,NA,FALSE,"IC93BAGI","GlacierIce",72.59,-38.46,3200,"GISP2-B","1.0.14",1,"Annual","positive","air@surface",TRUE,686,1300,1985,685,1,685,FALSE,136,TRUE,TRUE,TRUE,TRUE,TRUE,TRUE,TRUE,TRUE,TRUE,"","criteria",TRUE,NA
"IC93BAGI02A","Z01l7P7eZ6HbMLNlfSrV","paleo1measurement2","d2H","permil",NA,NA,FALSE,"IC93BAGI","GlacierIce",72.59,-38.46,3200,"GISP2-B","1.0.14",1,"Annual","positive","air@surface",TRUE,6029,1270.0556,1986.7942,716.7386,0.111100000000079,716.7386,FALSE,137,TRUE,TRUE,TRUE,TRUE,TRUE,TRUE,TRUE,TRUE,TRUE,"","criteria",TRUE,NA
"IC94THDP01A","Yt5JnM7GW4oWLWyZZoIN","paleo1measurement1","d18O","permil",NA,NA,FALSE,"IC94THDP","GlacierIce",-70.68,-64.87,2002,"Dyer Plateau","1.0.15",1,"Annual","positive","air@surface",TRUE,484,1505,1988,483,1,483,FALSE,139,TRUE,TRUE,TRUE,TRUE,TRUE,TRUE,TRUE,TRUE,TRUE,"","criteria",TRUE,NA
"IC95FI8701A","CKntJjdu9ZwChJkOK3rK","paleo1measurement1","d18O","permil",NA,NA,FALSE,"IC95FI87","GlacierIce",80.7,-73.1,1730,"Agassiz A87","1.0.15",1,"Annual","positive","air@surface",TRUE,658,1304,1961,657,1,657,FALSE,112,TRUE,TRUE,TRUE,TRUE,TRUE,TRUE,TRUE,TRUE,TRUE,"","criteria",TRUE,NA
"IC96MOSS01A","UkgxiPcXG48HzFijtZso","paleo1measurement1","d18O","permil",NA,NA,FALSE,"IC96MOSS","GlacierIce",-75.92,-84.25,1054,"Siple Station","1.0.15",1,"Annual","positive","air@surface",TRUE,567,1417,1983,566,1,566,FALSE,134,TRUE,TRUE,TRUE,TRUE,TRUE,TRUE,TRUE,TRUE,TRUE,"","criteria",FALSE,"cross-dataset"
"IC97GRGI01A","qhG6oRZfXsrynS5KkrCk","paleo1measurement1","d18O","permil",NA,NA,FALSE,"IC97GRGI","GlacierIce",72.6,-38.5,3200,"GISP2","1.0.14",1,"Annual","positive","air@surface",TRUE,1170,818,1987,1169,1,1169,FALSE,138,TRUE,TRUE,TRUE,TRUE,TRUE,TRUE,TRUE,TRUE,TRUE,"","criteria",TRUE,NA
"IN23BIC01_d18O","ch2kIN23BIC01","paleo1measurement1","d18O","permil","d18O",NA,FALSE,"IN23BIC01","Coral",13.05,124.02,-6,"Bicol, Philippines","1.0.0",NA,NA,NA,NA,TRUE,1325,1766,2002.2,236.2,0.170000000000073,236.2,FALSE,153,TRUE,TRUE,TRUE,TRUE,TRUE,TRUE,TRUE,TRUE,TRUE,"","criteria",TRUE,NA
"IN23BIC01_d18O_sw_annual","ch2kIN23BIC01","paleo1measurement2","d18O","permil","d18O",NA,FALSE,"IN23BIC01","Coral",13.05,124.02,-6,"Bicol, Philippines","1.0.0",NA,NA,NA,NA,TRUE,237,1766,2002,236,1,236,FALSE,153,TRUE,TRUE,TRUE,TRUE,TRUE,TRUE,TRUE,TRUE,TRUE,"","criteria",FALSE,"within-dataset"
"IN23BIC01_SrCa","ch2kIN23BIC01","paleo1measurement1","Sr/Ca","mmol/mol","Sr/Ca",NA,FALSE,"IN23BIC01","Coral",13.05,124.02,-6,"Bicol, Philippines","1.0.0",NA,NA,NA,NA,TRUE,1608,1766,2002.2,236.2,0.150000000000091,236.2,FALSE,153,TRUE,TRUE,TRUE,TRUE,TRUE,TRUE,TRUE,TRUE,TRUE,"","criteria",TRUE,NA
"JI18GAL01_SrCa","ch2kJI18GAL01","paleo1measurement1","Sr/Ca","mmol/mol","Sr/Ca",NA,FALSE,"JI18GAL01","Coral",1.386,-91.832,-10,"Shark Bay, Wolf Island, Ecuador","1.0.7",NA,NA,NA,NA,TRUE,395,1940.08333,2010.25,70.1666700000001,0.16666999999984,70.1666700000001,FALSE,68,TRUE,TRUE,TRUE,TRUE,TRUE,TRUE,TRUE,TRUE,TRUE,"","criteria",TRUE,NA
"KA17RYU01_SrCa","ch2kKA17RYU01","paleo1measurement1","Sr/Ca","mmol/mol","Sr/Ca",NA,FALSE,"KA17RYU01","Coral",28.3,130,-3.5,"Kikai Island, Japan","1.0.7",NA,NA,NA,NA,TRUE,862,1578.58,2009.08,430.5,0.5,430.5,FALSE,160,TRUE,TRUE,TRUE,TRUE,TRUE,TRUE,TRUE,TRUE,TRUE,"","criteria",TRUE,NA
"KA21QIL01_SrCa_annual","ch2kKA21QIL01","paleo1measurement2","Sr/Ca","mmol/mol","Sr/Ca",NA,FALSE,"KA21QIL01","Coral",16.9438,112.3327,-6,"Qilianyu Reef","1.0.0",NA,NA,NA,NA,TRUE,191,1817,2013,196,1,196,FALSE,158,TRUE,TRUE,TRUE,TRUE,TRUE,TRUE,TRUE,TRUE,TRUE,"","criteria",TRUE,NA
"KI04MCV01_d18O","ch2kKI04MCV01","paleo1measurement1","d18O","permil","d18O",NA,FALSE,"KI04MCV01","Coral",-15.7,167.2,-1.5,"Espiritu Santo Island, Vanuatu","1.0.7",NA,NA,NA,NA,TRUE,953,1928.54,1992.46,63.9200000000001,0.0600000000001728,63.9200000000001,FALSE,65,TRUE,TRUE,TRUE,TRUE,TRUE,TRUE,TRUE,TRUE,TRUE,"","criteria",TRUE,NA
"KI04MCV01_SrCa","ch2kKI04MCV01","paleo1measurement1","Sr/Ca","mmol/mol","Sr/Ca",NA,FALSE,"KI04MCV01","Coral",-15.7,167.2,-1.5,"Espiritu Santo Island, Vanuatu","1.0.7",NA,NA,NA,NA,TRUE,953,1928.54,1992.46,63.9200000000001,0.0600000000001728,63.9200000000001,FALSE,65,TRUE,TRUE,TRUE,TRUE,TRUE,TRUE,TRUE,TRUE,TRUE,"","criteria",TRUE,NA
"KI08PAR01_SrCa","ch2kKI08PAR01","paleo1measurement1","Sr/Ca","mmol/mol","Sr/Ca",NA,FALSE,"KI08PAR01","Coral",17.93,-67,-5,"La Parguera, Puerto Rico","1.0.6",NA,NA,NA,NA,TRUE,253,1751,2004,253,1,253,FALSE,154,TRUE,TRUE,TRUE,TRUE,TRUE,TRUE,TRUE,TRUE,TRUE,"","criteria",FALSE,"cross-dataset"
"KI14PAR01_d18O","ch2kKI14PAR01","paleo1measurement1","d18O","permil","d18O",NA,FALSE,"KI14PAR01","Coral",18,-67,-7,"La Parguera, Puerto Rico","1.0.6",NA,NA,NA,NA,TRUE,201,1469,1669,200,1,200,FALSE,0,TRUE,TRUE,TRUE,TRUE,TRUE,FALSE,TRUE,TRUE,TRUE,"calibration","curator admission",TRUE,NA
"KI14PAR01_SrCa","ch2kKI14PAR01","paleo1measurement1","Sr/Ca","mmol/mol","Sr/Ca",NA,FALSE,"KI14PAR01","Coral",18,-67,-7,"La Parguera, Puerto Rico","1.0.6",NA,NA,NA,NA,TRUE,201,1469,1669,200,1,200,FALSE,0,TRUE,TRUE,TRUE,TRUE,TRUE,FALSE,TRUE,TRUE,TRUE,"calibration","curator admission",TRUE,NA
"KL97DAH01_d18O","ch2kKL97DAH01","paleo1measurement1","d18O","permil","d18O",NA,FALSE,"KL97DAH01","Coral",15.7167,39.9,-4,"Dur-Ghella Island, Eritrea","1.0.6",NA,NA,NA,NA,TRUE,339,1930.5833,1993.5833,63,0.199999999999818,63,FALSE,64,TRUE,TRUE,TRUE,TRUE,TRUE,TRUE,TRUE,TRUE,TRUE,"","criteria",TRUE,NA
"KR20SAR01_d18O","ch2kKR20SAR01","paleo1measurement1","d18O","permil","d18O",NA,FALSE,"KR20SAR01","Coral",4.2922,113.8259,-8.5,"Sarawak, Malaysia","1.0.7",NA,NA,NA,NA,TRUE,409,1982.083333,2016.083333,34,0.0833330000000387,34,FALSE,34,TRUE,TRUE,TRUE,TRUE,FALSE,TRUE,TRUE,TRUE,TRUE,"length","data-poor exception",TRUE,NA
"KR20SAR01_d18O_sw","ch2kKR20SAR01","paleo1measurement2","d18O","permil","d18O",NA,FALSE,"KR20SAR01","Coral",4.2922,113.8259,-8.5,"Sarawak, Malaysia","1.0.7",NA,NA,NA,NA,TRUE,407,1982.166663,2015.999997,33.8333339999999,0.0833330000000387,33.8333339999999,FALSE,33,TRUE,TRUE,TRUE,TRUE,FALSE,TRUE,TRUE,TRUE,TRUE,"length","data-poor exception",FALSE,"within-dataset"
"KR20SAR01_SrCa","ch2kKR20SAR01","paleo1measurement1","Sr/Ca","mmol/mol","Sr/Ca",NA,FALSE,"KR20SAR01","Coral",4.2922,113.8259,-8.5,"Sarawak, Malaysia","1.0.7",NA,NA,NA,NA,TRUE,409,1982.083333,2016.083333,34,0.0833330000000387,34,FALSE,34,TRUE,TRUE,TRUE,TRUE,FALSE,TRUE,TRUE,TRUE,TRUE,"length","data-poor exception",TRUE,NA
"KU00NIN01_d18O","ch2kKU00NIN01","paleo1measurement1","d18O","permil",NA,NA,FALSE,"KU00NIN01","Coral",-21.905,113.965,-3,"Ningaloo Reef, Australia","1.0.7",NA,NA,NA,NA,TRUE,766,1878.71,1995.21,116.5,0.159999999999854,116.5,FALSE,118,TRUE,TRUE,TRUE,TRUE,TRUE,TRUE,TRUE,TRUE,TRUE,"","criteria",FALSE,"cross-dataset"
"LI00RAR01_d18O_sw","ch2kLI00RAR01","paleo1measurement1","d18O","permil","d18O",NA,FALSE,"LI00RAR01","Coral",-21.24,-159.83,-18.3,"Rarotonga, Cook Islands","1.0.7",NA,NA,NA,NA,TRUE,2431,1726.8641,1996.8641,270,0.111100000000079,270,FALSE,147,TRUE,TRUE,TRUE,TRUE,TRUE,TRUE,TRUE,TRUE,TRUE,"","criteria",TRUE,NA
"LI04FIJ01_d18O","ch2kLI04FIJ01","paleo1measurement1","d18O","permil","d18O",NA,FALSE,"LI04FIJ01","Coral",-16.82,179.23,-10,"Vanua Levu, Fiji","1.0.7",NA,NA,NA,NA,TRUE,1732,1780.945,1997.32,216.375,0.125,216.375,FALSE,148,TRUE,TRUE,TRUE,TRUE,TRUE,TRUE,TRUE,TRUE,TRUE,"","criteria",TRUE,NA
"LI04FIJ01_d18O_sw","ch2kLI04FIJ01","paleo1measurement1","d18O","permil","d18O",NA,FALSE,"LI04FIJ01","Coral",-16.82,179.23,-10,"Vanua Levu, Fiji","1.0.7",NA,NA,NA,NA,TRUE,1731,1781.07,1997.32,216.25,0.125,216.25,FALSE,148,TRUE,TRUE,TRUE,TRUE,TRUE,TRUE,TRUE,TRUE,TRUE,"","criteria",FALSE,"within-dataset"
"LI04FIJ01_SrCa","ch2kLI04FIJ01","paleo1measurement1","Sr/Ca","mmol/mol","Sr/Ca",NA,FALSE,"LI04FIJ01","Coral",-16.82,179.23,-10,"Vanua Levu, Fiji","1.0.7",NA,NA,NA,NA,TRUE,1732,1780.945,1997.32,216.375,0.125,216.375,FALSE,148,TRUE,TRUE,TRUE,TRUE,TRUE,TRUE,TRUE,TRUE,TRUE,"","criteria",TRUE,NA
"LI06FIJ01_d18O","ch2kLI06FIJ01","paleo1measurement1","d18O","permil",NA,NA,FALSE,"LI06FIJ01","Coral",-16.82,179.23,-10,"Savusavu Bay, Vanua Levu, Fiji","1.0.7",NA,NA,NA,NA,TRUE,385,1617.5,2001.5,384,1,384,FALSE,152,TRUE,TRUE,TRUE,TRUE,TRUE,TRUE,TRUE,TRUE,TRUE,"","criteria",TRUE,NA
"LI06RAR01_d18O","ch2kLI06RAR01","paleo1measurement1","d18O","permil",NA,NA,FALSE,"LI06RAR01","Coral",-21.2378,-159.8278,-18,"Rarotonga, Cook Islands","1.0.6",NA,NA,NA,NA,TRUE,744,1906.88,1999.75,92.8699999999999,0.119999999999891,92.8699999999999,FALSE,94,TRUE,TRUE,TRUE,TRUE,TRUE,TRUE,TRUE,TRUE,TRUE,"","criteria",FALSE,"cross-dataset"
"LI06RAR02_d18O","ch2kLI06RAR02","paleo1measurement1","d18O","permil",NA,NA,FALSE,"LI06RAR02","Coral",-21.2378,-159.8278,-10,"Rarotonga, Cook Islands","1.0.6",NA,NA,NA,NA,TRUE,1005,1874.68,2000.18,125.5,0.125,125.5,FALSE,127,TRUE,TRUE,TRUE,TRUE,TRUE,TRUE,TRUE,TRUE,TRUE,"","criteria",FALSE,"cross-dataset"
"LI24DON01_d18O","ch2kLI24DON01","paleo1measurement1","d18O","permil","d18O",NA,FALSE,"LI24DON01","Coral",20.62,116.7,-8.6,"Dongsha Atoll","1.0.0",NA,NA,NA,NA,TRUE,386,1952.16,2016.49,64.3299999999999,0.169999999999845,64.3299999999999,FALSE,64,TRUE,TRUE,TRUE,TRUE,TRUE,TRUE,TRUE,TRUE,TRUE,"","criteria",TRUE,NA
"LI24DON01_SrCa","ch2kLI24DON01","paleo1measurement1","Sr/Ca","mmol/mol","Sr/Ca",NA,FALSE,"LI24DON01","Coral",20.62,116.7,-8.6,"Dongsha Atoll","1.0.0",NA,NA,NA,NA,TRUE,386,1952.16,2016.49,64.3299999999999,0.169999999999845,64.3299999999999,FALSE,64,TRUE,TRUE,TRUE,TRUE,TRUE,TRUE,TRUE,TRUE,TRUE,"","criteria",TRUE,NA
"LPD09f41457","SaFQv95U9PEAXstbWq0x","paleo1measurement1","flood","count/century","stratigraphy","biophysical",FALSE,"Baldegg.Wirth.2013","LakeSediment",47.1986,8.2606,463,"Baldegg","1.0.8",1,"Fall","positive","floods",TRUE,1960,1,1960,1959,1,1959,FALSE,111,TRUE,TRUE,TRUE,TRUE,TRUE,TRUE,TRUE,TRUE,TRUE,"","criteria",TRUE,NA
"LPD0e0867fe","fYUegig785BJMl3NrZcz","paleo1measurement1","temperature","degC","alkenone","biomarker",FALSE,"Ocn-AlboranSea436B.Nieto-Moreno.2013","MarineSediment",36.2053,-4.3133,-1108,"Alboran Sea","1.0.6",1,"Annual","positive","sea@surface",TRUE,50,564.36,1999.07,1434.71,32.26,1434.71,FALSE,10,TRUE,TRUE,FALSE,FALSE,TRUE,FALSE,TRUE,TRUE,TRUE,"resolution;calibration","curator admission",TRUE,NA
"LPD0f7de818","kdosPdoUyST73BqFwtQa","paleo1measurement1","flood","count/century","stratigraphy","biophysical",FALSE,"Cadagno.Wirth.2013","LakeSediment",46.5497,8.7114,1921,"Cadagno","1.0.8",1,"Fall","positive","floods",TRUE,1960,1,1960,1959,1,1959,FALSE,111,TRUE,TRUE,TRUE,TRUE,TRUE,TRUE,TRUE,TRUE,TRUE,"","criteria",TRUE,NA
"LPD10e9f8f7","0aKTjXiLVTdaErc7kgdD","paleo1measurement1","temperature","degC","alkenone",NA,FALSE,"Ocn-MinorcaContourite.Moreno.2012","MarineSediment",40.5,4.03,-2394,"Minorca contourite","1.0.11",1,"Annual","positive","sea@surface",TRUE,85,428,1988,1560,15,1560,FALSE,9,TRUE,TRUE,FALSE,FALSE,TRUE,FALSE,TRUE,TRUE,TRUE,"resolution;calibration","curator admission",TRUE,NA
"LPD13a78f9b","vgtaExltRJ0pDi92L82P","paleo1measurement1","temperature","degC","Mg/Ca",NA,FALSE,"Ocn-EasternTropicalNorthAtlantic.Kuhnert.2011","MarineSediment",16.8402,-16.7327,-330,"Eastern tropical North Atlantic","1.0.11",1,"Jul-Dec","positive","sea@surface",TRUE,190,21,2004,1983,9,1983,FALSE,50,TRUE,TRUE,FALSE,FALSE,TRUE,TRUE,TRUE,TRUE,TRUE,"resolution","curator admission",TRUE,NA
"LPD1a0245b7","RRh3T4NCsf4MgrxhXbJq","paleo1measurement1","temperature","degC","Mg/Ca","biomarker",FALSE,"Ocn-Philippines.Stott.2007","MarineSediment",6.3,125.82,-2114,"Philippines","1.0.6",1,"Annual","positive","sea@surface",TRUE,57,646.6,1908.6,1262,16.5500000000001,1262,FALSE,9,TRUE,TRUE,FALSE,FALSE,TRUE,FALSE,TRUE,TRUE,TRUE,"resolution;calibration","curator admission",TRUE,NA
"LPD24dd89b2","AxMfZsUTBnj3jvAxk87W","paleo1measurement1","composite","percent","calcification rate",NA,FALSE,"Ocn-ImperieuseRowleyShoals.Cooper.2012","Coral",-17.5167,118.9667,-6,"Imperieuse, Rowley Shoals","1.0.8",1,"Annual","positive","sea@surface",TRUE,111,1900,2010,110,1,110,FALSE,111,TRUE,TRUE,TRUE,TRUE,TRUE,TRUE,TRUE,TRUE,TRUE,"","criteria",TRUE,NA
"LPD257214a7accr","wbPP0e5AvOAHxEJhNhaq","paleo1measurement1","accumulation","kg/m2/yr",NA,NA,FALSE,"IC00SC29","GlacierIce",76.0039,-43.492,2874,"B29","1.0.15",1,"Annual","positive","air@surface",TRUE,524,1471,1994,523,1,523,FALSE,145,TRUE,TRUE,TRUE,TRUE,TRUE,TRUE,TRUE,TRUE,TRUE,"","criteria",TRUE,NA
"LPD269de276","BERP3jmTjPs68UOCIMtb","paleo1measurement1","flood","count/century","stratigraphy","biophysical",FALSE,"Hinterburg.Wirth.2013","LakeSediment",46.7181,8.0672,1514,"Hinterburg","1.0.10",1,"Autumn","positive","floods",TRUE,1960,1,1960,1959,1,1959,FALSE,111,TRUE,TRUE,TRUE,TRUE,TRUE,TRUE,TRUE,TRUE,TRUE,"","criteria",TRUE,NA
"LPD2a3997a7","I9GSSePbSk7YkO5DKRh5","paleo1measurement1","temperature","degC","TEX86",NA,FALSE,"Ocn-WesternAntarcticPeninsula.Shevenell.2011","MarineSediment",-64.87,-64.2,-1011,"Western Antarctic Peninsula","1.0.9",1,"Sep-Nov","positive","sea@surface",TRUE,30,8,1870,1862,50,1862,FALSE,1,TRUE,TRUE,FALSE,FALSE,TRUE,FALSE,TRUE,TRUE,TRUE,"resolution;calibration","curator admission",TRUE,NA
"LPD2c11702f","yEL6ThYxFFFSCxOgrWjI","paleo1measurement1","flood","count/century","stratigraphy","biophysical",FALSE,"Seelisberg.Wirth.2013","LakeSediment",46.9583,8.5717,740,"Seelisberg","1.0.9",1,"Autumn","positive","floods",TRUE,1960,1,1960,1959,1,1959,FALSE,111,TRUE,TRUE,TRUE,TRUE,TRUE,TRUE,TRUE,TRUE,TRUE,"","criteria",TRUE,NA
"LPD30c5b95c","f13H97f2UOPQfYH4O2M2","paleo1measurement1","temperature","degC","Mg/Ca","elemental",FALSE,"Ocn-MD98-2177.Newton.2010","MarineSediment",1.4033,119.078,-968,"Makassar Strait","1.0.7",1,"Annual","positive","sea@surface",TRUE,105,160,1890,1730,13.9772720000001,1730,FALSE,4,TRUE,TRUE,FALSE,FALSE,TRUE,FALSE,TRUE,TRUE,TRUE,"resolution;calibration","curator admission",TRUE,NA
"LPD3100fe0a","PQ7krWaRMv1C6H2LPcq0","paleo1measurement1","composite","percent","calcification rate",NA,FALSE,"Ocn-CoralBayNingaloo.Cooper.2012","Coral",-23.0333,113.8167,-6,"Coral Bay, Ningaloo","1.0.7",1,"Annual","positive","sea@surface",TRUE,111,1900,2010,110,1,110,FALSE,111,TRUE,TRUE,TRUE,TRUE,TRUE,TRUE,TRUE,TRUE,TRUE,"","criteria",TRUE,NA
"LPD315357f3","9SDxMaDXFyjWdPjuKI64","paleo1measurement1","temperature","degC","d15N/d40Ar","cryophysical",FALSE,"GISP2.Kobashi.2017","GlacierIce",72.6,-38.5,3200,"GISP2","1.0.16",1,"Annual","positive","air@surface",TRUE,1993,1,1993,1992,1,1992,FALSE,144,TRUE,TRUE,TRUE,TRUE,TRUE,TRUE,TRUE,TRUE,TRUE,"","criteria",TRUE,NA
"LPD335d863f","b5gjO9TkjjEUrRtrvGwW","paleo1measurement1","RABD660670",NA,"reflectance",NA,FALSE,"Aus-DuckholeLake.Saunders.2013","LakeSediment",-43.3646,146.8749,150,"Duckhole Lake","1.0.7",1,"Annual","negative","air@surface",TRUE,404,1140.3536,2001.3208,860.9672,1.87100000000009,860.9672,FALSE,131,TRUE,TRUE,FALSE,FALSE,TRUE,TRUE,TRUE,TRUE,TRUE,"resolution","curator admission",TRUE,NA
"LPD37148702","g8SDOGTJ6C4ZLU0pbgAg","paleo1measurement1","flood","count/century","stratigraphy","biophysical",FALSE,"Garlate.Wirth.2013","LakeSediment",45.8242,9.4086,198,"Garlate","1.0.8",1,"Autumn","positive","floods",TRUE,1960,1,1960,1959,1,1959,FALSE,111,TRUE,TRUE,TRUE,TRUE,TRUE,TRUE,TRUE,TRUE,TRUE,"","criteria",TRUE,NA
"LPD378db911","Y7kBlGFYqjwnAIrAGPSd","paleo1measurement1","composite","percent","calcification rate",NA,FALSE,"Ocn-HoutmanAbrolhosIslands.Cooper.2012","Coral",-28.4667,113.7667,-6,"Houtman Abrolhos Islands","1.0.7",1,"Annual","positive","sea@surface",TRUE,111,1900,2010,110,1,110,FALSE,111,TRUE,TRUE,TRUE,TRUE,TRUE,TRUE,TRUE,TRUE,TRUE,"","criteria",TRUE,NA
"LPD384a1c52","rWV32QVG42ieRTkMVa1q","paleo1measurement1","flood","count/century","stratigraphy","biophysical",FALSE,"Ghirla.Wirth.2013","LakeSediment",45.9,8.8169,415,"Ghirla","1.0.9",1,"Autumn","positive","floods",TRUE,1960,1,1960,1959,1,1959,FALSE,111,TRUE,TRUE,TRUE,TRUE,TRUE,TRUE,TRUE,TRUE,TRUE,"","criteria",TRUE,NA
"LPD3c79f260","Tan7bTVmglkgu2XlEZ8j","paleo1measurement1","flood","count/century","stratigraphy","biophysical",FALSE,"Alzasca.Wirth.2013","LakeSediment",46.2667,8.5872,1855,"Alzasca","1.0.9",1,"Fall","positive","floods",TRUE,1960,1,1960,1959,1,1959,FALSE,111,TRUE,TRUE,TRUE,TRUE,TRUE,TRUE,TRUE,TRUE,TRUE,"","criteria",TRUE,NA
"LPD3eabac7b1","JRvYhaaOrdWCjlQI8WrH","paleo1measurement1","accumulation","kg/m2/yr",NA,NA,FALSE,"IC16WE22","GlacierIce",79.3414,-45.9116,2242,"B22","1.0.15",1,"Annual","positive","air@surface",TRUE,622,1372,1993,621,1,621,FALSE,144,TRUE,TRUE,TRUE,TRUE,TRUE,TRUE,TRUE,TRUE,TRUE,"","criteria",TRUE,NA
"LPD44b374e7","hu8LqiYrymV5Kvh1ToAX","paleo1measurement1","temperature","degC","alkenone","biomarker",FALSE,"Ocn-SouthChinaSea.Zhao.2006","MarineSediment",8.73,109.869,-1598,"South China Sea","1.0.9",1,"Annual","positive","sea@surface",TRUE,38,37.42,992.55,955.13,25.9300000000001,955.13,FALSE,0,TRUE,TRUE,FALSE,FALSE,TRUE,FALSE,TRUE,TRUE,TRUE,"resolution;calibration","curator admission",TRUE,NA
"LPD47182517","IVVTVphliHduuTjQhlTM","paleo1measurement1","temperature","degC","Mg/Ca","elemental",FALSE,"Ocn-FeniDrift.Richter.2009","MarineSediment",55.5,-13.9,-2543,"Feni Drift","1.0.9",1,"Apr-Jul","positive","sea@surface",TRUE,94,1,1998,1997,19,1997,FALSE,11,TRUE,TRUE,FALSE,FALSE,TRUE,FALSE,TRUE,TRUE,TRUE,"resolution;calibration","curator admission",TRUE,NA
"LPD4c60df181","nSX0Eb4pXOrNg1dfLbQH","paleo1measurement1","accumulation","kg/m2/yr",NA,NA,FALSE,"IC16WE19","GlacierIce",78.0006,-36.3978,2234,"B19","1.0.15",1,"Annual","positive","air@surface",TRUE,1201,753,1953,1200,1,1200,FALSE,104,TRUE,TRUE,TRUE,TRUE,TRUE,TRUE,TRUE,TRUE,TRUE,"","criteria",TRUE,NA
"LPD53e179ad","iFzeKMTMTLOqiw0WCxlc","paleo2measurement1","temperature","degC","TEX86","biomarker",FALSE,"Afr-P178-15P.Tierney.2015","MarineSediment",11.955,44.3,-869,"P178-15P","1.0.8",1,"Annual","positive","sea@surface",TRUE,106,131,1980,1849,14.5,1849,FALSE,16,TRUE,TRUE,FALSE,FALSE,TRUE,FALSE,TRUE,TRUE,TRUE,"resolution;calibration","curator admission",TRUE,NA
"LPD55779927accr","AqZnxntnDcACVNpwEeBq","paleo1measurement1","accumulation","kg/m2/yr",NA,NA,FALSE,"IC16WE27","GlacierIce",76.6594,-46.4837,2733,"B27","1.0.15",1,"Annual","positive","air@surface",TRUE,800,1195,1994,799,1,799,FALSE,145,TRUE,TRUE,TRUE,TRUE,TRUE,TRUE,TRUE,TRUE,TRUE,"","criteria",TRUE,NA
"LPD572f7cc3","Gp1wr67LDcEHmn1RqfEr","paleo1measurement1","temperature","degC","Mg/Ca","elemental",FALSE,"Ocn-PigmyBasin.Richey.2015","MarineSediment",27.2,-91.42,-2259,"Pigmy Basin, Gulf of Mexico box core PBBC-1","1.0.9",1,"Annual","positive","sea@surface",TRUE,100,593.37,1900.67,1307.3,12.3300000000002,1307.3,FALSE,5,TRUE,TRUE,FALSE,FALSE,TRUE,FALSE,TRUE,TRUE,TRUE,"resolution;calibration","curator admission",TRUE,NA
"LPD57d40973","zk0XZzn2ZiAqlHK8LgiO","paleo1measurement1","temperature","degC","Mg/Ca","elemental",FALSE,"Ocn-FiskBasin.Richey.2009","MarineSediment",27.55,-93.93,-817,"Fisk Basin, Gulf of Mexico","1.0.9",1,"Annual","positive","sea@surface",TRUE,40,1216.8,1950,733.2,18.8,733.2,FALSE,6,TRUE,TRUE,FALSE,FALSE,TRUE,FALSE,TRUE,TRUE,TRUE,"resolution;calibration","curator admission",TRUE,NA
"LPD6315f935","x4LnvIvrP1M3uIPmFt7z","paleo1measurement1","temperature","degC","alkenone","biomarker",FALSE,"Ocn-JacafFjord.Sepulveda.2009","MarineSediment",-44.33,-72.97,-510,"Jacaf Fjord","1.0.9",1,"Sep-Nov","positive","sea@surface",TRUE,63,211.87,1784.11,1572.24,24.27,1572.24,FALSE,0,TRUE,TRUE,FALSE,FALSE,TRUE,FALSE,TRUE,TRUE,TRUE,"resolution;calibration","curator admission",TRUE,NA
"LPD66bfd9f9accr","bo8jonsVqKFI6CgyqN6F","paleo1measurement1","accumulation","kg/m2/yr",NA,NA,FALSE,"IC16WE23","GlacierIce",78,-44,2543,"B23","1.0.15",1,"Annual","positive","air@surface",TRUE,971,1023,1993,970,1,970,FALSE,144,TRUE,TRUE,TRUE,TRUE,TRUE,TRUE,TRUE,TRUE,TRUE,"","criteria",TRUE,NA
"LPD68872399","VUIkWLB42tFB15p6P0WH","paleo1measurement1","temperature","degC","alkenone",NA,FALSE,"Ocn-EmeraldBasin.Keigwin.2007","MarineSediment",43.53,-62.48,-250,"Emerald Basin, Nova Scotia","1.0.9",1,"Annual","positive","sea@surface",TRUE,15,400,1950,1550,110,1550,FALSE,1,TRUE,TRUE,FALSE,FALSE,TRUE,FALSE,TRUE,TRUE,TRUE,"resolution;calibration","curator admission",TRUE,NA
"LPD78d0b77c","g1JZBnb0VGBbNW3Q4UQY","paleo1measurement1","temperature","degC","d15N/d40Ar","other ice",FALSE,"GISP2.Kobashi.2012","GlacierIce",70.6,-38.5,3200,"GISP2","1.0.14",1,"Annual","positive","air@surface",TRUE,1993,1,1993,1992,1,1992,FALSE,144,TRUE,TRUE,TRUE,TRUE,TRUE,TRUE,TRUE,TRUE,TRUE,"","criteria",TRUE,NA
"LPD7abab671","n8LLCEGjSUrECQkBygNJ","paleo1measurement1","temperature","degC","borehole","borehole",FALSE,"Ant-DSS.DahlJensen.1999","Borehole",-66.77,112.807,1370,"DSS","1.0.5",1,"Annual","positive","ice@surface",TRUE,25,124,1995,1871,47.5,1871,FALSE,9,TRUE,TRUE,FALSE,FALSE,TRUE,FALSE,TRUE,TRUE,TRUE,"resolution;calibration","curator admission",TRUE,NA
"LPD7c7e19c5","kvfuw9o3bPrJpjmi5HzS","paleo1measurement1","temperature","degC","Mg/Ca","elemental",FALSE,"Ocn-GreatBahamaBank.Lund.2006","MarineSediment",24.765,-79.29,-694,"Great Bahama bank, 125MC","1.1.1",1,"Annual","positive","sea@surface",TRUE,28,590,1950,1360,34.12,1360,FALSE,2,TRUE,TRUE,FALSE,FALSE,TRUE,FALSE,TRUE,TRUE,TRUE,"resolution;calibration","curator admission",TRUE,NA
"LPD7e8e8eaa","lCJZ79qqqR7VRGLhRGLc","paleo1measurement1","temperature","degC","Mg/Ca","elemental",FALSE,"Ocn-MD98-2160.Newton.2010","MarineSediment",-5.2012,117.4867,-1185,"Makassar Strait","1.0.6",1,"Annual","positive","sea@surface",TRUE,169,6,1815,1809,8,1809,FALSE,0,TRUE,TRUE,FALSE,FALSE,TRUE,FALSE,TRUE,TRUE,TRUE,"resolution;calibration","curator admission",TRUE,NA
"LPD81e53153","iFzeKMTMTLOqiw0WCxlc","paleo1measurement1","temperature","degC","TEX86",NA,FALSE,"Afr-P178-15P.Tierney.2015","MarineSediment",11.955,44.3,-869,"P178-15P","1.0.8",1,"Annual","positive","sea@surface",TRUE,46,1628,2000,372,9,372,FALSE,24,TRUE,TRUE,FALSE,FALSE,TRUE,FALSE,TRUE,TRUE,TRUE,"resolution;calibration","curator admission",TRUE,NA
"LPD84ab67b9","eOlD6N5fs6stvrzio8rR","paleo1measurement1","temperature","degC","alkenone","biomarker",FALSE,"Ocn-CapeGhir.McGregor.2007","MarineSediment",30.845,-10.0983,-355,"Cape Ghir, NW Africa","1.0.7",1,"Annual","positive","sea@surface",TRUE,188,30,1998,1968,12,1968,FALSE,50,TRUE,TRUE,FALSE,FALSE,TRUE,TRUE,TRUE,TRUE,TRUE,"resolution","curator admission",TRUE,NA
"LPD8bd4e07e","nlZLowi2AqBuv0Gp46th","paleo1measurement1","composite","percent","calcification rate",NA,FALSE,"Ocn-TantabiddiReefNingaloo.Cooper.2012","Coral",-21.9,113.9667,-6,"Tantabiddi reef, Ningaloo","1.0.8",1,"Annual","positive","sea@surface",TRUE,111,1900,2010,110,1,110,FALSE,111,TRUE,TRUE,TRUE,TRUE,TRUE,TRUE,TRUE,TRUE,TRUE,"","criteria",TRUE,NA
"LPD8d84bf64","TN7KhAM6yikvfhxMF9m1","paleo1measurement1","temperature","degC","ring width","dendrophysical",FALSE,"GreatBasin.Salzer.2014","Wood",38,-116.5,0,"Great Basin","1.0.13",1,"Jul-Sep","positive","air@surface",TRUE,2006,1,2006,2005,1,2005,FALSE,157,TRUE,TRUE,TRUE,TRUE,TRUE,TRUE,TRUE,TRUE,TRUE,"","criteria",TRUE,NA
"LPD91196716","tk1GLXphCpn8J4qPkVDA","paleo2measurement1","titanium","unitless","Ti","elemental",FALSE,"LagunaDeJuanacatlan.Jones.2015","LakeSediment",20.6293,-104.7364,2000,"Laguna de Juanacatlan","1.0.17",1,"Annual","positive","runoff@surface",TRUE,1900,1,1900,1899,1,1899,FALSE,51,TRUE,TRUE,TRUE,TRUE,TRUE,TRUE,TRUE,TRUE,TRUE,"","criteria",FALSE,"within-dataset"
"LPD995c6f3c","BS7XgI1OSZrHWHMRy5WG","paleo1measurement1","temperature","degC","dinocyst","faunal assemblage",FALSE,"Ocn-WestSpitzberg.Bonnet.2010","MarineSediment",78.96,5.885,-1497,"West Spitzberg, Fram Strait","1.0.8",1,"Annual","positive","sea@surface",TRUE,45,49,1943,1894,40,1894,FALSE,6,TRUE,TRUE,FALSE,FALSE,TRUE,FALSE,TRUE,TRUE,TRUE,"resolution;calibration","curator admission",TRUE,NA
"LPD9cc3baf6-dup","8DrQKrJeEANJeVRmqwSv","paleo1measurement1","temperature","degC","Mg/Ca","elemental",FALSE,"Ocn-GulfofGuinea.Weldeab.2007","MarineSediment",2.5,9.38,-1295,"Gulf of Guinea","1.0.10",1,"Annual","positive","sea@surface",TRUE,45,40,1590,1550,30,1550,FALSE,0,TRUE,TRUE,FALSE,FALSE,TRUE,FALSE,TRUE,TRUE,TRUE,"resolution;calibration","curator admission",TRUE,NA
"LPDa03ec713","BPY3XE3VHdVMs5Tt5tWV","paleo1measurement1","temperature","degC","Mg/Ca","elemental",FALSE,"Ocn-CH07-98-MC-22.Saenger.2011","MarineSediment",32.784,-76.276,-1895,"CH07-98-MC-22, Carolina Slope, western North Atlantic","1.1.1",1,"Annual","positive","sea@surface",TRUE,17,250,1850,1600,100,1600,FALSE,1,TRUE,TRUE,FALSE,FALSE,TRUE,FALSE,TRUE,TRUE,TRUE,"resolution;calibration","curator admission",TRUE,NA
"LPDa4fe7b7faccr","cAY7mhrGgtubsRtvIQ25","paleo1measurement1","accumulation","kg/m2/yr",NA,NA,FALSE,"IC16WE30","GlacierIce",75.0016,-42.0004,2947,"B30","1.0.15",1,"Annual","positive","air@surface",TRUE,747,1242,1988,746,1,746,FALSE,139,TRUE,TRUE,TRUE,TRUE,TRUE,TRUE,TRUE,TRUE,TRUE,"","criteria",TRUE,NA
"LPDa77273bb","XxSv0OeDCYmffRYsQN3o","paleo1measurement1","temperature","degC","alkenone",NA,FALSE,"Ocn-SouthAtlanticWestAfrica.Leduc.2010","MarineSediment",-29.14,16.72,-97,"South Atlantic, West Africa","1.0.11",1,"Annual","positive","sea@surface",TRUE,54,705,1938,1233,20,1233,FALSE,5,TRUE,TRUE,FALSE,FALSE,TRUE,FALSE,TRUE,TRUE,TRUE,"resolution;calibration","curator admission",TRUE,NA
"LPDaa786707","dUS8C7vwy67mYlS15C2a","paleo1measurement1","composite","percent","calcification rate",NA,FALSE,"Ocn-BundegireefNingaloo.Cooper.2012","Coral",-21.8333,114.1833,-6,"Bundegi reef, Ningaloo","1.0.8",1,"Annual","positive","sea@surface",TRUE,109,1900,2008,108,1,108,FALSE,109,TRUE,TRUE,TRUE,TRUE,TRUE,TRUE,TRUE,TRUE,TRUE,"","criteria",TRUE,NA
"LPDab7f1e85","i4fqnUU7VjQURb83thdQ","paleo1measurement1","flood","count/century","stratigraphy","biophysical",FALSE,"Iffig.Wirth.2013","LakeSediment",46.3867,7.4067,2065,"Iffig","1.0.10",1,"Autumn","positive","floods",TRUE,1960,1,1960,1959,1,1959,FALSE,111,TRUE,TRUE,TRUE,TRUE,TRUE,TRUE,TRUE,TRUE,TRUE,"","criteria",TRUE,NA
"LPDasan2012","zhM4sjrT10A4rwFW3koy","paleo1measurement1","temperature","degC","alkenone","biomarker",FALSE,"Ocn-AlboranSea384B.Nieto-Moreno.2013","MarineSediment",35.986,-4.7496,-1022,"Alboran Sea","1.0.8",1,"Annual","positive","sea@surface",TRUE,38,980,2005,1025,33,1025,FALSE,11,TRUE,TRUE,FALSE,FALSE,TRUE,FALSE,TRUE,TRUE,TRUE,"resolution;calibration","curator admission",TRUE,NA
"LPDb17a5e9e-dup","2KyS7ZIHZdX6MVMAqycc","paleo1measurement1","temperature","degC","Mg/Ca",NA,FALSE,"Ocn-RAPiD-12-1K.Thornalley.2009","MarineSediment",62.08,-17.82,-1938,"RAPiD-12-1K, South Iceland Rise, northeast North Atlantic","1.0.9",1,"May-Jul","positive","sea@surface",TRUE,16,153.5,1251.78,1098.28,73.22,1098.28,FALSE,0,TRUE,TRUE,FALSE,FALSE,TRUE,FALSE,TRUE,TRUE,TRUE,"resolution;calibration","curator admission",TRUE,NA
"LPDb7ba9166","3K6CJrZA3AzOYnrDlY0I","paleo1measurement1","temperature","degC","alkenone",NA,FALSE,"Ocn-TagusMudPatch.Abrantes.2005","MarineSediment",38.556,-9.3498,-96,"Tagus mud patch, southern portuguese margin, North Atlantic","1.0.11",1,"Oct-Apr","positive","sea@surface",TRUE,156,74,2001,1927,3,1927,FALSE,69,TRUE,TRUE,FALSE,FALSE,TRUE,TRUE,TRUE,TRUE,TRUE,"resolution","curator admission",TRUE,NA
"LPDb9285123","5oHqINxYpL0XCaLcIjhR","paleo1measurement1","temperature","degC","borehole",NA,FALSE,"Ant-WAIS-Divide.Severinghaus.2012","Borehole",-79.463,-112.125,1766,"WAIS-Divide","1.0.6",1,"Annual","positive","ice@surface",TRUE,2000,8,2007,1999,1,1999,FALSE,158,TRUE,TRUE,TRUE,TRUE,TRUE,TRUE,TRUE,TRUE,TRUE,"","criteria",TRUE,NA
"LPDbd07f717","7ioqb5LHjkmCLgO5cGG4","paleo1measurement1","temperature","degC","Mg/Ca","elemental",FALSE,"Ocn-ODP984.Came.2007","MarineSediment",61.43,-24.085,-1648,"ODP984","1.0.8",1,"Annual","positive","sea@surface",TRUE,15,152,1396,1244,58,1244,FALSE,0,TRUE,TRUE,FALSE,FALSE,TRUE,FALSE,TRUE,TRUE,TRUE,"resolution;calibration","curator admission",TRUE,NA
"LPDcda1c277","EATCVYK7twA9HRuMe3kd","paleo1measurement1","temperature","degC","Mg/Ca","elemental",FALSE,"Ocn-CariacoBasin.Lea.2003","MarineSediment",10.7,-64.94,-790,"Cariaco Basin/Southern Caribbean Sea","1.0.9",1,"Annual","positive","sea@surface",TRUE,11,132,1399,1267,145,1267,FALSE,0,TRUE,TRUE,FALSE,FALSE,TRUE,FALSE,TRUE,TRUE,TRUE,"resolution;calibration","curator admission",TRUE,NA
"LPDdc74a376","ISKmfv8TRD8gugEou5QH","paleo1measurement1","temperature","degC","alkenone","biomarker",FALSE,"Asi-SihailongwaLake.Chu.2011","LakeSediment",42.17,126.36,1000,"Sihailongwa lake","1.0.9",1,"Growing Season","positive","lake@surface",TRUE,93,391.8,1984,1592.2,19.25,1592.2,FALSE,15,TRUE,TRUE,FALSE,FALSE,TRUE,FALSE,TRUE,TRUE,TRUE,"resolution;calibration","curator admission",TRUE,NA
"LPDe11c862a","tk1GLXphCpn8J4qPkVDA","paleo1measurement1","titanium","peak area","Ti","mineral",FALSE,"LagunaDeJuanacatlan.Jones.2015","LakeSediment",20.6293,-104.7364,2000,"Laguna de Juanacatlan","1.0.17",1,"Annual","positive","monsoon",TRUE,2001,1,2001,2000,1,2000,FALSE,152,TRUE,TRUE,TRUE,TRUE,TRUE,TRUE,TRUE,TRUE,TRUE,"","criteria",TRUE,NA
"LPDe1fb72db-dup","4T0Dpc9xprZ1D4wFxSV8","paleo1measurement1","composite","percent","calcification rate",NA,FALSE,"Ocn-ClerkeReefRowleyShoals.Cooper.2012","Coral",-17.2667,119.3667,-6,"Clerke Reef, Rowley Shoals","1.0.9",1,"Annual","positive","sea@surface",TRUE,111,1900,2010,110,1,110,FALSE,111,TRUE,TRUE,TRUE,TRUE,TRUE,TRUE,TRUE,TRUE,TRUE,"","criteria",TRUE,NA
"LPDe3fb7422","p2QEv5XFKTanUcOh4tl5","paleo1measurement1","flood","count/century","stratigraphy","biophysical",FALSE,"Grimsel.Wirth.2013","LakeSediment",46.5697,8.3275,1908,"Grimsel","1.0.10",1,"Autumn","positive","floods",TRUE,1880,1,1880,1879,1,1879,FALSE,31,TRUE,TRUE,TRUE,TRUE,TRUE,TRUE,TRUE,TRUE,TRUE,"","criteria",TRUE,NA
"LPDe51d17e8","cwln40BWcNkJLyDf04vq","paleo1measurement1","temperature","degC","Mg/Ca","elemental",FALSE,"Ocn-CariacoBasin.Black.2007","MarineSediment",10.77,-64.77,-450,"Cariaco Basin","1.0.10",1,"Mar-May","positive","sea@surface",TRUE,566,1221.041513,1990,768.958487,1.47969899999998,768.958487,FALSE,120,TRUE,TRUE,FALSE,FALSE,TRUE,TRUE,TRUE,TRUE,TRUE,"resolution","curator admission",TRUE,NA
"LPDe8a65ebd","LhI2nzQBJmt45XnPYaXC","paleo1measurement1","flood","count/century","stratigraphy","biophysical",FALSE,"Faelen.Wirth.2013","LakeSediment",47.2517,9.4167,1446,"Faelen","1.0.10",1,"Autumn","positive","floods",TRUE,1960,1,1960,1959,1,1959,FALSE,111,TRUE,TRUE,TRUE,TRUE,TRUE,TRUE,TRUE,TRUE,TRUE,"","criteria",TRUE,NA
"LPDe9990afe","pcp5Bm6zGyDgMB7Y4TmJ","paleo1measurement1","flood","count/century","stratigraphy","biophysical",FALSE,"Ledro.Wirth.2013","LakeSediment",45.8767,10.7506,655,"Ledro","1.0.10",1,"Autumn","positive","floods",TRUE,1960,1,1960,1959,1,1959,FALSE,111,TRUE,TRUE,TRUE,TRUE,TRUE,TRUE,TRUE,TRUE,TRUE,"","criteria",TRUE,NA
"LPDecfd497c","G6jjC3eY37BpZ9Q9QrUH","paleo1measurement1","flood","count/century","stratigraphy","biophysical",FALSE,"Glattalp.Wirth.2013","LakeSediment",46.9194,8.9036,1850,"Glattalp","1.0.9",1,"Autumn","positive","floods",TRUE,1960,1,1960,1959,1,1959,FALSE,111,TRUE,TRUE,TRUE,TRUE,TRUE,TRUE,TRUE,TRUE,TRUE,"","criteria",TRUE,NA
"LPDefb3d2b0","aPi4FnxHT5pPhd7Fie2z","paleo1measurement1","temperature","degC","Mg/Ca","elemental",FALSE,"Ocn-GreatBahamaBank.Richter.2006","MarineSediment",24.58,-79.26,-531,"Great Bahama Bank","1.1.1",1,"Annual","positive","sea@surface",TRUE,37,1065,1950,885,25.68,885,FALSE,5,TRUE,TRUE,FALSE,FALSE,TRUE,FALSE,TRUE,TRUE,TRUE,"resolution;calibration","curator admission",TRUE,NA
"LPDf7bace53","A6cGZ3oNoRhBubgKYci0","paleo1measurement1","temperature","degC","Mg/Ca","elemental",FALSE,"Ocn-DryTortugas.Lund.2006","MarineSediment",24.59,-83.58,-530,"Dry Tortugas","1.0.8",1,"Annual","positive","sea@surface",TRUE,59,658.84,1949,1290.16,22.4199999999998,1290.16,FALSE,1,TRUE,TRUE,FALSE,FALSE,TRUE,FALSE,TRUE,TRUE,TRUE,"resolution;calibration","curator admission",TRUE,NA
"LPDfa3887f9","uQzyIU0sLQKFkG3MGOU5","paleo1measurement1","flood","count/century","stratigraphy","biophysical",FALSE,"LakeHintererSchwendisee.Wirth.2013","LakeSediment",47.185,9.3289,1159,"Lake Hinterer Schwendisee","1.0.10",1,"Autumn","positive","floods",TRUE,1960,1,1960,1959,1,1959,FALSE,111,TRUE,TRUE,TRUE,TRUE,TRUE,TRUE,TRUE,TRUE,TRUE,"","criteria",TRUE,NA
"LS06JONA01a","CbdSgVTeD8IJk8TrcLFWiso","paleo1measurement1","d18O","permil",NA,NA,FALSE,"LS06JONA","LakeSediment",38.34,34.46,1363,"Lake Nar","1.0.7",1,NA,"positive","Indian Monsoon Strength",TRUE,1065,276,2001,1725,1,1725,FALSE,147,TRUE,TRUE,TRUE,TRUE,TRUE,TRUE,TRUE,TRUE,TRUE,"","criteria",FALSE,"cross-dataset"
"MA08DTO01_d18O","ch2kMA08DTO01","paleo1measurement1","d18O","permil","d18O",NA,FALSE,"MA08DTO01","Coral",24.6167,-82.8667,NA,"Dry Tortugas, Florida, USA","1.0.7",NA,NA,NA,NA,TRUE,425,1900.083,1993.417,93.3339999999998,0.166999999999916,93.3339999999998,FALSE,73,TRUE,TRUE,TRUE,TRUE,TRUE,TRUE,TRUE,TRUE,TRUE,"","criteria",TRUE,NA
"MA08DTO01_SrCa","ch2kMA08DTO01","paleo1measurement1","Sr/Ca","mmol/mol","Sr/Ca",NA,FALSE,"MA08DTO01","Coral",24.6167,-82.8667,NA,"Dry Tortugas, Florida, USA","1.0.7",NA,NA,NA,NA,TRUE,561,1900.083,1993.417,93.3339999999998,0.166999999999916,93.3339999999998,FALSE,94,TRUE,TRUE,TRUE,TRUE,TRUE,TRUE,TRUE,TRUE,TRUE,"","criteria",TRUE,NA
"Malawi05","F6EDe18nenYu2W8jWLnC","paleo1measurement1","temperature","degC","TEX86","biomarker",FALSE,"Afr-LakeMalawi.Powers.2011","LakeSediment",-10.0033,34.2883,477,"Lake Malawi","1.0.11",1,"Annual","positive","lake@surface",TRUE,36,1283,1996,713,18,713,FALSE,11,TRUE,TRUE,FALSE,FALSE,TRUE,FALSE,TRUE,TRUE,TRUE,"resolution;calibration","curator admission",TRUE,NA
"MC04PNG01_d18O","ch2kMC04PNG01","paleo1measurement1","d18O","permil","d18O",NA,FALSE,"MC04PNG01","Coral",-3.4118,143.637,-5.5,"Muschu Island, Papua New Guinea","1.0.7",NA,NA,NA,NA,TRUE,86,1910,1997,87,1,87,FALSE,86,TRUE,TRUE,TRUE,TRUE,TRUE,TRUE,TRUE,TRUE,TRUE,"","criteria",TRUE,NA
"missRBzFpFOpCHM1hoCOd","iKPzOgCVDjKMID2tufYE","paleo1measurement1","PDSI","unitless","tree-ring width",NA,FALSE,"CentralMexico.Sthale.2011","Wood",20.35,-100.116,1970,"Barranca de Amealco","1.0.5",1,"Jun-Sep","Positive","seasonal",TRUE,1238,771,2008,1237,1,1237,FALSE,159,TRUE,TRUE,TRUE,TRUE,TRUE,TRUE,TRUE,TRUE,TRUE,"","criteria",TRUE,NA
"MO06PED01_d18O","ch2kMO06PED01","paleo1measurement1","d18O","permil","d18O",NA,FALSE,"MO06PED01","Coral",16.76,-22.89,-5,"Pedra de Lume, Sal Island","1.0.7",NA,NA,NA,NA,TRUE,880,1928.96,2002.21,73.25,0.0799999999999272,73.25,FALSE,75,TRUE,TRUE,TRUE,TRUE,TRUE,TRUE,TRUE,TRUE,TRUE,"","criteria",FALSE,"cross-dataset"
"MU17DOA01_d18O","ch2kMU17DOA01","paleo1measurement1","d18O","permil","d18O",NA,FALSE,"MU17DOA01","Coral",-5.382,117.914,-5,"Doangdoangan Besar, Indonesia","1.0.7",NA,NA,NA,NA,TRUE,505,1926.95,2010.94,83.99,0.169999999999845,83.99,FALSE,85,TRUE,TRUE,TRUE,TRUE,TRUE,TRUE,TRUE,TRUE,TRUE,"","criteria",TRUE,NA
"MU18GSI01_d18O","ch2kMU18GSI01","paleo1measurement1","d18O","permil","d18O",NA,FALSE,"MU18GSI01","Coral",-8.38,115.71,-10,"Gili Selang, Bali, Indonesia","1.0.6",NA,NA,NA,NA,TRUE,875,1905.04,2016.33,111.29,0.159999999999854,111.29,FALSE,111,TRUE,TRUE,TRUE,TRUE,TRUE,TRUE,TRUE,TRUE,TRUE,"","criteria",TRUE,NA
"MU18GSI01_SrCa","ch2kMU18GSI01","paleo1measurement2","Sr/Ca","mmol/mol","Sr/Ca",NA,FALSE,"MU18GSI01","Coral",-8.38,115.71,-10,"Gili Selang, Bali, Indonesia","1.0.6",NA,NA,NA,NA,TRUE,1296,1908.333333,2016.25,107.916667,0.0833330000000387,107.916667,FALSE,108,TRUE,TRUE,TRUE,TRUE,TRUE,TRUE,TRUE,TRUE,TRUE,"","criteria",TRUE,NA
"MU18NPI01_d18O","ch2kMU18NPI01","paleo1measurement1","d18O","permil","d18O",NA,FALSE,"MU18NPI01","Coral",-8.67,115.51,-5,"Nusa Penida, Indonesia","1.0.6",NA,NA,NA,NA,TRUE,1418,1824.04,2016.25,192.21,0.159999999999854,192.21,FALSE,166,TRUE,TRUE,TRUE,TRUE,TRUE,TRUE,TRUE,TRUE,TRUE,"","criteria",TRUE,NA
"MU18NPI01_SrCa","ch2kMU18NPI01","paleo1measurement2","Sr/Ca","mmol/mol","Sr/Ca",NA,FALSE,"MU18NPI01","Coral",-8.67,115.51,-5,"Nusa Penida, Indonesia","1.0.6",NA,NA,NA,NA,TRUE,2095,1839,2016.25,177.25,0.0833330000000387,177.25,FALSE,164,TRUE,TRUE,TRUE,TRUE,TRUE,TRUE,TRUE,TRUE,TRUE,"","criteria",TRUE,NA
"MU18RED04_SrCa_annual","ch2kMU18RED04","paleo1measurement2","Sr/Ca","mmol/mol","Sr/Ca",NA,FALSE,"MU18RED04","Coral",21.78,38.83,-5,"Coral Gardens, Red Sea","1.0.6",NA,NA,NA,NA,TRUE,234,1771,2008,237,1,237,FALSE,157,TRUE,TRUE,TRUE,TRUE,TRUE,TRUE,TRUE,TRUE,TRUE,"","criteria",TRUE,NA
"NA09MAL01_d18O","ch2kNA09MAL01","paleo1measurement1","d18O","permil","d18O",NA,FALSE,"NA09MAL01","Coral",-3.2,40.1,-0.5,"Malindi Marine Park, Kenya","1.0.7",NA,NA,NA,NA,TRUE,1388,1886.96,2002.71,115.75,0.0799999999999272,115.75,FALSE,117,TRUE,TRUE,TRUE,TRUE,TRUE,TRUE,TRUE,TRUE,TRUE,"","criteria",TRUE,NA
"NAm_004","XAKQQG0kRtG4dyqdaMHn","paleo1measurement1","trsgi","unitless","ring width","dendrophysical",FALSE,"NAm-CarltonRidge.Kipfmuller.2008","Wood",46.7,-114.2,2614,"Carlton Ridge","1.0.8",1,"Annual","positive","air@surface",TRUE,849,1150,1998,848,1,848,FALSE,149,TRUE,TRUE,TRUE,TRUE,TRUE,TRUE,TRUE,TRUE,TRUE,"","criteria",TRUE,NA
"NAm_016","kJ8NSKzkuWsMfCYwH4Bc","paleo1measurement1","trsgi","unitless","ring width","dendrophysical",FALSE,"NAm-FremontGlacier.Hill.0","Wood",43,-109.6,3292,"Fremont Glacier","1.0.8",1,"Annual","positive","air@surface",TRUE,775,1227,2001,774,1,774,FALSE,152,TRUE,TRUE,TRUE,TRUE,TRUE,TRUE,TRUE,TRUE,TRUE,"","criteria",TRUE,NA
"NAm_028","zXs8PjuE6mAXsCA1LzBq","paleo1measurement1","trsgi","unitless","ring width","dendrophysical",FALSE,"NAm-GreatBasin.Salzer.2013","Wood",37,-116.5,700,"Great Basin 4500yr Composite Chronology","1.0.8",1,"Summer","positive","air@surface",TRUE,2009,1,2009,2008,1,2008,FALSE,160,TRUE,TRUE,TRUE,TRUE,TRUE,TRUE,TRUE,TRUE,TRUE,"","criteria",TRUE,NA
"NAm_040","wkHPN9AdocgBgZspVdo8","paleo1measurement1","trsgi","unitless","ring width","dendrophysical",FALSE,"NAm-SanFrancisoPeaksUpdate.Graybill.2005","Wood",35.3,-111.4,3535,"San Franciso Peaks Update","1.0.8",1,"Summer","positive","air@surface",TRUE,2002,1,2002,2001,1,2001,FALSE,153,TRUE,TRUE,TRUE,TRUE,TRUE,TRUE,TRUE,TRUE,TRUE,"","criteria",TRUE,NA
"NAm_052","FO2emDqoLPoia57F3fTE","paleo1measurement1","trsgi","unitless","ring width","dendrophysical",FALSE,"NAm-SiberianOutpostView.Bunn.2010","Wood",36.5,-118.3,3500,"Siberian Outpost View","1.0.8",1,"Annual","positive","air@surface",TRUE,1508,494,2001,1507,1,1507,FALSE,152,TRUE,TRUE,TRUE,TRUE,TRUE,TRUE,TRUE,TRUE,TRUE,"","criteria",TRUE,NA
"NAm_064","MXjCxsjN0QR98fM21j6h","paleo1measurement1","trsgi","unitless","ring width","dendrophysical",FALSE,"NAm-HerringAlpine.Fritts.1995","Wood",60.4,-147.8,275,"Herring Alpine","1.0.8",1,"Summer","positive","air@surface",TRUE,551,1422,1972,550,1,550,FALSE,123,TRUE,TRUE,TRUE,TRUE,TRUE,TRUE,TRUE,TRUE,TRUE,"","criteria",TRUE,NA
"NAm_088","Ej1ThcgrQBZ1AJAcRD55","paleo2measurement1","MXD",NA,"maximum latewood density","dendrophysical",FALSE,"NAm-DenaliNationalPark.Schweingruber.1996","Wood",63.7,-149.6,750,"Denali National Park","1.0.8",1,"Summer","positive","air@surface",TRUE,433,1551,1983,432,1,432,FALSE,134,TRUE,TRUE,TRUE,TRUE,TRUE,TRUE,TRUE,TRUE,TRUE,"","criteria",TRUE,NA
"NAm_1012","gZI9MLRaHoLumTaWfqyB","paleo1measurement1","trsgi","unitless","ring width","dendrophysical",FALSE,"NAm-LacRomanel.Schweingruber.1996","Wood",56.2,-67.7,1000,"Lac Romanel (Feucht)","1.0.8",1,"Summer","positive","air@surface",TRUE,330,1659,1988,329,1,329,FALSE,139,TRUE,TRUE,TRUE,TRUE,TRUE,TRUE,TRUE,TRUE,TRUE,"","criteria",TRUE,NA
"NAm_1024","gZI9MLRaHoLumTaWfqyB","paleo2measurement1","MXD",NA,"maximum latewood density","dendrophysical",FALSE,"NAm-LacRomanel.Schweingruber.1996","Wood",56.2,-67.7,1000,"Lac Romanel (Feucht)","1.0.8",1,"Summer","positive","air@surface",TRUE,330,1659,1988,329,1,329,FALSE,139,TRUE,TRUE,TRUE,TRUE,TRUE,TRUE,TRUE,TRUE,TRUE,"","criteria",TRUE,NA
"NAm_1072","8ppaSHq1ez3FXkIhTX39","paleo2measurement1","MXD",NA,"maximum latewood density","dendrophysical",FALSE,"NAm-DonJekRiverBridge.Schweingruber.1996","Wood",61.7,-139.7,750,"Don Jek River Bridge","1.0.8",1,"Summer","positive","air@surface",TRUE,399,1585,1983,398,1,398,FALSE,134,TRUE,TRUE,TRUE,TRUE,TRUE,TRUE,TRUE,TRUE,TRUE,"","criteria",TRUE,NA
"NAm_1108","o54q2vzqLKudYQfVE81a","paleo1measurement1","trsgi","unitless","ring width","dendrophysical",FALSE,"NAm-SmithersSkiArea.Schweingruber.1996","Wood",54.9,-127.3,1200,"Smithers Ski Area","1.0.8",1,"Summer","positive","air@surface",TRUE,304,1680,1983,303,1,303,FALSE,134,TRUE,TRUE,TRUE,TRUE,TRUE,TRUE,TRUE,TRUE,TRUE,"","criteria",TRUE,NA
"NAm_1120","o54q2vzqLKudYQfVE81a","paleo2measurement1","MXD",NA,"maximum latewood density","dendrophysical",FALSE,"NAm-SmithersSkiArea.Schweingruber.1996","Wood",54.9,-127.3,1200,"Smithers Ski Area","1.0.8",1,"Summer","positive","air@surface",TRUE,304,1680,1983,303,1,303,FALSE,134,TRUE,TRUE,TRUE,TRUE,TRUE,TRUE,TRUE,TRUE,TRUE,"","criteria",TRUE,NA
"NAm_1168","Lzug04PiusOAntzWSDh7","paleo2measurement1","MXD",NA,"maximum latewood density","dendrophysical",FALSE,"NAm-BellMountain.Schweingruber.1996","Wood",53.3,-120.7,1530,"Bell Mountain","1.0.8",1,"Summer","positive","air@surface",TRUE,335,1649,1983,334,1,334,FALSE,134,TRUE,TRUE,TRUE,TRUE,TRUE,TRUE,TRUE,TRUE,TRUE,"","criteria",TRUE,NA
"NAm_1204","FWILEwpIgD2aF0mcUYwt","paleo1measurement1","trsgi","unitless","ring width","dendrophysical",FALSE,"NAm-SunwaptaPass.Schweingruber.1996","Wood",52.3,-117,2000,"Sunwapta Pass","1.0.8",1,"Summer","positive","air@surface",TRUE,376,1608,1983,375,1,375,FALSE,134,TRUE,TRUE,TRUE,TRUE,TRUE,TRUE,TRUE,TRUE,TRUE,"","criteria",TRUE,NA
"NAm_1216","FWILEwpIgD2aF0mcUYwt","paleo2measurement1","MXD",NA,"maximum latewood density","dendrophysical",FALSE,"NAm-SunwaptaPass.Schweingruber.1996","Wood",52.3,-117,2000,"Sunwapta Pass","1.0.8",1,"Summer","positive","air@surface",TRUE,376,1608,1983,375,1,375,FALSE,134,TRUE,TRUE,TRUE,TRUE,TRUE,TRUE,TRUE,TRUE,TRUE,"","criteria",TRUE,NA
"NAm_1228","lrlyFh0B63if96CT0dEf","paleo1measurement1","trsgi","unitless","ring width","dendrophysical",FALSE,"NAm-PeytoLake.Schweingruber.1996","Wood",51.8,-116.2,2050,"Peyto Lake","1.0.8",1,"Summer",NA,"air",TRUE,350,1634,1983,349,1,349,FALSE,134,TRUE,TRUE,TRUE,TRUE,TRUE,TRUE,TRUE,TRUE,TRUE,"","criteria",TRUE,NA
"NAm_1240","lrlyFh0B63if96CT0dEf","paleo2measurement1","MXD",NA,"maximum latewood density","dendrophysical",FALSE,"NAm-PeytoLake.Schweingruber.1996","Wood",51.8,-116.2,2050,"Peyto Lake","1.0.8",1,"Summer","positive","air@surface",TRUE,350,1634,1983,349,1,349,FALSE,134,TRUE,TRUE,TRUE,TRUE,TRUE,TRUE,TRUE,TRUE,TRUE,"","criteria",TRUE,NA
"NAm_1312","40DA8rnIp5S1lWFqjm46","paleo2measurement1","MXD",NA,"maximum latewood density","dendrophysical",FALSE,"NAm-VancouverCyprusProvincialPark.Briffa.1996","Wood",49.4,-123.1,1110,"Vancouver Cyprus Provincial Park","1.0.8",1,"Summer","positive","air@surface",TRUE,571,1413,1983,570,1,570,FALSE,134,TRUE,TRUE,TRUE,TRUE,TRUE,TRUE,TRUE,TRUE,TRUE,"","criteria",TRUE,NA
"NAm_1360","NmqSDMpZwpUYilEF3gUt","paleo2measurement1","MXD",NA,"maximum latewood density","dendrophysical",FALSE,"NAm-ArrowsmithMountain.Briffa.1996","Wood",49.2,-125.2,1020,"Arrowsmith Mountain","1.0.8",1,"Summer","positive","air@surface",TRUE,355,1629,1983,354,1,354,FALSE,134,TRUE,TRUE,TRUE,TRUE,TRUE,TRUE,TRUE,TRUE,TRUE,"","criteria",TRUE,NA
"NAm_1384","rl0r8UeSJrgYstgicoB4","paleo1measurement1","trsgi","unitless","ring width","dendrophysical",FALSE,"NAm-BigWhite.Parish.2000","Wood",49.9,-118.9,1700,"Big White","1.0.8",1,"Summer","positive","air@surface",TRUE,330,1669,1998,329,1,329,FALSE,149,TRUE,TRUE,TRUE,TRUE,TRUE,TRUE,TRUE,TRUE,TRUE,"","criteria",TRUE,NA
"NAm_1396","Osmwf5rI661GR6ignkP1","paleo1measurement1","trsgi","unitless","ring width","dendrophysical",FALSE,"NAm-CoppermineRiver.Jacoby.1989","Wood",67.2,-115.9,213,"Coppermine River","1.0.8",1,"Summer","positive","air@surface",TRUE,550,1428,1977,549,1,549,FALSE,128,TRUE,TRUE,TRUE,TRUE,TRUE,TRUE,TRUE,TRUE,TRUE,"","criteria",TRUE,NA
"NAm_1408","dWidG5JxovG0e9GVOv22","paleo1measurement1","trsgi","unitless","ring width","dendrophysical",FALSE,"NAm-HornbyCabin.Jacoby.1989","Wood",64,-103.9,160,"Hornby Cabin","1.0.8",1,"Summer","positive","air@surface",TRUE,494,1491,1984,493,1,493,FALSE,135,TRUE,TRUE,TRUE,TRUE,TRUE,TRUE,TRUE,TRUE,TRUE,"","criteria",TRUE,NA
"NAm_1420","tCP6mUDTO96vjanS54Zq","paleo2measurement1","trsgi","unitless","ring width","dendrophysical",FALSE,"NAm-TwistedTreeHeartrotHill.Jacoby.1989","Wood",65,-138.3,915,"Twisted Tree Heartrot Hill","1.0.8",1,"Summer","positive","air@surface",TRUE,426,1550,1975,425,1,425,FALSE,126,TRUE,TRUE,TRUE,TRUE,TRUE,TRUE,TRUE,TRUE,TRUE,"","criteria",TRUE,NA
"NAm_1432","vKwPGlRzyLBQX0te1uz5","paleo1measurement1","trsgi","unitless","ring width","dendrophysical",FALSE,"NAm-Bonif.Schweingruber.1996","Wood",55.3,-77.8,50,"Bonif  historisc","1.0.8",1,"Summer","positive","air@surface",TRUE,638,1352,1989,637,1,637,FALSE,140,TRUE,TRUE,TRUE,TRUE,TRUE,TRUE,TRUE,TRUE,TRUE,"","criteria",TRUE,NA
"NAm_1444","vKwPGlRzyLBQX0te1uz5","paleo2measurement1","MXD",NA,"maximum latewood density","dendrophysical",FALSE,"NAm-Bonif.Schweingruber.1996","Wood",55.3,-77.8,50,"Bonif  historisc","1.0.8",1,"Summer","positive","air@surface",TRUE,638,1352,1989,637,1,637,FALSE,140,TRUE,TRUE,TRUE,TRUE,TRUE,TRUE,TRUE,TRUE,TRUE,"","criteria",TRUE,NA
"NAm_1468","qmHkjXQqEOYu7QMcgcB8","paleo2measurement1","MXD",NA,"maximum latewood density","dendrophysical",FALSE,"NAm-Athabasca.Schweingruber.1996","Wood",51.4,-117.3,2000,"Athabasca, historisch","1.0.8",1,"Summer","positive","air@surface",TRUE,920,1072,1991,919,1,919,FALSE,142,TRUE,TRUE,TRUE,TRUE,TRUE,TRUE,TRUE,TRUE,TRUE,"","criteria",TRUE,NA
"NAm_148","gJsyTY9m4xTtfk64UoBa","paleo1measurement1","trsgi","unitless","ring width","dendrophysical",FALSE,"NAm-EurekaSummit.Schweingruber.1996","Wood",61.8,-147.3,960,"Eureka Summit","1.0.8",1,"Summer","positive","air@surface",TRUE,330,1654,1983,329,1,329,FALSE,134,TRUE,TRUE,TRUE,TRUE,TRUE,TRUE,TRUE,TRUE,TRUE,"","criteria",TRUE,NA
"NAm_1564","LSRy5cwhawMuwrCyJCNr","paleo1measurement1","trsgi","unitless","ring width","dendrophysical",FALSE,"NAm-MedusaBay.Buckley.2003","Wood",56.9,-61.5,25,"Medusa Bay","1.0.8",1,"Summer","positive","air@surface",TRUE,364,1634,1997,363,1,363,FALSE,148,TRUE,TRUE,TRUE,TRUE,TRUE,TRUE,TRUE,TRUE,TRUE,"","criteria",TRUE,NA
"NAm_1576","jlI6FDPTWxrnNE26jkaY","paleo1measurement1","trsgi","unitless","ring width","dendrophysical",FALSE,"NAm-MeadowMountain.Wilson.2005","Wood",50.2,-117.1,2100,"Meadow Mountain","1.0.8",1,"Summer","positive","air@surface",TRUE,329,1669,1997,328,1,328,FALSE,148,TRUE,TRUE,TRUE,TRUE,TRUE,TRUE,TRUE,TRUE,TRUE,"","criteria",TRUE,NA
"NAm_1588","jlI6FDPTWxrnNE26jkaY","paleo2measurement1","MXD",NA,"maximum latewood density","dendrophysical",FALSE,"NAm-MeadowMountain.Wilson.2005","Wood",50.2,-117.1,2100,"Meadow Mountain","1.0.8",1,"Summer","positive","air@surface",TRUE,313,1685,1997,312,1,312,FALSE,148,TRUE,TRUE,TRUE,TRUE,TRUE,TRUE,TRUE,TRUE,TRUE,"","criteria",TRUE,NA
"NAm_160","gJsyTY9m4xTtfk64UoBa","paleo2measurement1","MXD",NA,"maximum latewood density","dendrophysical",FALSE,"NAm-EurekaSummit.Schweingruber.1996","Wood",61.8,-147.3,960,"Eureka Summit","1.0.8",1,"Summer","positive","air@surface",TRUE,330,1654,1983,329,1,329,FALSE,134,TRUE,TRUE,TRUE,TRUE,TRUE,TRUE,TRUE,TRUE,TRUE,"","criteria",TRUE,NA
"NAm_1600","HomLmeWp6PlKB9AjzTr0","paleo2measurement1","trsgi","unitless","ring width","dendrophysical",FALSE,"NAm-Ymir.Wilson.2005","Wood",49.4,-117.2,1980,"Ymir","1.0.8",1,"Summer","positive","air@surface",TRUE,305,1693,1997,304,1,304,FALSE,148,TRUE,TRUE,TRUE,TRUE,TRUE,TRUE,TRUE,TRUE,TRUE,"","criteria",TRUE,NA
"NAm_1636","n2g7LPnTPDZr840uLWFu","paleo1measurement1","trsgi","unitless","ring width","dendrophysical",FALSE,"NAm-ParkMountain.Wilson.2005","Wood",50.6,-118.6,1830,"Park Mountain","1.0.8",1,"Summer","positive","air@surface",TRUE,521,1477,1997,520,1,520,FALSE,148,TRUE,TRUE,TRUE,TRUE,TRUE,TRUE,TRUE,TRUE,TRUE,"","criteria",TRUE,NA
"NAm_1648","n2g7LPnTPDZr840uLWFu","paleo2measurement1","MXD",NA,"maximum latewood density","dendrophysical",FALSE,"NAm-ParkMountain.Wilson.2005","Wood",50.6,-118.6,1830,"Park Mountain","1.0.8",1,"Summer","positive","air@surface",TRUE,470,1528,1997,469,1,469,FALSE,148,TRUE,TRUE,TRUE,TRUE,TRUE,TRUE,TRUE,TRUE,TRUE,"","criteria",TRUE,NA
"NAm_1660","fmjNRGaPBk0VTbt54l20","paleo2measurement1","trsgi","unitless","ring width","dendrophysical",FALSE,"NAm-BigWhite2.Wilson.2005","Wood",49.7,-118.9,2000,"Big White 2","1.0.8",1,"Summer","positive","air@surface",TRUE,418,1580,1997,417,1,417,FALSE,148,TRUE,TRUE,TRUE,TRUE,TRUE,TRUE,TRUE,TRUE,TRUE,"","criteria",TRUE,NA
"NAm_1672","fmjNRGaPBk0VTbt54l20","paleo3measurement1","MXD",NA,"maximum latewood density","dendrophysical",FALSE,"NAm-BigWhite2.Wilson.2005","Wood",49.7,-118.9,2000,"Big White 2","1.0.8",1,"Summer","positive","air@surface",TRUE,486,1512,1997,485,1,485,FALSE,148,TRUE,TRUE,TRUE,TRUE,TRUE,TRUE,TRUE,TRUE,TRUE,"","criteria",TRUE,NA
"NAm_1708","p2yp1Bkp7ej3cGm1MM1y","paleo1measurement1","trsgi","unitless","ring width","dendrophysical",FALSE,"NAm-CornwallHills.Wilson.2005","Wood",50.7,-121.5,1980,"Cornwall Hills","1.0.8",1,"Summer","positive","air@surface",TRUE,444,1554,1997,443,1,443,FALSE,148,TRUE,TRUE,TRUE,TRUE,TRUE,TRUE,TRUE,TRUE,TRUE,"","criteria",TRUE,NA
"NAm_172","83WaeOQjyocMnSMD9l81","paleo1measurement1","trsgi","unitless","ring width","dendrophysical",FALSE,"NAm-SettlementPointAfognakIsland.Harlan.1998","Wood",58.1,-152.7,10,"Settlement Point Afognak Island","1.0.8",1,"Summer","positive","air@surface",TRUE,307,1690,1996,306,1,306,FALSE,147,TRUE,TRUE,TRUE,TRUE,TRUE,TRUE,TRUE,TRUE,TRUE,"","criteria",TRUE,NA
"NAm_1720","p2yp1Bkp7ej3cGm1MM1y","paleo2measurement1","MXD",NA,"maximum latewood density","dendrophysical",FALSE,"NAm-CornwallHills.Wilson.2005","Wood",50.7,-121.5,1980,"Cornwall Hills","1.0.8",1,"Summer","positive","air@surface",TRUE,309,1689,1997,308,1,308,FALSE,148,TRUE,TRUE,TRUE,TRUE,TRUE,TRUE,TRUE,TRUE,TRUE,"","criteria",TRUE,NA
"NAm_1744","W83Lzs0aJN45RzLRZFhu","paleo1measurement1","trsgi","unitless","ring width","dendrophysical",FALSE,"NAm-IttyhaukBay.D'Arrigo.2011","Wood",56,-61,50,"Ittyhauk Bay","1.0.8",1,"Summer","positive","air@surface",TRUE,310,1689,1998,309,1,309,FALSE,149,TRUE,TRUE,TRUE,TRUE,TRUE,TRUE,TRUE,TRUE,TRUE,"","criteria",TRUE,NA
"NAm_1816","LGd7xwQ0xI04O2UXXyL0","paleo3measurement1","MXD",NA,"maximum latewood density","dendrophysical",FALSE,"NAm-EagleFecal_PtarmiganMerge.Jacoby.2011","Wood",69.5,-127.8,500,"Eagle Fecal/Ptarmigan Merge","1.0.8",1,"Summer","positive","air@surface",TRUE,444,1550,1993,443,1,443,FALSE,144,TRUE,TRUE,TRUE,TRUE,TRUE,TRUE,TRUE,TRUE,TRUE,"","criteria",TRUE,NA
"NAm_1828","kQPoKgv6bLNhLohYz5P8","paleo1measurement1","trsgi","unitless","ring width","dendrophysical",FALSE,"NAm-Manitoba.D'Arrigo.2006","Wood",58,-94,100,"Manitoba composite","1.0.8",1,"Summer","positive","air@surface",TRUE,333,1650,1982,332,1,332,FALSE,133,TRUE,TRUE,TRUE,TRUE,TRUE,TRUE,TRUE,TRUE,TRUE,"","criteria",TRUE,NA
"NAm_184","Fi6VwKh4sV4ixAk0h6g3","paleo1measurement1","trsgi","unitless","ring width","dendrophysical",FALSE,"NAm-MinersWell.Wiles.2000","Wood",60,-141.7,650,"Miners Well","1.0.8",1,"Summer","positive","air@surface",TRUE,568,1428,1995,567,1,567,FALSE,146,TRUE,TRUE,TRUE,TRUE,TRUE,TRUE,TRUE,TRUE,TRUE,"","criteria",TRUE,NA
"NAm_1840","oghITCFCS3g0Hrdb4XWk","paleo1measurement1","trsgi","unitless","ring width","dendrophysical",FALSE,"NAm-Bennington.Luckman.2013","Wood",52.7,-118.3,1850,"Bennington","1.0.8",1,"Annual","positive","air@surface",TRUE,893,1104,1996,892,1,892,FALSE,147,TRUE,TRUE,TRUE,TRUE,TRUE,TRUE,TRUE,TRUE,TRUE,"","criteria",TRUE,NA
"NAm_1852","zHVVTITu9VXfJxv82zlL","paleo1measurement1","trsgi","unitless","ring width","dendrophysical",FALSE,"NAm-FrenchGlacier.Colenutt.1995","Wood",50.8,-115.3,2300,"French Glacier","1.0.8",1,"Summer","positive","air@surface",TRUE,925,1069,1993,924,1,924,FALSE,144,TRUE,TRUE,TRUE,TRUE,TRUE,TRUE,TRUE,TRUE,TRUE,"","criteria",TRUE,NA
"NAm_1876","3aTNuveIcZsmeuk5wdut","paleo1measurement1","trsgi","unitless","ring width","dendrophysical",FALSE,"NAm-Landslide.Luckman.2006","Wood",60.2,-138.5,800,"Landslide","1.0.8",1,"Summer","positive","air@surface",TRUE,1089,913,2001,1088,1,1088,FALSE,152,TRUE,TRUE,TRUE,TRUE,TRUE,TRUE,TRUE,TRUE,TRUE,"","criteria",TRUE,NA
"NAm_1924","g2dbYB35qjjqhZTOId9R","paleo2measurement1","trsgi","unitless","ring width","dendrophysical",FALSE,"NAm-BlanchardRiver.Luckman.2013","Wood",59.9,-136.8,931,"Blanchard River","1.0.8",1,"Annual","positive","air@surface",TRUE,334,1670,2003,333,1,333,FALSE,154,TRUE,TRUE,TRUE,TRUE,TRUE,TRUE,TRUE,TRUE,TRUE,"","criteria",TRUE,NA
"NAm_1936","VO9Qy161y0kAPoShwmFw","paleo1measurement1","trsgi","unitless","ring width","dendrophysical",FALSE,"NAm-Nadahini.Luckman.2013","Wood",59.8,-136.6,915,"Nadahini","1.0.8",1,"Annual","positive","air@surface",TRUE,432,1572,2003,431,1,431,FALSE,154,TRUE,TRUE,TRUE,TRUE,TRUE,TRUE,TRUE,TRUE,TRUE,"","criteria",TRUE,NA
"NAm_196","1GEJ1MX73skdhM6tbV8Z","paleo1measurement1","trsgi","unitless","ring width","dendrophysical",FALSE,"NAm-CanyonCreek.Lloyd.2002","Wood",63.3,-147.8,884,"Canyon Creek","1.0.8",1,"Summer","positive","air@surface",TRUE,356,1642,1997,355,1,355,FALSE,148,TRUE,TRUE,TRUE,TRUE,TRUE,TRUE,TRUE,TRUE,TRUE,"","criteria",TRUE,NA
"NAm_1972","JIbrO0uAW5BIqVz5Tb8Y","paleo1measurement1","trsgi","unitless","ring width","dendrophysical",FALSE,"NAm-RockGlacierYukon.Kenigsberg.2013","Wood",61.4,-128.4,1450,"Rock Glacier Yukon","1.0.8",1,"Annual","positive","air@surface",TRUE,306,1697,2002,305,1,305,FALSE,153,TRUE,TRUE,TRUE,TRUE,TRUE,TRUE,TRUE,TRUE,TRUE,"","criteria",TRUE,NA
"NAm_1996","kBEsXumenNT6CXivQyh2","paleo1measurement1","trsgi","unitless","ring width","dendrophysical",FALSE,"NAm-SnakeCreek.Kenigsberg.2013","Wood",59.6,-133.4,1350,"Snake Creek","1.0.8",1,"Annual","positive","air@surface",TRUE,355,1645,1999,354,1,354,FALSE,150,TRUE,TRUE,TRUE,TRUE,TRUE,TRUE,TRUE,TRUE,TRUE,"","criteria",TRUE,NA
"NAm_2008","SdbpH8dOj1w6Tymklh7j","paleo2measurement1","trsgi","unitless","ring width","dendrophysical",FALSE,"NAm-Sugarloaf.Kenigsberg.2013","Wood",60.1,-134.4,1330,"Sugarloaf","1.0.8",1,"Annual","positive","air@surface",TRUE,304,1700,2003,303,1,303,FALSE,154,TRUE,TRUE,TRUE,TRUE,TRUE,TRUE,TRUE,TRUE,TRUE,"","criteria",TRUE,NA
"NAm_2044","p09cfUsNNSYBuOjGANue","paleo1measurement1","trsgi","unitless","ring width","dendrophysical",FALSE,"NAm-SunshineMeadows.Colenutt.1995","Wood",51.1,-115.8,2250,"Sunshine Meadows","1.0.8",1,"Summer",NA,"air",TRUE,547,1444,1990,546,1,546,FALSE,141,TRUE,TRUE,TRUE,TRUE,TRUE,TRUE,TRUE,TRUE,TRUE,"","criteria",TRUE,NA
"NAm_2056","p09cfUsNNSYBuOjGANue","paleo2measurement1","MXD",NA,"maximum latewood density","dendrophysical",FALSE,"NAm-SunshineMeadows.Colenutt.1995","Wood",51.1,-115.8,2250,"Sunshine Meadows","1.0.8",1,"Summer","positive","air@surface",TRUE,548,1440,1987,547,1,547,FALSE,138,TRUE,TRUE,TRUE,TRUE,TRUE,TRUE,TRUE,TRUE,TRUE,"","criteria",TRUE,NA
"NAm_2068","53xGlzqt6GSByMcw8FHK","paleo1measurement1","trsgi","unitless","ring width","dendrophysical",FALSE,"NAm-AthabascaGlacier2.Luckman.2005","Wood",52.2,-117.2,2000,"Athabasca Glacier 2","1.0.8",1,"Summer","positive","air@surface",TRUE,1068,920,1987,1067,1,1067,FALSE,138,TRUE,TRUE,TRUE,TRUE,TRUE,TRUE,TRUE,TRUE,TRUE,"","criteria",TRUE,NA
"NAm_2080","53xGlzqt6GSByMcw8FHK","paleo2measurement1","MXD",NA,"maximum latewood density","dendrophysical",FALSE,"NAm-AthabascaGlacier2.Luckman.2005","Wood",52.2,-117.2,2000,"Athabasca Glacier 2","1.0.8",1,"Summer","positive","air@surface",TRUE,330,1665,1994,329,1,329,FALSE,145,TRUE,TRUE,TRUE,TRUE,TRUE,TRUE,TRUE,TRUE,TRUE,"","criteria",TRUE,NA
"NAm_2092","hOKxV4PVTX9Ci0bOdjnZ","paleo1measurement1","trsgi","unitless","ring width","dendrophysical",FALSE,"NAm-Bennington.Luckman.2001","Wood",52.7,-118.3,1850,"Bennington","1.0.8",1,"Annual","positive","air@surface",TRUE,434,1563,1996,433,1,433,FALSE,147,TRUE,TRUE,TRUE,TRUE,TRUE,TRUE,TRUE,TRUE,TRUE,"","criteria",TRUE,NA
"NAm_2116","GD3tU9veEl7sfH0Z5JK8","paleo1measurement1","trsgi","unitless","ring width","dendrophysical",FALSE,"NAm-BowSummit-PeytoLake.Luckman.2005","Wood",51.7,-116.5,2050,"Bow Summit/Peyto Lake","1.0.8",1,"Summer","positive","air@surface",TRUE,426,1575,2000,425,1,425,FALSE,151,TRUE,TRUE,TRUE,TRUE,TRUE,TRUE,TRUE,TRUE,TRUE,"","criteria",TRUE,NA
"NAm_2128","H7ky4sF8uLa3c1z8Slg1","paleo1measurement1","trsgi","unitless","ring width","dendrophysical",FALSE,"NAm-CardinalDivide.Luckman.2001","Wood",52.9,-117.3,2050,"Cardinal Divide","1.0.8",1,"Annual","positive","air@surface",TRUE,463,1528,1990,462,1,462,FALSE,141,TRUE,TRUE,TRUE,TRUE,TRUE,TRUE,TRUE,TRUE,TRUE,"","criteria",TRUE,NA
"NAm_2152","0JQU7qHx9jTMVDDqHa38","paleo1measurement1","trsgi","unitless","ring width","dendrophysical",FALSE,"NAm-GeraldineLakes.Luckman.2001","Wood",52.6,-117.9,2000,"Geraldine Lakes","1.0.9",1,"Summer","positive","air@surface",TRUE,478,1513,1990,477,1,477,FALSE,141,TRUE,TRUE,TRUE,TRUE,TRUE,TRUE,TRUE,TRUE,TRUE,"","criteria",TRUE,NA
"NAm_2164","Z2lwjT2zsjodh5HjNi22","paleo1measurement1","trsgi","unitless","ring width","dendrophysical",FALSE,"NAm-HighwoodPass.Luckman.2001","Wood",50.6,-115,2250,"Highwood Pass","1.0.9",1,"Annual","positive","air@surface",TRUE,375,1613,1987,374,1,374,FALSE,138,TRUE,TRUE,TRUE,TRUE,TRUE,TRUE,TRUE,TRUE,TRUE,"","criteria",TRUE,NA
"NAm_2176","b4Be85fF1Aidr5LkNGOQ","paleo1measurement1","trsgi","unitless","ring width","dendrophysical",FALSE,"NAm-Hilda.Kavanagh.2000","Wood",52.2,-117.2,2200,"Hilda","1.0.8",1,"Annual","positive","air@surface",TRUE,573,1428,2000,572,1,572,FALSE,151,TRUE,TRUE,TRUE,TRUE,TRUE,TRUE,TRUE,TRUE,TRUE,"","criteria",TRUE,NA
"NAm_220","0bwV9Qx7wW5DfaO34xz4","paleo1measurement1","trsgi","unitless","ring width","dendrophysical",FALSE,"NAm-KobukNoatak.King.2003","Wood",67.1,-159.6,100,"Kobuk/Noatak","1.0.8",1,"Summer","positive","air@surface",TRUE,1015,978,1992,1014,1,1014,FALSE,143,TRUE,TRUE,TRUE,TRUE,TRUE,TRUE,TRUE,TRUE,TRUE,"","criteria",TRUE,NA
"NAm_2212","CPqB8D2meygEwsWgxdQ7","paleo1measurement1","trsgi","unitless","ring width","dendrophysical",FALSE,"NAm-Nakiska.Luckman.2001","Wood",50.9,-115.2,2120,"Nakiska","1.0.9",1,"Annual","positive","air@surface",TRUE,369,1619,1987,368,1,368,FALSE,138,TRUE,TRUE,TRUE,TRUE,TRUE,TRUE,TRUE,TRUE,TRUE,"","criteria",TRUE,NA
"NAm_2236","eKF8sS2XDUs6ZUkdUpOi","paleo1measurement1","trsgi","unitless","ring width","dendrophysical",FALSE,"NAm-PyramidMountain.Luckman.2001","Wood",53,-118.2,2000,"Pyramid Mountain","1.0.9",1,"Annual","positive","air@surface",TRUE,366,1625,1990,365,1,365,FALSE,141,TRUE,TRUE,TRUE,TRUE,TRUE,TRUE,TRUE,TRUE,TRUE,"","criteria",TRUE,NA
"NAm_2260","lVwi2m07HHGi5AerIxEG","paleo1measurement1","trsgi","unitless","ring width","dendrophysical",FALSE,"NAm-SignalMountain.Luckman.2001","Wood",52.9,-118,2050,"Signal Mountain","1.0.9",1,"Annual","positive","air@surface",TRUE,502,1489,1990,501,1,501,FALSE,141,TRUE,TRUE,TRUE,TRUE,TRUE,TRUE,TRUE,TRUE,TRUE,"","criteria",TRUE,NA
"NAm_2272","0k1dCmpfYrmCqANemgp8","paleo1measurement1","trsgi","unitless","ring width","dendrophysical",FALSE,"NAm-SmallRiver.Luckman.2001","Wood",53.2,-119.5,1900,"Small River","1.0.9",1,"Annual","positive","air@surface",TRUE,421,1569,1989,420,1,420,FALSE,140,TRUE,TRUE,TRUE,TRUE,TRUE,TRUE,TRUE,TRUE,TRUE,"","criteria",TRUE,NA
"NAm_2308","DHRR401tE4lP03ufWZMd","paleo1measurement1","trsgi","unitless","ring width","dendrophysical",FALSE,"NAm-SurpriseValley.Luckman.2001","Wood",52.8,-117.7,1800,"Surprise Valley","1.0.9",1,"Annual","positive","air@surface",TRUE,391,1600,1990,390,1,390,FALSE,141,TRUE,TRUE,TRUE,TRUE,TRUE,TRUE,TRUE,TRUE,TRUE,"","criteria",TRUE,NA
"NAm_232","dNHk7j5F2IMcg1EFTpyo","paleo1measurement1","trsgi","unitless","ring width","dendrophysical",FALSE,"NAm-AlmondButterLower.D'Arrigo.2005","Wood",65.2,-162.2,168,"Almond Butter Lower","1.0.8",1,"Summer","positive","air@surface",TRUE,396,1607,2002,395,1,395,FALSE,153,TRUE,TRUE,TRUE,TRUE,TRUE,TRUE,TRUE,TRUE,TRUE,"","criteria",TRUE,NA
"NAm_2380","cfs7Nkc3zR1zYoquU7a9","paleo1measurement1","trsgi","unitless","ring width","dendrophysical",FALSE,"NAm-Arapahoe.Kienast.1996","Wood",40.1,-105.6,3320,"Arapahoe","1.0.8",1,"Summer",NA,"air",TRUE,373,1610,1982,372,1,372,FALSE,133,TRUE,TRUE,TRUE,TRUE,TRUE,TRUE,TRUE,TRUE,TRUE,"","criteria",TRUE,NA
"NAm_2392","cfs7Nkc3zR1zYoquU7a9","paleo2measurement1","MXD",NA,"maximum latewood density","dendrophysical",FALSE,"NAm-Arapahoe.Kienast.1996","Wood",40.1,-105.6,3320,"Arapahoe","1.0.8",1,"Summer","positive","air@surface",TRUE,373,1610,1982,372,1,372,FALSE,133,TRUE,TRUE,TRUE,TRUE,TRUE,TRUE,TRUE,TRUE,TRUE,"","criteria",TRUE,NA
"NAm_244","2JpVmiL8z4P6y8o14Yje","paleo1measurement1","trsgi","unitless","ring width","dendrophysical",FALSE,"NAm-AlmondButterUpper.D'Arrigo.2005","Wood",65.2,-162.2,213,"Almond Butter Upper","1.0.8",1,"Summer","positive","air@surface",TRUE,597,1406,2002,596,1,596,FALSE,153,TRUE,TRUE,TRUE,TRUE,TRUE,TRUE,TRUE,TRUE,TRUE,"","criteria",TRUE,NA
"NAm_2464","a1dLmQv8NVQKbhVMUZsa","paleo2measurement1","MXD",NA,"maximum latewood density","dendrophysical",FALSE,"NAm-RedMountainPassSilverton.Graybill.1994","Wood",37.9,-107.7,3400,"Red Mountain Pass Silverton","1.0.8",1,"Summer","positive","air@surface",TRUE,358,1626,1983,357,1,357,FALSE,134,TRUE,TRUE,TRUE,TRUE,TRUE,TRUE,TRUE,TRUE,TRUE,"","criteria",TRUE,NA
"NAm_2476","BHgEZaOZGO7aGoDiGaJE","paleo1measurement1","trsgi","unitless","ring width","dendrophysical",FALSE,"NAm-PikePeaks.Harlan.1996","Wood",39.3,-105,3600,"Pike Peaks","1.0.8",1,"Summer","positive","air@surface",TRUE,454,1530,1983,453,1,453,FALSE,134,TRUE,TRUE,TRUE,TRUE,TRUE,TRUE,TRUE,TRUE,TRUE,"","criteria",TRUE,NA
"NAm_2488","BHgEZaOZGO7aGoDiGaJE","paleo2measurement1","MXD",NA,"maximum latewood density","dendrophysical",FALSE,"NAm-PikePeaks.Harlan.1996","Wood",39.3,-105,3600,"Pike Peaks","1.0.8",1,"Summer","positive","air@surface",TRUE,454,1530,1983,453,1,453,FALSE,134,TRUE,TRUE,TRUE,TRUE,TRUE,TRUE,TRUE,TRUE,TRUE,"","criteria",TRUE,NA
"NAm_2500","3PVfSU8x4N6WrPxZw2pH","paleo1measurement1","trsgi","unitless","ring width","dendrophysical",FALSE,"NAm-CottonwoodPass.Briffa.1996","Wood",38.7,-107.6,3700,"Cottonwood Pass","1.0.8",1,"Summer","positive","air@surface",TRUE,418,1565,1982,417,1,417,FALSE,133,TRUE,TRUE,TRUE,TRUE,TRUE,TRUE,TRUE,TRUE,TRUE,"","criteria",TRUE,NA
"NAm_2512","3PVfSU8x4N6WrPxZw2pH","paleo2measurement1","MXD",NA,"maximum latewood density","dendrophysical",FALSE,"NAm-CottonwoodPass.Briffa.1996","Wood",38.7,-107.6,3700,"Cottonwood Pass","1.0.8",1,"Summer","positive","air@surface",TRUE,418,1565,1982,417,1,417,FALSE,133,TRUE,TRUE,TRUE,TRUE,TRUE,TRUE,TRUE,TRUE,TRUE,"","criteria",TRUE,NA
"NAm_256","6cD5BGSeh0NCNcb85DD5","paleo1measurement1","trsgi","unitless","ring width","dendrophysical",FALSE,"NAm-BurntOver.D'Arrigo.2005","Wood",65.2,-162.3,259,"Burnt Over","1.0.8",1,"Summer","positive","air@surface",TRUE,382,1621,2002,381,1,381,FALSE,153,TRUE,TRUE,TRUE,TRUE,TRUE,TRUE,TRUE,TRUE,TRUE,"","criteria",TRUE,NA
"NAm_2560","7S40aKVuGM9habv8J2QN","paleo1measurement1","trsgi","unitless","ring width","dendrophysical",FALSE,"NAm-FoolCreek.Brown.2005","Wood",39.9,-105.9,3370,"Fool Creek","1.0.8",1,"Summer","positive","air@surface",TRUE,769,1224,1992,768,1,768,FALSE,143,TRUE,TRUE,TRUE,TRUE,TRUE,TRUE,TRUE,TRUE,TRUE,"","criteria",TRUE,NA
"NAm_2572","7S40aKVuGM9habv8J2QN","paleo2measurement1","MXD",NA,"maximum latewood density","dendrophysical",FALSE,"NAm-FoolCreek.Brown.2005","Wood",39.9,-105.9,3370,"Fool Creek","1.0.8",1,"Summer","positive","air@surface",TRUE,698,1296,1993,697,1,697,FALSE,144,TRUE,TRUE,TRUE,TRUE,TRUE,TRUE,TRUE,TRUE,TRUE,"","criteria",TRUE,NA
"NAm_2596","FnOXrlfA3BHNzYz6FrNf","paleo1measurement1","trsgi","unitless","ring width","dendrophysical",FALSE,"NAm-CameronPass.Bigler.2007","Wood",40.6,-105.8,3100,"Cameron Pass","1.0.8",1,"Summer","positive","air@surface",TRUE,452,1552,2003,451,1,451,FALSE,154,TRUE,TRUE,TRUE,TRUE,TRUE,TRUE,TRUE,TRUE,TRUE,"","criteria",TRUE,NA
"NAm_2632","SlfGEtxuxGNJbBe1b0sJ","paleo2measurement1","MXD",NA,"maximum latewood density","dendrophysical",FALSE,"NAm-GalenaPassSawtooth.Briffa.1996","Wood",43.9,-114.7,2580,"Galena Pass Sawtooth National Forest","1.0.8",1,"Summer","positive","air@surface",TRUE,454,1530,1983,453,1,453,FALSE,134,TRUE,TRUE,TRUE,TRUE,TRUE,TRUE,TRUE,TRUE,TRUE,"","criteria",TRUE,NA
"NAm_2656","xEk5NItlgbga9xuThqfT","paleo1measurement1","trsgi","unitless","ring width","dendrophysical",FALSE,"NAm-SleepingDeerRoad.Hughes.2005","Wood",44.6,-114.5,2820,"Sleeping Deer Road","1.0.8",1,"Summer","positive","air@surface",TRUE,693,1305,1997,692,1,692,FALSE,148,TRUE,TRUE,TRUE,TRUE,TRUE,TRUE,TRUE,TRUE,TRUE,"","criteria",TRUE,NA
"NAm_2668","xEk5NItlgbga9xuThqfT","paleo2measurement1","MXD",NA,"maximum latewood density","dendrophysical",FALSE,"NAm-SleepingDeerRoad.Hughes.2005","Wood",44.6,-114.5,2820,"Sleeping Deer Road","1.0.8",1,"Summer","positive","air@surface",TRUE,510,1488,1997,509,1,509,FALSE,148,TRUE,TRUE,TRUE,TRUE,TRUE,TRUE,TRUE,TRUE,TRUE,"","criteria",TRUE,NA
"NAm_2704","iGSpjgxYwluYmw0xQYTF","paleo2measurement1","MXD",NA,"maximum latewood density","dendrophysical",FALSE,"NAm-ElephantMountain.Conkey.1994","Wood",44.8,-70.8,930,"Elephant Mountain","1.0.8",1,"Summer","positive","air@surface",TRUE,311,1667,1977,310,1,310,FALSE,128,TRUE,TRUE,TRUE,TRUE,TRUE,TRUE,TRUE,TRUE,TRUE,"","criteria",TRUE,NA
"NAm_2716","qc69GrQmnbfeZf9T8HSB","paleo1measurement1","trsgi","unitless","ring width","dendrophysical",FALSE,"NAm-LaTasajera.Biondi.2001","Wood",31,-115.5,2400,"La Tasajera (San Pedro Martir)","1.0.8",1,"Summer","positive","air@surface",TRUE,460,1536,1995,459,1,459,FALSE,146,TRUE,TRUE,TRUE,TRUE,TRUE,TRUE,TRUE,TRUE,TRUE,"","criteria",TRUE,NA
"NAm_2728","APhGjAZmHurbppEp7iJh","paleo1measurement1","trsgi","unitless","ring width","dendrophysical",FALSE,"NAm-CienegadeNuestraSenoradeGuadalupe.Fule.2009","Wood",25.1,-106.3,2000,"Cienega de Nuestra Senora de Guadalupe","1.0.8",1,"Summer","positive","air@surface",TRUE,319,1675,1993,318,1,318,FALSE,144,TRUE,TRUE,TRUE,TRUE,TRUE,TRUE,TRUE,TRUE,TRUE,"","criteria",TRUE,NA
"NAm_2740","3hbPq9ThKfo7mCDlFkgc","paleo1measurement1","trsgi","unitless","ring width","dendrophysical",FALSE,"NAm-HighlandFireOutlook.Briffa.1996","Wood",45.8,-112.5,2730,"Highland Fire Outlook","1.0.8",1,"Summer","positive","air@surface",TRUE,488,1496,1983,487,1,487,FALSE,134,TRUE,TRUE,TRUE,TRUE,TRUE,TRUE,TRUE,TRUE,TRUE,"","criteria",TRUE,NA
"NAm_2752","3hbPq9ThKfo7mCDlFkgc","paleo2measurement1","MXD",NA,"maximum latewood density","dendrophysical",FALSE,"NAm-HighlandFireOutlook.Briffa.1996","Wood",45.8,-112.5,2730,"Highland Fire Outlook","1.0.8",1,"Summer","positive","air@surface",TRUE,488,1496,1983,487,1,487,FALSE,134,TRUE,TRUE,TRUE,TRUE,TRUE,TRUE,TRUE,TRUE,TRUE,"","criteria",TRUE,NA
"NAm_2776","ZnZDynpKbRro63UZqalz","paleo1measurement1","trsgi","unitless","ring width","dendrophysical",FALSE,"NAm-YellowMountainRidge.King.2002","Wood",45.3,-111.3,2500,"Yellow Mountain Ridge","1.0.8",1,"Summer","positive","air@surface",TRUE,1529,470,1998,1528,1,1528,FALSE,149,TRUE,TRUE,TRUE,TRUE,TRUE,TRUE,TRUE,TRUE,TRUE,"","criteria",TRUE,NA
"NAm_2788","vsInHwWJKQgDOOCMqY5M","paleo1measurement1","trsgi","unitless","ring width","dendrophysical",FALSE,"NAm-BakerLake.Hughes.2005","Wood",45.9,-114.3,2680,"Baker Lake","1.0.8",1,"Summer","positive","air@surface",TRUE,1986,12,1997,1985,1,1985,FALSE,148,TRUE,TRUE,TRUE,TRUE,TRUE,TRUE,TRUE,TRUE,TRUE,"","criteria",TRUE,NA
"NAm_280","gb8hnJHKaTVZSSnp3zDK","paleo1measurement1","trsgi","unitless","ring width","dendrophysical",FALSE,"NAm-WindyRidgeAlaska.D'Arrigo.2005","Wood",65.2,-162.2,251,"Windy Ridge Alaska","1.0.8",1,"Summer","positive","air@surface",TRUE,447,1556,2002,446,1,446,FALSE,153,TRUE,TRUE,TRUE,TRUE,TRUE,TRUE,TRUE,TRUE,TRUE,"","criteria",TRUE,NA
"NAm_2800","vsInHwWJKQgDOOCMqY5M","paleo2measurement1","MXD",NA,"maximum latewood density","dendrophysical",FALSE,"NAm-BakerLake.Hughes.2005","Wood",45.9,-114.3,2680,"Baker Lake","1.0.8",1,"Summer","positive","air@surface",TRUE,564,1434,1997,563,1,563,FALSE,148,TRUE,TRUE,TRUE,TRUE,TRUE,TRUE,TRUE,TRUE,TRUE,"","criteria",TRUE,NA
"NAm_2812","O7T70Wjt5cEp3bZkJXue","paleo1measurement1","trsgi","unitless","ring width","dendrophysical",FALSE,"NAm-FlintCreekRange.Hughes.2005","Wood",46.3,-113.2,2645,"Flint Creek Range","1.0.8",1,"Summer","positive","air@surface",TRUE,1000,999,1998,999,1,999,FALSE,149,TRUE,TRUE,TRUE,TRUE,TRUE,TRUE,TRUE,TRUE,TRUE,"","criteria",TRUE,NA
"NAm_2824","3LDchkuK7xhndDmyUhoz","paleo2measurement1","trsgi","unitless","ring width","dendrophysical",FALSE,"NAm-Pintlers.Littell.2011","Wood",46,-113.4,2700,"Pintlers","1.0.8",1,"Summer","positive","air@surface",TRUE,806,1200,2005,805,1,805,FALSE,156,TRUE,TRUE,TRUE,TRUE,TRUE,TRUE,TRUE,TRUE,TRUE,"","criteria",TRUE,NA
"NAm_2836","9IaTDhASl0exwrBlIu3G","paleo1measurement1","trsgi","unitless","ring width","dendrophysical",FALSE,"NAm-PintlersTwo.Littell.2011","Wood",46,-113.4,2750,"Pintlers Two","1.0.8",1,"Summer","positive","air@surface",TRUE,759,1248,2006,758,1,758,FALSE,157,TRUE,TRUE,TRUE,TRUE,TRUE,TRUE,TRUE,TRUE,TRUE,"","criteria",TRUE,NA
"NAm_2848","vyppiGmln5TpB6lBnd96","paleo1measurement1","trsgi","unitless","ring width","dendrophysical",FALSE,"NAm-RoweLakes.Colenutt.2011","Wood",49,-114,2135,"Rowe Lakes","1.0.8",1,"Summer","positive","air@surface",TRUE,739,1252,1990,738,1,738,FALSE,141,TRUE,TRUE,TRUE,TRUE,TRUE,TRUE,TRUE,TRUE,TRUE,"","criteria",TRUE,NA
"NAm_292","cftweuNNGmykW7VQC4FA","paleo1measurement1","trsgi","unitless","ring width","dendrophysical",FALSE,"NAm-NabesnaMine.Jacoby.2003","Wood",62.4,-143.1,1167,"Nabesna Mine","1.0.8",1,"Summer","positive","air@surface",TRUE,527,1471,1997,526,1,526,FALSE,148,TRUE,TRUE,TRUE,TRUE,TRUE,TRUE,TRUE,TRUE,TRUE,"","criteria",TRUE,NA
"NAm_3004","6LoWLKabPXj25iOiErJ3","paleo1measurement1","trsgi","unitless","ring width","dendrophysical",FALSE,"NAm-PearlPeak.Graybill.1994","Wood",40.2,-115.5,3170,"Pearl Peak","1.0.8",1,"Summer","positive","air@surface",TRUE,1666,320,1985,1665,1,1665,FALSE,136,TRUE,TRUE,TRUE,TRUE,TRUE,TRUE,TRUE,TRUE,TRUE,"","criteria",TRUE,NA
"NAm_3016","dlEKuCrP6sSt6l8M3vT2","paleo1measurement1","trsgi","unitless","ring width","dendrophysical",FALSE,"NAm-MountWashington.Graybill.1994","Wood",38.5,-114.2,3415,"Mount Washington","1.0.8",1,"Annual","positive","air@surface",TRUE,1159,825,1983,1158,1,1158,FALSE,134,TRUE,TRUE,TRUE,TRUE,TRUE,TRUE,TRUE,TRUE,TRUE,"","criteria",TRUE,NA
"NAm_304","cftweuNNGmykW7VQC4FA","paleo2measurement1","MXD",NA,"maximum latewood density","dendrophysical",FALSE,"NAm-NabesnaMine.Jacoby.2003","Wood",62.4,-143.1,1167,"Nabesna Mine","1.0.8",1,"Summer","positive","air@surface",TRUE,458,1540,1997,457,1,457,FALSE,148,TRUE,TRUE,TRUE,TRUE,TRUE,TRUE,TRUE,TRUE,TRUE,"","criteria",TRUE,NA
"NAm_3100","VcYSgGSySEiwy5a4Hi1x","paleo2measurement1","MXD",NA,"maximum latewood density","dendrophysical",FALSE,"NAm-CraterLakeNE.Briffa.2002","Wood",43,-122.2,2200,"Crater Lake NE","1.0.8",1,"Summer","positive","air@surface",TRUE,420,1564,1983,419,1,419,FALSE,134,TRUE,TRUE,TRUE,TRUE,TRUE,TRUE,TRUE,TRUE,TRUE,"","criteria",TRUE,NA
"NAm_3124","Wmzmt29ldRiTk8N3sBiQ","paleo2measurement1","MXD",NA,"maximum latewood density","dendrophysical",FALSE,"NAm-BarlowPassamMtHood.Briffa.1996","Wood",45.3,-121.7,1300,"Barlow Pass   am Mt.Hood","1.0.8",1,"Summer","positive","air@surface",TRUE,480,1504,1983,479,1,479,FALSE,134,TRUE,TRUE,TRUE,TRUE,TRUE,TRUE,TRUE,TRUE,TRUE,"","criteria",TRUE,NA
"NAm_3184","miqU8Z4uszVXTzZ9LXTk","paleo1measurement1","trsgi","unitless","ring width","dendrophysical",FALSE,"NAm-TamarackBowl.Sauchyn.2016","Wood",49.3,-114.4,1838,"Tamarack Bowl","1.0.8",1,"Summer","positive","air@surface",TRUE,397,1616,2012,396,1,396,FALSE,163,TRUE,TRUE,TRUE,TRUE,TRUE,TRUE,TRUE,TRUE,TRUE,"","criteria",TRUE,NA
"NAm_3244","fbFR2R5Tdm5d8BC2w3Tf","paleo2measurement1","MXD",NA,"maximum latewood density","dendrophysical",FALSE,"NAm-CeaderBreaks.Briffa.1996","Wood",37.6,-113.9,3120,"Ceader Breaks","1.0.8",1,"Summer","positive","air@surface",TRUE,403,1581,1983,402,1,402,FALSE,134,TRUE,TRUE,TRUE,TRUE,TRUE,TRUE,TRUE,TRUE,TRUE,"","criteria",TRUE,NA
"NAm_3280","zxvgGiTffb7lmSxCqimx","paleo1measurement1","trsgi","unitless","ring width","dendrophysical",FALSE,"NAm-VicaryMine.Sauchyn.2016","Wood",49.8,-114.5,1909,"Vicary Mine","1.0.8",1,"Summer","positive","air@surface",TRUE,523,1488,2010,522,1,522,FALSE,161,TRUE,TRUE,TRUE,TRUE,TRUE,TRUE,TRUE,TRUE,TRUE,"","criteria",TRUE,NA
"NAm_3352","3RJU0QBcxU8Evlr8htuT","paleo1measurement1","trsgi","unitless","ring width","dendrophysical",FALSE,"NAm-GraniteMountain.Graumlich.2003","Wood",47.3,-121.3,1530,"Granite Mountain","1.0.8",1,"Summer","positive","air@surface",TRUE,722,1259,1980,721,1,721,FALSE,131,TRUE,TRUE,TRUE,TRUE,TRUE,TRUE,TRUE,TRUE,TRUE,"","criteria",TRUE,NA
"NAm_3376","grzgrRHxgaCnyGkdlATq","paleo1measurement1","trsgi","unitless","ring width","dendrophysical",FALSE,"NAm-ScatterLake.Graumlich.2003","Wood",48.3,-120.3,2100,"Scatter Lake","1.0.8",1,"Summer","positive","air@surface",TRUE,665,1316,1980,664,1,664,FALSE,131,TRUE,TRUE,TRUE,TRUE,TRUE,TRUE,TRUE,TRUE,TRUE,"","criteria",TRUE,NA
"NAm_3388","yAknYRF7yth7AeEo69Df","paleo1measurement1","trsgi","unitless","ring width","dendrophysical",FALSE,"NAm-wa069.Peterson.1994","Wood",48.7,-120.7,1925,"Harts Pass N1","1.0.8",1,"Summer","positive","air@surface",TRUE,307,1685,1991,306,1,306,FALSE,142,TRUE,TRUE,TRUE,TRUE,TRUE,TRUE,TRUE,TRUE,TRUE,"","criteria",TRUE,NA
"NAm_3400","h3SCY4Ixr8fMP0JJQABC","paleo1measurement1","trsgi","unitless","ring width","dendrophysical",FALSE,"NAm-wa071.Peterson.1994","Wood",48.7,-120.7,1925,"Harts Pass N1","1.0.8",1,"Summer","positive","air@surface",TRUE,407,1585,1991,406,1,406,FALSE,142,TRUE,TRUE,TRUE,TRUE,TRUE,TRUE,TRUE,TRUE,TRUE,"","criteria",TRUE,NA
"NAm_3412","JVmVhWnvSH0uPdI6L0U7","paleo1measurement1","trsgi","unitless","ring width","dendrophysical",FALSE,"NAm-HartsPassN2.Peterson.1994","Wood",48.7,-120.7,2000,"Harts Pass N2","1.0.8",1,"Summer","positive","air@surface",TRUE,462,1529,1990,461,1,461,FALSE,141,TRUE,TRUE,TRUE,TRUE,TRUE,TRUE,TRUE,TRUE,TRUE,"","criteria",TRUE,NA
"NAm_3436","rr1hoanhV0XbCNL1Y264","paleo2measurement1","MXD",NA,"maximum latewood density","dendrophysical",FALSE,"NAm-MtStHelens.Briffa.1996","Wood",46.2,-122.2,1200,"Mt. St. Helens","1.0.8",1,"Summer","positive","air@surface",TRUE,375,1609,1983,374,1,374,FALSE,134,TRUE,TRUE,TRUE,TRUE,TRUE,TRUE,TRUE,TRUE,TRUE,"","criteria",TRUE,NA
"NAm_3472","a86vdnAcMmqJYcZeopSg","paleo1measurement1","trsgi","unitless","ring width","dendrophysical",FALSE,"NAm-ShermanCreekPass.Briffa.1996","Wood",48.7,-118.3,1800,"Sherman Creek Pass","1.0.8",1,"Summer","positive","air@surface",TRUE,379,1605,1983,378,1,378,FALSE,134,TRUE,TRUE,TRUE,TRUE,TRUE,TRUE,TRUE,TRUE,TRUE,"","criteria",TRUE,NA
"NAm_3484","a86vdnAcMmqJYcZeopSg","paleo2measurement1","MXD",NA,"maximum latewood density","dendrophysical",FALSE,"NAm-ShermanCreekPass.Briffa.1996","Wood",48.7,-118.3,1800,"Sherman Creek Pass","1.0.8",1,"Summer","positive","air@surface",TRUE,379,1605,1983,378,1,378,FALSE,134,TRUE,TRUE,TRUE,TRUE,TRUE,TRUE,TRUE,TRUE,TRUE,"","criteria",TRUE,NA
"NAm_3520","OWeDrUlcEjeUyEOuj71q","paleo1measurement1","trsgi","unitless","ring width","dendrophysical",FALSE,"NAm-HohLakeHigh.Peterson.1994","Wood",47.9,-123.8,1465,"Hoh Lake High","1.0.8",1,"Summer","positive","air@surface",TRUE,423,1570,1992,422,1,422,FALSE,143,TRUE,TRUE,TRUE,TRUE,TRUE,TRUE,TRUE,TRUE,TRUE,"","criteria",TRUE,NA
"NAm_3556","4VCrDvxZ6fifYG5Gp6GR","paleo1measurement1","trsgi","unitless","ring width","dendrophysical",FALSE,"NAm-MountAdamsLow.Peterson.1994","Wood",46.2,-121.5,1495,"Mount Adams Low","1.0.8",1,"Summer","positive","air@surface",TRUE,383,1610,1992,382,1,382,FALSE,143,TRUE,TRUE,TRUE,TRUE,TRUE,TRUE,TRUE,TRUE,TRUE,"","criteria",TRUE,NA
"NAm_3604","E1FA19A8HZLbbPRTc2tu","paleo2measurement1","MXD",NA,"maximum latewood density","dendrophysical",FALSE,"NAm-PowderRiverPass.Briffa.1996","Wood",44.2,-107.1,2850,"Powder River Pass","1.0.8",1,"Summer","positive","air@surface",TRUE,488,1496,1983,487,1,487,FALSE,134,TRUE,TRUE,TRUE,TRUE,TRUE,TRUE,TRUE,TRUE,TRUE,"","criteria",TRUE,NA
"NAm_3616","CRfp9Di93quv5EHeQAlN","paleo1measurement1","trsgi","unitless","ring width","dendrophysical",FALSE,"NAm-MedicineBowPeak.Briffa.1996","Wood",41.3,-107.7,3150,"Medicine Bow Peak","1.0.8",1,"Summer","positive","air@surface",TRUE,583,1401,1983,582,1,582,FALSE,134,TRUE,TRUE,TRUE,TRUE,TRUE,TRUE,TRUE,TRUE,TRUE,"","criteria",TRUE,NA
"NAm_3628","CRfp9Di93quv5EHeQAlN","paleo2measurement1","MXD",NA,"maximum latewood density","dendrophysical",FALSE,"NAm-MedicineBowPeak.Briffa.1996","Wood",41.3,-107.7,3150,"Medicine Bow Peak","1.0.8",1,"Summer","positive","air@surface",TRUE,583,1401,1983,582,1,582,FALSE,134,TRUE,TRUE,TRUE,TRUE,TRUE,TRUE,TRUE,TRUE,TRUE,"","criteria",TRUE,NA
"NAm_364","t2hIhckbYHgAAZkTMLIw","paleo1measurement1","trsgi","unitless","ring width","dendrophysical",FALSE,"NAm-BigBendLake.Jacoby.2003","Wood",61.3,-142.7,1040,"Big Bend Lake","1.0.8",1,"Summer","positive","air@surface",TRUE,441,1557,1997,440,1,440,FALSE,148,TRUE,TRUE,TRUE,TRUE,TRUE,TRUE,TRUE,TRUE,TRUE,"","criteria",TRUE,NA
"NAm_3652","bdN65NrwFNG7eSM5EEWx","paleo2measurement1","MXD",NA,"maximum latewood density","dendrophysical",FALSE,"NAm-SylvanPassbeiCody.Briffa.1996","Wood",44.4,-110.1,2580,"Sylvan Pass bei Cody","1.0.8",1,"Summer","positive","air@surface",TRUE,596,1388,1983,595,1,595,FALSE,134,TRUE,TRUE,TRUE,TRUE,TRUE,TRUE,TRUE,TRUE,TRUE,"","criteria",TRUE,NA
"NAm_3676","BiYIzVBInBhb3QgpKjJx","paleo2measurement1","MXD",NA,"maximum latewood density","dendrophysical",FALSE,"NAm-GranitePassHuntMountain.Briffa.1996","Wood",44.8,-107.9,2820,"Granite Pass   Hunt Mountain","1.0.8",1,"Summer","positive","air@surface",TRUE,476,1508,1983,475,1,475,FALSE,134,TRUE,TRUE,TRUE,TRUE,TRUE,TRUE,TRUE,TRUE,TRUE,"","criteria",TRUE,NA
"NAm_3688","ScjZ6KE00ndO8hgwbLhe","paleo1measurement1","trsgi","unitless","ring width","dendrophysical",FALSE,"NAm-TogwateePass.Briffa.1996","Wood",43.7,-110.1,2820,"Togwatee Pass","1.0.8",1,"Summer","positive","air@surface",TRUE,312,1672,1983,311,1,311,FALSE,134,TRUE,TRUE,TRUE,TRUE,TRUE,TRUE,TRUE,TRUE,TRUE,"","criteria",TRUE,NA
"NAm_3700","ScjZ6KE00ndO8hgwbLhe","paleo2measurement1","MXD",NA,"maximum latewood density","dendrophysical",FALSE,"NAm-TogwateePass.Briffa.1996","Wood",43.7,-110.1,2820,"Togwatee Pass","1.0.8",1,"Summer","positive","air@surface",TRUE,312,1672,1983,311,1,311,FALSE,134,TRUE,TRUE,TRUE,TRUE,TRUE,TRUE,TRUE,TRUE,TRUE,"","criteria",TRUE,NA
"NAm_3712","0kJEMKsd3JyCNzMwcmwP","paleo1measurement1","trsgi","unitless","ring width","dendrophysical",FALSE,"NAm-SheepTrail.Brown.2005","Wood",41.4,-106.2,3235,"Sheep Trail","1.0.8",1,"Summer","positive","air@surface",TRUE,903,1097,1999,902,1,902,FALSE,150,TRUE,TRUE,TRUE,TRUE,TRUE,TRUE,TRUE,TRUE,TRUE,"","criteria",TRUE,NA
"NAm_3724","0kJEMKsd3JyCNzMwcmwP","paleo2measurement1","MXD",NA,"maximum latewood density","dendrophysical",FALSE,"NAm-SheepTrail.Brown.2005","Wood",41.4,-106.2,3235,"Sheep Trail","1.0.8",1,"Summer","positive","air@surface",TRUE,518,1483,2000,517,1,517,FALSE,151,TRUE,TRUE,TRUE,TRUE,TRUE,TRUE,TRUE,TRUE,TRUE,"","criteria",TRUE,NA
"NAm_3748","s0ttpOQHnPoIuWfHmXiZ","paleo1measurement1","MXD",NA,"maximum latewood density","dendrophysical",FALSE,"NAm-WrangellsComposite.D'Arrigo.2006","Wood",62,-142,200,"Wrangells Composite","1.0.7",1,"Summer","positive","air@surface",TRUE,459,1540,1998,458,1,458,FALSE,149,TRUE,TRUE,TRUE,TRUE,TRUE,TRUE,TRUE,TRUE,TRUE,"","criteria",TRUE,NA
"NAm_376","t2hIhckbYHgAAZkTMLIw","paleo2measurement1","MXD",NA,"maximum latewood density","dendrophysical",FALSE,"NAm-BigBendLake.Jacoby.2003","Wood",61.3,-142.7,1040,"Big Bend Lake","1.0.8",1,"Summer",NA,"air",TRUE,405,1593,1997,404,1,404,FALSE,148,TRUE,TRUE,TRUE,TRUE,TRUE,TRUE,TRUE,TRUE,TRUE,"","criteria",TRUE,NA
"NAm_3760","icCzBDkcnP0hSZa5imeg","paleo1measurement1","MXD",NA,"maximum latewood density","dendrophysical",FALSE,"NAm-NorthernAlaskaComposite.D'Arrigo.2006","Wood",67,-152,200,"Northern Alaska Composite","1.0.7",1,"Summer","positive","air@surface",TRUE,467,1524,1990,466,1,466,FALSE,141,TRUE,TRUE,TRUE,TRUE,TRUE,TRUE,TRUE,TRUE,TRUE,"","criteria",TRUE,NA
"NAm_3772","lGSAqGdLyfj83d7Hk9ti","paleo1measurement1","MXD",NA,"maximum latewood density","dendrophysical",FALSE,"NAm-FirthRiver.Anchukaitis.2013","Wood",68.7,-141.6,790,"Firth River 1236","1.0.7",1,"Summer","positive","air@surface",TRUE,930,1073,2002,929,1,929,FALSE,153,TRUE,TRUE,TRUE,TRUE,TRUE,TRUE,TRUE,TRUE,TRUE,"","criteria",TRUE,NA
"NAm_3796","asUWrVRm9m58ZQSYDkzD","paleo2measurement1","temperature","degC","ring width","dendrophysical",FALSE,"NAm-STREC.Gennaretti.2014","Wood",54.21,-71.35,500,"L1_CANA458, L12_CANA459, L16_CANA460, L18_CANA461, L20_CANA462, L22_CANA463","1.0.8",1,"Jun-Aug","positive","air@surface",TRUE,1102,910,2011,1101,1,1101,FALSE,162,TRUE,TRUE,TRUE,TRUE,TRUE,TRUE,TRUE,TRUE,TRUE,"","criteria",TRUE,NA
"NAm_3798","FPBJHd8TF14y5wT5qbJ6","paleo1measurement1","temperature","degC","pollen","floral assemblage",FALSE,"NAm-HellsKitchenLake.Gajewski.1988","LakeSediment",46.2,-89.7,488,"Hell's Kitchen Lake","1.0.5",1,"Jul","positive","air@surface",TRUE,73,21,1960,1939,20.5,1939,FALSE,12,TRUE,TRUE,FALSE,FALSE,TRUE,FALSE,TRUE,TRUE,TRUE,"resolution;calibration","curator admission",TRUE,NA
"NAm_3801","31lieypYqHvN0KEdjq6T","paleo1measurement1","temperature","degC","pollen","floral assemblage",FALSE,"NAm-BasinPond.Gajewski.1988","LakeSediment",44.5,-70.1,124,"Basin Pond","1.0.5",1,"Jul","positive","air@surface",TRUE,56,362,1960,1598,31,1598,FALSE,8,TRUE,TRUE,FALSE,FALSE,TRUE,FALSE,TRUE,TRUE,TRUE,"resolution;calibration","curator admission",TRUE,NA
"NAm_3804","T5GP50YPulw103nFBo2h","paleo1measurement1","temperature","degC","pollen","floral assemblage",FALSE,"NAm-ClearPond.Gajewski.1988","LakeSediment",33.8,-79,513,"Clear Pond","1.0.5",1,"Jul","positive","air@surface",TRUE,48,52,1960,1908,39,1908,FALSE,4,TRUE,TRUE,FALSE,FALSE,TRUE,FALSE,TRUE,TRUE,TRUE,"resolution;calibration","curator admission",TRUE,NA
"NAm_3807","o0gUBFducNtgxeVM86KG","paleo1measurement1","temperature","degC","pollen","floral assemblage",FALSE,"NAm-ConroyLake.Gajewski.1988","LakeSediment",46.3,-67.9,140,"Conroy Lake","1.0.5",1,"Jul","positive","air@surface",TRUE,68,10,1967,1957,33,1957,FALSE,15,TRUE,TRUE,FALSE,FALSE,TRUE,FALSE,TRUE,TRUE,TRUE,"resolution;calibration","curator admission",TRUE,NA
"NAm_3810","wJcq8AUo4o0g3KWPW9d8","paleo1measurement1","temperature","degC","pollen","floral assemblage",FALSE,"NAm-DarkLake.Gajewski.1988","LakeSediment",45.3,-91.5,334,"Dark Lake","1.0.5",1,"Jul","positive","air@surface",TRUE,39,1044,1950,906,17.5,906,FALSE,8,TRUE,TRUE,FALSE,FALSE,TRUE,FALSE,TRUE,TRUE,TRUE,"resolution;calibration","curator admission",TRUE,NA
"NAm_3816","UbiNqXE8VS1EGgTe3b8a","paleo1measurement1","temperature","degC","pollen","floral assemblage",FALSE,"NAm-RubyLake.Gajewski.1988","LakeSediment",45.3,-91.5,335,"Ruby Lake","1.0.5",1,"Jul","positive","air@surface",TRUE,36,1121,1965,844,17,844,FALSE,7,TRUE,TRUE,FALSE,FALSE,TRUE,FALSE,TRUE,TRUE,TRUE,"resolution;calibration","curator admission",TRUE,NA
"NAm_3819","3B4f0p6mhSePmMPdU1js","paleo1measurement1","temperature","degC","pollen","floral assemblage",FALSE,"NAm-LittlePineLake.Gajewski.1988","LakeSediment",45.3,-91.5,330,"LittlePine Lake","1.0.5",1,"Jul","positive","air@surface",TRUE,33,1237,1950,713,17.5,713,FALSE,7,TRUE,TRUE,FALSE,FALSE,TRUE,FALSE,TRUE,TRUE,TRUE,"resolution;calibration","curator admission",TRUE,NA
"NAm_3851","efMfru70yD1C6anJCulf","paleo1measurement1","temperature","degC","pollen","floral assemblage",FALSE,"NAm-LakeoftheClouds.Gajewski.1988","LakeSediment",48,-91,462,"Lake of the Clouds","1.0.7",1,"Jul","positive","air@surface",TRUE,66,1030,1970,940,10,940,FALSE,13,TRUE,TRUE,FALSE,FALSE,TRUE,FALSE,TRUE,TRUE,TRUE,"resolution;calibration","curator admission",TRUE,NA
"NAm_3853","EDlTNSmbAWw0fShsRCxt","paleo1measurement1","temperature","degC","pollen","floral assemblage",FALSE,"NAm-LacNoir.Paquette.2013","LakeSediment",45.8,-75.1,176,"Lac Noir","1.0.5",1,"Jun-Sep","positive","air@surface",TRUE,108,1007,2006.7,999.7,10,999.7,FALSE,23,TRUE,TRUE,FALSE,FALSE,TRUE,FALSE,TRUE,TRUE,TRUE,"resolution;calibration","curator admission",TRUE,NA
"NAm_3865","6oug9NvecGotfzSvg48O","paleo1measurement1","thickness",NA,"varve thickness",NA,FALSE,"NAm-GreenLake.Menounos.2006","LakeSediment",50.2,-122.9,640,"Green Lake","1.0.7",1,"Mar-Oct","positive","air@surface",TRUE,612,1388,1999,611,1,611,FALSE,150,TRUE,TRUE,TRUE,TRUE,TRUE,TRUE,TRUE,TRUE,TRUE,"","criteria",TRUE,NA
"NAm_3867","HpH1DRZvRVLFavClJtag","paleo1measurement1","temperature","degC","pollen","floral assemblage",FALSE,"NAm-LakeMina.St.Jacques.2008","LakeSediment",45.89,-95.478,415,"Lake Mina","1.0.9",1,"May","positive","air@surface",TRUE,197,1120,1900,780,4,780,FALSE,13,TRUE,TRUE,FALSE,FALSE,TRUE,FALSE,TRUE,TRUE,TRUE,"resolution;calibration","curator admission",TRUE,NA
"NAm_3868","HpH1DRZvRVLFavClJtag","paleo1measurement1","temperature","degC","pollen",NA,FALSE,"NAm-LakeMina.St.Jacques.2008","LakeSediment",45.89,-95.478,415,"Lake Mina","1.0.9",1,"Feb","positive","air@surface",TRUE,197,1120,1900,780,4,780,FALSE,13,TRUE,TRUE,FALSE,FALSE,TRUE,FALSE,TRUE,TRUE,TRUE,"resolution;calibration","curator admission",TRUE,NA
"NAm_3870","qYNrGtZ6bjo5JcglBOwq","paleo1measurement1","d18O","permil","d18O",NA,FALSE,"NAm-OregonCaves.Ersek.2012","Speleothem",42.083,-123.416,1200,"Oregon Caves National Monument","1.0.8",1,"Winter","positive","air@condensationLevel",TRUE,577,3,1716,1713,3,1713,FALSE,0,TRUE,TRUE,FALSE,FALSE,TRUE,FALSE,TRUE,TRUE,TRUE,"resolution;calibration","curator admission",TRUE,NA
"NAm_388","4wg4CmRZ8LonWjPqFyd1","paleo1measurement1","trsgi","unitless","ring width","dendrophysical",FALSE,"NAm-PrinceWilliamSound.Barclay.1999","Wood",60.5,-148.3,100,"Prince William Sound","1.0.8",1,"Summer","positive","air@surface",TRUE,1119,873,1991,1118,1,1118,FALSE,142,TRUE,TRUE,TRUE,TRUE,TRUE,TRUE,TRUE,TRUE,TRUE,"","criteria",TRUE,NA
"NAm_412","FhbNMHFTbBuCQnb9f2gm","paleo1measurement1","trsgi","unitless","ring width","dendrophysical",FALSE,"NAm-DeerMountain.Wiles.2011","Wood",55.3,-131.6,815,"Deer Mountain","1.0.8",1,"Summer","positive","air@surface",TRUE,450,1550,1999,449,1,449,FALSE,150,TRUE,TRUE,TRUE,TRUE,TRUE,TRUE,TRUE,TRUE,TRUE,"","criteria",TRUE,NA
"NAm_424","iuh7gVnFXdxJalPJlGTa","paleo1measurement1","trsgi","unitless","ring width","dendrophysical",FALSE,"NAm-McGinnisTrail.Wiles.2013","Wood",58.4,-134.6,757,"McGinnis Trail","1.0.9",1,"Summer","positive","air@surface",TRUE,620,1380,1999,619,1,619,FALSE,150,TRUE,TRUE,TRUE,TRUE,TRUE,TRUE,TRUE,TRUE,TRUE,"","criteria",TRUE,NA
"NAm_436","nLZT7ZDH9AjqorQqXjsu","paleo1measurement1","trsgi","unitless","ring width","dendrophysical",FALSE,"NAm-SouthernAlaskacomposite.D'Arrigo.2006","Wood",56,-132,0,"Southern Alaska composite","1.0.8",1,"Summer","positive","air@surface",TRUE,658,1343,2000,657,1,657,FALSE,151,TRUE,TRUE,TRUE,TRUE,TRUE,TRUE,TRUE,TRUE,TRUE,"","criteria",TRUE,NA
"NAm_448","gdn9ThF85p2GQPNY5Qqg","paleo1measurement1","trsgi","unitless","ring width","dendrophysical",FALSE,"NAm-SewardComposite.D'Arrigo.2006","Wood",65.2,-162.3,100,"Seward Composite","1.0.8",1,"Summer","positive","air@surface",TRUE,613,1389,2001,612,1,612,FALSE,152,TRUE,TRUE,TRUE,TRUE,TRUE,TRUE,TRUE,TRUE,TRUE,"","criteria",TRUE,NA
"NAm_460","gdn9ThF85p2GQPNY5Qqg","paleo2measurement1","MXD",NA,"maximum latewood density","dendrophysical",FALSE,"NAm-SewardComposite.D'Arrigo.2006","Wood",65.2,-162.3,100,"Seward Composite","1.0.8",1,"Summer","positive","air@surface",TRUE,613,1389,2001,612,1,612,FALSE,152,TRUE,TRUE,TRUE,TRUE,TRUE,TRUE,TRUE,TRUE,TRUE,"","criteria",TRUE,NA
"NAm_484","4Q0yIPb6Qz0vLi3DIk4i","paleo1measurement1","trsgi","unitless","ring width","dendrophysical",FALSE,"NAm-StarrigawanOldSitka.Kaiser.1996","Wood",57.1,-135.4,5,"Starrigawan  Old Sitka","1.0.8",1,"Summer","positive","air@surface",TRUE,381,1605,1985,380,1,380,FALSE,136,TRUE,TRUE,TRUE,TRUE,TRUE,TRUE,TRUE,TRUE,TRUE,"","criteria",TRUE,NA
"NAm_520","dNzMXiJaEqPhBtCLd2Ox","paleo2measurement1","MXD",NA,"maximum latewood density","dendrophysical",FALSE,"NAm-SnowBowlSanFranciscoPeak.Briffa.2002","Wood",35.4,-110.2,3150,"Snow Bowl San Francisco Peak","1.0.8",1,"Summer","positive","air@surface",TRUE,531,1453,1983,530,1,530,FALSE,134,TRUE,TRUE,TRUE,TRUE,TRUE,TRUE,TRUE,TRUE,TRUE,"","criteria",TRUE,NA
"NAm_568","WE1aFocHhdMAgjAD7nKI","paleo2measurement1","MXD",NA,"maximum latewood density","dendrophysical",FALSE,"NAm-MtLemon.Briffa.2002","Wood",32.5,-110.8,2700,"Mt. Lemon","1.0.8",1,"Summer","positive","air@surface",TRUE,416,1568,1983,415,1,415,FALSE,134,TRUE,TRUE,TRUE,TRUE,TRUE,TRUE,TRUE,TRUE,TRUE,"","criteria",TRUE,NA
"NAm_616","IEiderjaBVLqA12Y7ylX","paleo1measurement1","trsgi","unitless","ring width","dendrophysical",FALSE,"NAm-FlowerLake.Graybill.1995","Wood",36.5,-118.2,3291,"Flower Lake","1.0.8",1,"Summer","positive","air@surface",TRUE,1090,898,1987,1089,1,1089,FALSE,138,TRUE,TRUE,TRUE,TRUE,TRUE,TRUE,TRUE,TRUE,TRUE,"","criteria",TRUE,NA
"NAm_628","81ooFeTULA6t5jyr1FXx","paleo1measurement1","trsgi","unitless","ring width","dendrophysical",FALSE,"NAm-TimberGapUpper.Graybill.1995","Wood",36.3,-118.4,3261,"Timber Gap Upper","1.0.8",1,"Summer","positive","air@surface",TRUE,1289,699,1987,1288,1,1288,FALSE,138,TRUE,TRUE,TRUE,TRUE,TRUE,TRUE,TRUE,TRUE,TRUE,"","criteria",TRUE,NA
"NAm_640","QmpFJqGRkkngXwGYjk1r","paleo1measurement1","trsgi","unitless","ring width","dendrophysical",FALSE,"NAm-CirquePeak.Graybill.1995","Wood",36.3,-118.2,3505,"Cirque Peak","1.0.8",1,"Annual","positive","air@surface",TRUE,1071,917,1987,1070,1,1070,FALSE,138,TRUE,TRUE,TRUE,TRUE,TRUE,TRUE,TRUE,TRUE,TRUE,"","criteria",TRUE,NA
"NAm_664","61XUlHhpsNTF1WhGfcAW","paleo1measurement1","trsgi","unitless","ring width","dendrophysical",FALSE,"NAm-SheepMountain.Graybill.1995","Wood",37.2,-118.1,3475,"Sheep Mountain","1.0.8",1,"Annual","positive","air@surface",TRUE,1990,1,1990,1989,1,1989,FALSE,141,TRUE,TRUE,TRUE,TRUE,TRUE,TRUE,TRUE,TRUE,TRUE,"","criteria",TRUE,NA
"NAm_760","qvWJhCp9bttXwvs63gGC","paleo2measurement1","MXD",NA,"maximum latewood density","dendrophysical",FALSE,"NAm-YosemiteParkEEingang.Briffa.1996","Wood",37.8,-119.3,3000,"Yosemite Park   E Eingang","1.0.8",1,"Summer","positive","air@surface",TRUE,471,1513,1983,470,1,470,FALSE,134,TRUE,TRUE,TRUE,TRUE,TRUE,TRUE,TRUE,TRUE,TRUE,"","criteria",TRUE,NA
"NAm_772","XPZTSxnIIMUtwpZpod9P","paleo1measurement1","trsgi","unitless","ring width","dendrophysical",FALSE,"NAm-DanaPlateauInyoNationalForest.King.2000","Wood",37.9,-119.2,3300,"Dana Plateau Inyo National Forest","1.0.8",1,"Annual","positive","air@surface",TRUE,567,1430,1996,566,1,566,FALSE,147,TRUE,TRUE,TRUE,TRUE,TRUE,TRUE,TRUE,TRUE,TRUE,"","criteria",TRUE,NA
"NAm_796","rlwUeKvRztepOY2ElI8O","paleo1measurement1","trsgi","unitless","ring width","dendrophysical",FALSE,"NAm-SpillwayLakeYosemiteNationalPark.King.2000","Wood",37.8,-119.2,3300,"Spillway Lake Yosemite National Park","1.0.8",1,"Summer","positive","air@surface",TRUE,1197,800,1996,1196,1,1196,FALSE,147,TRUE,TRUE,TRUE,TRUE,TRUE,TRUE,TRUE,TRUE,TRUE,"","criteria",TRUE,NA
"NAm_808","OJyiy7wfMSWmluj2SLFW","paleo1measurement1","trsgi","unitless","ring width","dendrophysical",FALSE,"NAm-FishCreekTrail.Biondi.2001","Wood",34.1,-116.8,2890,"Fish Creek Trail (San Gorgonio)","1.0.8",1,"Summer","positive","air@surface",TRUE,462,1534,1995,461,1,461,FALSE,146,TRUE,TRUE,TRUE,TRUE,TRUE,TRUE,TRUE,TRUE,TRUE,"","criteria",TRUE,NA
"NAm_868","Y0l1XR12PdNKqneAvQeD","paleo1measurement1","trsgi","unitless","ring width","dendrophysical",FALSE,"NAm-BorealPlateau.Graumlich.2005","Wood",36.3,-118.3,3420,"Boreal Plateau","1.0.8",1,"Summer","positive","air@surface",TRUE,1162,831,1992,1161,1,1161,FALSE,143,TRUE,TRUE,TRUE,TRUE,TRUE,TRUE,TRUE,TRUE,TRUE,"","criteria",TRUE,NA
"NAm_880","NwETFKut6TndJz9mvmRn","paleo1measurement1","trsgi","unitless","ring width","dendrophysical",FALSE,"NAm-UpperWrightLakes.Graumlich.2005","Wood",36.4,-118.2,3519,"Upper Wright Lakes","1.0.8",1,"Summer","positive","air@surface",TRUE,1992,1,1992,1991,1,1991,FALSE,143,TRUE,TRUE,TRUE,TRUE,TRUE,TRUE,TRUE,TRUE,TRUE,"","criteria",TRUE,NA
"NAm_916","2FvCF2PaGQwWNj336MFf","paleo1measurement1","trsgi","unitless","ring width","dendrophysical",FALSE,"NAm-FortChimo.Fritts.1981","Wood",58.4,-68.4,46,"Fort Chimo (Merged)","1.0.8",1,"Summer","positive","air@surface",TRUE,334,1641,1974,333,1,333,FALSE,125,TRUE,TRUE,TRUE,TRUE,TRUE,TRUE,TRUE,TRUE,TRUE,"","criteria",TRUE,NA
"NAm_940","0Pki3fEjvjPd5PVYug7m","paleo1measurement1","trsgi","unitless","ring width","dendrophysical",FALSE,"NAm-SpruceCreek.Church.1981","Wood",68.6,-138.6,381,"Spruce Creek","1.0.8",1,"Summer","positive","air@surface",TRUE,408,1570,1977,407,1,407,FALSE,128,TRUE,TRUE,TRUE,TRUE,TRUE,TRUE,TRUE,TRUE,TRUE,"","criteria",TRUE,NA
"NAm_976","zw4h1bmylp4OVFAKhKRq","paleo2measurement1","MXD",NA,"maximum latewood density","dendrophysical",FALSE,"NAm-PethaiPeninsula.Schweingruber.1996","Wood",62.7,-111,1400,"Pethai Peninsula","1.0.8",1,"Summer","positive","air@surface",TRUE,379,1610,1988,378,1,378,FALSE,139,TRUE,TRUE,TRUE,TRUE,TRUE,TRUE,TRUE,TRUE,TRUE,"","criteria",TRUE,NA
"NPM11111","hYapuwnOX5q932NRchN1","paleo1measurement2","d18O","permil",NA,NA,FALSE,"IC00SC18","GlacierIce",76.617,-36.4033,2508,"B18","1.0.15",1,"Annual","positive","air@surface",TRUE,1114,874,1992,1118,1,1118,FALSE,143,TRUE,TRUE,TRUE,TRUE,TRUE,TRUE,TRUE,TRUE,TRUE,"","criteria",TRUE,NA
"NPMlaanila2","IPmiscNlD7F5Jqqx6Aei","paleo1measurement1","MXD","unitless","maximum latewood density","dendrophysical",FALSE,"Arc-Laanila.Lindholm.2013","Wood",68.4917,27.3333,265,"Laanila","1.0.7",1,"Jun-Aug","positive","air@surface",TRUE,1206,800,2005,1205,1,1205,FALSE,156,TRUE,TRUE,TRUE,TRUE,TRUE,TRUE,TRUE,TRUE,TRUE,"","criteria",TRUE,NA
"NU11PAL01_d18O","ch2kNU11PAL01","paleo1measurement1","d18O","permil","d18O",NA,FALSE,"NU11PAL01","Coral",5.867,-162.133,-9,"Palmyra Island, United States Minor Outlying Islands","1.0.7",NA,NA,NA,NA,TRUE,1347,1886.13,1998.29,112.16,0.0799999999999272,112.16,FALSE,113,TRUE,TRUE,TRUE,TRUE,TRUE,TRUE,TRUE,TRUE,TRUE,"","criteria",TRUE,NA
"NU11PAL01_d18O_sw","ch2kNU11PAL01","paleo1measurement1","d18O","permil","d18O",NA,FALSE,"NU11PAL01","Coral",5.867,-162.133,-9,"Palmyra Island, United States Minor Outlying Islands","1.0.7",NA,NA,NA,NA,TRUE,1346,1886.13,1998.21,112.08,0.0799999999999272,112.08,FALSE,113,TRUE,TRUE,TRUE,TRUE,TRUE,TRUE,TRUE,TRUE,TRUE,"","criteria",FALSE,"within-dataset"
"NU11PAL01_SrCa","ch2kNU11PAL01","paleo1measurement1","Sr/Ca","mmol/mol","Sr/Ca",NA,FALSE,"NU11PAL01","Coral",5.867,-162.133,-9,"Palmyra Island, United States Minor Outlying Islands","1.0.7",NA,NA,NA,NA,TRUE,1347,1886.13,1998.29,112.16,0.0799999999999272,112.16,FALSE,113,TRUE,TRUE,TRUE,TRUE,TRUE,TRUE,TRUE,TRUE,TRUE,"","criteria",TRUE,NA
"O2kLR_007","gbp24796YfnFUaA8S2OD","paleo1measurement1","temperature","degC","foraminifera","faunal assemblage",FALSE,"Ocn-WesternSvalbard.Spielhagen.2011","MarineSediment",78.91,6.77,-1491,"Western Svalbard","1.0.8",1,"Jul-Sep","positive","sea@surface",TRUE,48,110,2007,1897,50,1897,FALSE,10,TRUE,TRUE,FALSE,FALSE,TRUE,FALSE,TRUE,TRUE,TRUE,"resolution;calibration","curator admission",TRUE,NA
"O2kLR_017","B1oaBUpFaXkPIoa4TjdC","paleo1measurement1","temperature","degC","Mg/Ca","elemental",FALSE,"Ocn-GarrisonBasin.Richey.2009","MarineSediment",26.68,-93.93,-1570,"Garrison Basin, Gulf of Mexico","1.0.7",1,"Annual","positive","sea@surface",TRUE,26,1370.825,1950,579.175,23.557,579.175,FALSE,7,TRUE,TRUE,FALSE,FALSE,TRUE,FALSE,TRUE,TRUE,TRUE,"resolution;calibration","curator admission",TRUE,NA
"O2kLR_030","htv9dcbkr9eUyO1T61xH","paleo1measurement1","temperature","degC","alkenone",NA,FALSE,"Ocn-LaurentianFan.Keigwin.2005","MarineSediment",43.48,-54.87,-3975,"Laurentian Fan, western subpolar North Atlantic","1.0.9",1,"Annual","positive","sea@surface",TRUE,14,30,1850,1820,140,1820,FALSE,1,TRUE,TRUE,FALSE,FALSE,TRUE,FALSE,TRUE,TRUE,TRUE,"resolution;calibration","curator admission",TRUE,NA
"O2kLR_045","3sGkjc4MYy2tfqDvtaSM","paleo1measurement1","temperature","degC","alkenone","biomarker",FALSE,"Ocn-NorthIceland.Sicre.2011","MarineSediment",66.55,-17.42,-470,"North Iceland/North Atlantic","1.0.9",1,"Jun-Aug","positive","sea@surface",TRUE,516,1.48,2001,1999.52,4,1999.52,FALSE,60,TRUE,TRUE,FALSE,FALSE,TRUE,TRUE,TRUE,TRUE,TRUE,"resolution","curator admission",TRUE,NA
"O2kLR_047","QGoY3yYiZxMwS4dcUOqW","paleo1measurement1","temperature","degC","alkenone","biomarker",FALSE,"Ocn-SouthIceland.Sicre.2011","MarineSediment",57.45,-27.91,-2630,"South Iceland/North Atlantic","1.0.7",1,"Mar-Aug","positive","sea@surface",TRUE,243,3.6,1723.87,1720.27,6.75999999999999,1720.27,FALSE,0,TRUE,TRUE,FALSE,FALSE,TRUE,FALSE,TRUE,TRUE,TRUE,"resolution;calibration","curator admission",TRUE,NA
"O2kLR_066","sutJX9nKPhaxAAXWChZF","paleo1measurement1","temperature","degC","Mg/Ca",NA,FALSE,"Ocn-DryTortugasA.Lund.2006","MarineSediment",24.33,-83.26,-547,"Dry Tortugas","1.1.2",1,"Annual","positive","sea@surface",TRUE,36,995,1925.2,930.2,23,930.2,FALSE,2,TRUE,TRUE,FALSE,FALSE,TRUE,FALSE,TRUE,TRUE,TRUE,"resolution;calibration","curator admission",TRUE,NA
"O2kLR_074","TZdDSROs7Tr8FfE42KC6","paleo1measurement1","temperature","degC","alkenone","biomarker",FALSE,"Ocn-EmeraldBasin.Keigwin.2003","MarineSediment",45.89,-62.8,-250,"Emerald Basin,OCE326 MC-29D","1.0.6",1,"Annual","positive","sea@surface",TRUE,50,351,1950,1599,31.77,1599,FALSE,13,TRUE,TRUE,FALSE,FALSE,TRUE,FALSE,TRUE,TRUE,TRUE,"resolution;calibration","curator admission",TRUE,NA
"O2kLR_082","vPIaDPIMGRl3Pe28wPsH","paleo1measurement1","temperature","degC","foraminifera",NA,FALSE,"Ocn-SubTropicalEasternNorthAtlantic.deMenocal.2000","MarineSediment",20.75,-18.5833,-2263,"subtropical eastern North Atlantic","1.0.9",1,"Annual","positive","sea@surface",TRUE,27,90,1470,1380,46,1380,FALSE,0,TRUE,TRUE,FALSE,FALSE,TRUE,FALSE,TRUE,TRUE,TRUE,"resolution;calibration","curator admission",TRUE,NA
"O2kLR_101","mqWFMVjF5kgHclz3KtRE","paleo1measurement1","temperature","degC","Mg/Ca","elemental",FALSE,"Ocn-CapeHatteras.Cleroux.2008","MarineSediment",34.973,-75.201,-620,"Cape Hatteras","1.0.7",1,"Jun-Aug","positive","sea@surface",TRUE,123,13.54,1294.17,1280.63,10.28,1280.63,FALSE,0,TRUE,TRUE,FALSE,FALSE,TRUE,FALSE,TRUE,TRUE,TRUE,"resolution;calibration","curator admission",TRUE,NA
"O2kLR_105","KgZr9tOvN4plV19HIxq2","paleo1measurement1","temperature","degC","alkenone",NA,FALSE,"Ocn-MD95-2011.Grimalt.2002","MarineSediment",66.97,7.63,-1048,"MD95-2011","1.0.7",1,"Jun-Aug","positive","sea@surface",TRUE,47,10,1390,1380,30,1380,FALSE,0,TRUE,TRUE,FALSE,FALSE,TRUE,FALSE,TRUE,TRUE,TRUE,"resolution;calibration","curator admission",TRUE,NA
"O2kLR_112","EE2x63rF2rsgKIyH8wSm","paleo1measurement1","temperature","degC","alkenone","biomarker",FALSE,"Ocn-CapeGhir.Doose-Rolinski.2007","MarineSediment",30.85,-10.2685,-900,"Cape Ghir, NW Africa","1.0.6",1,"Annual","positive","sea@surface",TRUE,38,753.63,1950,1196.37,36.79,1196.37,FALSE,3,TRUE,TRUE,FALSE,FALSE,TRUE,FALSE,TRUE,TRUE,TRUE,"resolution;calibration","curator admission",TRUE,NA
"O2kLR_114","vqPcrfpCazlElItOxHh4","paleo1measurement1","temperature","degC","alkenone",NA,FALSE,"Ocn-ArabianSea.Doose-Rolinski.2001","MarineSediment",24.83,65.92,-695,"Arabian Sea","1.0.10",1,"Annual","positive","sea@surface",TRUE,117,3.3,1950,1946.7,17.1,1946.7,FALSE,10,TRUE,TRUE,FALSE,FALSE,TRUE,FALSE,TRUE,TRUE,TRUE,"resolution;calibration","curator admission",TRUE,NA
"O2kLR_118","J9XHV5d6QUVYotrxxaFq","paleo1measurement1","temperature","degC","Mg/Ca",NA,FALSE,"Ocn-SWCoastOfIndia.Saraswat.2013","MarineSediment",10.98,74.9993,-1245,"SW coast of India, Indian ocean","1.0.9",1,"Annual","positive","sea@surface",TRUE,16,303,1835,1532,88,1532,FALSE,0,TRUE,TRUE,FALSE,FALSE,TRUE,FALSE,TRUE,TRUE,TRUE,"resolution;calibration","curator admission",TRUE,NA
"O2kLR_131","TjhHrDv0LQ4aazHolZkR","paleo1measurement1","temperature","degC","Mg/Ca","elemental",FALSE,"Ocn-WEqPacific.Stott.2007","MarineSediment",-5,133.44,-2382,"WEq Pacific","1.0.6",1,"Annual","positive","sea@surface",TRUE,20,684.9,1415.8,730.9,42.9999999999999,730.9,FALSE,0,TRUE,TRUE,FALSE,FALSE,TRUE,FALSE,TRUE,TRUE,TRUE,"resolution;calibration","curator admission",TRUE,NA
"O2kLR_135","YvVYhXicYxo07RO1fx3W","paleo1measurement1","temperature","degC","Mg/Ca","elemental",FALSE,"Ocn-MakassarStrait.Linsley.2010","MarineSediment",-7.4,115.2,-594,"Makassar Strait","1.0.8",1,"Annual","positive","sea@surface",TRUE,48,174.78,1780.82,1606.04,35.1099999999999,1606.04,FALSE,0,TRUE,TRUE,FALSE,FALSE,TRUE,FALSE,TRUE,TRUE,TRUE,"resolution;calibration","curator admission",TRUE,NA
"O2kLR_146","ZnjFTWVy1gCPro9jyzNo","paleo1measurement1","temperature","degC","alkenone",NA,FALSE,"Ocn-NorthwestPacificOcean.Harada.2004","MarineSediment",46.32,152.53,-2793,"Northwest Pacific Ocean","1.0.9",1,"Summer","positive","sea@surface",TRUE,25,20,1370,1350,50,1350,FALSE,0,TRUE,TRUE,FALSE,FALSE,TRUE,FALSE,TRUE,TRUE,TRUE,"resolution;calibration","curator admission",TRUE,NA
"O2kLR_148","CnsnHDQ8t4BqYd21Nle1","paleo1measurement1","temperature","degC","Mg/Ca","elemental",FALSE,"Ocn-MakassarStrait.Oppo.2009","MarineSediment",-3.53,119.2,-503,"Makassar Strait","1.0.7",1,"Annual","positive","sea@surface",TRUE,215,3.87,1982.1,1978.23,7,1978.23,FALSE,32,TRUE,TRUE,FALSE,FALSE,TRUE,TRUE,TRUE,TRUE,TRUE,"resolution","curator admission",TRUE,NA
"O2kLR_150","JFnLQsVkSFk7JTcfNsaL","paleo1measurement1","temperature","degC","Sr/Ca","elemental",FALSE,"Ocn-GreatBarrierReef.Hendy.2002","Coral",-18.315,146.595,-10,"Great Barrier Reef","1.0.7",1,"Annual","positive","sea@surface",TRUE,82,1568,1983,415,5,415,FALSE,27,TRUE,TRUE,FALSE,FALSE,TRUE,TRUE,TRUE,TRUE,TRUE,"resolution","curator admission",TRUE,NA
"O2kLR_165","8jpF7dxkq8R4rgmP99TW","paleo1measurement1","temperature","degC","TEX86",NA,FALSE,"Ocn-OkinawaTrough.Wu.2012","MarineSediment",24.8,122.5,-1274,"Okinawa Trough (ODP Hole 195-1202B)","1.0.9",1,"Annual","positive","sea@surface",TRUE,68,18,1770,1752,27,1752,FALSE,0,TRUE,TRUE,FALSE,FALSE,TRUE,FALSE,TRUE,TRUE,TRUE,"resolution;calibration","curator admission",TRUE,NA
"O2kLR_175","27KJf5l4wLF9SUwXMS5c","paleo1measurement1","temperature","degC","alkenone",NA,FALSE,"Ocn-KuroshioCurrent.Isono.2009","MarineSediment",36.03,141.78,-2224,"Kuroshio Current","1.0.10",1,"Annual","positive","sea@surface",TRUE,71,25.96,1946.81,1920.85,26.23,1920.85,FALSE,5,TRUE,TRUE,FALSE,FALSE,TRUE,FALSE,TRUE,TRUE,TRUE,"resolution;calibration","curator admission",TRUE,NA
"O2kLR_183","UCTYDelVNjW7SrHMxIRk","paleo1measurement1","temperature","degC","alkenone","biomarker",FALSE,"Ocn-SantaBarbaraBasin.Zhao.2000","MarineSediment",34.23,-120.02,-590,"Santa Barbara Basin (California)","1.0.8",1,"Annual","positive","sea@surface",TRUE,517,1297.54,1941.3,643.76,1.09999999999991,643.76,FALSE,85,TRUE,TRUE,TRUE,TRUE,TRUE,TRUE,TRUE,TRUE,TRUE,"","criteria",TRUE,NA
"O2kLR_184","UCTYDelVNjW7SrHMxIRk","paleo2measurement1","temperature","degC",NA,NA,FALSE,"Ocn-SantaBarbaraBasin.Zhao.2000","MarineSediment",34.23,-120.02,-590,"Santa Barbara Basin (California)","1.0.8",1,NA,NA,"sea_surface",TRUE,516,1297.5429,1940.1,642.5571,1.09999999999991,642.5571,FALSE,84,TRUE,TRUE,TRUE,TRUE,TRUE,TRUE,TRUE,TRUE,TRUE,"","criteria",TRUE,NA
"O2kLR_187","cH7Mv23Qz21IF5gzBZXu","paleo1measurement1","temperature","degC","alkenone",NA,FALSE,"Ocn-ChileanMargin.Lamy.2002","MarineSediment",-41,-74.45,-852,"Chilean margin, Southern Ocean (Pacific sector)","1.0.10",1,"Annual","positive","sea@surface",TRUE,25,4,1650,1646,75.5,1646,FALSE,0,TRUE,TRUE,FALSE,FALSE,TRUE,FALSE,TRUE,TRUE,TRUE,"resolution;calibration","curator admission",TRUE,NA
"O2kLR_195","gH7xzw4qkBJbKR7ECqaj","paleo1measurement1","temperature","degC","alkenone","biomarker",FALSE,"Ocn-SouthernChileMargin.Mohtadi.2007","MarineSediment",-44.15,-75.16,-1169,"Southern Chile Margin","1.0.9",1,"Annual","positive","sea@surface",TRUE,51,7.5,1900.5,1893,33.3,1893,FALSE,2,TRUE,TRUE,FALSE,FALSE,TRUE,FALSE,TRUE,TRUE,TRUE,"resolution;calibration","curator admission",TRUE,NA
"Ocean2kHR_001","YLFmFrWNwDEkROTo0KEG","paleo1measurement1","d18O","permil","d18O",NA,FALSE,"Ocn-Malindi.Cole.2000","Coral",-3.2,40.1,-6,"Malindi","1.0.6",1,"Nov-Oct","negative","sea@surface",TRUE,194,1801,1994,193,1,193,FALSE,145,TRUE,TRUE,TRUE,TRUE,TRUE,TRUE,TRUE,TRUE,TRUE,"","criteria",TRUE,NA
"Ocean2kHR_002","lbHSkWE39gmGdX5bg70V","paleo1measurement1","d18O","permil","d18O",NA,FALSE,"Ocn-Mayotte.Zinke.2008","Coral",-12.65,45.1,-3,"Mayotte","1.0.7",1,"subannual","negative","sea@surface",TRUE,769,1865.62,1993.62,128,0.170000000000073,128,FALSE,129,TRUE,TRUE,TRUE,TRUE,TRUE,TRUE,TRUE,TRUE,TRUE,"","criteria",TRUE,NA
"Ocean2kHR_003","lbHSkWE39gmGdX5bg70V","paleo2measurement1","Sr/Ca","mmol/mol","Sr/Ca",NA,FALSE,"Ocn-Mayotte.Zinke.2008","Coral",-12.65,45.1,-3,"Mayotte","1.0.7",1,"subannual","negative","sea@surface",TRUE,677,1881.62,1994.29,112.67,0.170000000000073,112.67,FALSE,114,TRUE,TRUE,TRUE,TRUE,TRUE,TRUE,TRUE,TRUE,TRUE,"","criteria",TRUE,NA
"Ocean2kHR_005","lbHSkWE39gmGdX5bg70V","paleo3measurement1","d18O","permil","d18O",NA,FALSE,"Ocn-Mayotte.Zinke.2008","Coral",-12.65,45.1,-3,"Mayotte","1.0.7",1,"subannual","positive","sea@surface",TRUE,673,1881.62,1993.62,112,0.170000000000073,112,FALSE,113,TRUE,TRUE,TRUE,TRUE,TRUE,TRUE,TRUE,TRUE,TRUE,"","criteria",FALSE,"within-dataset"
"Ocean2kHR_006","mg24UxhRN2fmBkvuZsZM","paleo1measurement1","d18O","permil","d18O",NA,FALSE,"Ocn-Lombok.Charles.2003","Coral",-8.2473,115.5757,-3,"Lombok","1.0.6",1,"subannual","negative","sea@surface",TRUE,2497,1782,1990,208,0.0799999999999272,208,FALSE,141,TRUE,TRUE,TRUE,TRUE,TRUE,TRUE,TRUE,TRUE,TRUE,"","criteria",TRUE,NA
"Ocean2kHR_007","ggiVVGFvJKfT1rIbXfYq","paleo1measurement1","d18O","permil","d18O",NA,FALSE,"Ocn-Mafia.Damassa.2006","Coral",-8.0167,39.5,-6,"Mafia","1.0.6",1,"subannual","negative","sea@surface",TRUE,1820,1622,1998.125,376.125,0.0839999999998327,376.125,FALSE,103,TRUE,TRUE,TRUE,TRUE,TRUE,TRUE,TRUE,TRUE,TRUE,"","criteria",TRUE,NA
"Ocean2kHR_008","3ad83kkkuFU2VN7wxotp","paleo1measurement1","d18O","permil","d18O",NA,FALSE,"Ocn-Ningaloo.Kuhnert.2000","Coral",-21.905,113.965,-3,"Ningaloo","1.0.8",1,"subannual","negative","sea@surface",TRUE,766,1878.71,1995.21,116.5,0.159999999999854,116.5,FALSE,118,TRUE,TRUE,TRUE,TRUE,TRUE,TRUE,TRUE,TRUE,TRUE,"","criteria",FALSE,"cross-dataset"
"Ocean2kHR_010","mW3qQGmBUGGQiJ6NUCFJ","paleo1measurement1","d18O","permil","d18O",NA,FALSE,"Ocn-MentawaiIslands.Abram.2008","Coral",-0.13,98.52,-6,"Mentawai Islands","1.0.6",1,"subannual","negative","sea@surface",TRUE,1670,1858.29,1997.96,139.67,0.0799999999999272,139.67,FALSE,140,TRUE,TRUE,TRUE,TRUE,TRUE,TRUE,TRUE,TRUE,TRUE,"","criteria",FALSE,"cross-dataset"
"Ocean2kHR_010_iso2k","gWwpc4lJjcaxkSJus9Ge","paleo1measurement1","d18O","permil","d18O",NA,FALSE,"CO08ABSU","Coral",-0.13,98.52,-6,"Mantawai Islands, West Sumatra, Indonesia","1.0.11",1,"subannual","decrease/increase","sea surface",TRUE,1670,1858.29,1997.96,139.67,0.0799999999999272,139.67,FALSE,140,TRUE,TRUE,TRUE,TRUE,TRUE,TRUE,TRUE,TRUE,TRUE,"","criteria",FALSE,"cross-dataset"
"Ocean2kHR_011","ITsvXkQpRty6xRuM1bpI","paleo1measurement1","d18O","permil","d18O",NA,FALSE,"Ocn-Mahe.Charles.1997","Coral",-4.62,55,-7,"Mahe","1.0.6",1,"subannual","negative","sea@surface",TRUE,1784,1846.54,1995.13,148.59,0.0799999999999272,148.59,FALSE,146,TRUE,TRUE,TRUE,TRUE,TRUE,TRUE,TRUE,TRUE,TRUE,"","criteria",TRUE,NA
"Ocean2kHR_011_iso2k","SwJhjCbLxX0uQiNBHJc7","paleo1measurement1","d18O","permil","d18O",NA,FALSE,"CO97CHSY","Coral",-4.6062,55.4244,-7,"Beau Vallon Bay, Mahe Island, Republic of the Seychelles","1.0.11",1,"subannual","decrease/increase","sea surface",TRUE,1784,1846.54,1995.13,148.59,0.0799999999999272,148.59,FALSE,146,TRUE,TRUE,TRUE,TRUE,TRUE,TRUE,TRUE,TRUE,TRUE,"","criteria",TRUE,NA
"Ocean2kHR_012","8OM2LD4AkILDPXk8QCGv","paleo1measurement1","d18O","permil","d18O",NA,FALSE,"Ocn-Malindi.Nakamura.2009","Coral",-3.2,40.1,-4.4,"Malindi","1.0.6",1,"subannual","negative","sea@surface",TRUE,1388,1886.96,2002.71,115.75,0.0799999999999272,115.75,FALSE,117,TRUE,TRUE,TRUE,TRUE,TRUE,TRUE,TRUE,TRUE,TRUE,"","criteria",FALSE,"cross-dataset"
"Ocean2kHR_012_iso2k","GZhjfnhNTkJ6dSM0vJjf","paleo1measurement1","d18O","permil","d18O",NA,FALSE,"CO09NAKY","Coral",-3.2,40.1,-4.4,"Malindi","1.0.10",1,"subannual","decrease/increase","sea surface",TRUE,1388,1886.96,2002.71,115.75,0.0799999999999272,115.75,FALSE,117,TRUE,TRUE,TRUE,TRUE,TRUE,TRUE,TRUE,TRUE,TRUE,"","criteria",FALSE,"cross-dataset"
"Ocean2kHR_013","iYNO0xVvso6KyHaABuL6","paleo1measurement1","d18O","permil","d18O",NA,FALSE,"Ocn-Reunion.Pfeiffer.2004","Coral",-21.0333,55.25,-12.3,"Reunion","1.0.7",1,"subannual","negative","sea@surface",TRUE,983,1832,1995.67,163.67,0.170000000000073,163.67,FALSE,146,TRUE,TRUE,TRUE,TRUE,TRUE,TRUE,TRUE,TRUE,TRUE,"","criteria",TRUE,NA
"Ocean2kHR_014","TKvK5llcfs66u4aX0I5o","paleo1measurement1","d18O","permil","d18O",NA,FALSE,"Ocn-AqabaJordanAQ18.Heiss.1999","Coral",29.42,34.97,-1,"Aqaba, Jordan","1.0.7",1,"Annual","negative","sea@surface",TRUE,205,1788,1992,204,1,204,FALSE,143,TRUE,TRUE,TRUE,TRUE,TRUE,TRUE,TRUE,TRUE,TRUE,"","criteria",TRUE,NA
"Ocean2kHR_016","6shlhhpkwdwBvAILI4nD","paleo1measurement1","d18O","permil","d18O",NA,FALSE,"Ocn-AqabaJordanAQ19.Heiss.1999","Coral",29.42,34.97,-1,"Aqaba, Jordan","1.0.7",1,"Annual","negative","sea@surface",TRUE,107,1886,1992,106,1,106,FALSE,107,TRUE,TRUE,TRUE,TRUE,TRUE,TRUE,TRUE,TRUE,TRUE,"","criteria",TRUE,NA
"Ocean2kHR_018","wH1adV7y36OC0h3kwDRF","paleo1measurement1","d18O","permil","d18O",NA,FALSE,"Ocn-SinaiPeninsula,RedSea.Moustafa.2000","Coral",27.8483,34.31,-3,"Sinai Peninsula, Red Sea","1.0.7",1,"subannual","negative","sea@surface",TRUE,514,1897.12,1993.12,96,0.179999999999836,96,FALSE,97,TRUE,TRUE,TRUE,TRUE,TRUE,TRUE,TRUE,TRUE,TRUE,"","criteria",TRUE,NA
"Ocean2kHR_019","4fZQAHmeuJn8ipLfurWv","paleo1measurement1","d18O","permil","d18O",NA,FALSE,"Ocn-RedSea.Felis.2000","Coral",27.85,34.32,-6,"Red Sea","1.0.7",1,"subannual","negative","sea@surface",TRUE,1468,1751.083,1995.583,244.5,0.166999999999916,244.5,FALSE,146,TRUE,TRUE,TRUE,TRUE,TRUE,TRUE,TRUE,TRUE,TRUE,"","criteria",TRUE,NA
"Ocean2kHR_020","25YFZl7i2sTwq2yn4F1u","paleo1measurement1","d18O","permil","d18O",NA,FALSE,"Ocn-Ifaty4.Zinke.2004","Coral",-23.15,43.58,-1.1,"Ifaty","1.0.6",1,"subannual","negative","sea@surface",TRUE,2017,1659.625,1995.625,336,0.166999999999916,336,FALSE,146,TRUE,TRUE,TRUE,TRUE,TRUE,TRUE,TRUE,TRUE,TRUE,"","criteria",TRUE,NA
"Ocean2kHR_021","DcsJyAPdhrDHNERrmmF8","paleo1measurement1","d18O","permil","d18O",NA,FALSE,"Ocn-Ifaty1.Zinke.2014","Coral",-23.15,43.58,-1.1,"Ifaty","1.0.6",1,"Mar-Oct","negative","sea@surface",TRUE,113,1882,1994,112,1,112,FALSE,113,TRUE,TRUE,TRUE,TRUE,TRUE,TRUE,TRUE,TRUE,TRUE,"","criteria",TRUE,NA
"Ocean2kHR_021_iso2k","UkxmfaCJG3Ws5GB7tlV3","paleo1measurement1","d18O","permil","d18O",NA,FALSE,"CO14ZIMG","Coral",-23.3572,43.6195,-1.1,"Tulear Reef, SW Madagascar","1.0.11",1,NA,"decrease/increase","sea surface",TRUE,113,1882,1994,112,1,112,FALSE,113,TRUE,TRUE,TRUE,TRUE,TRUE,TRUE,TRUE,TRUE,TRUE,"","criteria",TRUE,NA
"Ocean2kHR_022","qTLNiGawxQ4fioSpngI3","paleo1measurement1","d18O","permil","d18O",NA,FALSE,"Ocn-IfatyTul3.Zinke.2014","Coral",-23.3572,43.6195,-1.1,"Ifaty","1.0.6",1,"Mar-Oct","negative","sea@surface",TRUE,90,1905,1994,89,1,89,FALSE,90,TRUE,TRUE,TRUE,TRUE,TRUE,TRUE,TRUE,TRUE,TRUE,"","criteria",TRUE,NA
"Ocean2kHR_022_iso2k","UkxmfaCJG3Ws5GB7tlV3","paleo2measurement1","d18O","permil","d18O",NA,FALSE,"CO14ZIMG","Coral",-23.3572,43.6195,-1.1,"Tulear Reef, SW Madagascar","1.0.11",1,NA,"decrease/increase","sea surface",TRUE,90,1905,1994,89,1,89,FALSE,90,TRUE,TRUE,TRUE,TRUE,TRUE,TRUE,TRUE,TRUE,TRUE,"","criteria",FALSE,"within-dataset"
"Ocean2kHR_023","LcuHzZjcWRBIfFfzw1Xn","paleo1measurement1","d18O","permil","d18O",NA,FALSE,"Ocn-HoutmanAbrolhos.Kuhnert.1999","Coral",-28.47,113.77,-5,"Houtman Abrolhos","1.0.8",1,"subannual","negative","sea@surface",TRUE,1529,1794.708,1994.375,199.667,0.125,199.667,FALSE,145,TRUE,TRUE,TRUE,TRUE,TRUE,TRUE,TRUE,TRUE,TRUE,"","criteria",TRUE,NA
"Ocean2kHR_025","oMrJt3X69j8Eg6cp6d5i","paleo1measurement1","Sr/Ca","mmol/mol","Sr/Ca",NA,FALSE,"Ocn-HoutmanAbrolhosHAB05B.Zinke.2014","Coral",-28.4609,113.772,-8,"Houtman Abrolhos","1.0.7",1,"Annual","negative","sea@surface",TRUE,193,1798,2010,212,1,212,FALSE,147,TRUE,TRUE,TRUE,TRUE,TRUE,TRUE,TRUE,TRUE,TRUE,"","criteria",TRUE,NA
"Ocean2kHR_026","te8vD8CX5yF6DxXm2EPx","paleo1measurement1","d18O","permil","d18O",NA,FALSE,"Ocn-HoutmanAbrolhosHAB10A.Zinke.2014","Coral",-28.4589,113.749,-8,"Houtman Abrolhos","1.0.7",1,"Annual","negative","sea@surface",TRUE,152,1848,2010,162,1,162,FALSE,150,TRUE,TRUE,TRUE,TRUE,TRUE,TRUE,TRUE,TRUE,TRUE,"","criteria",TRUE,NA
"Ocean2kHR_027","te8vD8CX5yF6DxXm2EPx","paleo1measurement1","Sr/Ca","mmol/mol","Sr/Ca",NA,FALSE,"Ocn-HoutmanAbrolhosHAB10A.Zinke.2014","Coral",-28.4589,113.749,-8,"Houtman Abrolhos","1.0.7",1,"Annual","negative","sea@surface",TRUE,150,1848,2010,162,1,162,FALSE,148,TRUE,TRUE,TRUE,TRUE,TRUE,TRUE,TRUE,TRUE,TRUE,"","criteria",TRUE,NA
"Ocean2kHR_027_iso2k","4Zn8Y4l0vbrkiQiQJkeC","paleo1measurement1","Sr/Ca","mmol/mol","Sr/Ca",NA,FALSE,"CO14ZIHO","Coral",-28.4589,113.749,-8,"Houtman Abrolhos","1.0.8",1,"Annual","decrease","sea@surface",TRUE,150,1848,2010,162,1,162,FALSE,148,TRUE,TRUE,TRUE,TRUE,TRUE,TRUE,TRUE,TRUE,TRUE,"","criteria",FALSE,"cross-dataset"
"Ocean2kHR_094","pSt6OlWQEKb5cT8tD6cc","paleo1measurement1","d18O","permil","d18O",NA,FALSE,"Ocn-BermudaSouthShore.Goodkin.2008","Coral",30.6486,-64.9888,-16,"Bermuda south shore","1.0.6",1,"subannual","negative","sea@surface",TRUE,217,1782,1998,216,1,216,FALSE,149,TRUE,TRUE,TRUE,TRUE,TRUE,TRUE,TRUE,TRUE,TRUE,"","criteria",TRUE,NA
"Ocean2kHR_095","pSt6OlWQEKb5cT8tD6cc","paleo2measurement1","Sr/Ca","mmol/mol","Sr/Ca",NA,FALSE,"Ocn-BermudaSouthShore.Goodkin.2008","Coral",30.6486,-64.9888,-16,"Bermuda south shore","1.0.6",1,"subannual","negative","sea@surface",TRUE,218,1781,1998,217,1,217,FALSE,149,TRUE,TRUE,TRUE,TRUE,TRUE,TRUE,TRUE,TRUE,TRUE,"","criteria",TRUE,NA
"Ocean2kHR_095_iso2k","Tcz9OJKTzHVKZ8ulsLcp","paleo2measurement1","Sr/Ca","mmol/mol","Sr/Ca",NA,FALSE,"CO08GOBE","Coral",30.6486,-64.9888,-16,"Bermuda south shore","1.0.9",1,"subannual","decrease","sea@surface",TRUE,218,1781,1998,217,1,217,FALSE,149,TRUE,TRUE,TRUE,TRUE,TRUE,TRUE,TRUE,TRUE,TRUE,"","criteria",FALSE,"cross-dataset"
"Ocean2kHR_096","64oGy51dj5nbd2bbYHEE","paleo1measurement1","d18O","permil","d18O",NA,FALSE,"Ocn-LosRoques.Hetzinger.2008","Coral",11.77,-66.75,-2,"Los Roques, Venezuela","1.0.6",1,"subannual","negative","sea@surface",TRUE,1045,1917.79,2004.79,87,0.0799999999999272,87,FALSE,88,TRUE,TRUE,TRUE,TRUE,TRUE,TRUE,TRUE,TRUE,TRUE,"","criteria",FALSE,"cross-dataset"
"Ocean2kHR_096_iso2k","yZ874JD7h0OCRUETqUrr","paleo1measurement1","d18O","permil","d18O",NA,FALSE,"CO08HEVE","Coral",11.77,-66.75,-2,"Cayo Sal, Los Roques Archipelago, Venezuela","1.0.8",1,"subannual","decrease","sea surface",TRUE,1045,1917.79,2004.79,87,0.0799999999999272,87,FALSE,88,TRUE,TRUE,TRUE,TRUE,TRUE,TRUE,TRUE,TRUE,TRUE,"","criteria",FALSE,"cross-dataset"
"Ocean2kHR_097","XjodChDTfzumKfCZ7kMp","paleo1measurement1","d18O","permil","d18O",NA,FALSE,"Ocn-Guadeloupe.Steinhilber.2010","Coral",16.2,-61.49,-1.7,"Guadeloupe","1.0.8",1,"subannual","negative","sea@surface",TRUE,1206,1895.7,1999.21,103.51,0.0800000000001546,103.51,FALSE,103,TRUE,TRUE,TRUE,TRUE,TRUE,TRUE,TRUE,TRUE,TRUE,"","criteria",FALSE,"cross-dataset"
"Ocean2kHR_097_iso2k","evWoABoM15RbQE7Ktza0","paleo1measurement1","d18O","permil","d18O",NA,FALSE,"CO10HEIG","Coral",16.2,-61.49,-1.7,"Guadeloupe","1.0.9",1,"subannual","decrease","sea surface",TRUE,1206,1895.7,1999.21,103.51,0.0800000000001546,103.51,FALSE,103,TRUE,TRUE,TRUE,TRUE,TRUE,TRUE,TRUE,TRUE,TRUE,"","criteria",TRUE,NA
"Ocean2kHR_098","XjodChDTfzumKfCZ7kMp","paleo1measurement1","Sr/Ca","mmol/mol","Sr/Ca",NA,FALSE,"Ocn-Guadeloupe.Steinhilber.2010","Coral",16.2,-61.49,-1.7,"Guadeloupe","1.0.8",1,"subannual","negative","sea@surface",TRUE,1206,1895.7,1999.21,103.51,0.0800000000001546,103.51,FALSE,103,TRUE,TRUE,TRUE,TRUE,TRUE,TRUE,TRUE,TRUE,TRUE,"","criteria",FALSE,"cross-dataset"
"Ocean2kHR_098_iso2k","evWoABoM15RbQE7Ktza0","paleo1measurement1","Sr/Ca","mmol/mol","Sr/Ca",NA,FALSE,"CO10HEIG","Coral",16.2,-61.49,-1.7,"Guadeloupe","1.0.9",1,"subannual","decrease","sea@surface",TRUE,1206,1895.7,1999.21,103.51,0.0800000000001546,103.51,FALSE,103,TRUE,TRUE,TRUE,TRUE,TRUE,TRUE,TRUE,TRUE,TRUE,"","criteria",FALSE,"cross-dataset"
"Ocean2kHR_099","f01nLhWrK79GaeGd07hp","paleo1measurement1","d18O","permil","d18O",NA,FALSE,"Ocn-TurrumoteReefPuertoRico.Kilbourne.2008","Coral",17.93,-67,-5,"Turrumote Reef, Puerto Rico","1.0.7",1,"Jul-Jun","negative","sea@surface",TRUE,253,1751,2004,253,1,253,FALSE,154,TRUE,TRUE,TRUE,TRUE,TRUE,TRUE,TRUE,TRUE,TRUE,"","criteria",TRUE,NA
"Ocean2kHR_100","f01nLhWrK79GaeGd07hp","paleo1measurement1","Sr/Ca","mmol/mol","Sr/Ca",NA,FALSE,"Ocn-TurrumoteReefPuertoRico.Kilbourne.2008","Coral",17.93,-67,-5,"Turrumote Reef, Puerto Rico","1.0.7",1,"Jul-Jun","negative","sea@surface",TRUE,253,1751,2004,253,1,253,FALSE,154,TRUE,TRUE,TRUE,TRUE,TRUE,TRUE,TRUE,TRUE,TRUE,"","criteria",TRUE,NA
"Ocean2kHR_102","16wIU60ElgHxTZJfzWqt","paleo1measurement1","d18O","permil","d18O",NA,FALSE,"Ocn-NorthEastBreakers_Bermuda.Kuhnert.2002","Coral",32.47,-64.7,-11,"North East Breakers, Bermuda","1.0.7",1,"subannual","negative","sea@surface",TRUE,1021,1519.21,1604.21,85,0.0799999999999272,85,FALSE,0,TRUE,TRUE,TRUE,TRUE,TRUE,FALSE,TRUE,TRUE,TRUE,"calibration","curator admission",TRUE,NA
"Ocean2kHR_105","SXWdj0ru7IbEPJLwtPN7","paleo1measurement1","d18O","permil","d18O",NA,FALSE,"Ocn-NorthEastBreakers_Bermuda.Kuhnert.2005","Coral",32.467,-64.7,-12,"North East Breakers, Bermuda","1.0.7",1,"subannual","negative","sea@surface",TRUE,1897,1825.21,1983.21,158,0.0799999999999272,158,FALSE,134,TRUE,TRUE,TRUE,TRUE,TRUE,TRUE,TRUE,TRUE,TRUE,"","criteria",TRUE,NA
"Ocean2kHR_106","SXWdj0ru7IbEPJLwtPN7","paleo2measurement1","Sr/Ca","mmol/mol","Sr/Ca",NA,FALSE,"Ocn-NorthEastBreakers_Bermuda.Kuhnert.2005","Coral",32.467,-64.7,-12,"North East Breakers, Bermuda","1.0.7",1,"subannual","negative","sea@surface",TRUE,1393,1867.21,1983.21,116,0.0799999999999272,116,FALSE,117,TRUE,TRUE,TRUE,TRUE,TRUE,TRUE,TRUE,TRUE,TRUE,"","criteria",TRUE,NA
"Ocean2kHR_106_iso2k","873EkNZdP2vfB7zEPWsW","paleo2measurement1","Sr/Ca","mmol/mol","Sr/Ca",NA,FALSE,"CO05KUBE","Coral",32.467,-64.7,-12,"North East Breakers, Bermuda","1.0.9",1,"subannual","decrease","sea@surface",TRUE,1393,1867.21,1983.21,116,0.0799999999999272,116,FALSE,117,TRUE,TRUE,TRUE,TRUE,TRUE,TRUE,TRUE,TRUE,TRUE,"","criteria",FALSE,"cross-dataset"
"Ocean2kHR_107","HH7jd52QFWaBgs9OvMqP","paleo1measurement1","d18O","permil","d18O",NA,FALSE,"Ocn-PedradeLume-CapeVerdeIslands.Moses.2006","Coral",16.76,-22.8883,-5,"Pedra de Lume, Cape Verde Islands","1.0.6",1,"subannual","negative","sea@surface",TRUE,880,1928.96,2002.21,73.25,0.0799999999999272,73.25,FALSE,75,TRUE,TRUE,TRUE,TRUE,TRUE,TRUE,TRUE,TRUE,TRUE,"","criteria",FALSE,"cross-dataset"
"Ocean2kHR_107_iso2k","e0oJBv1sk4Sqpmic8hUo","paleo1measurement1","d18O","permil","d18O",NA,FALSE,"CO06MOPE","Coral",16.75,-22.8883,-5,"Pedra de Lume, Cape Verde Islands","1.0.10",1,"subannual","decrease","sea surface",TRUE,880,1928.96,2002.21,73.25,0.0799999999999272,73.25,FALSE,75,TRUE,TRUE,TRUE,TRUE,TRUE,TRUE,TRUE,TRUE,TRUE,"","criteria",FALSE,"cross-dataset"
"Ocean2kHR_108","PxB0uvmdOcFAKSz0SJLB","paleo1measurement1","d18O","permil","d18O",NA,FALSE,"Ocn-BuccooReefTobagoMontastrea.Moses.2006","Coral",11.17,-60.85,-2,"Buccoo Reef, Tobago","1.0.7",1,"Annual","negative","sea@surface",TRUE,64,1927,1990,63,1,63,FALSE,64,TRUE,TRUE,TRUE,TRUE,TRUE,TRUE,TRUE,TRUE,TRUE,"","criteria",TRUE,NA
"Ocean2kHR_108_iso2k","IhzvxKV8k4KmLBwQ6wW1","paleo1measurement1","d18O","permil","d18O",NA,FALSE,"CO06MOTO","Coral",11.17,-60.85,-2,"Buccoo Reef, Tobago","1.0.11",1,"Annual","decrease/increase","sea surface",TRUE,64,1927,1990,63,1,63,FALSE,64,TRUE,TRUE,TRUE,TRUE,TRUE,TRUE,TRUE,TRUE,TRUE,"","criteria",FALSE,"cross-dataset"
"Ocean2kHR_109_iso2k","IhzvxKV8k4KmLBwQ6wW1","paleo1measurement1","d13C","permil","d13C",NA,FALSE,"CO06MOTO","Coral",11.17,-60.85,-2,"Buccoo Reef, Tobago","1.0.11",1,"Annual","decrease/increase","sea surface",TRUE,64,1927,1990,63,1,63,FALSE,64,TRUE,TRUE,TRUE,TRUE,TRUE,TRUE,TRUE,TRUE,TRUE,"","criteria",TRUE,NA
"Ocean2kHR_110","An6v2IzzcgaScZNxCIZd","paleo1measurement1","d18O","permil","d18O",NA,FALSE,"Ocn-BuccooReefTobagoSidereastrea.Moses.2006","Coral",11.17,-60.85,-2,"Buccoo Reef, Tobago","1.0.7",1,"Annual","negative","sea@surface",TRUE,59,1932,1990,58,1,58,FALSE,59,TRUE,TRUE,TRUE,TRUE,TRUE,TRUE,TRUE,TRUE,TRUE,"","criteria",TRUE,NA
"Ocean2kHR_110_iso2k","IhzvxKV8k4KmLBwQ6wW1","paleo2measurement1","d18O","permil","d18O",NA,FALSE,"CO06MOTO","Coral",11.17,-60.85,-2,"Buccoo Reef, Tobago","1.0.11",1,"Annual","decrease/increase","sea surface",TRUE,59,1932,1990,58,1,58,FALSE,59,TRUE,TRUE,TRUE,TRUE,TRUE,TRUE,TRUE,TRUE,TRUE,"","criteria",FALSE,"within-dataset"
"Ocean2kHR_111_iso2k","IhzvxKV8k4KmLBwQ6wW1","paleo3measurement1","d13C","permil","d13C",NA,FALSE,"CO06MOTO","Coral",11.17,-60.85,-2,"Buccoo Reef, Tobago","1.0.11",1,"Annual","decrease/increase","sea surface",TRUE,58,1932,1989,57,1,57,FALSE,58,TRUE,TRUE,TRUE,TRUE,TRUE,TRUE,TRUE,TRUE,TRUE,"","criteria",FALSE,"within-dataset"
"Ocean2kHR_112","0uFbi6ioaAGZauZPIe49","paleo1measurement1","d18O","permil","d18O",NA,FALSE,"Ocn-TongueoftheOceanExuma.Rosenheim.2005","Sclerosponge",23.766,-76.053,-136,"Tongue of the Ocean, Exuma Sound Bahamas","1.0.6",1,"Annual","negative","sea@surface",TRUE,101,1890,1990,100,1,100,FALSE,101,TRUE,TRUE,TRUE,TRUE,TRUE,TRUE,TRUE,TRUE,TRUE,"","criteria",TRUE,NA
"Ocean2kHR_112_iso2k","PBWAsecE3wOhGEpJLXsk","paleo1measurement1","d18O","permil","d18O",NA,FALSE,"SS05ROES","Sclerosponge",23.67,-75.75,-136,"Exuma Sound Bahamas","1.0.9",1,"Annual","decrease","subsurface, 136 m",TRUE,101,1890,1990,100,1,100,FALSE,101,TRUE,TRUE,TRUE,TRUE,TRUE,TRUE,TRUE,TRUE,TRUE,"","criteria",TRUE,NA
"Ocean2kHR_113","0uFbi6ioaAGZauZPIe49","paleo1measurement1","Sr/Ca","mmol/mol","Sr/Ca",NA,FALSE,"Ocn-TongueoftheOceanExuma.Rosenheim.2005","Sclerosponge",23.766,-76.053,-136,"Tongue of the Ocean, Exuma Sound Bahamas","1.0.6",1,"Annual","negative","sea@surface",TRUE,101,1890,1990,100,1,100,FALSE,101,TRUE,TRUE,TRUE,TRUE,TRUE,TRUE,TRUE,TRUE,TRUE,"","criteria",TRUE,NA
"Ocean2kHR_113_iso2k","PBWAsecE3wOhGEpJLXsk","paleo1measurement1","Sr/Ca","mmol/mol","Sr/Ca",NA,FALSE,"SS05ROES","Sclerosponge",23.67,-75.75,-136,"Exuma Sound Bahamas","1.0.9",1,"Annual","decrease","sea@surface",TRUE,101,1890,1990,100,1,100,FALSE,101,TRUE,TRUE,TRUE,TRUE,TRUE,TRUE,TRUE,TRUE,TRUE,"","criteria",TRUE,NA
"Ocean2kHR_114","sbAcDnElITqfgzjS2UvK","paleo1measurement1","d18O","permil","d18O",NA,FALSE,"Ocn-TongueoftheOcean.Rosenheim.2005","Sclerosponge",23.504,-76.577,-143,"Tongue of the Ocean, Exuma Sound Bahamas","1.0.6",1,"Annual","negative","sea@surface",TRUE,101,1890,1990,100,1,100,FALSE,101,TRUE,TRUE,TRUE,TRUE,TRUE,TRUE,TRUE,TRUE,TRUE,"","criteria",TRUE,NA
"Ocean2kHR_115","sbAcDnElITqfgzjS2UvK","paleo1measurement1","Sr/Ca","mmol/mol","Sr/Ca",NA,FALSE,"Ocn-TongueoftheOcean.Rosenheim.2005","Sclerosponge",23.504,-76.577,-143,"Tongue of the Ocean, Exuma Sound Bahamas","1.0.6",1,"Annual","negative","sea@surface",TRUE,101,1890,1990,100,1,100,FALSE,101,TRUE,TRUE,TRUE,TRUE,TRUE,TRUE,TRUE,TRUE,TRUE,"","criteria",TRUE,NA
"Ocean2kHR_116","YPELMcktES9xJGR0HqGM","paleo1measurement1","d18O","permil","d18O",NA,FALSE,"Ocn-FloridaBay.Swart.1996","Coral",24.93,-80.75,-3,"Florida Bay","1.0.7",1,"subannual","positive","sea@surface",TRUE,162,1824,1985,161,1,161,FALSE,136,TRUE,TRUE,TRUE,TRUE,TRUE,TRUE,TRUE,TRUE,TRUE,"","criteria",FALSE,"cross-dataset"
"Ocean2kHR_118","uCCFwPRmrmi8PZwFL0GE","paleo1measurement1","d18O","permil","d18O",NA,FALSE,"Ocn-BiscayneBay.Swart.1996","Coral",25.38,-80.17,-10,"Biscayne Bay","1.0.6",1,"subannual","positive","sea@surface",TRUE,236,1751,1986,235,1,235,FALSE,137,TRUE,TRUE,TRUE,TRUE,TRUE,TRUE,TRUE,TRUE,TRUE,"","criteria",FALSE,"cross-dataset"
"Ocean2kHR_122","0Ty02Bf6SVgd3023WClZ","paleo1measurement1","d18O","permil","d18O",NA,FALSE,"Ocn-GulfofMaine.Wanamaker.2007","MarineSediment",43.6561,-69.8017,-30,"Gulf of Maine","1.0.7",1,"Annual","negative","sea@surface",TRUE,329,1033,2003,970,1,970,FALSE,140,TRUE,TRUE,TRUE,TRUE,TRUE,TRUE,TRUE,TRUE,TRUE,"","criteria",TRUE,NA
"Ocean2kHR_123","MgEf9hXkljv4lIOIYqEK","paleo1measurement1","Sr/Ca","mmol/mol","Sr/Ca",NA,FALSE,"Ocn-DryTortugas.DeLong.2014","Coral",24.6,-82.3,-4,"Dry Tortugas","1.0.6",1,"subannual","negative","sea@surface",TRUE,3299,1733.79166666692,2008.625,274.83333333308,0.0833333333300743,274.83333333308,FALSE,159,TRUE,TRUE,TRUE,TRUE,TRUE,TRUE,TRUE,TRUE,TRUE,"","criteria",TRUE,NA
"Ocean2kHR_125","JMzf21d0ZvuXbdQ5ITxx","paleo1measurement1","d18O","permil","d18O",NA,FALSE,"Ocn-Bermuda.DraschbaB.2000","Coral",30.0867,-64.5417,-25,"Bermuda","1.0.7",1,"Aug-Jul","negative","sea@surface",TRUE,25,1833,1904,71,3,71,FALSE,19,TRUE,TRUE,FALSE,FALSE,TRUE,FALSE,TRUE,TRUE,TRUE,"resolution;calibration","curator admission",TRUE,NA
"Ocean2kHR_125_iso2k","nCYj44f2zrFfpch4GvkX","paleo2measurement1","d18O","permil","d18O",NA,FALSE,"CO00DRBE","Coral",32.3,-64.7,-25,"Northeast Breakers, Bermuda","1.0.6",1,NA,"decrease","sea surface",TRUE,25,1833,1904,71,3,71,FALSE,19,TRUE,TRUE,FALSE,FALSE,TRUE,FALSE,TRUE,TRUE,TRUE,"resolution;calibration","curator admission",TRUE,NA
"Ocean2kHR_126","uCoISsIVSCeYOMwV1q6n","paleo1measurement1","d18O","permil","d18O",NA,FALSE,"Ocn-MontegoBayJamaica.Haase-Schramm.2003","Sclerosponge",18.4667,-77.95,-20,"Montego Bay Jamaica","1.0.7",1,"Aug-Jul","negative","sea@surface",TRUE,175,1344,1991,647,3,647,FALSE,27,TRUE,TRUE,FALSE,FALSE,TRUE,TRUE,TRUE,TRUE,TRUE,"resolution","curator admission",TRUE,NA
"Ocean2kHR_127","uCoISsIVSCeYOMwV1q6n","paleo2measurement1","Sr/Ca","mmol/mol","Sr/Ca",NA,FALSE,"Ocn-MontegoBayJamaica.Haase-Schramm.2003","Sclerosponge",18.4667,-77.95,-20,"Montego Bay Jamaica","1.0.7",1,"Aug-Jul","negative","sea@surface",TRUE,170,1356,1991,635,3,635,FALSE,29,TRUE,TRUE,FALSE,FALSE,TRUE,TRUE,TRUE,TRUE,TRUE,"resolution","curator admission",TRUE,NA
"Ocean2kHR_128","cVDlWTKTMGjWiA3E8Whk","paleo1measurement1","d18O","permil","d18O",NA,FALSE,"Ocn-PedroBankJamaica.Haase-Schramm.2003","Sclerosponge",17.5333,-78.95,-125,"Pedro Bank Jamaica","1.0.7",1,"Aug-Jul","negative","sea@surface",TRUE,118,1389,1992,603,5,603,FALSE,34,TRUE,TRUE,FALSE,FALSE,TRUE,TRUE,TRUE,TRUE,TRUE,"resolution","curator admission",TRUE,NA
"Ocean2kHR_128_iso2k","XWP4W5INaUdeS85EEjwA","paleo2measurement1","d18O","permil","d18O",NA,FALSE,"SS03HAJA","Sclerosponge",18.47,-77.95,-20,"Montego Bay, Jamaica","1.0.9",1,"Aug-Jul","decrease","125 mbsl",TRUE,118,1389,1992,603,5,603,FALSE,34,TRUE,TRUE,FALSE,FALSE,TRUE,TRUE,TRUE,TRUE,TRUE,"resolution","curator admission",TRUE,NA
"Ocean2kHR_129","cVDlWTKTMGjWiA3E8Whk","paleo2measurement1","Sr/Ca","mmol/mol","Sr/Ca",NA,FALSE,"Ocn-PedroBankJamaica.Haase-Schramm.2003","Sclerosponge",17.5333,-78.95,-125,"Pedro Bank Jamaica","1.0.7",1,"Aug-Jul","negative","sea@surface",TRUE,113,1384,1992,608,5,608,FALSE,28,TRUE,TRUE,FALSE,FALSE,TRUE,TRUE,TRUE,TRUE,TRUE,"resolution","curator admission",TRUE,NA
"Ocean2kHR_130","aumxeNse6c6rZcKl2fjP","paleo1measurement1","calcificationRate","cm/yr","calcification rate","mineral",FALSE,"Ocn-GingerbreadsBahamas.Saenger.2009","Coral",25.84,-78.62,-4,"Gingerbreads Bahamas","1.0.6",1,"Sep-Aug","negative","sea@surface",TRUE,440,1552,1991,439,1,439,FALSE,142,TRUE,TRUE,TRUE,TRUE,TRUE,TRUE,TRUE,TRUE,TRUE,"","criteria",TRUE,NA
"Ocean2kHR_131","PKqray0JH7seqXY3UOi1","paleo1measurement1","calcificationRate","mm/yr","calcification rate","mineral",FALSE,"Ocn-PuntaMaroma.Vasquez-Bedoya.2012","Coral",20.83,-86.74,-3.1,"Punta Maroma, Mexico","1.0.9",1,"Annual","negative","sea@surface",TRUE,237,1773,2009,236,1,236,FALSE,160,TRUE,TRUE,TRUE,TRUE,TRUE,TRUE,TRUE,TRUE,TRUE,"","criteria",TRUE,NA
"Ocean2kHR_132","giFn8xH6uWftP06dSlGQ","paleo1measurement1","d18O","permil","d18O",NA,FALSE,"Ocn-Moorea.Boiseau.1998","Coral",-17.5,-149.8333,-5,"Moorea","1.0.7",1,"subannual","negative","sea@surface",TRUE,139,1852.5,1990.5,138,1,138,FALSE,139,TRUE,TRUE,TRUE,TRUE,TRUE,TRUE,TRUE,TRUE,TRUE,"","criteria",TRUE,NA
"Ocean2kHR_132_iso2k","H6w2icNZMsy6whGbYlUh","paleo1measurement1","d18O","permil","d18O",NA,FALSE,"CO98BOFP","Coral",-17.5,-149.8333,-5,"Moorea, French Polynesia","1.0.11",1,"subannual","decrease/increase","sea surface",TRUE,139,1852.5,1990.5,138,1,138,FALSE,139,TRUE,TRUE,TRUE,TRUE,TRUE,TRUE,TRUE,TRUE,TRUE,"","criteria",FALSE,"cross-dataset"
"Ocean2kHR_133","RfCfN5MolDB1fzeOrUCc","paleo1measurement1","d18O","permil","d18O",NA,FALSE,"Ocn-Vanuatu.Quinn.1996","Coral",-15,166.99,-1,"Vanuatu","1.0.6",1,"Annual","negative","sea@surface",TRUE,173,1807,1979,172,1,172,FALSE,130,TRUE,TRUE,TRUE,TRUE,TRUE,TRUE,TRUE,TRUE,TRUE,"","criteria",TRUE,NA
"Ocean2kHR_134","nMnGyRMkchBVRjhUfd4Y","paleo1measurement1","Sr/Ca","mmol/mol","Sr/Ca",NA,FALSE,"Ocn-AmedeeIsland.DeLong.2012","Coral",-22.475,166.4667,-3,"Amedee Island","1.0.6",1,"subannual","negative","sea@surface",TRUE,4211,1648.95833333365,1999.79166666667,350.83333333302,0.0833333333300743,350.83333333302,FALSE,150,TRUE,TRUE,TRUE,TRUE,TRUE,TRUE,TRUE,TRUE,TRUE,"","criteria",TRUE,NA
"Ocean2kHR_135","r1KrEuEwfDwInsLmaGGu","paleo1measurement1","d18O","permil","d18O",NA,FALSE,"Ocn-Kiritimati.Evans.1998","Coral",1.6792,-157.2473,-9,"Kiritimati","1.0.8",1,"subannual","negative","sea@surface",TRUE,665,1938.292,1993.625,55.3330000000001,0.0830000000000837,55.3330000000001,FALSE,56,TRUE,TRUE,TRUE,TRUE,TRUE,TRUE,TRUE,TRUE,TRUE,"","criteria",TRUE,NA
"Ocean2kHR_135_iso2k","HXSIHrYik89LrfBXgzJJ","paleo1measurement1","d18O","permil","d18O",NA,FALSE,"CO98EVXM","Coral",1.6792,-157.2473,9,"Kiritimati","1.0.8",1,"subannual","decrease/increase","sea surface",TRUE,665,1938.292,1993.625,55.3330000000001,0.0830000000000837,55.3330000000001,FALSE,56,TRUE,TRUE,TRUE,TRUE,TRUE,TRUE,TRUE,TRUE,TRUE,"","criteria",FALSE,"cross-dataset"
"Ocean2kHR_136_iso2k","HXSIHrYik89LrfBXgzJJ","paleo1measurement1","d13C","permil","d13C",NA,FALSE,"CO98EVXM","Coral",1.6792,-157.2473,9,"Kiritimati","1.0.8",1,"subannual","decrease/increase","sea surface",TRUE,665,1938.292,1993.625,55.3330000000001,0.0830000000000837,55.3330000000001,FALSE,56,TRUE,TRUE,TRUE,TRUE,TRUE,TRUE,TRUE,TRUE,TRUE,"","criteria",TRUE,NA
"Ocean2kHR_137","cYeN21zJHuTYfl68zij6","paleo1measurement1","Sr/Ca","mmol/mol","Sr/Ca",NA,FALSE,"Ocn-XishaIslandSouthChinaSea.Sun.2004","Coral",16.85,112.33,-20,"Xisha Island, South China Sea","1.0.6",1,"subannual","negative","sea@surface",TRUE,1060,1906,1994.34,88.3399999999999,0.0800000000001546,88.3399999999999,FALSE,89,TRUE,TRUE,TRUE,TRUE,TRUE,TRUE,TRUE,TRUE,TRUE,"","criteria",TRUE,NA
"Ocean2kHR_138","4vvDhRjTIfMR5ceawqJS","paleo1measurement1","d18O","permil","d18O",NA,FALSE,"Ocn-SecasIslandPanama.Linsley.1994","Coral",7.95,-82,-3,"Secas Island, Panama","1.0.6",1,"subannual","negative","sea@surface",TRUE,2723,1707.75,1984.5,276.75,0.0900000000001455,276.75,FALSE,135,TRUE,TRUE,TRUE,TRUE,TRUE,TRUE,TRUE,TRUE,TRUE,"","criteria",TRUE,NA
"Ocean2kHR_140","m8yv2VgG97zJmSg3XhqQ","paleo1measurement1","d18O","permil","d18O",NA,FALSE,"Ocn-MadangLagoonPapuaNewGuinea.Kuhnert.2001","Coral",-5.2167,145.8167,-2.2,"Madang Lagoon, Papua New Guinea","1.0.6",1,"subannual","negative","sea@surface",TRUE,450,1880.792,1993.042,112.25,0.25,112.25,FALSE,114,TRUE,TRUE,TRUE,TRUE,TRUE,TRUE,TRUE,TRUE,TRUE,"","criteria",TRUE,NA
"Ocean2kHR_140_iso2k","vyDhoIMb8k0yw0TdJdlJ","paleo1measurement1","d18O","permil","d18O",NA,FALSE,"CO01TUNG","Coral",-5.217,145.817,-3,"Deplik Tabat Reef, Madang Lagoon","1.0.11",1,"subannual","decrease/increase","sea surface",TRUE,450,1880.792,1993.042,112.25,0.25,112.25,FALSE,114,TRUE,TRUE,TRUE,TRUE,TRUE,TRUE,TRUE,TRUE,TRUE,"","criteria",FALSE,"cross-dataset"
"Ocean2kHR_141","mC3atfdldWXU1HdElIxX","paleo1measurement1","d18O","permil","d18O",NA,FALSE,"Ocn-LaingIslandPapuaNewGuinea.Tudhope.2001","Coral",-4.15,144.8833,-3,"Laing Island, Papua New Guinea","1.0.6",1,"subannual","negative","sea@surface",TRUE,435,1884.542,1993.042,108.5,0.25,108.5,FALSE,110,TRUE,TRUE,TRUE,TRUE,TRUE,TRUE,TRUE,TRUE,TRUE,"","criteria",TRUE,NA
"Ocean2kHR_141_iso2k","vyDhoIMb8k0yw0TdJdlJ","paleo2measurement1","d18O","permil","d18O",NA,FALSE,"CO01TUNG","Coral",-5.217,145.817,-3,"Deplik Tabat Reef, Madang Lagoon","1.0.11",1,"subannual","decrease/increase","sea surface",TRUE,435,1884.542,1993.042,108.5,0.25,108.5,FALSE,110,TRUE,TRUE,TRUE,TRUE,TRUE,TRUE,TRUE,TRUE,TRUE,"","criteria",FALSE,"within-dataset"
"Ocean2kHR_142","xrxmt5mo87aEy7bal7Fj","paleo1measurement1","d18O","permil","d18O",NA,FALSE,"Ocn-SavusavuBayFiji.Bagnato.2005","Coral",-16.82,179.23,-2,"Savusavu Bay, Fiji","1.0.6",1,"Annual","negative","sea@surface",TRUE,226,1776,2001,225,1,225,FALSE,152,TRUE,TRUE,TRUE,TRUE,TRUE,TRUE,TRUE,TRUE,TRUE,"","criteria",TRUE,NA
"Ocean2kHR_143","RY1UYOA686pVeV8mHd7V","paleo1measurement1","Sr/Ca","mmol/mol","Sr/Ca",NA,FALSE,"Ocn-NewIrelandPapua.Alibert.2008","Coral",-2.5,150.5,-8,"New Ireland, Papua","1.0.6",1,"subannual","negative","sea@surface",TRUE,2082,1823.0833,1997.25,174.1667,0.0833000000000084,174.1667,FALSE,148,TRUE,TRUE,TRUE,TRUE,TRUE,TRUE,TRUE,TRUE,TRUE,"","criteria",TRUE,NA
"Ocean2kHR_144","qdeYKHwTRO2i8OjKbkrG","paleo1measurement1","d18O","permil","d18O",NA,FALSE,"Ocn-Rabaul.Quinn.2006","Coral",-4.1916,151.9772,-8,"Rabaul","1.0.7",1,"subannual","negative","sea@surface",TRUE,1563,1867.38,1997.54,130.16,0.0799999999999272,130.16,FALSE,131,TRUE,TRUE,TRUE,TRUE,TRUE,TRUE,TRUE,TRUE,TRUE,"","criteria",FALSE,"cross-dataset"
"Ocean2kHR_144_iso2k","MNN1hLqGHovxO9RxzqWP","paleo1measurement1","d18O","permil","d18O",NA,FALSE,"CO06QUNG","Coral",-4.1916,151.9772,-8,"Rabaul","1.0.9",1,"subannual","decrease/increase","sea surface",TRUE,1563,1867.38,1997.54,130.16,0.0799999999999272,130.16,FALSE,131,TRUE,TRUE,TRUE,TRUE,TRUE,TRUE,TRUE,TRUE,TRUE,"","criteria",TRUE,NA
"Ocean2kHR_145","qdeYKHwTRO2i8OjKbkrG","paleo1measurement1","Sr/Ca","mmol/mol","Sr/Ca",NA,FALSE,"Ocn-Rabaul.Quinn.2006","Coral",-4.1916,151.9772,-8,"Rabaul","1.0.7",1,"subannual","negative","sea@surface",TRUE,1563,1867.38,1997.54,130.16,0.0799999999999272,130.16,FALSE,131,TRUE,TRUE,TRUE,TRUE,TRUE,TRUE,TRUE,TRUE,TRUE,"","criteria",FALSE,"cross-dataset"
"Ocean2kHR_145_iso2k","MNN1hLqGHovxO9RxzqWP","paleo1measurement1","Sr/Ca","mmol/mol","Sr/Ca",NA,FALSE,"CO06QUNG","Coral",-4.1916,151.9772,-8,"Rabaul","1.0.9",1,"subannual","decrease","sea@surface",TRUE,1563,1867.38,1997.54,130.16,0.0799999999999272,130.16,FALSE,131,TRUE,TRUE,TRUE,TRUE,TRUE,TRUE,TRUE,TRUE,TRUE,"","criteria",FALSE,"cross-dataset"
"Ocean2kHR_146_iso2k","MNN1hLqGHovxO9RxzqWP","paleo1measurement1","d13C","permil","d13C",NA,FALSE,"CO06QUNG","Coral",-4.1916,151.9772,-8,"Rabaul","1.0.9",1,"subannual","decrease","sea@surface",TRUE,1563,1867.38,1997.54,130.16,0.0799999999999272,130.16,FALSE,131,TRUE,TRUE,TRUE,TRUE,TRUE,TRUE,TRUE,TRUE,TRUE,"","criteria",TRUE,NA
"Ocean2kHR_147","naORfhZh63chmKeZfEEb","paleo1measurement1","d18O","permil","d18O",NA,FALSE,"Ocn-Rarotonga_d18O2R.Linsley.2006","Coral",-21.2378,-159.8278,-18.3,"Rarotonga","1.0.7",1,"subannual","negative","sea@surface",TRUE,2162,1726.78,1996.91,270.13,0.130000000000109,270.13,FALSE,147,TRUE,TRUE,TRUE,TRUE,TRUE,TRUE,TRUE,TRUE,TRUE,"","criteria",TRUE,NA
"Ocean2kHR_149","42Y3dTVrfgNSXw8sxdjK","paleo1measurement1","Sr/Ca","mmol/mol","Sr/Ca",NA,FALSE,"Ocn-RarotongaSrCa2r.Linsley.2006","Coral",-21.2378,-159.8278,-18.3,"Rarotonga","1.0.6",1,"subannual","negative","sea@surface",TRUE,2162,1726.84,1996.96,270.12,0.120000000000118,270.12,FALSE,147,TRUE,TRUE,TRUE,TRUE,TRUE,TRUE,TRUE,TRUE,TRUE,"","criteria",TRUE,NA
"Ocean2kHR_150","DsyeOkTQsjzGoquEy6yg","paleo1measurement1","d18O","permil","d18O",NA,FALSE,"Ocn-Rarotonga_d18O3R.Linsley.2006","Coral",-21.2378,-159.8278,-10,"Rarotonga","1.0.7",1,"subannual","negative","sea@surface",TRUE,1005,1874.68,2000.18,125.5,0.125,125.5,FALSE,127,TRUE,TRUE,TRUE,TRUE,TRUE,TRUE,TRUE,TRUE,TRUE,"","criteria",FALSE,"cross-dataset"
"Ocean2kHR_152","I4x6h14gYLxI0uZAKd7D","paleo1measurement1","d18O","permil","d18O",NA,FALSE,"Ocn-Rarotonga_d18O99.Linsley.2006","Coral",-21.2378,-159.8278,-18,"Rarotonga","1.0.7",1,"subannual","negative","sea@surface",TRUE,744,1906.88,1999.75,92.8699999999999,0.119999999999891,92.8699999999999,FALSE,94,TRUE,TRUE,TRUE,TRUE,TRUE,TRUE,TRUE,TRUE,TRUE,"","criteria",FALSE,"cross-dataset"
"Ocean2kHR_154","EZIGAmqkV9edwhpUHk0k","paleo1measurement1","d18O","permil","d18O",NA,FALSE,"Ocn-Vanuatu.Gorman.2012","Coral",-15.94,166.04,-8,"Vanuatu","1.0.8",1,"subannual","negative","sea@surface",TRUE,1981,1842.625,2007.625,165,0.0833330000000387,165,FALSE,158,TRUE,TRUE,TRUE,TRUE,TRUE,TRUE,TRUE,TRUE,TRUE,"","criteria",TRUE,NA
"Ocean2kHR_155_iso2k","6iQeJsjOAoS8QW2JSoeT","paleo1measurement1","d13C","permil","d13C",NA,FALSE,"CO12GOVA","Coral",-15.94,166.04,-8,"Vanuatu","1.0.9",1,"subannual","decrease","sea surface",TRUE,1981,1842.625,2007.625,165,0.0833000000000084,165,FALSE,158,TRUE,TRUE,TRUE,TRUE,TRUE,TRUE,TRUE,TRUE,TRUE,"","criteria",TRUE,NA
"Ocean2kHR_156","wYpxFR9Pyv4J9dA8bfh9","paleo1measurement1","d18O","permil","d18O",NA,FALSE,"Ocn-SavusavuBayAB.Linsley.2006","Coral",-16.8167,179.2333,-10,"Savusavu Bay","1.0.6",1,"subannual","negative","sea@surface",TRUE,385,1617.5,2001.5,384,1,384,FALSE,152,TRUE,TRUE,TRUE,TRUE,TRUE,TRUE,TRUE,TRUE,TRUE,"","criteria",FALSE,"cross-dataset"
"Ocean2kHR_157","8pJ18fkkg0KCwSLcJycU","paleo1measurement1","d18O","permil","d18O",NA,FALSE,"Ocn-SavusavuBay1F.Linsley.2006","Coral",-16.8167,179.2333,-10,"Savusavu Bay","1.0.6",1,"subannual","negative","sea@surface",TRUE,216,1781.5,1996.5,215,1,215,FALSE,147,TRUE,TRUE,TRUE,TRUE,TRUE,TRUE,TRUE,TRUE,TRUE,"","criteria",TRUE,NA
"Ocean2kHR_158","8pJ18fkkg0KCwSLcJycU","paleo1measurement1","Sr/Ca","mmol/mol","Sr/Ca",NA,FALSE,"Ocn-SavusavuBay1F.Linsley.2006","Coral",-16.8167,179.2333,-10,"Savusavu Bay","1.0.6",1,"subannual","negative","sea@surface",TRUE,216,1781.5,1996.5,215,1,215,FALSE,147,TRUE,TRUE,TRUE,TRUE,TRUE,TRUE,TRUE,TRUE,TRUE,"","criteria",TRUE,NA
"Ocean2kHR_158_iso2k","uRd1DB3hdHC24mo8YSyO","paleo1measurement1","Sr/Ca","mmol/mol","Sr/Ca",NA,FALSE,"CO04LIFI","Coral",-16.8167,179.2333,-10,"Savusavu Bay","1.0.9",1,"subannual","decrease","sea@surface",TRUE,216,1781.5,1996.5,215,1,215,FALSE,147,TRUE,TRUE,TRUE,TRUE,TRUE,TRUE,TRUE,TRUE,TRUE,"","criteria",FALSE,"cross-dataset"
"Ocean2kHR_159","7Vpi014iQcSWKoTQMLe8","paleo1measurement1","Sr/Ca","mmol/mol","Sr/Ca",NA,FALSE,"Ocn-HaferaIsland.Wu.2013","Coral",-19.9333,-174.7167,-10,"Hafera Island","1.0.7",1,"subannual","negative","sea@surface",TRUE,213,1791,2003,212,1,212,FALSE,154,TRUE,TRUE,TRUE,TRUE,TRUE,TRUE,TRUE,TRUE,TRUE,"","criteria",TRUE,NA
"Ocean2kHR_160","tSHGSSAVKOdudrPIGtsq","paleo1measurement1","d18O","permil","d18O",NA,FALSE,"Ocn-Palmyra.Nurhati.2011","Coral",5.87,-162.13,-10,"Palmyra","1.0.7",1,"subannual",NA,"sea_surface",TRUE,1347,1886.13,1998.29,112.16,0.0799999999999272,112.16,FALSE,113,TRUE,TRUE,TRUE,TRUE,TRUE,TRUE,TRUE,TRUE,TRUE,"","criteria",FALSE,"cross-dataset"
"Ocean2kHR_160_iso2k","LQotH0GnIrx4vOwfIiW7","paleo2measurement1","d18O","permil","d18O",NA,FALSE,"CO11NUPM","Coral",5.87,-162.13,-10,"Palmyra","1.0.11",1,NA,"decrease/increase","sea@surface",TRUE,1347,1886.13,1998.29,112.16,0.0799999999999272,112.16,FALSE,113,TRUE,TRUE,TRUE,TRUE,TRUE,TRUE,TRUE,TRUE,TRUE,"","criteria",FALSE,"cross-dataset"
"Ocean2kHR_161","tSHGSSAVKOdudrPIGtsq","paleo1measurement1","Sr/Ca","mmol/mol","Sr/Ca",NA,FALSE,"Ocn-Palmyra.Nurhati.2011","Coral",5.87,-162.13,-10,"Palmyra","1.0.7",1,"subannual","negative","sea@surface",TRUE,1347,1886.13,1998.29,112.16,0.0799999999999272,112.16,FALSE,113,TRUE,TRUE,TRUE,TRUE,TRUE,TRUE,TRUE,TRUE,TRUE,"","criteria",FALSE,"cross-dataset"
"Ocean2kHR_161_iso2k","LQotH0GnIrx4vOwfIiW7","paleo2measurement1","Sr/Ca","mmol/mol","Sr/Ca",NA,FALSE,"CO11NUPM","Coral",5.87,-162.13,-10,"Palmyra","1.0.11",1,"subannual","decrease","sea@surface",TRUE,1347,1886.13,1998.29,112.16,0.0799999999999272,112.16,FALSE,113,TRUE,TRUE,TRUE,TRUE,TRUE,TRUE,TRUE,TRUE,TRUE,"","criteria",FALSE,"cross-dataset"
"Ocean2kHR_162","tSHGSSAVKOdudrPIGtsq","paleo2measurement1","d18O","permil","d18O",NA,FALSE,"Ocn-Palmyra.Nurhati.2011","Coral",5.87,-162.13,-10,"Palmyra","1.0.7",NA,NA,NA,NA,TRUE,1346,1886.13,1998.21,112.08,0.0799999999999272,112.08,FALSE,113,TRUE,TRUE,TRUE,TRUE,TRUE,TRUE,TRUE,TRUE,TRUE,"","criteria",TRUE,NA
"Ocean2kHR_162_iso2k","LQotH0GnIrx4vOwfIiW7","paleo1measurement1","d18O","permil","d18O",NA,FALSE,"CO11NUPM","Coral",5.87,-162.13,-10,"Palmyra","1.0.11",1,"subannual","increase","sea surface",TRUE,1346,1886.13,1998.21,112.08,0.0799999999999272,112.08,FALSE,113,TRUE,TRUE,TRUE,TRUE,TRUE,TRUE,TRUE,TRUE,TRUE,"","criteria",FALSE,"cross-dataset"
"Ocean2kHR_163","Y0bLO0QNOCHwb7hsD6z7","paleo1measurement1","d18O","permil","d18O",NA,FALSE,"Ocn-Miyanohama.Felis.2009","Coral",27.1059,142.1941,-5.6,"Miyanohama","1.0.7",1,"subannual","negative","sea@surface",TRUE,737,1872.25,1994.917,122.667,0.166999999999916,122.667,FALSE,123,TRUE,TRUE,TRUE,TRUE,TRUE,TRUE,TRUE,TRUE,TRUE,"","criteria",FALSE,"cross-dataset"
"Ocean2kHR_163_iso2k","xYGfq303ke1Az0v0nKSM","paleo1measurement1","d18O","permil","d18O",NA,FALSE,"CO09FEOG","Coral",27.1059,142.1941,-5.6,"Miyanohama","1.1.8",1,"subannual","negative","sea@surface",TRUE,737,1872.25,1994.917,122.667,0.166999999999916,122.667,FALSE,123,TRUE,TRUE,TRUE,TRUE,TRUE,TRUE,TRUE,TRUE,TRUE,"","criteria",FALSE,"cross-dataset"
"Ocean2kHR_164","Y0bLO0QNOCHwb7hsD6z7","paleo1measurement1","Sr/Ca","mmol/mol","Sr/Ca",NA,FALSE,"Ocn-Miyanohama.Felis.2009","Coral",27.1059,142.1941,-5.6,"Miyanohama","1.0.7",1,"subannual","negative","sea@surface",TRUE,737,1872.25,1994.917,122.667,0.166999999999916,122.667,FALSE,123,TRUE,TRUE,TRUE,TRUE,TRUE,TRUE,TRUE,TRUE,TRUE,"","criteria",FALSE,"cross-dataset"
"Ocean2kHR_164_iso2k","xYGfq303ke1Az0v0nKSM","paleo1measurement1","Sr/Ca","mmol/mol","Sr/Ca",NA,FALSE,"CO09FEOG","Coral",27.1059,142.1941,-5.6,"Miyanohama","1.1.8",1,"subannual","negative","sea@surface",TRUE,737,1872.25,1994.917,122.667,0.166999999999916,122.667,FALSE,123,TRUE,TRUE,TRUE,TRUE,TRUE,TRUE,TRUE,TRUE,TRUE,"","criteria",FALSE,"cross-dataset"
"Ocean2kHR_165_iso2k","xYGfq303ke1Az0v0nKSM","paleo1measurement1","d13C","permil","d13C",NA,FALSE,"CO09FEOG","Coral",27.1059,142.1941,-5.6,"Miyanohama","1.1.8",1,"subannual","negative","sea@surface",TRUE,737,1872.25,1994.917,122.667,0.166999999999916,122.667,FALSE,123,TRUE,TRUE,TRUE,TRUE,TRUE,TRUE,TRUE,TRUE,TRUE,"","criteria",TRUE,NA
"Ocean2kHR_166","afZ0M1nnEXSX8vSJISOl","paleo1measurement1","d18O","permil","d18O",NA,FALSE,"Ocn-DoubleReef.Asami.2005","Coral",13.5982,144.8359,-7.8,"Double Reef","1.0.6",1,"subannual","negative","sea@surface",TRUE,2523,1790.04,2000.21,210.17,0.0799999999999272,210.17,FALSE,151,TRUE,TRUE,TRUE,TRUE,TRUE,TRUE,TRUE,TRUE,TRUE,"","criteria",TRUE,NA
"Ocean2kHR_167","Fc74zC3enQVmIati6Jt9","paleo1measurement1","d18O","permil","d18O",NA,FALSE,"Ocn-AbrahamReef.Druffel.1999","Coral",-22.1,153,-2.5,"Abraham Reef","1.0.7",1,"Annual","negative","sea@surface",TRUE,334,1638.3,1983.3,345,1,345,FALSE,129,TRUE,TRUE,TRUE,TRUE,TRUE,TRUE,TRUE,TRUE,TRUE,"","criteria",TRUE,NA
"Ocean2kHR_169","4dAJx1PANL8GCgXrQ66m","paleo1measurement1","d18O","permil","d18O",NA,FALSE,"Ocn-ClippertonAtoll.Linsley.2000","Coral",10.2773,-109.2131,-8.2,"Clipperton Atoll","1.0.8",1,"subannual","negative","sea@surface",TRUE,1204,1893.79,1994.04,100.25,0.0799999999999272,100.25,FALSE,102,TRUE,TRUE,TRUE,TRUE,TRUE,TRUE,TRUE,TRUE,TRUE,"","criteria",FALSE,"cross-dataset"
"Ocean2kHR_171","0Fu8raGb33rs9Vl3qUiV","paleo1measurement1","d18O","permil","d18O",NA,FALSE,"Ocn-BunakenIsland.Charles.2003","Coral",-1.5,124.833,-3,"Bunaken Island","1.0.6",1,"subannual","negative","sea@surface",TRUE,1568,1860,1990.58,130.58,0.0799999999999272,130.58,FALSE,131,TRUE,TRUE,TRUE,TRUE,TRUE,TRUE,TRUE,TRUE,TRUE,"","criteria",TRUE,NA
"Ocean2kHR_171_iso2k","4eKXrgFThelRgVWLxd0K","paleo1measurement1","d18O","permil","d18O",NA,FALSE,"CO03CHBU","Coral",-1.5,124.833,-3,"Bunaken Island","1.0.10",1,"subannual","decrease/increase","sea surface",TRUE,1568,1860,1990.58,130.58,0.0799999999999272,130.58,FALSE,131,TRUE,TRUE,TRUE,TRUE,TRUE,TRUE,TRUE,TRUE,TRUE,"","criteria",FALSE,"cross-dataset"
"Ocean2kHR_172","nfXaC5deSeGO3Vg6AI5Y","paleo1measurement1","d18O","permil","d18O",NA,FALSE,"Ocn-MadangLagoonPapuaNewGuinea.Tudhope.1995","Coral",-5.22,145.82,-3,"Madang Lagoon, Papua New Guinea","1.0.6",1,"subannual","negative","sea@surface",TRUE,276,1922.542,1991.292,68.75,0.25,68.75,FALSE,70,TRUE,TRUE,TRUE,TRUE,TRUE,TRUE,TRUE,TRUE,TRUE,"","criteria",TRUE,NA
"Ocean2kHR_172_iso2k","YBQqgQPyW9sf1R1iYKWo","paleo1measurement1","d18O","permil","d18O",NA,FALSE,"CO95TUNG","Coral",-5.22,145.82,-3,"Madang, Papua New Guinea","1.0.9",1,"subannual","decrease/increase","sea surface",TRUE,276,1922.542,1991.292,68.75,0.25,68.75,FALSE,70,TRUE,TRUE,TRUE,TRUE,TRUE,TRUE,TRUE,TRUE,TRUE,"","criteria",FALSE,"cross-dataset"
"Ocean2kHR_173","cQjZafljfSW19guiamVm","paleo1measurement1","d18O","permil","d18O",NA,FALSE,"Ocn-UrvinaBay.Dunbar.1994","Coral",-0.4,-91.23,-1.5,"Urvina Bay","1.0.7",1,"Annual","negative","sea@surface",TRUE,362,1607,1981,374,1,374,FALSE,119,TRUE,TRUE,TRUE,TRUE,TRUE,TRUE,TRUE,TRUE,TRUE,"","criteria",TRUE,NA
"Ocean2kHR_174","LPj78egHvC0LXqVm73JJ","paleo1measurement1","d18O","permil","d18O",NA,FALSE,"Ocn-MaloChannelEspirituSantoIsland.Kilbourne.2004","Coral",-15.7,167.2,-1.5,"Malo Channel, Espiritu Santo Island, Vanuatu","1.0.8",1,"subannual","negative","sea@surface",TRUE,953,1928.54,1992.46,63.9200000000001,0.0600000000001728,63.9200000000001,FALSE,65,TRUE,TRUE,TRUE,TRUE,TRUE,TRUE,TRUE,TRUE,TRUE,"","criteria",FALSE,"cross-dataset"
"Ocean2kHR_174_iso2k","qPOKtJkB2tJB5xlBmJk2","paleo1measurement1","d18O","permil","d18O",NA,FALSE,"CO04KIVA","Coral",-15.7,167.2,-1.5,"Malo Channel, Espiritu Santo Island, Vanuatu","1.0.10",1,"subannual","decrease/increase","sea surface",TRUE,953,1928.54,1992.46,63.9200000000001,0.0600000000001728,63.9200000000001,FALSE,65,TRUE,TRUE,TRUE,TRUE,TRUE,TRUE,TRUE,TRUE,TRUE,"","criteria",FALSE,"cross-dataset"
"Ocean2kHR_175","LPj78egHvC0LXqVm73JJ","paleo1measurement1","Sr/Ca","mmol/mol","Sr/Ca",NA,FALSE,"Ocn-MaloChannelEspirituSantoIsland.Kilbourne.2004","Coral",-15.7,167.2,-1.5,"Malo Channel, Espiritu Santo Island, Vanuatu","1.0.8",1,"subannual","negative","sea@surface",TRUE,953,1928.54,1992.46,63.9200000000001,0.0600000000001728,63.9200000000001,FALSE,65,TRUE,TRUE,TRUE,TRUE,TRUE,TRUE,TRUE,TRUE,TRUE,"","criteria",FALSE,"cross-dataset"
"Ocean2kHR_175_iso2k","qPOKtJkB2tJB5xlBmJk2","paleo1measurement1","Sr/Ca","mmol/mol","Sr/Ca",NA,FALSE,"CO04KIVA","Coral",-15.7,167.2,-1.5,"Malo Channel, Espiritu Santo Island, Vanuatu","1.0.10",1,"subannual","negative","sea@surface",TRUE,953,1928.54,1992.46,63.9200000000001,0.0600000000001728,63.9200000000001,FALSE,65,TRUE,TRUE,TRUE,TRUE,TRUE,TRUE,TRUE,TRUE,TRUE,"","criteria",FALSE,"cross-dataset"
"Ocean2kHR_176_iso2k","qPOKtJkB2tJB5xlBmJk2","paleo1measurement1","d13C","permil","d13C",NA,FALSE,"CO04KIVA","Coral",-15.7,167.2,-1.5,"Malo Channel, Espiritu Santo Island, Vanuatu","1.0.10",1,"subannual","negative","sea@surface",TRUE,953,1928.54,1992.46,63.9200000000001,0.0600000000001728,63.9200000000001,FALSE,65,TRUE,TRUE,TRUE,TRUE,TRUE,TRUE,TRUE,TRUE,TRUE,"","criteria",TRUE,NA
"Ocean2kHR_177","lcCanr8ocCJEjWbRmuXx","paleo1measurement1","d18O","permil","d18O",NA,FALSE,"Ocn-Maiana.Urban.2000","Coral",1,173,-6,"Maiana","1.0.6",1,"subannual","negative","sea@surface",TRUE,928,1840,1994.5,154.5,0.170000000000073,154.5,FALSE,145,TRUE,TRUE,TRUE,TRUE,TRUE,TRUE,TRUE,TRUE,TRUE,"","criteria",FALSE,"cross-dataset"
"Ocean2kHR_178","Cq9oZInXbgN1c9ZQ1kUG","paleo1measurement1","d18O","permil","d18O",NA,FALSE,"Ocn-Tarawa.Cole.1990","Coral",1,172,-3,"Tarawa","1.0.6",1,"subannual","negative","sea@surface",TRUE,1153,1894,1990,96,0.0830000000000837,96,FALSE,97,TRUE,TRUE,TRUE,TRUE,TRUE,TRUE,TRUE,TRUE,TRUE,"","criteria",TRUE,NA
"Ocean2kHR_178_iso2k","mMVze2VpD6ysrjTCryjP","paleo1measurement1","d18O","permil","d18O",NA,FALSE,"CO93COTW","Coral",1.4167,173.0333,-3,"Tarawa Atoll, Republic of Kiribati","1.0.10",1,"subannual","decrease/increase","sea surface",TRUE,1153,1894,1990,96,0.0830000000000837,96,FALSE,97,TRUE,TRUE,TRUE,TRUE,TRUE,TRUE,TRUE,TRUE,TRUE,"","criteria",FALSE,"cross-dataset"
"Ocean2kHR_179","mnmibBsW0WoYZ7gLBUp5","paleo1measurement1","d18O","permil","d18O",NA,FALSE,"Ocn-Nauru.Guilderson.1999","Coral",-0.533,166.9283,-14,"Nauru","1.0.7",1,"subannual","negative","sea@surface",TRUE,806,1897.54,1995.25,97.71,0.099999999999909,97.71,FALSE,99,TRUE,TRUE,TRUE,TRUE,TRUE,TRUE,TRUE,TRUE,TRUE,"","criteria",FALSE,"cross-dataset"
"Ocean2kHR_181","NYebcVMhhNfVjbl3gEzC","paleo1measurement1","d18O","permil","d18O",NA,FALSE,"Ocn-PalauRockIslands.Osborne.2014","Coral",7.2708,134.3837,-12,"Palau","1.0.7",1,"subannual","negative","sea@surface",TRUE,1309,1899.17,2008.17,109,0.0799999999999272,109,FALSE,110,TRUE,TRUE,TRUE,TRUE,TRUE,TRUE,TRUE,TRUE,TRUE,"","criteria",FALSE,"cross-dataset"
"Ocean2kHR_181_iso2k","k7AURwcjzw85jUfnFtH4","paleo1measurement1","d18O","permil","d18O",NA,FALSE,"CO14OSPA","Coral",7.2859,134.2503,-12,"Palau","1.0.10",1,"subannual","decrease/increase","sea surface",TRUE,1309,1899.17,2008.17,109,0.0799999999999272,109,FALSE,110,TRUE,TRUE,TRUE,TRUE,TRUE,TRUE,TRUE,TRUE,TRUE,"","criteria",TRUE,NA
"Ocean2kHR_182_iso2k","k7AURwcjzw85jUfnFtH4","paleo1measurement1","d13C","permil","d13C",NA,FALSE,"CO14OSPA","Coral",7.2859,134.2503,-12,"Palau","1.0.10",1,"subannual","decrease/increase","sea surface",TRUE,1309,1899.17,2008.17,109,0.0799999999999272,109,FALSE,110,TRUE,TRUE,TRUE,TRUE,TRUE,TRUE,TRUE,TRUE,TRUE,"","criteria",FALSE,"within-dataset"
"Ocean2kHR_183","EpsQ5r4bAx9gyOdKmvLr","paleo1measurement1","d18O","permil","d18O",NA,FALSE,"Ocn-PalauUlongChannel.Osborne.2014","Coral",7.2859,134.2503,-12,"Palau","1.0.7",1,"subannual","negative","sea@surface",TRUE,2581,1793.17,2008.17,215,0.0799999999999272,215,FALSE,159,TRUE,TRUE,TRUE,TRUE,TRUE,TRUE,TRUE,TRUE,TRUE,"","criteria",TRUE,NA
"Ocean2kHR_184_iso2k","k7AURwcjzw85jUfnFtH4","paleo2measurement1","d13C","permil","d13C",NA,FALSE,"CO14OSPA","Coral",7.2859,134.2503,-12,"Palau","1.0.10",1,"subannual","decrease/increase","sea surface",TRUE,2581,1793.17,2008.17,215,0.0799999999999272,215,FALSE,159,TRUE,TRUE,TRUE,TRUE,TRUE,TRUE,TRUE,TRUE,TRUE,"","criteria",TRUE,NA
"Ocean2kHR_185","7W9hadnVAMyEePFje9HL","paleo1measurement1","Sr/Ca","mmol/mol","Sr/Ca",NA,FALSE,"Ocn-Clipperton2b.Wu.2014","Coral",10.2773,-109.2131,-13,"Clipperton","1.0.7",1,"subannual","negative","sea@surface",TRUE,710,1934.8750017,1993.95833267,59.0833309699999,0.0833333299999595,59.0833309699999,FALSE,60,TRUE,TRUE,TRUE,TRUE,TRUE,TRUE,TRUE,TRUE,TRUE,"","criteria",TRUE,NA
"Ocean2kHR_186","JUQQPRCkD7a8lxHLUTFZ","paleo1measurement1","Sr/Ca","mmol/mol","Sr/Ca",NA,FALSE,"Ocn-Clipperton6a.Wu.2014","Coral",10.2773,-109.2131,-13,"Clipperton","1.0.7",1,"subannual","negative","sea@surface",TRUE,625,1941.95833475,1993.95833267,51.9999979199999,0.0833333299999595,51.9999979199999,FALSE,53,TRUE,TRUE,TRUE,TRUE,TRUE,TRUE,TRUE,TRUE,TRUE,"","criteria",TRUE,NA
"Ocean2kHR_187","ICXAbc8BMVyg8XYHLTQz","paleo1measurement1","Sr/Ca","mmol/mol","Sr/Ca",NA,FALSE,"Ocn-Clipperton4b.Wu.2014","Coral",10.2773,-109.2131,-13,"Clipperton","1.0.7",1,"subannual","negative","sea@surface",TRUE,1200,1894.04167,1993.95833267,99.9166626699998,0.0833333299999595,99.9166626699998,FALSE,100,TRUE,TRUE,TRUE,TRUE,TRUE,TRUE,TRUE,TRUE,TRUE,"","criteria",TRUE,NA
"Ocean2kHR_188","LmlQIGdCjwklOyMEgm52","paleo1measurement1","d18O","permil","d18O",NA,FALSE,"Ocn-Clipperton1b.Wu.2014","Coral",10.2773,-109.2131,-13,"Clipperton","1.0.7",1,"subannual","negative","sea@surface",TRUE,993,1874.083333,1956.79166749,82.70833449,0.0833333299999595,82.70833449,FALSE,83,TRUE,TRUE,TRUE,TRUE,TRUE,TRUE,TRUE,TRUE,TRUE,"","criteria",FALSE,"cross-dataset"
"Ocean2kHR_189","LmlQIGdCjwklOyMEgm52","paleo1measurement1","Sr/Ca","mmol/mol","Sr/Ca",NA,FALSE,"Ocn-Clipperton1b.Wu.2014","Coral",10.2773,-109.2131,-13,"Clipperton","1.0.7",1,"subannual","negative","sea@surface",TRUE,993,1874.083333,1956.79166749,82.70833449,0.0833333299999595,82.70833449,FALSE,83,TRUE,TRUE,TRUE,TRUE,TRUE,TRUE,TRUE,TRUE,TRUE,"","criteria",TRUE,NA
"Ocean2kHR_190","b5AwaU3ejQu1AMv1GrZO","paleo1measurement1","d18O","permil","d18O",NA,FALSE,"Ocn-GBR.Wei.2009","Coral",-16.7167,146.0333,0,"GBR","1.0.7",1,"Annual","negative","sea@surface",TRUE,92,1807,2004,197,1,197,FALSE,83,TRUE,TRUE,TRUE,TRUE,TRUE,TRUE,TRUE,TRUE,TRUE,"","criteria",TRUE,NA
"Ocean2kHR_191","b5AwaU3ejQu1AMv1GrZO","paleo1measurement1","Sr/Ca","mmol/mol","Sr/Ca",NA,FALSE,"Ocn-GBR.Wei.2009","Coral",-16.7167,146.0333,0,"GBR","1.0.7",1,"Annual","negative","sea@surface",TRUE,92,1807,2004,197,1,197,FALSE,83,TRUE,TRUE,TRUE,TRUE,TRUE,TRUE,TRUE,TRUE,TRUE,"","criteria",TRUE,NA
"Ocean2kHR_193","QUJdzhdRzOBaDuEI4d7u","paleo1measurement1","d18O","permil","d18O",NA,FALSE,"Ocn-CoralSea.Calvo.2007","Coral",-17.73,148.43,-5,"Coral Sea","1.0.6",1,"Annual","negative","sea@surface",TRUE,57,1708,1988,280,5,280,FALSE,28,TRUE,TRUE,FALSE,FALSE,TRUE,TRUE,TRUE,TRUE,TRUE,"resolution","curator admission",TRUE,NA
"Ocean2kHR_194","QUJdzhdRzOBaDuEI4d7u","paleo1measurement1","Sr/Ca","mmol/mol","Sr/Ca",NA,FALSE,"Ocn-CoralSea.Calvo.2007","Coral",-17.73,148.43,-5,"Coral Sea","1.0.6",1,"Annual","negative","sea@surface",TRUE,57,1708,1988,280,5,280,FALSE,28,TRUE,TRUE,FALSE,FALSE,TRUE,TRUE,TRUE,TRUE,TRUE,"resolution","curator admission",TRUE,NA
"OS14RIP01_d18O","ch2kOS14RIP01","paleo1measurement1","d18O","permil",NA,NA,FALSE,"OS14RIP01","Coral",7.2708,134.3837,-2,"Rock Islands, Palau","1.0.6",NA,NA,NA,NA,TRUE,1309,1899.17,2008.17,109,0.0799999999999272,109,FALSE,110,TRUE,TRUE,TRUE,TRUE,TRUE,TRUE,TRUE,TRUE,TRUE,"","criteria",TRUE,NA
"PE22MAR01_d18O","ch2kPE22MAR01","paleo1measurement1","d18O","permil","d18O",NA,FALSE,"PE22MAR01","Coral",-5.35,-35.29,-5,"Maracajau Reef","1.0.0",NA,NA,NA,NA,TRUE,766,1928.74,2018.74,90,0.1099999999999,90,FALSE,87,TRUE,TRUE,TRUE,TRUE,TRUE,TRUE,TRUE,TRUE,TRUE,"","criteria",TRUE,NA
"PF17CHA01_SrCa","ch2kPF17CHA01","paleo1measurement1","Sr/Ca","mmol/mol","Sr/Ca",NA,FALSE,"PF17CHA01","Coral",-5.2522,71.764,-3,"Chagos Archipelago","1.0.0",NA,NA,NA,NA,TRUE,932,1880.625,1958.20833,77.5833299999999,0.0833299999999326,77.5833299999999,FALSE,79,TRUE,TRUE,TRUE,TRUE,TRUE,TRUE,TRUE,TRUE,TRUE,"","criteria",TRUE,NA
"PF17SEY01_d18O","ch2kPF17SEY01","paleo1measurement1","d18O","permil","d18O",NA,FALSE,"PF17SEY01","Coral",-4,55,-9,"Mahe, Seychelles","1.0.0",NA,NA,NA,NA,TRUE,922,1840.625,1994.125,153.5,0.166666999999961,153.5,FALSE,145,TRUE,TRUE,TRUE,TRUE,TRUE,TRUE,TRUE,TRUE,TRUE,"","criteria",TRUE,NA
"PF19LAR01_d18O","ch2kPF19LAR01","paleo1measurement1","d18O","permil","d18O",NA,FALSE,"PF19LAR01","Coral",-21,55,-12.3,"St. Gilles Reef, La Reunion","1.0.6",NA,NA,NA,NA,TRUE,499,1912.625,1995.625,83,0.166670000000067,83,FALSE,84,TRUE,TRUE,TRUE,TRUE,TRUE,TRUE,TRUE,TRUE,TRUE,"","criteria",TRUE,NA
"PF19LAR01_SrCa","ch2kPF19LAR01","paleo1measurement2","Sr/Ca","mmol/mol","Sr/Ca",NA,FALSE,"PF19LAR01","Coral",-21,55,-12.3,"St. Gilles Reef, La Reunion","1.0.6",NA,NA,NA,NA,TRUE,997,1912.625,1995.625,83,0.0833330000000387,83,FALSE,84,TRUE,TRUE,TRUE,TRUE,TRUE,TRUE,TRUE,TRUE,TRUE,"","criteria",TRUE,NA
"PF25ENG01_SrCa","ch2kPF25ENG01","paleo1measurement1","Sr/Ca","mmol/mol","Sr/Ca",NA,FALSE,"PF25ENG01","Coral",-5.22,102.14,-3,"Enggano Island, Indonesia","1.0.0",NA,NA,NA,NA,TRUE,1049,1824.625,1918.958333,94.333333,0.0833330000000387,94.333333,FALSE,63,TRUE,TRUE,TRUE,TRUE,TRUE,TRUE,TRUE,TRUE,TRUE,"","criteria",TRUE,NA
"PYT581AWKCZ","jwahCsrGulSK8mdZUmXJ","paleo1measurement1","temperature","degC","ring width","dendrophysical",FALSE,"Tornetrask.Grudd.2002","Wood",68,20,400,"Tornetrask","1.0.9",1,"Jun-Aug","positive","air@surface",TRUE,1997,1,1997,1996,1,1996,FALSE,148,TRUE,TRUE,TRUE,TRUE,TRUE,TRUE,TRUE,TRUE,TRUE,"","criteria",TRUE,NA
"PYTBWLHQW85","ZA2B9QoiR70l4hEMXItG","paleo1measurement2","d18O","permil","d18O",NA,FALSE,"Ocn-Palmyra.Cobb.2013","Coral",5.87,-162.13,-7,"Palmyra","1.0.8",NA,NA,NA,NA,TRUE,534,928,1998,1070,1,1070,FALSE,113,TRUE,TRUE,TRUE,TRUE,TRUE,TRUE,TRUE,TRUE,TRUE,"","criteria",TRUE,NA
"PYTNG9UXJDL","QOJY58DGx6HCmj9yXdGz","paleo1measurement1","temperature","degC","ring width","dendrophysical",FALSE,"Lapland.Helama.2009","Wood",69,25,335,"Lapland","1.0.9",1,"Jul","positive","air@surface",TRUE,2005,1,2005,2004,1,2004,FALSE,156,TRUE,TRUE,TRUE,TRUE,TRUE,TRUE,TRUE,TRUE,TRUE,"","criteria",TRUE,NA
"QU06RAB01_d18O","ch2kQU06RAB01","paleo1measurement1","d18O","permil","d18O",NA,FALSE,"QU06RAB01","Coral",-4.18,151.98,-8,"Rabaul, East New Britain, Papua New Guinea","1.0.7",NA,NA,NA,NA,TRUE,1563,1867.38,1997.54,130.16,0.0799999999999272,130.16,FALSE,131,TRUE,TRUE,TRUE,TRUE,TRUE,TRUE,TRUE,TRUE,TRUE,"","criteria",FALSE,"cross-dataset"
"QU06RAB01_SrCa","ch2kQU06RAB01","paleo1measurement1","Sr/Ca","mmol/mol","Sr/Ca",NA,FALSE,"QU06RAB01","Coral",-4.18,151.98,-8,"Rabaul, East New Britain, Papua New Guinea","1.0.7",NA,NA,NA,NA,TRUE,1563,1867.38,1997.54,130.16,0.0799999999999272,130.16,FALSE,131,TRUE,TRUE,TRUE,TRUE,TRUE,TRUE,TRUE,TRUE,TRUE,"","criteria",FALSE,"cross-dataset"
"R2N9IKdLUdRauZixK","N7aIquH5YE4UE2I3fS49","paleo1measurement1","precipitation","mm","tree-ring width",NA,FALSE,"CentralEurope.Büntgen.2011","Wood",50,9,350,"Central Europe","1.0.3",1,"Apr-Jun","Positive","seasonal",TRUE,2099,1,2099,2098,1,2098,FALSE,166,TRUE,TRUE,TRUE,TRUE,TRUE,TRUE,TRUE,TRUE,TRUE,"","criteria",TRUE,NA
"RA17PAL01_d18O","ch2kRA17PAL01","paleo1measurement1","d18O","permil","d18O",NA,FALSE,"RA17PAL01","Coral",18.54,122.15,-5,"Palaui Island, Philippines","1.0.0",NA,NA,NA,NA,TRUE,605,1962.04,2012.38,50.3400000000001,0.0799999999999272,50.3400000000001,FALSE,51,TRUE,TRUE,TRUE,TRUE,TRUE,TRUE,TRUE,TRUE,TRUE,"","criteria",TRUE,NA
"RA17PAL01_SrCa","ch2kRA17PAL01","paleo1measurement2","Sr/Ca","mmol/mol","Sr/Ca",NA,FALSE,"RA17PAL01","Coral",18.54,122.15,-5,"Palaui Island, Philippines","1.0.0",NA,NA,NA,NA,TRUE,701,1954.04,2012.38,58.3400000000001,0.0799999999999272,58.3400000000001,FALSE,59,TRUE,TRUE,TRUE,TRUE,TRUE,TRUE,TRUE,TRUE,TRUE,"","criteria",TRUE,NA
"RA19PAI01_d18O","ch2kRA19PAI01","paleo1measurement1","d18O","permil","d18O",NA,FALSE,"RA19PAI01","Coral",18.54,122.15,-4,"Palaui Island, Philippines","1.0.7",NA,NA,NA,NA,TRUE,1449,1880.04,2012.38,132.34,0.0799999999999272,132.34,FALSE,133,TRUE,TRUE,TRUE,TRUE,TRUE,TRUE,TRUE,TRUE,TRUE,"","criteria",TRUE,NA
"RA19PAI01_SrCa","ch2kRA19PAI01","paleo1measurement1","Sr/Ca","mmol/mol","Sr/Ca",NA,FALSE,"RA19PAI01","Coral",18.54,122.15,-4,"Palaui Island, Philippines","1.0.7",NA,NA,NA,NA,TRUE,1589,1880.04,2012.38,132.34,0.0799999999999272,132.34,FALSE,133,TRUE,TRUE,TRUE,TRUE,TRUE,TRUE,TRUE,TRUE,TRUE,"","criteria",TRUE,NA
"RA20TAI01_d18O","ch2kRA20TAI01","paleo1measurement1","d18O","permil","d18O",NA,FALSE,"RA20TAI01","Coral",21.9,120.7,-6,"Houbihu, Taiwan","1.0.6",NA,NA,NA,NA,TRUE,1521,1788.04,2013.38,225.34,0.0799999999999272,225.34,FALSE,164,TRUE,TRUE,TRUE,TRUE,TRUE,TRUE,TRUE,TRUE,TRUE,"","criteria",TRUE,NA
"RA20TAI01_SrCa","ch2kRA20TAI01","paleo1measurement1","Sr/Ca","mmol/mol","Sr/Ca",NA,FALSE,"RA20TAI01","Coral",21.9,120.7,-6,"Houbihu, Taiwan","1.0.6",NA,NA,NA,NA,TRUE,2705,1788.04,2013.38,225.34,0.0799999999999272,225.34,FALSE,164,TRUE,TRUE,TRUE,TRUE,TRUE,TRUE,TRUE,TRUE,TRUE,"","criteria",TRUE,NA
"RaZSnFk83vO","CXZMSyjGaFwpciwVjdrZ","paleo1measurement4","Sr/Ca","mmol/mol","Sr/Ca","elemental",FALSE,"Botuvercave.Bernal.2016","Speleothem",-27.2247,-49.1569,180,"Botuvera cave","1.0.22",1,"Annual","negative","@surface",TRUE,9113,1.09999999999991,1949.5,1948.4,0.200000000000045,1948.4,FALSE,100,TRUE,TRUE,TRUE,TRUE,TRUE,TRUE,TRUE,TRUE,TRUE,"","criteria",TRUE,NA
"RE18CAY01_d18O","ch2kRE18CAY01","paleo1measurement1","d18O","permil","d18O",NA,FALSE,"RE18CAY01","Coral",19.7,-80.06,-9,"Little Cayman, Cayman Islands","1.0.7",NA,NA,NA,NA,TRUE,1507,1887.04,2012.54,125.5,0.0799999999999272,125.5,FALSE,126,TRUE,TRUE,TRUE,TRUE,TRUE,TRUE,TRUE,TRUE,TRUE,"","criteria",TRUE,NA
"RE18CAY01_d18O_annual","ch2kRE18CAY01","paleo1measurement2","d18O","permil","d18O",NA,FALSE,"RE18CAY01","Coral",19.7,-80.06,-9,"Little Cayman, Cayman Islands","1.0.7",NA,NA,NA,NA,TRUE,125,1887,2011,124,1,124,FALSE,125,TRUE,TRUE,TRUE,TRUE,TRUE,TRUE,TRUE,TRUE,TRUE,"","criteria",FALSE,"within-dataset"
"RE18CAY01_d18O_sw_annual","ch2kRE18CAY01","paleo1measurement2","d18O","permil","d18O",NA,FALSE,"RE18CAY01","Coral",19.7,-80.06,-9,"Little Cayman, Cayman Islands","1.0.7",NA,NA,NA,NA,TRUE,125,1887,2011,124,1,124,FALSE,125,TRUE,TRUE,TRUE,TRUE,TRUE,TRUE,TRUE,TRUE,TRUE,"","criteria",FALSE,"within-dataset"
"RE18CAY01_SrCa","ch2kRE18CAY01","paleo1measurement1","Sr/Ca","mmol/mol","Sr/Ca",NA,FALSE,"RE18CAY01","Coral",19.7,-80.06,-9,"Little Cayman, Cayman Islands","1.0.7",NA,NA,NA,NA,TRUE,1507,1887.04,2012.54,125.5,0.0799999999999272,125.5,FALSE,126,TRUE,TRUE,TRUE,TRUE,TRUE,TRUE,TRUE,TRUE,TRUE,"","criteria",TRUE,NA
"RE18CAY01_SrCa_annual","ch2kRE18CAY01","paleo1measurement2","Sr/Ca","mmol/mol","Sr/Ca",NA,FALSE,"RE18CAY01","Coral",19.7,-80.06,-9,"Little Cayman, Cayman Islands","1.0.7",NA,NA,NA,NA,TRUE,125,1887,2011,124,1,124,FALSE,125,TRUE,TRUE,TRUE,TRUE,TRUE,TRUE,TRUE,TRUE,TRUE,"","criteria",FALSE,"within-dataset"
"REfiLUKNk7b","CXZMSyjGaFwpciwVjdrZ","paleo1measurement4","Mg/Ca","mmol/mol","Mg/Ca","elemental",FALSE,"Botuvercave.Bernal.2016","Speleothem",-27.2247,-49.1569,180,"Botuvera cave","1.0.22",1,"Dec-Mar","negative","monsoon@surface",TRUE,9113,1.09999999999991,1949.5,1948.4,0.200000000000045,1948.4,FALSE,100,TRUE,TRUE,TRUE,TRUE,TRUE,TRUE,TRUE,TRUE,TRUE,"","criteria",TRUE,NA
"RI10PBL01_d18O","ch2kRI10PBL01","paleo1measurement1","d18O","permil","d18O",NA,FALSE,"RI10PBL01","Coral",11.5,92.69,-6,"Port Blair, Andaman Islands, India","1.0.6",NA,NA,NA,NA,TRUE,372,1975.166667,2006.083333,30.9166660000001,0.0833330000000387,30.9166660000001,FALSE,32,TRUE,TRUE,TRUE,TRUE,FALSE,TRUE,TRUE,TRUE,TRUE,"length","data-poor exception",TRUE,NA
"RnHmu5rtKmOtPfXd0","NtAGoQuTxAokH4NbS4sv","paleo1measurement1","precipitation","mm","d13C",NA,TRUE,"Durango.Cleaveland.2003","Wood",25,-106,2800,"Durango","1.0.1",1,"nov-mar","negative","In this region, winter precipitation amount is a primary control of groundwater flux. Glacier ablation may also be a contributor",TRUE,608,1386,1993,607,1,607,FALSE,144,TRUE,TRUE,TRUE,TRUE,TRUE,TRUE,TRUE,TRUE,TRUE,"","criteria",TRUE,NA
"RO19MAR01_SrCa","ch2kRO19MAR01","paleo1measurement1","Sr/Ca","mmol/mol","Sr/Ca",NA,FALSE,"RO19MAR01","Coral",14.4512,-60.929,-4.5,"Grande Cai, Martinique","1.0.6",NA,NA,NA,NA,TRUE,670,1956.433,2012.6,56.1669999999999,0.0769999999999982,56.1669999999999,FALSE,57,TRUE,TRUE,TRUE,TRUE,TRUE,TRUE,TRUE,TRUE,TRUE,"","criteria",TRUE,NA
"RO19PAR01_SrCa","ch2kRO19PAR01","paleo1measurement1","Sr/Ca","mmol/mol",NA,NA,FALSE,"RO19PAR01","Coral",17.9368,-67.0184,-7,"Parguera, Puerto Rico","1.0.6",NA,NA,NA,NA,TRUE,97,1445.5,1669.5,224,1.5,224,FALSE,0,TRUE,TRUE,FALSE,FALSE,TRUE,FALSE,TRUE,TRUE,TRUE,"resolution;calibration","curator admission",TRUE,NA
"Ru0ou4sqXPshmOkQZ","XNlUAtTTkksWJk8L0fkW","paleo1measurement1","earlywoodIndex","unitless","earlywood width",NA,FALSE,"ElMalpais.Stahle.2009","Wood",34.97,108.18,2375,"El Malpais, USA","1.0.1",1,"not specified, but primarily spring",NA,NA,TRUE,2086,1,2086,2085,1,2085,FALSE,166,TRUE,TRUE,TRUE,TRUE,TRUE,TRUE,TRUE,TRUE,TRUE,"","criteria",TRUE,NA
"RYiV0il9NAZ","XKQ9jNTJNH16EFtU5kZP","paleo1measurement1","Sr/Ca","unitless",NA,NA,FALSE,"SS05ROTN","Sclerosponge",23.92,-76.83,-143,"Tongue of the Ocean, Bahamas","1.0.9",NA,NA,NA,NA,TRUE,101,1890,1990,100,1,100,FALSE,101,TRUE,TRUE,TRUE,TRUE,TRUE,TRUE,TRUE,TRUE,TRUE,"","criteria",TRUE,NA
"S2LR0wPCnaQPUe","MxCuIO4oGIGflV3vHJjF","paleo1measurement1","d18O","permil","d18O",NA,FALSE,"Akalagavicave.Yadava.2004","Speleothem",14.9833,74.5167,521,"Akalagavi cave","1.0.5",NA,NA,NA,NA,TRUE,301,1666,1996,330,1.05297999999993,330,FALSE,108,TRUE,TRUE,TRUE,TRUE,TRUE,TRUE,TRUE,TRUE,TRUE,"","criteria",TRUE,NA
"S2LR3TAN8elzAm","qwzBpj4YBi4g9zSX21Vj","paleo1measurement6","d18O","permil","d18O",NA,FALSE,"KNI-51.Denniston.2013","Speleothem",-15.3,128.62,100,"KNI-51","1.0.20",NA,NA,NA,NA,TRUE,109,1757,2008.5,251.5,1,251.5,FALSE,68,TRUE,TRUE,TRUE,TRUE,FALSE,TRUE,TRUE,TRUE,TRUE,"length","data-poor exception",TRUE,NA
"S2LR4CltPahVQJ","uWGuwfHPOWHmobDZupI5","paleo1measurement1","d18O","permil","d18O",NA,FALSE,"YokBalumcave.Kennett.2012","Speleothem",16.2086,-89.0735,336,"Yok Balum cave","1.0.6",NA,NA,NA,NA,TRUE,3980,1.11380000000008,2005.5069,2004.3931,0.424499999999853,2004.3931,FALSE,144,TRUE,TRUE,TRUE,TRUE,TRUE,TRUE,TRUE,TRUE,TRUE,"","criteria",FALSE,"within-dataset"
"S2LR5QKijbGtUY","4QY6EMGp98fNuMbMKa1X","paleo1measurement1","d18O","permil","ring width",NA,FALSE,"Perdidacave.Winter.2011","Speleothem",18,-67,350,"Perdida cave","1.0.6",NA,NA,NA,NA,TRUE,216,1208,2003.84,795.84,1.16000000000008,795.84,FALSE,124,TRUE,TRUE,TRUE,TRUE,TRUE,TRUE,TRUE,TRUE,TRUE,"","criteria",TRUE,NA
"S2LR6SqowycH0Q","9fWuv2fyHYq1nF64vS7C","paleo1measurement1","d18O","permil","d18O","isotope",TRUE,"Uluu-Toocave.Wolff.2017","Speleothem",40.4,72.35,1490,"Uluu-Too cave","1.0.18",1,"Nov-Jun","negative","@surface",TRUE,1007,3.15480000000002,1925.8559,1922.7011,1.03334999999981,1922.7011,FALSE,55,TRUE,TRUE,TRUE,TRUE,TRUE,TRUE,TRUE,TRUE,TRUE,"","criteria",TRUE,NA
"S2LR7bV949fuUa","Um8voEEtV1us6jgn0Vig","paleo1measurement3","d18O","permil","d18O",NA,FALSE,"Forestrycave.Maupin.1332","Speleothem",-9.489,159.974,200,"Forestry cave","1.0.6",NA,NA,NA,NA,TRUE,2650,1423.23,2010.55,587.32,0.190000000000055,587.32,FALSE,161,TRUE,TRUE,TRUE,TRUE,TRUE,TRUE,TRUE,TRUE,TRUE,"","criteria",TRUE,NA
"S2LRAeJ7xRcYYo","aLmVlTYLccN4l4RzFCXs","paleo1measurement2","d13C","permil","d13C","isotopic",TRUE,"Dantecave.Sletten.2013","Speleothem",-19.4,17.8833,1400,"Dante cave","1.0.20",1,"Oct-Apr","negative","@surface",TRUE,264,1463.31,1939.07,475.76,1.1099999999999,475.76,FALSE,68,TRUE,TRUE,TRUE,TRUE,TRUE,TRUE,TRUE,TRUE,TRUE,"","criteria",TRUE,NA
"S2LRbAyN26zkDN","t67RkbCU37uSq4sPIV2w","paleo1measurement9","d18O","permil","d18O",NA,FALSE,"Paraisocave.Wang.2017","Speleothem",-4.0667,-55.45,60,"Paraiso cave","1.0.19",NA,NA,NA,NA,TRUE,546,7.20000000000005,1998.046,1990.846,0.0493087700001524,1990.846,FALSE,26,TRUE,TRUE,TRUE,TRUE,TRUE,TRUE,TRUE,TRUE,TRUE,"","criteria",TRUE,NA
"S2LRbEEMgUq6Nm","nTYaXZ21TPA078UeDB9Y","paleo1measurement1","d18O","permil","d18O",NA,FALSE,"Xibalbacave.Winter.2015","Speleothem",16.5,-89,350,"Xibalba cave","1.0.6",NA,NA,NA,NA,TRUE,595,1698.6,2007,308.4,0.5,308.4,FALSE,156,TRUE,TRUE,TRUE,TRUE,TRUE,TRUE,TRUE,TRUE,TRUE,"","criteria",TRUE,NA
"S2LRc8VSnzRU4Z","1MaDCsUtLwm8shlugcr4","paleo1measurement3","d18O","permil","d18O",NA,FALSE,"Wuyacave.Tan.2015","Speleothem",33.82,105.43,1370,"Wuya cave","1.0.6",NA,NA,NA,NA,TRUE,244,1641,2010,369,1,369,FALSE,130,TRUE,TRUE,TRUE,TRUE,TRUE,TRUE,TRUE,TRUE,TRUE,"","criteria",TRUE,NA
"S2LRdIm2XKkLzN","AMPowAIVhofLizc0AYoz","paleo1measurement1","d18O","permil","d18O",NA,FALSE,"Tauriuscave.Partin.2013","Speleothem",-15.5333,167.0167,230,"Taurius cave","1.0.6",NA,NA,NA,NA,TRUE,1626,1557.2,2003.5,446.3,0.299999999999955,446.3,FALSE,154,TRUE,TRUE,TRUE,TRUE,TRUE,TRUE,TRUE,TRUE,TRUE,"","criteria",TRUE,NA
"S2LRe2ZoHmBzVd","uWGuwfHPOWHmobDZupI5","paleo1measurement3","d18O","permil","d18O",NA,FALSE,"YokBalumcave.Kennett.2012","Speleothem",16.2086,-89.0735,336,"Yok Balum cave","1.0.6",NA,NA,NA,NA,TRUE,7467,1.11380000000008,2005.5069,2004.3931,0.156126084999983,2004.3931,FALSE,156,TRUE,TRUE,TRUE,TRUE,TRUE,TRUE,TRUE,TRUE,TRUE,"","criteria",TRUE,NA
"S2LRedtnUMn1LK","uWGuwfHPOWHmobDZupI5","paleo1measurement2","d18O","permil","d18O",NA,FALSE,"YokBalumcave.Kennett.2012","Speleothem",16.2086,-89.0735,336,"Yok Balum cave","1.0.6",NA,NA,NA,NA,TRUE,3487,1550.54,1983.54,433,0.109141389999991,433,FALSE,134,TRUE,TRUE,TRUE,TRUE,TRUE,TRUE,TRUE,TRUE,TRUE,"","criteria",FALSE,"within-dataset"
"S2LRHI9baIBtS0","AHskGxbhSALGwiMPilqr","paleo1measurement17","d18O","permil","d18O",NA,FALSE,"LiangLuar.Griffiths.2016","Speleothem",-8.53,120.43,550,"Liang Luar","1.0.21",NA,NA,NA,NA,TRUE,1218,1,2004,2003,1,2003,FALSE,106,TRUE,TRUE,TRUE,TRUE,TRUE,TRUE,TRUE,TRUE,TRUE,"","criteria",TRUE,NA
"S2LRhp3uuOTSGi","pODWUp3eeqVwlBVauhat","paleo1measurement3","d18O","permil","d18O",NA,FALSE,"UamhanTartair.Baker.2011","Speleothem",58.14,-4.93,220,"Uamh an Tartair","1.0.6",NA,NA,NA,NA,TRUE,464,1058,2003,945,1,945,FALSE,146,TRUE,TRUE,TRUE,TRUE,TRUE,TRUE,TRUE,TRUE,TRUE,"","criteria",TRUE,NA
"S2LRhyaKfZXIws","H3xGeq42JWUH9qFg7VVe","paleo1measurement1","d18O","permil","d18O",NA,FALSE,"Crystalcave.McCabe-Glynn.2013","Speleothem",36.59,-118.82,1386,"Crystal cave","1.0.6",NA,NA,NA,NA,TRUE,1054,851.9,2007.7,1155.8,1.09999999999991,1155.8,FALSE,106,TRUE,TRUE,TRUE,TRUE,TRUE,TRUE,TRUE,TRUE,TRUE,"","criteria",TRUE,NA
"S2LRkcsgqVq3BT","PEzE08Y1VJt0JEMPxiIk","paleo1measurement1","d18O","permil","d18O",NA,FALSE,"Curupiracave.Novello.2016","Speleothem",-15.2002,-56.7839,420,"Curupira cave","1.0.6",NA,NA,NA,NA,TRUE,253,1795.146,1971,175.854,0.39600261999999,175.854,FALSE,106,TRUE,TRUE,TRUE,TRUE,FALSE,TRUE,TRUE,TRUE,TRUE,"length","data-poor exception",TRUE,NA
"S2LRKJt93dI16P","KjThDLecoKuCDEKzQZsY","paleo1measurement1","d18O","permil","d18O",NA,FALSE,"SoBernardocave.Novello.2018","Speleothem",-13.81,-46.35,631,"S<e3>o Bernardo cave","1.0.6",NA,NA,NA,NA,TRUE,1714,1123.464130079,2010.3742579078,886.9101278288,0.420927130999871,886.9101278288,FALSE,156,TRUE,TRUE,TRUE,TRUE,TRUE,TRUE,TRUE,TRUE,TRUE,"","criteria",TRUE,NA
"S2LRmPWBo5nVtY","pODWUp3eeqVwlBVauhat","paleo1measurement2","d18O","permil","d18O",NA,FALSE,"UamhanTartair.Baker.2011","Speleothem",58.14,-4.93,220,"Uamh an Tartair","1.0.6",NA,NA,NA,NA,TRUE,308,1679,2003,324,1,324,FALSE,142,TRUE,TRUE,TRUE,TRUE,TRUE,TRUE,TRUE,TRUE,TRUE,"","criteria",FALSE,"within-dataset"
"S2LRO4NVRXS8eG","Um8voEEtV1us6jgn0Vig","paleo1measurement1","d18O","permil","d18O",NA,FALSE,"Forestrycave.Maupin.1332","Speleothem",-9.489,159.974,200,"Forestry cave","1.0.6",NA,NA,NA,NA,TRUE,2134,1423.23,2010.55,587.32,0.259999999999991,587.32,FALSE,161,TRUE,TRUE,TRUE,TRUE,TRUE,TRUE,TRUE,TRUE,TRUE,"","criteria",FALSE,"within-dataset"
"S2LRo6hZgMXV32","Mj78S9eDseq1WmoVLis2","paleo1measurement2","d18O","permil","d18O",NA,FALSE,"Anjohibe.Voarintsoa.2017","Speleothem",-15.53,46.88,131,"Anjohibe","1.0.5",NA,NA,NA,NA,TRUE,1069,382.7,2013.5,1630.8,1.09999999999991,1630.8,FALSE,160,TRUE,TRUE,TRUE,TRUE,TRUE,TRUE,TRUE,TRUE,TRUE,"","criteria",FALSE,"within-dataset"
"S2LROhdjq4qi1C","FAyuzgI2xOa5h3GRXSDK","paleo1measurement1","d18O","permil","d18O",NA,FALSE,"Klapferlochcave.Boch.2011","Speleothem",46.95,10.55,1140,"Klapferloch cave","1.0.6",NA,NA,NA,NA,TRUE,1397,1.24210700000003,1997,1995.757893,0.905269500000031,1995.757893,FALSE,49,TRUE,TRUE,TRUE,TRUE,TRUE,TRUE,TRUE,TRUE,TRUE,"","criteria",FALSE,"cross-dataset"
"S2LRPCh42wJ2ua","9fWuv2fyHYq1nF64vS7C","paleo1measurement1","d13C","permil","d13C","isotope",TRUE,"Uluu-Toocave.Wolff.2017","Speleothem",40.4,72.35,1490,"Uluu-Too cave","1.0.18",1,NA,NA,NA,TRUE,1007,3.15480000000002,1925.8559,1922.7011,1.03334999999981,1922.7011,FALSE,55,TRUE,TRUE,TRUE,TRUE,TRUE,TRUE,TRUE,TRUE,TRUE,"","criteria",TRUE,NA
"S2LRPi8htLOZ2D","JBQMTp9bmaooC69QzX44","paleo1measurement6","d18O","permil","d18O",NA,FALSE,"ColdAircave.Repinski.1999","Speleothem",-24,29.1833,1420,"Cold Air cave","1.0.7",NA,NA,NA,NA,TRUE,1288,2,1998,1996,0.43560609799988,1996,FALSE,138,TRUE,TRUE,TRUE,TRUE,TRUE,TRUE,TRUE,TRUE,TRUE,"","criteria",TRUE,NA
"S2LRPlmebLHj4W","Z4m1bamLynheu3oIvabu","paleo1measurement1","d18O","permil","d18O",NA,FALSE,"Caperange.Haig.2014","Speleothem",-22.1,114,100,"Cape range","1.0.6",NA,NA,NA,NA,TRUE,1499,511,2010,1499,1,1499,FALSE,161,TRUE,TRUE,TRUE,TRUE,TRUE,TRUE,TRUE,TRUE,TRUE,"","criteria",TRUE,NA
"S2LRQbTNgLuktR","s3YUHSmlaj9jhR0xQIVO","paleo1measurement1","d18O","permil","d18O",NA,FALSE,"Sahiyacave.Sinha.2015","Speleothem",30.6,77.8667,1190,"Sahiya cave","1.0.23",NA,NA,NA,NA,TRUE,1824,4.33999999999992,2006.29,2001.95,0.950000000000045,2001.95,FALSE,145,TRUE,TRUE,TRUE,TRUE,TRUE,TRUE,TRUE,TRUE,TRUE,"","criteria",TRUE,NA
"S2LRrvZr0DPClZ","aS3jigAx5wPPapRaiWkL","paleo1measurement1","d18O","permil","d18O",NA,FALSE,"WahShikharcave.Sinha.2011","Speleothem",25.25,91.8667,1290,"Wah Shikhar cave","1.0.6",NA,NA,NA,NA,TRUE,625,1399,2006.6533,607.6533,1,607.6533,FALSE,112,TRUE,TRUE,TRUE,TRUE,TRUE,TRUE,TRUE,TRUE,TRUE,"","criteria",TRUE,NA
"S2LRSWguUlIup0","JBQMTp9bmaooC69QzX44","paleo1measurement5","d18O","permil","d18O",NA,FALSE,"ColdAircave.Repinski.1999","Speleothem",-24,29.1833,1420,"Cold Air cave","1.0.7",NA,NA,NA,NA,TRUE,820,1636.427976,1996,359.572024,0.393391000000065,359.572024,FALSE,135,TRUE,TRUE,TRUE,TRUE,TRUE,TRUE,TRUE,TRUE,TRUE,"","criteria",FALSE,"within-dataset"
"S2LRuTFfyRE5aJ","s3YUHSmlaj9jhR0xQIVO","paleo1measurement5","d18O","permil","d18O","isotopic",TRUE,"Sahiyacave.Sinha.2015","Speleothem",30.6,77.8667,1190,"Sahiya cave","1.0.23",1,"Jun-Sep","negative","monsoon@surface",TRUE,1824,4.33999999999992,2006.29,2001.95,0.950000000000045,2001.95,FALSE,145,TRUE,TRUE,TRUE,TRUE,TRUE,TRUE,TRUE,TRUE,TRUE,"","criteria",TRUE,NA
"S2LRuTyoXQkqpF","k0bL002V7M99158G6jop","paleo1measurement1","d18O","permil","d18O",NA,FALSE,"Chillagoecave.Haig.2014","Speleothem",-17.2,144.6,489,"Chillagoe cave","1.0.6",NA,NA,NA,NA,TRUE,777,1227,2003,776,1,776,FALSE,154,TRUE,TRUE,TRUE,TRUE,TRUE,TRUE,TRUE,TRUE,TRUE,"","criteria",TRUE,NA
"S2LRUv7lobSksL","Mj78S9eDseq1WmoVLis2","paleo1measurement5","d18O","permil","d18O",NA,FALSE,"Anjohibe.Voarintsoa.2017","Speleothem",-15.53,46.88,131,"Anjohibe","1.0.5",NA,NA,NA,NA,TRUE,1878,277.2847682,2014,1736.7152318,0.700000000000045,1736.7152318,FALSE,162,TRUE,TRUE,TRUE,TRUE,TRUE,TRUE,TRUE,TRUE,TRUE,"","criteria",TRUE,NA
"S2LRwIbUvaM2Y3","MFD3LUehmfpk62cPvWva","paleo1measurement5","d18O","permil","d18O",NA,FALSE,"Juxtlahuacacave.Lachniet.2012","Speleothem",17.4,-99.2,934,"Juxtlahuaca cave","1.0.6",NA,NA,NA,NA,TRUE,1628,1.86132944653991,2010.05234411,2008.19101466346,1.08805518000008,2008.19101466346,FALSE,161,TRUE,TRUE,TRUE,TRUE,TRUE,TRUE,TRUE,TRUE,TRUE,"","criteria",TRUE,NA
"S2LRxITjJTYMCl","aLmVlTYLccN4l4RzFCXs","paleo1measurement2","d18O","permil","d18O","isotopic",TRUE,"Dantecave.Sletten.2013","Speleothem",-19.4,17.8833,1400,"Dante cave","1.0.20",1,"Oct-Apr","negative","amount@surface",TRUE,264,1463.31,1939.07,475.76,1.1099999999999,475.76,FALSE,68,TRUE,TRUE,TRUE,TRUE,TRUE,TRUE,TRUE,TRUE,TRUE,"","criteria",TRUE,NA
"SA16CLA01_d18O","ch2kSA16CLA01","paleo1measurement1","d18O","permil","d18O",NA,FALSE,"SA16CLA01","Coral",18.4,-114.7,-8,"Clarion Island, Mexico","1.0.7",NA,NA,NA,NA,TRUE,715,1819.5,1998.06,178.56,0.250084000000015,178.56,FALSE,149,TRUE,TRUE,TRUE,TRUE,TRUE,TRUE,TRUE,TRUE,TRUE,"","criteria",TRUE,NA
"SA18GBR01_SrCa","ch2kSA18GBR01","paleo1measurement1","Sr/Ca","mmol/mol","Sr/Ca",NA,FALSE,"SA18GBR01","Coral",-23.15,150.97,-4.5,"Great Keppel Island, Australia","1.0.6",NA,NA,NA,NA,TRUE,632,1958,2010.58,52.5799999999999,0.0799999999999272,52.5799999999999,FALSE,53,TRUE,TRUE,TRUE,TRUE,TRUE,TRUE,TRUE,TRUE,TRUE,"","criteria",TRUE,NA
"SAm_010","rqISE701EzXI98lYk9Rz","paleo1measurement1","trsgi","unitless","ring width","dendrophysical",FALSE,"SAm-CentralAndes15.Neukom.2014","Wood",-41.17,-71.92,1300,"Central Andes composite 15","1.0.8",1,"May-Apr","positive","air@surface",TRUE,410,1582,1991,409,1,409,FALSE,142,TRUE,TRUE,TRUE,TRUE,TRUE,TRUE,TRUE,TRUE,TRUE,"","criteria",TRUE,NA
"SAm_011","kKzLlizpmyzsJMURhn28","paleo1measurement1","trsgi","unitless","ring width","dendrophysical",FALSE,"SAm-CentralAndes6.Villalba.2014","Wood",-38.5,-71.5,1400,"Central Andes composite 6","1.0.7",1,"May-Apr",NA,"air",TRUE,572,1435,2006,571,1,571,FALSE,157,TRUE,TRUE,TRUE,TRUE,TRUE,TRUE,TRUE,TRUE,TRUE,"","criteria",FALSE,"within-dataset"
"SAm_012","kKzLlizpmyzsJMURhn28","paleo1measurement1","trsgi","unitless","ring width","dendrophysical",FALSE,"SAm-CentralAndes6.Villalba.2014","Wood",-38.5,-71.5,1400,"Central Andes composite 6","1.0.7",1,"May-Apr",NA,"air",TRUE,572,1435,2006,571,1,571,FALSE,157,TRUE,TRUE,TRUE,TRUE,TRUE,TRUE,TRUE,TRUE,TRUE,"","criteria",FALSE,"within-dataset"
"SAm_013","kKzLlizpmyzsJMURhn28","paleo1measurement1","trsgi","unitless","ring width","dendrophysical",FALSE,"SAm-CentralAndes6.Villalba.2014","Wood",-38.5,-71.5,1400,"Central Andes composite 6","1.0.7",1,"May-Apr",NA,"air",TRUE,572,1435,2006,571,1,571,FALSE,157,TRUE,TRUE,TRUE,TRUE,TRUE,TRUE,TRUE,TRUE,TRUE,"","criteria",FALSE,"within-dataset"
"SAm_014","kKzLlizpmyzsJMURhn28","paleo1measurement1","trsgi","unitless","ring width","dendrophysical",FALSE,"SAm-CentralAndes6.Villalba.2014","Wood",-38.5,-71.5,1400,"Central Andes composite 6","1.0.7",1,"May-Apr",NA,"air",TRUE,572,1435,2006,571,1,571,FALSE,157,TRUE,TRUE,TRUE,TRUE,TRUE,TRUE,TRUE,TRUE,TRUE,"","criteria",FALSE,"within-dataset"
"SAm_015","kKzLlizpmyzsJMURhn28","paleo1measurement1","trsgi","unitless","ring width","dendrophysical",FALSE,"SAm-CentralAndes6.Villalba.2014","Wood",-38.5,-71.5,1400,"Central Andes composite 6","1.0.7",1,"May-Apr","positive","air@surface",TRUE,572,1435,2006,571,1,571,FALSE,157,TRUE,TRUE,TRUE,TRUE,TRUE,TRUE,TRUE,TRUE,TRUE,"","criteria",TRUE,NA
"SAm_016","1sBlNAj9v6nNsbFdGSkT","paleo1measurement1","trsgi","unitless","ring width","dendrophysical",FALSE,"SAm-CentralAndes9.Mundo.2014","Wood",-39.33,-71.25,1100,"Central Andes composite 9","1.0.8",1,"May-Apr",NA,"air",TRUE,371,1636,2006,370,1,370,FALSE,157,TRUE,TRUE,TRUE,TRUE,TRUE,TRUE,TRUE,TRUE,TRUE,"","criteria",FALSE,"within-dataset"
"SAm_017","1sBlNAj9v6nNsbFdGSkT","paleo1measurement1","trsgi","unitless","ring width","dendrophysical",FALSE,"SAm-CentralAndes9.Mundo.2014","Wood",-39.33,-71.25,1100,"Central Andes composite 9","1.0.8",1,"May-Apr",NA,"air",TRUE,371,1636,2006,370,1,370,FALSE,157,TRUE,TRUE,TRUE,TRUE,TRUE,TRUE,TRUE,TRUE,TRUE,"","criteria",FALSE,"within-dataset"
"SAm_018","1sBlNAj9v6nNsbFdGSkT","paleo1measurement1","trsgi","unitless","ring width","dendrophysical",FALSE,"SAm-CentralAndes9.Mundo.2014","Wood",-39.33,-71.25,1100,"Central Andes composite 9","1.0.8",1,"May-Apr",NA,"air",TRUE,371,1636,2006,370,1,370,FALSE,157,TRUE,TRUE,TRUE,TRUE,TRUE,TRUE,TRUE,TRUE,TRUE,"","criteria",FALSE,"within-dataset"
"SAm_019","1sBlNAj9v6nNsbFdGSkT","paleo1measurement1","trsgi","unitless","ring width","dendrophysical",FALSE,"SAm-CentralAndes9.Mundo.2014","Wood",-39.33,-71.25,1100,"Central Andes composite 9","1.0.8",1,"May-Apr",NA,"air",TRUE,371,1636,2006,370,1,370,FALSE,157,TRUE,TRUE,TRUE,TRUE,TRUE,TRUE,TRUE,TRUE,TRUE,"","criteria",FALSE,"within-dataset"
"SAm_020","1sBlNAj9v6nNsbFdGSkT","paleo1measurement1","trsgi","unitless","ring width","dendrophysical",FALSE,"SAm-CentralAndes9.Mundo.2014","Wood",-39.33,-71.25,1100,"Central Andes composite 9","1.0.8",1,"May-Apr","positive","air@surface",TRUE,371,1636,2006,370,1,370,FALSE,157,TRUE,TRUE,TRUE,TRUE,TRUE,TRUE,TRUE,TRUE,TRUE,"","criteria",TRUE,NA
"SAm_024","t54vU2X7p9qBScBKbtrL","paleo1measurement1","temperature","degC","reflectance",NA,FALSE,"SAm-LagunaAculeo.vonGunten.2009","LakeSediment",-33.85,-70.92,355,"Laguna Aculeo","1.0.9",1,"Dec-Feb",NA,"air",TRUE,1141,857,1997,1140,1,1140,FALSE,148,TRUE,TRUE,TRUE,TRUE,TRUE,TRUE,TRUE,TRUE,TRUE,"","criteria",FALSE,"within-dataset"
"SAm_0241","t54vU2X7p9qBScBKbtrL","paleo1measurement1","temperature","degC","reflectance",NA,FALSE,"SAm-LagunaAculeo.vonGunten.2009","LakeSediment",-33.85,-70.92,355,"Laguna Aculeo","1.0.9",1,"Summer",NA,"air",TRUE,1141,857,1997,1140,1,1140,FALSE,148,TRUE,TRUE,TRUE,TRUE,TRUE,TRUE,TRUE,TRUE,TRUE,"","criteria",FALSE,"within-dataset"
"SAm_0242","t54vU2X7p9qBScBKbtrL","paleo1measurement1","temperature","degC","reflectance",NA,FALSE,"SAm-LagunaAculeo.vonGunten.2009","LakeSediment",-33.85,-70.92,355,"Laguna Aculeo","1.0.9",1,"Summer",NA,"air",TRUE,1142,856,1997,1141,1,1141,FALSE,148,TRUE,TRUE,TRUE,TRUE,TRUE,TRUE,TRUE,TRUE,TRUE,"","criteria",TRUE,NA
"SAm_0243","t54vU2X7p9qBScBKbtrL","paleo1measurement1","temperature","degC","reflectance","reflectance",FALSE,"SAm-LagunaAculeo.vonGunten.2009","LakeSediment",-33.85,-70.92,355,"Laguna Aculeo","1.0.9",1,"Dec-Feb","positive","air@surface",TRUE,1142,856,1997,1141,1,1141,FALSE,148,TRUE,TRUE,TRUE,TRUE,TRUE,TRUE,TRUE,TRUE,TRUE,"","criteria",TRUE,NA
"SAm_025","q2gxQ5kftAQDr0RYixYU","paleo1measurement1","temperature","degC","reflectance","reflectance",FALSE,"SAm-LagunaChepical.deJong.2013","LakeSediment",-32.2667,-70.5,3050,"Laguna Chepical","1.0.8",1,"Nov-Feb","positive","air@surface",TRUE,2005,1,2005,2004,1,2004,FALSE,156,TRUE,TRUE,TRUE,TRUE,TRUE,TRUE,TRUE,TRUE,TRUE,"","criteria",TRUE,NA
"SAm_026","q2gxQ5kftAQDr0RYixYU","paleo1measurement1","temperature","degC","reflectance",NA,FALSE,"SAm-LagunaChepical.deJong.2013","LakeSediment",-32.2667,-70.5,3050,"Laguna Chepical","1.0.8",1,"Nov-Feb",NA,"air",TRUE,2005,1,2005,2004,1,2004,FALSE,156,TRUE,TRUE,TRUE,TRUE,TRUE,TRUE,TRUE,TRUE,TRUE,"","criteria",FALSE,"within-dataset"
"SAm_032","BvhiIqoHHRWrq5lSZkBy","paleo1measurement1","temperature","degC","BSi","biogenic",FALSE,"SAm-LagunaEscondida.Elbert.2013","LakeSediment",-45.5167,-71.8167,725,"Laguna Escondida","1.0.9",1,"Annual","positive","air@surface",TRUE,1609,400,2008,1608,1,1608,FALSE,159,TRUE,TRUE,TRUE,TRUE,TRUE,TRUE,TRUE,TRUE,TRUE,"","criteria",TRUE,NA
"SAm_035","p7qxIREZcVdhohXTmzHT","paleo1measurement1","d18O","permil","d18O",NA,FALSE,"SAm-QuelccayaIceCap.Thompson.2013","GlacierIce",-13.9333,-70.8333,5670,"Quelccaya Ice Cap","1.0.7",1,"Winter","positive","air@condensationLevel",TRUE,1784,226,2009,1783,1,1783,FALSE,160,TRUE,TRUE,TRUE,TRUE,TRUE,TRUE,TRUE,TRUE,TRUE,"","criteria",TRUE,NA
"SAm_036_iso2k","xov9fnYOrCpXOwq0BuXQ","paleo1measurement1","thickness","needsToBeChanged","ice accumulation",NA,FALSE,"IC13THQU","GlacierIce",-13.9333,-70.8333,5670,"Quelccaya Ice Cap","1.0.10",1,"Winter",NA,"air@condensationLevel",TRUE,1327,683,2009,1326,1,1326,FALSE,160,TRUE,TRUE,TRUE,TRUE,TRUE,TRUE,TRUE,TRUE,TRUE,"","criteria",TRUE,NA
"SM06LKF01_d18O","ch2kSM06LKF01","paleo1measurement1","d18O","permil","d18O",NA,FALSE,"SM06LKF01","Coral",24.56,-81.41,-4,"Looe Key, Florida, USA","1.0.6",NA,NA,NA,NA,TRUE,763,1947.21,2002.63,55.4200000000001,0.0699999999999363,55.4200000000001,FALSE,56,TRUE,TRUE,TRUE,TRUE,TRUE,TRUE,TRUE,TRUE,TRUE,"","criteria",TRUE,NA
"SM06LKF01_SrCa","ch2kSM06LKF01","paleo1measurement1","Sr/Ca","mmol/mol","Sr/Ca",NA,FALSE,"SM06LKF01","Coral",24.56,-81.41,-4,"Looe Key, Florida, USA","1.0.6",NA,NA,NA,NA,TRUE,751,1947.21,2002.63,55.4200000000001,0.0699999999999363,55.4200000000001,FALSE,56,TRUE,TRUE,TRUE,TRUE,TRUE,TRUE,TRUE,TRUE,TRUE,"","criteria",TRUE,NA
"SP11BOAT01A","lgsBVpksbCmwTBMvqtZ9iso","paleo1measurement1","d18O","permil",NA,NA,FALSE,"SP11BOAT","Speleothem",46.95,10.55,1140,"Klapferloch Cave, Austria","1.0.8",1,"Annual","decrease","variations in paleoprecipitation amount on a multi-annual timescale (On longer timescales, however, the flowstone?s growth dynamics have to be considered)",TRUE,1201,1,1997,1996,1,1996,FALSE,49,TRUE,TRUE,TRUE,TRUE,TRUE,TRUE,TRUE,TRUE,TRUE,"","criteria",TRUE,NA
"SP12KEBZ01A","cNLyUqyQ6z3oyZwg8O9wiso","paleo1measurement1","d18O","permil",NA,NA,FALSE,"SP12KEBZ","Speleothem",16.2086,-89.0735,366,"Yok Balum Cave, Belize","1.0.6",1,"Annual","negative","more negative d18O reflects higher rainfall amounts",TRUE,3880,1,2003.9,2002.9,0.400000000000091,2002.9,FALSE,143,TRUE,TRUE,TRUE,TRUE,TRUE,TRUE,TRUE,TRUE,TRUE,"","criteria",TRUE,NA
"SP12KEBZ01A_d13C","cNLyUqyQ6z3oyZwg8O9wiso","paleo1measurement1","d13C","permil",NA,NA,FALSE,"SP12KEBZ","Speleothem",16.2086,-89.0735,366,"Yok Balum Cave, Belize","1.0.6",1,NA,NA,NA,TRUE,3882,1,2003.9,2002.9,0.400000000000091,2002.9,FALSE,143,TRUE,TRUE,TRUE,TRUE,TRUE,TRUE,TRUE,TRUE,TRUE,"","criteria",TRUE,NA
"SP13MCUS01A","Kov2Civ8jqq8yzmBCRgZiso","paleo1measurement1","d18O","permil",NA,NA,FALSE,"SP13MCUS","Speleothem",36.57,-118.78,1640,"Crystal Cave, California","1.0.6",1,NA,NA,NA,TRUE,1154,854,2007,1153,1,1153,FALSE,158,TRUE,TRUE,TRUE,TRUE,TRUE,TRUE,TRUE,TRUE,TRUE,"","criteria",TRUE,NA
"SP13PAVU01A","NzmmtG8TUCVBrvJcxOMWiso","paleo1measurement1","d18O","permil",NA,NA,FALSE,"SP13PAVU","Speleothem",-15.5,167,530,"Santo, Vanuatu","1.0.6",1,"Wet Season","negative","Amount of rainfall change",TRUE,1626,1557.2,2003.5,446.3,0.299999999999955,446.3,FALSE,154,TRUE,TRUE,TRUE,TRUE,TRUE,TRUE,TRUE,TRUE,TRUE,"","criteria",FALSE,"cross-dataset"
"SS05ROTN02A","XKQ9jNTJNH16EFtU5kZP","paleo1measurement1","d18O","permil",NA,NA,FALSE,"SS05ROTN","Sclerosponge",23.92,-76.83,-143,"Tongue of the Ocean, Bahamas","1.0.9",1,NA,"decrease","subsurface, 143 m",TRUE,101,1890,1990,100,1,100,FALSE,101,TRUE,TRUE,TRUE,TRUE,TRUE,TRUE,TRUE,TRUE,TRUE,"","criteria",TRUE,NA
"ST13MAL01_d18O","ch2kST13MAL01","paleo1measurement1","d18O","permil","d18O",NA,FALSE,"ST13MAL01","Coral",4.29,72.98,-1,"Rasdhoo Atoll, Maldives","1.0.7",NA,NA,NA,NA,TRUE,1081,1917.08333,2007.08333,90,0.0833299999999326,90,FALSE,91,TRUE,TRUE,TRUE,TRUE,TRUE,TRUE,TRUE,TRUE,TRUE,"","criteria",TRUE,NA
"ST13MAL01_SrCa","ch2kST13MAL01","paleo1measurement2","Sr/Ca","mmol/mol","Sr/Ca",NA,FALSE,"ST13MAL01","Coral",4.29,72.98,-1,"Rasdhoo Atoll, Maldives","1.0.7",NA,NA,NA,NA,TRUE,1056,1918,2005.916667,87.916667,0.0833330000000387,87.916667,FALSE,88,TRUE,TRUE,TRUE,TRUE,TRUE,TRUE,TRUE,TRUE,TRUE,"","criteria",TRUE,NA
"SW98STP01_d18O","ch2kSW98STP01","paleo1measurement1","d18O","permil","d18O",NA,FALSE,"SW98STP01","Coral",1.67,7.58,-4,"Ponta Banana, Principe Island","1.0.7",NA,NA,NA,NA,TRUE,54,1939,1992,53,1,53,FALSE,54,TRUE,TRUE,TRUE,TRUE,TRUE,TRUE,TRUE,TRUE,TRUE,"","criteria",FALSE,"cross-dataset"
"SW99LIG02_d18O","ch2kSW99LIG02","paleo1measurement1","d18O","permil",NA,NA,FALSE,"SW99LIG02","Coral",25,-80.6,-2,"Lignumvitae Basin, Florida Bay","1.0.6",NA,NA,NA,NA,TRUE,98,1899,1996,97,1,97,FALSE,98,TRUE,TRUE,TRUE,TRUE,TRUE,TRUE,TRUE,TRUE,TRUE,"","criteria",TRUE,NA
"TA18TAS01_d18O","ch2kTA18TAS01","paleo1measurement1","d18O","permil","d18O",NA,FALSE,"TA18TAS01","Coral",-14.27,-169.5,-16.5,"Ta'u, American Samoa","1.0.6",NA,NA,NA,NA,TRUE,5901,1520.208,2011.875,491.667,0.0830000000000837,491.667,FALSE,162,TRUE,TRUE,TRUE,TRUE,TRUE,TRUE,TRUE,TRUE,TRUE,"","criteria",TRUE,NA
"TA22SCS02_d18O","ch2kTA22SCS02","paleo1measurement1","d18O","permil","d18O",NA,FALSE,"TA22SCS02","Coral",16.47,111.57,0,"Xisha Islands","1.0.0",NA,NA,NA,NA,TRUE,116,1847,1962,115,1,115,FALSE,113,TRUE,TRUE,TRUE,TRUE,TRUE,TRUE,TRUE,TRUE,TRUE,"","criteria",TRUE,NA
"TA22SCS03_d18O","ch2kTA22SCS03","paleo1measurement1","d18O","permil","d18O",NA,FALSE,"TA22SCS03","Coral",16.47,111.57,0,"Xisha Islands","1.0.0",NA,NA,NA,NA,TRUE,103,1859,1961,102,1,102,FALSE,103,TRUE,TRUE,TRUE,TRUE,TRUE,TRUE,TRUE,TRUE,TRUE,"","criteria",TRUE,NA
"TA22SCS04_d18O","ch2kTA22SCS04","paleo1measurement1","d18O","permil","d18O",NA,FALSE,"TA22SCS04","Coral",16.07,111.78,-2.5,"Xisha Islands","1.0.0",NA,NA,NA,NA,TRUE,991,1932.875,2015.375,82.5,0.0830000000000837,82.5,FALSE,83,TRUE,TRUE,TRUE,TRUE,TRUE,TRUE,TRUE,TRUE,TRUE,"","criteria",TRUE,NA
"TA22SCS04_d18O_annual","ch2kTA22SCS04","paleo1measurement2","d18O","permil","d18O",NA,FALSE,"TA22SCS04","Coral",16.07,111.78,-2.5,"Xisha Islands","1.0.0",NA,NA,NA,NA,TRUE,83,1933,2015,82,1,82,FALSE,83,TRUE,TRUE,TRUE,TRUE,TRUE,TRUE,TRUE,TRUE,TRUE,"","criteria",FALSE,"within-dataset"
"TO24NOM01_d18O","ch2kTO24NOM01","paleo1measurement1","d18O","permil","d18O",NA,FALSE,"TO24NOM01","Coral",-20.2781,-174.8153,-3.5,"Nomuka Iki, Tonga","1.0.0",NA,NA,NA,NA,TRUE,1873,1848.84346,2004.850603,156.007143,0.083323000000064,156.007143,FALSE,155,TRUE,TRUE,TRUE,TRUE,TRUE,TRUE,TRUE,TRUE,TRUE,"","criteria",TRUE,NA
"TO24NOM01_d18O_sw","ch2kTO24NOM01","paleo1measurement1","d18O","permil","d18O",NA,FALSE,"TO24NOM01","Coral",-20.2781,-174.8153,-3.5,"Nomuka Iki, Tonga","1.0.0",NA,NA,NA,NA,TRUE,1873,1848.84346,2004.850603,156.007143,0.083323000000064,156.007143,FALSE,155,TRUE,TRUE,TRUE,TRUE,TRUE,TRUE,TRUE,TRUE,TRUE,"","criteria",FALSE,"within-dataset"
"TO24NOM01_SrCa","ch2kTO24NOM01","paleo1measurement1","Sr/Ca","mmol/mol","Sr/Ca",NA,FALSE,"TO24NOM01","Coral",-20.2781,-174.8153,-3.5,"Nomuka Iki, Tonga","1.0.0",NA,NA,NA,NA,TRUE,1873,1848.84346,2004.850603,156.007143,0.083323000000064,156.007143,FALSE,155,TRUE,TRUE,TRUE,TRUE,TRUE,TRUE,TRUE,TRUE,TRUE,"","criteria",TRUE,NA
"TO24ROT01_d18O","ch2kTO24ROT01","paleo1measurement1","d18O","permil","d18O",NA,FALSE,"TO24ROT01","Coral",-12.4881,177.1069,-11,"Rotuma, Fiji","1.0.0",NA,NA,NA,NA,TRUE,2134,1821.01353,1998.75652,177.74299,0.0833200000001852,177.74299,FALSE,149,TRUE,TRUE,TRUE,TRUE,TRUE,TRUE,TRUE,TRUE,TRUE,"","criteria",TRUE,NA
"TO24ROT01_d18O_sw","ch2kTO24ROT01","paleo1measurement1","d18O","permil","d18O",NA,FALSE,"TO24ROT01","Coral",-12.4881,177.1069,-11,"Rotuma, Fiji","1.0.0",NA,NA,NA,NA,TRUE,2134,1821.01353,1998.75652,177.74299,0.0833200000001852,177.74299,FALSE,149,TRUE,TRUE,TRUE,TRUE,TRUE,TRUE,TRUE,TRUE,TRUE,"","criteria",FALSE,"within-dataset"
"TO24ROT01_SrCa","ch2kTO24ROT01","paleo1measurement1","Sr/Ca","mmol/mol","Sr/Ca",NA,FALSE,"TO24ROT01","Coral",-12.4881,177.1069,-11,"Rotuma, Fiji","1.0.0",NA,NA,NA,NA,TRUE,2134,1821.01353,1998.75652,177.74299,0.0833200000001852,177.74299,FALSE,149,TRUE,TRUE,TRUE,TRUE,TRUE,TRUE,TRUE,TRUE,TRUE,"","criteria",TRUE,NA
"TR06TRBO00","uOAR5oWRD6a01EgDKrQ3","paleo1measurement1","d18O","permil",NA,NA,TRUE,"TR06TRBO","Wood",36.62,74.98,3900,"Boibar Valley, Northern Pakistan","1.0.15",1,"Oct-Sep","negative","Seasonal, annual",TRUE,999,1000,1998,998,1,998,FALSE,149,TRUE,TRUE,TRUE,TRUE,TRUE,TRUE,TRUE,TRUE,TRUE,"","criteria",TRUE,NA
"TR07RECA01","6nHzeIAXoyT3cj8Ty99A","paleo1measurement1","d18O","permil",NA,NA,TRUE,"TR07RECA","Wood",46.35,8.6,900,"Cavergno, Switzerland","1.0.16",1,"Jun-Aug","positive","leaf-to-air vapor pressure difference",TRUE,362,1637,2002,365,1,365,FALSE,153,TRUE,TRUE,TRUE,TRUE,TRUE,TRUE,TRUE,TRUE,TRUE,"","criteria",TRUE,NA
"TR07REVI01","NQftBWZso7cbW0AV4rqD","paleo1measurement1","d18O","permil",NA,NA,TRUE,"TR07REVI","Wood",46.5,8.77,1400,"Vigera, Switzerland","1.0.15",1,"Jun-Aug","positive","leaf-to-air vapor pressure difference",TRUE,326,1675,2003,328,1,328,FALSE,153,TRUE,TRUE,TRUE,TRUE,TRUE,TRUE,TRUE,TRUE,TRUE,"","criteria",TRUE,NA
"TR08VOOL00","SCa2gqg3j0IbOYzrmlBw","paleo1measurement1","d18O","permil",NA,NA,FALSE,"TR08VOOL","Wood",53.2833,107.6333,530,"Olkhan Island, Russia","1.0.16",1,"Apr-Aug",NA,"Seasonal",TRUE,342,1659,2001,342,1,342,FALSE,152,TRUE,TRUE,TRUE,TRUE,TRUE,TRUE,TRUE,TRUE,TRUE,"","criteria",TRUE,NA
"TR11XUPH01","G8P923YpOXf9YEeklFa9","paleo1measurement1","d18O","permil",NA,NA,FALSE,"TR11XUPH","Wood",19.9,101.2,1340,"Phu Leuy, Northern Laos","1.0.15",1,"May-Oct","negative","Seasonal",TRUE,421,1550,2002,452,1,452,FALSE,138,TRUE,TRUE,TRUE,TRUE,TRUE,TRUE,TRUE,TRUE,TRUE,"","criteria",TRUE,NA
"TR11XUPH02","G8P923YpOXf9YEeklFa9","paleo1measurement1","d18O","permil",NA,NA,FALSE,"TR11XUPH","Wood",19.9,101.2,1340,"Phu Leuy, Northern Laos","1.0.15",1,"May-Oct","negative","Seasonal",TRUE,412,1588,2002,414,1,414,FALSE,151,TRUE,TRUE,TRUE,TRUE,TRUE,TRUE,TRUE,TRUE,TRUE,"","criteria",TRUE,NA
"TR11XUPH03","G8P923YpOXf9YEeklFa9","paleo1measurement1","d18O","permil",NA,NA,FALSE,"TR11XUPH","Wood",19.9,101.2,1340,"Phu Leuy, Northern Laos","1.0.15",1,"May-Oct","negative","Seasonal",TRUE,416,1580,2002,422,1,422,FALSE,153,TRUE,TRUE,TRUE,TRUE,TRUE,TRUE,TRUE,TRUE,TRUE,"","criteria",TRUE,NA
"TR15NACA00","m2dbmDEuhl0FtJbzcmHT","paleo1measurement1","d18O","permil",NA,NA,FALSE,"TR15NACA","Wood",54.56,-71.2,500,"QuebecLabrador","1.0.15",1,"Jun-Aug","positive","Maximum air temperature, seasonal",TRUE,1004,997,2000,1003,1,1003,FALSE,151,TRUE,TRUE,TRUE,TRUE,TRUE,TRUE,TRUE,TRUE,TRUE,"","criteria",TRUE,NA
"TR15YOLL00","b19a4WSFttSlN071PgaV","paleo1measurement1","d18O","permil",NA,NA,FALSE,"TR15YOLL","Wood",52.2217,-4.228,94,"Allt Lanlas, Ceredigion","1.0.14",1,"Jun-Aug","negative","Seasonal",TRUE,181,1830,2010,180,1,180,FALSE,161,TRUE,TRUE,TRUE,TRUE,FALSE,TRUE,TRUE,TRUE,TRUE,"length","data-poor exception",TRUE,NA
"TR15YONW00","Cb5zgYWpcc9WdcE1cHmt","paleo1measurement1","d18O","permil",NA,NA,FALSE,"TR15YONW","Wood",51.8399,-4.1515,64,"National Botanic Gardens of Wales","1.0.14",1,"Jun-Aug","negative","Seasonal",TRUE,163,1850,2012,162,1,162,FALSE,163,TRUE,TRUE,TRUE,TRUE,FALSE,TRUE,TRUE,TRUE,TRUE,"length","data-poor exception",TRUE,NA
"TR16LAAN00","PUi5qjh8kt5AxhCUS1qN","paleo1measurement1","d18O","permil",NA,NA,FALSE,"TR16LAAN","Wood",45.7333,0.3,124,"Angouleme, France","1.0.15",1,"Jun-Aug","T_air (positive), P_amount (negative), SPEI (negative)","Maximum temperature",TRUE,645,1360,2004,644,1,644,FALSE,155,TRUE,TRUE,TRUE,TRUE,TRUE,TRUE,TRUE,TRUE,TRUE,"","criteria",TRUE,NA
"TR16LAFO00","G8GE2xlAjyGuNGzeip95","paleo1measurement1","d18O","permil",NA,NA,FALSE,"TR16LAFO","Wood",48.3833,2.6667,82,"Fontainebleau, France","1.0.15",1,"Jun-Aug","negative","Seasonal",TRUE,659,1326,2000,674,1,674,FALSE,145,TRUE,TRUE,TRUE,TRUE,TRUE,TRUE,TRUE,TRUE,TRUE,"","criteria",TRUE,NA
"TU01DEP01_d18O","ch2kTU01DEP01","paleo1measurement1","d18O","permil","d18O",NA,FALSE,"TU01DEP01","Coral",-5.217,145.817,-3,"Madang Lagoon, Papua New Guinea","1.0.7",NA,NA,NA,NA,TRUE,450,1880.792,1993.042,112.25,0.25,112.25,FALSE,114,TRUE,TRUE,TRUE,TRUE,TRUE,TRUE,TRUE,TRUE,TRUE,"","criteria",FALSE,"cross-dataset"
"TU01LAI01_d18O","ch2kTU01LAI01","paleo1measurement1","d18O","permil",NA,NA,FALSE,"TU01LAI01","Coral",-4.15,144.883,-3,"Laing Island, Papua New Guinea","1.0.6",NA,NA,NA,NA,TRUE,435,1884.542,1993.042,108.5,0.25,108.5,FALSE,110,TRUE,TRUE,TRUE,TRUE,TRUE,TRUE,TRUE,TRUE,TRUE,"","criteria",FALSE,"cross-dataset"
"TU95MAD01_d18O","ch2kTU95MAD01","paleo1measurement1","d18O","permil",NA,NA,FALSE,"TU95MAD01","Coral",-5.22,145.82,-0.2,"Madang Lagoon, Papua New Guinea","1.0.6",NA,NA,NA,NA,TRUE,276,1922.542,1991.292,68.75,0.25,68.75,FALSE,70,TRUE,TRUE,TRUE,TRUE,TRUE,TRUE,TRUE,TRUE,TRUE,"","criteria",FALSE,"cross-dataset"
"WA14SHI01_d18O","ch2kWA14SHI01","paleo1measurement1","d18O","permil","d18O",NA,FALSE,"WA14SHI01","Coral",31,129,-5,"Shimo-Koshiki Island, Japan","1.0.0",NA,NA,NA,NA,TRUE,1268,1903.04,2008.63,105.59,0.0799999999999272,105.59,FALSE,106,TRUE,TRUE,TRUE,TRUE,TRUE,TRUE,TRUE,TRUE,TRUE,"","criteria",TRUE,NA
"WEB-0e93d-3636-44fa-ba6a-f299e","jb5Xwfs26SmzgeLaji6a","paleo1measurement1","precipitation","mm","historical",NA,FALSE,"NETibet.Liu.2025","Wood",37.466,98.45,3950,"SG, DL, DGM","1.0.1",1,"Feb-May","negative","seasonal",TRUE,2098,1,2099,2098,1,2098,FALSE,165,TRUE,TRUE,TRUE,TRUE,TRUE,TRUE,TRUE,TRUE,TRUE,"","criteria",TRUE,NA
"WEB-1b942-9eae-4911-81d9-1fcf8","nv4Po1B0megxo5reBEDi","paleo1measurement1","index","unitless","tree-ring width",NA,TRUE,"Burabai.Akkemik.2020","Wood",53,70.33,440,"Akylbai, Burubai, Barmashino,Priozernyi","1.0.3",1,"previousOct-currentJuly","positive",NA,TRUE,271,1744,2014,270,1,270,FALSE,165,TRUE,TRUE,TRUE,TRUE,FALSE,TRUE,TRUE,TRUE,TRUE,"length","data-poor exception",TRUE,NA
"WEB-3af59-a31f-4b5a-9919-17579","CDvBphC8WVyUJecM95Z9","paleo1measurement1","index","unitless","tree-ring width",NA,TRUE,"Corsica.Esper.2022","Wood",42.38,8.91,1610,"Asco, Ballone, Golo and Tartagine valleys","1.0.3",1,"previousJAS-currentJJ","positive","seasonal",TRUE,1043,974,2016,1042,1,1042,FALSE,166,TRUE,TRUE,TRUE,TRUE,TRUE,TRUE,TRUE,TRUE,TRUE,"","criteria",TRUE,NA
"WEB-4f0cb-83cb-4d08-b3ca-e2ca9","bP2winJdSc1lq2AKAJCl","paleo1measurement1","Sr/Ca","ratio","Sr/Ca","elemental",FALSE,"KocainCave.Jacobson.2021","Speleothem",37.23,30.71,730,"Kocain Ko-1","1.0.9",1,"Annual","negative","@surface",TRUE,21420,1.13000000000011,2005.21,2004.08,0.0799999999999272,2004.08,FALSE,156,TRUE,TRUE,TRUE,TRUE,TRUE,TRUE,TRUE,TRUE,TRUE,"","criteria",TRUE,NA
"WEB-50634-d99d-43a1-b95e-413eb","bP2winJdSc1lq2AKAJCl","paleo1measurement1","Mg/Ca","ratio","Mg/Ca","elemental",FALSE,"KocainCave.Jacobson.2021","Speleothem",37.23,30.71,730,"Kocain Ko-1","1.0.9",1,"Annual","negative","@surface",TRUE,21420,1.13000000000011,2005.21,2004.08,0.0799999999999272,2004.08,FALSE,156,TRUE,TRUE,TRUE,TRUE,TRUE,TRUE,TRUE,TRUE,TRUE,"","criteria",TRUE,NA
"WEB-58034-9ccd-4a43-9f0e-56030","W3PFPpYRUSmmRzSDrRDK","paleo1measurement1","PDSI","unitless",NA,NA,FALSE,"Kongtong.Fang.2012","Wood",35.5,106.5,1986,"Kongtong Mountain","1.0.7",1,"May-Jul","positive",NA,TRUE,395,1615,2009,394,1,394,FALSE,160,TRUE,TRUE,TRUE,TRUE,TRUE,TRUE,TRUE,TRUE,TRUE,"","criteria",TRUE,NA
"WEB-589ae-9e90-44c7-87e9-20321","WtcO9uIcMdTDVRlvDNZm","paleo1measurement1","accumulation","kg/m2/yr","accumulation rate",NA,FALSE,"TalosDome.Stenni.2002","GlacierIce",-72.8,156.1,2316,"Talos Dome","1.0.1",1,"Annual","positive","@surface",TRUE,794,1213,2010,797,1,797,FALSE,161,TRUE,TRUE,TRUE,TRUE,TRUE,TRUE,TRUE,TRUE,TRUE,"","criteria",TRUE,NA
"WEB-5efca-4b47-4512-9904-94b4b","ueKq5SWAJigpymUixk9Z","paleo1measurement1","calcium","cps","Ca",NA,FALSE,"Linnevatnet.Lapointe.2023","LakeSediment",78.045,13.81,12,"Linnévatnet","1.0.6",1,"subannual","positive",NA,TRUE,1945,1,1958,1957,1,1957,FALSE,108,TRUE,TRUE,TRUE,TRUE,TRUE,TRUE,TRUE,TRUE,TRUE,"","criteria",TRUE,NA
"WEB-67945-ad6c-46e1-bb3b-5487e","bP2winJdSc1lq2AKAJCl","paleo1measurement1","calcium","cps","Mg/Ca",NA,FALSE,"KocainCave.Jacobson.2021","Speleothem",37.23,30.71,730,"Kocain Ko-1","1.0.9",1,"Annual","negative","@surface",TRUE,21420,1.13000000000011,2005.21,2004.08,0.0799999999999272,2004.08,FALSE,156,TRUE,TRUE,TRUE,TRUE,TRUE,TRUE,TRUE,TRUE,TRUE,"","criteria",FALSE,"within-dataset"
"WEB-6ebbc-8d69-4d0e-9880-f6f3b","cgWttUrdp7q4oSxO0Zr7","paleo1measurement1","precipitation","mm","grain size",NA,TRUE,"EastLake.Lapointe.2012","LakeSediment",74.9167,-109.55,5,"East Lake","1.0.4",1,"Jul-Sep","positive","precipitation of largest event per year based on sediment grain size",TRUE,1752,244,2000,1756,1,1756,FALSE,146,TRUE,TRUE,TRUE,TRUE,TRUE,TRUE,TRUE,TRUE,TRUE,"","criteria",TRUE,NA
"WEB-79884-8efb-4707-8d00-15745","ueKq5SWAJigpymUixk9Z","paleo1measurement2","grainSize","um","grain size",NA,TRUE,"Linnevatnet.Lapointe.2023","LakeSediment",78.045,13.81,12,"Linnévatnet","1.0.6",1,"subannual","positive",NA,TRUE,1956,1,1956,1955,1,1955,FALSE,107,TRUE,TRUE,TRUE,TRUE,TRUE,TRUE,TRUE,TRUE,TRUE,"","criteria",TRUE,NA
"WEB-7ce38-20e2-4d47-aac8-3dad4","E0gUHg8jrcrhgjzYMxX1","paleo1measurement1","PDSI","unitless","ring width",NA,TRUE,"Atlas.Esper.2007","Wood",32.7542,5.225,2170,"High and West Middle Atlas","1.0.4",1,"Feb-June","positive",NA,TRUE,966,1043,2008,965,1,965,FALSE,159,TRUE,TRUE,TRUE,TRUE,TRUE,TRUE,TRUE,TRUE,TRUE,"","criteria",TRUE,NA
"WEB-8a825-ea5b-4641-a7bb-46d93","XrzQ4hBZRNdyEXmV2oNK","paleo1measurement1","index","unitless","tree-ring width",NA,TRUE,"Domogled.Levanic.2013","Wood",44.866,22.4,1000,"Domogled","1.0.4",1,"Jul-Aug","positive","seasonal",TRUE,323,1688,2010,322,1,322,FALSE,161,TRUE,TRUE,TRUE,TRUE,TRUE,TRUE,TRUE,TRUE,TRUE,"","criteria",TRUE,NA
"WEB-94892-46f2-4770-898f-fe736","ueKq5SWAJigpymUixk9Z","paleo1measurement2","varveThickness","mm","varve thickness",NA,FALSE,"Linnevatnet.Lapointe.2023","LakeSediment",78.045,13.81,12,"Linnévatnet","1.0.6",1,"subannual","positive",NA,TRUE,1956,1,1956,1955,1,1955,FALSE,107,TRUE,TRUE,TRUE,TRUE,TRUE,TRUE,TRUE,TRUE,TRUE,"","criteria",TRUE,NA
"WEB-a53db-0c94-42ab-884f-bd627","XEAvAQJrS8vyUMsH4u3E","paleo1measurement2","varveThickness","cm","varve thickness",NA,TRUE,"Skilak.Thomas.2021","LakeSediment",60.4333,-150.3535,60,"Skilak Lake","1.0.6",1,"subannual","Positive",NA,TRUE,2062,38,2099,2061,1,2061,FALSE,166,TRUE,TRUE,TRUE,TRUE,TRUE,TRUE,TRUE,TRUE,TRUE,"","criteria",TRUE,NA
"WEB-c1f37-8ec5-49f3-b230-1f7ea","iR8dYvLy6ICNBcb59PUi","paleo1measurement1","precipitation","mm/yr","tree-ring width",NA,TRUE,"BavarianForest.Wilson.2005","Wood",49.13,12.34,550,"Bavarian Forest","1.0.3",1,"Mar–Aug","positive",NA,TRUE,499,1480,1978,498,1,498,FALSE,129,TRUE,TRUE,TRUE,TRUE,TRUE,TRUE,TRUE,TRUE,TRUE,"","criteria",TRUE,NA
"WEB-d3618-5a9a-470d-b15d-d97cb","IqNOPhjwF6s6pHHzoeUL","paleo1measurement1","accumulation","kg/m2/yr","accumulation rate",NA,FALSE,"GV2.Frezzotti.2013","GlacierIce",-71.71,145.26,2143,"GV2","1.0.2",1,"Annual","positive","@surface",TRUE,334,1670,2003,333,1,333,FALSE,154,TRUE,TRUE,TRUE,TRUE,TRUE,TRUE,TRUE,TRUE,TRUE,"","criteria",TRUE,NA
"WEB-d82e8-4e18-48ff-8062-99a19","cgWttUrdp7q4oSxO0Zr7","paleo1measurement1","grainSize","um","grain size",NA,FALSE,"EastLake.Lapointe.2012","LakeSediment",74.9167,-109.55,5,"East Lake","1.0.4",1,"Jul-Sep","positive","precipitation of largest event per year based on sediment grain size",TRUE,1752,244,2000,1756,1,1756,FALSE,146,TRUE,TRUE,TRUE,TRUE,TRUE,TRUE,TRUE,TRUE,TRUE,"","criteria",FALSE,"within-dataset"
"WEB-dc5a6-1e1f-4dc1-b613-9ecab","bP2winJdSc1lq2AKAJCl","paleo1measurement1","P/Ca","unitless","P/Ca",NA,FALSE,"KocainCave.Jacobson.2021","Speleothem",37.23,30.71,730,"Kocain Ko-1","1.0.9",1,NA,"negative",NA,TRUE,21420,1.13000000000011,2005.21,2004.08,0.0799999999999272,2004.08,FALSE,156,TRUE,TRUE,TRUE,TRUE,TRUE,TRUE,TRUE,TRUE,TRUE,"","criteria",TRUE,NA
"WEB-f964e-9b56-4e8c-a4c1-50e39","Nh2Yo2iDJLQyR35WgG0h","paleo1measurement1","varveThickness","mm","varve thickness",NA,TRUE,"Kalliojarvi.Saarni.2016","LakeSediment",63.227,25.366,121,"Kalliojarvi","1.0.7",1,"Subannual","Positive",NA,TRUE,2049,50,2099,2049,1,2049,FALSE,165,TRUE,TRUE,TRUE,TRUE,TRUE,TRUE,TRUE,TRUE,TRUE,"","criteria",TRUE,NA
"WEB04cd805a","v26mSwajbmDmAh3OUEjB","paleo1measurement1","d18O","permil",NA,NA,FALSE,"CO18HECO01A","Coral",-12.087,96.875,-5.8,"Direction Island","1.0.16",1,NA,NA,NA,TRUE,1199,1808.17,2010.58,202.41,0.159999999999854,202.41,FALSE,159,TRUE,TRUE,TRUE,TRUE,TRUE,TRUE,TRUE,TRUE,TRUE,"","criteria",TRUE,NA
"WEB0738fe31","BJGQj35W3JO10WXQY5CX","paleo1measurement1","d18O","permil",NA,NA,FALSE,"TR18XUJA00","Wood",29.633,79.85,3849,"Jageshwar","1.0.14",1,"Jun-Sep","negative","Seasonal",TRUE,387,1621,2008,387,1,387,FALSE,159,TRUE,TRUE,TRUE,TRUE,TRUE,TRUE,TRUE,TRUE,TRUE,"","criteria",TRUE,NA
"WEB0e874eb3","rmNpIPDazMnf3tmG0WHY","paleo1measurement1","d18O","permil",NA,NA,FALSE,"CO17RAPA","Coral",18.54,122.15,-5,"Palaui Island","1.0.15",NA,NA,NA,NA,TRUE,605,1962.04,2012.38,50.3400000000001,0.0799999999999272,50.3400000000001,FALSE,51,TRUE,TRUE,TRUE,TRUE,TRUE,TRUE,TRUE,TRUE,TRUE,"","criteria",FALSE,"cross-dataset"
"WEB135c21be","0gnakp5kQDIhU1HkKeUu","paleo1measurement1","d18O","permil","d18O","isotope",FALSE,"RECAP.Hughes.2020","GlacierIce",71.3037,-26.7131,2340,"RECAP","1.1.5",1,"Annual","positive","precipitation@surface",TRUE,70484,1.01800000000003,1962.287,1961.269,0.0210000000001855,1961.269,FALSE,113,TRUE,TRUE,TRUE,TRUE,TRUE,TRUE,TRUE,TRUE,TRUE,"","criteria",TRUE,NA
"WEB1a9fc096","v949j4zAPMiid0ZfKCP8","paleo1measurement2","d18O","permil",NA,NA,FALSE,"CO17MUMA","Coral",-5.382,117.914,-5,"Doangdoangan Besar","1.0.15",NA,NA,NA,NA,TRUE,505,1926.95,2011.94,84.99,0.169999999999845,84.99,FALSE,85,TRUE,TRUE,TRUE,TRUE,TRUE,TRUE,TRUE,TRUE,TRUE,"","criteria",TRUE,NA
"WEB1ae4dccd","8jZZVBPi9eUDfUxGFGXN","paleo1measurement1","Sr/Ca","mmol/mol",NA,NA,FALSE,"CO18RELC01A","Coral",19.7,-80.06,-9,"Little Cayman","1.0.16",NA,NA,NA,NA,TRUE,1507,1887.04,2012.54,125.5,0.0799999999999272,125.5,FALSE,126,TRUE,TRUE,TRUE,TRUE,TRUE,TRUE,TRUE,TRUE,TRUE,"","criteria",FALSE,"cross-dataset"
"WEB1b49cf10","rmNpIPDazMnf3tmG0WHY","paleo1measurement2","Sr/Ca","mmol/mol",NA,NA,FALSE,"CO17RAPA","Coral",18.54,122.15,-5,"Palaui Island","1.0.15",NA,NA,NA,NA,TRUE,701,1954.04,2012.38,58.3400000000001,0.0799999999999272,58.3400000000001,FALSE,59,TRUE,TRUE,TRUE,TRUE,TRUE,TRUE,TRUE,TRUE,TRUE,"","criteria",TRUE,NA
"WEB1d361c0a","PcTAJSOzXrJl8PYQWdU7","paleo1measurement1","d18O","permil","d18O",NA,FALSE,"TR17GRTP","Wood",31.15,97.033,4500,"Qamdo, China","1.0.14",1,"Summer","positive","relative humidity",TRUE,1522,489,2010,1521,1,1521,FALSE,161,TRUE,TRUE,TRUE,TRUE,TRUE,TRUE,TRUE,TRUE,TRUE,"","criteria",TRUE,NA
"WEB27c0dc78","lksBxMiA1GmOwIgVozI3","paleo1measurement1","d18O","permil",NA,NA,FALSE,"CO17LITW01A","Coral",21.9564,120.762,-5,"Nanwan Bay","1.0.18",1,NA,NA,NA,TRUE,624,1953,2004.92,51.9200000000001,0.0799999999999272,51.9200000000001,FALSE,52,TRUE,TRUE,TRUE,TRUE,TRUE,TRUE,TRUE,TRUE,TRUE,"","criteria",TRUE,NA
"WEB2b6a96dc","O4bJfxim7kPlaJw1Cfu6","paleo1measurement1","Ca/Ti","ln(ratio)","Ca/Ti","elemental",FALSE,"AlbercaLake.Wogau.2019","LakeSediment",20.3833,-101.2,1720,"Lake Alberca","1.1.12",1,"Annual","positive","evaporation of lake water",TRUE,7677,1.00999999999999,1999.85,1998.84,0.190000000000055,1998.84,FALSE,150,TRUE,TRUE,TRUE,TRUE,TRUE,TRUE,TRUE,TRUE,TRUE,"","criteria",TRUE,NA
"WEB34c958f0","rmNpIPDazMnf3tmG0WHY","paleo1measurement1","Sr/Ca","mmol/mol",NA,NA,FALSE,"CO17RAPA","Coral",18.54,122.15,-5,"Palaui Island","1.0.15",NA,NA,NA,NA,TRUE,701,1954.04,2012.38,58.3400000000001,0.0799999999999272,58.3400000000001,FALSE,59,TRUE,TRUE,TRUE,TRUE,TRUE,TRUE,TRUE,TRUE,TRUE,"","criteria",FALSE,"cross-dataset"
"WEB34d996d9","EQQ6WZH7aIV1QeO88Xqn","paleo1measurement2","layerThickness","needsToBeChanged",NA,"biophysical",FALSE,"Ernesto.Scholz.2012","Speleothem",45.9667,11.65,1167,"Grotta di Ernesto","1.0.12",1,NA,"positive",NA,TRUE,337,1544,1942,398,1,398,FALSE,93,TRUE,TRUE,TRUE,TRUE,TRUE,TRUE,TRUE,TRUE,TRUE,"","criteria",TRUE,NA
"WEB396032ca","AWBjUFVZQ3Hv2WR49aJS","paleo1measurement1","d18O","permil",NA,NA,FALSE,"CO13DESC01A","Coral",19.287,110.656,-4,"Hainan Island","1.0.15",NA,NA,NA,NA,TRUE,159,1853,2011,158,1,158,FALSE,159,TRUE,TRUE,TRUE,TRUE,TRUE,TRUE,TRUE,TRUE,TRUE,"","criteria",TRUE,NA
"WEB3e43f177","LRweFdggMVcEhgkh1Iaf","paleo1measurement1","d18O","permil",NA,NA,FALSE,"TR16WEMI","Wood",29.45,96.43,3950,"MiMei, China","1.0.15",1,"Jun-Aug","negative","precipitation",TRUE,420,1592,2011,419,1,419,FALSE,162,TRUE,TRUE,TRUE,TRUE,TRUE,TRUE,TRUE,TRUE,TRUE,"","criteria",TRUE,NA
"WEB3e827cf1","ov7xdx1j4RnVS9najqW5","paleo1measurement1","Ca/Sr","unitless","Sr/Ca","biophysical",FALSE,"Butrint.Morellon.2016","LakeSediment",39.7952,20.0267,0,"Lake Butrint","1.0.5",1,NA,"positive",NA,TRUE,1968,1,1997,1996,1,1996,FALSE,148,TRUE,TRUE,TRUE,TRUE,TRUE,TRUE,TRUE,TRUE,TRUE,"","criteria",TRUE,NA
"WEB44d2f1ea2","0avowoo5ax8csPTP6yxO","paleo1measurement1","d18O","permil",NA,NA,FALSE,"CO17WUBO1B","Coral",12.222,-68.3998,0,"Northwestern shore","1.0.16",1,NA,NA,NA,TRUE,333,1893.9583,1949.2917,55.3334,0.166699999999992,55.3334,FALSE,57,TRUE,TRUE,TRUE,TRUE,TRUE,TRUE,TRUE,TRUE,TRUE,"","criteria",TRUE,NA
"WEB44d2f1ea222222","sdor3ZzkdjxI9JkIGYSJ","paleo1measurement1","d18O","permil",NA,NA,FALSE,"CO17WUBO1G","Coral",12.222,-68.3998,0,"Northwestern shore","1.0.16",1,NA,NA,NA,TRUE,419,1879.8333,1949.5,69.6667,0.166699999999992,69.6667,FALSE,71,TRUE,TRUE,TRUE,TRUE,TRUE,TRUE,TRUE,TRUE,TRUE,"","criteria",TRUE,NA
"WEB54d1b98b","3kbLqfld1yvf0oy1k02W","paleo1measurement1","d2H","permil",NA,NA,FALSE,"JamesRossIsland.Mulvaney.2012","GlacierIce",-64.2017,-57.685,1542,"James Ross Island","1.0.14",NA,NA,NA,NA,TRUE,3606,2.32999999999993,2008,2005.67,0.349999999999909,2005.67,FALSE,159,TRUE,TRUE,TRUE,TRUE,TRUE,TRUE,TRUE,TRUE,TRUE,"","criteria",TRUE,NA
"WEB640da8ea","zZgsuies0ItMEJZroli1","paleo1measurement1","d18O","permil",NA,NA,FALSE,"TR16WEXI","Wood",30.42,95.07,3100,"Xinpu, China","1.0.14",1,"Jun-Aug","negative","relative humidity",TRUE,661,1352,2012,660,1,660,FALSE,163,TRUE,TRUE,TRUE,TRUE,TRUE,TRUE,TRUE,TRUE,TRUE,"","criteria",TRUE,NA
"WEB6a279c31","Ux7ybOJjPF8Sdz2WImTH","paleo1measurement1","d13C","permil",NA,NA,FALSE,"CO99SWFB","Coral",24.9167,-80.75,-5,"Lignumvitae Basin, Florida Bay","1.0.9",1,NA,"increase","sea surface",TRUE,98,1899,1996,97,1,97,FALSE,98,TRUE,TRUE,TRUE,TRUE,TRUE,TRUE,TRUE,TRUE,TRUE,"","criteria",TRUE,NA
"WEB75eec6a6","D3TiAeuFiEzwR8bd6W9Z","paleo1measurement1","precipitation","mm/yr","ring width","biophysical",TRUE,"NevadaPrecip.Hughes.1996","Wood",37.8,-115.8,1700,"Nevada Climate Division 3","1.0.19",1,"Annual","positive","amount@surface",TRUE,1996,1,1996,1995,1,1995,FALSE,147,TRUE,TRUE,TRUE,TRUE,TRUE,TRUE,TRUE,TRUE,TRUE,"","criteria",TRUE,NA
"WEB7c902e21","K5mWl4guYTrkFTnhTKnV","paleo1measurement1","d18O","permil",NA,NA,FALSE,"TR11GRTP","Wood",30.3083,91.5167,4150,"Reting site, China","1.0.15",1,"Summer","negative","summer monsoon",TRUE,843,1163,2005,842,1,842,FALSE,156,TRUE,TRUE,TRUE,TRUE,TRUE,TRUE,TRUE,TRUE,TRUE,"","criteria",TRUE,NA
"WEB8500c738","v26mSwajbmDmAh3OUEjB","paleo1measurement1","Sr/Ca","mmol/mol",NA,NA,FALSE,"CO18HECO01A","Coral",-12.087,96.875,-5.8,"Direction Island","1.0.16",1,NA,NA,NA,TRUE,1228,1808.17,2010.58,202.41,0.159999999999854,202.41,FALSE,160,TRUE,TRUE,TRUE,TRUE,TRUE,TRUE,TRUE,TRUE,TRUE,"","criteria",TRUE,NA
"WEB88fe721c","1lYOaBW5md1DUePNjWme","paleo1measurement1","d18O","permil","d18O","isotope",FALSE,"Nar.Roberts.2016","LakeSediment",38.34,34.4564,1363,"Nar Golu","1.0.13",1,"Annual","negative","lake@surface",TRUE,1085,14,2001,1987,1,1987,FALSE,147,TRUE,TRUE,TRUE,TRUE,TRUE,TRUE,TRUE,TRUE,TRUE,"","criteria",TRUE,NA
"WEB8d8f0a7b","8X1NUuoHCcoDV7QJPMkGiso","paleo1measurement1","d18O","permil",NA,NA,FALSE,"SH16MEIN","MolluskShell",71.0622,24.0983,-6,"Ingoya","1.0.7",1,"Apr-Mar",NA,NA,TRUE,113,1900,2012,112,1,112,FALSE,113,TRUE,TRUE,TRUE,TRUE,TRUE,TRUE,TRUE,TRUE,TRUE,"","criteria",TRUE,NA
"WEB8fc5212c","0gnakp5kQDIhU1HkKeUu","paleo1measurement1","d18O","permil","d18O","isotope",FALSE,"RECAP.Hughes.2020","GlacierIce",71.3037,-26.7131,2340,"RECAP","1.1.5",1,"Annual","positive","precipitation@surface",TRUE,68322,1.01800000000003,1962.287,1961.269,0.0219999999999345,1961.269,FALSE,110,TRUE,TRUE,TRUE,TRUE,TRUE,TRUE,TRUE,TRUE,TRUE,"","criteria",FALSE,"within-dataset"
"WEB9aced55a","rmNpIPDazMnf3tmG0WHY","paleo1measurement2","d18O","permil",NA,NA,FALSE,"CO17RAPA","Coral",18.54,122.15,-5,"Palaui Island","1.0.15",NA,NA,NA,NA,TRUE,701,1954.04,2012.38,58.3400000000001,0.0799999999999272,58.3400000000001,FALSE,59,TRUE,TRUE,TRUE,TRUE,TRUE,TRUE,TRUE,TRUE,TRUE,"","criteria",FALSE,"cross-dataset"
"WEB9ec53927","8qVR70iC31ZetVkpTSfE","paleo1measurement1","d18O","permil",NA,NA,FALSE,"TR12BECO","Wood",38.8,-105,3450,"Almagre Mountain site, Colorado","1.0.16",1,"Jun-Aug","positive","temperature",TRUE,520,1485,2005,520,1,520,FALSE,156,TRUE,TRUE,TRUE,TRUE,TRUE,TRUE,TRUE,TRUE,TRUE,"","criteria",TRUE,NA
"WEBa131bf7e","AWBjUFVZQ3Hv2WR49aJS","paleo1measurement1","d18O","permil",NA,NA,FALSE,"CO13DESC01A","Coral",19.287,110.656,-4,"Hainan Island","1.0.15",NA,NA,NA,NA,TRUE,159,1853,2011,158,1,158,FALSE,159,TRUE,TRUE,TRUE,TRUE,TRUE,TRUE,TRUE,TRUE,TRUE,"","criteria",TRUE,NA
"WEBaa6ac386","ZLgEHiOz7XKmfSzBHxMC","paleo1measurement2","accumulation","mm/yr","ice accumulation","cryophysical",FALSE,"WAISDivide.Cuffey.2016","GlacierIce",-79.4676,-112.08,1806,"WAIS Divide","1.0.23",1,"Annual","positive","amount@surface",TRUE,2006,1.5,2006.5,2005,1,2005,FALSE,157,TRUE,TRUE,TRUE,TRUE,TRUE,TRUE,TRUE,TRUE,TRUE,"","criteria",TRUE,NA
"WEBae63e2cc","sRRQbP0dwU0qYkzCVgEc","paleo1measurement2","varveThickness","cm","varve thickness","stratigraphy",FALSE,"Minucua.Goman.2018","LakeSediment",17.079,-97.609,2510,"Laguna Minucua","1.1.15",1,NA,NA,NA,TRUE,1768,1,1879,1878,1,1878,FALSE,30,TRUE,TRUE,TRUE,TRUE,TRUE,TRUE,TRUE,TRUE,TRUE,"","criteria",TRUE,NA
"WEBaf733834","w1paN1lyDuCRF8WJQBtx","paleo1measurement3","varveThickness","mm","varve thickness","stratigraphy",FALSE,"SO90_56KA.Doose-Rolinski.2001","MarineSediment",24.833,65.916,-695,"SO90_56KA","1.0.12",1,"Annual","positive","@catchment",TRUE,1992,1,1992,1991,1,1991,FALSE,143,TRUE,TRUE,TRUE,TRUE,TRUE,TRUE,TRUE,TRUE,TRUE,"","criteria",TRUE,NA
"WEBb3fd19e6","08eAaDwcPaDyxHSZ31PF","paleo1measurement1","reflectance","ratio","reflectance","biophysical",FALSE,"RebeccaLagoon.Saunders.2012","LakeSediment",-41.1911,144.695,8,"Rebecca Lagoon","1.0.18",1,"annual","negative","more diagenesis under dryer climate",TRUE,2006,1,2006,2005,1,2005,FALSE,157,TRUE,TRUE,TRUE,TRUE,TRUE,TRUE,TRUE,TRUE,TRUE,"","criteria",TRUE,NA
"WEBbac6c4f7222222","sdor3ZzkdjxI9JkIGYSJ","paleo1measurement1","Sr/Ca","mmol/mol",NA,NA,FALSE,"CO17WUBO1G","Coral",12.222,-68.3998,0,"Northwestern shore","1.0.16",1,NA,NA,NA,TRUE,307,1879.8333,1930.8333,51,0.166699999999992,51,FALSE,52,TRUE,TRUE,TRUE,TRUE,TRUE,TRUE,TRUE,TRUE,TRUE,"","criteria",TRUE,NA
"WEBc0eedb9c","v26mSwajbmDmAh3OUEjB","paleo1measurement1","d18O","permil",NA,NA,FALSE,"CO18HECO01A","Coral",-12.087,96.875,-5.8,"Direction Island","1.0.16",NA,NA,NA,NA,TRUE,1191,1808.17,2010.58,202.41,0.159999999999854,202.41,FALSE,159,TRUE,TRUE,TRUE,TRUE,TRUE,TRUE,TRUE,TRUE,TRUE,"","criteria",TRUE,NA
"WEBcac4e435","XkjWP0PfAnsjGKeKtFbE","paleo1measurement2","reflectance","grayscale","reflectance","biophysical",FALSE,"Macal.Akers.2016","Speleothem",16.883,-89.108,530,"Macal Chasm","1.0.12",1,"Annual","negative","@surface",TRUE,13180,1.13000000000011,1995.23,1994.1,0.1400000000001,1994.1,FALSE,146,TRUE,TRUE,TRUE,TRUE,TRUE,TRUE,TRUE,TRUE,TRUE,"","criteria",TRUE,NA
"WEBcdcf63cd","JYZp8fpNdD5plMRDVcyk","paleo1measurement1","d18O","permil","cellulose",NA,FALSE,"TR18GRPM","Wood",-50.5167,-70.1167,540,"Perito Moreno","1.0.15",1,"Summer","positive","Souther Annular Mode (SAM)",TRUE,205,1809,2013,204,1,204,FALSE,164,TRUE,TRUE,TRUE,TRUE,FALSE,TRUE,TRUE,TRUE,TRUE,"length","data-poor exception",TRUE,NA
"WEBcdfe38ba","O4bJfxim7kPlaJw1Cfu6","paleo1measurement1","titanium","ln(cps)","Ti","elemental",FALSE,"AlbercaLake.Wogau.2019","LakeSediment",20.3833,-101.2,1720,"Lake Alberca","1.1.12",1,"Annual","positive",NA,TRUE,7677,1.00999999999999,1999.85,1998.84,0.190000000000055,1998.84,FALSE,150,TRUE,TRUE,TRUE,TRUE,TRUE,TRUE,TRUE,TRUE,TRUE,"","criteria",TRUE,NA
"WEBd316bfdc","1CPS7EisEjANGcIGvVYD","paleo1measurement1","d18O","permil",NA,NA,FALSE,"CO18DATO01A","Coral",-20.2792,-174.6423,-7.5,"Fonoifua Island","1.0.16",1,NA,NA,NA,TRUE,872,1883.583333,2004.895833,121.3125,0.125,121.3125,FALSE,122,TRUE,TRUE,TRUE,TRUE,TRUE,TRUE,TRUE,TRUE,TRUE,"","criteria",TRUE,NA
"WEBde2fb2ab","08eAaDwcPaDyxHSZ31PF","paleo1measurement1","reflectance","ratio","reflectance","biophysical",FALSE,"RebeccaLagoon.Saunders.2012","LakeSediment",-41.1911,144.695,8,"Rebecca Lagoon","1.0.18",1,"annual","negative","more diagenesis under dryer climate",TRUE,1981,1,1981,1980,1,1980,FALSE,132,TRUE,TRUE,TRUE,TRUE,TRUE,TRUE,TRUE,TRUE,TRUE,"","criteria",FALSE,"within-dataset"
"WEBe15adc6e","XuEPH8G47roB33CT3tCY","paleo1measurement1","iceMelt","count/kyr","ice melt","cryophysical",FALSE,"SipleDomeA.Das.2008","GlacierIce",-81.65,-148.82,621,"Siple Dome A","1.0.11",1,"Summer","positive","air@surface",TRUE,1949,1,1949,1948,1,1948,FALSE,100,TRUE,TRUE,TRUE,TRUE,TRUE,TRUE,TRUE,TRUE,TRUE,"","criteria",TRUE,NA
"WEBf652d8e7","oG5Hj4gCZZaZtNjsuKLN","paleo1measurement2","titanium","mg/g","Ti","elemental",FALSE,"TanaLake.Loomis.2015","LakeSediment",12,37.3,1830,"TanaLake","1.1.14",1,"Annual","positive","@surface",TRUE,8529,1.04615600000011,1937.04319769,1935.99704169,0.208980699999984,1935.99704169,FALSE,88,TRUE,TRUE,TRUE,TRUE,TRUE,TRUE,TRUE,TRUE,TRUE,"","criteria",TRUE,NA
"WEBf671aef0","ZLgEHiOz7XKmfSzBHxMC","paleo1measurement2","accumulation","mm","multiproxy",NA,FALSE,"WAISDivide.Cuffey.2016","GlacierIce",-79.4676,-112.08,1806,"WAIS Divide","1.0.23",1,"Annual","positive","air@surface",TRUE,2006,1.5,2006.5,2005,1,2005,FALSE,157,TRUE,TRUE,TRUE,TRUE,TRUE,TRUE,TRUE,TRUE,TRUE,"","criteria",TRUE,NA
"WEBfe31d859","8jZZVBPi9eUDfUxGFGXN","paleo1measurement1","d18O","permil",NA,NA,FALSE,"CO18RELC01A","Coral",19.7,-80.06,-9,"Little Cayman","1.0.16",1,NA,NA,NA,TRUE,1507,1887.04,2012.54,125.5,0.0799999999999272,125.5,FALSE,126,TRUE,TRUE,TRUE,TRUE,TRUE,TRUE,TRUE,TRUE,TRUE,"","criteria",FALSE,"cross-dataset"
"WU13TON01_d18O","ch2kWU13TON01","paleo1measurement1","d18O","permil","d18O",NA,FALSE,"WU13TON01","Coral",-19.9333,-174.7167,-1,"Ha'afera, Tonga","1.0.7",NA,NA,NA,NA,TRUE,209,1792.5,2004.5,212,1,212,FALSE,152,TRUE,TRUE,TRUE,TRUE,TRUE,TRUE,TRUE,TRUE,TRUE,"","criteria",TRUE,NA
"WU14CLI01_d18O","ch2kWU14CLI01","paleo1measurement1","d18O","permil","d18O",NA,FALSE,"WU14CLI01","Coral",10.3,-109.22,NA,"Clipperton Island","1.0.6",NA,NA,NA,NA,TRUE,1438,1874.0833,1993.875,119.7917,0.0833000000000084,119.7917,FALSE,120,TRUE,TRUE,TRUE,TRUE,TRUE,TRUE,TRUE,TRUE,TRUE,"","criteria",TRUE,NA
"WU14CLI01_d18O_sw","ch2kWU14CLI01","paleo1measurement1","d18O","permil","d18O",NA,FALSE,"WU14CLI01","Coral",10.3,-109.22,NA,"Clipperton Island","1.0.6",NA,NA,NA,NA,TRUE,1437,1874.0833,1993.7917,119.7084,0.0833000000000084,119.7084,FALSE,120,TRUE,TRUE,TRUE,TRUE,TRUE,TRUE,TRUE,TRUE,TRUE,"","criteria",FALSE,"within-dataset"
"WU14CLI01_SrCa","ch2kWU14CLI01","paleo1measurement1","Sr/Ca","mmol/mol","Sr/Ca",NA,FALSE,"WU14CLI01","Coral",10.3,-109.22,NA,"Clipperton Island","1.0.6",NA,NA,NA,NA,TRUE,1439,1874.0833,1993.9583,119.875,0.0833000000000084,119.875,FALSE,120,TRUE,TRUE,TRUE,TRUE,TRUE,TRUE,TRUE,TRUE,TRUE,"","criteria",TRUE,NA
"XI17HAI01_d18O","ch2kXI17HAI01","paleo1measurement1","d18O","permil","d18O",NA,FALSE,"XI17HAI01","Coral",19.395,110.753,NA,"Fengjiawan, Wenchang, China","1.0.7",NA,NA,NA,NA,TRUE,143,167,309,142,1,142,FALSE,0,TRUE,TRUE,TRUE,TRUE,TRUE,FALSE,TRUE,TRUE,TRUE,"calibration","curator admission",TRUE,NA
"XI17HAI01_SrCa","ch2kXI17HAI01","paleo1measurement1","Sr/Ca","mmol/mol","Sr/Ca",NA,FALSE,"XI17HAI01","Coral",19.395,110.753,NA,"Fengjiawan, Wenchang, China","1.0.7",NA,NA,NA,NA,TRUE,143,167,309,142,1,142,FALSE,0,TRUE,TRUE,TRUE,TRUE,TRUE,FALSE,TRUE,TRUE,TRUE,"calibration","curator admission",TRUE,NA
"ZI04IFR01_SrCa","ch2kZI04IFR01","paleo1measurement1","Sr/Ca","mmol/mol","Sr/Ca",NA,FALSE,"ZI04IFR01","Coral",-23.15,43.58,-1.1,"Ifaty Reef, Madagascar","1.0.7",NA,NA,NA,NA,TRUE,713,1688.625,1995.625,307,0.166999999999916,307,FALSE,72,TRUE,TRUE,TRUE,TRUE,TRUE,TRUE,TRUE,TRUE,TRUE,"","criteria",TRUE,NA
"ZI08MAY01_d18O","ch2kZI08MAY01","paleo1measurement1","d18O","permil","d18O",NA,FALSE,"ZI08MAY01","Coral",-12.65,45.1,-2,"Mayotte","1.0.6",NA,NA,NA,NA,TRUE,673,1881.6247,1993.624703,112.000003,0.166666999999961,112.000003,FALSE,113,TRUE,TRUE,TRUE,TRUE,TRUE,TRUE,TRUE,TRUE,TRUE,"","criteria",FALSE,"cross-dataset"
"ZI08MAY01_d18O_sw","ch2kZI08MAY01","paleo1measurement1","d18O","permil","d18O",NA,FALSE,"ZI08MAY01","Coral",-12.65,45.1,-2,"Mayotte","1.0.6",NA,NA,NA,NA,TRUE,673,1881.6247,1993.624703,112.000003,0.166666999999961,112.000003,FALSE,113,TRUE,TRUE,TRUE,TRUE,TRUE,TRUE,TRUE,TRUE,TRUE,"","criteria",FALSE,"within-dataset"
"ZI08MAY01_SrCa","ch2kZI08MAY01","paleo1measurement1","Sr/Ca","mmol/mol","Sr/Ca",NA,FALSE,"ZI08MAY01","Coral",-12.65,45.1,-2,"Mayotte","1.0.6",NA,NA,NA,NA,TRUE,677,1881.6247,1994.29137,112.66667,0.166666999999961,112.66667,FALSE,114,TRUE,TRUE,TRUE,TRUE,TRUE,TRUE,TRUE,TRUE,TRUE,"","criteria",FALSE,"cross-dataset"
"ZI14IFR02_d18O","ch2kZI14IFR02","paleo1measurement1","d18O","permil","d18O",NA,FALSE,"ZI14IFR02","Coral",-23,43,-1.8,"Ifaty Reef, Madagascar","1.0.8",NA,NA,NA,NA,TRUE,113,1882,1994,112,1,112,FALSE,113,TRUE,TRUE,TRUE,TRUE,TRUE,TRUE,TRUE,TRUE,TRUE,"","criteria",TRUE,NA
"ZI14IFR02_SrCa","ch2kZI14IFR02","paleo1measurement1","Sr/Ca","mmol/mol","Sr/Ca",NA,FALSE,"ZI14IFR02","Coral",-23,43,-1.8,"Ifaty Reef, Madagascar","1.0.8",NA,NA,NA,NA,TRUE,113,1882,1994,112,1,112,FALSE,113,TRUE,TRUE,TRUE,TRUE,TRUE,TRUE,TRUE,TRUE,TRUE,"","criteria",TRUE,NA
"ZI14TUR01_d18O","ch2kZI14TUR01","paleo1measurement1","d18O","permil","d18O",NA,FALSE,"ZI14TUR01","Coral",-22.5,43.2,-0.6,"Tulear Reef, Madagascar","1.0.8",NA,NA,NA,NA,TRUE,90,1905,1994,89,1,89,FALSE,90,TRUE,TRUE,TRUE,TRUE,TRUE,TRUE,TRUE,TRUE,TRUE,"","criteria",TRUE,NA
"ZI14TUR01_SrCa","ch2kZI14TUR01","paleo1measurement1","Sr/Ca","mmol/mol","Sr/Ca",NA,FALSE,"ZI14TUR01","Coral",-22.5,43.2,-0.6,"Tulear Reef, Madagascar","1.0.8",NA,NA,NA,NA,TRUE,90,1905,1994,89,1,89,FALSE,90,TRUE,TRUE,TRUE,TRUE,TRUE,TRUE,TRUE,TRUE,TRUE,"","criteria",TRUE,NA
"ZI15CLE01_SrCa","ch2kZI15CLE01","paleo1measurement1","Sr/Ca","mmol/mol",NA,NA,FALSE,"ZI15CLE01","Coral",-17.26,119.26,-10,"Rowley Shoals, Australia","1.0.6",NA,NA,NA,NA,TRUE,55,1955,2009,54,1,54,FALSE,55,TRUE,TRUE,TRUE,TRUE,TRUE,TRUE,TRUE,TRUE,TRUE,"","criteria",TRUE,NA
"ZI15IMP01_SrCa","ch2kZI15IMP01","paleo1measurement1","Sr/Ca","mmol/mol",NA,NA,FALSE,"ZI15IMP01","Coral",-17.5369,118.974,-14,"Rowley Shoals, Australia","1.0.6",NA,NA,NA,NA,TRUE,204,1806,2009,203,1,203,FALSE,160,TRUE,TRUE,TRUE,TRUE,TRUE,TRUE,TRUE,TRUE,TRUE,"","criteria",TRUE,NA
"ZI15IMP02_SrCa","ch2kZI15IMP02","paleo1measurement1","Sr/Ca","mmol/mol",NA,NA,FALSE,"ZI15IMP02","Coral",-17.5196,118.969,-8,"Rowley Shoals, Australia","1.0.6",NA,NA,NA,NA,TRUE,212,1798,2009,211,1,211,FALSE,160,TRUE,TRUE,TRUE,TRUE,TRUE,TRUE,TRUE,TRUE,TRUE,"","criteria",TRUE,NA
"ZI15MER01_SrCa","ch2kZI15MER01","paleo1measurement1","Sr/Ca","mmol/mol",NA,NA,FALSE,"ZI15MER01","Coral",-17.1,119.6,-17,"Rowley Shoals, Australia","1.0.6",NA,NA,NA,NA,TRUE,119,1891,2009,118,1,118,FALSE,119,TRUE,TRUE,TRUE,TRUE,TRUE,TRUE,TRUE,TRUE,TRUE,"","criteria",TRUE,NA
"ZI16ROD01_SrCa","ch2kZI16ROD01","paleo1measurement1","Sr/Ca","mmol/mol",NA,NA,FALSE,"ZI16ROD01","Coral",-19.671,63.429,-4,"Rodrigues, Republic of Mauritius","1.0.6",NA,NA,NA,NA,TRUE,2694,1781.20803,2005.6247,224.41667,0.0833330000000387,224.41667,FALSE,156,TRUE,TRUE,TRUE,TRUE,TRUE,TRUE,TRUE,TRUE,TRUE,"","criteria",TRUE,NA
"ZI16ROD02_SrCa","ch2kZI16ROD02","paleo1measurement1","Sr/Ca","mmol/mol",NA,NA,FALSE,"ZI16ROD02","Coral",-19.667,63.434,-3,"Rodrigues, Republic of Mauritius","1.0.6",NA,NA,NA,NA,TRUE,733,1945.624699,2006.6247,61.0000010000001,0.0833330000000387,61.0000010000001,FALSE,62,TRUE,TRUE,TRUE,TRUE,TRUE,TRUE,TRUE,TRUE,TRUE,"","criteria",TRUE,NA
"ZI23NFL01_d18O","ch2kZI23NFL01","paleo1measurement1","d18O","permil","d18O",NA,FALSE,"ZI23NFL01","Coral",-17.7179,148.451,-7.5,"North Flinders Reef","1.0.0",NA,NA,NA,NA,TRUE,281,1710,1992,282,1,282,FALSE,143,TRUE,TRUE,TRUE,TRUE,TRUE,TRUE,TRUE,TRUE,TRUE,"","criteria",TRUE,NA
"ZI23NFL01_SrCa","ch2kZI23NFL01","paleo1measurement1","Sr/Ca","mmol/mol","Sr/Ca",NA,FALSE,"ZI23NFL01","Coral",-17.7179,148.451,-7.5,"North Flinders Reef","1.0.0",NA,NA,NA,NA,TRUE,283,1710,1992,282,1,282,FALSE,143,TRUE,TRUE,TRUE,TRUE,TRUE,TRUE,TRUE,TRUE,TRUE,"","criteria",TRUE,NA
