"TSid","datasetId","tableId","variableName","units","proxy","proxyGeneral","primaryTimeseries","dataSetName","archiveType","lat","lon","elev","siteName","datasetVersion","interpRank","seasonality","direction","variableDetail","n_win","min_win","max_win","span_win","res_win","longest_win","axis_14C","pass_curator","annual","pass_length","pass_resolution","layer_counted","n_age_controls","pass_chronology","chron_missing","pass_direction","pass_sign","selected","fails","selected_by","dedup_keep","dedup_rule"
"Africa_001","b7k9uDLbDLTNY95dMRiC","paleo1measurement1","d18O","permil","d18O",NA,FALSE,"Afr-ColdAirCave.Sundqvist.2013","Speleothem",-24,29.18,1450,"Cold Air Cave","1.0.9",1,"Annual","positive","air@condensationLevel",339,1635,1992,357,1,357,FALSE,TRUE,TRUE,TRUE,TRUE,FALSE,0,TRUE,TRUE,TRUE,TRUE,TRUE,"","criteria",TRUE,NA
"Africa_004","ffaauJnqTsnDUdKXjaRq","paleo1measurement1","temperature","degC","TEX86",NA,FALSE,"Afr-LakeTanganyika.Tierney.2010","LakeSediment",-6.03,28.53,905,"Lake Tanganyika","1.0.7",1,"Annual","positive","lake@surface",72,504,1986,1482,21,1482,FALSE,TRUE,FALSE,TRUE,TRUE,FALSE,0,TRUE,TRUE,TRUE,TRUE,TRUE,"","criteria",TRUE,NA
"Ant_005","poe6t9cnB2J9vBRm9eT1","paleo1measurement1","d18O","permil","d18O",NA,FALSE,"Ant-BerknerIsland.Mulvaney.2002","GlacierIce",-79.57,-45.72,890,"Berkner Island (South)","1.0.8",1,"Annual","positive","air@condensationLevel",991,1000,1992,992,1,992,FALSE,TRUE,TRUE,TRUE,TRUE,TRUE,0,TRUE,FALSE,TRUE,TRUE,TRUE,"","criteria",TRUE,NA
"Ant_006","CbdSgVTeD8IJk8TrcLFW","paleo1measurement1","d18O","permil","d18O",NA,FALSE,"Ant-SiteDML07.Graf.2002","GlacierIce",-75.58,-3.43,2680,"Site DML07","1.0.5",1,"Annual","positive","air@condensationLevel",986,1000,1994,994,1,994,FALSE,TRUE,TRUE,TRUE,TRUE,TRUE,0,TRUE,FALSE,TRUE,TRUE,TRUE,"","criteria",TRUE,NA
"Ant_007","U5cIPq5K2BlduNRXB8bS","paleo1measurement1","d18O","permil","d18O",NA,FALSE,"Ant-SiteDML05.Graf.2002","GlacierIce",-75,-0.01,2892,"Site DML05","1.0.5",1,"Annual","positive","air@condensationLevel",1831,166,1996,1830,1,1830,FALSE,TRUE,TRUE,TRUE,TRUE,TRUE,0,TRUE,FALSE,TRUE,TRUE,TRUE,"","criteria",FALSE,"cross-dataset"
"Ant_008","qchpp02XIc2KRJfek3rt","paleo1measurement1","d18O","permil","d18O",NA,FALSE,"Ant-SiteDML17.Graf.2002","GlacierIce",-75.17,6.5,3160,"Site DML17","1.0.8",1,"Annual","positive","air@condensationLevel",984,1000,1997,997,1,997,FALSE,TRUE,TRUE,TRUE,TRUE,TRUE,0,TRUE,FALSE,TRUE,TRUE,TRUE,"","criteria",TRUE,NA
"Ant_009","PNCv1aEPr91sxpBUuGVF","paleo1measurement1","d18O","permil","d18O",NA,FALSE,"Ant-DomeF1993.Uemura.2014","GlacierIce",-77.32,39.7,3810,"Dome F 1993","1.0.7",1,"Annual","positive","air@condensationLevel",231,423.79413,1467.208751,1043.414621,4.44024999999999,1043.414621,FALSE,TRUE,FALSE,TRUE,TRUE,TRUE,0,TRUE,FALSE,TRUE,TRUE,TRUE,"","criteria",TRUE,NA
"Ant_010","x7PRgy7ZK18MA1CMjWx9","paleo1measurement1","d18O","permil","d18O",NA,FALSE,"Ant-DomeF2001.Uemura.2008","GlacierIce",-77.32,39.7,3810,"Dome F 2001","1.0.7",1,"Annual","positive","air@condensationLevel",120,695,1875,1180,9.83000000000015,1180,FALSE,TRUE,FALSE,TRUE,TRUE,TRUE,0,TRUE,FALSE,TRUE,TRUE,TRUE,"","criteria",TRUE,NA
"Ant_011","0Lm8RAUQwa9nU5CUFWfY","paleo1measurement1","d18O","permil","d18O",NA,FALSE,"Ant-DSS.Moy.2012","GlacierIce",-66.77,112.807,1370,"DSS","1.0.8",1,"Annual","positive","air@condensationLevel",1823,173,1995,1822,1,1822,FALSE,TRUE,TRUE,TRUE,TRUE,TRUE,0,TRUE,FALSE,TRUE,TRUE,TRUE,"","criteria",FALSE,"cross-dataset"
"Ant_012","3FTQDaZOXoRPzsvvMX9i","paleo1measurement1","d18O","permil","d18O",NA,FALSE,"Ant-DomeC.Stenni.2001","GlacierIce",-75.1,123.39,3233,"Dome C","1.0.8",1,"Annual","positive","air@condensationLevel",140,2.6,1918.9435,1916.3435,14.3266599999999,1916.3435,FALSE,TRUE,FALSE,TRUE,TRUE,TRUE,0,TRUE,FALSE,TRUE,TRUE,TRUE,"","criteria",TRUE,NA
"Ant_013","js1QbcwWHEKH4nUAdE9B","paleo1measurement1","d2H","permil","dD",NA,FALSE,"Ant-DomeC.Jouzel.2001","GlacierIce",-75.1,123.39,3233,"Dome C","1.0.7",1,"Annual","positive","air@condensationLevel",140,2.6,1918.9435,1916.3435,14.3266599999999,1916.3435,FALSE,TRUE,FALSE,TRUE,TRUE,TRUE,0,TRUE,FALSE,TRUE,TRUE,TRUE,"","criteria",TRUE,NA
"Ant_014","Acl16WGUmuwgaTn0DsIP","paleo1measurement1","d2H","permil","dD",NA,FALSE,"Ant-Ferrigno.Thomas.2013","GlacierIce",-74.57,-86.9,1354,"Ferrigno","1.0.8",1,"Annual","positive","air@condensationLevel",308,1703,2010,307,1,307,FALSE,TRUE,TRUE,TRUE,TRUE,TRUE,0,TRUE,FALSE,TRUE,TRUE,TRUE,"","criteria",TRUE,NA
"Ant_017","LCovUrW0O41B76lZlRLl","paleo1measurement1","d18O","permil","d18O",NA,FALSE,"Ant-CoastalDML.Thamban.2012","GlacierIce",-70.86,11.54,500,"Coastal DML","1.0.7",1,"Annual","positive","air@condensationLevel",462,1533,1994,461,1,461,FALSE,TRUE,TRUE,TRUE,TRUE,TRUE,0,TRUE,FALSE,TRUE,TRUE,TRUE,"","criteria",FALSE,"cross-dataset"
"Ant_022","FSftUa0yY3W5be94mKQF","paleo1measurement1","d2H","permil","dD",NA,FALSE,"Ant-JamesRossIsland.Mulvaney.2013","GlacierIce",-64.2017,-57.685,1542,"James Ross Island","1.0.9",1,"Annual","positive","air@condensationLevel",2007,1,2007,2006,1,2006,FALSE,TRUE,TRUE,TRUE,TRUE,TRUE,0,TRUE,FALSE,TRUE,TRUE,TRUE,"","criteria",TRUE,NA
"Ant_023","K3QoHtgVMnlBGxMMoDQy","paleo1measurement1","d18O","permil","d18O",NA,FALSE,"Ant-PlateauRemote.Mosley-Thompson.2013","GlacierIce",-84,43,3330,"Plateau Remote","1.0.8",1,"Annual","positive","air@condensationLevel",1985,2,1986,1984,1,1984,FALSE,TRUE,TRUE,TRUE,TRUE,TRUE,0,TRUE,FALSE,TRUE,TRUE,TRUE,"","criteria",FALSE,"cross-dataset"
"Ant_024","TFKKwbKaEuCe4lzTPX7y","paleo1measurement1","d18O","permil","d18O",NA,FALSE,"Ant-SipleStation.Mosley-Thompson.1990","GlacierIce",-75.92,-84.25,1054,"Siple Station","1.0.5",1,"Annual","positive","air@condensationLevel",567,1417,1983,566,1,566,FALSE,TRUE,TRUE,TRUE,TRUE,TRUE,0,TRUE,FALSE,TRUE,TRUE,TRUE,"","criteria",TRUE,NA
"Ant_025","eHwluxxK7Otp0W2H8fyw","paleo1measurement1","d18O","permil","d18O",NA,FALSE,"Ant-TALDICE.Stenni.2010","GlacierIce",-72.82,159.18,2315,"TALDICE","1.0.5",1,"Annual","positive","air@condensationLevel",183,4.3,1990.838,1986.538,11.5999999999999,1986.538,FALSE,TRUE,FALSE,TRUE,TRUE,TRUE,0,TRUE,FALSE,TRUE,TRUE,TRUE,"","criteria",FALSE,"cross-dataset"
"Ant_026","q60YD3YKBMLvhKaCVgMH","paleo1measurement1","d2H","permil","dD",NA,FALSE,"Ant-TalosDome.Stenni.2002","GlacierIce",-72.8,159.06,2316,"Talos Dome","1.0.5",1,"Annual","positive","air@condensationLevel",764,1232,1995,763,1,763,FALSE,TRUE,TRUE,TRUE,TRUE,TRUE,0,TRUE,FALSE,TRUE,TRUE,TRUE,"","criteria",TRUE,NA
"Ant_027","3TCYwcnXRMC5VONBV8TY","paleo1measurement1","d2H","permil","dD",NA,FALSE,"Ant-VLG.Bertler.2011","GlacierIce",-77.3302,162.5332,625,"VLG","1.0.5",1,"Annual","positive","air@condensationLevel",861,1140,2000,860,1,860,FALSE,TRUE,TRUE,TRUE,TRUE,TRUE,0,TRUE,FALSE,TRUE,TRUE,TRUE,"","criteria",TRUE,NA
"Ant_028","X9S08kDpBOHAgvgJYmzW","paleo1measurement1","d2H","permil","dD",NA,FALSE,"Ant-Vostok.Ekaykin.2014","GlacierIce",-78.2785,104.8005,3488,"Vostok","1.0.7",1,"Annual","positive","air@condensationLevel",357,1654,2010,356,1,356,FALSE,TRUE,TRUE,TRUE,TRUE,TRUE,0,TRUE,FALSE,TRUE,TRUE,TRUE,"","criteria",TRUE,NA
"Ant_030","ALUv7ETq7oKrN8g3SjoV","paleo1measurement1","d18O","permil","d18O",NA,FALSE,"Ant-WDC05A.Steig.2013","GlacierIce",-79.46,-112.09,1806,"WDC05A","1.0.5",1,"Annual","positive","air@condensationLevel",1220,786,2005,1219,1,1219,FALSE,TRUE,TRUE,TRUE,TRUE,TRUE,0,TRUE,FALSE,TRUE,TRUE,TRUE,"","criteria",TRUE,NA
"Ant_031","zQWmmHjvKPO87uBdWgaM","paleo1measurement1","d18O","permil","d18O",NA,FALSE,"Ant-WDC06A.Steig.2013","GlacierIce",-79.46,-112.09,1806,"WDC06A","1.0.5",1,"subannual","positive","air@condensationLevel",40089,1,2005.95,2004.95,0.0499999999999545,2004.95,FALSE,TRUE,TRUE,TRUE,TRUE,TRUE,0,TRUE,FALSE,TRUE,TRUE,TRUE,"","criteria",TRUE,NA
"Ant_031dD","zQWmmHjvKPO87uBdWgaM","paleo1measurement1","d2H","permil","dD",NA,FALSE,"Ant-WDC06A.Steig.2013","GlacierIce",-79.46,-112.09,1806,"WDC06A","1.0.5",1,"subannual","positive","air@condensationLevel",40089,1,2005.95,2004.95,0.0499999999999545,2004.95,FALSE,TRUE,TRUE,TRUE,TRUE,TRUE,0,TRUE,FALSE,TRUE,TRUE,TRUE,"","criteria",TRUE,NA
"Ant_033","6aD7lFSEX7vGHUQdOgiT","paleo1measurement1","d2H","permil","dD",NA,FALSE,"Ant-MES.Rhodes.2012","GlacierIce",-77.515,167.6765,1600,"MES","1.0.5",1,"Annual","positive","air@condensationLevel",6509,1472.646,2006.791,534.145,0.0790000000001783,534.145,FALSE,TRUE,TRUE,TRUE,TRUE,TRUE,0,TRUE,FALSE,TRUE,TRUE,TRUE,"","criteria",TRUE,NA
"Ant_035","oonVEsZCgbLOhvZ2fxJy","paleo1measurement1","d18O","permil","d18O",NA,FALSE,"Ant-TaylorDome.Steig.2000","GlacierIce",-77.78,158.72,2365,"Taylor Dome","1.0.8",1,"Annual","positive","air@condensationLevel",737,1.29999999999995,1937.1,1935.8,2.5,1935.8,FALSE,TRUE,FALSE,TRUE,TRUE,TRUE,0,TRUE,FALSE,TRUE,TRUE,TRUE,"","criteria",TRUE,NA
"Ant_037","hBBbohEOvxM0iofMn4m2","paleo1measurement1","d18O","permil","d18O",NA,FALSE,"Ant-US-ITASE-2000-1.Steig.2013","GlacierIce",-79.3838,-111.24,1791,"US-ITASE-2000-1","1.0.7",1,"subannual","positive","air@condensationLevel",3242,1673.293,2000.95715,327.66415,0.0892499999999927,327.66415,FALSE,TRUE,TRUE,TRUE,TRUE,TRUE,0,TRUE,FALSE,TRUE,TRUE,TRUE,"","criteria",TRUE,NA
"Ant_050","8hHE7IDEnhpHOFYGWktB","paleo1measurement1","d18O","permil","d18O",NA,FALSE,"Ant-US-ITASE-2002-4.Steig.2013","GlacierIce",-86.5,-107.99,2586,"US-ITASE-2002-4","1.0.7",1,"subannual","positive","air@condensationLevel",3482,1593.5104,2002.81925,409.30885,0.113349999999855,409.30885,FALSE,TRUE,TRUE,TRUE,TRUE,TRUE,0,TRUE,FALSE,TRUE,TRUE,TRUE,"","criteria",TRUE,NA
"Arc_001","7BM0O9vlEgOZsxLXsCU2","paleo1measurement1","thickness","cm","varve thickness",NA,FALSE,"Arc-BlueLake.Bird.2008","LakeSediment",68.09,-150.47,1275,"Blue Lake","1.0.6",1,"Jun-Aug","positive","air@surface",1271,730,2000,1270,1,1270,FALSE,TRUE,TRUE,TRUE,TRUE,TRUE,0,TRUE,FALSE,TRUE,TRUE,TRUE,"","criteria",TRUE,NA
"Arc_002","gtgRoVX1q84Urx9SwuLy","paleo1measurement1","trsgi","unitless","ring width","dendrophysical",FALSE,"Arc-Avam-Taimyr.Briffa.2008","Wood",72,101,250,"Avam-Taimyr","1.0.8",1,"Jun-Jul","positive","air@surface",2000,1,2000,1999,1,1999,FALSE,TRUE,TRUE,TRUE,TRUE,TRUE,0,TRUE,FALSE,TRUE,TRUE,TRUE,"","criteria",TRUE,NA
"Arc_004","rE02uTebnuD7RPT30OiK","paleo1measurement1","MAR","g/cm2/yr","accumulation rate","stratigraphy",FALSE,"Arc-LowerMurrayLake.Cook.2008","LakeSediment",81.35,-69.53,106,"Lower Murray Lake","1.0.5",1,"Jul","positive","air@600m",1980,1,2000,1999,1,1999,FALSE,TRUE,TRUE,TRUE,TRUE,FALSE,0,TRUE,TRUE,TRUE,TRUE,TRUE,"","criteria",TRUE,NA
"Arc_005","8ootjd77wH2v9oom2a9c","paleo1measurement1","d18O","permil","d18O",NA,FALSE,"Arc-CampCentury.Fisher.1969","GlacierIce",77.17,-61.13,1880,"Camp Century","1.0.5",1,"Annual","positive","air@condensationLevel",726,1242,1967,725,1,725,FALSE,TRUE,TRUE,TRUE,TRUE,TRUE,0,TRUE,FALSE,TRUE,TRUE,TRUE,"","criteria",TRUE,NA
"Arc_007","9ckF58PLIjakd6OgfL0e","paleo1measurement1","temperature","degC","ring width","dendrophysical",FALSE,"Arc-GulfofAlaska.Wilson.2014","Wood",61.03,-146.59,230,"Gulf of Alaska","1.0.5",1,"Feb-Aug","positive","air@surface",1211,800,2010,1210,1,1210,FALSE,TRUE,TRUE,TRUE,TRUE,TRUE,0,TRUE,FALSE,TRUE,TRUE,TRUE,"","criteria",TRUE,NA
"Arc_008","35veNf5wcYG93nqzJWCY","paleo1measurement1","trsgi","unitless","ring width","dendrophysical",FALSE,"Arc-Yukon.D'Arrigo.2006","Wood",67.9,-140.7,300,"Yukon","1.0.6",1,"Summer","positive","air@surface",824,1177,2000,823,1,823,FALSE,TRUE,TRUE,TRUE,TRUE,TRUE,0,TRUE,FALSE,TRUE,TRUE,TRUE,"","criteria",TRUE,NA
"Arc_011","pdu5OrYMR5kiboyV2Ozd","paleo1measurement1","d18O","permil","d18O",NA,FALSE,"Arc-GISP2.Grootes.1997","GlacierIce",72.1,-38.08,3200,"GISP2","1.0.5",1,"Annual","positive","air@condensationLevel",1170,818,1987,1169,1,1169,FALSE,TRUE,TRUE,TRUE,TRUE,TRUE,0,TRUE,FALSE,TRUE,TRUE,TRUE,"","criteria",TRUE,NA
"Arc_012mxd","xit6EH82ucwvp32Kgglr","paleo1measurement1","temperature","degC","maximum latewood density","dendrophysical",FALSE,"Arc-Tornetrask.Melvin.2012","Wood",68.26,19.6,320,"Tornetrask","1.0.11",1,"Jun-Aug","positive","air@surface",1570,441,2010,1569,1,1569,FALSE,TRUE,TRUE,TRUE,TRUE,TRUE,0,TRUE,FALSE,TRUE,TRUE,TRUE,"","criteria",TRUE,NA
"Arc_014","dKbblCGOctBhRUpiKNGv","paleo1measurement1","thickness","mm","varve thickness",NA,FALSE,"Arc-LakeLehmilampi.Haltia-Hovi.2007","LakeSediment",63.62,29.1,95,"Lake Lehmilampi","1.0.5",1,"Dec-Mar","negative","air@surface",1800,1,1800,1799,1,1799,FALSE,TRUE,TRUE,TRUE,TRUE,TRUE,0,TRUE,FALSE,TRUE,TRUE,TRUE,"","criteria",TRUE,NA
"Arc_016","XPsThh8NreBJoYV8G98l","paleo1measurement1","trsgi","unitless","ring width","dendrophysical",FALSE,"Arc-Indigirka.Hughes.1999","Wood",69.5,147,80,"Indigirka","1.0.7",1,"Jun-Jul","positive","air@surface",736,1259,1994,735,1,735,FALSE,TRUE,TRUE,TRUE,TRUE,TRUE,0,TRUE,FALSE,TRUE,TRUE,TRUE,"","criteria",TRUE,NA
"Arc_018","aPKt7F5ERO3rkkgo0EJW","paleo1measurement1","d18O","permil","d18O",NA,FALSE,"Arc-Austfonna.Isaksson.2005","GlacierIce",79.83,24.02,750,"Austfonna","1.0.7",1,"Annual","positive","air@condensationLevel",554,1400,1998,598,1,598,FALSE,TRUE,TRUE,TRUE,TRUE,TRUE,0,TRUE,FALSE,TRUE,TRUE,TRUE,"","criteria",FALSE,"cross-dataset"
"Arc_020","8X1NUuoHCcoDV7QJPMkG","paleo1measurement1","thickness","mm","varve thickness",NA,FALSE,"Arc-LakeC2.Lamoureux.1996","LakeSediment",82.83,-77.9,1.5,"Lake C2","1.0.5",1,"Jun-Aug","positive","air@surface",1987,1,1987,1986,1,1986,FALSE,TRUE,TRUE,TRUE,TRUE,TRUE,0,TRUE,FALSE,TRUE,TRUE,TRUE,"","criteria",TRUE,NA
"Arc_021","Pl60rKMf9B3sIIOTalyE","paleo1measurement1","thickness","cm","varve thickness",NA,FALSE,"Arc-Hvitarvatn.Larsen.2011","LakeSediment",64.6,-19.8,422,"Hvitarvatn","1.0.6",1,"Jun-Aug","negative","air@surface",2000,1,2000,1999,1,1999,FALSE,TRUE,TRUE,TRUE,TRUE,TRUE,0,TRUE,FALSE,TRUE,TRUE,TRUE,"","criteria",TRUE,NA
"Arc_023","U54OtzAuPsBSgtgBlJrd","paleo1measurement1","trsgi","unitless","ring width","dendrophysical",FALSE,"Arc-LenaRiver.McDonald.1998","Wood",70.67,125.87,180,"Lena River","1.0.6",1,"Jun","positive","air@surface",505,1490,1994,504,1,504,FALSE,TRUE,TRUE,TRUE,TRUE,TRUE,0,TRUE,FALSE,TRUE,TRUE,TRUE,"","criteria",TRUE,NA
"Arc_024","WFGh0CR2q312tu0xD1kC","paleo1measurement1","thickness","mm","varve thickness",NA,FALSE,"Arc-LakeDonardBaffinIsland.Moore.2001","LakeSediment",66.73,-61.35,500,"Lake Donard Baffin Island","1.0.5",1,"Jun-Aug","positive","air@surface",1241,752,1992,1240,1,1240,FALSE,TRUE,TRUE,TRUE,TRUE,TRUE,0,TRUE,FALSE,TRUE,TRUE,TRUE,"","criteria",TRUE,NA
"Arc_025","5g2N2aJv0elpA0QBEsFx","paleo1measurement1","reflectance","count","varve thickness","stratigraphy",FALSE,"Arc-LakeNataujaervi.Ojala.2005","LakeSediment",61.81,24.68,103.7,"Lake Nataujaervi","1.0.6",1,"Mar-May","positive","air@surface",1800,1,1800,1799,1,1799,FALSE,TRUE,TRUE,TRUE,TRUE,TRUE,0,TRUE,FALSE,TRUE,TRUE,TRUE,"","criteria",TRUE,NA
"Arc_026","jo0iTvtK3NW08BHJoWQ5","paleo1measurement1","d18O","permil","d18O",NA,FALSE,"Arc-NGTB16.Schwager.1998","GlacierIce",73.94,-37.63,3040,"NGT B16","1.0.5",1,"Jun-Aug","positive","air@condensationLevel",515,1478,1992,514,1,514,FALSE,TRUE,TRUE,TRUE,TRUE,TRUE,0,TRUE,FALSE,TRUE,TRUE,TRUE,"","criteria",TRUE,NA
"Arc_027","Nzs0wtIZKGyJ3r5f5CE9","paleo1measurement1","d18O","permil","d18O",NA,FALSE,"Arc-NGTB18.Schwager.1998","GlacierIce",76.62,-36.4,2508,"NGT B18","1.0.7",1,"Jun-Aug","positive","air@condensationLevel",1122,871,1992,1121,1,1121,FALSE,TRUE,TRUE,TRUE,TRUE,TRUE,0,TRUE,FALSE,TRUE,TRUE,TRUE,"","criteria",TRUE,NA
"Arc_028","a6WlR0GjKxYgiCUOU027","paleo1measurement1","d18O","permil","d18O",NA,FALSE,"Arc-NGTB21.Schwager.1998","GlacierIce",80,-41.14,2185,"NGT B21","1.0.5",1,"Jun-Aug","positive","air@condensationLevel",597,1397,1993,596,1,596,FALSE,TRUE,TRUE,TRUE,TRUE,TRUE,0,TRUE,FALSE,TRUE,TRUE,TRUE,"","criteria",TRUE,NA
"Arc_029","70l06eHNVspjC2t3DdDS","paleo1measurement1","temperature","degC","varve thickness",NA,FALSE,"Arc-BigRoundLake.Thomas.2009","LakeSediment",69.87,-68.83,180,"Big Round Lake","1.0.5",1,"Jul-Sep",NA,"air@surface",1033,971,2003,1032,1,1032,FALSE,TRUE,TRUE,TRUE,TRUE,TRUE,0,TRUE,FALSE,FALSE,TRUE,TRUE,"direction","curator admission",TRUE,NA
"Arc_029_varvethickness","70l06eHNVspjC2t3DdDS","paleo1measurement1","varveThickness","mm","varve thickness",NA,FALSE,"Arc-BigRoundLake.Thomas.2009","LakeSediment",69.87,-68.83,180,"Big Round Lake","1.0.5",1,"Jul-Sep","positive","air@surface",1033,971,2003,1032,1,1032,FALSE,TRUE,TRUE,TRUE,TRUE,TRUE,0,TRUE,FALSE,TRUE,TRUE,TRUE,"","criteria",TRUE,NA
"Arc_031","n7igHZJHA3NRMh10liqx","paleo1measurement1","d18O","permil","d18O",NA,FALSE,"Arc-NGRIP1.Vinther.2006","GlacierIce",75.1,-42.32,2917,"NGRIP1","1.0.5",1,"Annual","positive","air@condensationLevel",1995,1,1995,1994,1,1994,FALSE,TRUE,TRUE,TRUE,TRUE,TRUE,0,TRUE,FALSE,TRUE,TRUE,TRUE,"","criteria",TRUE,NA
"Arc_032","TlyrPuoYdCjvokqD1Jzn","paleo1measurement1","d18O","permil","d18O","isotopic",FALSE,"Arc-Agassiz.Vinther.2008","GlacierIce",80.7,-73.1,1700,"Agassiz","1.0.12",1,"Annual","positive","air@condensationLevel",1972,1,1972,1971,1,1971,FALSE,TRUE,TRUE,TRUE,TRUE,TRUE,0,TRUE,FALSE,TRUE,TRUE,TRUE,"","criteria",TRUE,NA
"Arc_033","rcvMOaSBRnRcaHxxJC4C","paleo1measurement1","d18O","permil","d18O",NA,FALSE,"Arc-Crete.Vinther.2010","GlacierIce",71.12,-37.32,3172,"Crete","1.0.5",1,"Annual","positive","air@condensationLevel",1421,553,1973,1420,1,1420,FALSE,TRUE,TRUE,TRUE,TRUE,TRUE,0,TRUE,FALSE,TRUE,TRUE,TRUE,"","criteria",TRUE,NA
"Arc_034","VRDXXchN2XXECSPwZFma","paleo1measurement1","d18O","permil","d18O",NA,FALSE,"Arc-Dye.Vinther.2010","GlacierIce",65.18,-43.83,2480,"Dye","1.0.5",1,"Annual","positive","air@condensationLevel",1978,1,1978,1977,1,1977,FALSE,TRUE,TRUE,TRUE,TRUE,TRUE,0,TRUE,FALSE,TRUE,TRUE,TRUE,"","criteria",TRUE,NA
"Arc_035","ExOywYn6dUogGOlyPWnd","paleo1measurement1","d18O","permil","d18O",NA,FALSE,"Arc-GRIP.Vinther.2010","GlacierIce",72.58,-37.64,3238,"GRIP","1.0.7",1,"Annual","positive","air@condensationLevel",1979,1,1979,1978,1,1978,FALSE,TRUE,TRUE,TRUE,TRUE,TRUE,0,TRUE,FALSE,TRUE,TRUE,TRUE,"","criteria",TRUE,NA
"Arc_036","2PL5KyY45m4ej9nyCrab","paleo1measurement1","temperature","degC","historical","historical",FALSE,"Arc-Iceland.Bergthorsson.1969","Documents",64.77,-18.37,0,"Iceland","1.0.5",1,"Annual","positive","air@surface",31,945,1935,990,30,990,FALSE,TRUE,TRUE,TRUE,TRUE,TRUE,0,TRUE,FALSE,TRUE,TRUE,TRUE,"","criteria",TRUE,NA
"Arc_037","DH2SktnaorhletpYb17p","paleo1measurement1","temperature","degC","diatom",NA,FALSE,"Arc-VoeringPlateau.Berner.2011","MarineSediment",66.97,7.64,-1048,"Voering Plateau","1.0.6",1,"Aug","positive","sea@surface",203,4.4,1995.4,1991,10.7999999999999,1991,FALSE,TRUE,FALSE,TRUE,TRUE,FALSE,33,TRUE,FALSE,TRUE,TRUE,TRUE,"","criteria",TRUE,NA
"Arc_039","MD6jkgwSxsq0oilgYUjM","paleo1measurement1","temperature","degC","chironomid","faunal assemblage",FALSE,"Arc-MooseLake.Clegg.2010","LakeSediment",61.35,-143.6,437,"Moose Lake","1.0.5",1,"Jul","positive","air@surface",52,35,1963,1928,22.6500000000001,1928,FALSE,TRUE,FALSE,TRUE,TRUE,FALSE,11,FALSE,FALSE,TRUE,TRUE,TRUE,"chronology","curator admission",TRUE,NA
"Arc_040","mjMcs6jnFiZEoRfI6Tkv","paleo1measurement1","temperature","degC","chironomid","faunal assemblage",FALSE,"Arc-HudsonLake.Clegg.2011","LakeSediment",61.9,-145.66,657,"Hudson Lake","1.0.5",1,"Jul","positive","air@surface",36,114.1,1996.8,1882.7,41.45,1882.7,FALSE,TRUE,FALSE,TRUE,TRUE,FALSE,46,TRUE,FALSE,TRUE,TRUE,TRUE,"","criteria",TRUE,NA
"Arc_041","IkvGsz6zCWQRShxRYGYR","paleo1measurement1","temperature","degC","chironomid","faunal assemblage",FALSE,"Arc-ScreamingLynxLake.Clegg.2011","LakeSediment",66.07,-145.4,223,"Screaming Lynx Lake","1.0.6",1,"Jul","positive","air@surface",55,23.7249999999999,1987.75,1964.025,26.6499999999999,1964.025,FALSE,TRUE,FALSE,TRUE,TRUE,FALSE,38,FALSE,FALSE,TRUE,TRUE,TRUE,"chronology","curator admission",TRUE,NA
"Arc_042","PjMprPuitlpO84OPvuwr","paleo1measurement1","temperature","degC","alkenone",NA,FALSE,"Arc-BrayaSoe.D'Andrea.2011","LakeSediment",67,-50.7,170,"Braya Soe","1.0.6",1,"Jun-Jul","positive","lake@surface",73,10.4999999999998,1999.125,1988.625,22.8749999999999,1988.625,FALSE,TRUE,FALSE,TRUE,TRUE,FALSE,14,TRUE,FALSE,TRUE,TRUE,TRUE,"","criteria",TRUE,NA
"Arc_043","kJUwUVCsDvqgdg1d0Zn1","paleo1measurement1","d18O","permil","d18O",NA,FALSE,"Arc-DevonIceCap.Fisher.1983","GlacierIce",75.33,-82.5,1800,"Devon Ice Cap","1.0.7",1,"Annual","positive","air@condensationLevel",395,1,1971,1970,5,1970,FALSE,TRUE,FALSE,TRUE,TRUE,TRUE,0,TRUE,FALSE,TRUE,TRUE,TRUE,"","criteria",TRUE,NA
"Arc_044","pDMXNZOQI8jgS1m8dQTL","paleo1measurement1","d18O","permil","d18O",NA,FALSE,"Arc-PennyIceCapP96.Fisher.1998","GlacierIce",67.25,-66.75,1810,"Penny Ice Cap P96","1.0.5",1,"Annual","positive","air@condensationLevel",80,5,1980,1975,25,1975,FALSE,TRUE,FALSE,TRUE,TRUE,TRUE,0,TRUE,FALSE,TRUE,TRUE,TRUE,"","criteria",TRUE,NA
"Arc_045","WvppjTAAZVpfIOwPoSLM","paleo1measurement1","temperature","degC","diatom",NA,FALSE,"Arc-MD992275.Jiang.2005","MarineSediment",66.55,-17.7,-470,"MD992275","1.0.5",1,"Jun-Aug","positive","sea@surface",98,156.6,1952.1,1795.5,17.3,1795.5,FALSE,TRUE,FALSE,TRUE,TRUE,FALSE,38,TRUE,FALSE,TRUE,TRUE,TRUE,"","criteria",TRUE,NA
"Arc_048","HTeRVgFCHojecfYvn0GA","paleo1measurement1","temperature","degC","chironomid","faunal assemblage",FALSE,"Arc-LakeHamptraesk.Luoto.2009","LakeSediment",60.28,25.42,29,"Lake Hamptraesk","1.0.6",1,"Jul","positive","air@surface",47,1359.3,1993.5,634.2,14,634.2,FALSE,TRUE,FALSE,TRUE,TRUE,FALSE,4,TRUE,FALSE,TRUE,TRUE,TRUE,"","criteria",TRUE,NA
"Arc_049","xF4jXcZrwuT6igs4u2CW","paleo1measurement1","temperature","degC","chironomid",NA,FALSE,"Arc-LakePieni-Kauro.Luoto.2010","LakeSediment",64.28,30.12,188.4,"Lake Pieni-Kauro","1.0.5",1,"Jul","positive","air@surface",36,462.4,1978.9,1516.5,44.4000000000001,1516.5,FALSE,TRUE,FALSE,TRUE,TRUE,FALSE,5,FALSE,FALSE,TRUE,TRUE,TRUE,"chronology","curator admission",TRUE,NA
"Arc_051","wh5A8sjlzKcSTl4LiVcK","paleo1measurement1","iceMelt","percent","ice melt","cryophysical",FALSE,"Arc-PennyIceCapP96.Okuyama.2003","GlacierIce",67.25,-65.75,1810,"Penny Ice Cap P96","1.0.5",1,"Jun-Aug","positive","air@surface",80,9,1984,1975,25,1975,FALSE,TRUE,FALSE,TRUE,TRUE,TRUE,0,TRUE,FALSE,TRUE,TRUE,TRUE,"","criteria",TRUE,NA
"Arc_052","8qzTrA1MYB0AJmBhkCCn","paleo1measurement1","temperature","degC","chironomid",NA,FALSE,"Arc-Lake4.Rolland.2009","LakeSediment",65.1,-83.79,100,"Lake 4","1.0.5",1,"Aug","positive","air@surface",28,634.05,1997.45,1363.4,49.6500000000001,1363.4,FALSE,TRUE,FALSE,TRUE,TRUE,FALSE,9,TRUE,FALSE,TRUE,TRUE,TRUE,"","criteria",TRUE,NA
"Arc_053","d1vWzbB67BLNhZbFsyiD","paleo1measurement1","d18O","permil","d18O","isotopic",FALSE,"Arc-StoreggaSlide.Sejrup.2011","MarineSediment",63.76,5.26,-875,"Storegga Slide","1.0.7",1,"Jul-Sep","negative","sea@surface",250,2.28999999999996,1999.086,1996.796,7.06,1996.796,FALSE,TRUE,FALSE,TRUE,TRUE,FALSE,104,TRUE,FALSE,TRUE,TRUE,TRUE,"","criteria",TRUE,NA
"Arc_056","V1cK1scZqAQSpNMGThvY","paleo1measurement1","d18O","permil","d18O",NA,FALSE,"Arc-Renland.Vinther.2008","GlacierIce",71.27,-26.73,2350,"Renland","1.0.5",1,"Jul-Sep","positive","air@condensationLevel",397,3,1983,1980,5,1980,FALSE,TRUE,FALSE,TRUE,TRUE,TRUE,0,TRUE,FALSE,TRUE,TRUE,TRUE,"","criteria",TRUE,NA
"Arc_057","Hcx37PjyKthGbEWPJdpi","paleo1measurement1","density",NA,"maximum latewood density","dendrophysical",FALSE,"Arc-Kittelfjall.Bjorklund.2012","Wood",65.2,15.5,550,"Kittelfjall","1.0.8",1,"Jun-Jul","positive","air@surface",458,1550,2007,457,1,457,FALSE,TRUE,TRUE,TRUE,TRUE,TRUE,0,TRUE,FALSE,TRUE,TRUE,TRUE,"","criteria",TRUE,NA
"Arc_058","LbA04p6cSU5eQ64dKO3O","paleo1measurement1","density",NA,"maximum latewood density","dendrophysical",FALSE,"Arc-Armarnaes.Bjorklund.2012","Wood",65.9,16.1,500,"Armarnaes","1.0.6",1,"Jun-Aug","positive","air@surface",461,1550,2010,460,1,460,FALSE,TRUE,TRUE,TRUE,TRUE,TRUE,0,TRUE,FALSE,TRUE,TRUE,TRUE,"","criteria",TRUE,NA
"Arc_059","OnJ2TPrRa6UQH89FQj0X","paleo1measurement1","density",NA,"maximum latewood density","dendrophysical",FALSE,"Arc-Tjeggelvas.Bjorklund.2012","Wood",66.6,17.6,520,"Tjeggelvas","1.0.8",1,"Jun-Aug","positive","air@surface",461,1550,2010,460,1,460,FALSE,TRUE,TRUE,TRUE,TRUE,TRUE,0,TRUE,FALSE,TRUE,TRUE,TRUE,"","criteria",TRUE,NA
"Arc_060","uBowfOYHKc6TwwmToYRD","paleo1measurement1","density",NA,"maximum latewood density","dendrophysical",FALSE,"Arc-Arjeplog.Bjorklund.2014","Wood",66.3,18.2,800,"Arjeplog","1.0.6",1,"Jun-Aug","positive","air@surface",811,1200,2010,810,1,810,FALSE,TRUE,TRUE,TRUE,TRUE,TRUE,0,TRUE,FALSE,TRUE,TRUE,TRUE,"","criteria",TRUE,NA
"Arc_066","zAl9lCfyWbHgYyyew1av","paleo1measurement1","temperature","degC","d18O","isotopic",FALSE,"Arc-Lomonosovfonna.Divine.2011","GlacierIce",78.8647,17.425,1250,"Lomonosovfonna , Svalbard","1.0.9",1,"Dec-Feb","positive","air@condensationLevel",1229,769,1997,1228,1,1228,FALSE,TRUE,TRUE,TRUE,TRUE,TRUE,0,TRUE,FALSE,TRUE,TRUE,TRUE,"","criteria",FALSE,"cross-dataset"
"Arc_073","wskcNh5wsOfJw4b6sTwA","paleo1measurement1","temperature","degC","BSi",NA,FALSE,"Arc-HalletLake.McKay.2008","LakeSediment",61.5,-146.2,1128,"Hallet Lake","1.0.6",1,"Jun-Aug","positive","air@surface",174,116.472968430663,2005.10313434658,1888.63016591592,11.2550107188001,1888.63016591592,FALSE,TRUE,FALSE,TRUE,TRUE,FALSE,12,TRUE,FALSE,TRUE,TRUE,TRUE,"","criteria",TRUE,NA
"Arc_076","ltv2vXPFXn0q2dal7XYz","paleo1measurement1","temperature","degC","varve thickness",NA,FALSE,"Arc-SoperLake.Hughen.2000","LakeSediment",62.917,-69.883,14,"Soper Lake, Baffin Island, Canada","1.0.5",1,"Jun","positive","air@surface",479,1514,1992,478,1,478,FALSE,TRUE,TRUE,TRUE,TRUE,TRUE,0,TRUE,FALSE,TRUE,TRUE,TRUE,"","criteria",TRUE,NA
"Arc_078","pwY7bQRstXsZc6iOpgRI","paleo1measurement1","temperature","degC","alkenone",NA,FALSE,"Arc-Kongressvatnet.D'Andrea.2012","LakeSediment",78.0217,13.9311,94,"Kongressvatnet","1.0.7",1,"Jun-Aug","positive","lake@surface",110,232,2008,1776,10,1776,FALSE,TRUE,FALSE,TRUE,TRUE,FALSE,0,TRUE,TRUE,TRUE,TRUE,TRUE,"","criteria",TRUE,NA
"Arc_079","DQkcrADp1V4f9peLHtiP","paleo1measurement1","temperature","degC","alkenone",NA,FALSE,"Arc-LakeE.D'Andrea.2011","LakeSediment",67,-50.7,170,"Lake E","1.0.5",1,"Jun-Jul","positive","lake@surface",72,8.98506362614989,1876.20350642055,1867.2184427944,19.46618652655,1867.2184427944,FALSE,TRUE,FALSE,TRUE,TRUE,FALSE,0,TRUE,TRUE,TRUE,TRUE,TRUE,"","criteria",TRUE,NA
"Arc_089","N3Lrg8SJa0nUC0wJcaaV","paleo1measurement1","d18O","permil","d18O",NA,FALSE,"Arc-AkademiiNaukIceCap.Opel.2013","GlacierIce",80.52,94.82,750,"Akademii Nauk Ice Cap, Severnaya Zemlya (Russian Arctic)","1.0.6",1,"Annual","positive","air@condensationLevel",1099,900,1998,1098,1,1098,FALSE,TRUE,TRUE,TRUE,TRUE,TRUE,0,TRUE,FALSE,TRUE,TRUE,TRUE,"","criteria",TRUE,NA
"Arc_093","1dm5Vr6HP8xtMlcAQPSr","paleo2measurement1","trsgi","unitless","ring width","dendrophysical",FALSE,"Arc-MackenzieDelta.Porter.2013","Wood",68.625,-133.87,5,"Mackenzie Delta","1.0.7",1,"Jun-Jul","positive","air@surface",763,1245,2007,762,1,762,FALSE,TRUE,TRUE,TRUE,TRUE,TRUE,0,TRUE,FALSE,TRUE,TRUE,TRUE,"","criteria",TRUE,NA
"Arc_099","TnprEFSEbjzQ8NIQ6Rkr","paleo1measurement1","iceMelt","percent","ice melt","cryophysical",FALSE,"Arc-WindyDome.Henderson.2011","GlacierIce",80.783,65.63,509,"Windy Dome","1.0.7",1,"Jul-Sep","positive","air@surface",771,1225,1995,770,1,770,FALSE,TRUE,TRUE,TRUE,TRUE,TRUE,0,TRUE,FALSE,TRUE,TRUE,TRUE,"","criteria",TRUE,NA
"Arc_099d18O","TnprEFSEbjzQ8NIQ6Rkr","paleo1measurement1","d18O","permil","d18O",NA,FALSE,"Arc-WindyDome.Henderson.2011","GlacierIce",80.783,65.63,509,"Windy Dome","1.0.7",1,"Annual","positive","air@condensationLevel",771,1225,1995,770,1,770,FALSE,TRUE,TRUE,TRUE,TRUE,TRUE,0,TRUE,FALSE,TRUE,TRUE,TRUE,"","criteria",TRUE,NA
"Arc_100","zZwmPpxTmeWkSCwx5S1f","paleo1measurement1","temperature","degC","ring width","dendrophysical",FALSE,"Arc-Yamalia.Briffa.2013","Wood",66.8,68,30,"Yamalia","1.0.6",1,"Jun-Jul","positive","air@surface",1090,914,2003,1089,1,1089,FALSE,TRUE,TRUE,TRUE,TRUE,TRUE,0,TRUE,FALSE,TRUE,TRUE,TRUE,"","criteria",TRUE,NA
"Arc_150","d4n32NY5F36ck2fxETt1","paleo1measurement1","MXD",NA,"maximum latewood density","dendrophysical",FALSE,"Arc-Forfjorddalen.McCarroll.2013","Wood",68.73,15.73,200,"Forfjorddalen","1.0.5",1,"Jun-Jul","positive","air@surface",908,1100,2007,907,1,907,FALSE,TRUE,TRUE,TRUE,TRUE,TRUE,0,TRUE,FALSE,TRUE,TRUE,TRUE,"","criteria",TRUE,NA
"Arc_151","PE15i79cXnh9rP8flv99","paleo1measurement1","d18O","permil","d18O",NA,FALSE,"Arc-PrinceOfWales.Kinnard.2011","GlacierIce",78.4,-80.4,2030,"Prince-of-Wales, Ellesmere Isl.","1.0.5",1,"Annual","positive","air@condensationLevel",1845,151,1995,1844,1,1844,FALSE,TRUE,TRUE,TRUE,TRUE,TRUE,0,TRUE,FALSE,TRUE,TRUE,TRUE,"","criteria",FALSE,"cross-dataset"
"Arc_152","naPM2cYchOSPy6zfDWU2","paleo1measurement1","MXD",NA,"maximum latewood density","dendrophysical",FALSE,"Arc-Jamtland.Wilson.2016","Wood",63.2475,13.3375,650,"Jamtland, Sweden","1.0.5",1,"Apr-Sep","positive","air@surface",1229,783,2011,1228,1,1228,FALSE,TRUE,TRUE,TRUE,TRUE,TRUE,0,TRUE,FALSE,TRUE,TRUE,TRUE,"","criteria",TRUE,NA
"Arc_162","ED40uEJ0zLZCL4qk0FHu","paleo1measurement1","density",NA,"ring width","dendrophysical",FALSE,"Arc-PolarUrals.Wilson.2015","Wood",66.9,65.6,250,"Polar Urals","1.0.5",1,"Jun-Aug","positive","air@surface",1116,891,2006,1115,1,1115,FALSE,TRUE,TRUE,TRUE,TRUE,TRUE,0,TRUE,FALSE,TRUE,TRUE,TRUE,"","criteria",TRUE,NA
"Asia_001","lgsBVpksbCmwTBMvqtZ9","paleo1measurement1","trsgi","unitless","ring width","dendrophysical",FALSE,"Asi-AltaiAktru.Cook.2005","Wood",50.08,87.77,2150,"Altai Mt., Aktru Valley","1.0.6",1,"Annual","positive","air@surface",504,1495,1998,503,1,503,FALSE,TRUE,TRUE,TRUE,TRUE,TRUE,0,TRUE,FALSE,TRUE,TRUE,TRUE,"","criteria",TRUE,NA
"Asia_002","UTLg03AxzfU2L09bHQ7Z","paleo1measurement1","trsgi","unitless","ring width","dendrophysical",FALSE,"Asi-AltaiDjasator.Cook.2011","Wood",49.62,88.1,2100,"Altai Mt., Djasator","1.0.8",1,"Annual","positive","air@surface",440,1561,2000,439,1,439,FALSE,TRUE,TRUE,TRUE,TRUE,TRUE,0,TRUE,FALSE,TRUE,TRUE,TRUE,"","criteria",TRUE,NA
"Asia_003","MtptjteRRkf0wtoamJUk","paleo1measurement1","trsgi","unitless","ring width","dendrophysical",FALSE,"Asi-AltaiJablonsky.Cook.2000","Wood",50.87,85.23,1450,"Altai Mt., Jablonsky Pass.","1.0.6",1,"Summer","positive","air@surface",428,1568,1995,427,1,427,FALSE,TRUE,TRUE,TRUE,TRUE,TRUE,0,TRUE,FALSE,TRUE,TRUE,TRUE,"","criteria",TRUE,NA
"Asia_004","6bDCv0J4KJleoMXOsZQN","paleo1measurement1","trsgi","unitless","ring width","dendrophysical",FALSE,"Asi-AltaiKuraisky.Cook.2011","Wood",50.3,87.83,2000,"Altai Mt., Kuraisky Ridge","1.0.8",1,"Annual","positive","air@surface",463,1538,2000,462,1,462,FALSE,TRUE,TRUE,TRUE,TRUE,TRUE,0,TRUE,FALSE,TRUE,TRUE,TRUE,"","criteria",TRUE,NA
"Asia_005","cNLyUqyQ6z3oyZwg8O9w","paleo1measurement1","trsgi","unitless","ring width","dendrophysical",FALSE,"Asi-AltaiKuraiskySteppe.Cook.2011","Wood",50.27,87.83,1650,"Altai Mt., Kuraisky Steppe","1.0.6",1,"Annual","positive","air@surface",504,1497,2000,503,1,503,FALSE,TRUE,TRUE,TRUE,TRUE,TRUE,0,TRUE,FALSE,TRUE,TRUE,TRUE,"","criteria",TRUE,NA
"Asia_006","knmeVbFB4qIVAhd3uYBk","paleo1measurement1","trsgi","unitless","ring width","dendrophysical",FALSE,"Asi-AltaiSamakhaSteppe.Cook.2011","Wood",49.72,87.28,1550,"Altai Mt., Samakha Steppe","1.0.6",1,"Annual","positive","air@surface",459,1542,2000,458,1,458,FALSE,TRUE,TRUE,TRUE,TRUE,TRUE,0,TRUE,FALSE,TRUE,TRUE,TRUE,"","criteria",TRUE,NA
"Asia_007","uAF8Z2L1cSQFjCaILtRY","paleo1measurement1","trsgi","unitless","ring width","dendrophysical",FALSE,"Asi-AltaiKorumdu.Cook.2005","Wood",50.14,87.72,2200,"Altai Mt., Korumdu Valley","1.0.6",1,"Annual","positive","air@surface",582,1418,1999,581,1,581,FALSE,TRUE,TRUE,TRUE,TRUE,TRUE,0,TRUE,FALSE,TRUE,TRUE,TRUE,"","criteria",TRUE,NA
"Asia_008","IRAxAZ8Jz3fQ1FvTO51s","paleo1measurement1","trsgi","unitless","ring width","dendrophysical",FALSE,"Asi-AltaiTjute.Cook.2011","Wood",50.12,87.92,1700,"Altai Mt., Tjute Valley","1.0.6",1,"Annual","positive","air@surface",447,1554,2000,446,1,446,FALSE,TRUE,TRUE,TRUE,TRUE,TRUE,0,TRUE,FALSE,TRUE,TRUE,TRUE,"","criteria",TRUE,NA
"Asia_009","QGAtmIaZ3ySiboo6zmSE","paleo1measurement1","trsgi","unitless","ring width","dendrophysical",FALSE,"Asi-AltaiUstUlaganLake.Cook.2005","Wood",50.48,87.67,2150,"Altai Mt., Ust Ulagan Lake","1.0.6",1,"Annual","positive","air@surface",446,1550,1995,445,1,445,FALSE,TRUE,TRUE,TRUE,TRUE,TRUE,0,TRUE,FALSE,TRUE,TRUE,TRUE,"","criteria",TRUE,NA
"Asia_010","H5i7wUA7EaiYcPx4C8pz","paleo1measurement1","trsgi","unitless","ring width","dendrophysical",FALSE,"Asi-AltaiUlaganValley.Cook.2011","Wood",50.68,87.97,1300,"Altai Mt., Ulagan Valley","1.0.6",1,"Annual","positive","air@surface",446,1555,2000,445,1,445,FALSE,TRUE,TRUE,TRUE,TRUE,TRUE,0,TRUE,FALSE,TRUE,TRUE,TRUE,"","criteria",TRUE,NA
"Asia_011","Yr7jXww6YdAeocZ15pHF","paleo1measurement1","trsgi","unitless","ring width","dendrophysical",FALSE,"Asi-UULTRW.Schweingruber.2002","Wood",50.48,87.65,2150,"Altai Mt., Ust Ulagan Lake","1.0.7",1,"Summer","positive","air@surface",414,1581,1994,413,1,413,FALSE,TRUE,TRUE,TRUE,TRUE,TRUE,0,TRUE,FALSE,TRUE,TRUE,TRUE,"","criteria",TRUE,NA
"Asia_012","eEw2NYLXBwJbQld5DNY4","paleo1measurement1","trsgi","unitless","ring width","dendrophysical",FALSE,"Asi-UULEWW.Schweingruber.2002","Wood",50.48,87.65,2150,"Altai Mt., Ust Ulagan Lake","1.0.7",1,"Summer","positive","air@surface",414,1581,1994,413,1,413,FALSE,TRUE,TRUE,TRUE,TRUE,TRUE,0,TRUE,FALSE,TRUE,TRUE,TRUE,"","criteria",FALSE,"cross-dataset"
"Asia_013","z9uba9ASV32ssYKO4IJT","paleo1measurement1","trsgi","unitless","ring width","dendrophysical",FALSE,"Asi-UULLWW.Schweingruber.2002","Wood",50.48,87.65,2150,"Altai Mt., Ust Ulagan Lake","1.0.7",1,"Summer","positive","air@surface",414,1581,1994,413,1,413,FALSE,TRUE,TRUE,TRUE,TRUE,TRUE,0,TRUE,FALSE,TRUE,TRUE,TRUE,"","criteria",TRUE,NA
"Asia_014","mzdLCHfI3mANwx5YyC7j","paleo1measurement1","trsgi","unitless","ring width","dendrophysical",FALSE,"Asi-UULEWD.Schweingruber.2002","Wood",50.48,87.65,2150,"Altai Mt., Ust Ulagan Lake","1.0.7",1,"Summer","positive","air@surface",414,1581,1994,413,1,413,FALSE,TRUE,TRUE,TRUE,TRUE,TRUE,0,TRUE,FALSE,TRUE,TRUE,TRUE,"","criteria",TRUE,NA
"Asia_015","YkYBVowJ8pRp4SZicNBT","paleo1measurement1","trsgi","unitless","ring width","dendrophysical",FALSE,"Asi-UULLWD.Schweingruber.2002","Wood",50.48,87.65,2150,"Altai Mt., Ust Ulagan Lake","1.0.7",1,"Summer","positive","air@surface",414,1581,1994,413,1,413,FALSE,TRUE,TRUE,TRUE,TRUE,TRUE,0,TRUE,FALSE,TRUE,TRUE,TRUE,"","criteria",TRUE,NA
"Asia_016","eEmC0GYj0JdOQikwbfzW","paleo1measurement1","trsgi","unitless","ring width","dendrophysical",FALSE,"Asi-UULMND.Schweingruber.2002","Wood",50.48,87.65,2150,"Altai Mt., Ust Ulagan Lake","1.0.7",1,"Summer","positive","air@surface",414,1581,1994,413,1,413,FALSE,TRUE,TRUE,TRUE,TRUE,TRUE,0,TRUE,FALSE,TRUE,TRUE,TRUE,"","criteria",TRUE,NA
"Asia_017","xubNSAgoI2IrIMOfXOXV","paleo1measurement1","trsgi","unitless","ring width","dendrophysical",FALSE,"Asi-UULMXD.Schweingruber.2002","Wood",50.48,87.65,2150,"Altai Mt., Ust Ulagan Lake","1.0.7",1,"Summer","positive","air@surface",414,1581,1994,413,1,413,FALSE,TRUE,TRUE,TRUE,TRUE,TRUE,0,TRUE,FALSE,TRUE,TRUE,TRUE,"","criteria",FALSE,"cross-dataset"
"Asia_018","fZis8FytC3c54nR34FDw","paleo1measurement1","trsgi","unitless","ring width","dendrophysical",FALSE,"Asi-UKHTRW.Schweingruber.2002","Wood",50.15,85.37,1750,"Altai Mt., Ust Koksa Hill","1.0.7",1,"Summer","positive","air@surface",414,1581,1994,413,1,413,FALSE,TRUE,TRUE,TRUE,TRUE,TRUE,0,TRUE,FALSE,TRUE,TRUE,TRUE,"","criteria",TRUE,NA
"Asia_019","x2KtGYUEPqgjyJTOcIGF","paleo1measurement1","trsgi","unitless","ring width","dendrophysical",FALSE,"Asi-UKHEWW.Schweingruber.2002","Wood",50.15,85.37,1750,"Altai Mt., Ust Koksa Hill","1.0.7",1,"Summer","positive","air@surface",414,1581,1994,413,1,413,FALSE,TRUE,TRUE,TRUE,TRUE,TRUE,0,TRUE,FALSE,TRUE,TRUE,TRUE,"","criteria",FALSE,"cross-dataset"
"Asia_020","mWBMdLBLO60HsolIkzfe","paleo1measurement1","trsgi","unitless","ring width","dendrophysical",FALSE,"Asi-UKHLWW.Schweingruber.2002","Wood",50.15,85.37,1750,"Altai Mt., Ust Koksa Hill","1.0.7",1,"Summer","positive","air@surface",414,1581,1994,413,1,413,FALSE,TRUE,TRUE,TRUE,TRUE,TRUE,0,TRUE,FALSE,TRUE,TRUE,TRUE,"","criteria",TRUE,NA
"Asia_021","UgKydyBhsnRX0FyCcMcL","paleo1measurement1","trsgi","unitless","ring width","dendrophysical",FALSE,"Asi-UKHEWD.Schweingruber.2002","Wood",50.15,85.37,1750,"Altai Mt., Ust Koksa Hill","1.0.7",1,"Summer","positive","air@surface",414,1581,1994,413,1,413,FALSE,TRUE,TRUE,TRUE,TRUE,TRUE,0,TRUE,FALSE,TRUE,TRUE,TRUE,"","criteria",TRUE,NA
"Asia_022","02FdjjuIUmFedlZZi5cu","paleo1measurement1","trsgi","unitless","ring width","dendrophysical",FALSE,"Asi-UKHLWD.Schweingruber.2002","Wood",50.15,85.37,1750,"Altai Mt., Ust Koksa Hill","1.0.7",1,"Summer","positive","air@surface",414,1581,1994,413,1,413,FALSE,TRUE,TRUE,TRUE,TRUE,TRUE,0,TRUE,FALSE,TRUE,TRUE,TRUE,"","criteria",FALSE,"cross-dataset"
"Asia_023","badU9kp2bnRFrWcCwhWs","paleo1measurement1","trsgi","unitless","ring width","dendrophysical",FALSE,"Asi-UKHMND.Schweingruber.2002","Wood",50.15,85.37,1750,"Altai Mt., Ust Koksa Hill","1.0.7",1,"Summer","positive","air@surface",414,1581,1994,413,1,413,FALSE,TRUE,TRUE,TRUE,TRUE,TRUE,0,TRUE,FALSE,TRUE,TRUE,TRUE,"","criteria",TRUE,NA
"Asia_024","ZoPe0CTAW1aHByFib2o3","paleo1measurement1","trsgi","unitless","ring width","dendrophysical",FALSE,"Asi-UKHMXD.Schweingruber.2002","Wood",50.15,85.37,1750,"Altai Mt., Ust Koksa Hill","1.0.7",1,"Summer","positive","air@surface",414,1581,1994,413,1,413,FALSE,TRUE,TRUE,TRUE,TRUE,TRUE,0,TRUE,FALSE,TRUE,TRUE,TRUE,"","criteria",TRUE,NA
"Asia_025","Kov2Civ8jqq8yzmBCRgZ","paleo1measurement1","trsgi","unitless","ring width","dendrophysical",FALSE,"Asi-BT001.Cook.2010","Wood",27.58,90.65,2150,"BT001","1.0.6",1,"Annual","positive","air@surface",710,1294,2003,709,1,709,FALSE,TRUE,TRUE,TRUE,TRUE,TRUE,0,TRUE,FALSE,TRUE,TRUE,TRUE,"","criteria",TRUE,NA
"Asia_026","NzmmtG8TUCVBrvJcxOMW","paleo1measurement1","trsgi","unitless","ring width","dendrophysical",FALSE,"Asi-BT002.Cook.2010","Wood",27.67,90.73,2100,"BT002","1.0.6",1,"Annual","positive","air@surface",550,1454,2003,549,1,549,FALSE,TRUE,TRUE,TRUE,TRUE,TRUE,0,TRUE,FALSE,TRUE,TRUE,TRUE,"","criteria",TRUE,NA
"Asia_027","wfE0WbwBPwNmhOGemcBN","paleo1measurement1","trsgi","unitless","ring width","dendrophysical",FALSE,"Asi-BT003.Cook.2010","Wood",27.7,90.77,1450,"BT003","1.0.6",1,"Annual","positive","air@surface",484,1520,2003,483,1,483,FALSE,TRUE,TRUE,TRUE,TRUE,TRUE,0,TRUE,FALSE,TRUE,TRUE,TRUE,"","criteria",TRUE,NA
"Asia_028","m4qoHMA78euPnGBSGjSU","paleo1measurement1","trsgi","unitless","ring width","dendrophysical",FALSE,"Asi-BT004.Cook.2010","Wood",27.7,90.68,2000,"BT004","1.0.8",1,"Annual","positive","air@surface",523,1481,2003,522,1,522,FALSE,TRUE,TRUE,TRUE,TRUE,TRUE,0,TRUE,FALSE,TRUE,TRUE,TRUE,"","criteria",TRUE,NA
"Asia_029","U41Q0UQoRgf1Q7Kz1Ykn","paleo1measurement1","trsgi","unitless","ring width","dendrophysical",FALSE,"Asi-BHUTTD.PAGES2k.2013","Wood",27.67,90.72,1650,"BHUTTD","1.0.6",1,"Summer","positive","air@surface",554,1450,2003,553,1,553,FALSE,TRUE,TRUE,TRUE,TRUE,TRUE,0,TRUE,FALSE,TRUE,TRUE,TRUE,"","criteria",TRUE,NA
"Asia_030","j1nx25F13ZfcfFC7LPt0","paleo1measurement1","trsgi","unitless","ring width","dendrophysical",FALSE,"Asi-BT006.Cook.2010","Wood",27.63,90.13,1550,"BT006","1.0.6",1,"Annual","positive","air@surface",606,1400,2005,605,1,605,FALSE,TRUE,TRUE,TRUE,TRUE,TRUE,0,TRUE,FALSE,TRUE,TRUE,TRUE,"","criteria",TRUE,NA
"Asia_031","QihwaMwPFByFj1QACQD5","paleo1measurement1","trsgi","unitless","ring width","dendrophysical",FALSE,"Asi-BT008.Cook.2010","Wood",27.58,90.65,2200,"BT008","1.0.6",1,"Annual","positive","air@surface",724,1280,2003,723,1,723,FALSE,TRUE,TRUE,TRUE,TRUE,TRUE,0,TRUE,FALSE,TRUE,TRUE,TRUE,"","criteria",TRUE,NA
"Asia_032","gK2v3WXKPJ8Pa4jtd9eo","paleo1measurement1","trsgi","unitless","ring width","dendrophysical",FALSE,"Asi-BT009.Cook.2010","Wood",27.42,90.97,1700,"BT009","1.0.8",1,"Annual","positive","air@surface",546,1457,2002,545,1,545,FALSE,TRUE,TRUE,TRUE,TRUE,TRUE,0,TRUE,FALSE,TRUE,TRUE,TRUE,"","criteria",TRUE,NA
"Asia_033","46e4f43DPCjxYxAkYi1y","paleo1measurement1","trsgi","unitless","ring width","dendrophysical",FALSE,"Asi-BT010.Cook.2010","Wood",27.25,89.38,2150,"BT010","1.0.8",1,"Annual","positive","air@surface",522,1484,2005,521,1,521,FALSE,TRUE,TRUE,TRUE,TRUE,TRUE,0,TRUE,FALSE,TRUE,TRUE,TRUE,"","criteria",TRUE,NA
"Asia_034","7gvUnsQyEwMUTzJaSlCQ","paleo1measurement1","trsgi","unitless","ring width","dendrophysical",FALSE,"Asi-BHUTSP.PAGES2k.2013","Wood",27.45,90,1300,"BHUTSP","1.0.6",1,"Summer","positive","air@surface",726,1280,2005,725,1,725,FALSE,TRUE,TRUE,TRUE,TRUE,TRUE,0,TRUE,FALSE,TRUE,TRUE,TRUE,"","criteria",TRUE,NA
"Asia_035","Fhfn35O1nkV7azcTuOlF","paleo1measurement1","trsgi","unitless","ring width","dendrophysical",FALSE,"Asi-BT018.Cook.2010","Wood",27.95,89.75,2150,"BT018","1.0.7",1,"Annual","positive","air@surface",554,1453,2006,553,1,553,FALSE,TRUE,TRUE,TRUE,TRUE,TRUE,0,TRUE,FALSE,TRUE,TRUE,TRUE,"","criteria",TRUE,NA
"Asia_036","Ytu7X3xtHaedHjGElrgr","paleo1measurement1","trsgi","unitless","ring width","dendrophysical",FALSE,"Asi-BT011.Cook.2010","Wood",27.45,90.15,2150,"BT011","1.0.8",1,"Annual","positive","air@surface",550,1456,2005,549,1,549,FALSE,TRUE,TRUE,TRUE,TRUE,TRUE,0,TRUE,FALSE,TRUE,TRUE,TRUE,"","criteria",TRUE,NA
"Asia_037","ZRmxHoK8ea5Yl9Ydxc7Y","paleo1measurement1","trsgi","unitless","ring width","dendrophysical",FALSE,"Asi-BT005.Cook.2010","Wood",27.45,90.15,2150,"BT005","1.0.6",1,"Annual","positive","air@surface",425,1582,2006,424,1,424,FALSE,TRUE,TRUE,TRUE,TRUE,TRUE,0,TRUE,FALSE,TRUE,TRUE,TRUE,"","criteria",TRUE,NA
"Asia_038","OqE4XtSl3oMUyrQR9S5d","paleo1measurement1","trsgi","unitless","ring width","dendrophysical",FALSE,"Asi-CHIN020.Li.2010","Wood",30.23,100.27,2150,"CHIN020","1.0.7",1,"Annual","positive","air@surface",702,1306,2007,701,1,701,FALSE,TRUE,TRUE,TRUE,TRUE,TRUE,0,TRUE,FALSE,TRUE,TRUE,TRUE,"","criteria",TRUE,NA
"Asia_039","K9nwScT3zDJ81aCuHtc1","paleo1measurement1","trsgi","unitless","ring width","dendrophysical",FALSE,"Asi-CHIN021.Li.2010","Wood",28.98,99.93,2150,"CHIN021","1.0.7",1,"Annual","positive","air@surface",628,1380,2007,627,1,627,FALSE,TRUE,TRUE,TRUE,TRUE,TRUE,0,TRUE,FALSE,TRUE,TRUE,TRUE,"","criteria",TRUE,NA
"Asia_040","xKQPJ1LCqT32TSJOln3q","paleo1measurement1","trsgi","unitless","ring width","dendrophysical",FALSE,"Asi-CHIN018.Li.2010","Wood",29.28,100.08,2150,"CHIN018","1.0.7",1,"Annual","positive","air@surface",467,1540,2006,466,1,466,FALSE,TRUE,TRUE,TRUE,TRUE,TRUE,0,TRUE,FALSE,TRUE,TRUE,TRUE,"","criteria",TRUE,NA
"Asia_041","4vwbAqnBgjvHsbbp2loD","paleo1measurement1","trsgi","unitless","ring width","dendrophysical",FALSE,"Asi-CHIN019.Li.2010","Wood",29.15,99.93,2150,"CHIN019","1.0.7",1,"Annual","positive","air@surface",498,1509,2006,497,1,497,FALSE,TRUE,TRUE,TRUE,TRUE,TRUE,0,TRUE,FALSE,TRUE,TRUE,TRUE,"","criteria",TRUE,NA
"Asia_042","jNviEYJCrZxAouRsI8Nt","paleo1measurement1","trsgi","unitless","ring width","dendrophysical",FALSE,"Asi-WXIYUN.Wright.2010","Wood",27.33,99.3,1750,"CHIN027","1.0.7",1,"Annual","positive","air@surface",660,1348,2007,659,1,659,FALSE,TRUE,TRUE,TRUE,TRUE,TRUE,0,TRUE,FALSE,TRUE,TRUE,TRUE,"","criteria",TRUE,NA
"Asia_043","t1fpAotEDgW847OKYeXK","paleo1measurement1","trsgi","unitless","ring width","dendrophysical",FALSE,"Asi-DEZQIN.PAGES2k.2013","Wood",34.75,100.82,1750,"DEZQIN","1.0.7",1,"Summer","positive","air@surface",718,1287,2004,717,1,717,FALSE,TRUE,TRUE,TRUE,TRUE,TRUE,0,TRUE,FALSE,TRUE,TRUE,TRUE,"","criteria",TRUE,NA
"Asia_044","g07OAJJUrdd3QcKOybXm","paleo1measurement1","trsgi","unitless","ring width","dendrophysical",FALSE,"Asi-GOUQIN.PAGES2k.2013","Wood",34.73,100.8,1750,"GOUQIN","1.0.7",1,"Summer","positive","air@surface",659,1346,2004,658,1,658,FALSE,TRUE,TRUE,TRUE,TRUE,TRUE,0,TRUE,FALSE,TRUE,TRUE,TRUE,"","criteria",TRUE,NA
"Asia_045","ZepJ6IPamTi286WX4pdd","paleo1measurement1","trsgi","unitless","ring width","dendrophysical",FALSE,"Asi-HEBQIN.PAGES2k.2013","Wood",34.73,100.78,1750,"HEBQIN","1.0.7",1,"Summer","positive","air@surface",530,1475,2004,529,1,529,FALSE,TRUE,TRUE,TRUE,TRUE,TRUE,0,TRUE,FALSE,TRUE,TRUE,TRUE,"","criteria",TRUE,NA
"Asia_046","H7V9per4vpW3woYJfZQG","paleo1measurement1","trsgi","unitless","ring width","dendrophysical",FALSE,"Asi-LAJQIN.PAGES2k.2013","Wood",34.72,100.72,1750,"LAJQIN","1.0.7",1,"Summer","positive","air@surface",559,1446,2004,558,1,558,FALSE,TRUE,TRUE,TRUE,TRUE,TRUE,0,TRUE,FALSE,TRUE,TRUE,TRUE,"","criteria",TRUE,NA
"Asia_047","Y6t47evqGoaqeu0z4zZl","paleo1measurement1","trsgi","unitless","ring width","dendrophysical",FALSE,"Asi-GHEGAN.PAGES2k.2013","Wood",37.93,101.53,1750,"GHEGAN","1.0.7",1,"Summer","positive","air@surface",713,1288,2000,712,1,712,FALSE,TRUE,TRUE,TRUE,TRUE,TRUE,0,TRUE,FALSE,TRUE,TRUE,TRUE,"","criteria",TRUE,NA
"Asia_048","aO4pVTNX4OEB2iGj8FnM","paleo1measurement1","trsgi","unitless","ring width","dendrophysical",FALSE,"Asi-CHIN006.Sheppard.2013","Wood",36.3,98.08,1750,"CHIN006","1.0.7",1,"Summer","positive","air@surface",1835,159,1993,1834,1,1834,FALSE,TRUE,TRUE,TRUE,TRUE,TRUE,0,TRUE,FALSE,TRUE,TRUE,TRUE,"","criteria",TRUE,NA
"Asia_049","Sd2bBlntJQFkhJZ6gOPn","paleo1measurement1","trsgi","unitless","ring width","dendrophysical",FALSE,"Asi-CHIN005.Sheppard.2013","Wood",37,98.08,100,"CHIN005","1.0.7",1,"Summer","positive","air@surface",1154,840,1993,1153,1,1153,FALSE,TRUE,TRUE,TRUE,TRUE,TRUE,0,TRUE,FALSE,TRUE,TRUE,TRUE,"","criteria",TRUE,NA
"Asia_050","8MnwPwkzPfCPaY3RKXq1","paleo1measurement1","trsgi","unitless","ring width","dendrophysical",FALSE,"Asi-DUSHJP.PAGES2k.2013","Wood",36.65,98.08,100,"DUSHJP","1.0.7",1,"Summer","positive","air@surface",1154,840,1993,1153,1,1153,FALSE,TRUE,TRUE,TRUE,TRUE,TRUE,0,TRUE,FALSE,TRUE,TRUE,TRUE,"","criteria",TRUE,NA
"Asia_051","CXPtXmj3axnTM2Y3fKN1","paleo1measurement1","trsgi","unitless","ring width","dendrophysical",FALSE,"Asi-MQAXJP.PAGES2k.2013","Wood",35.07,100.35,700,"MQAXJP","1.0.7",1,"Summer","positive","air@surface",920,1082,2001,919,1,919,FALSE,TRUE,TRUE,TRUE,TRUE,TRUE,0,TRUE,FALSE,TRUE,TRUE,TRUE,"","criteria",TRUE,NA
"Asia_052","GD9lJBa0moexJq35EDDP","paleo1measurement1","trsgi","unitless","ring width","dendrophysical",FALSE,"Asi-MQBXJP.PAGES2k.2013","Wood",34.78,99.78,800,"MQBXJP","1.0.7",1,"Summer","positive","air@surface",1533,470,2002,1532,1,1532,FALSE,TRUE,TRUE,TRUE,TRUE,TRUE,0,TRUE,FALSE,TRUE,TRUE,TRUE,"","criteria",TRUE,NA
"Asia_053","z9ieH73QErggD1IQ6FCG","paleo1measurement1","trsgi","unitless","ring width","dendrophysical",FALSE,"Asi-MQDXJP.PAGES2k.2013","Wood",34.72,99.67,500,"MQDXJP","1.0.7",1,"Summer","positive","air@surface",839,1163,2001,838,1,838,FALSE,TRUE,TRUE,TRUE,TRUE,TRUE,0,TRUE,FALSE,TRUE,TRUE,TRUE,"","criteria",TRUE,NA
"Asia_054","31mBz3kv2e9tf9TIJvZd","paleo1measurement1","trsgi","unitless","ring width","dendrophysical",FALSE,"Asi-MQFXJP.PAGES2k.2013","Wood",34.75,99.68,700,"MQFXJP","1.0.7",1,"Summer","positive","air@surface",773,1230,2002,772,1,772,FALSE,TRUE,TRUE,TRUE,TRUE,TRUE,0,TRUE,FALSE,TRUE,TRUE,TRUE,"","criteria",TRUE,NA
"Asia_055","hOcUg6i61ruqW4eZ9Ruf","paleo1measurement1","trsgi","unitless","ring width","dendrophysical",FALSE,"Asi-MQRXJP.PAGES2k.2013","Wood",34.75,99.68,100,"MQRXJP","1.0.7",1,"Summer","positive","air@surface",1043,960,2002,1042,1,1042,FALSE,TRUE,TRUE,TRUE,TRUE,TRUE,0,TRUE,FALSE,TRUE,TRUE,TRUE,"","criteria",TRUE,NA
"Asia_056","JqFHEqCJAhrY9f3hujTT","paleo1measurement1","trsgi","unitless","ring width","dendrophysical",FALSE,"Asi-TDAXJP.PAGES2k.2013","Wood",34.78,100.8,0,"TDAXJP","1.0.7",1,"Summer","positive","air@surface",663,1340,2002,662,1,662,FALSE,TRUE,TRUE,TRUE,TRUE,TRUE,0,TRUE,FALSE,TRUE,TRUE,TRUE,"","criteria",TRUE,NA
"Asia_057","3bGKU5vlATAPahC0FMAq","paleo1measurement1","trsgi","unitless","ring width","dendrophysical",FALSE,"Asi-TDBXJP.PAGES2k.2013","Wood",34.78,100.82,200,"TDBXJP","1.0.7",1,"Summer","positive","air@surface",603,1400,2002,602,1,602,FALSE,TRUE,TRUE,TRUE,TRUE,TRUE,0,TRUE,FALSE,TRUE,TRUE,TRUE,"","criteria",TRUE,NA
"Asia_058","TXJLoKYeGvCr1De7qogx","paleo1measurement1","trsgi","unitless","ring width","dendrophysical",FALSE,"Asi-HBLXJP.PAGES2k.2013","Wood",34.78,100.82,4000,"HBLXJP","1.0.7",1,"Summer","positive","air@surface",483,1520,2002,482,1,482,FALSE,TRUE,TRUE,TRUE,TRUE,TRUE,0,TRUE,FALSE,TRUE,TRUE,TRUE,"","criteria",TRUE,NA
"Asia_059","bhxYU0OoPSxlaVX9KItI","paleo1measurement1","trsgi","unitless","ring width","dendrophysical",FALSE,"Asi-HBMXJP.PAGES2k.2013","Wood",34.78,100.82,3300,"HBMXJP","1.0.7",1,"Summer","positive","air@surface",693,1310,2002,692,1,692,FALSE,TRUE,TRUE,TRUE,TRUE,TRUE,0,TRUE,FALSE,TRUE,TRUE,TRUE,"","criteria",TRUE,NA
"Asia_060","5PncfsFwAL0fxKr1g6VK","paleo1measurement1","trsgi","unitless","ring width","dendrophysical",FALSE,"Asi-HBHXJP.PAGES2k.2013","Wood",34.78,100.82,2100,"HBHXJP","1.0.7",1,"Summer","positive","air@surface",503,1500,2002,502,1,502,FALSE,TRUE,TRUE,TRUE,TRUE,TRUE,0,TRUE,FALSE,TRUE,TRUE,TRUE,"","criteria",TRUE,NA
"Asia_061","IiA0Giws3HUOkvuqbceh","paleo1measurement1","trsgi","unitless","ring width","dendrophysical",FALSE,"Asi-BARELC.PAGES2k.2013","Wood",33.75,107.8,2700,"BARELC","1.0.6",1,"Summer","positive","air@surface",393,1600,1992,392,1,392,FALSE,TRUE,TRUE,TRUE,TRUE,TRUE,0,TRUE,FALSE,TRUE,TRUE,TRUE,"","criteria",TRUE,NA
"Asia_062","vIhHnzXrt8wqdUIj3Ozn","paleo1measurement1","trsgi","unitless","ring width","dendrophysical",FALSE,"Asi-CHIN004.Wu.2013","Wood",34.48,110.08,4050,"CHIN004","1.0.7",1,"Summer","positive","air@surface",451,1540,1990,450,1,450,FALSE,TRUE,TRUE,TRUE,TRUE,TRUE,0,TRUE,FALSE,TRUE,TRUE,TRUE,"","criteria",TRUE,NA
"Asia_063","P5amyjIw955oUFYxQXSq","paleo1measurement1","trsgi","unitless","ring width","dendrophysical",FALSE,"Asi-SANGTS.PAGES2k.2013","Wood",33.65,107.8,3750,"SANGTS","1.0.7",1,"Summer","positive","air@surface",418,1575,1992,417,1,417,FALSE,TRUE,TRUE,TRUE,TRUE,TRUE,0,TRUE,FALSE,TRUE,TRUE,TRUE,"","criteria",TRUE,NA
"Asia_064","6zx1i7KiEuC1es9k6Alz","paleo1measurement1","trsgi","unitless","ring width","dendrophysical",FALSE,"Asi-CHIN029.Krusic.2010","Wood",43.85,93.3,4150,"CHIN029","1.0.7",1,"Annual","positive","air@surface",432,1571,2002,431,1,431,FALSE,TRUE,TRUE,TRUE,TRUE,TRUE,0,TRUE,FALSE,TRUE,TRUE,TRUE,"","criteria",TRUE,NA
"Asia_065","ELtaVGFZ6JH6rb2kx33D","paleo1measurement1","trsgi","unitless","ring width","dendrophysical",FALSE,"Asi-TIANMU.PAGES2k.2013","Wood",30.33,119.43,3539,"TIANMU","1.0.7",1,"Summer","positive","air@surface",418,1590,2007,417,1,417,FALSE,TRUE,TRUE,TRUE,TRUE,TRUE,0,TRUE,FALSE,TRUE,TRUE,TRUE,"","criteria",TRUE,NA
"Asia_066","Zrd5MZYrHBPbQUIgeGRx","paleo1measurement1","trsgi","unitless","ring width","dendrophysical",FALSE,"Asi-WULANJ.PAGES2k.2013","Wood",37.03,98.68,3040,"WULANJ","1.0.7",1,"Summer","positive","air@surface",1851,150,2000,1850,1,1850,FALSE,TRUE,TRUE,TRUE,TRUE,TRUE,0,TRUE,FALSE,TRUE,TRUE,TRUE,"","criteria",TRUE,NA
"Asia_067","MeDGoQVkpoDQPHGpN8R9","paleo1measurement1","trsgi","unitless","ring width","dendrophysical",FALSE,"Asi-QUMAJP.PAGES2k.2013","Wood",33.8,96.13,3400,"QUMAJP","1.0.7",1,"Summer","positive","air@surface",523,1480,2002,522,1,522,FALSE,TRUE,TRUE,TRUE,TRUE,TRUE,0,TRUE,FALSE,TRUE,TRUE,TRUE,"","criteria",TRUE,NA
"Asia_068","Y1s1AfGb8ipWnJ6USpuo","paleo1measurement1","trsgi","unitless","ring width","dendrophysical",FALSE,"Asi-ZHIDJP.Shao.2003","Wood",33.72,96.28,3800,"ZHIDJP","1.0.7",1,"Apr-Jun","positive","air@surface",629,1374,2002,628,1,628,FALSE,TRUE,TRUE,TRUE,TRUE,TRUE,0,TRUE,FALSE,TRUE,TRUE,TRUE,"","criteria",TRUE,NA
"Asia_069","o6VJSYZmh0C5yiu6qKOP","paleo1measurement1","trsgi","unitless","ring width","dendrophysical",FALSE,"Asi-ZHANGX.PAGES2k.2010","Wood",34.63,104.47,2900,"ZHANGX","1.0.7",1,"Annual","positive","air@surface",439,1568,2006,438,1,438,FALSE,TRUE,TRUE,TRUE,TRUE,TRUE,0,TRUE,FALSE,TRUE,TRUE,TRUE,"","criteria",TRUE,NA
"Asia_070","Zjfja9KEqN7GMoFreJvL","paleo1measurement1","trsgi","unitless","ring width","dendrophysical",FALSE,"Asi-CHIN017.Li.2010","Wood",28.9,99.75,3500,"CHIN017","1.0.7",1,"Annual","positive","air@surface",556,1452,2007,555,1,555,FALSE,TRUE,TRUE,TRUE,TRUE,TRUE,0,TRUE,FALSE,TRUE,TRUE,TRUE,"","criteria",TRUE,NA
"Asia_071","uf9sQySwz05ZlgM4aoCs","paleo1measurement1","trsgi","unitless","ring width","dendrophysical",FALSE,"Asi-CHIN016.Li.2010","Wood",31.78,101.92,3900,"CHIN016","1.0.7",1,"Annual","positive","air@surface",433,1575,2007,432,1,432,FALSE,TRUE,TRUE,TRUE,TRUE,TRUE,0,TRUE,FALSE,TRUE,TRUE,TRUE,"","criteria",TRUE,NA
"Asia_072","2N6kZBNdE8HBT8UYitJA","paleo1measurement1","trsgi","unitless","ring width","dendrophysical",FALSE,"Asi-PTCYUN.PAGES2k.2013","Wood",27.37,99.37,3800,"PTCYUN","1.0.7",1,"Summer","positive","air@surface",510,1498,2007,509,1,509,FALSE,TRUE,TRUE,TRUE,TRUE,TRUE,0,TRUE,FALSE,TRUE,TRUE,TRUE,"","criteria",TRUE,NA
"Asia_073","lvx0hdfkHJWJDrOm5tFA","paleo1measurement1","trsgi","unitless","ring width","dendrophysical",FALSE,"Asi-WEXYUN.Wright.2010","Wood",27.33,99.3,3800,"CHIN027","1.0.7",1,"Annual","positive","air@surface",660,1348,2007,659,1,659,FALSE,TRUE,TRUE,TRUE,TRUE,TRUE,0,TRUE,FALSE,TRUE,TRUE,TRUE,"","criteria",TRUE,NA
"Asia_074","fk3sy22nNueGVimDYFFJ","paleo1measurement1","trsgi","unitless","ring width","dendrophysical",FALSE,"Asi-HXBURU.PAGES2k.2013","Wood",43.18,87.18,3400,"HXBURU","1.0.7",1,"Summer","positive","air@surface",451,1543,1993,450,1,450,FALSE,TRUE,TRUE,TRUE,TRUE,TRUE,0,TRUE,FALSE,TRUE,TRUE,TRUE,"","criteria",TRUE,NA
"Asia_075","UMi4YzkXoReursf6sIIu","paleo1measurement1","trsgi","unitless","ring width","dendrophysical",FALSE,"Asi-DQHZHO.PAGES2k.2013","Wood",35,100.07,3400,"DQHZHO","1.0.7",1,"Summer","positive","air@surface",572,1433,2004,571,1,571,FALSE,TRUE,TRUE,TRUE,TRUE,TRUE,0,TRUE,FALSE,TRUE,TRUE,TRUE,"","criteria",TRUE,NA
"Asia_076","byUSUGcmgTAdS61SpCx3","paleo1measurement1","trsgi","unitless","ring width","dendrophysical",FALSE,"Asi-CHIN026.Wright.2010","Wood",27.62,99.8,2900,"CHIN026","1.0.7",1,"Annual","positive","air@surface",492,1516,2007,491,1,491,FALSE,TRUE,TRUE,TRUE,TRUE,TRUE,0,TRUE,FALSE,TRUE,TRUE,TRUE,"","criteria",TRUE,NA
"Asia_077","YPryxw1KB7jfDUZSkLHQ","paleo1measurement1","trsgi","unitless","ring width","dendrophysical",FALSE,"Asi-HYGJUP.PAGES2k.2013","Wood",38.7,99.68,5600,"HYGJUP","1.0.7",1,"Summer","positive","air@surface",1467,540,2006,1466,1,1466,FALSE,TRUE,TRUE,TRUE,TRUE,TRUE,0,TRUE,FALSE,TRUE,TRUE,TRUE,"","criteria",TRUE,NA
"Asia_078","w7gyXcY6cwL4TdKUHyTt","paleo1measurement1","trsgi","unitless","ring width","dendrophysical",FALSE,"Asi-MQACJP.PAGES2k.2013","Wood",35.07,100.35,2600,"MQACJP","1.0.7",1,"Summer","positive","air@surface",920,1082,2001,919,1,919,FALSE,TRUE,TRUE,TRUE,TRUE,TRUE,0,TRUE,FALSE,TRUE,TRUE,TRUE,"","criteria",TRUE,NA
"Asia_079","7gXQNLsCKPOup63zngdz","paleo1measurement1","trsgi","unitless","ring width","dendrophysical",FALSE,"Asi-CHIN037.Fan.2013","Wood",27.58,99.35,100,"CHIN037","1.0.7",1,"Summer","positive","air@surface",577,1429,2005,576,1,576,FALSE,TRUE,TRUE,TRUE,TRUE,TRUE,0,TRUE,FALSE,TRUE,TRUE,TRUE,"","criteria",TRUE,NA
"Asia_080","igw5TVCa8UJj4HfY4GO3","paleo1measurement1","trsgi","unitless","ring width","dendrophysical",FALSE,"Asi-CHIN038.Fan.2013","Wood",27.58,99.28,4100,"CHIN038","1.0.7",1,"Summer","positive","air@surface",464,1542,2005,463,1,463,FALSE,TRUE,TRUE,TRUE,TRUE,TRUE,0,TRUE,FALSE,TRUE,TRUE,TRUE,"","criteria",TRUE,NA
"Asia_081","ZeSN3Hj6V05Iz7aIbmY1","paleo1measurement1","trsgi","unitless","ring width","dendrophysical",FALSE,"Asi-CHIN039.Fan.2013","Wood",28.03,99.02,3400,"CHIN039","1.0.7",1,"Summer","positive","air@surface",517,1489,2005,516,1,516,FALSE,TRUE,TRUE,TRUE,TRUE,TRUE,0,TRUE,FALSE,TRUE,TRUE,TRUE,"","criteria",TRUE,NA
"Asia_082","9RQLgiOAFDuV9rfC381r","paleo1measurement1","trsgi","unitless","ring width","dendrophysical",FALSE,"Asi-CHIN040.Fan.2013","Wood",28.03,98.98,3500,"CHIN040","1.0.7",1,"Summer","positive","air@surface",613,1393,2005,612,1,612,FALSE,TRUE,TRUE,TRUE,TRUE,TRUE,0,TRUE,FALSE,TRUE,TRUE,TRUE,"","criteria",TRUE,NA
"Asia_083","kj6nbC8yEVSow4NkEV5h","paleo1measurement1","trsgi","unitless","ring width","dendrophysical",FALSE,"Asi-CHIN041.Fan.2013","Wood",27.88,98.4,2900,"CHIN041","1.0.7",1,"Summer","positive","air@surface",476,1530,2005,475,1,475,FALSE,TRUE,TRUE,TRUE,TRUE,TRUE,0,TRUE,FALSE,TRUE,TRUE,TRUE,"","criteria",TRUE,NA
"Asia_084","IcGT4zLvFBP1zEomEZHG","paleo1measurement1","trsgi","unitless","ring width","dendrophysical",FALSE,"Asi-CHIN050.Shao.2013","Wood",37.47,97.23,6700,"CHIN050","1.0.7",1,"Summer","positive","air@surface",1159,843,2001,1158,1,1158,FALSE,TRUE,TRUE,TRUE,TRUE,TRUE,0,TRUE,FALSE,TRUE,TRUE,TRUE,"","criteria",TRUE,NA
"Asia_085","wYWqpNoYImGva1LpfZfM","paleo1measurement1","trsgi","unitless","ring width","dendrophysical",FALSE,"Asi-CHIN051.Shao.2013","Wood",37.47,97.22,3000,"CHIN051","1.0.7",1,"Summer","positive","air@surface",1174,828,2001,1173,1,1173,FALSE,TRUE,TRUE,TRUE,TRUE,TRUE,0,TRUE,FALSE,TRUE,TRUE,TRUE,"","criteria",TRUE,NA
"Asia_086","0lYFVeMtcJIN5BWHsepW","paleo1measurement1","trsgi","unitless","ring width","dendrophysical",FALSE,"Asi-CHIN052.Shao.2013","Wood",37.45,97.53,2060,"CHIN052","1.0.7",1,"Summer","positive","air@surface",1599,404,2002,1598,1,1598,FALSE,TRUE,TRUE,TRUE,TRUE,TRUE,0,TRUE,FALSE,TRUE,TRUE,TRUE,"","criteria",TRUE,NA
"Asia_087","idS6x23yzgIwbdTaVdTq","paleo1measurement1","trsgi","unitless","ring width","dendrophysical",FALSE,"Asi-CHIN053.Shao.2013","Wood",37.43,98.05,4600,"CHIN053","1.0.7",1,"Summer","positive","air@surface",1552,451,2002,1551,1,1551,FALSE,TRUE,TRUE,TRUE,TRUE,TRUE,0,TRUE,FALSE,TRUE,TRUE,TRUE,"","criteria",TRUE,NA
"Asia_088","cFeLPz97nLGwEi1WWLKe","paleo1measurement1","trsgi","unitless","ring width","dendrophysical",FALSE,"Asi-CHIN054.Shao.2013","Wood",37.45,97.78,2810,"CHIN054","1.0.7",1,"Summer","positive","air@surface",1293,711,2003,1292,1,1292,FALSE,TRUE,TRUE,TRUE,TRUE,TRUE,0,TRUE,FALSE,TRUE,TRUE,TRUE,"","criteria",TRUE,NA
"Asia_089","nAR1xPpTJB9bQpaKrBun","paleo1measurement1","trsgi","unitless","ring width","dendrophysical",FALSE,"Asi-CHIN055.Shao.2013","Wood",37.52,97.05,100,"CHIN055","1.0.7",1,"Summer","positive","air@surface",766,1237,2002,765,1,765,FALSE,TRUE,TRUE,TRUE,TRUE,TRUE,0,TRUE,FALSE,TRUE,TRUE,TRUE,"","criteria",TRUE,NA
"Asia_090","RMjgGIQ6kNEwi9UsgyuH","paleo1measurement1","trsgi","unitless","ring width","dendrophysical",FALSE,"Asi-CHIN056.Shao.2013","Wood",34.47,110.08,4900,"CHIN056","1.0.7",1,"Summer","positive","air@surface",548,1458,2005,547,1,547,FALSE,TRUE,TRUE,TRUE,TRUE,TRUE,0,TRUE,FALSE,TRUE,TRUE,TRUE,"","criteria",TRUE,NA
"Asia_091","uN2x0Xig2hDsOBmKywza","paleo1measurement1","trsgi","unitless","ring width","dendrophysical",FALSE,"Asi-CHIN057.Shao.2013","Wood",34.47,110.08,4900,"CHIN057","1.0.7",1,"Summer","positive","air@surface",494,1512,2005,493,1,493,FALSE,TRUE,TRUE,TRUE,TRUE,TRUE,0,TRUE,FALSE,TRUE,TRUE,TRUE,"","criteria",TRUE,NA
"Asia_092","vwselhj5CnybGwwuKnt4","paleo1measurement1","trsgi","unitless","ring width","dendrophysical",FALSE,"Asi-CHIN058.Shao.2013","Wood",34.47,110.08,3950,"CHIN058","1.0.7",1,"Summer","positive","air@surface",647,1359,2005,646,1,646,FALSE,TRUE,TRUE,TRUE,TRUE,TRUE,0,TRUE,FALSE,TRUE,TRUE,TRUE,"","criteria",TRUE,NA
"Asia_093","mwNoCZyrz2JCDmYcKhm1","paleo1measurement1","trsgi","unitless","ring width","dendrophysical",FALSE,"Asi-CHIN059.Shao.2013","Wood",33.8,96.13,3400,"CHIN059","1.0.7",1,"Summer","positive","air@surface",523,1480,2002,522,1,522,FALSE,TRUE,TRUE,TRUE,TRUE,TRUE,0,TRUE,FALSE,TRUE,TRUE,TRUE,"","criteria",TRUE,NA
"Asia_094","0jq8riIobvRZQnR8Q4Xe","paleo1measurement1","trsgi","unitless","ring width","dendrophysical",FALSE,"Asi-CHIN060.Shao.2013","Wood",37.32,98.4,3980,"CHIN060","1.0.7",1,"Summer","positive","air@surface",1061,943,2003,1060,1,1060,FALSE,TRUE,TRUE,TRUE,TRUE,TRUE,0,TRUE,FALSE,TRUE,TRUE,TRUE,"","criteria",TRUE,NA
"Asia_095","gYoXPGluUDGX11TqVd8o","paleo1measurement1","trsgi","unitless","ring width","dendrophysical",FALSE,"Asi-CHIN061.Shao.2013","Wood",37.03,98.63,2500,"CHIN061","1.0.7",1,"Summer","positive","air@surface",1147,857,2003,1146,1,1146,FALSE,TRUE,TRUE,TRUE,TRUE,TRUE,0,TRUE,FALSE,TRUE,TRUE,TRUE,"","criteria",TRUE,NA
"Asia_096","Dv2aYqVYvxIj2boLgSMl","paleo1measurement1","trsgi","unitless","ring width","dendrophysical",FALSE,"Asi-CHIN062.Shao.2013","Wood",37.03,98.67,3700,"CHIN062","1.0.7",1,"Summer","positive","air@surface",1157,845,2001,1156,1,1156,FALSE,TRUE,TRUE,TRUE,TRUE,TRUE,0,TRUE,FALSE,TRUE,TRUE,TRUE,"","criteria",TRUE,NA
"Asia_097","7uiI1gBajY4MBT4RH8oe","paleo1measurement1","trsgi","unitless","ring width","dendrophysical",FALSE,"Asi-CHIN063.Shao.2013","Wood",36.75,98.22,3040,"CHIN063","1.0.7",1,"Summer","positive","air@surface",1321,681,2001,1320,1,1320,FALSE,TRUE,TRUE,TRUE,TRUE,TRUE,0,TRUE,FALSE,TRUE,TRUE,TRUE,"","criteria",TRUE,NA
"Asia_098","qTzNNXNHJjWg3mXdi5iU","paleo1measurement1","trsgi","unitless","ring width","dendrophysical",FALSE,"Asi-CHIN064.Shao.2013","Wood",36.68,98.42,3000,"CHIN064","1.0.7",1,"Summer","positive","air@surface",1102,900,2001,1101,1,1101,FALSE,TRUE,TRUE,TRUE,TRUE,TRUE,0,TRUE,FALSE,TRUE,TRUE,TRUE,"","criteria",TRUE,NA
"Asia_099","4w6zvok8stwkGHdlrObH","paleo1measurement1","trsgi","unitless","ring width","dendrophysical",FALSE,"Asi-CHIN065.Shao.2013","Wood",32.67,95.72,4500,"CHIN065","1.0.7",1,"Summer","positive","air@surface",717,1290,2006,716,1,716,FALSE,TRUE,TRUE,TRUE,TRUE,TRUE,0,TRUE,FALSE,TRUE,TRUE,TRUE,"","criteria",TRUE,NA
"Asia_100","g7xYuOGECMjKUTbb0kG6","paleo1measurement1","trsgi","unitless","ring width","dendrophysical",FALSE,"Asi-CHIN066.Shao.2013","Wood",33.72,96.28,3500,"CHIN066","1.0.7",1,"Summer","positive","air@surface",629,1374,2002,628,1,628,FALSE,TRUE,TRUE,TRUE,TRUE,TRUE,0,TRUE,FALSE,TRUE,TRUE,TRUE,"","criteria",FALSE,"cross-dataset"
"Asia_101","pwowtzE0YFcSms7Tz3bB","paleo1measurement1","trsgi","unitless","ring width","dendrophysical",FALSE,"Asi-INDO005.D'Arrigo.2010","Wood",-5.5,122.8,4200,"INDO005","1.0.7",1,"Annual","positive","air@surface",441,1565,2005,440,1,440,FALSE,TRUE,TRUE,TRUE,TRUE,TRUE,0,TRUE,FALSE,TRUE,TRUE,TRUE,"","criteria",TRUE,NA
"Asia_102","YuVgrDFZYMJDTKuNcJ58","paleo1measurement1","trsgi","unitless","ring width","dendrophysical",FALSE,"Asi-GANGCD.PAGES2k.2013","Wood",30.98,78.93,100,"GANGCD","1.0.7",1,"Summer","positive","air@surface",433,1567,1999,432,1,432,FALSE,TRUE,TRUE,TRUE,TRUE,TRUE,0,TRUE,FALSE,TRUE,TRUE,TRUE,"","criteria",TRUE,NA
"Asia_103","AMGH3kIG2HldZUouVcT1","paleo1measurement1","trsgi","unitless","ring width","dendrophysical",FALSE,"Asi-RANGCD.PAGES2k.2013","Wood",33.08,76.43,3240,"RANGCD","1.0.7",1,"Summer","positive","air@surface",615,1388,2002,614,1,614,FALSE,TRUE,TRUE,TRUE,TRUE,TRUE,0,TRUE,FALSE,TRUE,TRUE,TRUE,"","criteria",TRUE,NA
"Asia_104","GVLzHR1v0CzE09viK5na","paleo1measurement1","trsgi","unitless","ring width","dendrophysical",FALSE,"Asi-INDI015.Borgaonkar.2013","Wood",31.2,77.23,3150,"INDI015","1.0.7",1,"Summer","positive","air@surface",401,1590,1990,400,1,400,FALSE,TRUE,TRUE,TRUE,TRUE,TRUE,0,TRUE,FALSE,TRUE,TRUE,TRUE,"","criteria",TRUE,NA
"Asia_105","8WIE55yJgMmrY4Zsz1U5","paleo1measurement1","trsgi","unitless","ring width","dendrophysical",FALSE,"Asi-INDI025.Borgaonkar.2013","Wood",10.18,76.87,3200,"INDI025","1.0.7",1,"Summer","positive","air@surface",523,1481,2003,522,1,522,FALSE,TRUE,TRUE,TRUE,TRUE,TRUE,0,TRUE,FALSE,TRUE,TRUE,TRUE,"","criteria",TRUE,NA
"Asia_106","1kbdSTZ9l3kQs3StoVtS","paleo1measurement1","trsgi","unitless","ring width","dendrophysical",FALSE,"Asi-KERALA.PAGES2k.2013","Wood",10,76.67,3100,"KERALA","1.0.7",1,"Summer","positive","air@surface",523,1481,2003,522,1,522,FALSE,TRUE,TRUE,TRUE,TRUE,TRUE,0,TRUE,FALSE,TRUE,TRUE,TRUE,"","criteria",TRUE,NA
"Asia_107","2M6vJt0pkYfPs9VSfhGc","paleo1measurement1","trsgi","unitless","ring width","dendrophysical",FALSE,"Asi-INDI024.Borgaonkar.2013","Wood",31.37,78.17,3150,"INDI024","1.0.7",1,"Summer","positive","air@surface",467,1538,2004,466,1,466,FALSE,TRUE,TRUE,TRUE,TRUE,TRUE,0,TRUE,FALSE,TRUE,TRUE,TRUE,"","criteria",TRUE,NA
"Asia_108","Vg3jXj770q54oMnZJJfD","paleo1measurement1","trsgi","unitless","ring width","dendrophysical",FALSE,"Asi-MTASSP.Davi.2013","Wood",43.77,142.55,3730,"JAPA008","1.0.7",1,"Summer","positive","air@surface",466,1532,1997,465,1,465,FALSE,TRUE,TRUE,TRUE,TRUE,TRUE,0,TRUE,FALSE,TRUE,TRUE,TRUE,"","criteria",TRUE,NA
"Asia_109","tuj2kR25W74OJlPwsB0X","paleo1measurement1","trsgi","unitless","ring width","dendrophysical",FALSE,"Asi-MTASMD.Davi.2013","Wood",43.77,142.55,3780,"JAPA008","1.0.7",1,"Summer","positive","air@surface",441,1557,1997,440,1,440,FALSE,TRUE,TRUE,TRUE,TRUE,TRUE,0,TRUE,FALSE,TRUE,TRUE,TRUE,"","criteria",TRUE,NA
"Asia_110","Erb9WY7oK8qawEoIsPYS","paleo1measurement1","trsgi","unitless","ring width","dendrophysical",FALSE,"Asi-RUSS219.Jacoby.2010","Wood",43.88,145.6,3920,"RUSS219","1.0.7",1,"Annual","positive","air@surface",416,1585,2000,415,1,415,FALSE,TRUE,TRUE,TRUE,TRUE,TRUE,0,TRUE,FALSE,TRUE,TRUE,TRUE,"","criteria",TRUE,NA
"Asia_111","SeGZNsoI6yUxngyDQtaj","paleo1measurement1","trsgi","unitless","ring width","dendrophysical",FALSE,"Asi-JAPA020.Kimura.2013","Wood",30.33,130.5,3800,"JAPA020","1.0.7",1,"Summer","positive","air@surface",1999,1,1999,1998,1,1998,FALSE,TRUE,TRUE,TRUE,TRUE,TRUE,0,TRUE,FALSE,TRUE,TRUE,TRUE,"","criteria",TRUE,NA
"Asia_112","bzBZmoCvUpIKjSiAXcHr","paleo1measurement1","trsgi","unitless","ring width","dendrophysical",FALSE,"Asi-JAPA013.Yasue.1997","Wood",44.35,142.18,3700,"JAPA013","1.0.7",1,"Annual","positive","air@surface",425,1575,1999,424,1,424,FALSE,TRUE,TRUE,TRUE,TRUE,TRUE,0,TRUE,FALSE,TRUE,TRUE,TRUE,"","criteria",TRUE,NA
"Asia_113","RAoqC9ue8Dm8YS5d9rBV","paleo1measurement1","trsgi","unitless","ring width","dendrophysical",FALSE,"Asi-JAPA015.Yasue.2013","Wood",43.22,145.47,3780,"JAPA015","1.0.7",1,"Summer","positive","air@surface",488,1511,1998,487,1,487,FALSE,TRUE,TRUE,TRUE,TRUE,TRUE,0,TRUE,FALSE,TRUE,TRUE,TRUE,"","criteria",TRUE,NA
"Asia_114","B6CWMuvNNyz0QeD0CgXP","paleo1measurement1","trsgi","unitless","ring width","dendrophysical",FALSE,"Asi-JAPA016.Yasue.2013","Wood",35.73,138.22,1950,"JAPA016","1.0.7",1,"Summer","positive","air@surface",462,1540,2001,461,1,461,FALSE,TRUE,TRUE,TRUE,TRUE,TRUE,0,TRUE,FALSE,TRUE,TRUE,TRUE,"","criteria",TRUE,NA
"Asia_115","w1x6ja9IhMhBevfIsvg6","paleo1measurement1","trsgi","unitless","ring width","dendrophysical",FALSE,"Asi-JAPA014.Yasue.2013","Wood",43.5,143.2,2050,"JAPA014","1.0.7",1,"Summer","positive","air@surface",511,1487,1997,510,1,510,FALSE,TRUE,TRUE,TRUE,TRUE,TRUE,0,TRUE,FALSE,TRUE,TRUE,TRUE,"","criteria",TRUE,NA
"Asia_116","8DPoLepJNE3wXY4SJa5b","paleo1measurement1","trsgi","unitless","ring width","dendrophysical",FALSE,"Asi-JAPA012.Yasue.1997","Wood",44.95,142.12,2000,"JAPA012","1.0.7",1,"Annual","positive","air@surface",492,1500,1991,491,1,491,FALSE,TRUE,TRUE,TRUE,TRUE,TRUE,0,TRUE,FALSE,TRUE,TRUE,TRUE,"","criteria",TRUE,NA
"Asia_117","jT8V6QDYmiAiYZpNmMcH","paleo1measurement1","trsgi","unitless","ring width","dendrophysical",FALSE,"Asi-YKCOM.Yasue.2013","Wood",30.37,130.53,4060,"JAPA018","1.0.7",1,"Summer","positive","air@surface",926,1080,2005,925,1,925,FALSE,TRUE,TRUE,TRUE,TRUE,TRUE,0,TRUE,FALSE,TRUE,TRUE,TRUE,"","criteria",TRUE,NA
"Asia_118","JTu7TYfE68VvvNEoCV61","paleo1measurement1","trsgi","unitless","ring width","dendrophysical",FALSE,"Asi-JAPA017.Yasue.2013","Wood",30.37,130.53,3500,"JAPA017","1.0.7",1,"Summer","positive","air@surface",923,1080,2002,922,1,922,FALSE,TRUE,TRUE,TRUE,TRUE,TRUE,0,TRUE,FALSE,TRUE,TRUE,TRUE,"","criteria",TRUE,NA
"Asia_119","DAH4hPoHS94a9TCWqzp7","paleo1measurement1","trsgi","unitless","ring width","dendrophysical",FALSE,"Asi-YKC.Yasue.2013","Wood",30.33,130.45,3700,"JAPA018","1.0.7",1,"Summer","positive","air@surface",865,1141,2005,864,1,864,FALSE,TRUE,TRUE,TRUE,TRUE,TRUE,0,TRUE,FALSE,TRUE,TRUE,TRUE,"","criteria",TRUE,NA
"Asia_120","2IY4Y97HK6WzdodzwEci","paleo1measurement1","trsgi","unitless","ring width","dendrophysical",FALSE,"Asi-JAPA019.Sano.2013","Wood",33.73,133.12,3700,"JAPA019","1.0.7",1,"Summer","positive","air@surface",402,1600,2001,401,1,401,FALSE,TRUE,TRUE,TRUE,TRUE,TRUE,0,TRUE,FALSE,TRUE,TRUE,TRUE,"","criteria",TRUE,NA
"Asia_121","NRu3zkQm9Wpmko1gPbhs","paleo1measurement1","trsgi","unitless","ring width","dendrophysical",FALSE,"Asi-KYRG002.Esper.2007","Wood",40.17,72.58,3720,"KYRG002","1.0.8",1,"Annual","positive","air@surface",650,1346,1995,649,1,649,FALSE,TRUE,TRUE,TRUE,TRUE,TRUE,0,TRUE,FALSE,TRUE,TRUE,TRUE,"","criteria",TRUE,NA
"Asia_122","K8isGIt6nQSpFE4vPrwj","paleo1measurement1","trsgi","unitless","ring width","dendrophysical",FALSE,"Asi-KYRG003.Esper.2007","Wood",40.17,72.58,3700,"KYRG003","1.0.8",1,"Annual","positive","air@surface",405,1591,1995,404,1,404,FALSE,TRUE,TRUE,TRUE,TRUE,TRUE,0,TRUE,FALSE,TRUE,TRUE,TRUE,"","criteria",TRUE,NA
"Asia_123","IOxT45xV4Ld3mDghSZKm","paleo1measurement1","trsgi","unitless","ring width","dendrophysical",FALSE,"Asi-KYRG004.Esper.2007","Wood",40.17,72.58,4200,"KYRG004","1.0.8",1,"Annual","positive","air@surface",618,1378,1995,617,1,617,FALSE,TRUE,TRUE,TRUE,TRUE,TRUE,0,TRUE,FALSE,TRUE,TRUE,TRUE,"","criteria",TRUE,NA
"Asia_124","y18mvIWOT64LYUYojwkd","paleo1measurement1","trsgi","unitless","ring width","dendrophysical",FALSE,"Asi-KYRG005.Esper.2007","Wood",40.17,72.58,3950,"KYRG005","1.0.8",1,"Annual","positive","air@surface",680,1316,1995,679,1,679,FALSE,TRUE,TRUE,TRUE,TRUE,TRUE,0,TRUE,FALSE,TRUE,TRUE,TRUE,"","criteria",TRUE,NA
"Asia_125","aDmMeKKdpS9a0VXuqxN7","paleo1measurement1","trsgi","unitless","ring width","dendrophysical",FALSE,"Asi-KYRG007.Esper.2007","Wood",40.17,72.58,4200,"KYRG007","1.0.8",1,"Annual","positive","air@surface",839,1157,1995,838,1,838,FALSE,TRUE,TRUE,TRUE,TRUE,TRUE,0,TRUE,FALSE,TRUE,TRUE,TRUE,"","criteria",TRUE,NA
"Asia_126","FL4Imj2nLengSCZeBCPW","paleo1measurement1","trsgi","unitless","ring width","dendrophysical",FALSE,"Asi-KYRG008.Shiyatov.2013","Wood",40.2,72.58,4100,"KYRG008","1.0.7",1,"Summer","positive","air@surface",576,1420,1995,575,1,575,FALSE,TRUE,TRUE,TRUE,TRUE,TRUE,0,TRUE,FALSE,TRUE,TRUE,TRUE,"","criteria",TRUE,NA
"Asia_127","6QNelUlU5KMdjfhPYjFg","paleo1measurement1","trsgi","unitless","ring width","dendrophysical",FALSE,"Asi-KYRG009.Shiyatov.2013","Wood",39.92,71.47,2900,"KYRG009","1.0.7",1,"Summer","positive","air@surface",977,1019,1995,976,1,976,FALSE,TRUE,TRUE,TRUE,TRUE,TRUE,0,TRUE,FALSE,TRUE,TRUE,TRUE,"","criteria",TRUE,NA
"Asia_128","CmV5QDNMiwWEEjFBn4XD","paleo1measurement1","trsgi","unitless","ring width","dendrophysical",FALSE,"Asi-KYRG010.Shiyatov.2013","Wood",40.17,72.62,3000,"KYRG010","1.0.7",1,"Summer","positive","air@surface",569,1427,1995,568,1,568,FALSE,TRUE,TRUE,TRUE,TRUE,TRUE,0,TRUE,FALSE,TRUE,TRUE,TRUE,"","criteria",TRUE,NA
"Asia_129","MgwNk5olNXVH7VMzR7g5","paleo1measurement1","trsgi","unitless","ring width","dendrophysical",FALSE,"Asi-KYRG011.Shiyatov.2013","Wood",39.83,71.5,4400,"KYRG011","1.0.7",1,"Annual","positive","air@surface",1302,694,1995,1301,1,1301,FALSE,TRUE,TRUE,TRUE,TRUE,TRUE,0,TRUE,FALSE,TRUE,TRUE,TRUE,"","criteria",TRUE,NA
"Asia_130","NHrYzCQqccNWT2zY318c","paleo1measurement1","trsgi","unitless","ring width","dendrophysical",FALSE,"Asi-SHIYAT.PAGES2k.2013","Wood",39.83,71.5,0,"SHIYAT","1.0.7",1,"Summer","positive","air@surface",1126,870,1995,1125,1,1125,FALSE,TRUE,TRUE,TRUE,TRUE,TRUE,0,TRUE,FALSE,TRUE,TRUE,TRUE,"","criteria",TRUE,NA
"Asia_131","JKjse5o67oW1dMhaKwAK","paleo1measurement1","trsgi","unitless","ring width","dendrophysical",FALSE,"Asi-ESPERG.PAGES2k.2013","Wood",40.17,72.58,2500,"ESPERG","1.0.7",1,"Summer","positive","air@surface",656,1340,1995,655,1,655,FALSE,TRUE,TRUE,TRUE,TRUE,TRUE,0,TRUE,FALSE,TRUE,TRUE,TRUE,"","criteria",TRUE,NA
"Asia_132","m8aIPfDi8JZeFQ2nj4dU","paleo1measurement1","trsgi","unitless","ring width","dendrophysical",FALSE,"Asi-SHIESP.PAGES2k.2013","Wood",39.83,71.5,1350,"SHIESP","1.0.7",1,"Summer","positive","air@surface",656,1340,1995,655,1,655,FALSE,TRUE,TRUE,TRUE,TRUE,TRUE,0,TRUE,FALSE,TRUE,TRUE,TRUE,"","criteria",FALSE,"cross-dataset"
"Asia_133","KN8NJdYzPFCenpHWW2lB","paleo1measurement1","trsgi","unitless","ring width","dendrophysical",FALSE,"Asi-RUSS236.Sano.2009","Wood",55,160.5,1350,"RUSS236","1.0.7",1,"Summer","positive","air@surface",422,1580,2001,421,1,421,FALSE,TRUE,TRUE,TRUE,TRUE,TRUE,0,TRUE,FALSE,TRUE,TRUE,TRUE,"","criteria",TRUE,NA
"Asia_134","7CrIR2Bi9kpp3VncVMoY","paleo1measurement1","trsgi","unitless","ring width","dendrophysical",FALSE,"Asi-KAZ001.Solomina.2010","Wood",43.35,77.35,4300,"KAZ001","1.0.7",1,"Apr","positive","air@surface",432,1570,2001,431,1,431,FALSE,TRUE,TRUE,TRUE,TRUE,TRUE,0,TRUE,FALSE,TRUE,TRUE,TRUE,"","criteria",TRUE,NA
"Asia_135","GzbLnmRjeGi3RRDDsEAM","paleo1measurement1","trsgi","unitless","ring width","dendrophysical",FALSE,"Asi-KYRG012.Solomina.2013","Wood",42.2,79.05,4000,"KYRG012","1.0.7",1,"Summer","positive","air@surface",556,1450,2005,555,1,555,FALSE,TRUE,TRUE,TRUE,TRUE,TRUE,0,TRUE,FALSE,TRUE,TRUE,TRUE,"","criteria",TRUE,NA
"Asia_136","PmBcVJGFaUGVM08G5KVV","paleo1measurement1","trsgi","unitless","ring width","dendrophysical",FALSE,"Asi-KYRG013.Solomina.2013","Wood",42.15,79.47,320,"KYRG013","1.0.7",1,"Summer","positive","air@surface",705,1301,2005,704,1,704,FALSE,TRUE,TRUE,TRUE,TRUE,TRUE,0,TRUE,FALSE,TRUE,TRUE,TRUE,"","criteria",TRUE,NA
"Asia_137","jUVn2bEiK9f3zuVYo6wg","paleo1measurement1","trsgi","unitless","ring width","dendrophysical",FALSE,"Asi-KYRG014.Solomina.2013","Wood",42.42,78.97,69,"KYRG014","1.0.7",1,"Summer","positive","air@surface",455,1551,2005,454,1,454,FALSE,TRUE,TRUE,TRUE,TRUE,TRUE,0,TRUE,FALSE,TRUE,TRUE,TRUE,"","criteria",TRUE,NA
"Asia_138","YxYBf9XC7Yb860kOEXQo","paleo1measurement1","trsgi","unitless","ring width","dendrophysical",FALSE,"Asi-KYRG015.Solomina.2013","Wood",42.15,79.45,2200,"KYRG015","1.0.7",1,"Summer","positive","air@surface",478,1528,2005,477,1,477,FALSE,TRUE,TRUE,TRUE,TRUE,TRUE,0,TRUE,FALSE,TRUE,TRUE,TRUE,"","criteria",TRUE,NA
"Asia_139","I3wbJhkh5071MQhf51tP","paleo1measurement1","trsgi","unitless","ring width","dendrophysical",FALSE,"Asi-MONG016.Jacoby.2010","Wood",48.6,88.37,880,"MONG016","1.0.7",1,"Annual","positive","air@surface",536,1469,2004,535,1,535,FALSE,TRUE,TRUE,TRUE,TRUE,TRUE,0,TRUE,FALSE,TRUE,TRUE,TRUE,"","criteria",TRUE,NA
"Asia_140","dUjWwNMTC4zP0wWzvi7j","paleo1measurement1","trsgi","unitless","ring width","dendrophysical",FALSE,"Asi-MONG027.Jacoby.2010","Wood",46.32,101.32,300,"MONG027","1.0.7",1,"Annual","positive","air@surface",403,1599,2001,402,1,402,FALSE,TRUE,TRUE,TRUE,TRUE,TRUE,0,TRUE,FALSE,TRUE,TRUE,TRUE,"","criteria",TRUE,NA
"Asia_141","u5hI5TXCHH7TBtuc4Og5","paleo1measurement1","trsgi","unitless","ring width","dendrophysical",FALSE,"Asi-MONG017.Jacoby.2010","Wood",49.97,91,1100,"MONG017","1.0.7",1,"Annual","positive","air@surface",656,1350,2005,655,1,655,FALSE,TRUE,TRUE,TRUE,TRUE,TRUE,0,TRUE,FALSE,TRUE,TRUE,TRUE,"","criteria",TRUE,NA
"Asia_142","3wqstdqDPx1wGnPnqGTj","paleo1measurement1","trsgi","unitless","ring width","dendrophysical",FALSE,"Asi-MONG018.Jacoby.2010","Wood",49.97,90.98,1300,"MONG018","1.0.7",1,"Annual","positive","air@surface",487,1519,2005,486,1,486,FALSE,TRUE,TRUE,TRUE,TRUE,TRUE,0,TRUE,FALSE,TRUE,TRUE,TRUE,"","criteria",TRUE,NA
"Asia_143","ZqTsW2daCt3UigOHbIR6","paleo1measurement1","trsgi","unitless","ring width","dendrophysical",FALSE,"Asi-MONG019.Jacoby.2010","Wood",47.1,90.97,1100,"MONG019","1.0.7",1,"Annual","positive","air@surface",630,1375,2004,629,1,629,FALSE,TRUE,TRUE,TRUE,TRUE,TRUE,0,TRUE,FALSE,TRUE,TRUE,TRUE,"","criteria",TRUE,NA
"Asia_144","8uMaCuA2MPwcE1DNr2If","paleo1measurement1","trsgi","unitless","ring width","dendrophysical",FALSE,"Asi-MONG020.Jacoby.2010","Wood",48.27,88.87,2400,"MONG020","1.0.7",1,"Annual","positive","air@surface",469,1537,2005,468,1,468,FALSE,TRUE,TRUE,TRUE,TRUE,TRUE,0,TRUE,FALSE,TRUE,TRUE,TRUE,"","criteria",TRUE,NA
"Asia_145","PjnwABQvHCXkWyYACqXp","paleo1measurement1","trsgi","unitless","ring width","dendrophysical",FALSE,"Asi-MONG021.Jacoby.2010","Wood",48.35,107.47,2900,"MONG021","1.0.7",1,"Annual","positive","air@surface",1007,996,2002,1006,1,1006,FALSE,TRUE,TRUE,TRUE,TRUE,TRUE,0,TRUE,FALSE,TRUE,TRUE,TRUE,"","criteria",TRUE,NA
"Asia_146","Rm0QqAgxw71ArkqiS8ek","paleo1measurement1","trsgi","unitless","ring width","dendrophysical",FALSE,"Asi-MONG033.Jacoby.2010","Wood",49.37,94.88,2800,"MONG033","1.0.7",1,"Annual","positive","air@surface",448,1550,1997,447,1,447,FALSE,TRUE,TRUE,TRUE,TRUE,TRUE,0,TRUE,FALSE,TRUE,TRUE,TRUE,"","criteria",TRUE,NA
"Asia_147","LAvagFfBNZAzxR3EZxm8","paleo1measurement1","trsgi","unitless","ring width","dendrophysical",FALSE,"Asi-MONG009.Jacoby.2013","Wood",49.92,91.57,2800,"MONG009","1.0.7",1,"Summer","positive","air@surface",673,1326,1998,672,1,672,FALSE,TRUE,TRUE,TRUE,TRUE,TRUE,0,TRUE,FALSE,TRUE,TRUE,TRUE,"","criteria",TRUE,NA
"Asia_148","i9PbNavrb8X8I4V6Ws5x","paleo1measurement1","trsgi","unitless","ring width","dendrophysical",FALSE,"Asi-MONG015.Jacoby.2013","Wood",48.17,99.87,3200,"MONG015","1.0.7",1,"Summer","positive","air@surface",661,1340,2000,660,1,660,FALSE,TRUE,TRUE,TRUE,TRUE,TRUE,0,TRUE,FALSE,TRUE,TRUE,TRUE,"","criteria",TRUE,NA
"Asia_149","ELOH0Ha3IfZ80mI0q31i","paleo1measurement1","trsgi","unitless","ring width","dendrophysical",FALSE,"Asi-MONG024.Jacoby.2010","Wood",48.5,88.5,3000,"MONG024","1.0.7",1,"Annual","positive","air@surface",790,1215,2004,789,1,789,FALSE,TRUE,TRUE,TRUE,TRUE,TRUE,0,TRUE,FALSE,TRUE,TRUE,TRUE,"","criteria",TRUE,NA
"Asia_150","uk6MUs0oO234lZixr2nu","paleo1measurement1","trsgi","unitless","ring width","dendrophysical",FALSE,"Asi-MONG025.Jacoby.2010","Wood",48.7,88.8,4400,"MONG025","1.0.7",1,"Annual","positive","air@surface",440,1565,2004,439,1,439,FALSE,TRUE,TRUE,TRUE,TRUE,TRUE,0,TRUE,FALSE,TRUE,TRUE,TRUE,"","criteria",TRUE,NA
"Asia_151","YEiUWzNlrALSq4mn4qjz","paleo1measurement1","trsgi","unitless","ring width","dendrophysical",FALSE,"Asi-MONG026.Jacoby.2010","Wood",46.82,100.12,4400,"MONG026","1.0.7",1,"Annual","positive","air@surface",592,1411,2002,591,1,591,FALSE,TRUE,TRUE,TRUE,TRUE,TRUE,0,TRUE,FALSE,TRUE,TRUE,TRUE,"","criteria",TRUE,NA
"Asia_152","HyJec1qE7ESWd7ujsmYf","paleo1measurement1","trsgi","unitless","ring width","dendrophysical",FALSE,"Asi-MONG002.Jacoby.2013","Wood",47.77,107,5900,"MONG002","1.0.7",1,"Summer","positive","air@surface",489,1506,1994,488,1,488,FALSE,TRUE,TRUE,TRUE,TRUE,TRUE,0,TRUE,FALSE,TRUE,TRUE,TRUE,"","criteria",TRUE,NA
"Asia_153","AKjsgAMA8FysCBknaNaT","paleo1measurement1","trsgi","unitless","ring width","dendrophysical",FALSE,"Asi-MONG028.Jacoby.2010","Wood",48.83,111.68,1700,"MONG028","1.0.7",1,"Annual","positive","air@surface",426,1576,2001,425,1,425,FALSE,TRUE,TRUE,TRUE,TRUE,TRUE,0,TRUE,FALSE,TRUE,TRUE,TRUE,"","criteria",TRUE,NA
"Asia_154","551H7FakdiULajYNeoJp","paleo1measurement1","trsgi","unitless","ring width","dendrophysical",FALSE,"Asi-MONG029.Jacoby.2010","Wood",49.87,91.43,1700,"MONG029","1.0.7",1,"Annual","positive","air@surface",750,1249,1998,749,1,749,FALSE,TRUE,TRUE,TRUE,TRUE,TRUE,0,TRUE,FALSE,TRUE,TRUE,TRUE,"","criteria",TRUE,NA
"Asia_155","sJ1ONRlN6apyhXM2acWD","paleo1measurement1","trsgi","unitless","ring width","dendrophysical",FALSE,"Asi-SODAPS.PAGES2k.2013","Wood",48.3,98.93,2500,"SODAPS","1.0.7",1,"Summer","positive","air@surface",1954,46,1999,1953,1,1953,FALSE,TRUE,TRUE,TRUE,TRUE,TRUE,0,TRUE,FALSE,TRUE,TRUE,TRUE,"","criteria",TRUE,NA
"Asia_156","K14PLJlIfsZq0JvVYIg8","paleo1measurement1","trsgi","unitless","ring width","dendrophysical",FALSE,"Asi-MONG030.Jacoby.2010","Wood",49.38,94.88,4200,"MONG030","1.0.7",1,"Annual","positive","air@surface",567,1432,1998,566,1,566,FALSE,TRUE,TRUE,TRUE,TRUE,TRUE,0,TRUE,FALSE,TRUE,TRUE,TRUE,"","criteria",TRUE,NA
"Asia_157","ITjC8I2dpNtQwjcjmtOT","paleo1measurement1","trsgi","unitless","ring width","dendrophysical",FALSE,"Asi-MONG010.Jacoby.2013","Wood",47.27,100.03,4100,"MONG010","1.0.7",1,"Summer","positive","air@surface",637,1363,1999,636,1,636,FALSE,TRUE,TRUE,TRUE,TRUE,TRUE,0,TRUE,FALSE,TRUE,TRUE,TRUE,"","criteria",TRUE,NA
"Asia_158","1tE42D6yXrssKXRZ0RO1","paleo1measurement1","trsgi","unitless","ring width","dendrophysical",FALSE,"Asi-MONG014.Jacoby.2013","Wood",47.43,100.42,4100,"MONG014","1.0.7",1,"Summer","positive","air@surface",446,1557,2002,445,1,445,FALSE,TRUE,TRUE,TRUE,TRUE,TRUE,0,TRUE,FALSE,TRUE,TRUE,TRUE,"","criteria",TRUE,NA
"Asia_159","tEiRUO7KXMqJncIJY2Dj","paleo1measurement1","trsgi","unitless","ring width","dendrophysical",FALSE,"Asi-MONG007.Schweingruber.2013","Wood",49.7,91.55,2827,"MONG007","1.0.7",1,"Summer","positive","air@surface",426,1570,1995,425,1,425,FALSE,TRUE,TRUE,TRUE,TRUE,TRUE,0,TRUE,FALSE,TRUE,TRUE,TRUE,"","criteria",TRUE,NA
"Asia_160","AZeU1EoQlYcQI140DSyN","paleo1measurement1","trsgi","unitless","ring width","dendrophysical",FALSE,"Asi-MONG012.Jacoby.2006","Wood",48.98,103.22,2950,"MONG012","1.0.7",1,"Annual","positive","air@surface",492,1511,2002,491,1,491,FALSE,TRUE,TRUE,TRUE,TRUE,TRUE,0,TRUE,FALSE,TRUE,TRUE,TRUE,"","criteria",TRUE,NA
"Asia_161","iEFPEOWatKn8uKKYwVzz","paleo1measurement1","trsgi","unitless","ring width","dendrophysical",FALSE,"Asi-MONG031.Jacoby.2010","Wood",48.25,97.4,3010,"MONG031","1.0.7",1,"Summer","positive","air@surface",483,1516,1998,482,1,482,FALSE,TRUE,TRUE,TRUE,TRUE,TRUE,0,TRUE,FALSE,TRUE,TRUE,TRUE,"","criteria",TRUE,NA
"Asia_162","vHCsItVB8QoYaPvnm5fG","paleo1measurement1","trsgi","unitless","ring width","dendrophysical",FALSE,"Asi-MONG006.Jacoby.2006","Wood",47.78,107.5,3050,"MONG006","1.0.7",1,"Annual","positive","air@surface",415,1582,1996,414,1,414,FALSE,TRUE,TRUE,TRUE,TRUE,TRUE,0,TRUE,FALSE,TRUE,TRUE,TRUE,"","criteria",TRUE,NA
"Asia_163","03eOxNMUzDCSVIFCSv10","paleo1measurement1","trsgi","unitless","ring width","dendrophysical",FALSE,"Asi-MONG011.Jacoby.2006","Wood",48.13,100.27,3700,"MONG011","1.0.7",1,"Annual","positive","air@surface",489,1513,2001,488,1,488,FALSE,TRUE,TRUE,TRUE,TRUE,TRUE,0,TRUE,FALSE,TRUE,TRUE,TRUE,"","criteria",TRUE,NA
"Asia_164","64U1CnOFgWJIOF0QafN0","paleo1measurement1","trsgi","unitless","ring width","dendrophysical",FALSE,"Asi-MONG032.Jacoby.2010","Wood",46.52,100.95,3600,"MONG032","1.0.7",1,"Summer","positive","air@surface",663,1340,2002,662,1,662,FALSE,TRUE,TRUE,TRUE,TRUE,TRUE,0,TRUE,FALSE,TRUE,TRUE,TRUE,"","criteria",TRUE,NA
"Asia_165","Y3gf5E5h4kwIMkh2gGqq","paleo1measurement1","trsgi","unitless","ring width","dendrophysical",FALSE,"Asi-Hushre.PAGES2k.2013","Wood",46.78,101.95,3700,"Hushre","1.0.7",1,"Summer","positive","air@surface",507,1503,2009,506,1,506,FALSE,TRUE,TRUE,TRUE,TRUE,TRUE,0,TRUE,FALSE,TRUE,TRUE,TRUE,"","criteria",TRUE,NA
"Asia_166","tV7IhQV7iCmDEH0wLcqA","paleo1measurement1","trsgi","unitless","ring width","dendrophysical",FALSE,"Asi-MONG004.Jacoby.2013","Wood",47.95,107.45,3700,"MONG004","1.0.7",1,"Summer","positive","air@surface",413,1590,2002,412,1,412,FALSE,TRUE,TRUE,TRUE,TRUE,TRUE,0,TRUE,FALSE,TRUE,TRUE,TRUE,"","criteria",TRUE,NA
"Asia_167","ubYHbZ1fG1qjGdPdmCCl","paleo1measurement1","trsgi","unitless","ring width","dendrophysical",FALSE,"Asi-NEPA003.Krusic.2013","Wood",29.48,82.08,3700,"NEPA003","1.0.7",1,"Summer","positive","air@surface",578,1420,1997,577,1,577,FALSE,TRUE,TRUE,TRUE,TRUE,TRUE,0,TRUE,FALSE,TRUE,TRUE,TRUE,"","criteria",TRUE,NA
"Asia_168","Ddt59WDSNCeNhbpkKvHC","paleo1measurement1","trsgi","unitless","ring width","dendrophysical",FALSE,"Asi-NEPA010.Krusic.2013","Wood",27.7,86.45,3700,"NEPA010","1.0.7",1,"Summer","positive","air@surface",582,1417,1998,581,1,581,FALSE,TRUE,TRUE,TRUE,TRUE,TRUE,0,TRUE,FALSE,TRUE,TRUE,TRUE,"","criteria",TRUE,NA
"Asia_169","zq7DUsRaMEyMTMS8PJAj","paleo1measurement1","trsgi","unitless","ring width","dendrophysical",FALSE,"Asi-NEPA014.Krusic.2013","Wood",27.7,86.28,3400,"NEPA014","1.0.7",1,"Summer","positive","air@surface",453,1546,1998,452,1,452,FALSE,TRUE,TRUE,TRUE,TRUE,TRUE,0,TRUE,FALSE,TRUE,TRUE,TRUE,"","criteria",TRUE,NA
"Asia_170","Gh9Sz9J3NYLp8djsSXui","paleo1measurement1","trsgi","unitless","ring width","dendrophysical",FALSE,"Asi-NEPA015.Krusic.2013","Wood",28.38,83.7,3600,"NEPA015","1.0.7",1,"Summer","positive","air@surface",603,1395,1997,602,1,602,FALSE,TRUE,TRUE,TRUE,TRUE,TRUE,0,TRUE,FALSE,TRUE,TRUE,TRUE,"","criteria",TRUE,NA
"Asia_171","ZWOa6ueu14raAhW4vcCT","paleo1measurement1","trsgi","unitless","ring width","dendrophysical",FALSE,"Asi-NEPA018.Krusic.2013","Wood",27.73,86.33,3600,"NEPA018","1.0.7",1,"Summer","positive","air@surface",554,1445,1998,553,1,553,FALSE,TRUE,TRUE,TRUE,TRUE,TRUE,0,TRUE,FALSE,TRUE,TRUE,TRUE,"","criteria",TRUE,NA
"Asia_172","3a49ejoHRBvU1Ypm8b3r","paleo1measurement1","trsgi","unitless","ring width","dendrophysical",FALSE,"Asi-NEPA019.Krusic.2013","Wood",29.47,82.12,6400,"NEPA019","1.0.7",1,"Summer","positive","air@surface",468,1530,1997,467,1,467,FALSE,TRUE,TRUE,TRUE,TRUE,TRUE,0,TRUE,FALSE,TRUE,TRUE,TRUE,"","criteria",TRUE,NA
"Asia_173","H0YHjezS0husC8d7ZrHu","paleo1measurement1","trsgi","unitless","ring width","dendrophysical",FALSE,"Asi-NEPA025.Krusic.2013","Wood",29.52,82.03,4000,"NEPA025","1.0.7",1,"Summer","positive","air@surface",432,1566,1997,431,1,431,FALSE,TRUE,TRUE,TRUE,TRUE,TRUE,0,TRUE,FALSE,TRUE,TRUE,TRUE,"","criteria",TRUE,NA
"Asia_174","Lewlek5yN3RbaWwhzlVu","paleo1measurement1","trsgi","unitless","ring width","dendrophysical",FALSE,"Asi-NEPA029.Krusic.2013","Wood",28.18,85.43,4000,"NEPA029","1.0.7",1,"Summer","positive","air@surface",436,1559,1994,435,1,435,FALSE,TRUE,TRUE,TRUE,TRUE,TRUE,0,TRUE,FALSE,TRUE,TRUE,TRUE,"","criteria",TRUE,NA
"Asia_175","X4CYJlOVa4LdS3QqVTMB","paleo1measurement1","trsgi","unitless","ring width","dendrophysical",FALSE,"Asi-NEPA030.Krusic.2013","Wood",27.78,87.27,3200,"NEPA030","1.0.7",1,"Summer","positive","air@surface",1141,856,1996,1140,1,1140,FALSE,TRUE,TRUE,TRUE,TRUE,TRUE,0,TRUE,FALSE,TRUE,TRUE,TRUE,"","criteria",TRUE,NA
"Asia_176","U2xmCm4GC3Bq8Q4MwLjk","paleo1measurement1","trsgi","unitless","ring width","dendrophysical",FALSE,"Asi-NEPA032.Krusic.2013","Wood",27.67,87.2,3300,"NEPA032","1.0.7",1,"Summer","positive","air@surface",451,1546,1996,450,1,450,FALSE,TRUE,TRUE,TRUE,TRUE,TRUE,0,TRUE,FALSE,TRUE,TRUE,TRUE,"","criteria",TRUE,NA
"Asia_177","EI3zmahXZj7BQJ3Mt35n","paleo1measurement1","trsgi","unitless","ring width","dendrophysical",FALSE,"Asi-NEPA036.Krusic.2013","Wood",27.73,87.2,2300,"NEPA036","1.0.7",1,"Summer","positive","air@surface",488,1509,1996,487,1,487,FALSE,TRUE,TRUE,TRUE,TRUE,TRUE,0,TRUE,FALSE,TRUE,TRUE,TRUE,"","criteria",TRUE,NA
"Asia_178","9p2uIXyemrttLQzXWRMa","paleo1measurement1","trsgi","unitless","ring width","dendrophysical",FALSE,"Asi-BURGPW.PAGES2k.2013","Wood",28.77,83.73,2500,"BURGPW","1.0.7",1,"Summer","positive","air@surface",694,1303,1996,693,1,693,FALSE,TRUE,TRUE,TRUE,TRUE,TRUE,0,TRUE,FALSE,TRUE,TRUE,TRUE,"","criteria",TRUE,NA
"Asia_179","uLf3eyV8DU6lVY5ENWNe","paleo1measurement1","trsgi","unitless","ring width","dendrophysical",FALSE,"Asi-NEPA021.Krusic.2013","Wood",27.5,88.02,3400,"NEPA021","1.0.7",1,"Summer","positive","air@surface",475,1525,1999,474,1,474,FALSE,TRUE,TRUE,TRUE,TRUE,TRUE,0,TRUE,FALSE,TRUE,TRUE,TRUE,"","criteria",TRUE,NA
"Asia_180","LdI5WbNehxNaigjUwKjh","paleo1measurement1","trsgi","unitless","ring width","dendrophysical",FALSE,"Asi-NEPA027.Krusic.2013","Wood",27.5,87.98,3300,"NEPA027","1.0.7",1,"Summer","positive","air@surface",439,1561,1999,438,1,438,FALSE,TRUE,TRUE,TRUE,TRUE,TRUE,0,TRUE,FALSE,TRUE,TRUE,TRUE,"","criteria",TRUE,NA
"Asia_181","MRWqALpwtfi6abJ82mWe","paleo1measurement1","trsgi","unitless","ring width","dendrophysical",FALSE,"Asi-NEPA042.Krusic.2010","Wood",27.83,88.02,3300,"NEPA042","1.0.7",1,"Annual","positive","air@surface",500,1500,1999,499,1,499,FALSE,TRUE,TRUE,TRUE,TRUE,TRUE,0,TRUE,FALSE,TRUE,TRUE,TRUE,"","criteria",TRUE,NA
"Asia_182","1dYIzVrusmDrkqqYzdiO","paleo1measurement1","trsgi","unitless","ring width","dendrophysical",FALSE,"Asi-ENEPAB.PAGES2k.2013","Wood",27.73,87.2,3300,"ENEPAB","1.0.7",1,"Summer","positive","air@surface",491,1509,1999,490,1,490,FALSE,TRUE,TRUE,TRUE,TRUE,TRUE,0,TRUE,FALSE,TRUE,TRUE,TRUE,"","criteria",TRUE,NA
"Asia_183","oqTSw7Op6mD3PZ5xTpyv","paleo1measurement1","trsgi","unitless","ring width","dendrophysical",FALSE,"Asi-ESPPAK.PAGES2k.2013","Wood",35.17,75.5,2000,"ESPPAK","1.0.7",1,"Summer","positive","air@surface",1294,700,1993,1293,1,1293,FALSE,TRUE,TRUE,TRUE,TRUE,TRUE,0,TRUE,FALSE,TRUE,TRUE,TRUE,"","criteria",TRUE,NA
"Asia_184","vmgssVMYjMNoXzK3qV99","paleo1measurement1","trsgi","unitless","ring width","dendrophysical",FALSE,"Asi-PAKI017.Cook.2013","Wood",35.33,74.8,3300,"PAKI017","1.0.7",1,"Summer","positive","air@surface",501,1505,2005,500,1,500,FALSE,TRUE,TRUE,TRUE,TRUE,TRUE,0,TRUE,FALSE,TRUE,TRUE,TRUE,"","criteria",TRUE,NA
"Asia_185","W6abRtcUggNvGlJFdVYF","paleo1measurement1","trsgi","unitless","ring width","dendrophysical",FALSE,"Asi-PAKI018.Cook.2013","Wood",35.33,74.8,3200,"PAKI018","1.0.7",1,"Summer","positive","air@surface",689,1317,2005,688,1,688,FALSE,TRUE,TRUE,TRUE,TRUE,TRUE,0,TRUE,FALSE,TRUE,TRUE,TRUE,"","criteria",TRUE,NA
"Asia_186","SZwkJSGnTyuHh8sOKSUA","paleo1measurement1","trsgi","unitless","ring width","dendrophysical",FALSE,"Asi-PAKI001.Esper.2007","Wood",36.03,74.58,3200,"PAKI001","1.0.8",1,"Annual","positive","air@surface",401,1593,1993,400,1,400,FALSE,TRUE,TRUE,TRUE,TRUE,TRUE,0,TRUE,FALSE,TRUE,TRUE,TRUE,"","criteria",TRUE,NA
"Asia_187","KRxIsRfmVZl7GM3ITIEk","paleo1measurement1","trsgi","unitless","ring width","dendrophysical",FALSE,"Asi-PAKI002.Esper.2007","Wood",36.03,74.58,5000,"PAKI002","1.0.8",1,"Annual","positive","air@surface",625,1369,1993,624,1,624,FALSE,TRUE,TRUE,TRUE,TRUE,TRUE,0,TRUE,FALSE,TRUE,TRUE,TRUE,"","criteria",TRUE,NA
"Asia_188","TUj8FyQp9gmydMgwqTE7","paleo1measurement1","trsgi","unitless","ring width","dendrophysical",FALSE,"Asi-PAKI003.Esper.2007","Wood",36.03,74.58,3300,"PAKI003","1.0.8",1,"Annual","positive","air@surface",556,1438,1993,555,1,555,FALSE,TRUE,TRUE,TRUE,TRUE,TRUE,0,TRUE,FALSE,TRUE,TRUE,TRUE,"","criteria",TRUE,NA
"Asia_189","g9wLSglzv0bJPCCcTGit","paleo1measurement1","trsgi","unitless","ring width","dendrophysical",FALSE,"Asi-PAKI004.Esper.2007","Wood",36.03,74.58,3800,"PAKI004","1.0.8",1,"Annual","positive","air@surface",754,1240,1993,753,1,753,FALSE,TRUE,TRUE,TRUE,TRUE,TRUE,0,TRUE,FALSE,TRUE,TRUE,TRUE,"","criteria",TRUE,NA
"Asia_190","bOS0IAbSvDxtjuCvOIyQ","paleo1measurement1","trsgi","unitless","ring width","dendrophysical",FALSE,"Asi-PAKI020.Cook.2013","Wood",35.68,71.63,3000,"PAKI020","1.0.7",1,"Summer","positive","air@surface",596,1411,2006,595,1,595,FALSE,TRUE,TRUE,TRUE,TRUE,TRUE,0,TRUE,FALSE,TRUE,TRUE,TRUE,"","criteria",TRUE,NA
"Asia_191","oHOsN3BmcoSORSITOLV9","paleo1measurement1","trsgi","unitless","ring width","dendrophysical",FALSE,"Asi-PAKI021.Cook.2013","Wood",35.68,71.63,3450,"PAKI021","1.0.7",1,"Summer","positive","air@surface",604,1403,2006,603,1,603,FALSE,TRUE,TRUE,TRUE,TRUE,TRUE,0,TRUE,FALSE,TRUE,TRUE,TRUE,"","criteria",TRUE,NA
"Asia_192","JNMoDwdUMymuv7yCciJG","paleo1measurement1","trsgi","unitless","ring width","dendrophysical",FALSE,"Asi-PAKI022.Cook.2013","Wood",35.9,71.73,3600,"PAKI022","1.0.7",1,"Summer","positive","air@surface",470,1537,2006,469,1,469,FALSE,TRUE,TRUE,TRUE,TRUE,TRUE,0,TRUE,FALSE,TRUE,TRUE,TRUE,"","criteria",TRUE,NA
"Asia_193","wnA8oYOXEEmvrdNP9XZ2","paleo1measurement1","trsgi","unitless","ring width","dendrophysical",FALSE,"Asi-PAKI023.Cook.2013","Wood",35.9,71.73,3000,"PAKI023","1.0.7",1,"Summer","positive","air@surface",747,1260,2006,746,1,746,FALSE,TRUE,TRUE,TRUE,TRUE,TRUE,0,TRUE,FALSE,TRUE,TRUE,TRUE,"","criteria",TRUE,NA
"Asia_194","tiHRKW6wnGQ22u50mEgz","paleo1measurement1","trsgi","unitless","ring width","dendrophysical",FALSE,"Asi-PAKI024.Cook.2013","Wood",35.03,74.58,1830,"PAKI024","1.0.7",1,"Summer","positive","air@surface",612,1394,2005,611,1,611,FALSE,TRUE,TRUE,TRUE,TRUE,TRUE,0,TRUE,FALSE,TRUE,TRUE,TRUE,"","criteria",TRUE,NA
"Asia_195","Q00H9XZPS192HlebSppz","paleo1measurement1","trsgi","unitless","ring width","dendrophysical",FALSE,"Asi-PAKI006.Esper.2007","Wood",36.33,74.03,3500,"PAKI006","1.0.8",1,"Annual","positive","air@surface",962,1032,1993,961,1,961,FALSE,TRUE,TRUE,TRUE,TRUE,TRUE,0,TRUE,FALSE,TRUE,TRUE,TRUE,"","criteria",TRUE,NA
"Asia_196","j2XoE4TEe53dpBCFWYn7","paleo1measurement1","trsgi","unitless","ring width","dendrophysical",FALSE,"Asi-PAKI007.Esper.2007","Wood",36.33,74.03,3330,"PAKI007","1.0.8",1,"Annual","positive","air@surface",853,1141,1993,852,1,852,FALSE,TRUE,TRUE,TRUE,TRUE,TRUE,0,TRUE,FALSE,TRUE,TRUE,TRUE,"","criteria",TRUE,NA
"Asia_197","uq1v2wsZoSZXfcmHepg7","paleo1measurement1","trsgi","unitless","ring width","dendrophysical",FALSE,"Asi-PAKI025.Cook.2013","Wood",35.45,74.78,2760,"PAKI025","1.0.7",1,"Summer","positive","air@surface",718,1290,2007,717,1,717,FALSE,TRUE,TRUE,TRUE,TRUE,TRUE,0,TRUE,FALSE,TRUE,TRUE,TRUE,"","criteria",TRUE,NA
"Asia_198","bheHQ09dfhEAifRIO86q","paleo1measurement1","trsgi","unitless","ring width","dendrophysical",FALSE,"Asi-PAKI027.Cook.2013","Wood",35.35,71.93,2670,"PAKI027","1.0.7",1,"Summer","positive","air@surface",496,1511,2006,495,1,495,FALSE,TRUE,TRUE,TRUE,TRUE,TRUE,0,TRUE,FALSE,TRUE,TRUE,TRUE,"","criteria",TRUE,NA
"Asia_199","2jSzovGXJL0lmYBVej1x","paleo1measurement1","trsgi","unitless","ring width","dendrophysical",FALSE,"Asi-PAKI028.Cook.2013","Wood",35.4,74.12,2880,"PAKI028","1.0.7",1,"Summer","positive","air@surface",449,1559,2007,448,1,448,FALSE,TRUE,TRUE,TRUE,TRUE,TRUE,0,TRUE,FALSE,TRUE,TRUE,TRUE,"","criteria",TRUE,NA
"Asia_200","aiEEshELkQ4Q2oewsYIA","paleo1measurement1","trsgi","unitless","ring width","dendrophysical",FALSE,"Asi-PAKI029.Cook.2013","Wood",35.83,74.33,3200,"PAKI029","1.0.7",1,"Summer","positive","air@surface",486,1523,2008,485,1,485,FALSE,TRUE,TRUE,TRUE,TRUE,TRUE,0,TRUE,FALSE,TRUE,TRUE,TRUE,"","criteria",TRUE,NA
"Asia_201","mugPZ4zXAkDBRzby7nZp","paleo1measurement1","trsgi","unitless","ring width","dendrophysical",FALSE,"Asi-PAKI030.Cook.2013","Wood",35.88,74.18,3630,"PAKI030","1.0.7",1,"Summer","positive","air@surface",435,1574,2008,434,1,434,FALSE,TRUE,TRUE,TRUE,TRUE,TRUE,0,TRUE,FALSE,TRUE,TRUE,TRUE,"","criteria",TRUE,NA
"Asia_202","uy9ZDDGKKeP7WmhBAzmX","paleo1measurement1","trsgi","unitless","ring width","dendrophysical",FALSE,"Asi-PAKI009.Esper.2007","Wood",36.58,75.08,1500,"PAKI009","1.0.8",1,"Summer","positive","air@surface",1515,476,1990,1514,1,1514,FALSE,TRUE,TRUE,TRUE,TRUE,TRUE,0,TRUE,FALSE,TRUE,TRUE,TRUE,"","criteria",TRUE,NA
"Asia_203","cpY8Rq8vaadbJeu2yL1G","paleo1measurement1","trsgi","unitless","ring width","dendrophysical",FALSE,"Asi-PAKI010.Esper.2007","Wood",36.58,75.08,3740,"PAKI010","1.0.8",1,"Summer","positive","air@surface",1023,968,1990,1022,1,1022,FALSE,TRUE,TRUE,TRUE,TRUE,TRUE,0,TRUE,FALSE,TRUE,TRUE,TRUE,"","criteria",TRUE,NA
"Asia_204","jc75v7Gkk8SDQ1NoUriV","paleo1measurement1","trsgi","unitless","ring width","dendrophysical",FALSE,"Asi-PAKI011.Esper.2007","Wood",36.58,75.08,3276,"PAKI011","1.0.8",1,"Summer","positive","air@surface",1437,554,1990,1436,1,1436,FALSE,TRUE,TRUE,TRUE,TRUE,TRUE,0,TRUE,FALSE,TRUE,TRUE,TRUE,"","criteria",TRUE,NA
"Asia_205","4P4FIwyzzwQ0JfIDhF55","paleo1measurement1","trsgi","unitless","ring width","dendrophysical",FALSE,"Asi-PAKI012.Esper.2007","Wood",36.58,75.08,3033,"PAKI012","1.0.8",1,"Summer","positive","air@surface",922,1069,1990,921,1,921,FALSE,TRUE,TRUE,TRUE,TRUE,TRUE,0,TRUE,FALSE,TRUE,TRUE,TRUE,"","criteria",TRUE,NA
"Asia_206","tjoyz9P2XBz3ieuUd9Cs","paleo1measurement1","trsgi","unitless","ring width","dendrophysical",FALSE,"Asi-PAKI031.Cook.2013","Wood",35.5,74.08,3600,"PAKI031","1.0.7",1,"Summer","positive","air@surface",712,1296,2007,711,1,711,FALSE,TRUE,TRUE,TRUE,TRUE,TRUE,0,TRUE,FALSE,TRUE,TRUE,TRUE,"","criteria",TRUE,NA
"Asia_207","MVHIsye1Jh1Wd6SsOlcU","paleo1measurement1","trsgi","unitless","ring width","dendrophysical",FALSE,"Asi-PAKI033.Cook.2013","Wood",35.5,74.75,3600,"PAKI033","1.0.7",1,"Summer","positive","air@surface",646,1362,2007,645,1,645,FALSE,TRUE,TRUE,TRUE,TRUE,TRUE,0,TRUE,FALSE,TRUE,TRUE,TRUE,"","criteria",TRUE,NA
"Asia_208","30gHBBY2Q1CHo62awymg","paleo1measurement1","trsgi","unitless","ring width","dendrophysical",FALSE,"Asi-PAKI035.Cook.2013","Wood",36.15,74.18,3900,"PAKI035","1.0.7",1,"Summer","positive","air@surface",513,1497,2009,512,1,512,FALSE,TRUE,TRUE,TRUE,TRUE,TRUE,0,TRUE,FALSE,TRUE,TRUE,TRUE,"","criteria",TRUE,NA
"Asia_209","GzzetxioEvmTXQARba7p","paleo1measurement1","trsgi","unitless","ring width","dendrophysical",FALSE,"Asi-PAKI036.Cook.2013","Wood",36.15,74.18,3900,"PAKI036","1.0.7",1,"Summer","positive","air@surface",619,1387,2005,618,1,618,FALSE,TRUE,TRUE,TRUE,TRUE,TRUE,0,TRUE,FALSE,TRUE,TRUE,TRUE,"","criteria",TRUE,NA
"Asia_210","pg7jAeDK7RhIxsEatPKA","paleo1measurement1","trsgi","unitless","ring width","dendrophysical",FALSE,"Asi-PAKI014.Esper.2007","Wood",35.17,75.5,3100,"PAKI014","1.0.8",1,"Annual","positive","air@surface",582,1412,1993,581,1,581,FALSE,TRUE,TRUE,TRUE,TRUE,TRUE,0,TRUE,FALSE,TRUE,TRUE,TRUE,"","criteria",TRUE,NA
"Asia_211","iUQcdAWFBfNzTQQJexKD","paleo1measurement1","trsgi","unitless","ring width","dendrophysical",FALSE,"Asi-PAKI015.Esper.2007","Wood",35.17,75.5,3300,"PAKI015","1.0.8",1,"Annual","positive","air@surface",1258,736,1993,1257,1,1257,FALSE,TRUE,TRUE,TRUE,TRUE,TRUE,0,TRUE,FALSE,TRUE,TRUE,TRUE,"","criteria",TRUE,NA
"Asia_212","FUaBgZ21oNrq7EodemYC","paleo1measurement1","trsgi","unitless","ring width","dendrophysical",FALSE,"Asi-PAKI016.Esper.2007","Wood",35.17,75.5,3050,"PAKI016","1.0.8",1,"Annual","positive","air@surface",1606,388,1993,1605,1,1605,FALSE,TRUE,TRUE,TRUE,TRUE,TRUE,0,TRUE,FALSE,TRUE,TRUE,TRUE,"","criteria",TRUE,NA
"Asia_213","ovWWrKsUuDijVVCQlI9Z","paleo1measurement1","trsgi","unitless","ring width","dendrophysical",FALSE,"Asi-PAKI039.Cook.2013","Wood",35,70.78,3750,"PAKI039","1.0.7",1,"Annual","positive","air@surface",439,1569,2007,438,1,438,FALSE,TRUE,TRUE,TRUE,TRUE,TRUE,0,TRUE,FALSE,TRUE,TRUE,TRUE,"","criteria",TRUE,NA
"Asia_214","ERm6ZoAaBifvoVdsrgO9","paleo1measurement1","trsgi","unitless","ring width","dendrophysical",FALSE,"Asi-PAKI040.Cook.2011","Wood",35.35,71.8,3900,"PAKI040","1.0.7",1,"Annual","positive","air@surface",534,1472,2005,533,1,533,FALSE,TRUE,TRUE,TRUE,TRUE,TRUE,0,TRUE,FALSE,TRUE,TRUE,TRUE,"","criteria",TRUE,NA
"Asia_215","BE5CrfPdvgKHnJYBf4aI","paleo1measurement1","trsgi","unitless","ring width","dendrophysical",FALSE,"Asi-HRPCSM.PAGES2k.2013","Wood",35.88,74.88,3100,"HRPCSM","1.0.7",1,"Summer","positive","air@surface",543,1467,2009,542,1,542,FALSE,TRUE,TRUE,TRUE,TRUE,TRUE,0,TRUE,FALSE,TRUE,TRUE,TRUE,"","criteria",TRUE,NA
"Asia_216","ACo3h4GFVG50ekrKtx0F","paleo1measurement1","trsgi","unitless","ring width","dendrophysical",FALSE,"Asi-NOGSAK.PAGES2k.2013","Wood",51.83,143.13,3300,"NOGSAK","1.0.7",1,"Summer","positive","air@surface",434,1570,2003,433,1,433,FALSE,TRUE,TRUE,TRUE,TRUE,TRUE,0,TRUE,FALSE,TRUE,TRUE,TRUE,"","criteria",TRUE,NA
"Asia_217","lCGTfnbkcEZiV2iQGyCI","paleo1measurement1","trsgi","unitless","ring width","dendrophysical",FALSE,"Asi-CHIN042.Brauning.2013","Wood",31.95,98.87,3300,"CHIN042","1.0.7",1,"Summer","positive","air@surface",478,1519,1996,477,1,477,FALSE,TRUE,TRUE,TRUE,TRUE,TRUE,0,TRUE,FALSE,TRUE,TRUE,TRUE,"","criteria",TRUE,NA
"Asia_218","X5K4lSwFWsEqrwAkhf4Y","paleo1measurement1","trsgi","unitless","ring width","dendrophysical",FALSE,"Asi-CHIN047.Brauning.2013","Wood",31.12,97.03,2500,"CHIN047","1.0.7",1,"Summer","positive","air@surface",589,1406,1994,588,1,588,FALSE,TRUE,TRUE,TRUE,TRUE,TRUE,0,TRUE,FALSE,TRUE,TRUE,TRUE,"","criteria",TRUE,NA
"Asia_219","Lv3eHeBySIJWrzYdMRUH","paleo1measurement1","trsgi","unitless","ring width","dendrophysical",FALSE,"Asi-CHIN049.Brauning.2013","Wood",31.23,96.48,3500,"CHIN049","1.0.7",1,"Summer","positive","air@surface",448,1547,1994,447,1,447,FALSE,TRUE,TRUE,TRUE,TRUE,TRUE,0,TRUE,FALSE,TRUE,TRUE,TRUE,"","criteria",TRUE,NA
"Asia_220","lF4Ce50axZlsjxhEhUkX","paleo1measurement1","trsgi","unitless","ring width","dendrophysical",FALSE,"Asi-CHIN043.Brauning.2013","Wood",29.3,91.97,3900,"CHIN043","1.0.7",1,"Summer","positive","air@surface",782,1217,1998,781,1,781,FALSE,TRUE,TRUE,TRUE,TRUE,TRUE,0,TRUE,FALSE,TRUE,TRUE,TRUE,"","criteria",TRUE,NA
"Asia_221","AP6DANmTEzW4IQPq1vkQ","paleo1measurement1","trsgi","unitless","ring width","dendrophysical",FALSE,"Asi-CHIN046.Brauning.2013","Wood",31.12,97.03,3150,"CHIN046","1.0.7",1,"Summer","positive","air@surface",1556,449,2004,1555,1,1555,FALSE,TRUE,TRUE,TRUE,TRUE,TRUE,0,TRUE,FALSE,TRUE,TRUE,TRUE,"","criteria",TRUE,NA
"Asia_222","jbEpzhA2nAXwBLBTy4vS","paleo1measurement1","trsgi","unitless","ring width","dendrophysical",FALSE,"Asi-CHIN044.Brauning.2013","Wood",29.07,93.95,2400,"CHIN044","1.0.7",1,"Summer","positive","air@surface",947,1047,1993,946,1,946,FALSE,TRUE,TRUE,TRUE,TRUE,TRUE,0,TRUE,FALSE,TRUE,TRUE,TRUE,"","criteria",TRUE,NA
"Asia_223","P2ATo9qKPe7tlIGx4BBT","paleo1measurement1","trsgi","unitless","ring width","dendrophysical",FALSE,"Asi-CHIN045.Brauning.2013","Wood",29.62,94.67,2300,"CHIN045","1.0.7",1,"Summer","positive","air@surface",426,1568,1993,425,1,425,FALSE,TRUE,TRUE,TRUE,TRUE,TRUE,0,TRUE,FALSE,TRUE,TRUE,TRUE,"","criteria",TRUE,NA
"Asia_224","iCkX0Leqkt1XCGg1QGsp","paleo1measurement1","trsgi","unitless","ring width","dendrophysical",FALSE,"Asi-CHIN048.Brauning.2013","Wood",30.3,91.52,700,"CHIN048","1.0.7",1,"Summer","positive","air@surface",919,1080,1998,918,1,918,FALSE,TRUE,TRUE,TRUE,TRUE,TRUE,0,TRUE,FALSE,TRUE,TRUE,TRUE,"","criteria",TRUE,NA
"Asia_225","9SMB10SCoaV3lWhSItIK","paleo1measurement1","trsgi","unitless","ring width","dendrophysical",FALSE,"Asi-CENTIB.PAGES2k.2013","Wood",29.35,92,2900,"CENTIB","1.0.7",1,"Summer","positive","air@surface",724,1285,2008,723,1,723,FALSE,TRUE,TRUE,TRUE,TRUE,TRUE,0,TRUE,FALSE,TRUE,TRUE,TRUE,"","criteria",TRUE,NA
"Asia_226","kQnFPjTwPCjNKgghR2yA","paleo1measurement1","trsgi","unitless","ring width","dendrophysical",FALSE,"Asi-TH001.Buckley.2010","Wood",19.28,98.93,3900,"TH001","1.0.7",1,"Annual","positive","air@surface",448,1558,2005,447,1,447,FALSE,TRUE,TRUE,TRUE,TRUE,TRUE,0,TRUE,FALSE,TRUE,TRUE,TRUE,"","criteria",TRUE,NA
"Asia_227","rkhkEZGXNM3iltNsGpJl","paleo1measurement1","trsgi","unitless","ring width","dendrophysical",FALSE,"Asi-TW001.Wright.2010","Wood",24.53,121.38,3800,"TW001","1.0.7",1,"Annual","positive","air@surface",1101,907,2007,1100,1,1100,FALSE,TRUE,TRUE,TRUE,TRUE,TRUE,0,TRUE,FALSE,TRUE,TRUE,TRUE,"","criteria",TRUE,NA
"Asia_228","7OsBCCLVE5c4XOCII2Xh","paleo1measurement1","trsgi","unitless","ring width","dendrophysical",FALSE,"Asi-MCCHFH.Sano.2008","Wood",21.67,104.1,3600,"MCCHFH","1.0.7",1,"Annual","positive","air@surface",535,1470,2004,534,1,534,FALSE,TRUE,TRUE,TRUE,TRUE,TRUE,0,TRUE,FALSE,TRUE,TRUE,TRUE,"","criteria",TRUE,NA
"Asia_229","CfO24aHUNP6wPLSGgMYt","paleo1measurement1","trsgi","unitless","ring width","dendrophysical",FALSE,"Asi-VIET001.Buckley.2010","Wood",12.22,108.73,3900,"VIET001","1.0.7",1,"Annual","positive","air@surface",979,1030,2008,978,1,978,FALSE,TRUE,TRUE,TRUE,TRUE,TRUE,0,TRUE,FALSE,TRUE,TRUE,TRUE,"","criteria",TRUE,NA
"Asia_230","mE7P31hoHDXy1Q9yfQlq","paleo1measurement1","temperature","degC","borehole","borehole",FALSE,"Asi-SourthAndMiddleUrals.Demezhko.2007","Borehole",55,59.5,1900,"Sourth and Middle Urals","1.0.3",1,"Annual","positive","ground@surface",24,800,1950,1150,50,1150,FALSE,TRUE,FALSE,TRUE,TRUE,FALSE,0,TRUE,TRUE,TRUE,TRUE,TRUE,"","criteria",TRUE,NA
"Asia_235","z7iWxxhclZ83EEiSo0aB","paleo1measurement1","temperature","degC","multiproxy","multiproxy",FALSE,"Asi-KunashirIsland.Demezhko.2009","Other",43.955,145.725,2400,"Kunashir Island","1.0.8",1,"Annual","positive","ground@surface",416,1585,2000,415,1,415,FALSE,TRUE,TRUE,TRUE,TRUE,FALSE,0,TRUE,TRUE,TRUE,TRUE,TRUE,"","criteria",TRUE,NA
"Asia_236","O1hYG7cGqeOY3Al4sm3a","paleo1measurement1","d18O","permil","d18O",NA,FALSE,"Asi-Dasuopu.Thompson.2000","GlacierIce",28.38,85.72,7200,"Dasuopu","1.0.7",1,"Annual","positive","air@condensationLevel",547,1450,1996,546,1,546,FALSE,TRUE,TRUE,TRUE,TRUE,TRUE,0,TRUE,FALSE,TRUE,TRUE,TRUE,"","criteria",TRUE,NA
"Asia_247","ogl6BoJzymVkkpbPjyyW","paleo1measurement1","d18O","permil","d18O",NA,FALSE,"Asi-Guliya.Thompson.1997","GlacierIce",35.28,81.48,6200,"Guliya","1.0.7",1,"Annual","positive","air@condensationLevel",199,4.5,1984.5,1980,10,1980,FALSE,TRUE,FALSE,TRUE,TRUE,TRUE,0,TRUE,FALSE,TRUE,TRUE,TRUE,"","criteria",TRUE,NA
"Asia_305","ggVLCcXep9oHad0qHsuO","paleo1measurement1","d18O","permil","d18O",NA,FALSE,"Asi-Puruogangri.Thompson.2006","GlacierIce",33.9167,89.0833,6070,"Puruogangri","1.0.6",1,"Annual","positive","air@condensationLevel",200,4.5,1994.5,1990,10,1990,FALSE,TRUE,FALSE,TRUE,TRUE,TRUE,0,TRUE,FALSE,TRUE,TRUE,TRUE,"","criteria",TRUE,NA
"Asia_317","egOjLgX5aWsr3CUTflig","paleo1measurement1","temperature","unitless","historical","historical",FALSE,"Asi-EastChina.Wang.1990","Documents",30,117.5,2600,"East China","1.0.6",1,"Winter","positive","air@surface",51,1470,1970,500,10,500,FALSE,TRUE,TRUE,TRUE,TRUE,TRUE,0,TRUE,FALSE,TRUE,TRUE,TRUE,"","criteria",TRUE,NA
"Asia_318","Hyt95q6NgfQmcfSV8Q0h","paleo1measurement1","temperature","unitless","historical","historical",FALSE,"Asi-EastChina.Wang.1998","Documents",34,120,3300,"East China region","1.0.6",1,"Annual","positive","air@surface",62,1380,1990,610,10,610,FALSE,TRUE,TRUE,TRUE,TRUE,TRUE,0,TRUE,FALSE,TRUE,TRUE,TRUE,"","criteria",TRUE,NA
"Asia_319","RQBb0ue8NhQiexAzoat0","paleo1measurement1","temperature","unitless","historical","historical",FALSE,"Asi-SouthChina.Wang.1998","Documents",23,114,2200,"South China","1.0.6",1,"Annual","positive","air@surface",47,1500,1960,460,10,460,FALSE,TRUE,TRUE,TRUE,TRUE,TRUE,0,TRUE,FALSE,TRUE,TRUE,TRUE,"","criteria",TRUE,NA
"Asia_320","Xonsu2MORPpsHAEeI0TJ","paleo1measurement1","temperature","unitless","historical","historical",FALSE,"Asi-CentralChina.Wang.1998","Documents",29,113,3000,"Central China","1.0.6",1,"Annual","positive","air@surface",53,1470,1990,520,10,520,FALSE,TRUE,TRUE,TRUE,TRUE,TRUE,0,TRUE,FALSE,TRUE,TRUE,TRUE,"","criteria",TRUE,NA
"Asia_321","D7RDPMjtWnIRipVaeoik","paleo1measurement1","temperature","unitless","historical","historical",FALSE,"Asi-Fujian.Wang.1998","Documents",24,121,3700,"Fujian and Taiwan","1.0.6",1,"Annual","positive","air@surface",47,1500,1960,460,10,460,FALSE,TRUE,TRUE,TRUE,TRUE,TRUE,0,TRUE,FALSE,TRUE,TRUE,TRUE,"","criteria",TRUE,NA
"Asia_324","balZRdaNANU9zB0uh9kM","paleo1measurement1","temperature","unitless","historical","historical",FALSE,"Asi-LowerYangtzeRiver.Zhang.1980","Documents",32.1,118.8,2200,"Lower reaches of the Yangtze River","1.0.6",1,"Winter","positive","air@surface",50,1470,1960,490,10,490,FALSE,TRUE,TRUE,TRUE,TRUE,TRUE,0,TRUE,FALSE,TRUE,TRUE,TRUE,"","criteria",TRUE,NA
"Asia_325","4uy0QN4EBlX3NEx9d873","paleo1measurement1","temperature","unitless","historical","historical",FALSE,"Asi-MiddleYangtzeRiver.Zhang.1980","Documents",30.5,114.5,1900,"Middle reaches of the Yangtze River","1.0.6",1,"Winter","positive","air@surface",50,1470,1960,490,10,490,FALSE,TRUE,TRUE,TRUE,TRUE,TRUE,0,TRUE,FALSE,TRUE,TRUE,TRUE,"","criteria",TRUE,NA
"Asia_326","sB4JfLnWzJuYQE4PUWhF","paleo1measurement1","temperature","unitless","historical","historical",FALSE,"Asi-GuangdongAndGuangxi.Zhang.1980","Documents",23.5,112.5,2480,"Guangdong and Guangxi province","1.0.6",1,"Winter","positive","air@surface",50,1470,1960,490,10,490,FALSE,TRUE,TRUE,TRUE,TRUE,TRUE,0,TRUE,FALSE,TRUE,TRUE,TRUE,"","criteria",TRUE,NA
"Asia_327","FYXINgpwaFuyFaEPbBrc","paleo1measurement1","temperature","unitless","historical","historical",FALSE,"Asi-ZhejiangAndFujian.Zhang.1980","Documents",25,118,2400,"Zhejiang and Fujian province","1.0.6",1,"Winter","positive","air@surface",50,1470,1960,490,10,490,FALSE,TRUE,TRUE,TRUE,TRUE,TRUE,0,TRUE,FALSE,TRUE,TRUE,TRUE,"","criteria",TRUE,NA
"Asia_328","bae9ocLumgwEoppX0fif","paleo1measurement1","temperature","unitless","historical","historical",FALSE,"Asi-Hunan-Jiangsu.Zhang.1980","Documents",28,116.5,2300,"Hunan-Jiangsu","1.0.6",1,"Winter","positive","air@surface",50,1470,1960,490,10,490,FALSE,TRUE,TRUE,TRUE,TRUE,TRUE,0,TRUE,FALSE,TRUE,TRUE,TRUE,"","criteria",TRUE,NA
"Asia_329","ShBdnPWeXzkK9sp0XrZY","paleo1measurement1","temperature","unitless","historical","historical",FALSE,"Asi-Guangdong.Zheng.1982","Documents",23.16,113.23,3900,"Guangdong","1.0.6",1,"Winter","positive","air@surface",48,1470,1940,470,10,470,FALSE,TRUE,TRUE,TRUE,TRUE,TRUE,0,TRUE,FALSE,TRUE,TRUE,TRUE,"","criteria",TRUE,NA
"Asia_335","YXdcFrpFXqNbNjJBnxBH","paleo1measurement1","temperature","degC","foraminifera","faunal assemblage",FALSE,"Asi-SO90-39KG_SO130-275KL.Munz.2015","MarineSediment",24.8333,65.9167,-695,"SO90-39KG/SO130-275KL","1.0.8",1,"Jan-Mar","positive","sea@surface",215,3,1989,1986,8,1986,FALSE,TRUE,FALSE,TRUE,TRUE,FALSE,0,TRUE,TRUE,TRUE,TRUE,TRUE,"","criteria",TRUE,NA
"Aus_010","0QqArasHAPcbd7sbQuZJ","paleo1measurement1","trsgi","unitless","ring width","dendrophysical",FALSE,"Aus-BuckleysChance.Buckley.1997","Wood",-42.27,145.87,900,"Buckleys Chance Tasmania (Site ID: BCH)","1.0.7",1,"Oct-Apr","positive","air@surface",529,1463,1991,528,1,528,FALSE,TRUE,TRUE,TRUE,TRUE,TRUE,0,TRUE,FALSE,TRUE,TRUE,TRUE,"","criteria",TRUE,NA
"Aus_015","KH8oVlASntBnwuqOcTGp","paleo1measurement1","trsgi","unitless","ring width","dendrophysical",FALSE,"Aus-CTPEastTasmania.Allen.2001","Wood",-41.31,147.75,750,"CTP East Tasmania","1.0.7",1,"Sep-Nov","positive","air@surface",565,1430,1994,564,1,564,FALSE,TRUE,TRUE,TRUE,TRUE,TRUE,0,TRUE,FALSE,TRUE,TRUE,TRUE,"","criteria",TRUE,NA
"Aus_020","o0Din13QYKmHRZOh6Wyp","paleo1measurement1","trsgi","unitless","ring width","dendrophysical",FALSE,"Aus-CTPWestTasmania.Allen.2001","Wood",-41.67,145.65,550,"CTP West Tasmania","1.0.7",1,"Jun-Aug","positive","air@surface",452,1547,1998,451,1,451,FALSE,TRUE,TRUE,TRUE,TRUE,TRUE,0,TRUE,FALSE,TRUE,TRUE,TRUE,"","criteria",TRUE,NA
"Aus_041","9cI5YnfNq4xX1ssxlPDe","paleo1measurement1","temperature","degC","ring width","dendrophysical",FALSE,"Aus-MtRead.Cook.2006","Wood",-41.83,145.53,900,"Mt. Read","1.0.5",1,"Nov-Apr","positive","air@surface",2001,1,2001,2000,1,2000,FALSE,TRUE,TRUE,TRUE,TRUE,TRUE,0,TRUE,FALSE,TRUE,TRUE,TRUE,"","criteria",TRUE,NA
"Aus_057","ruMRx4LUuvL9siKrquVD","paleo1measurement1","temperature","degC","ring width","dendrophysical",FALSE,"Aus-Oroko.Cook.2002","Wood",-43.23,170.28,110,"Oroko","1.0.5",1,"Sep-Apr","positive","air@surface",1100,900,1999,1099,1,1099,FALSE,TRUE,TRUE,TRUE,TRUE,TRUE,0,TRUE,FALSE,TRUE,TRUE,TRUE,"","criteria",TRUE,NA
"Aus_062","7YZXkWdR5ceDJr3jzX3v","paleo1measurement1","trsgi","unitless","ring width","dendrophysical",FALSE,"Aus-PinkPine.Duncan.2010","Wood",-43,171,640,"Pink Pine NZ","1.0.7",1,"Sep-Apr","positive","air@surface",543,1457,1999,542,1,542,FALSE,TRUE,TRUE,TRUE,TRUE,TRUE,0,TRUE,FALSE,TRUE,TRUE,TRUE,"","criteria",TRUE,NA
"Aus_067","ENJoPLMMNLnyYtlEqzQO","paleo1measurement1","trsgi","unitless","ring width","dendrophysical",FALSE,"Aus-StewartIsland.D'Arrigo.1996","Wood",-47,167.8,450,"Stewart Island","1.0.7",1,"Sep-Apr","positive","air@surface",236,1758,1993,235,1,235,FALSE,TRUE,TRUE,FALSE,TRUE,TRUE,0,TRUE,FALSE,TRUE,TRUE,TRUE,"length","curator admission",TRUE,NA
"Aus_071","W3fUXMQh8RjN0mYIMcpi","paleo1measurement1","trsgi","unitless","ring width","dendrophysical",FALSE,"Aus-TakapariCedar.Xiong.2000","Wood",-40.07,175.98,820,"Takapari Cedar","1.0.7",1,"Sep-Apr","positive","air@surface",463,1530,1992,462,1,462,FALSE,TRUE,TRUE,TRUE,TRUE,TRUE,0,TRUE,FALSE,TRUE,TRUE,TRUE,"","criteria",TRUE,NA
"can1101","8X4Nx5kjpa4SskGBiN2g","paleo1measurement1","trsgi","unitless","ring width","dendrophysical",FALSE,"SAm-CentralAndes11.PAGES2k.2011","Wood",-40.1,-72.05,800,"Central Andes composite 11","1.0.8",1,"May-Apr","positive","air@surface",504,1492,1995,503,1,503,FALSE,TRUE,TRUE,TRUE,TRUE,TRUE,0,TRUE,FALSE,TRUE,TRUE,TRUE,"","criteria",TRUE,NA
"diggerHogPigs","fpRndLcQIP2AwVsqusu3","paleo1measurement1","temperature","degC","alkenone","biomarker",FALSE,"TY93-905.Kim.2004","MarineSediment",11.0667,51.95,-1567,"TY93-905","1.0.6",1,NA,"positive","sea@surface",8,180,1950,1770,240,1770,FALSE,TRUE,FALSE,TRUE,FALSE,FALSE,0,TRUE,TRUE,TRUE,TRUE,TRUE,"resolution","data-poor exception",TRUE,NA
"Eur_001","19nwWA48PSW3uSoDRiA4","paleo1measurement1","d18O","permil","d18O",NA,FALSE,"Eur-SpannagelCave.Mangini.2005","Speleothem",47.1,11.6,2347,"Spannagel Cave,","1.0.8",1,"Winter","negative","air@condensationLevel",695,5,1935,1930,2.5,1930,FALSE,TRUE,FALSE,TRUE,TRUE,FALSE,0,TRUE,TRUE,TRUE,TRUE,TRUE,"","criteria",FALSE,"cross-dataset"
"Eur_002","23GDZxTEJsBQAH05hU4g","paleo1measurement1","temperature","degC","reflectance","reflectance",FALSE,"Eur-LakeSilvaplana.Trachsel.2010","LakeSediment",46.5,9.8,1791,"Lake Silvaplana","1.0.3",1,"Summer","positive","air@surface",775,1175,1949,774,1,774,FALSE,TRUE,TRUE,TRUE,TRUE,FALSE,0,TRUE,TRUE,TRUE,TRUE,TRUE,"","criteria",TRUE,NA
"Eur_003","LHqXoX9KHfLzB8Ivc4nS","paleo1measurement1","temperature","degC","chironomid","faunal assemblage",FALSE,"Eur-LakeSilvaplana.Larocque-Tobler.2010","LakeSediment",46.5,9.8,1791,"Lake Silvaplana","1.0.4",1,"Jul","positive","air@surface",944,1032,1975,943,1,943,FALSE,TRUE,TRUE,TRUE,TRUE,FALSE,0,TRUE,TRUE,TRUE,TRUE,TRUE,"","criteria",TRUE,NA
"Eur_005","ZDMEZiVVO4eFNwBA4D3o","paleo1measurement1","temperature","degC","maximum latewood density","dendrophysical",FALSE,"Eur-FinnishLakelands.Helama.2014","Wood",62,28.325,130,"Finnish Lakelands","1.0.6",1,"Summer","positive","air@surface",1241,760,2000,1240,1,1240,FALSE,TRUE,TRUE,TRUE,TRUE,TRUE,0,TRUE,FALSE,TRUE,TRUE,TRUE,"","criteria",TRUE,NA
"Eur_006","uOhCAmcuPO5Xo9rSniHn","paleo1measurement1","temperature","degC","historical","historical",FALSE,"Eur-Stockholm.Leijonhufvud.2009","Documents",59.32,18.06,10,"Stockholm","1.0.7",1,"Winter","positive","air@surface",378,1502,1892,390,1,390,FALSE,TRUE,TRUE,TRUE,TRUE,TRUE,0,TRUE,FALSE,TRUE,TRUE,TRUE,"","criteria",TRUE,NA
"Eur_007","7QYnhwWQ7wPX31uqrHhs","paleo1measurement1","temperature","degC","chironomid","faunal assemblage",FALSE,"Eur-Seebergsee.Larocque-Tobler.2012","LakeSediment",46.15,7.5,1830,"Seebergsee","1.0.4",1,"Summer","positive","air@surface",919,1083,2001,918,1,918,FALSE,TRUE,TRUE,TRUE,TRUE,FALSE,0,TRUE,TRUE,TRUE,TRUE,TRUE,"","criteria",TRUE,NA
"Eur_008","WX0GIjmoc46FH1Oj4c5r","paleo1measurement1","d18O","permil","d18O",NA,FALSE,"Eur-NorthernSpain.Martin-Chivelet.2011","Speleothem",42.9,-3.5,1250,"Northern Spain","1.0.8",1,"Summer","positive","air@condensationLevel",605,1,2000,1999,2,1999,FALSE,TRUE,FALSE,TRUE,TRUE,FALSE,0,TRUE,TRUE,TRUE,TRUE,TRUE,"","criteria",TRUE,NA
"Eur_009","srZZvm9PK1vZPDDWcWzi","paleo1measurement1","d18O","permil","d18O",NA,FALSE,"Eur-RAPiD-17-5P.Moffa-Sanchez.2014","MarineSediment",61.48,-19.53,-2303,"RAPiD-17-5P, South Iceland","1.0.7",1,"Summer","positive","air@condensationLevel",71,798,1915,1117,14,1117,FALSE,TRUE,FALSE,TRUE,TRUE,FALSE,0,TRUE,TRUE,TRUE,TRUE,TRUE,"","criteria",TRUE,NA
"Eur_010","33wLrOlZRR8hw53DVKSr","paleo1measurement1","temperature","degC","alkenone","biomarker",FALSE,"Eur-CoastofPortugal.Abrantes.2011","LakeSediment",41.1,-8.9,-80,"Coast of Portugal","1.0.5",1,"Summer","positive","sea@surface",113,971.19,1993.111,1021.921,9.18599999999992,1021.921,FALSE,TRUE,FALSE,TRUE,TRUE,FALSE,0,TRUE,TRUE,TRUE,TRUE,TRUE,"","criteria",TRUE,NA
"Eur_014","fyUORoSbcL0GP0J3wyoj","paleo1measurement1","MXD",NA,"maximum latewood density","dendrophysical",FALSE,"Eur-NorthernScandinavia.Esper.2012","Wood",68,25,300,"Northern Scandinavia","1.0.7",1,"Summer","positive","air@surface",2006,1,2006,2005,1,2005,FALSE,TRUE,TRUE,TRUE,TRUE,TRUE,0,TRUE,FALSE,TRUE,TRUE,TRUE,"","criteria",TRUE,NA
"Eur_015","kskN7ELG8iCpHBcZbQSV","paleo1measurement1","trsgi","unitless","ring width","dendrophysical",FALSE,"Eur-TatraMountains.Buentgen.2013","Wood",49,20,1000,"Tatra Mountains","1.0.9",1,"Summer","positive","air@surface",972,1040,2011,971,1,971,FALSE,TRUE,TRUE,TRUE,TRUE,TRUE,0,TRUE,FALSE,TRUE,TRUE,TRUE,"","criteria",TRUE,NA
"Eur_016","SxEXdtlCRksSEr2Setkw","paleo1measurement1","trsgi","unitless","ring width","dendrophysical",FALSE,"Eur-EasternCarpathianMountains.Popa.2008","Wood",47,25.3,1820,"Eastern Carpathian Mountains (Romania)","1.0.8",1,"Summer","positive","air@surface",843,1163,2005,842,1,842,FALSE,TRUE,TRUE,TRUE,TRUE,TRUE,0,TRUE,FALSE,TRUE,TRUE,TRUE,"","criteria",TRUE,NA
"Eur_017","NdRtBSqrfwDmxycbWqYd","paleo1measurement1","trsgi","unitless","ring width","dendrophysical",FALSE,"Eur-EuropeanAlps.Buentgen.2011","Wood",47,10.7,2050,"European Alps","1.0.9",1,"Summer","positive","air@surface",2003,1,2003,2002,1,2002,FALSE,TRUE,TRUE,TRUE,TRUE,TRUE,0,TRUE,FALSE,TRUE,TRUE,TRUE,"","criteria",TRUE,NA
"Eur_018","5TxaCsbZHG56SI1qNpj7","paleo1measurement1","MXD",NA,"maximum latewood density","dendrophysical",FALSE,"Eur-Loetschental.Buentgen.2006","Wood",46.4,7.8,1700,"Loetschental","1.0.8",1,"Summer","positive","air@surface",1250,755,2004,1249,1,1249,FALSE,TRUE,TRUE,TRUE,TRUE,TRUE,0,TRUE,FALSE,TRUE,TRUE,TRUE,"","criteria",TRUE,NA
"Eur_019","1UZJ6NyAvSCfdksRwNPV","paleo1measurement1","trsgi","unitless","ring width","dendrophysical",FALSE,"Eur-MaritimeFrenchAlps.Buentgen.2012","Wood",44,7.5,2100,"Maritime French Alps","1.0.9",1,"Summer","positive","air@surface",1039,969,2007,1038,1,1038,FALSE,TRUE,TRUE,TRUE,TRUE,TRUE,0,TRUE,FALSE,TRUE,TRUE,TRUE,"","criteria",TRUE,NA
"Eur_020","PPWjMBBkRAcCv6bkL58K","paleo1measurement1","trsgi","unitless","ring width","dendrophysical",FALSE,"Eur-SpanishPyrenees.Dorado-Linan.2012","Wood",42.5,1,1200,"Spanish Pyrenees","1.0.8",1,"Summer","positive","air@surface",746,1260,2005,745,1,745,FALSE,TRUE,TRUE,TRUE,TRUE,TRUE,0,TRUE,FALSE,TRUE,TRUE,TRUE,"","criteria",TRUE,NA
"Eur_022","BjZjOoa4Z5XmocKnEzre","paleo1measurement1","temperature","degC","historical","historical",FALSE,"Eur-CentralEurope.Dobrovolny.2009","Documents",49,13,0,"Central Europe","1.0.8",1,"Summer","positive","air@surface",508,1500,2007,507,1,507,FALSE,TRUE,TRUE,TRUE,TRUE,TRUE,0,TRUE,FALSE,TRUE,TRUE,TRUE,"","criteria",TRUE,NA
"Eur_024","LsFTzIqNQrauZIPBXNgA","paleo1measurement1","temperature","degC","chrysophyte assemblage","floral assemblage",FALSE,"Eur-CentralandEasternPyrenees.Pla.2004","LakeSediment",42.5,0.75,2280,"Central and Eastern Pyrenees (NE Spain)","1.0.6",1,"Winter","positive","air@surface",56,578,1994,1416,25.0400000000001,1416,FALSE,TRUE,FALSE,TRUE,TRUE,FALSE,0,TRUE,TRUE,TRUE,TRUE,TRUE,"","criteria",TRUE,NA
"Eur_026","X3qULfBWiBbbQfEmmiMT","paleo1measurement1","temperature","degC","historical","historical",FALSE,"Eur-Tallinn.Tarand.2001","Documents",59.4,24.75,10,"Tallinn","1.0.8",1,"Winter","positive","air@surface",491,1500,2000,500,1,500,FALSE,TRUE,TRUE,TRUE,TRUE,TRUE,0,TRUE,FALSE,TRUE,TRUE,TRUE,"","criteria",TRUE,NA
"GBG100dogCow","8Awt2W4IyMzO7SWqJxM8","paleo1measurement1","temperature","degC","alkenone","biomarker",FALSE,"M40-4-SL78.Emeis.2003","MarineSediment",37.036,13.19,-470,"M40-4-SL78","1.0.7",1,"Annual","positive","sea@surface",43,180,1930,1750,30,1750,FALSE,TRUE,FALSE,TRUE,TRUE,FALSE,0,TRUE,TRUE,TRUE,TRUE,TRUE,"","criteria",TRUE,NA
"GH0207d98d","FHXLu4lOVS4yfPYj5peP","paleo1measurement1","temperature","degC","alkenone","alkenone",FALSE,"GeoB59012.Kim.2004","MarineSediment",36.4,-7.1,-574,"GeoB5901-2","1.0.11",1,NA,"positive","sea@surface",6,27.5,820,792.5,160,792.5,FALSE,TRUE,FALSE,TRUE,TRUE,FALSE,0,TRUE,TRUE,TRUE,TRUE,TRUE,"","criteria",TRUE,NA
"GH1c49f7ab","4nJJTEVmLBLCY0hpzWDk","paleo1measurement1","d2H","permil","dD","isotope",FALSE,"DomeC.Stenni.2001","GlacierIce",-75.1,123.4,3240,"EPICADomeC","1.0.11",1,"Annual","positive",NA,142,10.45,1907.5,1897.05,13.5899999999999,1897.05,FALSE,TRUE,FALSE,TRUE,TRUE,TRUE,0,TRUE,FALSE,TRUE,TRUE,TRUE,"","criteria",TRUE,NA
"GH26a3a772","bQiFhmYqfDQYHieKVj0i","paleo1measurement1","d18O","permil","d18O","isotopic",FALSE,"NGRIP.NGRIP.2004","GlacierIce",75.1,-42.32,2917,"NGRIP","1.0.14",1,"Annual","positive","air@surface",100,10,1990,1980,20,1980,FALSE,TRUE,FALSE,TRUE,TRUE,TRUE,0,TRUE,FALSE,TRUE,TRUE,TRUE,"","criteria",TRUE,NA
"GH28c9a9bd","HUZUSp3jhQD75qDLGWQ7","paleo1measurement1","PC1","unitless",NA,NA,FALSE,"Mjauvotn.Olsen.2010","LakeSediment",62.12,-7,200,"mjauvotn","1.0.9",1,NA,"positive","air@surface",373,6,1990,1984,5,1984,FALSE,TRUE,FALSE,TRUE,TRUE,FALSE,19,TRUE,FALSE,TRUE,TRUE,TRUE,"","criteria",TRUE,NA
"GH34755740","IMRoKZmJccP9siSMDOiF","paleo1measurement1","temperature","degC","multiproxy","cryophysical",FALSE,"Alley.GISP2.2000","GlacierIce",72.6,-38.5,3200,"GISP2","1.0.16",1,"Annual","positive","air@surface",199,3.92,1854.859,1850.939,8.64599999999996,1850.939,FALSE,TRUE,FALSE,TRUE,TRUE,TRUE,0,TRUE,FALSE,TRUE,TRUE,TRUE,"","criteria",TRUE,NA
"GH37fc751b","PwckRl0y6mGHRpeeyQZI","paleo1measurement1","temperature","degC","Mg/Ca","Mg/Ca",FALSE,"KY07_04_01.Kubota.2010","MarineSediment",31.6,129,-758,"KY070401","1.0.11",1,NA,"positive","sea@surface",15,102.004,1929.066,1827.062,55.4705000000001,1827.062,FALSE,TRUE,FALSE,TRUE,TRUE,FALSE,18,TRUE,FALSE,TRUE,TRUE,TRUE,"","criteria",FALSE,"cross-dataset"
"GH437973f1","awEm9ZpahzbogMw2BQSS","paleo1measurement1","temperature","degC","dD","isotope",FALSE,"DomeC.Jouzel.2007","GlacierIce",-75.1,123.4,3240,"DomeC,Antarctica","1.0.10",1,"Annual","positive","air@surface",142,11.7909999999999,1911.626,1899.835,13.8700000000001,1899.835,FALSE,TRUE,FALSE,TRUE,TRUE,TRUE,0,TRUE,FALSE,TRUE,TRUE,TRUE,"","criteria",TRUE,NA
"GH47c8e274","0AWa3PETKBIm6QKTBZEq","paleo1measurement1","temperature","degC","pollen","floral assemblage",FALSE,"PathLake.Neil.2014","LakeSediment",43.87,-64.93,15,"Path Lake","1.0.8",1,"Annual","positive","air@surface",53,15,1943,1928,35,1928,FALSE,TRUE,FALSE,TRUE,TRUE,FALSE,6,TRUE,FALSE,TRUE,TRUE,TRUE,"","criteria",TRUE,NA
"GH6d77af79","iBz1MwkGPMpeQvc2Dvlu","paleo1measurement1","temperature","degC","Mg/Ca","Mg/Ca",FALSE,"MD982176","MarineSediment",-5,133.4,-2382,"MD98-2176","1.0.13",1,NA,"positive","sea@surface",56,39.9,1824.26,1784.36,42.99,1784.36,FALSE,TRUE,FALSE,TRUE,TRUE,FALSE,0,TRUE,TRUE,TRUE,TRUE,TRUE,"","criteria",FALSE,"cross-dataset"
"GH6edd69de","LAH6U9oHpFMW7z3Cocyj","paleo1measurement1","temperature","degC","alkenone","biomarker",FALSE,"GeoB33131.Lamy.2002","MarineSediment",-41,-74.3,-852,"GeoB3313-1","1.0.13",1,"Annual","positive","sea@surface",24,65.744,1666.745,1601.001,76.5,1601.001,FALSE,TRUE,FALSE,TRUE,TRUE,FALSE,7,TRUE,FALSE,TRUE,TRUE,TRUE,"","criteria",TRUE,NA
"GH73726cce","THanc5LdNZyZBwUcrbgp","paleo1measurement1","temperature","degC","pollen","floral assemblage",FALSE,"MountHoney.McGlone.2010","Peat",-52.5,169.1625,120,"Mount Honey","1.0.11",1,"Jan","positive","air@surface",40,66.33,1967.917,1901.587,46.5999999999999,1901.587,FALSE,TRUE,FALSE,TRUE,TRUE,FALSE,22,TRUE,FALSE,TRUE,TRUE,TRUE,"","criteria",TRUE,NA
"GH77e777b0","8zOvTyyXaFYHl6Npu1c1","paleo1measurement1","temperature","degC","pollen","pollen",FALSE,"Hams.Shuman.2016","LakeSediment",43.24,-80.41,271,"Hams","1.0.7",1,"warmest month","positive",NA,39,50,1950,1900,50,1900,FALSE,TRUE,FALSE,TRUE,TRUE,FALSE,0,TRUE,TRUE,TRUE,TRUE,TRUE,"","criteria",TRUE,NA
"GH7a27907e","EDdSixiy3x1bYYN74G0h","paleo1measurement1","d18O","permil","d18O","isotopic",FALSE,"SouthIsland.Williams.2005","Speleothem",-42,172,990,"South Island","1.0.13",1,NA,"positive","sea@surface",68,34.587,1441.985,1407.398,10.1409999999998,1407.398,FALSE,TRUE,FALSE,TRUE,TRUE,FALSE,43,TRUE,FALSE,TRUE,TRUE,TRUE,"","criteria",TRUE,NA
"GH7fb77a0c","UMF1Dz1KehwQpWu68kYW","paleo1measurement1","temperature","degC","pollen","pollen",FALSE,"Nutt.Shuman.2016","LakeSediment",45.22,-79.45,305,"Nutt Lake","1.0.6",1,"warmest month","positive",NA,39,50,1950,1900,50,1900,FALSE,TRUE,FALSE,TRUE,TRUE,FALSE,0,TRUE,TRUE,TRUE,TRUE,TRUE,"","criteria",TRUE,NA
"GH8784f3d0","7EfnO4r9Ql2q4uuvScDs","paleo1measurement1","temperature","degC","alkenone","biomarker",FALSE,"MD01-2444.Martrat.2007","MarineSediment",37.565,-10.134,-2656,"MD01-2444","1.0.14",1,"Annual","positive","sea@surface",11,90,1890,1800,170,1800,FALSE,TRUE,FALSE,TRUE,TRUE,FALSE,0,TRUE,TRUE,TRUE,TRUE,TRUE,"","criteria",TRUE,NA
"GH8c73b2a9","l0dXYACngSqwDTL9QonY","paleo1measurement1","temperature","degC","pollen","pollen",FALSE,"MoonLake.Shuman.2016","LakeSediment",46.86,-98.16,400,"Moon Lake","1.0.8",1,"warmest month","positive","air@surface",39,50,1950,1900,50,1900,FALSE,TRUE,FALSE,TRUE,TRUE,FALSE,0,TRUE,TRUE,TRUE,TRUE,TRUE,"","criteria",TRUE,NA
"GH90151260","rKQ3msWykkOI6m00kaQf","paleo1measurement1","temperature","degC","pollen","pollen",FALSE,"Pickerel.Shuman.2016","LakeSediment",45.5052,-97.2743,563,"Pickerel","1.0.8",1,"warmest month","positive",NA,39,50,1950,1900,50,1900,FALSE,TRUE,FALSE,TRUE,TRUE,FALSE,0,TRUE,TRUE,TRUE,TRUE,TRUE,"","criteria",TRUE,NA
"GH9547ee89","wtFs7wL5KDJC8NXovkGc","paleo1measurement1","temperature","degC","pollen","pollen",FALSE,"Okoboji.Shuman.2016","LakeSediment",43.33,-95.2,425,"Okoboji Lake","1.0.7",1,"warmest month","positive","air@surface",39,50,1950,1900,50,1900,FALSE,TRUE,FALSE,TRUE,TRUE,FALSE,0,TRUE,TRUE,TRUE,TRUE,TRUE,"","criteria",TRUE,NA
"GHb9285123","IDerK4rnrgIAbJO2K9Hg","paleo1measurement1","temperature","degC","pollen","pollen",FALSE,"GrahamLake.Shuman.2016","LakeSediment",45.1902,-77.357,377,"Graham Lake","1.0.8",1,"warmest month","positive","air@surface",39,50,1950,1900,50,1900,FALSE,TRUE,FALSE,TRUE,TRUE,FALSE,0,TRUE,TRUE,TRUE,TRUE,TRUE,"","criteria",TRUE,NA
"GHbf21e8dc","5UpAqatSNoDM2KmcNClY","paleo1measurement1","temperature","degC","Mg/Ca","Mg/Ca",FALSE,"MD012390.Steinke.2008","MarineSediment",6.6,113.4,-1545,"MD01-2390","1.0.13",1,NA,"positive","sea@surface",7,7.5,900,892.5,148.75,892.5,FALSE,TRUE,FALSE,TRUE,TRUE,FALSE,0,TRUE,TRUE,TRUE,TRUE,TRUE,"","criteria",TRUE,NA
"GHdaff1a81","CAo7oFCC0cBCCbtQlJQh","paleo1measurement1","temperature","degC","alkenone","alkenone",FALSE,"ODP1751078C","MarineSediment",-11.9208,13.4002,NA,"ODP175-1078C","1.0.9",1,NA,"positive","sea@surface",9,70,1930,1860,245,1860,FALSE,TRUE,FALSE,TRUE,FALSE,FALSE,18,TRUE,FALSE,TRUE,TRUE,TRUE,"resolution","data-poor exception",TRUE,NA
"GHe1824e32","2we81lSawIEATzFt58RC","paleo1measurement1","temperature","degC","Mg/Ca","Mg/Ca",FALSE,"MD982170","MarineSediment",10.6,125.39,-832,"MD98-2170","1.0.11",1,NA,"positive","sea@surface",11,219.2,1853.8,1634.6,96.1999999999999,1634.6,FALSE,TRUE,FALSE,TRUE,TRUE,FALSE,0,TRUE,TRUE,TRUE,TRUE,TRUE,"","criteria",TRUE,NA
"GHe913d7ac","LqiSkRg9mAaDZ8PWyxpF","paleo1measurement1","temperature","degC","dD","isotopic",FALSE,"Vostok.Vimeux.2002","GlacierIce",-78.5,108,3488,"Vostok","1.0.10",1,"Annual","positive","air@surface",98,10,1950,1940,20,1940,FALSE,TRUE,FALSE,TRUE,TRUE,TRUE,0,TRUE,FALSE,TRUE,TRUE,TRUE,"","criteria",TRUE,NA
"GHf2f9415c","bNYLpMZrsEjahkVuOR8z","paleo1measurement1","d2H","permil","dD","isotope",FALSE,"TaylorDome_dD","GlacierIce",-77.8,158.7,NA,"TaylorDome","1.0.11",1,NA,"negative",NA,116,9.5,1957.5,1948,11.5,1948,FALSE,TRUE,FALSE,TRUE,TRUE,TRUE,0,TRUE,FALSE,TRUE,TRUE,TRUE,"","criteria",TRUE,NA
"GHf6960784","yNNEAVEjM5Qpgj3qAjLU","paleo1measurement1","d18O","permil","d18O","isotope",FALSE,"TaylorDome_d18O","GlacierIce",-77.8,158.7,NA,"TaylorDome","1.0.6",1,NA,"negative","air@surface",738,1.3,1939.3,1938,2.5,1938,FALSE,TRUE,FALSE,TRUE,TRUE,TRUE,0,TRUE,FALSE,TRUE,TRUE,TRUE,"","criteria",FALSE,"cross-dataset"
"GHfa7d77a6","5oDELhLvjYous1at70nd","paleo1measurement1","temperature","degC","alkenone","alkenone",FALSE,"GeoB65181.Schefu.2005","MarineSediment",-5.6,11.2,-962,"GeoB6518-1","1.0.11",1,NA,"positive","SST",6,191,1920,1729,180,1729,FALSE,TRUE,FALSE,TRUE,TRUE,FALSE,15,TRUE,FALSE,TRUE,TRUE,TRUE,"","criteria",TRUE,NA
"IC00COPR01A","EqJSbxBZGWW5FLpP3MSS","paleo1measurement1","d18O","permil",NA,NA,FALSE,"IC00COPR","GlacierIce",-84,43,3330,"Plateau Remote","1.0.16",1,"Annual","positive","air@surface",1985,2,1986,1984,1,1984,FALSE,TRUE,TRUE,TRUE,TRUE,TRUE,0,TRUE,FALSE,TRUE,TRUE,TRUE,"","criteria",TRUE,NA
"IC00SC1601A","eMimEkm6EnQdVVCJZttv","paleo1measurement1","d18O","permil",NA,NA,FALSE,"IC00SC16","GlacierIce",73.9402,-37.6299,3040,"B16","1.0.14",1,"Annual","positive","air@surface",515,1478,1992,514,1,514,FALSE,TRUE,TRUE,TRUE,TRUE,TRUE,0,TRUE,FALSE,TRUE,TRUE,TRUE,"","criteria",FALSE,"cross-dataset"
"IC00SC1801A","hYapuwnOX5q932NRchN1","paleo1measurement1","d18O","permil",NA,NA,FALSE,"IC00SC18","GlacierIce",76.617,-36.4033,2508,"B18","1.0.15",1,"Annual","positive","air@surface",1114,874,1992,1118,1,1118,FALSE,TRUE,TRUE,TRUE,TRUE,TRUE,0,TRUE,FALSE,TRUE,TRUE,TRUE,"","criteria",TRUE,NA
"IC00SC2101A","wlqwCaXIUSA391Dmg0Ao","paleo1measurement1","d18O","permil",NA,NA,FALSE,"IC00SC21","GlacierIce",80,-41.1374,2185,"B21","1.0.8",1,"Annual","positive","air@surface",622,1372,1993,621,1,621,FALSE,TRUE,TRUE,TRUE,TRUE,TRUE,622,TRUE,FALSE,TRUE,TRUE,TRUE,"","criteria",TRUE,NA
"IC00SC2601A","f9XLDb8DxGHIDx7x0DZ0","paleo1measurement1","d18O","permil",NA,NA,FALSE,"IC00SC26","GlacierIce",77.2533,-49.2167,2598,"B26","1.0.14",1,"Annual","positive","air@surface",490,1505,1994,489,1,489,FALSE,TRUE,TRUE,TRUE,TRUE,TRUE,0,TRUE,FALSE,TRUE,TRUE,TRUE,"","criteria",TRUE,NA
"IC00SC2901A","wbPP0e5AvOAHxEJhNhaq","paleo1measurement1","d18O","permil",NA,NA,FALSE,"IC00SC29","GlacierIce",76.0039,-43.492,2874,"B29","1.0.15",1,"Annual","positive","air@surface",524,1471,1994,523,1,523,FALSE,TRUE,TRUE,TRUE,TRUE,TRUE,0,TRUE,FALSE,TRUE,TRUE,TRUE,"","criteria",TRUE,NA
"IC00STTY01A","X6cdP8kQhYurVJ3lJLZb","paleo1measurement1","d18O","permil",NA,NA,FALSE,"IC00STTY","GlacierIce",-77.78,158.72,2365,"Taylor Dome","1.0.15",1,"Annual","positive","air@surface",1044,2.61567164179097,1939.3,1936.68432835821,1.66456913828006,1936.68432835821,FALSE,TRUE,FALSE,TRUE,TRUE,TRUE,0,TRUE,FALSE,TRUE,TRUE,TRUE,"","criteria",TRUE,NA
"IC00THDS03A","raV8oqSVhhL3io2bZaFf","paleo1measurement2","d18O","permil",NA,NA,FALSE,"IC00THDS","GlacierIce",28.38,85.72,7200,"Dasuopu","1.0.15",1,"Jun-Aug","positive","air@surface",547,1450,1996,546,1,546,FALSE,TRUE,TRUE,TRUE,TRUE,TRUE,0,TRUE,FALSE,TRUE,TRUE,TRUE,"","criteria",FALSE,"cross-dataset"
"IC00THDS03B","raV8oqSVhhL3io2bZaFf","paleo1measurement1","d18O","permil",NA,NA,FALSE,"IC00THDS","GlacierIce",28.38,85.72,7200,"Dasuopu","1.0.15",1,"Jun-Aug","positive","air@surface",100,1010,1997,987,10,987,FALSE,TRUE,FALSE,TRUE,TRUE,TRUE,0,TRUE,FALSE,TRUE,TRUE,TRUE,"","criteria",TRUE,NA
"IC01JO0101A","Ka6CPveuBxXrFfVWExwd","paleo1measurement1","d18O","permil",NA,NA,FALSE,"IC01JO01","GlacierIce",-75.1,123.39,3233,"EDC Dome C","1.0.15",1,"Annual","positive","air@surface",140,2.59999999999991,1918.9435,1916.3435,14.3266659999999,1916.3435,FALSE,TRUE,FALSE,TRUE,TRUE,TRUE,0,TRUE,FALSE,TRUE,TRUE,TRUE,"","criteria",FALSE,"cross-dataset"
"IC02GR0501A","6Bkva3oByLKIOyet0gVc","paleo1measurement1","d18O","permil",NA,NA,FALSE,"IC02GR05","GlacierIce",-75,0.01,2882,"B32Site DML05","1.0.15",1,"Annual","positive","air@surface",1831,166,1996,1830,1,1830,FALSE,TRUE,TRUE,TRUE,TRUE,TRUE,0,TRUE,FALSE,TRUE,TRUE,TRUE,"","criteria",TRUE,NA
"IC02GR0701A","Ch8UMmeq6MNzpLurAIHx","paleo1measurement1","d18O","permil",NA,NA,FALSE,"IC02GR07","GlacierIce",-75.58,-3.43,2669,"B31Site DML07","1.0.15",1,"Annual","positive","air@surface",986,1000,1994,994,1,994,FALSE,TRUE,TRUE,TRUE,TRUE,TRUE,0,TRUE,FALSE,TRUE,TRUE,TRUE,"","criteria",FALSE,"cross-dataset"
"IC02GR1701A","x3Ps5JaMgdIxN7zYobFB","paleo1measurement1","d18O","permil",NA,NA,FALSE,"IC02GR17","GlacierIce",-75.17,6.5,3160,"B33Site DML17","1.0.15",1,"Annual","positive","air@surface",984,1000,1997,997,1,997,FALSE,TRUE,TRUE,TRUE,TRUE,TRUE,0,TRUE,FALSE,TRUE,TRUE,TRUE,"","criteria",FALSE,"cross-dataset"
"IC02HEWD01A","yrff3bUnNO8OgcxLatjz","paleo1measurement1","d18O","permil",NA,NA,FALSE,"IC02HEWD","GlacierIce",81,64,509,"Windy Dome","1.0.9",1,"Annual","positive","air@surface",771,1225,1995,770,1,770,FALSE,TRUE,TRUE,TRUE,TRUE,TRUE,11,TRUE,FALSE,TRUE,TRUE,TRUE,"","criteria",TRUE,NA
"IC02MUBI01A","pFLh2d8Y9PJ8Ln9pZtAS","paleo1measurement1","d18O","permil",NA,NA,FALSE,"IC02MUBI","GlacierIce",-79.57,-45.72,890,"Berkner Island (South) B25","1.0.15",1,"Annual","positive","air@surface",991,1000,1992,992,1,992,FALSE,TRUE,TRUE,TRUE,TRUE,TRUE,0,TRUE,FALSE,TRUE,TRUE,TRUE,"","criteria",FALSE,"cross-dataset"
"IC02STTA02A","TPXEOOTBiRuQufqcW2dK","paleo1measurement1","d2H","permil",NA,NA,FALSE,"IC02STTA","GlacierIce",-72.8,159.06,2316,"TD96 Talos Dome","1.0.15",1,"Annual","positive","air@surface",764,1232,1995,763,1,763,FALSE,TRUE,TRUE,TRUE,TRUE,TRUE,0,TRUE,FALSE,TRUE,TRUE,TRUE,"","criteria",TRUE,NA
"IC02THKI02A","sC0jKFLTtLOIrjesersO","paleo1measurement1","d18O","permil",NA,NA,FALSE,"IC02THKI","GlacierIce",-3.08,37.35,5893,"Kilimanjaro SIF2","1.0.12",1,"Annual","positive","air@surface",121,680,1950,1270,10,1270,FALSE,TRUE,FALSE,TRUE,TRUE,TRUE,0,TRUE,FALSE,TRUE,TRUE,TRUE,"","criteria",TRUE,NA
"IC02THKI03A","sC0jKFLTtLOIrjesersO","paleo1measurement1","d18O","permil",NA,NA,FALSE,"IC02THKI","GlacierIce",-3.08,37.35,5893,"Kilimanjaro SIF2","1.0.12",1,"Annual","positive","air@surface",150,460,1950,1490,10,1490,FALSE,TRUE,FALSE,TRUE,TRUE,TRUE,0,TRUE,FALSE,TRUE,TRUE,TRUE,"","criteria",TRUE,NA
"IC02THKI04A","sC0jKFLTtLOIrjesersO","paleo1measurement1","d18O","permil",NA,NA,FALSE,"IC02THKI","GlacierIce",-3.08,37.35,5893,"Kilimanjaro SIF2","1.0.12",1,"Annual","positive","air@surface",149,460,1950,1490,10,1490,FALSE,TRUE,FALSE,TRUE,TRUE,TRUE,0,TRUE,FALSE,TRUE,TRUE,TRUE,"","criteria",TRUE,NA
"IC05ISAU01A","9KWvwHqHL9yD8HPKuurO","paleo1measurement1","d18O","permil",NA,NA,FALSE,"IC05ISAU","GlacierIce",79.83,24,750,"Austfonna","1.0.14",1,"Annual","positive","air@surface",554,1400,1998,598,1,598,FALSE,TRUE,TRUE,TRUE,TRUE,TRUE,0,TRUE,FALSE,TRUE,TRUE,TRUE,"","criteria",TRUE,NA
"IC06THDD01A","xEljJ2CDhxvdXmbODx33","paleo1measurement1","d18O","permil",NA,NA,FALSE,"IC06THDD","GlacierIce",38.1,96.4,5325,"Dunde Ice Cap","1.0.15",1,"Summer","positive","air@surface",99,1010,1987,977,10,977,FALSE,TRUE,FALSE,TRUE,TRUE,TRUE,0,TRUE,FALSE,TRUE,TRUE,TRUE,"","criteria",TRUE,NA
"IC06THPR01A","lpb2vgyekehVCJEwWEQT","paleo1measurement1","d18O","permil",NA,NA,FALSE,"IC06THPR","GlacierIce",33.9167,89.0833,6070,"Puruogangri ice cap","1.0.9",1,"Summer","positive","air@surface",200,4.5,1994.5,1990,10,1990,FALSE,TRUE,FALSE,TRUE,TRUE,TRUE,0,TRUE,FALSE,TRUE,TRUE,TRUE,"","criteria",FALSE,"cross-dataset"
"IC06THPR02B","lpb2vgyekehVCJEwWEQT","paleo1measurement3","d18O","permil",NA,NA,FALSE,"IC06THPR","GlacierIce",33.9167,89.0833,6070,"Puruogangri ice cap","1.0.9",1,"Summer","positive","air@surface",200,4.5,1994.5,1990,10,1990,FALSE,TRUE,FALSE,TRUE,TRUE,TRUE,0,TRUE,FALSE,TRUE,TRUE,TRUE,"","criteria",TRUE,NA
"IC06VID301A","Xry2CCsPr5tIjfiXclfQ","paleo1measurement1","d18O","permil",NA,NA,FALSE,"IC06VID3","GlacierIce",65.18,-43.83,2480,"DYE-3","1.0.11",1,"Annual","positive","air@surface",98,20,1960,1940,20,1940,FALSE,TRUE,FALSE,TRUE,TRUE,TRUE,0,TRUE,FALSE,TRUE,TRUE,TRUE,"","criteria",FALSE,"cross-dataset"
"IC06VIGR01A","P51I37fcTRrjdZxJapTe","paleo1measurement1","d18O","permil",NA,NA,FALSE,"IC06VIGR","GlacierIce",72.3,-37.4,3238,"GRIP Full","1.0.15",1,"Annual","positive","air@surface",98,20,1960,1940,20,1940,FALSE,TRUE,FALSE,TRUE,TRUE,TRUE,0,TRUE,FALSE,TRUE,TRUE,TRUE,"","criteria",TRUE,NA
"IC06VING01A","Ftzl8h9MEcq8jEri2VsC","paleo1measurement1","d18O","permil",NA,NA,FALSE,"IC06VING","GlacierIce",75.1,-42.32,2917,"NGRIP","1.0.15",1,"Annual","positive","air@surface",98,20,1960,1940,20,1940,FALSE,TRUE,FALSE,TRUE,TRUE,TRUE,0,TRUE,FALSE,TRUE,TRUE,TRUE,"","criteria",TRUE,NA
"IC06WAML01A","vDduTUlubvYdFjAlTXhO","paleo1measurement1","d18O","permil",NA,NA,FALSE,"IC06WAML","GlacierIce",35.81,90.76,5680,"Malan Glacier","1.0.11",1,"Summer","positive","air@surface",871,1129,1999,870,1,870,FALSE,TRUE,TRUE,TRUE,TRUE,TRUE,0,TRUE,FALSE,TRUE,TRUE,TRUE,"","criteria",TRUE,NA
"IC07KADF01A","QVo1slUJ5Zj8d0woMruy","paleo1measurement1","d18O","permil",NA,NA,FALSE,"IC07KADF","GlacierIce",-77.32,39.7,3810,"Dome F 1993","1.0.15",1,"Annual","positive","air@surface",231,423.79412864,1467.20875064,1043.414622,4.44027303000007,1043.414622,FALSE,TRUE,FALSE,TRUE,TRUE,TRUE,0,TRUE,FALSE,TRUE,TRUE,TRUE,"","criteria",FALSE,"cross-dataset"
"IC08HODF02A","cfs4ydXYTXUkKS2U2xPQ","paleo1measurement1","d18O","permil",NA,NA,FALSE,"IC08HODF","GlacierIce",-77.32,39.7,3810,"Dome F 2001","1.0.15",1,"Annual","positive","air@surface",120,695,1875,1180,9.83000000000015,1180,FALSE,TRUE,FALSE,TRUE,TRUE,TRUE,0,TRUE,FALSE,TRUE,TRUE,TRUE,"","criteria",FALSE,"cross-dataset"
"IC08VI7701A","WBBdkDkWLm8t5fbT2nwl","paleo1measurement1","d18O","permil",NA,NA,FALSE,"IC08VI77","GlacierIce",80.7,-73.1,1670,"Agassiz A77","1.0.11",1,"Annual","positive","air@surface",97,20,1940,1920,20,1920,FALSE,TRUE,FALSE,TRUE,TRUE,TRUE,0,TRUE,FALSE,TRUE,TRUE,TRUE,"","criteria",TRUE,NA
"IC08VI7901A","BLvOe16MMifbxApVJ52E","paleo1measurement1","d18O","permil",NA,NA,FALSE,"IC08VI79","GlacierIce",80.7,-73.1,1700,"Agassiz A79","1.0.9",1,"Annual","positive","air@surface",97,20,1940,1920,20,1920,FALSE,TRUE,FALSE,TRUE,TRUE,TRUE,0,TRUE,FALSE,TRUE,TRUE,TRUE,"","criteria",TRUE,NA
"IC08VI8401A","Ct0U6MSqcLYPogvALWRw","paleo1measurement1","d18O","permil",NA,NA,FALSE,"IC08VI84","GlacierIce",80.7,-73.1,1730,"Agassiz A84","1.0.10",1,"Annual","positive","air@surface",97,20,1940,1920,20,1920,FALSE,TRUE,FALSE,TRUE,TRUE,TRUE,0,TRUE,FALSE,TRUE,TRUE,TRUE,"","criteria",TRUE,NA
"IC08VI8701A","S1KWoqLbFrZxh8ihjRWm","paleo1measurement1","d18O","permil",NA,NA,FALSE,"IC08VI87","GlacierIce",80.7,-73.1,1730,"Agassiz A87","1.0.11",1,"Annual","positive","air@surface",97,20,1940,1920,20,1920,FALSE,TRUE,FALSE,TRUE,TRUE,TRUE,0,TRUE,FALSE,TRUE,TRUE,TRUE,"","criteria",TRUE,NA
"IC08VIRE01A","M0xE5vvgXtFWj6mUSZiz","paleo1measurement1","d18O","permil",NA,NA,FALSE,"IC08VIRE","GlacierIce",71.27,-26.73,2350,"Renland","1.0.8",1,"Annual","positive","air@surface",98,20,1960,1940,20,1940,FALSE,TRUE,FALSE,TRUE,TRUE,TRUE,73,TRUE,FALSE,TRUE,TRUE,TRUE,"","criteria",TRUE,NA
"IC09EIBE01A","w8wuD9Xfvjln2Vgt1b4k","paleo1measurement1","d18O","permil",NA,NA,FALSE,"IC09EIBE","GlacierIce",49.8067,86.56,4062,"Belukha glacier","1.0.15",1,"Mar-Nov","positive","air@surface",73,1255,1975,720,10,720,FALSE,TRUE,FALSE,TRUE,TRUE,TRUE,0,TRUE,FALSE,TRUE,TRUE,TRUE,"","criteria",TRUE,NA
"IC09KA7901A","xi6DpX7WhRWewkGSfaTC","paleo1measurement1","d18O","permil",NA,NA,FALSE,"IC09KA79","GlacierIce",80.7,-73.1,1700,"Agassiz A79","1.0.14",1,"Annual","positive","air@surface",1972,1,1972,1971,1,1971,FALSE,TRUE,TRUE,TRUE,TRUE,TRUE,0,TRUE,FALSE,TRUE,TRUE,TRUE,"","criteria",FALSE,"cross-dataset"
"IC09KAD301A","B6pCttsCzPnPsrLI2GNz","paleo1measurement1","d18O","permil",NA,NA,FALSE,"IC09KAD3","GlacierIce",65.18,-43.83,2477,"DYE-3","1.0.11",1,"Annual","positive","air@surface",198,5,1975,1970,10,1970,FALSE,TRUE,FALSE,TRUE,TRUE,TRUE,0,TRUE,FALSE,TRUE,TRUE,TRUE,"","criteria",TRUE,NA
"IC09KANG01A","WC56sytA9hJN4DaQvFkh","paleo1measurement1","d18O","permil",NA,NA,FALSE,"IC09KANG","GlacierIce",75.1,-42.32,2917,"NGRIP","1.0.14",1,"Annual","positive","air@surface",1995,1,1995,1994,1,1994,FALSE,TRUE,TRUE,TRUE,TRUE,TRUE,0,TRUE,FALSE,TRUE,TRUE,TRUE,"","criteria",FALSE,"cross-dataset"
"IC09VIA800A","Mj3xD1TIKGBoa4UoxtMG","paleo1measurement1","d18O","permil",NA,NA,FALSE,"IC09VIA8","GlacierIce",80.7,-73.1,1700,"Agassiz A84-A87","1.0.11",1,"Annual","positive","air@surface",98,20,1960,1940,20,1940,FALSE,TRUE,FALSE,TRUE,TRUE,TRUE,0,TRUE,FALSE,TRUE,TRUE,TRUE,"","criteria",TRUE,NA
"IC09VICC01A","7RPcK2E3LwPQBc9L1O0O","paleo1measurement1","d18O","permil",NA,NA,FALSE,"IC09VICC","GlacierIce",77.17,-61.13,1885,"Camp Century","1.0.14",1,"Annual","positive","air@surface",726,1242,1967,725,1,725,FALSE,TRUE,TRUE,TRUE,TRUE,TRUE,0,TRUE,FALSE,TRUE,TRUE,TRUE,"","criteria",FALSE,"cross-dataset"
"IC09VIRE01A","Ip5fl019DQSi5Ja3eBa0","paleo1measurement1","d18O","permil",NA,NA,FALSE,"IC09VIRE","GlacierIce",71.27,-26.73,2350,"Renland","1.0.10",1,"Annual","positive","air@surface",397,3,1983,1980,5,1980,FALSE,TRUE,FALSE,TRUE,TRUE,TRUE,0,TRUE,FALSE,TRUE,TRUE,TRUE,"","criteria",FALSE,"cross-dataset"
"IC10VICR01A","JtK3P1wvNgYCQXIQNYCb","paleo1measurement1","d18O","permil",NA,NA,FALSE,"IC10VICR","GlacierIce",71.12,-37.32,3174,"Crete","1.0.15",1,"Annual","positive","air@surface",1422,552,1973,1421,1,1421,FALSE,TRUE,TRUE,TRUE,TRUE,TRUE,0,TRUE,FALSE,TRUE,TRUE,TRUE,"","criteria",TRUE,NA
"IC10VICR01B","JtK3P1wvNgYCQXIQNYCb","paleo1measurement1","d18O","permil",NA,NA,FALSE,"IC10VICR","GlacierIce",71.12,-37.32,3174,"Crete","1.0.15",1,"Summer","positive","air@surface",1422,552,1973,1421,1,1421,FALSE,TRUE,TRUE,TRUE,TRUE,TRUE,0,TRUE,FALSE,TRUE,TRUE,TRUE,"","criteria",TRUE,NA
"IC10VIGR01A","pI33SEGBhVInfAyd6AlS","paleo1measurement1","d18O","permil",NA,NA,FALSE,"IC10VIGR","GlacierIce",72.58,-37.64,3200,"GRIP","1.0.14",1,"Annual","positive","air@surface",1979,1,1979,1978,1,1978,FALSE,TRUE,TRUE,TRUE,TRUE,TRUE,0,TRUE,FALSE,TRUE,TRUE,TRUE,"","criteria",FALSE,"cross-dataset"
"IC11BEVL01A","yAEnJ1CxUIj0sNpWnQcH","paleo1measurement1","d2H","permil",NA,NA,FALSE,"IC11BEVL","GlacierIce",-77.33,162.53,626,"VLG","1.0.15",1,"Annual","positive","air@surface",861,1140,2000,860,1,860,FALSE,TRUE,TRUE,TRUE,TRUE,TRUE,0,TRUE,FALSE,TRUE,TRUE,TRUE,"","criteria",TRUE,NA
"IC11DILO01A","RjG1hTHuQLgkuv5aotw3","paleo1measurement1","d18O","permil",NA,NA,FALSE,"IC11DILO","GlacierIce",78.86,17.42,1250,"Lomonosovfonna","1.0.8",1,"Dec-Feb","positive","air@surface",1229,769,1997,1228,1,1228,FALSE,TRUE,TRUE,TRUE,TRUE,TRUE,1229,TRUE,FALSE,TRUE,TRUE,TRUE,"","criteria",TRUE,NA
"IC11KIPW01A","VKfDdOiP210VeZyMnd1U","paleo1measurement1","d18O","permil",NA,NA,FALSE,"IC11KIPW","GlacierIce",78.4,-80.4,2030,"Prince-of-Wales","1.0.14",1,"Annual","positive","air@surface",1845,151,1995,1844,1,1844,FALSE,TRUE,TRUE,TRUE,TRUE,TRUE,0,TRUE,FALSE,TRUE,TRUE,TRUE,"","criteria",TRUE,NA
"IC11LAB401A","Dmc2ShXDaHSjvH5sH5Yg","paleo1measurement1","d18O","permil",NA,NA,FALSE,"IC11LAB4","GlacierIce",-70.86,11.54,703,"IND 22B4 Coastal DML","1.0.15",1,"Annual","positive","air@surface",462,1533,1994,461,1,461,FALSE,TRUE,TRUE,TRUE,TRUE,TRUE,0,TRUE,FALSE,TRUE,TRUE,TRUE,"","criteria",TRUE,NA
"IC11STTA01A","iMAqMz6iqMFUTeC1uJuH","paleo1measurement1","d18O","permil",NA,NA,FALSE,"IC11STTA","GlacierIce",-72.82,159.18,2315,"TALDICE -Talos Dome","1.0.15",1,"Annual","positive","air@surface",183,4.29999999999995,1990.838,1986.538,11.5999999999999,1986.538,FALSE,TRUE,FALSE,TRUE,TRUE,TRUE,0,TRUE,FALSE,TRUE,TRUE,TRUE,"","criteria",TRUE,NA
"IC12MUJR01A","WcwADMUe8WsmsPXTde4B","paleo1measurement1","d2H","permil",NA,NA,FALSE,"IC12MUJR","GlacierIce",-64.2,-57.69,1542,"James Ross Island","1.0.15",1,"Annual","positive","air@surface",2007,1,2007,2006,1,2006,FALSE,TRUE,TRUE,TRUE,TRUE,TRUE,0,TRUE,FALSE,TRUE,TRUE,TRUE,"","criteria",TRUE,NA
"IC12RHME01A","DuxqPi9iRKY3fchicHeO","paleo1measurement1","d2H","permil",NA,NA,FALSE,"IC12RHME","GlacierIce",-77.52,167.68,1600,"Mt Erebus Saddle - MES","1.0.15",1,"Annual","positive","air@surface",6510,1472.646,2006.897,534.251,0.0790000000001783,534.251,FALSE,TRUE,TRUE,TRUE,TRUE,TRUE,0,TRUE,FALSE,TRUE,TRUE,TRUE,"","criteria",TRUE,NA
"IC13OPAN01A","IOJ7Bnr0DlXJbRjtehzU","paleo1measurement1","d18O","permil",NA,NA,FALSE,"IC13OPAN","GlacierIce",80.52,94.82,750,"Akademii Nauk","1.0.9",1,"Annual","positive","air@surface",1099,900,1998,1098,1,1098,FALSE,TRUE,TRUE,TRUE,TRUE,TRUE,0,TRUE,FALSE,TRUE,TRUE,TRUE,"","criteria",FALSE,"cross-dataset"
"IC13PALD01A","5TJCh5cATYd9ENy5GKf5","paleo1measurement1","d18O","permil",NA,NA,FALSE,"IC13PALD","GlacierIce",-66.77,112.81,1370,"DSS Law Dome","1.0.15",1,"Annual","positive","air@surface",1823,173,1995,1822,1,1822,FALSE,TRUE,TRUE,TRUE,TRUE,TRUE,0,TRUE,FALSE,TRUE,TRUE,TRUE,"","criteria",TRUE,NA
"IC13ST0101A","LlPgY4ULsNBoNxsFuI7z","paleo1measurement1","d18O","permil",NA,NA,FALSE,"IC13ST01","GlacierIce",-79.38,-111.24,1791,"US-ITASE-2000-1","1.0.15",1,"Annual","positive","air@surface",3243,1673.293,2000.9857,327.6927,0.0892499999999927,327.6927,FALSE,TRUE,TRUE,TRUE,TRUE,TRUE,0,TRUE,FALSE,TRUE,TRUE,TRUE,"","criteria",FALSE,"cross-dataset"
"IC13ST2401A","kbiUEn0EORieayszOvQK","paleo1measurement1","d18O","permil",NA,NA,FALSE,"IC13ST24","GlacierIce",-86.5,-107.99,2586,"US-ITASE-2002-4","1.0.15",1,"Annual","positive","air@surface",3483,1593.5104,2002.93975,409.42935,0.113349999999969,409.42935,FALSE,TRUE,TRUE,TRUE,TRUE,TRUE,0,TRUE,FALSE,TRUE,TRUE,TRUE,"","criteria",FALSE,"cross-dataset"
"IC13STN801A","q8uaWZuApXSkVXgGB1Ln","paleo1measurement1","d18O","permil",NA,NA,FALSE,"IC13STN8","GlacierIce",-74.88,1.6,2907,"NUS 08-7","1.0.15",1,"Annual","positive","air@surface",2413,1382.7403,2008.5698,625.8295,0.237899999999854,625.8295,FALSE,TRUE,TRUE,TRUE,TRUE,TRUE,0,TRUE,FALSE,TRUE,TRUE,TRUE,"","criteria",TRUE,NA
"IC13STWD02A","ZLrwrdOy34w6brYcOld8","paleo1measurement1","d18O","permil",NA,NA,FALSE,"IC13STWD","GlacierIce",-79.46,-112.09,1806,"WDC05A","1.0.11",1,"Annual","positive","air@surface",1220,786,2005,1219,1,1219,FALSE,TRUE,TRUE,TRUE,TRUE,TRUE,0,TRUE,FALSE,TRUE,TRUE,TRUE,"","criteria",FALSE,"cross-dataset"
"IC13STWD02A2","ZLrwrdOy34w6brYcOld8","paleo1measurement1","d18O","permil",NA,NA,FALSE,"IC13STWD","GlacierIce",-79.46,-112.09,1806,"WDC05A","1.0.11",1,"Annual","positive","air@surface",1220,786,2005,1219,1,1219,FALSE,TRUE,TRUE,TRUE,TRUE,TRUE,0,TRUE,FALSE,TRUE,TRUE,TRUE,"","criteria",FALSE,"cross-dataset"
"IC13THFE01A","LwfxaGBfNbxjKgAKqgBg","paleo1measurement1","d2H","permil",NA,NA,FALSE,"IC13THFE","GlacierIce",-74.57,-86.9,1354,"Ferrigno","1.0.15",1,"Annual","positive","air@surface",308,1703,2010,307,1,307,FALSE,TRUE,TRUE,TRUE,TRUE,TRUE,0,TRUE,FALSE,TRUE,TRUE,TRUE,"","criteria",TRUE,NA
"IC14EKVK00A","i0pwWxERMwsndi4L3jE7","paleo1measurement1","d2H","permil",NA,NA,FALSE,"IC14EKVK","GlacierIce",-78.47,106.83,3488,"Vostok composite VRS13 ( a stack of 15 individual isotopic records from snow pits and shallow cores recovered in the vicinity of Vostok Station)","1.0.15",1,"Nov-Jan","positive","air@surface",357,1654,2010,356,1,356,FALSE,TRUE,TRUE,TRUE,TRUE,TRUE,0,TRUE,FALSE,TRUE,TRUE,TRUE,"","criteria",TRUE,NA
"IC16WE1701A","XSwEVmg2suUgbm3C9UcQ","paleo1measurement1","d18O","permil",NA,NA,FALSE,"IC16WE17","GlacierIce",75.2504,-37.6248,2820,"B17","1.0.10",1,"Annual","positive","air@surface",630,1363,1992,629,1,629,FALSE,TRUE,TRUE,TRUE,TRUE,TRUE,0,TRUE,FALSE,TRUE,TRUE,TRUE,"","criteria",TRUE,NA
"IC16WE1901A","nSX0Eb4pXOrNg1dfLbQH","paleo1measurement1","d18O","permil",NA,NA,FALSE,"IC16WE19","GlacierIce",78.0006,-36.3978,2234,"B19","1.0.15",1,"Annual","positive","air@surface",1201,753,1953,1200,1,1200,FALSE,TRUE,TRUE,TRUE,TRUE,TRUE,0,TRUE,FALSE,TRUE,TRUE,TRUE,"","criteria",TRUE,NA
"IC16WE2001A","RiAHj8PXTcbh0uFSk5fi","paleo1measurement1","d18O","permil",NA,NA,FALSE,"IC16WE20","GlacierIce",78.8333,-36.5,2147,"B20","1.0.14",1,"Annual","positive","air@surface",1219,775,1993,1218,1,1218,FALSE,TRUE,TRUE,TRUE,TRUE,TRUE,0,TRUE,FALSE,TRUE,TRUE,TRUE,"","criteria",TRUE,NA
"IC16WE2201A","JRvYhaaOrdWCjlQI8WrH","paleo1measurement1","d18O","permil",NA,NA,FALSE,"IC16WE22","GlacierIce",79.3414,-45.9116,2242,"B22","1.0.15",1,"Annual","positive","air@surface",622,1372,1993,621,1,621,FALSE,TRUE,TRUE,TRUE,TRUE,TRUE,0,TRUE,FALSE,TRUE,TRUE,TRUE,"","criteria",TRUE,NA
"IC16WE2301A","bo8jonsVqKFI6CgyqN6F","paleo1measurement1","d18O","permil",NA,NA,FALSE,"IC16WE23","GlacierIce",78,-44,2543,"B23","1.0.15",1,"Annual","positive","air@surface",971,1023,1993,970,1,970,FALSE,TRUE,TRUE,TRUE,TRUE,TRUE,0,TRUE,FALSE,TRUE,TRUE,TRUE,"","criteria",TRUE,NA
"IC16WE2701A","AqZnxntnDcACVNpwEeBq","paleo1measurement1","d18O","permil",NA,NA,FALSE,"IC16WE27","GlacierIce",76.6594,-46.4837,2733,"B27","1.0.15",1,"Annual","positive","air@surface",780,1195,1994,799,1,799,FALSE,TRUE,TRUE,TRUE,TRUE,TRUE,0,TRUE,FALSE,TRUE,TRUE,TRUE,"","criteria",TRUE,NA
"IC16WE3001A","cAY7mhrGgtubsRtvIQ25","paleo1measurement1","d18O","permil",NA,NA,FALSE,"IC16WE30","GlacierIce",75.0016,-42.0004,2947,"B30","1.0.15",1,"Annual","positive","air@surface",747,1242,1988,746,1,746,FALSE,TRUE,TRUE,TRUE,TRUE,TRUE,0,TRUE,FALSE,TRUE,TRUE,TRUE,"","criteria",TRUE,NA
"IC16WENG00A","DLtLlTPGpI1y0x6xrIjd","paleo1measurement1","d18O","z score",NA,NA,FALSE,"IC16WENG","GlacierIce",76,-46,NA,"NG-stack","1.0.15",1,"Annual","positive","air@surface",1242,753,1994,1241,1,1241,FALSE,TRUE,TRUE,TRUE,TRUE,TRUE,0,TRUE,FALSE,TRUE,TRUE,TRUE,"","criteria",TRUE,NA
"IC17BERI01A","nmk0AF1iw4I1skS6PecN","paleo1measurement1","d2H","permil",NA,NA,FALSE,"IC17BERI","GlacierIce",-79.36,-161.7,550,"RICE (Rosevelt Island)","1.0.15",1,"Annual","positive","air@surface",2012,1,2012,2011,1,2011,FALSE,TRUE,TRUE,TRUE,TRUE,TRUE,0,TRUE,FALSE,TRUE,TRUE,TRUE,"","criteria",TRUE,NA
"IC17EK4K01A","sIbK6viC496fNBQFsOrm","paleo1measurement1","d2H","permil",NA,NA,FALSE,"IC17EK4K","GlacierIce",-69.95,95.62,2777,"400th km","1.0.15",1,"Annual","positive","air@surface",150,1254,1987,733,5,733,FALSE,TRUE,FALSE,TRUE,TRUE,TRUE,0,TRUE,FALSE,TRUE,TRUE,TRUE,"","criteria",TRUE,NA
"IC76FIDE01A","ZZtjaByzW0WcicOQM2wE","paleo1measurement1","d18O","permil",NA,NA,FALSE,"IC76FIDE","GlacierIce",75.33,-82.5,1800,"Devon Ice Cap","1.0.11",1,"Annual","positive","air@surface",395,1,1971,1970,5,1970,FALSE,TRUE,FALSE,TRUE,TRUE,TRUE,0,TRUE,FALSE,TRUE,TRUE,TRUE,"","criteria",FALSE,"cross-dataset"
"IC76FIDE02A","ZZtjaByzW0WcicOQM2wE","paleo2measurement1","d18O","permil",NA,NA,FALSE,"IC76FIDE","GlacierIce",75.33,-82.5,1800,"Devon Ice Cap","1.0.11",1,"Annual","positive","air@surface",450,1509,1958,449,1,449,FALSE,TRUE,TRUE,TRUE,TRUE,TRUE,0,TRUE,FALSE,TRUE,TRUE,TRUE,"","criteria",TRUE,NA
"IC93BAGI01A","Z01l7P7eZ6HbMLNlfSrV","paleo1measurement1","d2H","permil",NA,NA,FALSE,"IC93BAGI","GlacierIce",72.59,-38.46,3200,"GISP2-B","1.0.14",1,"Annual","positive","air@surface",686,1300,1985,685,1,685,FALSE,TRUE,TRUE,TRUE,TRUE,TRUE,0,TRUE,FALSE,TRUE,TRUE,TRUE,"","criteria",TRUE,NA
"IC93BAGI02A","Z01l7P7eZ6HbMLNlfSrV","paleo1measurement2","d2H","permil",NA,NA,FALSE,"IC93BAGI","GlacierIce",72.59,-38.46,3200,"GISP2-B","1.0.14",1,"Annual","positive","air@surface",6029,1270.0556,1986.7942,716.7386,0.111100000000079,716.7386,FALSE,TRUE,TRUE,TRUE,TRUE,TRUE,0,TRUE,FALSE,TRUE,TRUE,TRUE,"","criteria",TRUE,NA
"IC94THDP01A","Yt5JnM7GW4oWLWyZZoIN","paleo1measurement1","d18O","permil",NA,NA,FALSE,"IC94THDP","GlacierIce",-70.68,-64.87,2002,"Dyer Plateau","1.0.15",1,"Annual","positive","air@surface",484,1505,1988,483,1,483,FALSE,TRUE,TRUE,TRUE,TRUE,TRUE,0,TRUE,FALSE,TRUE,TRUE,TRUE,"","criteria",TRUE,NA
"IC95FI8701A","CKntJjdu9ZwChJkOK3rK","paleo1measurement1","d18O","permil",NA,NA,FALSE,"IC95FI87","GlacierIce",80.7,-73.1,1730,"Agassiz A87","1.0.15",1,"Annual","positive","air@surface",658,1304,1961,657,1,657,FALSE,TRUE,TRUE,TRUE,TRUE,TRUE,0,TRUE,FALSE,TRUE,TRUE,TRUE,"","criteria",TRUE,NA
"IC95THHU02D","vd6YKHRd4wwkIRdEjPPN","paleo1measurement3","d18O","permil","d18O","isotopic",FALSE,"NevadoHuascaran.Thompson.1995","GlacierIce",-9,-77.5,6048,"Nevado Huascaran Core 2","1.0.7",1,NA,"positive","air@surface",20,50,1950,1900,100,1900,FALSE,TRUE,FALSE,TRUE,FALSE,TRUE,0,TRUE,FALSE,TRUE,TRUE,TRUE,"resolution","data-poor exception",FALSE,"cross-dataset"
"IC95THHU02D_iso2k","DigAWmp8Cwr1trt9z34F","paleo1measurement3","d18O","permil",NA,NA,FALSE,"IC95THHU","GlacierIce",-9,-77.5,6048,"Nevado HuascarA¡n Core 2","1.0.11",1,"Annual","positive","air@surface",20,50,1950,1900,100,1900,FALSE,TRUE,FALSE,TRUE,FALSE,TRUE,0,TRUE,FALSE,TRUE,TRUE,TRUE,"resolution","data-poor exception",TRUE,NA
"IC96MOSS01A","UkgxiPcXG48HzFijtZso","paleo1measurement1","d18O","permil",NA,NA,FALSE,"IC96MOSS","GlacierIce",-75.92,-84.25,1054,"Siple Station","1.0.15",1,"Annual","positive","air@surface",567,1417,1983,566,1,566,FALSE,TRUE,TRUE,TRUE,TRUE,TRUE,0,TRUE,FALSE,TRUE,TRUE,TRUE,"","criteria",FALSE,"cross-dataset"
"IC97GRGI01A","qhG6oRZfXsrynS5KkrCk","paleo1measurement1","d18O","permil",NA,NA,FALSE,"IC97GRGI","GlacierIce",72.6,-38.5,3200,"GISP2","1.0.14",1,"Annual","positive","air@surface",1170,818,1987,1169,1,1169,FALSE,TRUE,TRUE,TRUE,TRUE,TRUE,0,TRUE,FALSE,TRUE,TRUE,TRUE,"","criteria",TRUE,NA
"IC97THGL01A","H6qni3qeS1mbd0GdtYF2","paleo1measurement1","d18O","permil",NA,NA,FALSE,"IC97THGL","GlacierIce",35.2833,81.4833,6200,"Guliya","1.0.15",1,"Annual","positive","air@surface",99,1010,1990,980,10,980,FALSE,TRUE,FALSE,TRUE,TRUE,TRUE,0,TRUE,FALSE,TRUE,TRUE,TRUE,"","criteria",TRUE,NA
"IC98FIPE01A","UZJmTGG4JVWxdNiMRDV5","paleo1measurement1","d18O","permil",NA,NA,FALSE,"IC98FIPE","GlacierIce",67.25,-66.75,1900,"Penny Ice cap","1.0.14",1,"Annual","positive","air@surface",80,5,1980,1975,25,1975,FALSE,TRUE,FALSE,TRUE,TRUE,TRUE,0,TRUE,FALSE,TRUE,TRUE,TRUE,"","criteria",FALSE,"cross-dataset"
"IW15MELD00A","hTUATK17HcSOc4H4ZyOm","paleo1measurement1","d18O","permil",NA,NA,FALSE,"IW15MELD","GroundIce",72.4,126,10,"Lena River Delta","1.1.6",1,"Dec-May","positive","air@surface",24,272,1977,1705,41,1705,FALSE,TRUE,FALSE,TRUE,TRUE,FALSE,0,TRUE,TRUE,TRUE,TRUE,TRUE,"","criteria",TRUE,NA
"lcR033c6etZ5h9OcnHG","LC9d732362db698792b8631e1ee5beca13","paleo1measurement1","temperature","degC","pollen","pollen",FALSE,"LilyWarwick.Fuller.1998","LakeSediment",42.6884,-72.3372,269,"Lily Warwick","1.0.3",1,"Annual","positive","air@surface",61,710,1980,1270,20,1270,FALSE,TRUE,FALSE,TRUE,TRUE,FALSE,6,TRUE,FALSE,TRUE,TRUE,TRUE,"","criteria",FALSE,"within-dataset"
"lcR03p9fwyNa6X41S4D","LCbe87d192874cb2166b17613baa82c3b6","paleo1measurement1","temperature","degC","pollen","pollen",TRUE,"LakeKvarntrask.SarmajaKorjonen.1991","LakeSediment",60.3458,19.9717,14,"Lake Kvarntrask","1.0.3",1,"Jul","positive","air@surface",59,30,1990,1960,30,1960,FALSE,TRUE,FALSE,TRUE,TRUE,FALSE,4,TRUE,FALSE,TRUE,TRUE,TRUE,"","criteria",FALSE,"within-dataset"
"lcR07oPrxtq438dh6gu","LCd982ea989d8a7fff48a48af9739f9ad4","paleo1measurement1","temperature","degC","pollen","pollen",FALSE,"Songjiang.Zhang.2008","FluvialSediment",50.4,80.4667,210,"Songjiang","1.0.3",1,"Annual","positive","air@surface",12,1210,1990,780,50,780,FALSE,TRUE,FALSE,TRUE,TRUE,FALSE,5,TRUE,FALSE,TRUE,TRUE,TRUE,"","criteria",FALSE,"within-dataset"
"lcR0b7dbb501xuLtuao","LC39ff783e7e9708576fa14f8fcac481fc","paleo1measurement1","temperature","degC","pollen","pollen",TRUE,"Langarud.Haghani.2015","Peat",37.1856,50.1475,NA,"Langarud","1.0.3",1,"Annual","positive","air@surface",15,1350,2000,650,30,650,FALSE,TRUE,FALSE,TRUE,TRUE,FALSE,2,TRUE,FALSE,TRUE,TRUE,TRUE,"","criteria",TRUE,NA
"lcR0DikImBmW2EWEugt","LCf6415cac0a63bd9f68d1ee7a4222de70","paleo1measurement1","temperature","degC","pollen","pollen",FALSE,"OverGunnarsfjorden.Allen.2007","LakeSediment",71.0381,28.1691,78,"Over Gunnarsfjorden","1.0.8",1,"Annual","positive","air@surface",43,10,2000,1990,50,1990,FALSE,TRUE,FALSE,TRUE,TRUE,FALSE,23,TRUE,FALSE,TRUE,TRUE,TRUE,"","criteria",FALSE,"within-dataset"
"lcR0DUmJTZfLLbWDv0E","LCd14eff7df1294fb19d0dd82c9b065357","paleo1measurement1","temperature","degC","pollen","pollen",FALSE,"Kirkkosaari.Rankama.1988","Peat",60.8577,24.4906,83,"Kirkkosaari","1.0.5",1,"Annual","positive","air@surface",39,30,1990,1960,30,1960,FALSE,TRUE,FALSE,TRUE,TRUE,FALSE,4,TRUE,FALSE,TRUE,TRUE,TRUE,"","criteria",FALSE,"within-dataset"
"lcR0E9BijjurSRbVrps","LC00c9560652ae524c6e9d33bf622f81c3","paleo1measurement1","temperature","degC","pollen","pollen",FALSE,"MobecheForest.CletPellerin.1993","Other",48.5167,-1,200,"Mobeche Forest","1.0.3",1,"Annual","positive","air@surface",77,870,1910,1040,10,1040,FALSE,TRUE,FALSE,TRUE,TRUE,FALSE,2,TRUE,FALSE,TRUE,TRUE,TRUE,"","criteria",FALSE,"within-dataset"
"lcR0eeJLNAyOazjygHP","LCf104d54d7480329ff23d1ad5362a18d1","paleo1measurement1","temperature","degC","pollen","pollen",TRUE,"KleinenMochowsee.Jahns.1999","LakeSediment",51.9964,14.1989,49,"Kleinen Mochowsee","1.0.3",1,"Annual","positive","air@surface",28,220,1960,1740,50,1740,FALSE,TRUE,FALSE,TRUE,TRUE,FALSE,4,TRUE,FALSE,TRUE,TRUE,TRUE,"","criteria",TRUE,NA
"lcR0Jt6pJoVrheCLGkr","LC91c1477c1244b5023888be34c6ab138a","paleo1measurement1","temperature","degC","pollen","pollen",TRUE,"Ortok.Beer.2008","LakeSediment",41.2456,73.2645,1786,"Ortok","1.0.3",1,"Jul","positive","air@surface",24,1100,1990,890,40,890,FALSE,TRUE,FALSE,TRUE,TRUE,FALSE,4,TRUE,FALSE,TRUE,TRUE,TRUE,"","criteria",FALSE,"within-dataset"
"lcR0JvCg9u5Pqz5rM4K","LCdf626fa7f98044fb3907947b192d21f7","paleo1measurement1","temperature","degC","pollen","pollen",FALSE,"Changeon.Cyprien.2001","FluvialSediment",47.2761,0.1319,28,"Changeon","1.0.3",1,"Jul","positive","air@surface",12,870,1920,1050,40,1050,FALSE,TRUE,FALSE,TRUE,TRUE,FALSE,2,TRUE,FALSE,TRUE,TRUE,TRUE,"","criteria",FALSE,"within-dataset"
"lcR0lIRGZy4Wyonc6rD","LC00c9560652ae524c6e9d33bf622f81c3","paleo1measurement1","temperature","degC","pollen","pollen",FALSE,"MobecheForest.CletPellerin.1993","Other",48.5167,-1,200,"Mobeche Forest","1.0.3",1,"Jul","positive","air@surface",77,870,1910,1040,10,1040,FALSE,TRUE,FALSE,TRUE,TRUE,FALSE,2,TRUE,FALSE,TRUE,TRUE,TRUE,"","criteria",FALSE,"within-dataset"
"lcR0seB1eAJKfcHnFap","LCeafd95a47f39eb3a63ae777b790c0413","paleo1measurement1","temperature","degC","pollen","pollen",FALSE,"Foyechi.Tong.1996","LakeSediment",37.3833,122.5167,NA,"Foyechi","1.0.3",1,"Jul","positive","air@surface",24,1010,1950,940,40,940,FALSE,TRUE,FALSE,TRUE,TRUE,FALSE,2,TRUE,FALSE,TRUE,TRUE,TRUE,"","criteria",FALSE,"within-dataset"
"lcR0ViGBMwU1OqYhbRI","LC5b857190d156dfce7b66f9bdb0837754","paleo1measurement1","temperature","degC","pollen","pollen",FALSE,"LakeSapanca.Leroy.2010","LakeSediment",40.7167,30.25,31,"Lake Sapanca","1.0.3",1,"Annual","positive","air@surface",38,20,1940,1920,30,1920,FALSE,TRUE,FALSE,TRUE,TRUE,FALSE,11,TRUE,FALSE,TRUE,TRUE,TRUE,"","criteria",FALSE,"within-dataset"
"lcR0wn4t193jjJYhR5d","LC9bd907f50becc892b0047bf9ecf13c06","paleo1measurement1","temperature","degC","pollen","pollen",FALSE,"Culazon.LopezSaez.2013","Peat",43.2328,-4.4892,592,"Culazon","1.0.5",1,"Jul","positive","air@surface",56,430,2030,1600,10,1600,FALSE,TRUE,FALSE,TRUE,TRUE,FALSE,12,TRUE,FALSE,TRUE,TRUE,TRUE,"","criteria",FALSE,"within-dataset"
"lcR0wqxeCcXRLYt50aE","LC5b857190d156dfce7b66f9bdb0837754","paleo1measurement1","temperature","degC","pollen","pollen",FALSE,"LakeSapanca.Leroy.2010","LakeSediment",40.7167,30.25,31,"Lake Sapanca","1.0.3",1,"Annual","positive","air@surface",38,20,1940,1920,30,1920,FALSE,TRUE,FALSE,TRUE,TRUE,FALSE,11,TRUE,FALSE,TRUE,TRUE,TRUE,"","criteria",FALSE,"within-dataset"
"lcR0Wz7AvWMsjnO2yYg","LC388ad7dacaa8ba591a83289ef3ae5db3","paleo1measurement1","temperature","degC","pollen","pollen",FALSE,"CharcodaCandieira.VanderKnaap.1984","LakeSediment",40.3417,-7.5764,1409,"Charco da Candieira","1.0.8",1,"Jul","positive","air@surface",48,100,2010,1910,20,1910,FALSE,TRUE,FALSE,TRUE,TRUE,FALSE,30,TRUE,FALSE,TRUE,TRUE,TRUE,"","criteria",FALSE,"within-dataset"
"lcR11P6TAFR1dNc59nE","LCb5f8ef048c71f4db0ea90eb2405a508d","paleo1measurement1","temperature","degC","pollen","pollen",FALSE,"BlackwoodSinkhole.Tamalavage.2018","LakeSediment",26.7987,-77.4234,0,"Blackwood Sinkhole","1.0.3",1,"Annual","positive","air@surface",85,20,1990,1970,20,1970,FALSE,TRUE,FALSE,TRUE,TRUE,FALSE,19,TRUE,FALSE,TRUE,TRUE,TRUE,"","criteria",FALSE,"within-dataset"
"lcR11RVOT1yi2Mg0xW2","LC1910f30a0f057ed283fad39a1cd6bb18","paleo1measurement1","temperature","degC","pollen","pollen",TRUE,"Fjallnas.Konigsson.1984","FluvialSediment",62.6159,12.1339,780,"Fjallnas","1.0.5",1,"Jul","positive","air@surface",25,110,2010,1900,45,1900,FALSE,TRUE,FALSE,TRUE,TRUE,FALSE,14,TRUE,FALSE,TRUE,TRUE,TRUE,"","criteria",FALSE,"within-dataset"
"lcR14TKKxPgqw2HPI57","LC68e80590eb1df722c2e8e44718661916","paleo1measurement1","temperature","degC","pollen","pollen",FALSE,"Adange.Kvavadze.1989","FluvialSediment",43.3056,41.3333,1750,"Adange","1.0.5",1,"Annual","positive","air@surface",28,10,2010,2000,50,2000,FALSE,TRUE,FALSE,TRUE,TRUE,FALSE,4,TRUE,FALSE,TRUE,TRUE,TRUE,"","criteria",FALSE,"within-dataset"
"lcR15twfUxvMIx7rgAy","LC35a486413b4b9991184a2fbd56495b76","paleo1measurement1","temperature","degC","pollen","pollen",TRUE,"MindenBog.Booth.2003","Peat",43.6037,-82.8639,239,"Minden Bog","1.0.3",1,"Annual","positive","air@surface",67,10,1970,1960,10,1960,FALSE,TRUE,FALSE,TRUE,TRUE,FALSE,11,TRUE,FALSE,TRUE,TRUE,TRUE,"","criteria",TRUE,NA
"lcR17exvqEAjQtybilR","LC0776497acf2baff80502e5b086e5cd70","paleo1measurement1","temperature","degC","pollen","pollen",FALSE,"KettleLake.Brown.2005","LakeSediment",48.6071,-103.624,605,"Kettle Lake","1.0.5",1,"Annual","positive","air@surface",162,10,2020,2010,10,2010,FALSE,TRUE,FALSE,TRUE,TRUE,FALSE,45,TRUE,FALSE,TRUE,TRUE,TRUE,"","criteria",FALSE,"within-dataset"
"lcR182WDTsORUuoumgn","LCc0330cab7fbaca277fe6aecbcfbb9dcd","paleo1measurement1","temperature","degC","pollen","pollen",FALSE,"PiermontMarsh.Pederson.2005","Peat",41.0276,-73.9084,0,"Piermont Marsh","1.0.3",1,"Jul","positive","air@surface",51,690,2010,1320,20,1320,FALSE,TRUE,FALSE,TRUE,TRUE,FALSE,9,TRUE,FALSE,TRUE,TRUE,TRUE,"","criteria",FALSE,"within-dataset"
"lcR1chjISyVThrzhh6q","LCc11db47aa5126e5e866550ac4234eca3","paleo1measurement1","temperature","degC","pollen","pollen",TRUE,"HiddenLake.Calder.2016","LakeSediment",40.5047,-106.6075,2704,"Hidden Lake","1.0.3",1,"Jul","positive","air@surface",27,120,1920,1800,50,1800,FALSE,TRUE,FALSE,TRUE,TRUE,FALSE,3,TRUE,FALSE,TRUE,TRUE,TRUE,"","criteria",FALSE,"within-dataset"
"lcR1FS9XhPYPtpzpVKz","LC4901aeddde5d6f5247f38492e2bf6c26","paleo1measurement1","temperature","degC","pollen","pollen",FALSE,"LagodiOriglio.Tinner.1999","LakeSediment",46.0515,8.9433,416,"Lago di Origlio","1.0.6",1,"Annual","positive","air@surface",35,30,2000,1970,40,1970,FALSE,TRUE,FALSE,TRUE,TRUE,FALSE,26,TRUE,FALSE,TRUE,TRUE,TRUE,"","criteria",FALSE,"within-dataset"
"lcR1G3SlvSKIu2sf4hB","LCfc7d011374a53ed99db2dc1881797569","paleo1measurement1","temperature","degC","pollen","pollen",FALSE,"FlorenceLake.Pellatt.2015","LakeSediment",48.4586,-123.513,81,"Florence Lake","1.0.3",1,"Annual","positive","air@surface",30,1450,2010,560,20,560,FALSE,TRUE,FALSE,TRUE,TRUE,FALSE,12,TRUE,FALSE,TRUE,TRUE,TRUE,"","criteria",FALSE,"within-dataset"
"lcR1jbfKacxmrzIqyjP","LC36d35f42781e9b0aece96ceabe028ffa","paleo1measurement1","temperature","degC","pollen","pollen",FALSE,"LAnseauxMeadowsSite.Davis.1988","Peat",51.5733,-55.55,5,"L'Anse aux Meadows Site","1.0.3",1,"Jul","positive","air@surface",58,30,1940,1910,30,1910,FALSE,TRUE,FALSE,TRUE,TRUE,FALSE,4,TRUE,FALSE,TRUE,TRUE,TRUE,"","criteria",FALSE,"within-dataset"
"lcR1JRryXNhI7IKOKrc","LC89c02913ec83498d5b848ac228341941","paleo1measurement1","temperature","degC","pollen","pollen",FALSE,"HerrenwieserSee.Rosch.2009","LakeSediment",48.6685,8.2955,830,"Herrenwieser See","1.0.3",1,"Annual","positive","air@surface",52,20,1990,1970,40,1970,FALSE,TRUE,FALSE,TRUE,TRUE,FALSE,15,TRUE,FALSE,TRUE,TRUE,TRUE,"","criteria",FALSE,"within-dataset"
"lcR1jXJXdmfV8dWV87K","LC68e80590eb1df722c2e8e44718661916","paleo1measurement1","temperature","degC","pollen","pollen",TRUE,"Adange.Kvavadze.1989","FluvialSediment",43.3056,41.3333,1750,"Adange","1.0.5",1,"Jul","positive","air@surface",28,10,2010,2000,50,2000,FALSE,TRUE,FALSE,TRUE,TRUE,FALSE,4,TRUE,FALSE,TRUE,TRUE,TRUE,"","criteria",FALSE,"within-dataset"
"lcR1MTq3r0OJDnrFxPt","LC6f94e5cfb8965877650f244bd869ac37","paleo1measurement1","temperature","degC","pollen","floral assemblage",FALSE,"StewartBog.JimenezMoreno.2008","Peat",35.832,-105.722,NA,"Stewart Bog","1.0.10",1,"Annual","positive","air@surface",37,60,1980,1920,35,1920,FALSE,TRUE,FALSE,TRUE,TRUE,FALSE,12,TRUE,FALSE,TRUE,TRUE,TRUE,"","criteria",FALSE,"within-dataset"
"lcR1oSLii5d1caOqJGb","LCcfea792613956259f5ad02e040df94d7","paleo1measurement1","temperature","degC","pollen","pollen",FALSE,"MaboMoss.Goransson.1977","Peat",58.0211,16.056,117,"Mabo Moss","1.1.0",1,"Annual","positive","air@surface",35,130,1690,1560,50,1560,FALSE,TRUE,FALSE,TRUE,TRUE,FALSE,17,TRUE,FALSE,TRUE,TRUE,TRUE,"","criteria",FALSE,"within-dataset"
"lcR1pXIqbEZzqSp5sXt","LC94ce029cd8aceb38acfc2b998e4411c8","paleo1measurement1","temperature","degC","pollen","pollen",FALSE,"Mars.Miras.2013","Peat",45.3053,1.8361,430,"Mars","1.0.3",1,"Jul","positive","air@surface",39,480,1870,1390,20,1390,FALSE,TRUE,FALSE,TRUE,TRUE,FALSE,8,TRUE,FALSE,TRUE,TRUE,TRUE,"","criteria",FALSE,"within-dataset"
"lcR1pyCYBdP7s7iFnpY","LCa59abc4cb5398ba6538f4f98fcd3b782","paleo1measurement1","temperature","degC","pollen","pollen",FALSE,"SlishLake.Dodson.1987","LakeSediment",54.2439,-8.3719,48,"Slish Lake","1.0.3",1,"Jul","positive","air@surface",39,10,1930,1920,40,1920,FALSE,TRUE,FALSE,TRUE,TRUE,FALSE,3,TRUE,FALSE,TRUE,TRUE,TRUE,"","criteria",FALSE,"within-dataset"
"lcR1srmTBLBXOL17IOH","LCbe87d192874cb2166b17613baa82c3b6","paleo1measurement1","temperature","degC","pollen","pollen",FALSE,"LakeKvarntrask.SarmajaKorjonen.1991","LakeSediment",60.3458,19.9717,14,"Lake Kvarntrask","1.0.3",1,"Annual","positive","air@surface",59,30,1990,1960,30,1960,FALSE,TRUE,FALSE,TRUE,TRUE,FALSE,4,TRUE,FALSE,TRUE,TRUE,TRUE,"","criteria",FALSE,"within-dataset"
"lcR1t11VHDUXKIyDZy2","LC700608d712e480226f683ca4687400b9","paleo2measurement1","temperature","degC","pollen","pollen",FALSE,"EtangdelaGruere.RoosBarraclough.2002","Peat",47.2406,7.05,1005,"Etang de la Gruere","1.0.6",1,"Annual","positive","air@surface",38,30,1990,1960,40,1960,FALSE,TRUE,FALSE,TRUE,TRUE,FALSE,31,TRUE,FALSE,TRUE,TRUE,TRUE,"","criteria",FALSE,"within-dataset"
"lcR1WDi2MlJ7iR4TrbF","LC7102aac5df21f90970ef90fb0a5808cb","paleo1measurement1","temperature","degC","pollen","pollen",FALSE,"Fuschlsee.Voigt.1996","LakeSediment",47.8042,13.2747,663,"Fuschlsee","1.0.5",1,"Annual","positive","air@surface",40,40,1980,1940,40,1940,FALSE,TRUE,FALSE,TRUE,TRUE,FALSE,20,TRUE,FALSE,TRUE,TRUE,TRUE,"","criteria",FALSE,"within-dataset"
"lcR1wjc5DqF7SM3HWmw","LC388ad7dacaa8ba591a83289ef3ae5db3","paleo1measurement1","temperature","degC","pollen","pollen",TRUE,"CharcodaCandieira.VanderKnaap.1984","LakeSediment",40.3417,-7.5764,1409,"Charco da Candieira","1.0.8",1,"Jul","positive","air@surface",48,100,2010,1910,20,1910,FALSE,TRUE,FALSE,TRUE,TRUE,FALSE,30,TRUE,FALSE,TRUE,TRUE,TRUE,"","criteria",FALSE,"within-dataset"
"lcR1ZdyGTzBbY0RPLk7","LCd45b4f0f21add22fe80f74c8111ad9e9","paleo1measurement1","temperature","degC","pollen","pollen",FALSE,"PasacacoPond.author.1111","LakeSediment",41.5167,-71.45,3,"Pasacaco Pond","1.0.3",1,"Jul","positive","air@surface",50,800,1960,1160,20,1160,FALSE,TRUE,FALSE,TRUE,TRUE,FALSE,3,TRUE,FALSE,TRUE,TRUE,TRUE,"","criteria",FALSE,"within-dataset"
"lcR20Z924i7ZXG81AON","LCd687efab1d0b5d43b49f2a1a8ea92f09","paleo1measurement1","temperature","degC","pollen","pollen",TRUE,"HerrenwieserSee.Rosch.2012","LakeSediment",48.6685,8.2955,830,"Herrenwieser See","1.0.5",1,"Annual","positive","air@surface",86,20,2000,1980,20,1980,FALSE,TRUE,FALSE,TRUE,TRUE,FALSE,26,TRUE,FALSE,TRUE,TRUE,TRUE,"","criteria",TRUE,NA
"lcR24c8Tl21giZsgzyk","LC78c26c7cbd368b7e8e182f1ab760c79d","paleo1measurement1","temperature","degC","pollen","pollen",FALSE,"AmberLake.UmbanhowarJr.2004","LakeSediment",43.6071,-94.4736,351,"Amber Lake","1.0.3",1,"Jul","positive","air@surface",15,1060,1880,820,50,820,FALSE,TRUE,FALSE,TRUE,TRUE,FALSE,3,TRUE,FALSE,TRUE,TRUE,TRUE,"","criteria",FALSE,"within-dataset"
"lcR24IQ4gdmLGGKoPkP","LCdf2db814cc9abf789b3593dd5d0bb4fd","paleo1measurement1","temperature","degC","pollen","pollen",FALSE,"LakeSambosjon.Digerfeldt.1982","LakeSediment",57.1631,12.4143,35,"Lake Sambosjon","1.0.5",1,"Jul","positive","air@surface",28,50,1910,1860,40,1860,FALSE,TRUE,FALSE,TRUE,TRUE,FALSE,15,TRUE,FALSE,TRUE,TRUE,TRUE,"","criteria",FALSE,"within-dataset"
"lcR25omLslI47JTumLM","LC12f454481626c65dd1385b2dcf44fca6","paleo1measurement1","temperature","degC","pollen","pollen",FALSE,"Verkhnee.Beer.2008","LakeSediment",41.3091,72.9576,1440,"Verkhnee","1.0.3",1,"Annual","positive","air@surface",71,410,1980,1570,20,1570,FALSE,TRUE,FALSE,TRUE,TRUE,FALSE,4,TRUE,FALSE,TRUE,TRUE,TRUE,"","criteria",FALSE,"within-dataset"
"lcR261cdFIoUWnKEZ5m","LCadcfe8536795f68ee6e81530b65fa188","paleo1measurement1","temperature","degC","pollen","pollen",TRUE,"PenaNegra.AbelSchaad.2013","Peat",40.3347,-5.7922,1258,"Pena Negra","1.0.3",1,"Annual","positive","air@surface",44,130,2010,1880,40,1880,FALSE,TRUE,FALSE,TRUE,TRUE,FALSE,7,TRUE,FALSE,TRUE,TRUE,TRUE,"","criteria",TRUE,NA
"lcR26hacBbYjoOCqq0R","LCe854dd479471e325b1d07f2f917d9b75","paleo1measurement1","temperature","degC","pollen","pollen",TRUE,"Carquefou.Cyprien.2001","Peat",47.3092,-1.4769,11,"Carquefou","1.0.7",1,"Annual","positive","air@surface",23,920,1930,1010,40,1010,FALSE,TRUE,FALSE,TRUE,TRUE,FALSE,3,TRUE,FALSE,TRUE,TRUE,TRUE,"","criteria",TRUE,NA
"lcR2BTqnkHxtvMCOUFb","LCcfea792613956259f5ad02e040df94d7","paleo1measurement1","temperature","degC","pollen","floral assemblage",TRUE,"MaboMoss.Goransson.1977","Peat",58.0211,16.056,117,"Mabo Moss","1.1.0",1,"Annual","positive","air@surface",35,130,1690,1560,50,1560,FALSE,TRUE,FALSE,TRUE,TRUE,FALSE,17,TRUE,FALSE,TRUE,TRUE,TRUE,"","criteria",TRUE,NA
"lcR2CFrXjshhCUuuQ1V","LC6c5c0db5c21ab355c41dd706fa3fa9f8","paleo1measurement1","temperature","degC","pollen","pollen",FALSE,"HornstaadHornle.Rosch.1992","LakeSediment",47.6946,9.0066,385,"Hornstaad-Hornle","1.0.5",1,"Annual","positive","air@surface",186,10,1960,1950,10,1950,FALSE,TRUE,FALSE,TRUE,TRUE,FALSE,15,TRUE,FALSE,TRUE,TRUE,TRUE,"","criteria",FALSE,"within-dataset"
"lcR2ebEJCiXids7yKMp","LC2528ae10087abb06caeca58f8079389a","paleo1measurement1","temperature","degC","pollen","pollen",FALSE,"MaksimkinYar.Blyakharchuk.1980","Peat",58.6952,86.7855,150,"Maksimkin Yar","1.0.3",1,"Jul","positive","air@surface",10,680,1940,1260,90,1260,FALSE,TRUE,FALSE,TRUE,FALSE,FALSE,4,FALSE,FALSE,TRUE,TRUE,TRUE,"resolution;chronology","data-poor exception",FALSE,"within-dataset"
"lcR2EM1X1A6WcbgqUBN","LC1910f30a0f057ed283fad39a1cd6bb18","paleo1measurement1","temperature","degC","pollen","pollen",FALSE,"Fjallnas.Konigsson.1984","FluvialSediment",62.6159,12.1339,780,"Fjallnas","1.0.5",1,"Annual","positive","air@surface",25,110,2010,1900,45,1900,FALSE,TRUE,FALSE,TRUE,TRUE,FALSE,14,TRUE,FALSE,TRUE,TRUE,TRUE,"","criteria",FALSE,"within-dataset"
"lcR2eoOfYuPsVm55GkY","LCf6415cac0a63bd9f68d1ee7a4222de70","paleo1measurement1","temperature","degC","pollen","pollen",FALSE,"OverGunnarsfjorden.Allen.2007","LakeSediment",71.0381,28.1691,78,"Over Gunnarsfjorden","1.0.8",1,"Annual","positive","air@surface",43,10,2000,1990,50,1990,FALSE,TRUE,FALSE,TRUE,TRUE,FALSE,23,TRUE,FALSE,TRUE,TRUE,TRUE,"","criteria",FALSE,"within-dataset"
"lcR2fubjul0gXC1PYoT","LC0776497acf2baff80502e5b086e5cd70","paleo1measurement1","temperature","degC","pollen","pollen",FALSE,"KettleLake.Brown.2005","LakeSediment",48.6071,-103.624,605,"Kettle Lake","1.0.5",1,"Jul","positive","air@surface",162,10,2020,2010,10,2010,FALSE,TRUE,FALSE,TRUE,TRUE,FALSE,45,TRUE,FALSE,TRUE,TRUE,TRUE,"","criteria",FALSE,"within-dataset"
"lcR2gGsJwEqjyLfW9zA","LC5cd0bf1248bd51ce10c4cd494558d64b","paleo1measurement1","temperature","degC","pollen","pollen",FALSE,"SummitLake.Calder.2016","LakeSediment",40.5455,-106.6824,3149,"Summit Lake","1.0.3",1,"Jul","positive","air@surface",52,10,2020,2010,40,2010,FALSE,TRUE,FALSE,TRUE,TRUE,FALSE,11,TRUE,FALSE,TRUE,TRUE,TRUE,"","criteria",FALSE,"within-dataset"
"lcR2HSpnTLGk5kL4Yih","LC9bd907f50becc892b0047bf9ecf13c06","paleo1measurement1","temperature","degC","pollen","pollen",FALSE,"Culazon.LopezSaez.2013","Peat",43.2328,-4.4892,592,"Culazon","1.0.5",1,"Jul","positive","air@surface",56,430,2030,1600,10,1600,FALSE,TRUE,FALSE,TRUE,TRUE,FALSE,12,TRUE,FALSE,TRUE,TRUE,TRUE,"","criteria",FALSE,"within-dataset"
"lcR2IHqL3TOa9RTA6fE","LC027bb84dde1b623df4af382dbc723e96","paleo1measurement1","temperature","degC","pollen","pollen",FALSE,"OgacLake.Doner.2001","LakeSediment",62.8455,-67.3415,5,"Ogac Lake","1.0.3",1,"Annual","positive","air@surface",40,10,1920,1910,50,1910,FALSE,TRUE,FALSE,TRUE,TRUE,FALSE,5,TRUE,FALSE,TRUE,TRUE,TRUE,"","criteria",FALSE,"within-dataset"
"lcR2lv3XjXy5Jvas8HR","LC0bacc59a8d3ed8e1877e3e5f82ca26f7","paleo1measurement1","temperature","degC","pollen","pollen",FALSE,"AndersonPond.Liu.2013","LakeSediment",36.0301,-85.5013,303,"Anderson Pond","1.0.4",1,"Jul","positive","air@surface",14,730,2020,1290,50,1290,FALSE,TRUE,FALSE,TRUE,TRUE,FALSE,15,FALSE,FALSE,TRUE,TRUE,TRUE,"chronology","data-poor exception",FALSE,"within-dataset"
"lcR2NmEspKWxOmR173M","LCf6415cac0a63bd9f68d1ee7a4222de70","paleo1measurement1","temperature","degC","pollen","pollen",FALSE,"OverGunnarsfjorden.Allen.2007","LakeSediment",71.0381,28.1691,78,"Over Gunnarsfjorden","1.0.8",1,"Jul","positive","air@surface",43,10,2000,1990,50,1990,FALSE,TRUE,FALSE,TRUE,TRUE,FALSE,23,TRUE,FALSE,TRUE,TRUE,TRUE,"","criteria",FALSE,"within-dataset"
"lcR2OgLUJ4Nkgs4SBUx","LC1910f30a0f057ed283fad39a1cd6bb18","paleo1measurement1","temperature","degC","pollen","pollen",FALSE,"Fjallnas.Konigsson.1984","FluvialSediment",62.6159,12.1339,780,"Fjallnas","1.0.5",1,"Jul","positive","air@surface",25,110,2010,1900,45,1900,FALSE,TRUE,FALSE,TRUE,TRUE,FALSE,14,TRUE,FALSE,TRUE,TRUE,TRUE,"","criteria",FALSE,"within-dataset"
"lcR2PboC5Nl0rXVQyMg","LCb82485a219e0665fad6b3555542e9ccf","paleo1measurement1","temperature","degC","pollen","pollen",FALSE,"LittleMirrorLake.Fuller.1998","LakeSediment",42.5244,-71.6085,73,"Little Mirror Lake","1.0.3",1,"Annual","positive","air@surface",41,1020,1990,970,20,970,FALSE,TRUE,FALSE,TRUE,TRUE,FALSE,3,TRUE,FALSE,TRUE,TRUE,TRUE,"","criteria",FALSE,"within-dataset"
"lcR2pKbReFoKwjSgxSb","LCfc7d011374a53ed99db2dc1881797569","paleo1measurement1","temperature","degC","pollen","pollen",TRUE,"FlorenceLake.Pellatt.2015","LakeSediment",48.4586,-123.513,81,"Florence Lake","1.0.3",1,"Jul","positive","air@surface",30,1450,2010,560,20,560,FALSE,TRUE,FALSE,TRUE,TRUE,FALSE,12,TRUE,FALSE,TRUE,TRUE,TRUE,"","criteria",FALSE,"within-dataset"
"lcR2vmDqVJdQh6axavi","LCc1d8fb2de1e1d62af21cff9ed8acd51e","paleo1measurement1","temperature","degC","pollen","pollen",TRUE,"OtterPond.Fuller.1998","LakeSediment",42.6549,-72.5332,107,"Otter Pond","1.0.3",1,"Annual","positive","air@surface",52,1150,1990,840,20,840,FALSE,TRUE,FALSE,TRUE,TRUE,FALSE,4,TRUE,FALSE,TRUE,TRUE,TRUE,"","criteria",TRUE,NA
"lcR2VnsDpqyY4xYhUlE","LCd474087228f1e44627dee8122ec9614d","paleo1measurement1","temperature","degC","pollen","floral assemblage",FALSE,"BeefPasture.Wright.2012","Peat",37.4731,-108.1604,3060,"Beef Pasture","1.0.7",1,"Annual","positive","air@surface",69,20,2010,1990,30,1990,FALSE,TRUE,FALSE,TRUE,TRUE,FALSE,16,TRUE,FALSE,TRUE,TRUE,TRUE,"","criteria",FALSE,"within-dataset"
"lcR32OiDKCzxeG3VXE8","LCd474087228f1e44627dee8122ec9614d","paleo1measurement1","temperature","degC","pollen","floral assemblage",FALSE,"BeefPasture.Wright.2012","Peat",37.4731,-108.1604,3060,"Beef Pasture","1.0.7",1,"Jul","positive","air@surface",69,20,2010,1990,30,1990,FALSE,TRUE,FALSE,TRUE,TRUE,FALSE,16,TRUE,FALSE,TRUE,TRUE,TRUE,"","criteria",FALSE,"within-dataset"
"lcR32QmXtVsHnBMTPdx","LC7c447ef97622172c7580d032b66757d7","paleo1measurement1","temperature","degC","pollen","pollen",TRUE,"TawnyPond.Keizer.2015","LakeSediment",44.8164,-77.1825,276,"Tawny Pond","1.0.3",1,"Annual","positive","air@surface",97,980,2010,1030,10,1030,FALSE,TRUE,FALSE,TRUE,TRUE,FALSE,17,TRUE,FALSE,TRUE,TRUE,TRUE,"","criteria",TRUE,NA
"lcR334lnEMnZtbzz9sp","LCe90679c1b5177a9cda38a41661c97057","paleo1measurement1","temperature","degC","pollen","pollen",FALSE,"CranberryLake.author.1111","LakeSediment",44.1,-78.1,170,"Cranberry Lake","1.0.4",1,"Jul","positive","air@surface",35,30,1990,1960,50,1960,FALSE,TRUE,FALSE,TRUE,TRUE,FALSE,7,TRUE,FALSE,TRUE,TRUE,TRUE,"","criteria",FALSE,"within-dataset"
"lcR35l6miAZqalTbtyk","LC15087320340d5ebdfeda6c2243f65899","paleo1measurement1","temperature","degC","pollen","pollen",TRUE,"DeltadelRioBesos.PantaleonCano.1994","FluvialSediment",41.4053,2.2483,0,"Delta del Rio Besos","1.0.3",1,"Jul","positive","air@surface",48,1100,1970,870,20,870,FALSE,TRUE,FALSE,TRUE,TRUE,FALSE,19,TRUE,FALSE,TRUE,TRUE,TRUE,"","criteria",FALSE,"within-dataset"
"lcR39KNKMTKLtXf8R10","LC57d1f10fc7c703dc0bc92a0190eb4116","paleo1measurement1","temperature","degC","pollen","pollen",FALSE,"LakeBlatisto.vvanHuis.2013","LakeSediment",41.6213,24.6781,1540,"Lake Blatisto","1.0.3",1,"Jul","positive","air@surface",119,450,2010,1560,10,1560,FALSE,TRUE,FALSE,TRUE,TRUE,FALSE,2,TRUE,FALSE,TRUE,TRUE,TRUE,"","criteria",FALSE,"within-dataset"
"lcR3AHVycstezTKSUuu","LC6eb19cdb7f91d967c824af57cd324c5d","paleo1measurement1","temperature","degC","pollen","pollen",TRUE,"AkTerek.Beer.2008","Peat",41.2815,72.8343,1748,"Ak Terek","1.0.3",1,"Jul","positive","air@surface",12,1060,2030,970,50,970,FALSE,TRUE,FALSE,TRUE,TRUE,FALSE,2,TRUE,FALSE,TRUE,TRUE,TRUE,"","criteria",FALSE,"within-dataset"
"lcR3ArlQUf3rlKABgb0","LCadcfe8536795f68ee6e81530b65fa188","paleo1measurement1","temperature","degC","pollen","pollen",FALSE,"PenaNegra.AbelSchaad.2013","Peat",40.3347,-5.7922,1258,"Pena Negra","1.0.3",1,"Annual","positive","air@surface",44,130,2010,1880,40,1880,FALSE,TRUE,FALSE,TRUE,TRUE,FALSE,7,TRUE,FALSE,TRUE,TRUE,TRUE,"","criteria",FALSE,"within-dataset"
"lcR3ASHPd01tiN5GcH0","LC72f8928ba06f70632c84cc15f6dd95af","paleo1measurement1","temperature","degC","pollen","pollen",FALSE,"LilyLake.Hotchkiss.2007","LakeSediment",45.901,-92.273,297,"Lily Lake","1.0.4",1,"Annual","positive","air@surface",33,130,2030,1900,50,1900,FALSE,TRUE,FALSE,TRUE,TRUE,FALSE,13,TRUE,FALSE,TRUE,TRUE,TRUE,"","criteria",FALSE,"within-dataset"
"lcR3BJuEUkib6Pz90PV","LCe0cd3d50e575ea42397a4e6139eea137","paleo1measurement1","temperature","degC","pollen","pollen",FALSE,"AnthonyLake.Long.2019","LakeSediment",44.9597,-118.2314,2174,"Anthony Lake","1.0.3",1,"Jul","positive","air@surface",20,170,1950,1780,50,1780,FALSE,TRUE,FALSE,TRUE,TRUE,FALSE,5,TRUE,FALSE,TRUE,TRUE,TRUE,"","criteria",FALSE,"within-dataset"
"lcR3FYwTmOa7ISsMuSS","LC01b139d1e37ee2fd9c3c2bf7480d9de1","paleo1measurement1","temperature","degC","pollen","pollen",TRUE,"SehestedterAussendeichsmoor.Behre.2005","Peat",53.4389,8.3071,4,"Sehestedter Aussendeichsmoor","1.0.3",1,"Annual","positive","air@surface",84,10,1980,1970,20,1970,FALSE,TRUE,FALSE,TRUE,TRUE,FALSE,9,TRUE,FALSE,TRUE,TRUE,TRUE,"","criteria",TRUE,NA
"lcR3GMzXzFMjQ0nO1Tm","LC5f85eca75382c3190380dc15f4976dbf","paleo1measurement1","temperature","degC","pollen","pollen",FALSE,"MaraisdeMazerolles.Ouguerram.2002","Peat",47.3581,-1.4786,4,"Marais de Mazerolles","1.0.5",1,"Annual","positive","air@surface",63,140,1990,1850,30,1850,FALSE,TRUE,FALSE,TRUE,TRUE,FALSE,8,TRUE,FALSE,TRUE,TRUE,TRUE,"","criteria",FALSE,"within-dataset"
"lcR3h7s3p9ktwfDzEBX","LC20ab9ae338817d699ff1dc9ab669ce2a","paleo1measurement1","temperature","degC","pollen","pollen",FALSE,"TuskegeePond.Steventon.1983","LakeSediment",35.5847,-84.2106,240,"Tuskegee Pond","1.0.3",1,"Annual","positive","air@surface",22,600,2000,1400,50,1400,FALSE,TRUE,FALSE,TRUE,TRUE,FALSE,3,FALSE,FALSE,TRUE,TRUE,TRUE,"chronology","data-poor exception",FALSE,"within-dataset"
"lcR3HP9fpLC2jnTRA9R","LCd89f21818ba068176fc2641268994d89","paleo1measurement1","temperature","degC","pollen","pollen",FALSE,"EinGedi.Litt.2012","MarineSediment",31.4189,35.3883,NA,"Ein Gedi","1.0.4",1,"Annual","positive","air@surface",13,50,1920,1870,155,1870,FALSE,TRUE,FALSE,TRUE,TRUE,FALSE,20,TRUE,FALSE,TRUE,TRUE,TRUE,"","criteria",FALSE,"within-dataset"
"lcR3LRubEginVavEfOJ","LC411fd7990bbec38aade84b10cc75f750","paleo1measurement1","temperature","degC","pollen","pollen",TRUE,"DeepPond.Parshall.2002","LakeSediment",41.7391,-69.9921,23,"Deep Pond","1.0.5",1,"Jul","positive","air@surface",49,20,2020,2000,40,2000,FALSE,TRUE,FALSE,TRUE,TRUE,FALSE,16,TRUE,FALSE,TRUE,TRUE,TRUE,"","criteria",FALSE,"within-dataset"
"lcR3PU8dkQYZobZ0qfj","LC1af1af0e952e8967a96627e8602dc452","paleo1measurement1","temperature","degC","pollen","pollen",TRUE,"DevilsLakeCreelBay.Jacobson.1989","LakeSediment",48.0859,-98.9293,443,"Devils Lake, Creel Bay","1.0.4",1,"Jul","positive","air@surface",18,200,1990,1790,20,1790,FALSE,TRUE,FALSE,TRUE,TRUE,FALSE,28,TRUE,FALSE,TRUE,TRUE,TRUE,"","criteria",FALSE,"within-dataset"
"lcR3q4ZzM51jRS8L82d","LC62c17b15ddf1ec2a989fb6807ac54e38","paleo1measurement1","temperature","degC","pollen","pollen",FALSE,"WarePond.Oswald.2018","LakeSediment",42.4824,-70.8822,3,"Ware Pond","1.0.5",1,"Jul","positive","air@surface",33,50,2050,2000,40,2000,FALSE,TRUE,FALSE,TRUE,TRUE,FALSE,10,TRUE,FALSE,TRUE,TRUE,TRUE,"","criteria",FALSE,"within-dataset"
"lcR3QQjvrGodKVl0eDB","LC3bdd6387273edc3ab38193c063d48524","paleo1measurement1","temperature","degC","pollen","pollen",FALSE,"UpperSquawLake.Colombaroli.2010","LakeSediment",42.0321,-123.0149,930,"Upper Squaw Lake","1.0.3",1,"Annual","positive","air@surface",48,210,2090,1880,40,1880,FALSE,TRUE,FALSE,TRUE,TRUE,FALSE,7,TRUE,FALSE,TRUE,TRUE,TRUE,"","criteria",FALSE,"within-dataset"
"lcR3slL4ab5Ch89iWFf","LC35d585e935376adf112d37d384370234","paleo1measurement1","temperature","degC","pollen","pollen",FALSE,"TourbieredeLandemarais.Visset.1989","Peat",48.4417,-1.1817,145,"Tourbiere de Landemarais","1.0.3",1,"Jul","positive","air@surface",35,1010,1990,980,30,980,FALSE,TRUE,FALSE,TRUE,TRUE,FALSE,3,TRUE,FALSE,TRUE,TRUE,TRUE,"","criteria",FALSE,"within-dataset"
"lcR3SLnR0jqzGNiw7uE","LC7f871300b4ec3cf71ed37adc0d16de65","paleo1measurement1","temperature","degC","pollen","pollen",FALSE,"HellHoleLake.Hotchkiss.2007","LakeSediment",45.7866,-92.219,298,"Hell Hole Lake","1.0.3",1,"Jul","positive","air@surface",37,60,2010,1950,50,1950,FALSE,TRUE,FALSE,TRUE,TRUE,FALSE,6,TRUE,FALSE,TRUE,TRUE,TRUE,"","criteria",FALSE,"within-dataset"
"lcR3sYB5S25izWRiLSP","LC1b2ba7a6e9c0ba8e29ea9336b2846fd9","paleo1measurement1","temperature","degC","pollen","pollen",FALSE,"DagsMosse.Goransson.1989","Peat",58.3229,14.7065,96,"Dags Mosse","1.0.7",1,"Annual","positive","air@surface",40,60,1980,1920,40,1920,FALSE,TRUE,FALSE,TRUE,TRUE,FALSE,22,TRUE,FALSE,TRUE,TRUE,TRUE,"","criteria",FALSE,"within-dataset"
"lcR3T4iX0MlPTlXuoZX","LC2aa697bacf4d7c46939425c39d9abdf8","paleo1measurement1","temperature","degC","pollen","pollen",FALSE,"ClearwaterBog.Nichols.1969","Peat",54.0236,-101.2588,266,"Clearwater Bog","1.0.3",1,"Annual","positive","air@surface",17,1050,2010,960,50,960,FALSE,TRUE,FALSE,TRUE,TRUE,FALSE,3,TRUE,FALSE,TRUE,TRUE,TRUE,"","criteria",FALSE,"within-dataset"
"lcR3y4UIAkCMoDd9eF7","LCd687efab1d0b5d43b49f2a1a8ea92f09","paleo1measurement1","temperature","degC","pollen","pollen",FALSE,"HerrenwieserSee.Rosch.2012","LakeSediment",48.6685,8.2955,830,"Herrenwieser See","1.0.5",1,"Jul","positive","air@surface",86,20,2000,1980,20,1980,FALSE,TRUE,FALSE,TRUE,TRUE,FALSE,26,TRUE,FALSE,TRUE,TRUE,TRUE,"","criteria",FALSE,"within-dataset"
"lcR3yHeVZKUHW87BjhB","LCc11db47aa5126e5e866550ac4234eca3","paleo1measurement1","temperature","degC","pollen","pollen",FALSE,"HiddenLake.Calder.2016","LakeSediment",40.5047,-106.6075,2704,"Hidden Lake","1.0.3",1,"Jul","positive","air@surface",27,120,1920,1800,50,1800,FALSE,TRUE,FALSE,TRUE,TRUE,FALSE,3,TRUE,FALSE,TRUE,TRUE,TRUE,"","criteria",FALSE,"within-dataset"
"lcR44fTHsv6zG5e1Kmb","LC4901aeddde5d6f5247f38492e2bf6c26","paleo1measurement1","temperature","degC","pollen","pollen",TRUE,"LagodiOriglio.Tinner.1999","LakeSediment",46.0515,8.9433,416,"Lago di Origlio","1.0.6",1,"Jul","positive","air@surface",35,30,2000,1970,40,1970,FALSE,TRUE,FALSE,TRUE,TRUE,FALSE,26,TRUE,FALSE,TRUE,TRUE,TRUE,"","criteria",FALSE,"within-dataset"
"lcR457uPYbBDgXA5Pk5","LC30c0d8f9e9d0251f60938145ff35d7e5","paleo1measurement1","temperature","degC","pollen","pollen",TRUE,"LongLake.Carter.2017","LakeSediment",41.4998,-106.3679,2700,"Long Lake","1.0.7",1,"Annual","positive","air@surface",52,30,2020,1990,30,1990,FALSE,TRUE,FALSE,TRUE,TRUE,FALSE,10,TRUE,FALSE,TRUE,TRUE,TRUE,"","criteria",TRUE,NA
"lcR45iStPMsWA1VAPrT","LCee281c33b70bd4a07b6225b178fe9ed2","paleo1measurement1","temperature","degC","pollen","pollen",FALSE,"LochLaxford.Shotyk.1996","Peat",58.3725,-5.0367,137,"Loch Laxford","1.0.3",1,"Jul","positive","air@surface",42,660,1980,1320,30,1320,FALSE,TRUE,FALSE,TRUE,TRUE,FALSE,5,TRUE,FALSE,TRUE,TRUE,TRUE,"","criteria",FALSE,"within-dataset"
"lcR46XHgr5K0yqF8BHQ","LCdbf7ba3ed538c2d87f0c529a9cf1b15f","paleo1measurement1","temperature","degC","pollen","pollen",TRUE,"ArroyodeNavalacarreta.MoralesMolino.2017","Other",40.8522,-4.0311,1250,"Arroyo de Navalacarreta","1.0.3",1,"Annual","positive","air@surface",37,1280,1980,700,20,700,FALSE,TRUE,FALSE,TRUE,TRUE,FALSE,3,TRUE,FALSE,TRUE,TRUE,TRUE,"","criteria",TRUE,NA
"lcR49FoZHEpIbAW0SK9","LCfc55adae18ea5979a5ec093b39ae3ec3","paleo1measurement1","temperature","degC","pollen","pollen",FALSE,"KnobHillPond.Oswald.2018","LakeSediment",44.3603,-72.373,378,"Knob Hill Pond","1.0.8",1,"Annual","positive","air@surface",49,10,2040,2030,50,2030,FALSE,TRUE,FALSE,TRUE,TRUE,FALSE,14,TRUE,FALSE,TRUE,TRUE,TRUE,"","criteria",FALSE,"within-dataset"
"lcR4AyrEdNolI1etlW6","LC0b2367fe15f0dd5b5fcef3c9e17d135f","paleo1measurement1","temperature","degC","pollen","pollen",FALSE,"Lavare.Barbier.1999","Peat",48.4333,-0.9167,205,"Lavare","1.0.3",1,"Annual","positive","air@surface",31,20,1920,1900,50,1900,FALSE,TRUE,FALSE,TRUE,TRUE,FALSE,6,TRUE,FALSE,TRUE,TRUE,TRUE,"","criteria",FALSE,"within-dataset"
"lcR4CwtLVJ1icgSFhg7","LCa59abc4cb5398ba6538f4f98fcd3b782","paleo1measurement1","temperature","degC","pollen","pollen",TRUE,"SlishLake.Dodson.1987","LakeSediment",54.2439,-8.3719,48,"Slish Lake","1.0.3",1,"Annual","positive","air@surface",39,10,1930,1920,40,1920,FALSE,TRUE,FALSE,TRUE,TRUE,FALSE,3,TRUE,FALSE,TRUE,TRUE,TRUE,"","criteria",TRUE,NA
"lcR4GMJ9zH92BAdmaTf","LC94ce029cd8aceb38acfc2b998e4411c8","paleo1measurement1","temperature","degC","pollen","pollen",FALSE,"Mars.Miras.2013","Peat",45.3053,1.8361,430,"Mars","1.0.3",1,"Annual","positive","air@surface",39,480,1870,1390,20,1390,FALSE,TRUE,FALSE,TRUE,TRUE,FALSE,8,TRUE,FALSE,TRUE,TRUE,TRUE,"","criteria",FALSE,"within-dataset"
"lcR4hBBe0fshbh1HsVN","LC93603a722d6fc3a8de2ca82636b07614","paleo1measurement1","temperature","degC","pollen","pollen",FALSE,"MissionCrossBog.Allan.2003","LakeSediment",41.7847,-115.4836,2424,"Mission Cross Bog","1.0.3",1,"Annual","positive","air@surface",34,180,1950,1770,40,1770,FALSE,TRUE,FALSE,TRUE,TRUE,FALSE,8,TRUE,FALSE,TRUE,TRUE,TRUE,"","criteria",FALSE,"within-dataset"
"lcR4k2LxAOUdngoubnt","LC716684fde7c06484647a8321102767aa","paleo1measurement1","temperature","degC","pollen","pollen",FALSE,"HicksLake.Hupy.2012","LakeSediment",44.0228,-85.2833,379,"Hicks Lake","1.0.3",1,"Annual","positive","air@surface",30,50,1970,1920,30,1920,FALSE,TRUE,FALSE,TRUE,TRUE,FALSE,3,TRUE,FALSE,TRUE,TRUE,TRUE,"","criteria",FALSE,"within-dataset"
"lcR4lAn6VcCRVVtZiZt","LC3bdd6387273edc3ab38193c063d48524","paleo1measurement1","temperature","degC","pollen","pollen",FALSE,"UpperSquawLake.Colombaroli.2010","LakeSediment",42.0321,-123.0149,930,"Upper Squaw Lake","1.0.3",1,"Jul","positive","air@surface",48,210,2090,1880,40,1880,FALSE,TRUE,FALSE,TRUE,TRUE,FALSE,7,TRUE,FALSE,TRUE,TRUE,TRUE,"","criteria",FALSE,"within-dataset"
"lcR4mb0zmdDphZpbVyX","LC99bfc682141527451cd86064f4065a8a","paleo1measurement1","temperature","degC","pollen","pollen",FALSE,"BarchampeLake.author.1111","LakeSediment",30.6222,-83.2539,34,"Barchampe Lake","1.0.4",1,"Annual","positive","air@surface",41,110,1980,1870,30,1870,FALSE,TRUE,FALSE,TRUE,TRUE,FALSE,2,TRUE,FALSE,TRUE,TRUE,TRUE,"","criteria",FALSE,"within-dataset"
"lcR4n72KFneGi3fyh3V","LC98c53e9ab41a1e97d40dd97be89fff82","paleo1measurement1","temperature","degC","pollen","pollen",FALSE,"Durchenbergried.Rosch.1990","Peat",47.775,8.9788,432,"Durchenbergried","1.0.6",1,"Jul","positive","air@surface",56,10,1990,1980,30,1980,FALSE,TRUE,FALSE,TRUE,TRUE,FALSE,51,TRUE,FALSE,TRUE,TRUE,TRUE,"","criteria",FALSE,"within-dataset"
"lcR4ouQAEeedP5VjE2z","LCaf69afa58b40a57344a5505e0aade5d3","paleo1measurement1","temperature","degC","pollen","pollen",FALSE,"Pezou.Cyprien.2006","FluvialSediment",47.8708,1.1508,87,"Pezou","1.0.3",1,"Jul","positive","air@surface",12,1460,2000,540,50,540,FALSE,TRUE,FALSE,TRUE,TRUE,FALSE,7,TRUE,FALSE,TRUE,TRUE,TRUE,"","criteria",FALSE,"within-dataset"
"lcR4vUzU3EmtUx86izn","LC00c9560652ae524c6e9d33bf622f81c3","paleo1measurement1","temperature","degC","pollen","pollen",FALSE,"MobecheForest.CletPellerin.1993","Other",48.5167,-1,200,"Mobeche Forest","1.0.3",1,"Jul","positive","air@surface",77,870,1910,1040,10,1040,FALSE,TRUE,FALSE,TRUE,TRUE,FALSE,2,TRUE,FALSE,TRUE,TRUE,TRUE,"","criteria",FALSE,"within-dataset"
"lcR4xgMVG3ApQh7oFea","LC1d4fafdcc8f99c4b8be79bb115a409e2","paleo1measurement1","temperature","degC","pollen","pollen",FALSE,"Vladar.Pokorny.2006","LakeSediment",50.0786,13.214,612,"Vladar","1.0.3",1,"Jul","positive","air@surface",47,10,1990,1980,30,1980,FALSE,TRUE,FALSE,TRUE,TRUE,FALSE,6,TRUE,FALSE,TRUE,TRUE,TRUE,"","criteria",FALSE,"within-dataset"
"lcR4YnxgYvDlJ0AozFL","LCcc97a813d94806cb3eb9950d5fb07543","paleo1measurement1","temperature","degC","pollen","pollen",FALSE,"Tlstahora.Rybnickova.2005","Peat",48.8942,17.8886,460,"Tlsta hora","1.0.7",1,"Annual","positive","air@surface",33,10,2000,1990,40,1990,FALSE,TRUE,FALSE,TRUE,TRUE,FALSE,4,TRUE,FALSE,TRUE,TRUE,TRUE,"","criteria",FALSE,"within-dataset"
"lcR50pMtW06gH8Ce83P","LCa62342d98da2575b8a14f220a7b7a1d4","paleo1measurement1","temperature","degC","pollen","pollen",TRUE,"LagodiVenere.Calo.2013","LakeSediment",36.8169,11.987,2,"Lago di Venere","1.0.3",1,"Jul","positive","air@surface",87,810,1990,1180,10,1180,FALSE,TRUE,FALSE,TRUE,TRUE,FALSE,2,TRUE,FALSE,TRUE,TRUE,TRUE,"","criteria",FALSE,"within-dataset"
"lcR512Rlgv9pWgDR0J8","LC05b2b0a5a9a299458771f6e66c980e79","paleo1measurement1","temperature","degC","pollen","pollen",FALSE,"Loddigsee.Jahns.2007","LakeSediment",53.4333,11.85,43,"Loddigsee","1.0.4",1,"Jul","positive","air@surface",57,40,1990,1950,30,1950,FALSE,TRUE,FALSE,TRUE,TRUE,FALSE,13,TRUE,FALSE,TRUE,TRUE,TRUE,"","criteria",FALSE,"within-dataset"
"lcR527KAJd2KFgKYPrb","LC3b56f6d622eecc888b6ee98702536d3c","paleo1measurement1","temperature","degC","pollen","pollen",FALSE,"LagunaBiajaca.CastillaBeltran.2018","FluvialSediment",19.5909,-71.0865,78,"Laguna Biajaca","1.0.3",1,"Annual","positive","air@surface",42,960,1960,1000,20,1000,FALSE,TRUE,FALSE,TRUE,TRUE,FALSE,6,TRUE,FALSE,TRUE,TRUE,TRUE,"","criteria",FALSE,"within-dataset"
"lcR54SL6ZRTv6t8zvga","LCc11db47aa5126e5e866550ac4234eca3","paleo1measurement1","temperature","degC","pollen","pollen",FALSE,"HiddenLake.Calder.2016","LakeSediment",40.5047,-106.6075,2704,"Hidden Lake","1.0.3",1,"Jul","positive","air@surface",27,120,1920,1800,50,1800,FALSE,TRUE,FALSE,TRUE,TRUE,FALSE,3,TRUE,FALSE,TRUE,TRUE,TRUE,"","criteria",FALSE,"within-dataset"
"lcR5A8vEbk6vFkzSLLC","LC57d1f10fc7c703dc0bc92a0190eb4116","paleo1measurement1","temperature","degC","pollen","pollen",FALSE,"LakeBlatisto.vvanHuis.2013","LakeSediment",41.6213,24.6781,1540,"Lake Blatisto","1.0.3",1,"Annual","positive","air@surface",119,450,2010,1560,10,1560,FALSE,TRUE,FALSE,TRUE,TRUE,FALSE,2,TRUE,FALSE,TRUE,TRUE,TRUE,"","criteria",FALSE,"within-dataset"
"lcR5AgBubPHTYbqF395","LC9b2ab436f41ea0623e1a05cf1d43ec65","paleo1measurement1","temperature","degC","pollen","pollen",TRUE,"Cernohorskeraseliniste.Speranza.2000","Peat",50.6612,15.7534,1206,"Cernohorske raseliniste","1.0.4",1,"Annual","positive","air@surface",34,100,2000,1900,50,1900,FALSE,TRUE,FALSE,TRUE,TRUE,FALSE,6,TRUE,FALSE,TRUE,TRUE,TRUE,"","criteria",TRUE,NA
"lcR5cuXO0RFXOtGItXC","LC70c663e28de73481dece6c58b05b3c2f","paleo1measurement1","temperature","degC","pollen","pollen",FALSE,"FerryLake.Hotchkiss.2007","LakeSediment",46.013,-92.125,290,"Ferry Lake","1.0.3",1,"Annual","positive","air@surface",52,10,2010,2000,40,2000,FALSE,TRUE,FALSE,TRUE,TRUE,FALSE,4,TRUE,FALSE,TRUE,TRUE,TRUE,"","criteria",FALSE,"within-dataset"
"lcR5ETbu6Va9I0X6EXg","LC0bacc59a8d3ed8e1877e3e5f82ca26f7","paleo1measurement1","temperature","degC","pollen","pollen",FALSE,"AndersonPond.Liu.2013","LakeSediment",36.0301,-85.5013,303,"Anderson Pond","1.0.4",1,"Jul","positive","air@surface",14,730,2020,1290,50,1290,FALSE,TRUE,FALSE,TRUE,TRUE,FALSE,15,FALSE,FALSE,TRUE,TRUE,TRUE,"chronology","data-poor exception",FALSE,"within-dataset"
"lcR5GCapJJuYL1WU9Gy","LC027bb84dde1b623df4af382dbc723e96","paleo1measurement1","temperature","degC","pollen","pollen",FALSE,"OgacLake.Doner.2001","LakeSediment",62.8455,-67.3415,5,"Ogac Lake","1.0.3",1,"Annual","positive","air@surface",40,10,1920,1910,50,1910,FALSE,TRUE,FALSE,TRUE,TRUE,FALSE,5,TRUE,FALSE,TRUE,TRUE,TRUE,"","criteria",FALSE,"within-dataset"
"lcR5iac2M4gRJSK9l5s","LC716684fde7c06484647a8321102767aa","paleo1measurement1","temperature","degC","pollen","pollen",FALSE,"HicksLake.Hupy.2012","LakeSediment",44.0228,-85.2833,379,"Hicks Lake","1.0.3",1,"Jul","positive","air@surface",30,50,1970,1920,30,1920,FALSE,TRUE,FALSE,TRUE,TRUE,FALSE,3,TRUE,FALSE,TRUE,TRUE,TRUE,"","criteria",FALSE,"within-dataset"
"lcR5J0TXopNFkLSzQtJ","LC94ce029cd8aceb38acfc2b998e4411c8","paleo1measurement1","temperature","degC","pollen","pollen",TRUE,"Mars.Miras.2013","Peat",45.3053,1.8361,430,"Mars","1.0.3",1,"Jul","positive","air@surface",39,480,1870,1390,20,1390,FALSE,TRUE,FALSE,TRUE,TRUE,FALSE,8,TRUE,FALSE,TRUE,TRUE,TRUE,"","criteria",FALSE,"within-dataset"
"lcR5KVy1jrvH3SPqdFE","LC17482d50598b68f2dffe7664ab1352a2","paleo1measurement1","temperature","degC","pollen","pollen",TRUE,"RidgeandSlough0205215.Bernhardt.2009","Peat",25.829,-80.7675,1,"Ridge and Slough (02-05-21-5)","1.0.7",1,"Jul","positive","air@surface",26,50,1990,1940,40,1940,FALSE,TRUE,FALSE,TRUE,TRUE,FALSE,3,TRUE,FALSE,TRUE,TRUE,TRUE,"","criteria",FALSE,"within-dataset"
"lcR5nJ0AUREJM3A4s35","LCe0cd3d50e575ea42397a4e6139eea137","paleo1measurement1","temperature","degC","pollen","pollen",FALSE,"AnthonyLake.Long.2019","LakeSediment",44.9597,-118.2314,2174,"Anthony Lake","1.0.3",1,"Annual","positive","air@surface",20,170,1950,1780,50,1780,FALSE,TRUE,FALSE,TRUE,TRUE,FALSE,5,TRUE,FALSE,TRUE,TRUE,TRUE,"","criteria",FALSE,"within-dataset"
"lcR5NX8n0ofBMH2aU40","LCb50314c18e7cdf1fb15820f52fe7fb30","paleo1measurement1","temperature","degC","pollen","pollen",FALSE,"Trogenmoos.vanderKnaap.2000","Peat",46.7619,7.8639,1484,"Trogenmoos","1.0.3",1,"Annual","positive","air@surface",44,1130,1990,860,20,860,FALSE,TRUE,FALSE,TRUE,TRUE,FALSE,2,TRUE,FALSE,TRUE,TRUE,TRUE,"","criteria",FALSE,"within-dataset"
"lcR5oQyX4JzQEQhArbs","LCd14eff7df1294fb19d0dd82c9b065357","paleo1measurement1","temperature","degC","pollen","pollen",FALSE,"Kirkkosaari.Rankama.1988","Peat",60.8577,24.4906,83,"Kirkkosaari","1.0.5",1,"Jul","positive","air@surface",39,30,1990,1960,30,1960,FALSE,TRUE,FALSE,TRUE,TRUE,FALSE,4,TRUE,FALSE,TRUE,TRUE,TRUE,"","criteria",FALSE,"within-dataset"
"lcR5rFmriF0hlBtzVyM","LC3b56f6d622eecc888b6ee98702536d3c","paleo1measurement1","temperature","degC","pollen","pollen",FALSE,"LagunaBiajaca.CastillaBeltran.2018","FluvialSediment",19.5909,-71.0865,78,"Laguna Biajaca","1.0.3",1,"Jul","positive","air@surface",42,960,1960,1000,20,1000,FALSE,TRUE,FALSE,TRUE,TRUE,FALSE,6,TRUE,FALSE,TRUE,TRUE,TRUE,"","criteria",FALSE,"within-dataset"
"lcR5RPi4dbch3BeBtp7","LC99bfc682141527451cd86064f4065a8a","paleo1measurement1","temperature","degC","pollen","pollen",TRUE,"BarchampeLake.author.1111","LakeSediment",30.6222,-83.2539,34,"Barchampe Lake","1.0.4",1,"Annual","positive","air@surface",41,110,1980,1870,30,1870,FALSE,TRUE,FALSE,TRUE,TRUE,FALSE,2,TRUE,FALSE,TRUE,TRUE,TRUE,"","criteria",TRUE,NA
"lcR5sefyEatpn9XpKEd","LC146fc8277ff57fa79bd47f1c96dbf4f3","paleo1measurement1","temperature","degC","pollen","pollen",TRUE,"TaibaiLakeTN1.Tong.2009","LakeSediment",29.9957,115.8073,44,"Taibai Lake TN1","1.0.3",1,"Annual","positive","air@surface",95,660,2010,1350,10,1350,FALSE,TRUE,FALSE,TRUE,TRUE,FALSE,5,TRUE,FALSE,TRUE,TRUE,TRUE,"","criteria",TRUE,NA
"lcR5SgwDaF9fZ1oQKI3","LC74158e6ab9b15b9cfb3efac63ecd2358","paleo1measurement1","temperature","degC","pollen","pollen",TRUE,"UpperSouthBranchPond.Anderson.1986","LakeSediment",46.0901,-68.8933,300,"Upper South Branch Pond","1.0.3",1,"Jul","positive","air@surface",22,220,2010,1790,40,1790,FALSE,TRUE,FALSE,TRUE,TRUE,FALSE,5,TRUE,FALSE,TRUE,TRUE,TRUE,"","criteria",FALSE,"within-dataset"
"lcR5uJAOYVAZCxNixWG","LC4018b993a2846b0b1ceca92daea60555","paleo1measurement1","temperature","degC","pollen","pollen",FALSE,"Nanwangzhuang.Guo.1999","FluvialSediment",38.45,114.9167,24,"Nanwangzhuang","1.0.3",1,"Annual","positive","air@surface",37,50,1730,1680,40,1680,FALSE,TRUE,FALSE,TRUE,TRUE,FALSE,9,TRUE,FALSE,TRUE,TRUE,TRUE,"","criteria",FALSE,"within-dataset"
"lcR5Vinf8B3Ie7pCArT","LCd14eff7df1294fb19d0dd82c9b065357","paleo1measurement1","temperature","degC","pollen","pollen",FALSE,"Kirkkosaari.Rankama.1988","Peat",60.8577,24.4906,83,"Kirkkosaari","1.0.5",1,"Annual","positive","air@surface",39,30,1990,1960,30,1960,FALSE,TRUE,FALSE,TRUE,TRUE,FALSE,4,TRUE,FALSE,TRUE,TRUE,TRUE,"","criteria",FALSE,"within-dataset"
"lcR63JyyYxr5viMytXd","LCb50314c18e7cdf1fb15820f52fe7fb30","paleo1measurement1","temperature","degC","pollen","pollen",FALSE,"Trogenmoos.vanderKnaap.2000","Peat",46.7619,7.8639,1484,"Trogenmoos","1.0.3",1,"Annual","positive","air@surface",44,1130,1990,860,20,860,FALSE,TRUE,FALSE,TRUE,TRUE,FALSE,2,TRUE,FALSE,TRUE,TRUE,TRUE,"","criteria",FALSE,"within-dataset"
"lcR66ueHoKXvpwI4H3y","LC2f1c19abf8440428bc98b1bd1cabf58b","paleo1measurement1","temperature","degC","pollen","pollen",FALSE,"QigaiNuur.Sun.2013","LakeSediment",72.3989,102.2886,60,"Qigai Nuur","1.1.0",1,"Annual","positive","air@surface",83,10,1970,1960,20,1960,FALSE,TRUE,FALSE,TRUE,TRUE,FALSE,18,TRUE,FALSE,TRUE,TRUE,TRUE,"","criteria",FALSE,"within-dataset"
"lcR6CFFZ8HXN1yxG8lg","LC39ff783e7e9708576fa14f8fcac481fc","paleo1measurement1","temperature","degC","pollen","pollen",FALSE,"Langarud.Haghani.2015","Peat",37.1856,50.1475,NA,"Langarud","1.0.3",1,"Annual","positive","air@surface",15,1350,2000,650,30,650,FALSE,TRUE,FALSE,TRUE,TRUE,FALSE,2,TRUE,FALSE,TRUE,TRUE,TRUE,"","criteria",FALSE,"within-dataset"
"lcR6g6Lpqg8MJllLma9","LC716684fde7c06484647a8321102767aa","paleo1measurement1","temperature","degC","pollen","pollen",FALSE,"HicksLake.Hupy.2012","LakeSediment",44.0228,-85.2833,379,"Hicks Lake","1.0.3",1,"Annual","positive","air@surface",30,50,1970,1920,30,1920,FALSE,TRUE,FALSE,TRUE,TRUE,FALSE,3,TRUE,FALSE,TRUE,TRUE,TRUE,"","criteria",FALSE,"within-dataset"
"lcR6mJKK5wM6k8XAPbI","LCa62342d98da2575b8a14f220a7b7a1d4","paleo1measurement1","temperature","degC","pollen","pollen",FALSE,"LagodiVenere.Calo.2013","LakeSediment",36.8169,11.987,2,"Lago di Venere","1.0.3",1,"Annual","positive","air@surface",87,810,1990,1180,10,1180,FALSE,TRUE,FALSE,TRUE,TRUE,FALSE,2,TRUE,FALSE,TRUE,TRUE,TRUE,"","criteria",FALSE,"within-dataset"
"lcR6nzU7BziugpXBNfh","LC4901aeddde5d6f5247f38492e2bf6c26","paleo1measurement1","temperature","degC","pollen","pollen",FALSE,"LagodiOriglio.Tinner.1999","LakeSediment",46.0515,8.9433,416,"Lago di Origlio","1.0.6",1,"Jul","positive","air@surface",35,30,2000,1970,40,1970,FALSE,TRUE,FALSE,TRUE,TRUE,FALSE,26,TRUE,FALSE,TRUE,TRUE,TRUE,"","criteria",FALSE,"within-dataset"
"lcR6o4dYabhiYT2jUca","LC3bdd6387273edc3ab38193c063d48524","paleo1measurement1","temperature","degC","pollen","pollen",FALSE,"UpperSquawLake.Colombaroli.2010","LakeSediment",42.0321,-123.0149,930,"Upper Squaw Lake","1.0.3",1,"Annual","positive","air@surface",48,210,2090,1880,40,1880,FALSE,TRUE,FALSE,TRUE,TRUE,FALSE,7,TRUE,FALSE,TRUE,TRUE,TRUE,"","criteria",FALSE,"within-dataset"
"lcR6oJJ8kfOEhIr8Ryk","LC3057f0d13fc379dacc99be8bc9c7a5af","paleo1measurement1","temperature","degC","pollen","pollen",TRUE,"LoxahatcheeNationalWildlifeRefugeSite1EPASite7.Willard.1997","Peat",26.4811,-80.4156,5,"Loxahatchee National Wildlife Refuge Site 1 (EPA Site 7)","1.0.3",1,"Annual","positive","air@surface",28,510,1990,1480,50,1480,FALSE,TRUE,FALSE,TRUE,TRUE,FALSE,5,TRUE,FALSE,TRUE,TRUE,TRUE,"","criteria",TRUE,NA
"lcR6QoHSgAfDBYunbmZ","LC388ad7dacaa8ba591a83289ef3ae5db3","paleo1measurement1","temperature","degC","pollen","floral assemblage",TRUE,"CharcodaCandieira.VanderKnaap.1984","LakeSediment",40.3417,-7.5764,1409,"Charco da Candieira","1.0.8",1,"Annual","positive","air@surface",48,100,2010,1910,20,1910,FALSE,TRUE,FALSE,TRUE,TRUE,FALSE,30,TRUE,FALSE,TRUE,TRUE,TRUE,"","criteria",TRUE,NA
"lcR6qZ80J3mbi2SxhrO","LCe854dd479471e325b1d07f2f917d9b75","paleo1measurement1","temperature","degC","pollen","pollen",FALSE,"Carquefou.Cyprien.2001","Peat",47.3092,-1.4769,11,"Carquefou","1.0.7",1,"Annual","positive","air@surface",23,920,1930,1010,40,1010,FALSE,TRUE,FALSE,TRUE,TRUE,FALSE,3,TRUE,FALSE,TRUE,TRUE,TRUE,"","criteria",FALSE,"within-dataset"
"lcR6smaNDWwXF3hbhsf","LC35d585e935376adf112d37d384370234","paleo1measurement1","temperature","degC","pollen","pollen",FALSE,"TourbieredeLandemarais.Visset.1989","Peat",48.4417,-1.1817,145,"Tourbiere de Landemarais","1.0.3",1,"Jul","positive","air@surface",35,1010,1990,980,30,980,FALSE,TRUE,FALSE,TRUE,TRUE,FALSE,3,TRUE,FALSE,TRUE,TRUE,TRUE,"","criteria",FALSE,"within-dataset"
"lcR6Uo0XhNIdqNdA6zx","LC411fd7990bbec38aade84b10cc75f750","paleo1measurement1","temperature","degC","pollen","pollen",FALSE,"DeepPond.Parshall.2002","LakeSediment",41.7391,-69.9921,23,"Deep Pond","1.0.5",1,"Jul","positive","air@surface",49,20,2020,2000,40,2000,FALSE,TRUE,FALSE,TRUE,TRUE,FALSE,16,TRUE,FALSE,TRUE,TRUE,TRUE,"","criteria",FALSE,"within-dataset"
"lcR6VEZ04C3APfMSzzx","LC00c9560652ae524c6e9d33bf622f81c3","paleo1measurement1","temperature","degC","pollen","pollen",FALSE,"MobecheForest.CletPellerin.1993","Other",48.5167,-1,200,"Mobeche Forest","1.0.3",1,"Annual","positive","air@surface",77,870,1910,1040,10,1040,FALSE,TRUE,FALSE,TRUE,TRUE,FALSE,2,TRUE,FALSE,TRUE,TRUE,TRUE,"","criteria",FALSE,"within-dataset"
"lcR6vGfcbiPtX3VCkpk","LCc1d8fb2de1e1d62af21cff9ed8acd51e","paleo1measurement1","temperature","degC","pollen","pollen",FALSE,"OtterPond.Fuller.1998","LakeSediment",42.6549,-72.5332,107,"Otter Pond","1.0.3",1,"Annual","positive","air@surface",52,1150,1990,840,20,840,FALSE,TRUE,FALSE,TRUE,TRUE,FALSE,4,TRUE,FALSE,TRUE,TRUE,TRUE,"","criteria",FALSE,"within-dataset"
"lcR6WKgm5UpqPzvtW0g","LC54f06bd6bcf83fb313c31660e991861a","paleo1measurement1","temperature","degC","pollen","pollen",FALSE,"AltesMoorWachel.Dorfler.1989","Peat",53.4373,8.8678,17,"Altes Moor Wachel","1.0.5",1,"Annual","positive","air@surface",54,60,1980,1920,20,1920,FALSE,TRUE,FALSE,TRUE,TRUE,FALSE,7,TRUE,FALSE,TRUE,TRUE,TRUE,"","criteria",FALSE,"within-dataset"
"lcR6wkPp1h22E4nIcwY","LC17a5f417c16199d4939de1bcc4884c0b","paleo1measurement1","temperature","degC","pollen","pollen",FALSE,"PrazRodet.vanderKnaap.2000","Peat",46.5667,6.1736,1040,"Praz Rodet","1.0.6",1,"Annual","positive","air@surface",65,40,2010,1970,25,1970,FALSE,TRUE,FALSE,TRUE,TRUE,FALSE,16,TRUE,FALSE,TRUE,TRUE,TRUE,"","criteria",FALSE,"within-dataset"
"lcR6wkuvnvU0zwf0Eb9","LC152754a16cb016b7b1a193745db5597e","paleo1measurement1","temperature","degC","pollen","pollen",TRUE,"KellysLough.Leira.2007","LakeSediment",52.9585,-6.4257,585,"Kelly's Lough","1.0.5",1,"Jul","positive","air@surface",41,30,1960,1930,40,1930,FALSE,TRUE,FALSE,TRUE,TRUE,FALSE,17,TRUE,FALSE,TRUE,TRUE,TRUE,"","criteria",FALSE,"within-dataset"
"lcR6wzpkrk3dNd4ijfl","LC1910f30a0f057ed283fad39a1cd6bb18","paleo1measurement1","temperature","degC","pollen","pollen",FALSE,"Fjallnas.Konigsson.1984","FluvialSediment",62.6159,12.1339,780,"Fjallnas","1.0.5",1,"Jul","positive","air@surface",25,110,2010,1900,45,1900,FALSE,TRUE,FALSE,TRUE,TRUE,FALSE,14,TRUE,FALSE,TRUE,TRUE,TRUE,"","criteria",FALSE,"within-dataset"
"lcR705LVWqwVo7UcjrF","LC39ff783e7e9708576fa14f8fcac481fc","paleo1measurement1","temperature","degC","pollen","pollen",FALSE,"Langarud.Haghani.2015","Peat",37.1856,50.1475,NA,"Langarud","1.0.3",1,"Annual","positive","air@surface",15,1350,2000,650,30,650,FALSE,TRUE,FALSE,TRUE,TRUE,FALSE,2,TRUE,FALSE,TRUE,TRUE,TRUE,"","criteria",FALSE,"within-dataset"
"lcR70HbVhhtnHdkpzSQ","LC35d585e935376adf112d37d384370234","paleo1measurement1","temperature","degC","pollen","pollen",TRUE,"TourbieredeLandemarais.Visset.1989","Peat",48.4417,-1.1817,145,"Tourbiere de Landemarais","1.0.3",1,"Annual","positive","air@surface",35,1010,1990,980,30,980,FALSE,TRUE,FALSE,TRUE,TRUE,FALSE,3,TRUE,FALSE,TRUE,TRUE,TRUE,"","criteria",TRUE,NA
"lcR711YeTvyQTx30t1d","LC0bacc59a8d3ed8e1877e3e5f82ca26f7","paleo1measurement1","temperature","degC","pollen","floral assemblage",TRUE,"AndersonPond.Liu.2013","LakeSediment",36.0301,-85.5013,303,"Anderson Pond","1.0.4",1,"Annual","positive","air@surface",14,730,2020,1290,50,1290,FALSE,TRUE,FALSE,TRUE,TRUE,FALSE,15,FALSE,FALSE,TRUE,TRUE,TRUE,"chronology","data-poor exception",TRUE,NA
"lcR71E823bjVL9QJbhB","LC3bdd6387273edc3ab38193c063d48524","paleo1measurement1","temperature","degC","pollen","pollen",FALSE,"UpperSquawLake.Colombaroli.2010","LakeSediment",42.0321,-123.0149,930,"Upper Squaw Lake","1.0.3",1,"Jul","positive","air@surface",48,210,2090,1880,40,1880,FALSE,TRUE,FALSE,TRUE,TRUE,FALSE,7,TRUE,FALSE,TRUE,TRUE,TRUE,"","criteria",FALSE,"within-dataset"
"lcR73BwyXRFd0VRprg1","LCe08ad0d73545822fd0323c34db4baa9e","paleo1measurement1","temperature","degC","pollen","pollen",FALSE,"LakeNuochaga.Andreev.1989","LakeSediment",61.3006,129.5558,260,"Lake Nuochaga","1.0.5",1,"Annual","positive","air@surface",14,270,1930,1660,90,1660,FALSE,TRUE,FALSE,TRUE,FALSE,FALSE,4,TRUE,FALSE,TRUE,TRUE,TRUE,"resolution","data-poor exception",FALSE,"within-dataset"
"lcR73ycoIcfINHZTNvd","LC54f06bd6bcf83fb313c31660e991861a","paleo1measurement1","temperature","degC","pollen","pollen",FALSE,"AltesMoorWachel.Dorfler.1989","Peat",53.4373,8.8678,17,"Altes Moor Wachel","1.0.5",1,"Annual","positive","air@surface",54,60,1980,1920,20,1920,FALSE,TRUE,FALSE,TRUE,TRUE,FALSE,7,TRUE,FALSE,TRUE,TRUE,TRUE,"","criteria",FALSE,"within-dataset"
"lcR78h859CW4tm8wcSK","LC17a5f417c16199d4939de1bcc4884c0b","paleo1measurement1","temperature","degC","pollen","pollen",FALSE,"PrazRodet.vanderKnaap.2000","Peat",46.5667,6.1736,1040,"Praz Rodet","1.0.6",1,"Annual","positive","air@surface",65,40,2010,1970,25,1970,FALSE,TRUE,FALSE,TRUE,TRUE,FALSE,16,TRUE,FALSE,TRUE,TRUE,TRUE,"","criteria",FALSE,"within-dataset"
"lcR7AOlYrqzPsTGxnJn","LC6610c4e4625f88c5de2c203e6b0a36e5","paleo1measurement1","temperature","degC","pollen","pollen",FALSE,"PathLake.Neil.2014Legacy","LakeSediment",43.872,-64.9288,10,"Path Lake","1.0.5",1,"Jul","positive","air@surface",59,20,1990,1970,30,1970,FALSE,TRUE,FALSE,TRUE,TRUE,FALSE,6,TRUE,FALSE,TRUE,TRUE,TRUE,"","criteria",FALSE,"within-dataset"
"lcR7daHcnh3rCpjN595","LCfc7d011374a53ed99db2dc1881797569","paleo1measurement1","temperature","degC","pollen","pollen",FALSE,"FlorenceLake.Pellatt.2015","LakeSediment",48.4586,-123.513,81,"Florence Lake","1.0.3",1,"Jul","positive","air@surface",30,1450,2010,560,20,560,FALSE,TRUE,FALSE,TRUE,TRUE,FALSE,12,TRUE,FALSE,TRUE,TRUE,TRUE,"","criteria",FALSE,"within-dataset"
"lcR7gURL46wnf7Zc9Uw","LC30c0d8f9e9d0251f60938145ff35d7e5","paleo1measurement1","temperature","degC","pollen","pollen",TRUE,"LongLake.Carter.2017","LakeSediment",41.4998,-106.3679,2700,"Long Lake","1.0.7",1,"Jul","positive","air@surface",52,30,2020,1990,30,1990,FALSE,TRUE,FALSE,TRUE,TRUE,FALSE,10,TRUE,FALSE,TRUE,TRUE,TRUE,"","criteria",FALSE,"within-dataset"
"lcR7IK4V91HmtxLHi4j","LC7f871300b4ec3cf71ed37adc0d16de65","paleo1measurement1","temperature","degC","pollen","pollen",FALSE,"HellHoleLake.Hotchkiss.2007","LakeSediment",45.7866,-92.219,298,"Hell Hole Lake","1.0.3",1,"Annual","positive","air@surface",37,60,2010,1950,50,1950,FALSE,TRUE,FALSE,TRUE,TRUE,FALSE,6,TRUE,FALSE,TRUE,TRUE,TRUE,"","criteria",FALSE,"within-dataset"
"lcR7JsNfiuqGqpIL9YP","LC700608d712e480226f683ca4687400b9","paleo2measurement1","temperature","degC","pollen","pollen",FALSE,"EtangdelaGruere.RoosBarraclough.2002","Peat",47.2406,7.05,1005,"Etang de la Gruere","1.0.6",1,"Jul","positive","air@surface",38,30,1990,1960,40,1960,FALSE,TRUE,FALSE,TRUE,TRUE,FALSE,31,TRUE,FALSE,TRUE,TRUE,TRUE,"","criteria",FALSE,"within-dataset"
"lcR7K6SxUtEmvPXZSu0","LCb35beb548a760ab71b45be2f03bbd596","paleo1measurement1","temperature","degC","pollen","pollen",TRUE,"MudCreekSite1.Willard.1997","Peat",25.2197,-80.6047,5,"Mud Creek Site 1","1.0.3",1,"Jul","positive","air@surface",38,130,2010,1880,30,1880,FALSE,TRUE,FALSE,TRUE,TRUE,FALSE,5,TRUE,FALSE,TRUE,TRUE,TRUE,"","criteria",FALSE,"within-dataset"
"lcR7m9ZoWmrTfbzoSSo","LCf8f7f556916728039f22cffb4980cee8","paleo1measurement1","temperature","degC","pollen","pollen",FALSE,"TrinityRiverbayhead.Anderson.2008","FluvialSediment",29.7662,-94.7082,0,"Trinity River bayhead","1.0.3",1,"Annual","positive","air@surface",28,30,950,920,30,920,FALSE,TRUE,FALSE,TRUE,TRUE,FALSE,6,TRUE,FALSE,TRUE,TRUE,TRUE,"","criteria",FALSE,"within-dataset"
"lcR7onY06tYSYXJgcE6","LCee281c33b70bd4a07b6225b178fe9ed2","paleo1measurement1","temperature","degC","pollen","pollen",FALSE,"LochLaxford.Shotyk.1996","Peat",58.3725,-5.0367,137,"Loch Laxford","1.0.3",1,"Annual","positive","air@surface",42,660,1980,1320,30,1320,FALSE,TRUE,FALSE,TRUE,TRUE,FALSE,5,TRUE,FALSE,TRUE,TRUE,TRUE,"","criteria",FALSE,"within-dataset"
"lcR7sX84B1moLUPPfRX","LC8326aae75745929f1260b2ecf759133b","paleo1measurement1","temperature","degC","pollen","pollen",FALSE,"Couedic.Visset.2001","FluvialSediment",47.2139,-1.5572,10,"Couedic","1.0.3",1,"Annual","positive","air@surface",11,20,1010,990,30,990,FALSE,TRUE,FALSE,TRUE,TRUE,FALSE,4,TRUE,FALSE,TRUE,TRUE,TRUE,"","criteria",FALSE,"within-dataset"
"lcR7ud3XC9UR7QyJp2L","LCfb8f08ba4796986d0e87f8b0dea026e4","paleo1measurement1","temperature","degC","pollen","pollen",TRUE,"Labradillosmire.RoblesLopez.2017","Peat",40.3447,-4.5706,1460,"Labradillos mire","1.0.3",1,"Annual","positive","air@surface",25,490,1980,1490,50,1490,FALSE,TRUE,FALSE,TRUE,TRUE,FALSE,5,TRUE,FALSE,TRUE,TRUE,TRUE,"","criteria",TRUE,NA
"lcR7uJCCm7r46NsQGoj","LCd474087228f1e44627dee8122ec9614d","paleo1measurement1","temperature","degC","pollen","floral assemblage",FALSE,"BeefPasture.Wright.2012","Peat",37.4731,-108.1604,3060,"Beef Pasture","1.0.7",1,"Annual","positive","air@surface",69,20,2010,1990,30,1990,FALSE,TRUE,FALSE,TRUE,TRUE,FALSE,16,TRUE,FALSE,TRUE,TRUE,TRUE,"","criteria",FALSE,"within-dataset"
"lcR7UpKLKzzmjO8OIMz","LC5a3f7a1b6df57cf550e3fee0c1a9dbd5","paleo1measurement1","temperature","degC","pollen","pollen",FALSE,"ChickareeLake.Dunnette.2014","LakeSediment",40.3341,-105.8411,2796,"Chickaree Lake","1.0.5",1,"Annual","positive","air@surface",41,50,2010,1960,50,1960,FALSE,TRUE,FALSE,TRUE,TRUE,FALSE,38,TRUE,FALSE,TRUE,TRUE,TRUE,"","criteria",FALSE,"within-dataset"
"lcR7uQKL8tYqyT1F4SY","LC7d469c3e8ffb0a645fcce87cd18b9a68","paleo1measurement1","temperature","degC","pollen","pollen",FALSE,"ChesapeakeBayPTMC32.Willard.2005","MarineSediment",38.0267,-76.2197,0,"Chesapeake Bay (PTMC3-2)","1.0.5",1,"Jul","positive","air@surface",60,60,2030,1970,20,1970,FALSE,TRUE,FALSE,TRUE,TRUE,FALSE,6,TRUE,FALSE,TRUE,TRUE,TRUE,"","criteria",FALSE,"within-dataset"
"lcR7uxqqFB3AHYnyYyA","LC613b7ed34faf1123dd056fac38de8464","paleo1measurement1","temperature","degC","pollen","pollen",FALSE,"OumiExposure.Anderson.2002","Peat",48.2167,138.4,990,"Oumi Exposure","1.0.3",1,"Jul","positive","air@surface",24,10,1660,1650,40,1650,FALSE,TRUE,FALSE,TRUE,TRUE,FALSE,5,TRUE,FALSE,TRUE,TRUE,TRUE,"","criteria",FALSE,"within-dataset"
"lcR7vQuESbyWM3X85TN","LCd91285ebd4c1d454fd409bbc9a4372fe","paleo1measurement1","temperature","degC","pollen","pollen",TRUE,"Ispani2.deKlerk.2009","Peat",41.8623,41.802,1,"Ispani 2","1.0.3",1,"Jul","positive","air@surface",57,100,1990,1890,30,1890,FALSE,TRUE,FALSE,TRUE,TRUE,FALSE,4,TRUE,FALSE,TRUE,TRUE,TRUE,"","criteria",FALSE,"within-dataset"
"lcR7WdordlphW8DxIDk","LCd14eff7df1294fb19d0dd82c9b065357","paleo1measurement1","temperature","degC","pollen","pollen",FALSE,"Kirkkosaari.Rankama.1988","Peat",60.8577,24.4906,83,"Kirkkosaari","1.0.5",1,"Jul","positive","air@surface",39,30,1990,1960,30,1960,FALSE,TRUE,FALSE,TRUE,TRUE,FALSE,4,TRUE,FALSE,TRUE,TRUE,TRUE,"","criteria",FALSE,"within-dataset"
"lcR7wNQDwRBewafewkr","LC7fa4ebd7f0ce92cb497a8efbad76b212","paleo1measurement1","temperature","degC","pollen","pollen",FALSE,"LesNaudieres.Poirier.2013","FluvialSediment",47.5375,0.7022,101,"Les Naudieres","1.0.3",1,"Annual","positive","air@surface",56,570,1960,1390,20,1390,FALSE,TRUE,FALSE,TRUE,TRUE,FALSE,7,TRUE,FALSE,TRUE,TRUE,TRUE,"","criteria",FALSE,"within-dataset"
"lcR7yGfL4ScMhyNULkD","LCd89f21818ba068176fc2641268994d89","paleo1measurement1","temperature","degC","pollen","pollen",FALSE,"EinGedi.Litt.2012","MarineSediment",31.4189,35.3883,NA,"Ein Gedi","1.0.4",1,"Annual","positive","air@surface",13,50,1920,1870,155,1870,FALSE,TRUE,FALSE,TRUE,TRUE,FALSE,20,TRUE,FALSE,TRUE,TRUE,TRUE,"","criteria",FALSE,"within-dataset"
"lcR7ZyXCI4YIyrto12p","LCaa71976e446f4ed9037ab00f0e01331d","paleo1measurement1","temperature","degC","pollen","pollen",TRUE,"SweetonPond.Nanavati.2019","LakeSediment",36.7913,-92.2231,304,"Sweeton Pond","1.0.3",1,"Jul","positive","air@surface",63,130,2000,1870,30,1870,FALSE,TRUE,FALSE,TRUE,TRUE,FALSE,11,TRUE,FALSE,TRUE,TRUE,TRUE,"","criteria",FALSE,"within-dataset"
"lcR87aeQRrwx5NyRR9x","LC11a3a0c5aff5557858d4e7ee0f5460cb","paleo1measurement1","temperature","degC","pollen","pollen",FALSE,"ZoigeBasin.Zhao.2011","Peat",33.45,102.6333,3467,"Zoige Basin","1.0.6",1,"Jul","positive","air@surface",38,20,2010,1990,40,1990,FALSE,TRUE,FALSE,TRUE,TRUE,FALSE,9,TRUE,FALSE,TRUE,TRUE,TRUE,"","criteria",FALSE,"within-dataset"
"lcR8duWJFiOnxovYweW","LCe51e45db650fef1ceeb069a5ba53dc15","paleo1measurement1","temperature","degC","pollen","pollen",FALSE,"LakeBillyakh.Muller.2009","LakeSediment",65.2891,126.7699,340,"Lake Billyakh","1.1.0",1,"Annual","positive","air@surface",16,200,2010,1810,70,1810,FALSE,TRUE,FALSE,TRUE,FALSE,FALSE,8,FALSE,FALSE,TRUE,TRUE,TRUE,"resolution;chronology","data-poor exception",FALSE,"within-dataset"
"lcR8EmVy50kElDX8CVW","LC5f56c60a2e606d7d9fe1bfc40438a5aa","paleo1measurement1","temperature","degC","pollen","pollen",FALSE,"Iaz.Grindean.2014","Peat",47.1083,22.6611,300,"Iaz","1.0.5",1,"Jul","positive","air@surface",51,20,1990,1970,40,1970,FALSE,TRUE,FALSE,TRUE,TRUE,FALSE,6,TRUE,FALSE,TRUE,TRUE,TRUE,"","criteria",FALSE,"within-dataset"
"lcR8JCTDBlydQesMJBA","LCd713e8236021d549a53dacf4812a7235","paleo1measurement1","temperature","degC","pollen","pollen",FALSE,"NovoUspenka.Blyakharchuk.1989","Peat",56.6167,84.1667,150,"Novo-Uspenka","1.0.7",1,"Jul","positive","air@surface",17,220,1970,1750,90,1750,FALSE,TRUE,FALSE,TRUE,FALSE,FALSE,5,FALSE,FALSE,TRUE,TRUE,TRUE,"resolution;chronology","data-poor exception",FALSE,"within-dataset"
"lcR8LBZcP7DpGiB1Ti2","LC0bacc59a8d3ed8e1877e3e5f82ca26f7","paleo1measurement1","temperature","degC","pollen","pollen",FALSE,"AndersonPond.Liu.2013","LakeSediment",36.0301,-85.5013,303,"Anderson Pond","1.0.4",1,"Annual","positive","air@surface",14,730,2020,1290,50,1290,FALSE,TRUE,FALSE,TRUE,TRUE,FALSE,15,FALSE,FALSE,TRUE,TRUE,TRUE,"chronology","data-poor exception",FALSE,"within-dataset"
"lcR8mvEqLrQ9u2P911d","LC74158e6ab9b15b9cfb3efac63ecd2358","paleo1measurement1","temperature","degC","pollen","pollen",FALSE,"UpperSouthBranchPond.Anderson.1986","LakeSediment",46.0901,-68.8933,300,"Upper South Branch Pond","1.0.3",1,"Jul","positive","air@surface",22,220,2010,1790,40,1790,FALSE,TRUE,FALSE,TRUE,TRUE,FALSE,5,TRUE,FALSE,TRUE,TRUE,TRUE,"","criteria",FALSE,"within-dataset"
"lcR8pTzdSZ1I1V6wvcL","LC9f100b08c7659d493aeb585373be787d","paleo1measurement1","temperature","degC","pollen","pollen",FALSE,"Kralovec.Rybnickova.2005","Peat",49.1319,18.0278,599,"Kralovec","1.0.3",1,"Jul","positive","air@surface",26,730,2000,1270,50,1270,FALSE,TRUE,FALSE,TRUE,TRUE,FALSE,4,TRUE,FALSE,TRUE,TRUE,TRUE,"","criteria",FALSE,"within-dataset"
"lcR8u6P7g1aBduyI1y9","LC6f993ff5a55b1140469f76b3a61c022c","paleo1measurement1","temperature","degC","pollen","pollen",FALSE,"MiddleNorthCoombe.Fyfe.2004","Peat",50.9339,-3.4333,122,"Middle North Coombe","1.0.3",1,"Annual","positive","air@surface",28,240,2000,1760,50,1760,FALSE,TRUE,FALSE,TRUE,TRUE,FALSE,4,TRUE,FALSE,TRUE,TRUE,TRUE,"","criteria",FALSE,"within-dataset"
"lcR8UBwSbySt8uDwYw3","LC9d732362db698792b8631e1ee5beca13","paleo1measurement1","temperature","degC","pollen","pollen",FALSE,"LilyWarwick.Fuller.1998","LakeSediment",42.6884,-72.3372,269,"Lily Warwick","1.0.3",1,"Annual","positive","air@surface",61,710,1980,1270,20,1270,FALSE,TRUE,FALSE,TRUE,TRUE,FALSE,6,TRUE,FALSE,TRUE,TRUE,TRUE,"","criteria",FALSE,"within-dataset"
"lcR8uLcZ5eyNHZGF7Ze","LC00c9560652ae524c6e9d33bf622f81c3","paleo1measurement1","temperature","degC","pollen","pollen",TRUE,"MobecheForest.CletPellerin.1993","Other",48.5167,-1,200,"Mobeche Forest","1.0.3",1,"Annual","positive","air@surface",77,870,1910,1040,10,1040,FALSE,TRUE,FALSE,TRUE,TRUE,FALSE,2,TRUE,FALSE,TRUE,TRUE,TRUE,"","criteria",TRUE,NA
"lcR8W06IKzWDohSt7Pz","LC01b139d1e37ee2fd9c3c2bf7480d9de1","paleo1measurement1","temperature","degC","pollen","pollen",FALSE,"SehestedterAussendeichsmoor.Behre.2005","Peat",53.4389,8.3071,4,"Sehestedter Aussendeichsmoor","1.0.3",1,"Annual","positive","air@surface",84,10,1980,1970,20,1970,FALSE,TRUE,FALSE,TRUE,TRUE,FALSE,9,TRUE,FALSE,TRUE,TRUE,TRUE,"","criteria",FALSE,"within-dataset"
"lcR8xmMMaL0E1qkKqvx","LCe0cd3d50e575ea42397a4e6139eea137","paleo1measurement1","temperature","degC","pollen","pollen",FALSE,"AnthonyLake.Long.2019","LakeSediment",44.9597,-118.2314,2174,"Anthony Lake","1.0.3",1,"Annual","positive","air@surface",20,170,1950,1780,50,1780,FALSE,TRUE,FALSE,TRUE,TRUE,FALSE,5,TRUE,FALSE,TRUE,TRUE,TRUE,"","criteria",FALSE,"within-dataset"
"lcR8YH0csWI2SGlB9ed","LC1ed4cbd5bf117afdc0bce084d7d6d4c0","paleo1measurement1","temperature","degC","pollen","pollen",FALSE,"NorthFlatLake.Hart.2009","LakeSediment",53.6115,-106.4952,522,"North Flat Lake","1.0.3",1,"Jul","positive","air@surface",57,170,1970,1800,30,1800,FALSE,TRUE,FALSE,TRUE,TRUE,FALSE,5,TRUE,FALSE,TRUE,TRUE,TRUE,"","criteria",FALSE,"within-dataset"
"lcR91hARZjTb3MITptM","LC081056bd799e1360af038eeb73c0dcf8","paleo1measurement1","temperature","degC","pollen","pollen",FALSE,"LakeEmilyNortheastBasin.UmbanhowarJr.2004","LakeSediment",44.3138,-93.9144,296,"Lake Emily, Northeast Basin","1.0.3",1,"Jul","positive","air@surface",15,1150,1790,640,35,640,FALSE,TRUE,FALSE,TRUE,TRUE,FALSE,3,TRUE,FALSE,TRUE,TRUE,TRUE,"","criteria",FALSE,"within-dataset"
"lcR96IrMafNVidtaKIF","LC027bb84dde1b623df4af382dbc723e96","paleo1measurement1","temperature","degC","pollen","pollen",FALSE,"OgacLake.Doner.2001","LakeSediment",62.8455,-67.3415,5,"Ogac Lake","1.0.3",1,"Jul","positive","air@surface",40,10,1920,1910,50,1910,FALSE,TRUE,FALSE,TRUE,TRUE,FALSE,5,TRUE,FALSE,TRUE,TRUE,TRUE,"","criteria",FALSE,"within-dataset"
"lcR97GxQaQ1kZCJ7gfY","LC17a5f417c16199d4939de1bcc4884c0b","paleo1measurement1","temperature","degC","pollen","pollen",FALSE,"PrazRodet.vanderKnaap.2000","Peat",46.5667,6.1736,1040,"Praz Rodet","1.0.6",1,"Jul","positive","air@surface",65,40,2010,1970,25,1970,FALSE,TRUE,FALSE,TRUE,TRUE,FALSE,16,TRUE,FALSE,TRUE,TRUE,TRUE,"","criteria",FALSE,"within-dataset"
"lcR97PaBoSd5QGzj1Ax","LCda07198f26f8b2bfd2bc472b9f8aa4fe","paleo1measurement1","temperature","degC","pollen","pollen",FALSE,"IsleauHautNorthHollow.Schauffler.1998","LakeSediment",44.0651,-68.6354,75,"Isle au Haut North Hollow","1.0.3",1,"Annual","positive","air@surface",40,200,1860,1660,40,1660,FALSE,TRUE,FALSE,TRUE,TRUE,FALSE,4,TRUE,FALSE,TRUE,TRUE,TRUE,"","criteria",FALSE,"within-dataset"
"lcR98tO0IESKz6sXyGT","LCe90679c1b5177a9cda38a41661c97057","paleo1measurement1","temperature","degC","pollen","pollen",FALSE,"CranberryLake.author.1111","LakeSediment",44.1,-78.1,170,"Cranberry Lake","1.0.4",1,"Jul","positive","air@surface",35,30,1990,1960,50,1960,FALSE,TRUE,FALSE,TRUE,TRUE,FALSE,7,TRUE,FALSE,TRUE,TRUE,TRUE,"","criteria",FALSE,"within-dataset"
"lcR9du4sIfScHScl1UZ","LCda07198f26f8b2bfd2bc472b9f8aa4fe","paleo1measurement1","temperature","degC","pollen","pollen",TRUE,"IsleauHautNorthHollow.Schauffler.1998","LakeSediment",44.0651,-68.6354,75,"Isle au Haut North Hollow","1.0.3",1,"Annual","positive","air@surface",40,200,1860,1660,40,1660,FALSE,TRUE,FALSE,TRUE,TRUE,FALSE,4,TRUE,FALSE,TRUE,TRUE,TRUE,"","criteria",TRUE,NA
"lcR9HAk37KkoHeV79Cn","LC2ea67c5bffbce840edf91e388dbdb1f6","paleo1measurement1","temperature","degC","pollen","pollen",TRUE,"Foula.Shotyk.1996","Peat",60.1374,-2.0793,170,"Foula","1.0.3",1,"Jul","positive","air@surface",44,1220,1980,760,20,760,FALSE,TRUE,FALSE,TRUE,TRUE,FALSE,4,TRUE,FALSE,TRUE,TRUE,TRUE,"","criteria",FALSE,"within-dataset"
"lcR9hTKvoIHZ53qJ4Q9","LCa62342d98da2575b8a14f220a7b7a1d4","paleo1measurement1","temperature","degC","pollen","pollen",FALSE,"LagodiVenere.Calo.2013","LakeSediment",36.8169,11.987,2,"Lago di Venere","1.0.3",1,"Jul","positive","air@surface",87,810,1990,1180,10,1180,FALSE,TRUE,FALSE,TRUE,TRUE,FALSE,2,TRUE,FALSE,TRUE,TRUE,TRUE,"","criteria",FALSE,"within-dataset"
"lcR9Ii9bXQoYSoZQYo1","LCf80404513f4d64790a5f2dc174c922ac","paleo1measurement1","temperature","degC","pollen","floral assemblage",TRUE,"EmrickLake.Spigel.2006","LakeSediment",43.8002,-89.5943,270,"Emrick Lake","1.0.6",1,"Annual","positive","air@surface",31,90,2010,1920,50,1920,FALSE,TRUE,FALSE,TRUE,TRUE,FALSE,6,TRUE,FALSE,TRUE,TRUE,TRUE,"","criteria",TRUE,NA
"lcR9ImPi1pMOdojhe5C","LC1d4fafdcc8f99c4b8be79bb115a409e2","paleo1measurement1","temperature","degC","pollen","pollen",FALSE,"Vladar.Pokorny.2006","LakeSediment",50.0786,13.214,612,"Vladar","1.0.3",1,"Jul","positive","air@surface",47,10,1990,1980,30,1980,FALSE,TRUE,FALSE,TRUE,TRUE,FALSE,6,TRUE,FALSE,TRUE,TRUE,TRUE,"","criteria",FALSE,"within-dataset"
"lcR9JTBrvuSRm2YgF6j","LCdf626fa7f98044fb3907947b192d21f7","paleo1measurement1","temperature","degC","pollen","pollen",TRUE,"Changeon.Cyprien.2001","FluvialSediment",47.2761,0.1319,28,"Changeon","1.0.3",1,"Jul","positive","air@surface",12,870,1920,1050,40,1050,FALSE,TRUE,FALSE,TRUE,TRUE,FALSE,2,TRUE,FALSE,TRUE,TRUE,TRUE,"","criteria",FALSE,"within-dataset"
"lcR9mfJxciMJKheczYh","LCaa71976e446f4ed9037ab00f0e01331d","paleo1measurement1","temperature","degC","pollen","pollen",FALSE,"SweetonPond.Nanavati.2019","LakeSediment",36.7913,-92.2231,304,"Sweeton Pond","1.0.3",1,"Jul","positive","air@surface",63,130,2000,1870,30,1870,FALSE,TRUE,FALSE,TRUE,TRUE,FALSE,11,TRUE,FALSE,TRUE,TRUE,TRUE,"","criteria",FALSE,"within-dataset"
"lcR9PnnWsyGHixjRNRp","LCaa71976e446f4ed9037ab00f0e01331d","paleo1measurement1","temperature","degC","pollen","pollen",FALSE,"SweetonPond.Nanavati.2019","LakeSediment",36.7913,-92.2231,304,"Sweeton Pond","1.0.3",1,"Annual","positive","air@surface",63,130,2000,1870,30,1870,FALSE,TRUE,FALSE,TRUE,TRUE,FALSE,11,TRUE,FALSE,TRUE,TRUE,TRUE,"","criteria",FALSE,"within-dataset"
"lcR9Q28Ec5biIUwt2vN","LCc11db47aa5126e5e866550ac4234eca3","paleo1measurement1","temperature","degC","pollen","pollen",TRUE,"HiddenLake.Calder.2016","LakeSediment",40.5047,-106.6075,2704,"Hidden Lake","1.0.3",1,"Annual","positive","air@surface",27,120,1920,1800,50,1800,FALSE,TRUE,FALSE,TRUE,TRUE,FALSE,3,TRUE,FALSE,TRUE,TRUE,TRUE,"","criteria",TRUE,NA
"lcR9r7qGZOCNmA6VtKR","LC6f94e5cfb8965877650f244bd869ac37","paleo1measurement1","temperature","degC","pollen","floral assemblage",TRUE,"StewartBog.JimenezMoreno.2008","Peat",35.832,-105.722,NA,"Stewart Bog","1.0.10",1,"Annual","positive","air@surface",37,60,1980,1920,35,1920,FALSE,TRUE,FALSE,TRUE,TRUE,FALSE,12,TRUE,FALSE,TRUE,TRUE,TRUE,"","criteria",FALSE,"within-dataset"
"lcR9SDXluEPVawi9Kyf","LC7e21f73bddb282564646ff60618e9d6a","paleo1measurement1","temperature","degC","pollen","pollen",FALSE,"SonnenbergerMoor.Willutzki.1962","Peat",51.7663,10.5135,780,"Sonnenberger Moor","1.0.3",1,"Annual","positive","air@surface",47,60,1990,1930,35,1930,FALSE,TRUE,FALSE,TRUE,TRUE,FALSE,6,TRUE,FALSE,TRUE,TRUE,TRUE,"","criteria",FALSE,"within-dataset"
"lcR9TkCPkPrAmdeHKnK","LC7c447ef97622172c7580d032b66757d7","paleo1measurement1","temperature","degC","pollen","pollen",TRUE,"TawnyPond.Keizer.2015","LakeSediment",44.8164,-77.1825,276,"Tawny Pond","1.0.3",1,"Jul","positive","air@surface",97,980,2010,1030,10,1030,FALSE,TRUE,FALSE,TRUE,TRUE,FALSE,17,TRUE,FALSE,TRUE,TRUE,TRUE,"","criteria",FALSE,"within-dataset"
"lcR9Tknp2bMp6uwA2zL","LC1af1af0e952e8967a96627e8602dc452","paleo1measurement1","temperature","degC","pollen","pollen",FALSE,"DevilsLakeCreelBay.Jacobson.1989","LakeSediment",48.0859,-98.9293,443,"Devils Lake, Creel Bay","1.0.4",1,"Jul","positive","air@surface",18,200,1990,1790,20,1790,FALSE,TRUE,FALSE,TRUE,TRUE,FALSE,28,TRUE,FALSE,TRUE,TRUE,TRUE,"","criteria",FALSE,"within-dataset"
"lcR9ysNe8LG0s50yheC","LCa246e0718f7a4267aa693418acaa0bed","paleo1measurement1","temperature","degC","pollen","pollen",TRUE,"ArroyodeValdeconejos.MoralesMolino.2017","Peat",40.861,-4.061,1380,"Arroyo de Valdeconejos","1.0.3",1,"Jul","positive","air@surface",38,1510,2020,510,10,510,FALSE,TRUE,FALSE,TRUE,TRUE,FALSE,3,TRUE,FALSE,TRUE,TRUE,TRUE,"","criteria",FALSE,"within-dataset"
"lcRA2HZ58AtwVk1nBeq","LC62c17b15ddf1ec2a989fb6807ac54e38","paleo1measurement1","temperature","degC","pollen","pollen",FALSE,"WarePond.Oswald.2018","LakeSediment",42.4824,-70.8822,3,"Ware Pond","1.0.5",1,"Annual","positive","air@surface",33,50,2050,2000,40,2000,FALSE,TRUE,FALSE,TRUE,TRUE,FALSE,10,TRUE,FALSE,TRUE,TRUE,TRUE,"","criteria",FALSE,"within-dataset"
"lcRa5SZvRhRGV937j6X","LCeca948804a225d068a0480e100b02440","paleo1measurement1","temperature","degC","pollen","pollen",FALSE,"Schopfenwaldmoor.vanderKnaap.2000","Peat",46.7436,7.8478,1453,"Schopfenwaldmoor","1.0.3",1,"Annual","positive","air@surface",54,510,2030,1520,30,1520,FALSE,TRUE,FALSE,TRUE,TRUE,FALSE,15,TRUE,FALSE,TRUE,TRUE,TRUE,"","criteria",FALSE,"within-dataset"
"lcRa60OYeu0FLDx0gSB","LCb35beb548a760ab71b45be2f03bbd596","paleo1measurement1","temperature","degC","pollen","pollen",FALSE,"MudCreekSite1.Willard.1997","Peat",25.2197,-80.6047,5,"Mud Creek Site 1","1.0.3",1,"Annual","positive","air@surface",38,130,2010,1880,30,1880,FALSE,TRUE,FALSE,TRUE,TRUE,FALSE,5,TRUE,FALSE,TRUE,TRUE,TRUE,"","criteria",FALSE,"within-dataset"
"lcRA7hKliAyj4TEODKP","LC081056bd799e1360af038eeb73c0dcf8","paleo1measurement1","temperature","degC","pollen","pollen",FALSE,"LakeEmilyNortheastBasin.UmbanhowarJr.2004","LakeSediment",44.3138,-93.9144,296,"Lake Emily, Northeast Basin","1.0.3",1,"Annual","positive","air@surface",15,1150,1790,640,35,640,FALSE,TRUE,FALSE,TRUE,TRUE,FALSE,3,TRUE,FALSE,TRUE,TRUE,TRUE,"","criteria",FALSE,"within-dataset"
"lcRA85W56A5p4HStITp","LC3aed9bc8856e726b3ffcbdc54e30e602","paleo1measurement1","temperature","degC","pollen","pollen",TRUE,"Diheen.author.1111","LakeSediment",52.3695,-8.1707,554,"Diheen","1.0.3",1,"Jul","positive","air@surface",47,1180,1960,780,10,780,FALSE,TRUE,FALSE,TRUE,TRUE,FALSE,8,TRUE,FALSE,TRUE,TRUE,TRUE,"","criteria",FALSE,"within-dataset"
"lcRAamc3PLz8Scu9185","LC9b2ab436f41ea0623e1a05cf1d43ec65","paleo1measurement1","temperature","degC","pollen","pollen",FALSE,"Cernohorskeraseliniste.Speranza.2000","Peat",50.6612,15.7534,1206,"Cernohorske raseliniste","1.0.4",1,"Annual","positive","air@surface",34,100,2000,1900,50,1900,FALSE,TRUE,FALSE,TRUE,TRUE,FALSE,6,TRUE,FALSE,TRUE,TRUE,TRUE,"","criteria",FALSE,"within-dataset"
"lcRAbB9vzhsqgpW1ex1","LCd45b4f0f21add22fe80f74c8111ad9e9","paleo1measurement1","temperature","degC","pollen","pollen",TRUE,"PasacacoPond.author.1111","LakeSediment",41.5167,-71.45,3,"Pasacaco Pond","1.0.3",1,"Annual","positive","air@surface",50,800,1960,1160,20,1160,FALSE,TRUE,FALSE,TRUE,TRUE,FALSE,3,TRUE,FALSE,TRUE,TRUE,TRUE,"","criteria",TRUE,NA
"lcRaBTGXRdGR6pKAr9Z","LC3b2e294f2d307a11469390647391d919","paleo1measurement1","temperature","degC","pollen","pollen",TRUE,"DeepFalmouthPond.Oswald.2018","LakeSediment",41.564,-70.6357,18,"Deep-Falmouth Pond","1.0.8",1,"Jul","positive","air@surface",48,20,2020,2000,40,2000,FALSE,TRUE,FALSE,TRUE,TRUE,FALSE,16,TRUE,FALSE,TRUE,TRUE,TRUE,"","criteria",FALSE,"within-dataset"
"lcRaC343rnUwzLHPJ5R","LCdf626fa7f98044fb3907947b192d21f7","paleo1measurement1","temperature","degC","pollen","pollen",FALSE,"Changeon.Cyprien.2001","FluvialSediment",47.2761,0.1319,28,"Changeon","1.0.3",1,"Annual","positive","air@surface",12,870,1920,1050,40,1050,FALSE,TRUE,FALSE,TRUE,TRUE,FALSE,2,TRUE,FALSE,TRUE,TRUE,TRUE,"","criteria",FALSE,"within-dataset"
"lcRACwdo7V6gsMuQN2N","LCda07198f26f8b2bfd2bc472b9f8aa4fe","paleo1measurement1","temperature","degC","pollen","pollen",TRUE,"IsleauHautNorthHollow.Schauffler.1998","LakeSediment",44.0651,-68.6354,75,"Isle au Haut North Hollow","1.0.3",1,"Jul","positive","air@surface",40,200,1860,1660,40,1660,FALSE,TRUE,FALSE,TRUE,TRUE,FALSE,4,TRUE,FALSE,TRUE,TRUE,TRUE,"","criteria",FALSE,"within-dataset"
"lcRAFTeLSERjxwWh1el","LC57d1f10fc7c703dc0bc92a0190eb4116","paleo1measurement1","temperature","degC","pollen","pollen",TRUE,"LakeBlatisto.vvanHuis.2013","LakeSediment",41.6213,24.6781,1540,"Lake Blatisto","1.0.3",1,"Annual","positive","air@surface",119,450,2010,1560,10,1560,FALSE,TRUE,FALSE,TRUE,TRUE,FALSE,2,TRUE,FALSE,TRUE,TRUE,TRUE,"","criteria",TRUE,NA
"lcRagPv5JmNWfKvwrqY","LC78c26c7cbd368b7e8e182f1ab760c79d","paleo1measurement1","temperature","degC","pollen","pollen",TRUE,"AmberLake.UmbanhowarJr.2004","LakeSediment",43.6071,-94.4736,351,"Amber Lake","1.0.3",1,"Annual","positive","air@surface",15,1060,1880,820,50,820,FALSE,TRUE,FALSE,TRUE,TRUE,FALSE,3,TRUE,FALSE,TRUE,TRUE,TRUE,"","criteria",TRUE,NA
"lcRaigRDlqMgKOddNBr","LCda6697a1b768116bc53fd21daff63253","paleo1measurement1","temperature","degC","pollen","pollen",FALSE,"ChesapeakeBayMD992209.Willard.2005","MarineSediment",38.8861,-76.3944,0,"Chesapeake Bay (MD99-2209)","1.0.7",1,"Jul","positive","air@surface",51,240,1860,1620,30,1620,FALSE,TRUE,FALSE,TRUE,TRUE,FALSE,21,TRUE,FALSE,TRUE,TRUE,TRUE,"","criteria",FALSE,"within-dataset"
"lcRAIpxPDm6bxiiSNG1","LC05b2b0a5a9a299458771f6e66c980e79","paleo1measurement1","temperature","degC","pollen","pollen",FALSE,"Loddigsee.Jahns.2007","LakeSediment",53.4333,11.85,43,"Loddigsee","1.0.4",1,"Jul","positive","air@surface",57,40,1990,1950,30,1950,FALSE,TRUE,FALSE,TRUE,TRUE,FALSE,13,TRUE,FALSE,TRUE,TRUE,TRUE,"","criteria",FALSE,"within-dataset"
"lcRAjQSjQdu961LrCCa","LC6eb19cdb7f91d967c824af57cd324c5d","paleo1measurement1","temperature","degC","pollen","pollen",FALSE,"AkTerek.Beer.2008","Peat",41.2815,72.8343,1748,"Ak Terek","1.0.3",1,"Jul","positive","air@surface",12,1060,2030,970,50,970,FALSE,TRUE,FALSE,TRUE,TRUE,FALSE,2,TRUE,FALSE,TRUE,TRUE,TRUE,"","criteria",FALSE,"within-dataset"
"lcRajvdKEUeJpIZXJQr","LC7e21f73bddb282564646ff60618e9d6a","paleo1measurement1","temperature","degC","pollen","pollen",FALSE,"SonnenbergerMoor.Willutzki.1962","Peat",51.7663,10.5135,780,"Sonnenberger Moor","1.0.3",1,"Jul","positive","air@surface",47,60,1990,1930,35,1930,FALSE,TRUE,FALSE,TRUE,TRUE,FALSE,6,TRUE,FALSE,TRUE,TRUE,TRUE,"","criteria",FALSE,"within-dataset"
"lcRaKNhXr2ehpUDJ19c","LCc1d8fb2de1e1d62af21cff9ed8acd51e","paleo1measurement1","temperature","degC","pollen","pollen",FALSE,"OtterPond.Fuller.1998","LakeSediment",42.6549,-72.5332,107,"Otter Pond","1.0.3",1,"Jul","positive","air@surface",52,1150,1990,840,20,840,FALSE,TRUE,FALSE,TRUE,TRUE,FALSE,4,TRUE,FALSE,TRUE,TRUE,TRUE,"","criteria",FALSE,"within-dataset"
"lcRaOKJPECFQ711YftN","LCd14eff7df1294fb19d0dd82c9b065357","paleo1measurement1","temperature","degC","pollen","pollen",TRUE,"Kirkkosaari.Rankama.1988","Peat",60.8577,24.4906,83,"Kirkkosaari","1.0.5",1,"Jul","positive","air@surface",39,30,1990,1960,30,1960,FALSE,TRUE,FALSE,TRUE,TRUE,FALSE,4,TRUE,FALSE,TRUE,TRUE,TRUE,"","criteria",FALSE,"within-dataset"
"lcRAoYAvfoEGuSKCBc7","LC74158e6ab9b15b9cfb3efac63ecd2358","paleo1measurement1","temperature","degC","pollen","pollen",FALSE,"UpperSouthBranchPond.Anderson.1986","LakeSediment",46.0901,-68.8933,300,"Upper South Branch Pond","1.0.3",1,"Annual","positive","air@surface",22,220,2010,1790,40,1790,FALSE,TRUE,FALSE,TRUE,TRUE,FALSE,5,TRUE,FALSE,TRUE,TRUE,TRUE,"","criteria",FALSE,"within-dataset"
"lcRAPsPoWPW3lOffHBO","LC6c0c371b54da61195013fd3459bf1cb4","paleo1measurement1","temperature","degC","pollen","pollen",TRUE,"FreshPond.Parshall.2002","LakeSediment",41.5941,-70.5328,7,"Fresh Pond","1.0.4",1,"Jul","positive","air@surface",48,60,2000,1940,30,1940,FALSE,TRUE,FALSE,TRUE,TRUE,FALSE,12,TRUE,FALSE,TRUE,TRUE,TRUE,"","criteria",FALSE,"within-dataset"
"lcRAq2r30sAoc2fVKtY","LC9b2ab436f41ea0623e1a05cf1d43ec65","paleo1measurement1","temperature","degC","pollen","pollen",FALSE,"Cernohorskeraseliniste.Speranza.2000","Peat",50.6612,15.7534,1206,"Cernohorske raseliniste","1.0.4",1,"Jul","positive","air@surface",34,100,2000,1900,50,1900,FALSE,TRUE,FALSE,TRUE,TRUE,FALSE,6,TRUE,FALSE,TRUE,TRUE,TRUE,"","criteria",FALSE,"within-dataset"
"lcRAQdgT1Mc1SGJlDoy","LC15087320340d5ebdfeda6c2243f65899","paleo1measurement1","temperature","degC","pollen","pollen",TRUE,"DeltadelRioBesos.PantaleonCano.1994","FluvialSediment",41.4053,2.2483,0,"Delta del Rio Besos","1.0.3",1,"Annual","positive","air@surface",48,1100,1970,870,20,870,FALSE,TRUE,FALSE,TRUE,TRUE,FALSE,19,TRUE,FALSE,TRUE,TRUE,TRUE,"","criteria",TRUE,NA
"lcRAqQ9kdfm1KINK9IU","LC93603a722d6fc3a8de2ca82636b07614","paleo1measurement1","temperature","degC","pollen","pollen",TRUE,"MissionCrossBog.Allan.2003","LakeSediment",41.7847,-115.4836,2424,"Mission Cross Bog","1.0.3",1,"Annual","positive","air@surface",34,180,1950,1770,40,1770,FALSE,TRUE,FALSE,TRUE,TRUE,FALSE,8,TRUE,FALSE,TRUE,TRUE,TRUE,"","criteria",TRUE,NA
"lcRar9ZA1EqhJIEKm0f","LCbe87d192874cb2166b17613baa82c3b6","paleo1measurement1","temperature","degC","pollen","pollen",FALSE,"LakeKvarntrask.SarmajaKorjonen.1991","LakeSediment",60.3458,19.9717,14,"Lake Kvarntrask","1.0.3",1,"Jul","positive","air@surface",59,30,1990,1960,30,1960,FALSE,TRUE,FALSE,TRUE,TRUE,FALSE,4,TRUE,FALSE,TRUE,TRUE,TRUE,"","criteria",FALSE,"within-dataset"
"lcRarA9At3qEGwicczh","LC05b2b0a5a9a299458771f6e66c980e79","paleo1measurement1","temperature","degC","pollen","pollen",FALSE,"Loddigsee.Jahns.2007","LakeSediment",53.4333,11.85,43,"Loddigsee","1.0.4",1,"Annual","positive","air@surface",57,40,1990,1950,30,1950,FALSE,TRUE,FALSE,TRUE,TRUE,FALSE,13,TRUE,FALSE,TRUE,TRUE,TRUE,"","criteria",FALSE,"within-dataset"
"lcRasClpMad91wJ7mH0","LC798da88e9cbc5b3391ace4eb348cbb50","paleo1measurement1","temperature","degC","pollen","pollen",FALSE,"DyanushkaK7P2.Werner.2010","Peat",65.0394,125.0369,123,"Dyanushka K7P2","1.0.3",1,"Jul","positive","air@surface",6,1250,1970,720,60,720,FALSE,TRUE,FALSE,TRUE,FALSE,FALSE,13,TRUE,FALSE,TRUE,TRUE,TRUE,"resolution","data-poor exception",FALSE,"within-dataset"
"lcRAvo5me7MFK6tQ7rz","LCd713e8236021d549a53dacf4812a7235","paleo1measurement1","temperature","degC","pollen","pollen",FALSE,"NovoUspenka.Blyakharchuk.1989","Peat",56.6167,84.1667,150,"Novo-Uspenka","1.0.7",1,"Jul","positive","air@surface",17,220,1970,1750,90,1750,FALSE,TRUE,FALSE,TRUE,FALSE,FALSE,5,FALSE,FALSE,TRUE,TRUE,TRUE,"resolution;chronology","data-poor exception",FALSE,"within-dataset"
"lcRAwIkgTGE3PmpH4KZ","LC18049d27c0d4b770f582f1c77f8e3fd9","paleo1measurement1","temperature","degC","pollen","pollen",FALSE,"LilyPond.Foster.2002","LakeSediment",42.4179,-72.3469,303,"Lily Pond","1.0.3",1,"Jul","positive","air@surface",74,110,2000,1890,20,1890,FALSE,TRUE,FALSE,TRUE,TRUE,FALSE,8,TRUE,FALSE,TRUE,TRUE,TRUE,"","criteria",FALSE,"within-dataset"
"lcRaWNUN3NFBB1xfR8G","LC17482d50598b68f2dffe7664ab1352a2","paleo1measurement1","temperature","degC","pollen","pollen",FALSE,"RidgeandSlough0205215.Bernhardt.2009","Peat",25.829,-80.7675,1,"Ridge and Slough (02-05-21-5)","1.0.7",1,"Annual","positive","air@surface",26,50,1990,1940,40,1940,FALSE,TRUE,FALSE,TRUE,TRUE,FALSE,3,TRUE,FALSE,TRUE,TRUE,TRUE,"","criteria",FALSE,"within-dataset"
"lcRAwUd7UfA0VNvvXR3","LC94ce029cd8aceb38acfc2b998e4411c8","paleo1measurement1","temperature","degC","pollen","pollen",TRUE,"Mars.Miras.2013","Peat",45.3053,1.8361,430,"Mars","1.0.3",1,"Annual","positive","air@surface",39,480,1870,1390,20,1390,FALSE,TRUE,FALSE,TRUE,TRUE,FALSE,8,TRUE,FALSE,TRUE,TRUE,TRUE,"","criteria",TRUE,NA
"lcRAYBRHkDoaNj3kvyS","LC8a878cf5801c80e1702709bf166b8156","paleo1measurement1","temperature","degC","pollen","pollen",TRUE,"StonetorBrook.Fyfe.2008","Peat",50.6556,-3.91,401,"Stonetor Brook","1.0.5",1,"Annual","positive","air@surface",37,70,2000,1930,45,1930,FALSE,TRUE,FALSE,TRUE,TRUE,FALSE,8,TRUE,FALSE,TRUE,TRUE,TRUE,"","criteria",TRUE,NA
"lcRaz0JvgT6mhCW7hXE","LC17482d50598b68f2dffe7664ab1352a2","paleo1measurement1","temperature","degC","pollen","pollen",FALSE,"RidgeandSlough0205215.Bernhardt.2009","Peat",25.829,-80.7675,1,"Ridge and Slough (02-05-21-5)","1.0.7",1,"Jul","positive","air@surface",26,50,1990,1940,40,1940,FALSE,TRUE,FALSE,TRUE,TRUE,FALSE,3,TRUE,FALSE,TRUE,TRUE,TRUE,"","criteria",FALSE,"within-dataset"
"lcRazfcAhWGP2HoRxqU","LC4901aeddde5d6f5247f38492e2bf6c26","paleo1measurement1","temperature","degC","pollen","pollen",FALSE,"LagodiOriglio.Tinner.1999","LakeSediment",46.0515,8.9433,416,"Lago di Origlio","1.0.6",1,"Annual","positive","air@surface",35,30,2000,1970,40,1970,FALSE,TRUE,FALSE,TRUE,TRUE,FALSE,26,TRUE,FALSE,TRUE,TRUE,TRUE,"","criteria",FALSE,"within-dataset"
"lcRaZMOhyWzpaM8TynT","LC94ce029cd8aceb38acfc2b998e4411c8","paleo1measurement1","temperature","degC","pollen","pollen",FALSE,"Mars.Miras.2013","Peat",45.3053,1.8361,430,"Mars","1.0.3",1,"Annual","positive","air@surface",39,480,1870,1390,20,1390,FALSE,TRUE,FALSE,TRUE,TRUE,FALSE,8,TRUE,FALSE,TRUE,TRUE,TRUE,"","criteria",FALSE,"within-dataset"
"lcRazQktU5ZEQsFNmXy","LC78c26c7cbd368b7e8e182f1ab760c79d","paleo1measurement1","temperature","degC","pollen","pollen",FALSE,"AmberLake.UmbanhowarJr.2004","LakeSediment",43.6071,-94.4736,351,"Amber Lake","1.0.3",1,"Annual","positive","air@surface",15,1060,1880,820,50,820,FALSE,TRUE,FALSE,TRUE,TRUE,FALSE,3,TRUE,FALSE,TRUE,TRUE,TRUE,"","criteria",FALSE,"within-dataset"
"lcRAzsKfgTJOi7ICSpO","LC7f871300b4ec3cf71ed37adc0d16de65","paleo1measurement1","temperature","degC","pollen","pollen",FALSE,"HellHoleLake.Hotchkiss.2007","LakeSediment",45.7866,-92.219,298,"Hell Hole Lake","1.0.3",1,"Annual","positive","air@surface",37,60,2010,1950,50,1950,FALSE,TRUE,FALSE,TRUE,TRUE,FALSE,6,TRUE,FALSE,TRUE,TRUE,TRUE,"","criteria",FALSE,"within-dataset"
"lcRB1BWv1x1vTDU0xlR","LC2858e28ed96f10383061c4290dc9f7da","paleo1measurement1","temperature","degC","pollen","pollen",TRUE,"LagunaPompal.Goman.1998","LakeSediment",18.3761,-94.9556,730,"Laguna Pompal","1.0.5",1,"Annual","positive","air@surface",17,10,1990,1980,100,1980,FALSE,TRUE,FALSE,TRUE,FALSE,FALSE,7,FALSE,FALSE,TRUE,TRUE,TRUE,"resolution;chronology","data-poor exception",TRUE,NA
"lcRb2qFo4ElkLxXXznd","LCefec5340480560765e600c36699350f9","paleo1measurement1","temperature","degC","pollen","pollen",FALSE,"LakeKolmilatrask.SarmajaKorjonen.1991","LakeSediment",60.2917,20.1414,12,"Lake Kolmilatrask","1.0.3",1,"Jul","positive","air@surface",48,30,1980,1950,40,1950,FALSE,TRUE,FALSE,TRUE,TRUE,FALSE,4,TRUE,FALSE,TRUE,TRUE,TRUE,"","criteria",FALSE,"within-dataset"
"lcRb4q1nrQH87PO0i9p","LCe854dd479471e325b1d07f2f917d9b75","paleo1measurement1","temperature","degC","pollen","pollen",FALSE,"Carquefou.Cyprien.2001","Peat",47.3092,-1.4769,11,"Carquefou","1.0.7",1,"Jul","positive","air@surface",23,920,1930,1010,40,1010,FALSE,TRUE,FALSE,TRUE,TRUE,FALSE,3,TRUE,FALSE,TRUE,TRUE,TRUE,"","criteria",FALSE,"within-dataset"
"lcRB85RDIoWYDbwS72a","LC7c447ef97622172c7580d032b66757d7","paleo1measurement1","temperature","degC","pollen","pollen",FALSE,"TawnyPond.Keizer.2015","LakeSediment",44.8164,-77.1825,276,"Tawny Pond","1.0.3",1,"Annual","positive","air@surface",97,980,2010,1030,10,1030,FALSE,TRUE,FALSE,TRUE,TRUE,FALSE,17,TRUE,FALSE,TRUE,TRUE,TRUE,"","criteria",FALSE,"within-dataset"
"lcRB8bfBtLTmXiaxKvJ","LC43e99a2022f117d533ef246c5c0797b9","paleo1measurement1","temperature","degC","pollen","pollen",FALSE,"FontSalesse.deBeaulieu.1969","Peat",43.6017,2.9789,1060,"Font Salesse","1.0.3",1,"Annual","positive","air@surface",14,1390,1970,580,30,580,FALSE,TRUE,FALSE,TRUE,TRUE,FALSE,2,TRUE,FALSE,TRUE,TRUE,TRUE,"","criteria",FALSE,"within-dataset"
"lcRB8kSurjWH9xKygtY","LC8176e4be9fe4580a20ca8acd1935eebb","paleo1measurement1","temperature","degC","pollen","pollen",TRUE,"MoonLake.Laird.1996","LakeSediment",46.8559,-98.1598,444,"Moon Lake","1.0.15",1,"Jul","positive","air@surface",48,110,1990,1880,30,1880,FALSE,TRUE,FALSE,TRUE,TRUE,FALSE,0,TRUE,TRUE,TRUE,TRUE,TRUE,"","criteria",FALSE,"within-dataset"
"lcRbAk7fwyvkO6MFQx7","LC8dc17c6bf04d3776046a75ae0e0fd54a","paleo1measurement1","temperature","degC","pollen","pollen",FALSE,"LacNoir.Paquette.2013","LakeSediment",45.777,-75.1359,176,"Lac Noir","1.0.3",1,"Annual","positive","air@surface",91,930,2000,1070,10,1070,FALSE,TRUE,FALSE,TRUE,TRUE,FALSE,3,TRUE,FALSE,TRUE,TRUE,TRUE,"","criteria",FALSE,"within-dataset"
"lcRbbomKQa0DMewfxbL","LCc11db47aa5126e5e866550ac4234eca3","paleo1measurement1","temperature","degC","pollen","pollen",FALSE,"HiddenLake.Calder.2016","LakeSediment",40.5047,-106.6075,2704,"Hidden Lake","1.0.3",1,"Annual","positive","air@surface",27,120,1920,1800,50,1800,FALSE,TRUE,FALSE,TRUE,TRUE,FALSE,3,TRUE,FALSE,TRUE,TRUE,TRUE,"","criteria",FALSE,"within-dataset"
"lcRBCJbXwLBD9F9cDgw","LC15087320340d5ebdfeda6c2243f65899","paleo1measurement1","temperature","degC","pollen","pollen",FALSE,"DeltadelRioBesos.PantaleonCano.1994","FluvialSediment",41.4053,2.2483,0,"Delta del Rio Besos","1.0.3",1,"Jul","positive","air@surface",48,1100,1970,870,20,870,FALSE,TRUE,FALSE,TRUE,TRUE,FALSE,19,TRUE,FALSE,TRUE,TRUE,TRUE,"","criteria",FALSE,"within-dataset"
"lcRbck26R6irP157m2r","LCb35beb548a760ab71b45be2f03bbd596","paleo1measurement1","temperature","degC","pollen","pollen",FALSE,"MudCreekSite1.Willard.1997","Peat",25.2197,-80.6047,5,"Mud Creek Site 1","1.0.3",1,"Jul","positive","air@surface",38,130,2010,1880,30,1880,FALSE,TRUE,FALSE,TRUE,TRUE,FALSE,5,TRUE,FALSE,TRUE,TRUE,TRUE,"","criteria",FALSE,"within-dataset"
"lcRbDFHH3aY9oMz1uQY","LCb82485a219e0665fad6b3555542e9ccf","paleo1measurement1","temperature","degC","pollen","pollen",FALSE,"LittleMirrorLake.Fuller.1998","LakeSediment",42.5244,-71.6085,73,"Little Mirror Lake","1.0.3",1,"Jul","positive","air@surface",41,1020,1990,970,20,970,FALSE,TRUE,FALSE,TRUE,TRUE,FALSE,3,TRUE,FALSE,TRUE,TRUE,TRUE,"","criteria",FALSE,"within-dataset"
"lcRBdjzGVbMnTDARI3L","LC89c02913ec83498d5b848ac228341941","paleo1measurement1","temperature","degC","pollen","pollen",TRUE,"HerrenwieserSee.Rosch.2009","LakeSediment",48.6685,8.2955,830,"Herrenwieser See","1.0.3",1,"Jul","positive","air@surface",52,20,1990,1970,40,1970,FALSE,TRUE,FALSE,TRUE,TRUE,FALSE,15,TRUE,FALSE,TRUE,TRUE,TRUE,"","criteria",FALSE,"within-dataset"
"lcRBEGY7XsfUcoozgUj","LC15087320340d5ebdfeda6c2243f65899","paleo1measurement1","temperature","degC","pollen","pollen",FALSE,"DeltadelRioBesos.PantaleonCano.1994","FluvialSediment",41.4053,2.2483,0,"Delta del Rio Besos","1.0.3",1,"Annual","positive","air@surface",48,1100,1970,870,20,870,FALSE,TRUE,FALSE,TRUE,TRUE,FALSE,19,TRUE,FALSE,TRUE,TRUE,TRUE,"","criteria",FALSE,"within-dataset"
"lcRBfJIg6kCZcuaD7J5","LC6f993ff5a55b1140469f76b3a61c022c","paleo1measurement1","temperature","degC","pollen","pollen",FALSE,"MiddleNorthCoombe.Fyfe.2004","Peat",50.9339,-3.4333,122,"Middle North Coombe","1.0.3",1,"Annual","positive","air@surface",28,240,2000,1760,50,1760,FALSE,TRUE,FALSE,TRUE,TRUE,FALSE,4,TRUE,FALSE,TRUE,TRUE,TRUE,"","criteria",FALSE,"within-dataset"
"lcRBFOvxIiZUigUhIAd","LCadcfe8536795f68ee6e81530b65fa188","paleo1measurement1","temperature","degC","pollen","pollen",FALSE,"PenaNegra.AbelSchaad.2013","Peat",40.3347,-5.7922,1258,"Pena Negra","1.0.3",1,"Annual","positive","air@surface",44,130,2010,1880,40,1880,FALSE,TRUE,FALSE,TRUE,TRUE,FALSE,7,TRUE,FALSE,TRUE,TRUE,TRUE,"","criteria",FALSE,"within-dataset"
"lcRbGl7lVdScb6LYVMJ","LC2528ae10087abb06caeca58f8079389a","paleo1measurement1","temperature","degC","pollen","pollen",FALSE,"MaksimkinYar.Blyakharchuk.1980","Peat",58.6952,86.7855,150,"Maksimkin Yar","1.0.3",1,"Jul","positive","air@surface",10,680,1940,1260,90,1260,FALSE,TRUE,FALSE,TRUE,FALSE,FALSE,4,FALSE,FALSE,TRUE,TRUE,TRUE,"resolution;chronology","data-poor exception",FALSE,"within-dataset"
"lcRBGyQq1JuRSSj98QC","LCbf5b81c1ba95409515abcb35b85a4507","paleo1measurement1","temperature","degC","pollen","pollen",TRUE,"Lacawac.Russell.1993","LakeSediment",41.3821,-75.2913,443,"Lacawac","1.0.3",1,"Annual","positive","air@surface",26,1250,1980,730,20,730,FALSE,TRUE,FALSE,TRUE,TRUE,FALSE,12,TRUE,FALSE,TRUE,TRUE,TRUE,"","criteria",TRUE,NA
"lcRBhA14cV1nbubvWZA","LCdf626fa7f98044fb3907947b192d21f7","paleo1measurement1","temperature","degC","pollen","pollen",FALSE,"Changeon.Cyprien.2001","FluvialSediment",47.2761,0.1319,28,"Changeon","1.0.3",1,"Annual","positive","air@surface",12,870,1920,1050,40,1050,FALSE,TRUE,FALSE,TRUE,TRUE,FALSE,2,TRUE,FALSE,TRUE,TRUE,TRUE,"","criteria",FALSE,"within-dataset"
"lcRBHAx4tyPEfV3TIPr","LC2858e28ed96f10383061c4290dc9f7da","paleo1measurement1","temperature","degC","pollen","pollen",FALSE,"LagunaPompal.Goman.1998","LakeSediment",18.3761,-94.9556,730,"Laguna Pompal","1.0.5",1,"Jul","positive","air@surface",17,10,1990,1980,100,1980,FALSE,TRUE,FALSE,TRUE,FALSE,FALSE,7,FALSE,FALSE,TRUE,TRUE,TRUE,"resolution;chronology","data-poor exception",FALSE,"within-dataset"
"lcRbJckSdjufNd8VNCE","LC798da88e9cbc5b3391ace4eb348cbb50","paleo1measurement1","temperature","degC","pollen","pollen",TRUE,"DyanushkaK7P2.Werner.2010","Peat",65.0394,125.0369,123,"Dyanushka K7P2","1.0.3",1,"Jul","positive","air@surface",6,1250,1970,720,60,720,FALSE,TRUE,FALSE,TRUE,FALSE,FALSE,13,TRUE,FALSE,TRUE,TRUE,TRUE,"resolution","data-poor exception",FALSE,"within-dataset"
"lcRbjgpWMBkTcbfQ8lC","LC35d585e935376adf112d37d384370234","paleo1measurement1","temperature","degC","pollen","pollen",FALSE,"TourbieredeLandemarais.Visset.1989","Peat",48.4417,-1.1817,145,"Tourbiere de Landemarais","1.0.3",1,"Jul","positive","air@surface",35,1010,1990,980,30,980,FALSE,TRUE,FALSE,TRUE,TRUE,FALSE,3,TRUE,FALSE,TRUE,TRUE,TRUE,"","criteria",FALSE,"within-dataset"
"lcRbJwfEuca2JDAfmzn","LC18049d27c0d4b770f582f1c77f8e3fd9","paleo1measurement1","temperature","degC","pollen","pollen",FALSE,"LilyPond.Foster.2002","LakeSediment",42.4179,-72.3469,303,"Lily Pond","1.0.3",1,"Jul","positive","air@surface",74,110,2000,1890,20,1890,FALSE,TRUE,FALSE,TRUE,TRUE,FALSE,8,TRUE,FALSE,TRUE,TRUE,TRUE,"","criteria",FALSE,"within-dataset"
"lcRbl2JGR2bspQtKSCi","LC4018b993a2846b0b1ceca92daea60555","paleo1measurement1","temperature","degC","pollen","pollen",FALSE,"Nanwangzhuang.Guo.1999","FluvialSediment",38.45,114.9167,24,"Nanwangzhuang","1.0.3",1,"Annual","positive","air@surface",37,50,1730,1680,40,1680,FALSE,TRUE,FALSE,TRUE,TRUE,FALSE,9,TRUE,FALSE,TRUE,TRUE,TRUE,"","criteria",FALSE,"within-dataset"
"lcRbLhwBBaiG7xJFft1","LCb6ded9f9353b2ddbeda50d5ba3c3f827","paleo1measurement1","temperature","degC","pollen","pollen",FALSE,"GrandMez.McGhee.1975","LakeSediment",46.7461,1.4425,123,"Grand Mez","1.0.3",1,"Jul","positive","air@surface",16,1030,1980,950,50,950,FALSE,TRUE,FALSE,TRUE,TRUE,FALSE,2,TRUE,FALSE,TRUE,TRUE,TRUE,"","criteria",FALSE,"within-dataset"
"lcRBLNe8GE8u7h190ri","LCfb8f08ba4796986d0e87f8b0dea026e4","paleo1measurement1","temperature","degC","pollen","pollen",FALSE,"Labradillosmire.RoblesLopez.2017","Peat",40.3447,-4.5706,1460,"Labradillos mire","1.0.3",1,"Jul","positive","air@surface",25,490,1980,1490,50,1490,FALSE,TRUE,FALSE,TRUE,TRUE,FALSE,5,TRUE,FALSE,TRUE,TRUE,TRUE,"","criteria",FALSE,"within-dataset"
"lcRBm5UvFyXycI5zncJ","LCd45b4f0f21add22fe80f74c8111ad9e9","paleo1measurement1","temperature","degC","pollen","pollen",FALSE,"PasacacoPond.author.1111","LakeSediment",41.5167,-71.45,3,"Pasacaco Pond","1.0.3",1,"Jul","positive","air@surface",50,800,1960,1160,20,1160,FALSE,TRUE,FALSE,TRUE,TRUE,FALSE,3,TRUE,FALSE,TRUE,TRUE,TRUE,"","criteria",FALSE,"within-dataset"
"lcRbMb088sdvva1JRf9","LC89c02913ec83498d5b848ac228341941","paleo1measurement1","temperature","degC","pollen","pollen",FALSE,"HerrenwieserSee.Rosch.2009","LakeSediment",48.6685,8.2955,830,"Herrenwieser See","1.0.3",1,"Jul","positive","air@surface",52,20,1990,1970,40,1970,FALSE,TRUE,FALSE,TRUE,TRUE,FALSE,15,TRUE,FALSE,TRUE,TRUE,TRUE,"","criteria",FALSE,"within-dataset"
"lcRBNAzjmPLR82ae22v","LC075497627828ddb5de3fe27528a25653","paleo1measurement1","temperature","degC","pollen","pollen",TRUE,"LagodeAjo.Allen.1996Legacy","LakeSediment",43.0417,-6.1388,1570,"Lago de Ajo","1.0.3",1,"Annual","positive","air@surface",78,140,1980,1840,20,1840,FALSE,TRUE,FALSE,TRUE,TRUE,FALSE,7,TRUE,FALSE,TRUE,TRUE,TRUE,"","criteria",TRUE,NA
"lcRBoIqfvC4h6kZQzIf","LC05b2b0a5a9a299458771f6e66c980e79","paleo1measurement1","temperature","degC","pollen","pollen",TRUE,"Loddigsee.Jahns.2007","LakeSediment",53.4333,11.85,43,"Loddigsee","1.0.4",1,"Jul","positive","air@surface",57,40,1990,1950,30,1950,FALSE,TRUE,FALSE,TRUE,TRUE,FALSE,13,TRUE,FALSE,TRUE,TRUE,TRUE,"","criteria",FALSE,"within-dataset"
"lcRboW5tQTamsbu1nvE","LCeca948804a225d068a0480e100b02440","paleo1measurement1","temperature","degC","pollen","pollen",FALSE,"Schopfenwaldmoor.vanderKnaap.2000","Peat",46.7436,7.8478,1453,"Schopfenwaldmoor","1.0.3",1,"Jul","positive","air@surface",54,510,2030,1520,30,1520,FALSE,TRUE,FALSE,TRUE,TRUE,FALSE,15,TRUE,FALSE,TRUE,TRUE,TRUE,"","criteria",FALSE,"within-dataset"
"lcRbpJHTYimV6V8rrzp","LC98c53e9ab41a1e97d40dd97be89fff82","paleo1measurement1","temperature","degC","pollen","pollen",TRUE,"Durchenbergried.Rosch.1990","Peat",47.775,8.9788,432,"Durchenbergried","1.0.6",1,"Jul","positive","air@surface",56,10,1990,1980,30,1980,FALSE,TRUE,FALSE,TRUE,TRUE,FALSE,51,TRUE,FALSE,TRUE,TRUE,TRUE,"","criteria",FALSE,"within-dataset"
"lcRbPVGSZCaTXgHeZrX","LC9d732362db698792b8631e1ee5beca13","paleo1measurement1","temperature","degC","pollen","pollen",TRUE,"LilyWarwick.Fuller.1998","LakeSediment",42.6884,-72.3372,269,"Lily Warwick","1.0.3",1,"Annual","positive","air@surface",61,710,1980,1270,20,1270,FALSE,TRUE,FALSE,TRUE,TRUE,FALSE,6,TRUE,FALSE,TRUE,TRUE,TRUE,"","criteria",TRUE,NA
"lcRBQSHwvklpAVj6Or5","LCf104d54d7480329ff23d1ad5362a18d1","paleo1measurement1","temperature","degC","pollen","pollen",FALSE,"KleinenMochowsee.Jahns.1999","LakeSediment",51.9964,14.1989,49,"Kleinen Mochowsee","1.0.3",1,"Jul","positive","air@surface",28,220,1960,1740,50,1740,FALSE,TRUE,FALSE,TRUE,TRUE,FALSE,4,TRUE,FALSE,TRUE,TRUE,TRUE,"","criteria",FALSE,"within-dataset"
"lcRbRPSOEN04eaNHY7q","LC62c17b15ddf1ec2a989fb6807ac54e38","paleo1measurement1","temperature","degC","pollen","pollen",FALSE,"WarePond.Oswald.2018","LakeSediment",42.4824,-70.8822,3,"Ware Pond","1.0.5",1,"Annual","positive","air@surface",33,50,2050,2000,40,2000,FALSE,TRUE,FALSE,TRUE,TRUE,FALSE,10,TRUE,FALSE,TRUE,TRUE,TRUE,"","criteria",FALSE,"within-dataset"
"lcRbrvgfGZUFp6SMP76","LCda07198f26f8b2bfd2bc472b9f8aa4fe","paleo1measurement1","temperature","degC","pollen","pollen",FALSE,"IsleauHautNorthHollow.Schauffler.1998","LakeSediment",44.0651,-68.6354,75,"Isle au Haut North Hollow","1.0.3",1,"Annual","positive","air@surface",40,200,1860,1660,40,1660,FALSE,TRUE,FALSE,TRUE,TRUE,FALSE,4,TRUE,FALSE,TRUE,TRUE,TRUE,"","criteria",FALSE,"within-dataset"
"lcRBRYN1eE8j6OoY6d9","LC2f1c19abf8440428bc98b1bd1cabf58b","paleo1measurement1","temperature","degC","pollen","pollen",FALSE,"QigaiNuur.Sun.2013","LakeSediment",72.3989,102.2886,60,"Qigai Nuur","1.1.0",1,"Annual","positive","air@surface",83,10,1970,1960,20,1960,FALSE,TRUE,FALSE,TRUE,TRUE,FALSE,18,TRUE,FALSE,TRUE,TRUE,TRUE,"","criteria",FALSE,"within-dataset"
"lcRbSCPUmbpIjmWch7Q","LC6eb19cdb7f91d967c824af57cd324c5d","paleo1measurement1","temperature","degC","pollen","pollen",TRUE,"AkTerek.Beer.2008","Peat",41.2815,72.8343,1748,"Ak Terek","1.0.3",1,"Annual","positive","air@surface",12,1060,2030,970,50,970,FALSE,TRUE,FALSE,TRUE,TRUE,FALSE,2,TRUE,FALSE,TRUE,TRUE,TRUE,"","criteria",TRUE,NA
"lcRBslzy9e2Ylwfrqir","LC7102aac5df21f90970ef90fb0a5808cb","paleo1measurement1","temperature","degC","pollen","pollen",FALSE,"Fuschlsee.Voigt.1996","LakeSediment",47.8042,13.2747,663,"Fuschlsee","1.0.5",1,"Annual","positive","air@surface",40,40,1980,1940,40,1940,FALSE,TRUE,FALSE,TRUE,TRUE,FALSE,20,TRUE,FALSE,TRUE,TRUE,TRUE,"","criteria",FALSE,"within-dataset"
"lcRBT95kWmXFeklZLGM","LC91c1477c1244b5023888be34c6ab138a","paleo1measurement1","temperature","degC","pollen","pollen",FALSE,"Ortok.Beer.2008","LakeSediment",41.2456,73.2645,1786,"Ortok","1.0.3",1,"Annual","positive","air@surface",24,1100,1990,890,40,890,FALSE,TRUE,FALSE,TRUE,TRUE,FALSE,4,TRUE,FALSE,TRUE,TRUE,TRUE,"","criteria",FALSE,"within-dataset"
"lcRBtVSiUuOtXtKVktU","LC9cdc16204028d3973cd98ca12fcff7d3","paleo1measurement1","temperature","degC","pollen","pollen",FALSE,"WaccamawRiverButlerIslandModeratelySaltImpacted.Jones.2017","Peat",33.4228,-79.208,0,"Waccamaw River, Butler Island, Moderately Salt Impacted","1.0.3",1,"Jul","positive","air@surface",36,690,2020,1330,30,1330,FALSE,TRUE,FALSE,TRUE,TRUE,FALSE,6,TRUE,FALSE,TRUE,TRUE,TRUE,"","criteria",FALSE,"within-dataset"
"lcRBUODYSob9a4m4Y2y","LCcc97a813d94806cb3eb9950d5fb07543","paleo1measurement1","temperature","degC","pollen","pollen",FALSE,"Tlstahora.Rybnickova.2005","Peat",48.8942,17.8886,460,"Tlsta hora","1.0.7",1,"Jul","positive","air@surface",33,10,2000,1990,40,1990,FALSE,TRUE,FALSE,TRUE,TRUE,FALSE,4,TRUE,FALSE,TRUE,TRUE,TRUE,"","criteria",FALSE,"within-dataset"
"lcRBvUZcnUEuyKEll97","LC146fc8277ff57fa79bd47f1c96dbf4f3","paleo1measurement1","temperature","degC","pollen","pollen",TRUE,"TaibaiLakeTN1.Tong.2009","LakeSediment",29.9957,115.8073,44,"Taibai Lake TN1","1.0.3",1,"Jul","positive","air@surface",95,660,2010,1350,10,1350,FALSE,TRUE,FALSE,TRUE,TRUE,FALSE,5,TRUE,FALSE,TRUE,TRUE,TRUE,"","criteria",FALSE,"within-dataset"
"lcRbwkdLS0YbmBdbgWo","LC67f1f3130b05aace86d5b0f7370e7ebd","paleo1measurement1","temperature","degC","pollen","pollen",FALSE,"CenoteSanJoseChulchaca.Leyden.1996","LakeSediment",20.8667,-90.1333,1,"Cenote San Jose Chulchaca","1.0.3",1,"Annual","positive","air@surface",27,170,2000,1830,45,1830,FALSE,TRUE,FALSE,TRUE,TRUE,FALSE,3,TRUE,FALSE,TRUE,TRUE,TRUE,"","criteria",FALSE,"within-dataset"
"lcRbWpX0pAuKVGrfcYA","LC3b2e294f2d307a11469390647391d919","paleo1measurement1","temperature","degC","pollen","pollen",FALSE,"DeepFalmouthPond.Oswald.2018","LakeSediment",41.564,-70.6357,18,"Deep-Falmouth Pond","1.0.8",1,"Annual","positive","air@surface",48,20,2020,2000,40,2000,FALSE,TRUE,FALSE,TRUE,TRUE,FALSE,16,TRUE,FALSE,TRUE,TRUE,TRUE,"","criteria",FALSE,"within-dataset"
"lcRbX7VP6oWzkhmqBsU","LC3aed9bc8856e726b3ffcbdc54e30e602","paleo1measurement1","temperature","degC","pollen","pollen",FALSE,"Diheen.author.1111","LakeSediment",52.3695,-8.1707,554,"Diheen","1.0.3",1,"Annual","positive","air@surface",47,1180,1960,780,10,780,FALSE,TRUE,FALSE,TRUE,TRUE,FALSE,8,TRUE,FALSE,TRUE,TRUE,TRUE,"","criteria",FALSE,"within-dataset"
"lcRbxa69KCS4Xx3UB9M","LC98c53e9ab41a1e97d40dd97be89fff82","paleo1measurement1","temperature","degC","pollen","pollen",FALSE,"Durchenbergried.Rosch.1990","Peat",47.775,8.9788,432,"Durchenbergried","1.0.6",1,"Jul","positive","air@surface",56,10,1990,1980,30,1980,FALSE,TRUE,FALSE,TRUE,TRUE,FALSE,51,TRUE,FALSE,TRUE,TRUE,TRUE,"","criteria",FALSE,"within-dataset"
"lcRbXxs4SnVWGKWK8D1","LC17482d50598b68f2dffe7664ab1352a2","paleo1measurement1","temperature","degC","pollen","pollen",FALSE,"RidgeandSlough0205215.Bernhardt.2009","Peat",25.829,-80.7675,1,"Ridge and Slough (02-05-21-5)","1.0.7",1,"Annual","positive","air@surface",26,50,1990,1940,40,1940,FALSE,TRUE,FALSE,TRUE,TRUE,FALSE,3,TRUE,FALSE,TRUE,TRUE,TRUE,"","criteria",FALSE,"within-dataset"
"lcRC0rAFNqfJA5IAzSg","LC1454835ba639883042bd6f245776971e","paleo1measurement1","temperature","degC","pollen","pollen",FALSE,"WawonaMeadow.Anderson.2013","Peat",37.5286,-119.6454,1275,"Wawona Meadow","1.0.3",1,"Annual","positive","air@surface",18,1290,1980,690,30,690,FALSE,TRUE,FALSE,TRUE,TRUE,FALSE,6,TRUE,FALSE,TRUE,TRUE,TRUE,"","criteria",FALSE,"within-dataset"
"lcRC1ZAz4X1fefwq7b2","LC43e99a2022f117d533ef246c5c0797b9","paleo1measurement1","temperature","degC","pollen","pollen",TRUE,"FontSalesse.deBeaulieu.1969","Peat",43.6017,2.9789,1060,"Font Salesse","1.0.3",1,"Annual","positive","air@surface",14,1390,1970,580,30,580,FALSE,TRUE,FALSE,TRUE,TRUE,FALSE,2,TRUE,FALSE,TRUE,TRUE,TRUE,"","criteria",TRUE,NA
"lcRc3gSrlFbEx7dw4VQ","LC152754a16cb016b7b1a193745db5597e","paleo1measurement1","temperature","degC","pollen","pollen",FALSE,"KellysLough.Leira.2007","LakeSediment",52.9585,-6.4257,585,"Kelly's Lough","1.0.5",1,"Annual","positive","air@surface",41,30,1960,1930,40,1930,FALSE,TRUE,FALSE,TRUE,TRUE,FALSE,17,TRUE,FALSE,TRUE,TRUE,TRUE,"","criteria",FALSE,"within-dataset"
"lcRC5OFUvQxJA4pS9tU","LCeca948804a225d068a0480e100b02440","paleo1measurement1","temperature","degC","pollen","pollen",FALSE,"Schopfenwaldmoor.vanderKnaap.2000","Peat",46.7436,7.8478,1453,"Schopfenwaldmoor","1.0.3",1,"Jul","positive","air@surface",54,510,2030,1520,30,1520,FALSE,TRUE,FALSE,TRUE,TRUE,FALSE,15,TRUE,FALSE,TRUE,TRUE,TRUE,"","criteria",FALSE,"within-dataset"
"lcRC6LLAVUrDiIiyUZa","LC7fa4ebd7f0ce92cb497a8efbad76b212","paleo1measurement1","temperature","degC","pollen","pollen",FALSE,"LesNaudieres.Poirier.2013","FluvialSediment",47.5375,0.7022,101,"Les Naudieres","1.0.3",1,"Annual","positive","air@surface",56,570,1960,1390,20,1390,FALSE,TRUE,FALSE,TRUE,TRUE,FALSE,7,TRUE,FALSE,TRUE,TRUE,TRUE,"","criteria",FALSE,"within-dataset"
"lcRc71BhQXZmfdbsoiF","LCb50314c18e7cdf1fb15820f52fe7fb30","paleo1measurement1","temperature","degC","pollen","pollen",FALSE,"Trogenmoos.vanderKnaap.2000","Peat",46.7619,7.8639,1484,"Trogenmoos","1.0.3",1,"Jul","positive","air@surface",44,1130,1990,860,20,860,FALSE,TRUE,FALSE,TRUE,TRUE,FALSE,2,TRUE,FALSE,TRUE,TRUE,TRUE,"","criteria",FALSE,"within-dataset"
"lcRc7sbu4xMOxzes6vL","LCf104d54d7480329ff23d1ad5362a18d1","paleo1measurement1","temperature","degC","pollen","pollen",FALSE,"KleinenMochowsee.Jahns.1999","LakeSediment",51.9964,14.1989,49,"Kleinen Mochowsee","1.0.3",1,"Annual","positive","air@surface",28,220,1960,1740,50,1740,FALSE,TRUE,FALSE,TRUE,TRUE,FALSE,4,TRUE,FALSE,TRUE,TRUE,TRUE,"","criteria",FALSE,"within-dataset"
"lcRc8PAorpobS9JvHkb","LCfa9dc1860d8ac054ef554fa21bcfdf9c","paleo1measurement1","temperature","degC","pollen","pollen",FALSE,"Zhoulao.Gu.2004","LakeSediment",29.8167,112.8833,31,"Zhoulao","1.0.4",1,"Annual","positive","air@surface",15,20,660,640,40,640,FALSE,TRUE,FALSE,TRUE,TRUE,FALSE,3,TRUE,FALSE,TRUE,TRUE,TRUE,"","criteria",FALSE,"within-dataset"
"lcRCATBI9oju2GSkqWc","LCa246e0718f7a4267aa693418acaa0bed","paleo1measurement1","temperature","degC","pollen","pollen",FALSE,"ArroyodeValdeconejos.MoralesMolino.2017","Peat",40.861,-4.061,1380,"Arroyo de Valdeconejos","1.0.3",1,"Jul","positive","air@surface",38,1510,2020,510,10,510,FALSE,TRUE,FALSE,TRUE,TRUE,FALSE,3,TRUE,FALSE,TRUE,TRUE,TRUE,"","criteria",FALSE,"within-dataset"
"lcRcBdsK3aBytpks0z9","LC0b2367fe15f0dd5b5fcef3c9e17d135f","paleo1measurement1","temperature","degC","pollen","pollen",TRUE,"Lavare.Barbier.1999","Peat",48.4333,-0.9167,205,"Lavare","1.0.3",1,"Jul","positive","air@surface",31,20,1920,1900,50,1900,FALSE,TRUE,FALSE,TRUE,TRUE,FALSE,6,TRUE,FALSE,TRUE,TRUE,TRUE,"","criteria",FALSE,"within-dataset"
"lcRcD88yXfHPQHYQf4F","LCf1d5479a47415e43de7c6c6700ec7885","paleo1measurement1","temperature","degC","pollen","pollen",TRUE,"Fougeres.CletPellerin.1993","Peat",48.5167,-0.8333,186,"Fougeres","1.0.3",1,"Jul","positive","air@surface",42,1360,1980,620,10,620,FALSE,TRUE,FALSE,TRUE,TRUE,FALSE,3,TRUE,FALSE,TRUE,TRUE,TRUE,"","criteria",FALSE,"within-dataset"
"lcRcFueXnDhtZ45fNZ1","LC57d1f10fc7c703dc0bc92a0190eb4116","paleo1measurement1","temperature","degC","pollen","pollen",TRUE,"LakeBlatisto.vvanHuis.2013","LakeSediment",41.6213,24.6781,1540,"Lake Blatisto","1.0.3",1,"Jul","positive","air@surface",119,450,2010,1560,10,1560,FALSE,TRUE,FALSE,TRUE,TRUE,FALSE,2,TRUE,FALSE,TRUE,TRUE,TRUE,"","criteria",FALSE,"within-dataset"
"lcRCHGhaIcVPKPL4sLn","LC68e80590eb1df722c2e8e44718661916","paleo1measurement1","temperature","degC","pollen","pollen",FALSE,"Adange.Kvavadze.1989","FluvialSediment",43.3056,41.3333,1750,"Adange","1.0.5",1,"Jul","positive","air@surface",28,10,2010,2000,50,2000,FALSE,TRUE,FALSE,TRUE,TRUE,FALSE,4,TRUE,FALSE,TRUE,TRUE,TRUE,"","criteria",FALSE,"within-dataset"
"lcRchHoOqQXSrJ9l9Fq","LC8a878cf5801c80e1702709bf166b8156","paleo1measurement1","temperature","degC","pollen","pollen",TRUE,"StonetorBrook.Fyfe.2008","Peat",50.6556,-3.91,401,"Stonetor Brook","1.0.5",1,"Jul","positive","air@surface",37,70,2000,1930,45,1930,FALSE,TRUE,FALSE,TRUE,TRUE,FALSE,8,TRUE,FALSE,TRUE,TRUE,TRUE,"","criteria",FALSE,"within-dataset"
"lcRCijh1oDBTT8rsxHZ","LC081056bd799e1360af038eeb73c0dcf8","paleo1measurement1","temperature","degC","pollen","pollen",FALSE,"LakeEmilyNortheastBasin.UmbanhowarJr.2004","LakeSediment",44.3138,-93.9144,296,"Lake Emily, Northeast Basin","1.0.3",1,"Annual","positive","air@surface",15,1150,1790,640,35,640,FALSE,TRUE,FALSE,TRUE,TRUE,FALSE,3,TRUE,FALSE,TRUE,TRUE,TRUE,"","criteria",FALSE,"within-dataset"
"lcRCKQxXC4893XcK5SU","LC4018b993a2846b0b1ceca92daea60555","paleo1measurement1","temperature","degC","pollen","pollen",FALSE,"Nanwangzhuang.Guo.1999","FluvialSediment",38.45,114.9167,24,"Nanwangzhuang","1.0.3",1,"Annual","positive","air@surface",37,50,1730,1680,40,1680,FALSE,TRUE,FALSE,TRUE,TRUE,FALSE,9,TRUE,FALSE,TRUE,TRUE,TRUE,"","criteria",FALSE,"within-dataset"
"lcRcL14Y6j7dS9FfDpR","LCc0ede02b629a25347b79d87c97cb9f12","paleo1measurement1","temperature","degC","pollen","pollen",FALSE,"HorseshoeLake.Munoz.2014","LakeSediment",38.7018,-90.095,27,"Horseshoe Lake","1.0.3",1,"Annual","positive","air@surface",54,220,1990,1770,30,1770,FALSE,TRUE,FALSE,TRUE,TRUE,FALSE,9,TRUE,FALSE,TRUE,TRUE,TRUE,"","criteria",FALSE,"within-dataset"
"lcRcm6GndloXm19JDQ4","LC62c17b15ddf1ec2a989fb6807ac54e38","paleo1measurement1","temperature","degC","pollen","pollen",TRUE,"WarePond.Oswald.2018","LakeSediment",42.4824,-70.8822,3,"Ware Pond","1.0.5",1,"Jul","positive","air@surface",33,50,2050,2000,40,2000,FALSE,TRUE,FALSE,TRUE,TRUE,FALSE,10,TRUE,FALSE,TRUE,TRUE,TRUE,"","criteria",FALSE,"within-dataset"
"lcRcNLApauRG8g5AsWw","LC72f8928ba06f70632c84cc15f6dd95af","paleo1measurement1","temperature","degC","pollen","pollen",FALSE,"LilyLake.Hotchkiss.2007","LakeSediment",45.901,-92.273,297,"Lily Lake","1.0.4",1,"Annual","positive","air@surface",33,130,2030,1900,50,1900,FALSE,TRUE,FALSE,TRUE,TRUE,FALSE,13,TRUE,FALSE,TRUE,TRUE,TRUE,"","criteria",FALSE,"within-dataset"
"lcRCnWsLTZrcFLEiIbu","LC36d35f42781e9b0aece96ceabe028ffa","paleo1measurement1","temperature","degC","pollen","pollen",FALSE,"LAnseauxMeadowsSite.Davis.1988","Peat",51.5733,-55.55,5,"L'Anse aux Meadows Site","1.0.3",1,"Annual","positive","air@surface",58,30,1940,1910,30,1910,FALSE,TRUE,FALSE,TRUE,TRUE,FALSE,4,TRUE,FALSE,TRUE,TRUE,TRUE,"","criteria",FALSE,"within-dataset"
"lcRcozYkZhYD0PwRVhG","LC94ce029cd8aceb38acfc2b998e4411c8","paleo1measurement1","temperature","degC","pollen","pollen",FALSE,"Mars.Miras.2013","Peat",45.3053,1.8361,430,"Mars","1.0.3",1,"Annual","positive","air@surface",39,480,1870,1390,20,1390,FALSE,TRUE,FALSE,TRUE,TRUE,FALSE,8,TRUE,FALSE,TRUE,TRUE,TRUE,"","criteria",FALSE,"within-dataset"
"lcRCq69lblG859bbund","LCd687efab1d0b5d43b49f2a1a8ea92f09","paleo1measurement1","temperature","degC","pollen","pollen",FALSE,"HerrenwieserSee.Rosch.2012","LakeSediment",48.6685,8.2955,830,"Herrenwieser See","1.0.5",1,"Annual","positive","air@surface",86,20,2000,1980,20,1980,FALSE,TRUE,FALSE,TRUE,TRUE,FALSE,26,TRUE,FALSE,TRUE,TRUE,TRUE,"","criteria",FALSE,"within-dataset"
"lcRcQ9KW8oxXFg1yWqC","LC83fb85087068ba58f43dc8f5c35e3ed3","paleo1measurement1","temperature","degC","pollen","pollen",TRUE,"ChesapeakeBayRhodeRiver.Baucom.2000","MarineSediment",38.8864,-76.3947,0,"Chesapeake Bay, Rhode River","1.0.3",1,"Annual","positive","air@surface",79,10,2030,2020,30,2020,FALSE,TRUE,FALSE,TRUE,TRUE,FALSE,9,TRUE,FALSE,TRUE,TRUE,TRUE,"","criteria",TRUE,NA
"lcRCqvpa8rHYyQU7502","LC6c0c371b54da61195013fd3459bf1cb4","paleo1measurement1","temperature","degC","pollen","pollen",FALSE,"FreshPond.Parshall.2002","LakeSediment",41.5941,-70.5328,7,"Fresh Pond","1.0.4",1,"Annual","positive","air@surface",48,60,2000,1940,30,1940,FALSE,TRUE,FALSE,TRUE,TRUE,FALSE,12,TRUE,FALSE,TRUE,TRUE,TRUE,"","criteria",FALSE,"within-dataset"
"lcRCRDSHvOUQWZb7h01","LC91c1477c1244b5023888be34c6ab138a","paleo1measurement1","temperature","degC","pollen","pollen",FALSE,"Ortok.Beer.2008","LakeSediment",41.2456,73.2645,1786,"Ortok","1.0.3",1,"Jul","positive","air@surface",24,1100,1990,890,40,890,FALSE,TRUE,FALSE,TRUE,TRUE,FALSE,4,TRUE,FALSE,TRUE,TRUE,TRUE,"","criteria",FALSE,"within-dataset"
"lcRCt6u019QQzW7Nhz5","LCea57dbf4a7e705d4a13610588a30eff8","paleo1measurement1","temperature","degC","pollen","pollen",TRUE,"KalsaMire.Kimmel.1999","Peat",58.1914,27.4115,38,"Kalsa Mire","1.0.5",1,"Annual","positive","air@surface",40,60,2030,1970,50,1970,FALSE,TRUE,FALSE,TRUE,TRUE,FALSE,13,TRUE,FALSE,TRUE,TRUE,TRUE,"","criteria",TRUE,NA
"lcRcUIcLskGLroC1jrx","LCfa9dc1860d8ac054ef554fa21bcfdf9c","paleo1measurement1","temperature","degC","pollen","pollen",TRUE,"Zhoulao.Gu.2004","LakeSediment",29.8167,112.8833,31,"Zhoulao","1.0.4",1,"Jul","positive","air@surface",15,20,660,640,40,640,FALSE,TRUE,FALSE,TRUE,TRUE,FALSE,3,TRUE,FALSE,TRUE,TRUE,TRUE,"","criteria",FALSE,"within-dataset"
"lcRcVpjZ1GTWKTSkOT5","LC5cd0bf1248bd51ce10c4cd494558d64b","paleo1measurement1","temperature","degC","pollen","pollen",FALSE,"SummitLake.Calder.2016","LakeSediment",40.5455,-106.6824,3149,"Summit Lake","1.0.3",1,"Jul","positive","air@surface",52,10,2020,2010,40,2010,FALSE,TRUE,FALSE,TRUE,TRUE,FALSE,11,TRUE,FALSE,TRUE,TRUE,TRUE,"","criteria",FALSE,"within-dataset"
"lcRcvzSmm6uZJeifwHw","LC17a5f417c16199d4939de1bcc4884c0b","paleo1measurement1","temperature","degC","pollen","pollen",FALSE,"PrazRodet.vanderKnaap.2000","Peat",46.5667,6.1736,1040,"Praz Rodet","1.0.6",1,"Jul","positive","air@surface",65,40,2010,1970,25,1970,FALSE,TRUE,FALSE,TRUE,TRUE,FALSE,16,TRUE,FALSE,TRUE,TRUE,TRUE,"","criteria",FALSE,"within-dataset"
"lcRcxATkh92NRFXo32O","LC01b139d1e37ee2fd9c3c2bf7480d9de1","paleo1measurement1","temperature","degC","pollen","pollen",FALSE,"SehestedterAussendeichsmoor.Behre.2005","Peat",53.4389,8.3071,4,"Sehestedter Aussendeichsmoor","1.0.3",1,"Annual","positive","air@surface",84,10,1980,1970,20,1970,FALSE,TRUE,FALSE,TRUE,TRUE,FALSE,9,TRUE,FALSE,TRUE,TRUE,TRUE,"","criteria",FALSE,"within-dataset"
"lcRCxfJvBAp4QO3BO0U","LCb82485a219e0665fad6b3555542e9ccf","paleo1measurement1","temperature","degC","pollen","pollen",TRUE,"LittleMirrorLake.Fuller.1998","LakeSediment",42.5244,-71.6085,73,"Little Mirror Lake","1.0.3",1,"Jul","positive","air@surface",41,1020,1990,970,20,970,FALSE,TRUE,FALSE,TRUE,TRUE,FALSE,3,TRUE,FALSE,TRUE,TRUE,TRUE,"","criteria",FALSE,"within-dataset"
"lcRcYCxtKCXZJxoCbBr","LC0776497acf2baff80502e5b086e5cd70","paleo1measurement1","temperature","degC","pollen","pollen",FALSE,"KettleLake.Brown.2005","LakeSediment",48.6071,-103.624,605,"Kettle Lake","1.0.5",1,"Annual","positive","air@surface",162,10,2020,2010,10,2010,FALSE,TRUE,FALSE,TRUE,TRUE,FALSE,45,TRUE,FALSE,TRUE,TRUE,TRUE,"","criteria",FALSE,"within-dataset"
"lcRcZKXzhaX1Uvxnz6z","LC0b2367fe15f0dd5b5fcef3c9e17d135f","paleo1measurement1","temperature","degC","pollen","pollen",FALSE,"Lavare.Barbier.1999","Peat",48.4333,-0.9167,205,"Lavare","1.0.3",1,"Jul","positive","air@surface",31,20,1920,1900,50,1900,FALSE,TRUE,FALSE,TRUE,TRUE,FALSE,6,TRUE,FALSE,TRUE,TRUE,TRUE,"","criteria",FALSE,"within-dataset"
"lcRcZXW87sxz02o5u8j","LC7d469c3e8ffb0a645fcce87cd18b9a68","paleo1measurement1","temperature","degC","pollen","pollen",FALSE,"ChesapeakeBayPTMC32.Willard.2005","MarineSediment",38.0267,-76.2197,0,"Chesapeake Bay (PTMC3-2)","1.0.5",1,"Jul","positive","air@surface",60,60,2030,1970,20,1970,FALSE,TRUE,FALSE,TRUE,TRUE,FALSE,6,TRUE,FALSE,TRUE,TRUE,TRUE,"","criteria",FALSE,"within-dataset"
"lcRd0h63KJ9q5wOmhjp","LC7fc79381681547f49983777930677e3f","paleo1measurement1","temperature","degC","pollen","pollen",FALSE,"IrwinSmithBog.Booth.2012","Peat",45.0265,-83.61,223,"Irwin Smith Bog","1.0.5",1,"Annual","positive","air@surface",39,50,1960,1910,50,1910,FALSE,TRUE,FALSE,TRUE,TRUE,FALSE,24,TRUE,FALSE,TRUE,TRUE,TRUE,"","criteria",FALSE,"within-dataset"
"lcRd0TjsTUy6ueq5hCJ","LCca38c38becc0edce85a1cf3d5cbc5f5c","paleo1measurement1","temperature","degC","pollen","pollen",FALSE,"Minnreg.UmbanhowarJr.2004","LakeSediment",44.6934,-93.3212,297,"Minnreg","1.0.3",1,"Annual","positive","air@surface",15,1200,1910,710,45,710,FALSE,TRUE,FALSE,TRUE,TRUE,FALSE,4,TRUE,FALSE,TRUE,TRUE,TRUE,"","criteria",FALSE,"within-dataset"
"lcRD1LP3FcVlbz8Gj0e","LC3057f0d13fc379dacc99be8bc9c7a5af","paleo1measurement1","temperature","degC","pollen","pollen",FALSE,"LoxahatcheeNationalWildlifeRefugeSite1EPASite7.Willard.1997","Peat",26.4811,-80.4156,5,"Loxahatchee National Wildlife Refuge Site 1 (EPA Site 7)","1.0.3",1,"Jul","positive","air@surface",28,510,1990,1480,50,1480,FALSE,TRUE,FALSE,TRUE,TRUE,FALSE,5,TRUE,FALSE,TRUE,TRUE,TRUE,"","criteria",FALSE,"within-dataset"
"lcRD23vqt9AFyNebc6T","LC83fb85087068ba58f43dc8f5c35e3ed3","paleo1measurement1","temperature","degC","pollen","pollen",FALSE,"ChesapeakeBayRhodeRiver.Baucom.2000","MarineSediment",38.8864,-76.3947,0,"Chesapeake Bay, Rhode River","1.0.3",1,"Jul","positive","air@surface",79,10,2030,2020,30,2020,FALSE,TRUE,FALSE,TRUE,TRUE,FALSE,9,TRUE,FALSE,TRUE,TRUE,TRUE,"","criteria",FALSE,"within-dataset"
"lcRD3afb0RRPYAAemt4","LCe08ad0d73545822fd0323c34db4baa9e","paleo1measurement1","temperature","degC","pollen","pollen",FALSE,"LakeNuochaga.Andreev.1989","LakeSediment",61.3006,129.5558,260,"Lake Nuochaga","1.0.5",1,"Jul","positive","air@surface",14,270,1930,1660,90,1660,FALSE,TRUE,FALSE,TRUE,FALSE,FALSE,4,TRUE,FALSE,TRUE,TRUE,TRUE,"resolution","data-poor exception",FALSE,"within-dataset"
"lcRD3wILLluDc3xZXVx","LCf80404513f4d64790a5f2dc174c922ac","paleo1measurement1","temperature","degC","pollen","pollen",FALSE,"EmrickLake.Spigel.2006","LakeSediment",43.8002,-89.5943,270,"Emrick Lake","1.0.6",1,"Annual","positive","air@surface",31,90,2010,1920,50,1920,FALSE,TRUE,FALSE,TRUE,TRUE,FALSE,6,TRUE,FALSE,TRUE,TRUE,TRUE,"","criteria",FALSE,"within-dataset"
"lcRD5TVUw5bpU3DqPit","LC075497627828ddb5de3fe27528a25653","paleo1measurement1","temperature","degC","pollen","pollen",FALSE,"LagodeAjo.Allen.1996Legacy","LakeSediment",43.0417,-6.1388,1570,"Lago de Ajo","1.0.3",1,"Annual","positive","air@surface",78,140,1980,1840,20,1840,FALSE,TRUE,FALSE,TRUE,TRUE,FALSE,7,TRUE,FALSE,TRUE,TRUE,TRUE,"","criteria",FALSE,"within-dataset"
"lcRD6O67SOzQrbtNpIB","LC9b2ab436f41ea0623e1a05cf1d43ec65","paleo1measurement1","temperature","degC","pollen","pollen",FALSE,"Cernohorskeraseliniste.Speranza.2000","Peat",50.6612,15.7534,1206,"Cernohorske raseliniste","1.0.4",1,"Annual","positive","air@surface",34,100,2000,1900,50,1900,FALSE,TRUE,FALSE,TRUE,TRUE,FALSE,6,TRUE,FALSE,TRUE,TRUE,TRUE,"","criteria",FALSE,"within-dataset"
"lcRd7laI8VNVbTbLIrm","LC3448e48d8bb9bd8cde69f553c589e259","paleo1measurement1","temperature","degC","pollen","pollen",FALSE,"MinnesotaPoint.Nurse.2017","FluvialSediment",46.7334,-92.065,184,"Minnesota Point","1.0.3",1,"Jul","positive","air@surface",20,1210,2050,840,40,840,FALSE,TRUE,FALSE,TRUE,TRUE,FALSE,15,TRUE,FALSE,TRUE,TRUE,TRUE,"","criteria",FALSE,"within-dataset"
"lcRd7nK7aqudUtrzxmp","LC0a1ac219c71a6b944a38aeb5030485ed","paleo1measurement1","temperature","degC","pollen","pollen",FALSE,"Upskeraseliniste.Speranza.2000","Peat",50.7366,15.7084,1425,"Upske raseliniste","1.0.3",1,"Annual","positive","air@surface",50,250,1990,1740,30,1740,FALSE,TRUE,FALSE,TRUE,TRUE,FALSE,7,TRUE,FALSE,TRUE,TRUE,TRUE,"","criteria",FALSE,"within-dataset"
"lcRd7PjlW4sREUVKRXW","LCaa71976e446f4ed9037ab00f0e01331d","paleo1measurement1","temperature","degC","pollen","pollen",TRUE,"SweetonPond.Nanavati.2019","LakeSediment",36.7913,-92.2231,304,"Sweeton Pond","1.0.3",1,"Annual","positive","air@surface",63,130,2000,1870,30,1870,FALSE,TRUE,FALSE,TRUE,TRUE,FALSE,11,TRUE,FALSE,TRUE,TRUE,TRUE,"","criteria",TRUE,NA
"lcRd8tywf0ttZpjeAGH","LC79b5b45a7fe015c7fa2ded7e1cc5e546","paleo1measurement1","temperature","degC","pollen","pollen",TRUE,"WaterConservationArea2ASite2SiteF1.Willard.1997","Peat",26.3597,-80.3706,5,"Water Conservation Area 2A, Site 2 (Site F1)","1.0.3",1,"Annual","positive","air@surface",26,10,2060,2050,40,2050,FALSE,TRUE,FALSE,TRUE,TRUE,FALSE,7,TRUE,FALSE,TRUE,TRUE,TRUE,"","criteria",TRUE,NA
"lcRDaOI3u8rfhfSzwtC","LCb35beb548a760ab71b45be2f03bbd596","paleo1measurement1","temperature","degC","pollen","pollen",FALSE,"MudCreekSite1.Willard.1997","Peat",25.2197,-80.6047,5,"Mud Creek Site 1","1.0.3",1,"Jul","positive","air@surface",38,130,2010,1880,30,1880,FALSE,TRUE,FALSE,TRUE,TRUE,FALSE,5,TRUE,FALSE,TRUE,TRUE,TRUE,"","criteria",FALSE,"within-dataset"
"lcRDaYnhCmXU7VEtadF","LC7c447ef97622172c7580d032b66757d7","paleo1measurement1","temperature","degC","pollen","pollen",FALSE,"TawnyPond.Keizer.2015","LakeSediment",44.8164,-77.1825,276,"Tawny Pond","1.0.3",1,"Annual","positive","air@surface",97,980,2010,1030,10,1030,FALSE,TRUE,FALSE,TRUE,TRUE,FALSE,17,TRUE,FALSE,TRUE,TRUE,TRUE,"","criteria",FALSE,"within-dataset"
"lcRdbReSjFrNhFkgMvL","LC7f871300b4ec3cf71ed37adc0d16de65","paleo1measurement1","temperature","degC","pollen","pollen",TRUE,"HellHoleLake.Hotchkiss.2007","LakeSediment",45.7866,-92.219,298,"Hell Hole Lake","1.0.3",1,"Annual","positive","air@surface",37,60,2010,1950,50,1950,FALSE,TRUE,FALSE,TRUE,TRUE,FALSE,6,TRUE,FALSE,TRUE,TRUE,TRUE,"","criteria",TRUE,NA
"lcRdCNMBBuQ2eztIN67","LC82c627a76ba1042157d390377e9961c2","paleo1measurement1","temperature","degC","pollen","pollen",FALSE,"TaylorSloughSite15.Willard.1997","Peat",25.2019,-80.6872,5,"Taylor Slough Site 15","1.0.3",1,"Jul","positive","air@surface",18,1250,2000,750,40,750,FALSE,TRUE,FALSE,TRUE,TRUE,FALSE,5,TRUE,FALSE,TRUE,TRUE,TRUE,"","criteria",FALSE,"within-dataset"
"lcRdDczVDTnd1HHMOMZ","LCe854dd479471e325b1d07f2f917d9b75","paleo1measurement1","temperature","degC","pollen","pollen",FALSE,"Carquefou.Cyprien.2001","Peat",47.3092,-1.4769,11,"Carquefou","1.0.7",1,"Jul","positive","air@surface",23,920,1930,1010,40,1010,FALSE,TRUE,FALSE,TRUE,TRUE,FALSE,3,TRUE,FALSE,TRUE,TRUE,TRUE,"","criteria",FALSE,"within-dataset"
"lcRdDoORDPukJ5eAgEw","LC35a486413b4b9991184a2fbd56495b76","paleo1measurement1","temperature","degC","pollen","pollen",TRUE,"MindenBog.Booth.2003","Peat",43.6037,-82.8639,239,"Minden Bog","1.0.3",1,"Jul","positive","air@surface",67,10,1970,1960,10,1960,FALSE,TRUE,FALSE,TRUE,TRUE,FALSE,11,TRUE,FALSE,TRUE,TRUE,TRUE,"","criteria",FALSE,"within-dataset"
"lcRDEtv2yghTUgsO41V","LC0b2367fe15f0dd5b5fcef3c9e17d135f","paleo1measurement1","temperature","degC","pollen","pollen",FALSE,"Lavare.Barbier.1999","Peat",48.4333,-0.9167,205,"Lavare","1.0.3",1,"Jul","positive","air@surface",31,20,1920,1900,50,1900,FALSE,TRUE,FALSE,TRUE,TRUE,FALSE,6,TRUE,FALSE,TRUE,TRUE,TRUE,"","criteria",FALSE,"within-dataset"
"lcRdFaNfXF3We5EqN9y","LCef6d7094877999bb6e011ebd5bd37c35","paleo1measurement1","temperature","degC","pollen","pollen",FALSE,"SaintMichelenBrenne.McGhee.1975","Other",46.8094,1.1639,83,"Saint-Michel-en-Brenne","1.0.3",1,"Jul","positive","air@surface",47,30,1990,1960,30,1960,FALSE,TRUE,FALSE,TRUE,TRUE,FALSE,4,TRUE,FALSE,TRUE,TRUE,TRUE,"","criteria",FALSE,"within-dataset"
"lcRdFNOoh3FGWfIEIgm","LC337323d509fca77245d359ea6fa3653f","paleo1measurement1","temperature","degC","pollen","pollen",TRUE,"LaMolinamire.LopezMerino.2011","Peat",43.3811,-6.3272,650,"La Molina mire","1.0.5",1,"Annual","positive","air@surface",80,30,1980,1950,10,1950,FALSE,TRUE,FALSE,TRUE,TRUE,FALSE,6,TRUE,FALSE,TRUE,TRUE,TRUE,"","criteria",TRUE,NA
"lcRdGhuyO6LHdr97Qz9","LCa246e0718f7a4267aa693418acaa0bed","paleo1measurement1","temperature","degC","pollen","pollen",FALSE,"ArroyodeValdeconejos.MoralesMolino.2017","Peat",40.861,-4.061,1380,"Arroyo de Valdeconejos","1.0.3",1,"Jul","positive","air@surface",38,1510,2020,510,10,510,FALSE,TRUE,FALSE,TRUE,TRUE,FALSE,3,TRUE,FALSE,TRUE,TRUE,TRUE,"","criteria",FALSE,"within-dataset"
"lcRdhjt2eSEGLE1Ih8Z","LCfa9dc1860d8ac054ef554fa21bcfdf9c","paleo1measurement1","temperature","degC","pollen","pollen",FALSE,"Zhoulao.Gu.2004","LakeSediment",29.8167,112.8833,31,"Zhoulao","1.0.4",1,"Jul","positive","air@surface",15,20,660,640,40,640,FALSE,TRUE,FALSE,TRUE,TRUE,FALSE,3,TRUE,FALSE,TRUE,TRUE,TRUE,"","criteria",FALSE,"within-dataset"
"lcRDIHmqyIDlhbgOb6F","LC1b2ba7a6e9c0ba8e29ea9336b2846fd9","paleo1measurement1","temperature","degC","pollen","pollen",FALSE,"DagsMosse.Goransson.1989","Peat",58.3229,14.7065,96,"Dags Mosse","1.0.7",1,"Jul","positive","air@surface",40,60,1980,1920,40,1920,FALSE,TRUE,FALSE,TRUE,TRUE,FALSE,22,TRUE,FALSE,TRUE,TRUE,TRUE,"","criteria",FALSE,"within-dataset"
"lcRdJNU3cJmBh4A8xzJ","LCef6d7094877999bb6e011ebd5bd37c35","paleo1measurement1","temperature","degC","pollen","pollen",FALSE,"SaintMichelenBrenne.McGhee.1975","Other",46.8094,1.1639,83,"Saint-Michel-en-Brenne","1.0.3",1,"Annual","positive","air@surface",47,30,1990,1960,30,1960,FALSE,TRUE,FALSE,TRUE,TRUE,FALSE,4,TRUE,FALSE,TRUE,TRUE,TRUE,"","criteria",FALSE,"within-dataset"
"lcRdKNCr5EuC8YThu3h","LCca38c38becc0edce85a1cf3d5cbc5f5c","paleo1measurement1","temperature","degC","pollen","pollen",FALSE,"Minnreg.UmbanhowarJr.2004","LakeSediment",44.6934,-93.3212,297,"Minnreg","1.0.3",1,"Jul","positive","air@surface",15,1200,1910,710,45,710,FALSE,TRUE,FALSE,TRUE,TRUE,FALSE,4,TRUE,FALSE,TRUE,TRUE,TRUE,"","criteria",FALSE,"within-dataset"
"lcRDLQEa9tv3hK6IBv9","LCef6d7094877999bb6e011ebd5bd37c35","paleo1measurement1","temperature","degC","pollen","pollen",FALSE,"SaintMichelenBrenne.McGhee.1975","Other",46.8094,1.1639,83,"Saint-Michel-en-Brenne","1.0.3",1,"Jul","positive","air@surface",47,30,1990,1960,30,1960,FALSE,TRUE,FALSE,TRUE,TRUE,FALSE,4,TRUE,FALSE,TRUE,TRUE,TRUE,"","criteria",FALSE,"within-dataset"
"lcRdNBLPLycsaMe26JA","LC146fc8277ff57fa79bd47f1c96dbf4f3","paleo1measurement1","temperature","degC","pollen","pollen",FALSE,"TaibaiLakeTN1.Tong.2009","LakeSediment",29.9957,115.8073,44,"Taibai Lake TN1","1.0.3",1,"Annual","positive","air@surface",95,660,2010,1350,10,1350,FALSE,TRUE,FALSE,TRUE,TRUE,FALSE,5,TRUE,FALSE,TRUE,TRUE,TRUE,"","criteria",FALSE,"within-dataset"
"lcRDnH5mUaqtGdUVLJI","LC1910f30a0f057ed283fad39a1cd6bb18","paleo1measurement1","temperature","degC","pollen","pollen",FALSE,"Fjallnas.Konigsson.1984","FluvialSediment",62.6159,12.1339,780,"Fjallnas","1.0.5",1,"Annual","positive","air@surface",25,110,2010,1900,45,1900,FALSE,TRUE,FALSE,TRUE,TRUE,FALSE,14,TRUE,FALSE,TRUE,TRUE,TRUE,"","criteria",FALSE,"within-dataset"
"lcRdNyIs9USRit6hYzL","LC5a3f7a1b6df57cf550e3fee0c1a9dbd5","paleo1measurement1","temperature","degC","pollen","pollen",FALSE,"ChickareeLake.Dunnette.2014","LakeSediment",40.3341,-105.8411,2796,"Chickaree Lake","1.0.5",1,"Jul","positive","air@surface",41,50,2010,1960,50,1960,FALSE,TRUE,FALSE,TRUE,TRUE,FALSE,38,TRUE,FALSE,TRUE,TRUE,TRUE,"","criteria",FALSE,"within-dataset"
"lcRdo8SGLscXVjZIgYE","LCd57fb6883cd7fe71f1c2871d24b13fff","paleo1measurement1","temperature","degC","pollen","pollen",FALSE,"Ballyduff.Stefanini.2008","Peat",53.0822,-7.992,60,"Ballyduff","1.0.5",1,"Annual","positive","air@surface",62,60,2000,1940,20,1940,FALSE,TRUE,FALSE,TRUE,TRUE,FALSE,39,TRUE,FALSE,TRUE,TRUE,TRUE,"","criteria",FALSE,"within-dataset"
"lcRdov4brIusy4bUPPv","LC17a5f417c16199d4939de1bcc4884c0b","paleo1measurement1","temperature","degC","pollen","pollen",FALSE,"PrazRodet.vanderKnaap.2000","Peat",46.5667,6.1736,1040,"Praz Rodet","1.0.6",1,"Annual","positive","air@surface",65,40,2010,1970,25,1970,FALSE,TRUE,FALSE,TRUE,TRUE,FALSE,16,TRUE,FALSE,TRUE,TRUE,TRUE,"","criteria",FALSE,"within-dataset"
"lcRdp194iPX7zswYVFB","LC74158e6ab9b15b9cfb3efac63ecd2358","paleo1measurement1","temperature","degC","pollen","pollen",FALSE,"UpperSouthBranchPond.Anderson.1986","LakeSediment",46.0901,-68.8933,300,"Upper South Branch Pond","1.0.3",1,"Jul","positive","air@surface",22,220,2010,1790,40,1790,FALSE,TRUE,FALSE,TRUE,TRUE,FALSE,5,TRUE,FALSE,TRUE,TRUE,TRUE,"","criteria",FALSE,"within-dataset"
"lcRdPRK0dnRj91aKVEG","LCc0330cab7fbaca277fe6aecbcfbb9dcd","paleo1measurement1","temperature","degC","pollen","pollen",FALSE,"PiermontMarsh.Pederson.2005","Peat",41.0276,-73.9084,0,"Piermont Marsh","1.0.3",1,"Jul","positive","air@surface",51,690,2010,1320,20,1320,FALSE,TRUE,FALSE,TRUE,TRUE,FALSE,9,TRUE,FALSE,TRUE,TRUE,TRUE,"","criteria",FALSE,"within-dataset"
"lcRDqFfGWh6TJyaIImX","LC075497627828ddb5de3fe27528a25653","paleo1measurement1","temperature","degC","pollen","pollen",TRUE,"LagodeAjo.Allen.1996Legacy","LakeSediment",43.0417,-6.1388,1570,"Lago de Ajo","1.0.3",1,"Jul","positive","air@surface",78,140,1980,1840,20,1840,FALSE,TRUE,FALSE,TRUE,TRUE,FALSE,7,TRUE,FALSE,TRUE,TRUE,TRUE,"","criteria",FALSE,"within-dataset"
"lcRdr1mXf7h9m2RMXg7","LC4901aeddde5d6f5247f38492e2bf6c26","paleo1measurement1","temperature","degC","pollen","floral assemblage",TRUE,"LagodiOriglio.Tinner.1999","LakeSediment",46.0515,8.9433,416,"Lago di Origlio","1.0.6",1,"Annual","positive","air@surface",35,30,2000,1970,40,1970,FALSE,TRUE,FALSE,TRUE,TRUE,FALSE,26,TRUE,FALSE,TRUE,TRUE,TRUE,"","criteria",TRUE,NA
"lcRDRnxDbtNICvat1KZ","LC3b56f6d622eecc888b6ee98702536d3c","paleo1measurement1","temperature","degC","pollen","pollen",FALSE,"LagunaBiajaca.CastillaBeltran.2018","FluvialSediment",19.5909,-71.0865,78,"Laguna Biajaca","1.0.3",1,"Jul","positive","air@surface",42,960,1960,1000,20,1000,FALSE,TRUE,FALSE,TRUE,TRUE,FALSE,6,TRUE,FALSE,TRUE,TRUE,TRUE,"","criteria",FALSE,"within-dataset"
"lcRDs5BWVJH9DJewHiR","LCe854dd479471e325b1d07f2f917d9b75","paleo1measurement1","temperature","degC","pollen","pollen",FALSE,"Carquefou.Cyprien.2001","Peat",47.3092,-1.4769,11,"Carquefou","1.0.7",1,"Annual","positive","air@surface",23,920,1930,1010,40,1010,FALSE,TRUE,FALSE,TRUE,TRUE,FALSE,3,TRUE,FALSE,TRUE,TRUE,TRUE,"","criteria",FALSE,"within-dataset"
"lcRdShBI8LEpNVnTVlY","LC798da88e9cbc5b3391ace4eb348cbb50","paleo1measurement1","temperature","degC","pollen","pollen",TRUE,"DyanushkaK7P2.Werner.2010","Peat",65.0394,125.0369,123,"Dyanushka K7P2","1.0.3",1,"Annual","positive","air@surface",6,1250,1970,720,60,720,FALSE,TRUE,FALSE,TRUE,FALSE,FALSE,13,TRUE,FALSE,TRUE,TRUE,TRUE,"resolution","data-poor exception",TRUE,NA
"lcRDtGeTqfdSjUrKNgK","LCa246e0718f7a4267aa693418acaa0bed","paleo1measurement1","temperature","degC","pollen","pollen",FALSE,"ArroyodeValdeconejos.MoralesMolino.2017","Peat",40.861,-4.061,1380,"Arroyo de Valdeconejos","1.0.3",1,"Annual","positive","air@surface",38,1510,2020,510,10,510,FALSE,TRUE,FALSE,TRUE,TRUE,FALSE,3,TRUE,FALSE,TRUE,TRUE,TRUE,"","criteria",FALSE,"within-dataset"
"lcRdTM5KFAkQZwkrfLQ","LCf80404513f4d64790a5f2dc174c922ac","paleo1measurement1","temperature","degC","pollen","pollen",FALSE,"EmrickLake.Spigel.2006","LakeSediment",43.8002,-89.5943,270,"Emrick Lake","1.0.6",1,"Annual","positive","air@surface",31,90,2010,1920,50,1920,FALSE,TRUE,FALSE,TRUE,TRUE,FALSE,6,TRUE,FALSE,TRUE,TRUE,TRUE,"","criteria",FALSE,"within-dataset"
"lcRDveUnR7ezzfh3WmN","LCca38c38becc0edce85a1cf3d5cbc5f5c","paleo1measurement1","temperature","degC","pollen","pollen",FALSE,"Minnreg.UmbanhowarJr.2004","LakeSediment",44.6934,-93.3212,297,"Minnreg","1.0.3",1,"Jul","positive","air@surface",15,1200,1910,710,45,710,FALSE,TRUE,FALSE,TRUE,TRUE,FALSE,4,TRUE,FALSE,TRUE,TRUE,TRUE,"","criteria",FALSE,"within-dataset"
"lcRDZxZqZHFx1eY4Uk7","LC39ff783e7e9708576fa14f8fcac481fc","paleo1measurement1","temperature","degC","pollen","pollen",FALSE,"Langarud.Haghani.2015","Peat",37.1856,50.1475,NA,"Langarud","1.0.3",1,"Jul","positive","air@surface",15,1350,2000,650,30,650,FALSE,TRUE,FALSE,TRUE,TRUE,FALSE,2,TRUE,FALSE,TRUE,TRUE,TRUE,"","criteria",FALSE,"within-dataset"
"lcRE6DldwJTiXASJBsN","LCd474087228f1e44627dee8122ec9614d","paleo1measurement1","temperature","degC","pollen","floral assemblage",FALSE,"BeefPasture.Wright.2012","Peat",37.4731,-108.1604,3060,"Beef Pasture","1.0.7",1,"Jul","positive","air@surface",69,20,2010,1990,30,1990,FALSE,TRUE,FALSE,TRUE,TRUE,FALSE,16,TRUE,FALSE,TRUE,TRUE,TRUE,"","criteria",FALSE,"within-dataset"
"lcRE6KTG7nHo808qX0Z","LC3b56f6d622eecc888b6ee98702536d3c","paleo1measurement1","temperature","degC","pollen","pollen",FALSE,"LagunaBiajaca.CastillaBeltran.2018","FluvialSediment",19.5909,-71.0865,78,"Laguna Biajaca","1.0.3",1,"Annual","positive","air@surface",42,960,1960,1000,20,1000,FALSE,TRUE,FALSE,TRUE,TRUE,FALSE,6,TRUE,FALSE,TRUE,TRUE,TRUE,"","criteria",FALSE,"within-dataset"
"lcRE8fx9mdxQJJhTKQT","LCd17c5dc02a2ae13ace50ac717f0f6cff","paleo1measurement1","temperature","degC","pollen","pollen",FALSE,"Litzelsee.Rosch.2016","LakeSediment",47.7679,8.9296,413,"Litzelsee","1.0.3",1,"Jul","positive","air@surface",113,40,2080,2040,10,2040,FALSE,TRUE,FALSE,TRUE,TRUE,FALSE,29,TRUE,FALSE,TRUE,TRUE,TRUE,"","criteria",FALSE,"within-dataset"
"lcRe8ZxAmpR6QkFHWEW","LC2f1c19abf8440428bc98b1bd1cabf58b","paleo1measurement1","temperature","degC","pollen","pollen",FALSE,"QigaiNuur.Sun.2013","LakeSediment",72.3989,102.2886,60,"Qigai Nuur","1.1.0",1,"Annual","positive","air@surface",83,10,1970,1960,20,1960,FALSE,TRUE,FALSE,TRUE,TRUE,FALSE,18,TRUE,FALSE,TRUE,TRUE,TRUE,"","criteria",FALSE,"within-dataset"
"lcRea5YRvPHaBlssrES","LCefec5340480560765e600c36699350f9","paleo1measurement1","temperature","degC","pollen","pollen",TRUE,"LakeKolmilatrask.SarmajaKorjonen.1991","LakeSediment",60.2917,20.1414,12,"Lake Kolmilatrask","1.0.3",1,"Annual","positive","air@surface",48,30,1980,1950,40,1950,FALSE,TRUE,FALSE,TRUE,TRUE,FALSE,4,TRUE,FALSE,TRUE,TRUE,TRUE,"","criteria",TRUE,NA
"lcREcREgTnkGaudmXU2","LCf290b226271e9b5946b40d39aa3b8ce4","paleo1measurement1","temperature","degC","pollen","pollen",FALSE,"AsiGonia.Atherden.1999","Peat",35.2489,24.2782,780,"Asi Gonia","1.0.3",1,"Jul","positive","air@surface",92,580,1990,1410,20,1410,FALSE,TRUE,FALSE,TRUE,TRUE,FALSE,3,FALSE,FALSE,TRUE,TRUE,TRUE,"chronology","data-poor exception",FALSE,"within-dataset"
"lcREdDiuylN2LN0A9HK","LC7d469c3e8ffb0a645fcce87cd18b9a68","paleo1measurement1","temperature","degC","pollen","pollen",FALSE,"ChesapeakeBayPTMC32.Willard.2005","MarineSediment",38.0267,-76.2197,0,"Chesapeake Bay (PTMC3-2)","1.0.5",1,"Jul","positive","air@surface",60,60,2030,1970,20,1970,FALSE,TRUE,FALSE,TRUE,TRUE,FALSE,6,TRUE,FALSE,TRUE,TRUE,TRUE,"","criteria",FALSE,"within-dataset"
"lcReDo3cA7gIEVQAgqt","LC62c17b15ddf1ec2a989fb6807ac54e38","paleo1measurement1","temperature","degC","pollen","pollen",FALSE,"WarePond.Oswald.2018","LakeSediment",42.4824,-70.8822,3,"Ware Pond","1.0.5",1,"Annual","positive","air@surface",33,50,2050,2000,40,2000,FALSE,TRUE,FALSE,TRUE,TRUE,FALSE,10,TRUE,FALSE,TRUE,TRUE,TRUE,"","criteria",FALSE,"within-dataset"
"lcREedE6aCnuGripEQw","LCf80404513f4d64790a5f2dc174c922ac","paleo1measurement1","temperature","degC","pollen","pollen",FALSE,"EmrickLake.Spigel.2006","LakeSediment",43.8002,-89.5943,270,"Emrick Lake","1.0.6",1,"Jul","positive","air@surface",31,90,2010,1920,50,1920,FALSE,TRUE,FALSE,TRUE,TRUE,FALSE,6,TRUE,FALSE,TRUE,TRUE,TRUE,"","criteria",FALSE,"within-dataset"
"lcREevjjZEVbkSOBXpH","LCaf69afa58b40a57344a5505e0aade5d3","paleo1measurement1","temperature","degC","pollen","pollen",FALSE,"Pezou.Cyprien.2006","FluvialSediment",47.8708,1.1508,87,"Pezou","1.0.3",1,"Jul","positive","air@surface",12,1460,2000,540,50,540,FALSE,TRUE,FALSE,TRUE,TRUE,FALSE,7,TRUE,FALSE,TRUE,TRUE,TRUE,"","criteria",FALSE,"within-dataset"
"lcRefd1PsWLWeEKm1WW","LCf80404513f4d64790a5f2dc174c922ac","paleo1measurement1","temperature","degC","pollen","pollen",FALSE,"EmrickLake.Spigel.2006","LakeSediment",43.8002,-89.5943,270,"Emrick Lake","1.0.6",1,"Annual","positive","air@surface",31,90,2010,1920,50,1920,FALSE,TRUE,FALSE,TRUE,TRUE,FALSE,6,TRUE,FALSE,TRUE,TRUE,TRUE,"","criteria",FALSE,"within-dataset"
"lcREFsvQV9Z5n99omGW","LC152754a16cb016b7b1a193745db5597e","paleo1measurement1","temperature","degC","pollen","pollen",TRUE,"KellysLough.Leira.2007","LakeSediment",52.9585,-6.4257,585,"Kelly's Lough","1.0.5",1,"Annual","positive","air@surface",41,30,1960,1930,40,1930,FALSE,TRUE,FALSE,TRUE,TRUE,FALSE,17,TRUE,FALSE,TRUE,TRUE,TRUE,"","criteria",TRUE,NA
"lcRefVROIrGCdQw0DXC","LC6eb19cdb7f91d967c824af57cd324c5d","paleo1measurement1","temperature","degC","pollen","pollen",FALSE,"AkTerek.Beer.2008","Peat",41.2815,72.8343,1748,"Ak Terek","1.0.3",1,"Jul","positive","air@surface",12,1060,2030,970,50,970,FALSE,TRUE,FALSE,TRUE,TRUE,FALSE,2,TRUE,FALSE,TRUE,TRUE,TRUE,"","criteria",FALSE,"within-dataset"
"lcREgwVHniSdQbDeAHj","LCef6d7094877999bb6e011ebd5bd37c35","paleo1measurement1","temperature","degC","pollen","pollen",TRUE,"SaintMichelenBrenne.McGhee.1975","Other",46.8094,1.1639,83,"Saint-Michel-en-Brenne","1.0.3",1,"Jul","positive","air@surface",47,30,1990,1960,30,1960,FALSE,TRUE,FALSE,TRUE,TRUE,FALSE,4,TRUE,FALSE,TRUE,TRUE,TRUE,"","criteria",FALSE,"within-dataset"
"lcReKE6TMvzzWrTVWCT","LC613b7ed34faf1123dd056fac38de8464","paleo1measurement1","temperature","degC","pollen","pollen",FALSE,"OumiExposure.Anderson.2002","Peat",48.2167,138.4,990,"Oumi Exposure","1.0.3",1,"Annual","positive","air@surface",24,10,1660,1650,40,1650,FALSE,TRUE,FALSE,TRUE,TRUE,FALSE,5,TRUE,FALSE,TRUE,TRUE,TRUE,"","criteria",FALSE,"within-dataset"
"lcREKkFcLZqALZksc6g","LCf8f7f556916728039f22cffb4980cee8","paleo1measurement1","temperature","degC","pollen","pollen",FALSE,"TrinityRiverbayhead.Anderson.2008","FluvialSediment",29.7662,-94.7082,0,"Trinity River bayhead","1.0.3",1,"Jul","positive","air@surface",28,30,950,920,30,920,FALSE,TRUE,FALSE,TRUE,TRUE,FALSE,6,TRUE,FALSE,TRUE,TRUE,TRUE,"","criteria",FALSE,"within-dataset"
"lcRElPmaAkDzqu6BDUP","LC1ccf114d1af4b36060b02052511e485e","paleo1measurement1","temperature","degC","pollen","pollen",FALSE,"MolesChamber.Fyfe.2012","Peat",51.1394,-3.8328,421,"Moles Chamber","1.0.3",1,"Annual","positive","air@surface",47,80,1920,1840,30,1840,FALSE,TRUE,FALSE,TRUE,TRUE,FALSE,6,TRUE,FALSE,TRUE,TRUE,TRUE,"","criteria",FALSE,"within-dataset"
"lcRelPUBfTsOUKSmagn","LC7e21f73bddb282564646ff60618e9d6a","paleo1measurement1","temperature","degC","pollen","pollen",FALSE,"SonnenbergerMoor.Willutzki.1962","Peat",51.7663,10.5135,780,"Sonnenberger Moor","1.0.3",1,"Annual","positive","air@surface",47,60,1990,1930,35,1930,FALSE,TRUE,FALSE,TRUE,TRUE,FALSE,6,TRUE,FALSE,TRUE,TRUE,TRUE,"","criteria",FALSE,"within-dataset"
"lcRelvCkiUJxloJqGx1","LCfb8f08ba4796986d0e87f8b0dea026e4","paleo1measurement1","temperature","degC","pollen","pollen",FALSE,"Labradillosmire.RoblesLopez.2017","Peat",40.3447,-4.5706,1460,"Labradillos mire","1.0.3",1,"Annual","positive","air@surface",25,490,1980,1490,50,1490,FALSE,TRUE,FALSE,TRUE,TRUE,FALSE,5,TRUE,FALSE,TRUE,TRUE,TRUE,"","criteria",FALSE,"within-dataset"
"lcRelZOHtSe0SWJEgd7","LC8176e4be9fe4580a20ca8acd1935eebb","paleo1measurement1","temperature","degC","pollen","pollen",FALSE,"MoonLake.Laird.1996","LakeSediment",46.8559,-98.1598,444,"Moon Lake","1.0.15",1,"Jul","positive","air@surface",48,110,1990,1880,30,1880,FALSE,TRUE,FALSE,TRUE,TRUE,FALSE,0,TRUE,TRUE,TRUE,TRUE,TRUE,"","criteria",FALSE,"within-dataset"
"lcReMVFt55asQweSHCp","LC4018b993a2846b0b1ceca92daea60555","paleo1measurement1","temperature","degC","pollen","pollen",TRUE,"Nanwangzhuang.Guo.1999","FluvialSediment",38.45,114.9167,24,"Nanwangzhuang","1.0.3",1,"Jul","positive","air@surface",37,50,1730,1680,40,1680,FALSE,TRUE,FALSE,TRUE,TRUE,FALSE,9,TRUE,FALSE,TRUE,TRUE,TRUE,"","criteria",FALSE,"within-dataset"
"lcRemZWgnp7iWGR6qYu","LCd91285ebd4c1d454fd409bbc9a4372fe","paleo1measurement1","temperature","degC","pollen","pollen",FALSE,"Ispani2.deKlerk.2009","Peat",41.8623,41.802,1,"Ispani 2","1.0.3",1,"Annual","positive","air@surface",57,100,1990,1890,30,1890,FALSE,TRUE,FALSE,TRUE,TRUE,FALSE,4,TRUE,FALSE,TRUE,TRUE,TRUE,"","criteria",FALSE,"within-dataset"
"lcREObr5S3Rr37S2tpv","LC68e80590eb1df722c2e8e44718661916","paleo1measurement1","temperature","degC","pollen","pollen",FALSE,"Adange.Kvavadze.1989","FluvialSediment",43.3056,41.3333,1750,"Adange","1.0.5",1,"Annual","positive","air@surface",28,10,2010,2000,50,2000,FALSE,TRUE,FALSE,TRUE,TRUE,FALSE,4,TRUE,FALSE,TRUE,TRUE,TRUE,"","criteria",FALSE,"within-dataset"
"lcReOnwEB7LtRrdbpLF","LC12f454481626c65dd1385b2dcf44fca6","paleo1measurement1","temperature","degC","pollen","pollen",FALSE,"Verkhnee.Beer.2008","LakeSediment",41.3091,72.9576,1440,"Verkhnee","1.0.3",1,"Jul","positive","air@surface",71,410,1980,1570,20,1570,FALSE,TRUE,FALSE,TRUE,TRUE,FALSE,4,TRUE,FALSE,TRUE,TRUE,TRUE,"","criteria",FALSE,"within-dataset"
"lcRePfKbka0mhXKwnzk","LC9cdc16204028d3973cd98ca12fcff7d3","paleo1measurement1","temperature","degC","pollen","pollen",FALSE,"WaccamawRiverButlerIslandModeratelySaltImpacted.Jones.2017","Peat",33.4228,-79.208,0,"Waccamaw River, Butler Island, Moderately Salt Impacted","1.0.3",1,"Annual","positive","air@surface",36,690,2020,1330,30,1330,FALSE,TRUE,FALSE,TRUE,TRUE,FALSE,6,TRUE,FALSE,TRUE,TRUE,TRUE,"","criteria",FALSE,"within-dataset"
"lcREqCDHv0TvrYc6c30","LC83fb85087068ba58f43dc8f5c35e3ed3","paleo1measurement1","temperature","degC","pollen","pollen",FALSE,"ChesapeakeBayRhodeRiver.Baucom.2000","MarineSediment",38.8864,-76.3947,0,"Chesapeake Bay, Rhode River","1.0.3",1,"Annual","positive","air@surface",79,10,2030,2020,30,2020,FALSE,TRUE,FALSE,TRUE,TRUE,FALSE,9,TRUE,FALSE,TRUE,TRUE,TRUE,"","criteria",FALSE,"within-dataset"
"lcReqM5HyhIXHF8qr7x","LC7e21f73bddb282564646ff60618e9d6a","paleo1measurement1","temperature","degC","pollen","pollen",FALSE,"SonnenbergerMoor.Willutzki.1962","Peat",51.7663,10.5135,780,"Sonnenberger Moor","1.0.3",1,"Jul","positive","air@surface",47,60,1990,1930,35,1930,FALSE,TRUE,FALSE,TRUE,TRUE,FALSE,6,TRUE,FALSE,TRUE,TRUE,TRUE,"","criteria",FALSE,"within-dataset"
"lcReRuMtwOwneG5LOWJ","LC5f85eca75382c3190380dc15f4976dbf","paleo1measurement1","temperature","degC","pollen","pollen",FALSE,"MaraisdeMazerolles.Ouguerram.2002","Peat",47.3581,-1.4786,4,"Marais de Mazerolles","1.0.5",1,"Jul","positive","air@surface",63,140,1990,1850,30,1850,FALSE,TRUE,FALSE,TRUE,TRUE,FALSE,8,TRUE,FALSE,TRUE,TRUE,TRUE,"","criteria",FALSE,"within-dataset"
"lcRErXwsft2XX571mL7","LC17482d50598b68f2dffe7664ab1352a2","paleo1measurement1","temperature","degC","pollen","pollen",FALSE,"RidgeandSlough0205215.Bernhardt.2009","Peat",25.829,-80.7675,1,"Ridge and Slough (02-05-21-5)","1.0.7",1,"Annual","positive","air@surface",26,50,1990,1940,40,1940,FALSE,TRUE,FALSE,TRUE,TRUE,FALSE,3,TRUE,FALSE,TRUE,TRUE,TRUE,"","criteria",FALSE,"within-dataset"
"lcReS7zO592eoVqMvDb","LCca38c38becc0edce85a1cf3d5cbc5f5c","paleo1measurement1","temperature","degC","pollen","pollen",FALSE,"Minnreg.UmbanhowarJr.2004","LakeSediment",44.6934,-93.3212,297,"Minnreg","1.0.3",1,"Annual","positive","air@surface",15,1200,1910,710,45,710,FALSE,TRUE,FALSE,TRUE,TRUE,FALSE,4,TRUE,FALSE,TRUE,TRUE,TRUE,"","criteria",FALSE,"within-dataset"
"lcReSGxJqsrzex2FUzl","LCe51e45db650fef1ceeb069a5ba53dc15","paleo1measurement1","temperature","degC","pollen","pollen",FALSE,"LakeBillyakh.Muller.2009","LakeSediment",65.2891,126.7699,340,"Lake Billyakh","1.1.0",1,"Jul","positive","air@surface",16,200,2010,1810,70,1810,FALSE,TRUE,FALSE,TRUE,FALSE,FALSE,8,FALSE,FALSE,TRUE,TRUE,TRUE,"resolution;chronology","data-poor exception",FALSE,"within-dataset"
"lcReTj632Hh5uNh0zCG","LCfc55adae18ea5979a5ec093b39ae3ec3","paleo1measurement1","temperature","degC","pollen","pollen",FALSE,"KnobHillPond.Oswald.2018","LakeSediment",44.3603,-72.373,378,"Knob Hill Pond","1.0.8",1,"Annual","positive","air@surface",49,10,2040,2030,50,2030,FALSE,TRUE,FALSE,TRUE,TRUE,FALSE,14,TRUE,FALSE,TRUE,TRUE,TRUE,"","criteria",FALSE,"within-dataset"
"lcREUPja3XA8rr1GzUn","LCaa71976e446f4ed9037ab00f0e01331d","paleo1measurement1","temperature","degC","pollen","pollen",FALSE,"SweetonPond.Nanavati.2019","LakeSediment",36.7913,-92.2231,304,"Sweeton Pond","1.0.3",1,"Jul","positive","air@surface",63,130,2000,1870,30,1870,FALSE,TRUE,FALSE,TRUE,TRUE,FALSE,11,TRUE,FALSE,TRUE,TRUE,TRUE,"","criteria",FALSE,"within-dataset"
"lcReUrKTNdrLrJbWCft","LC7fc79381681547f49983777930677e3f","paleo1measurement1","temperature","degC","pollen","pollen",FALSE,"IrwinSmithBog.Booth.2012","Peat",45.0265,-83.61,223,"Irwin Smith Bog","1.0.5",1,"Jul","positive","air@surface",39,50,1960,1910,50,1910,FALSE,TRUE,FALSE,TRUE,TRUE,FALSE,24,TRUE,FALSE,TRUE,TRUE,TRUE,"","criteria",FALSE,"within-dataset"
"lcREUx83CgxfkZiAxz7","LCf290b226271e9b5946b40d39aa3b8ce4","paleo1measurement1","temperature","degC","pollen","pollen",FALSE,"AsiGonia.Atherden.1999","Peat",35.2489,24.2782,780,"Asi Gonia","1.0.3",1,"Annual","positive","air@surface",92,580,1990,1410,20,1410,FALSE,TRUE,FALSE,TRUE,TRUE,FALSE,3,FALSE,FALSE,TRUE,TRUE,TRUE,"chronology","data-poor exception",FALSE,"within-dataset"
"lcRev6MP1Xa8aHwSIfq","LC15087320340d5ebdfeda6c2243f65899","paleo1measurement1","temperature","degC","pollen","pollen",FALSE,"DeltadelRioBesos.PantaleonCano.1994","FluvialSediment",41.4053,2.2483,0,"Delta del Rio Besos","1.0.3",1,"Jul","positive","air@surface",48,1100,1970,870,20,870,FALSE,TRUE,FALSE,TRUE,TRUE,FALSE,19,TRUE,FALSE,TRUE,TRUE,TRUE,"","criteria",FALSE,"within-dataset"
"lcRevSrSJ6Y4iMApChz","LC98c53e9ab41a1e97d40dd97be89fff82","paleo1measurement1","temperature","degC","pollen","floral assemblage",TRUE,"Durchenbergried.Rosch.1990","Peat",47.775,8.9788,432,"Durchenbergried","1.0.6",1,"Annual","positive","air@surface",56,10,1990,1980,30,1980,FALSE,TRUE,FALSE,TRUE,TRUE,FALSE,51,TRUE,FALSE,TRUE,TRUE,TRUE,"","criteria",TRUE,NA
"lcREvvkhNKBotLSFy8e","LCd474087228f1e44627dee8122ec9614d","paleo1measurement1","temperature","degC","pollen","floral assemblage",FALSE,"BeefPasture.Wright.2012","Peat",37.4731,-108.1604,3060,"Beef Pasture","1.0.7",1,"Jul","positive","air@surface",69,20,2010,1990,30,1990,FALSE,TRUE,FALSE,TRUE,TRUE,FALSE,16,TRUE,FALSE,TRUE,TRUE,TRUE,"","criteria",FALSE,"within-dataset"
"lcReW8FVP68hmgViL2s","LC78c26c7cbd368b7e8e182f1ab760c79d","paleo1measurement1","temperature","degC","pollen","pollen",FALSE,"AmberLake.UmbanhowarJr.2004","LakeSediment",43.6071,-94.4736,351,"Amber Lake","1.0.3",1,"Jul","positive","air@surface",15,1060,1880,820,50,820,FALSE,TRUE,FALSE,TRUE,TRUE,FALSE,3,TRUE,FALSE,TRUE,TRUE,TRUE,"","criteria",FALSE,"within-dataset"
"lcREwDbRdW9XUcWsLFU","LCf290b226271e9b5946b40d39aa3b8ce4","paleo1measurement1","temperature","degC","pollen","pollen",TRUE,"AsiGonia.Atherden.1999","Peat",35.2489,24.2782,780,"Asi Gonia","1.0.3",1,"Jul","positive","air@surface",92,580,1990,1410,20,1410,FALSE,TRUE,FALSE,TRUE,TRUE,FALSE,3,FALSE,FALSE,TRUE,TRUE,TRUE,"chronology","data-poor exception",FALSE,"within-dataset"
"lcREWjhZakLMxVLS5P3","LC79b5b45a7fe015c7fa2ded7e1cc5e546","paleo1measurement1","temperature","degC","pollen","pollen",FALSE,"WaterConservationArea2ASite2SiteF1.Willard.1997","Peat",26.3597,-80.3706,5,"Water Conservation Area 2A, Site 2 (Site F1)","1.0.3",1,"Annual","positive","air@surface",26,10,2060,2050,40,2050,FALSE,TRUE,FALSE,TRUE,TRUE,FALSE,7,TRUE,FALSE,TRUE,TRUE,TRUE,"","criteria",FALSE,"within-dataset"
"lcRewQOvACF6Wwy2ynZ","LC8176e4be9fe4580a20ca8acd1935eebb","paleo1measurement1","temperature","degC","pollen","pollen",FALSE,"MoonLake.Laird.1996","LakeSediment",46.8559,-98.1598,444,"Moon Lake","1.0.15",1,"Jul","positive","air@surface",48,110,1990,1880,30,1880,FALSE,TRUE,FALSE,TRUE,TRUE,FALSE,0,TRUE,TRUE,TRUE,TRUE,TRUE,"","criteria",FALSE,"within-dataset"
"lcReX5GE68Jlejm9HG1","LC57d1f10fc7c703dc0bc92a0190eb4116","paleo1measurement1","temperature","degC","pollen","pollen",FALSE,"LakeBlatisto.vvanHuis.2013","LakeSediment",41.6213,24.6781,1540,"Lake Blatisto","1.0.3",1,"Annual","positive","air@surface",119,450,2010,1560,10,1560,FALSE,TRUE,FALSE,TRUE,TRUE,FALSE,2,TRUE,FALSE,TRUE,TRUE,TRUE,"","criteria",FALSE,"within-dataset"
"lcREXDVTnFcQT0ATyfJ","LC6c5c0db5c21ab355c41dd706fa3fa9f8","paleo1measurement1","temperature","degC","pollen","pollen",FALSE,"HornstaadHornle.Rosch.1992","LakeSediment",47.6946,9.0066,385,"Hornstaad-Hornle","1.0.5",1,"Jul","positive","air@surface",186,10,1960,1950,10,1950,FALSE,TRUE,FALSE,TRUE,TRUE,FALSE,15,TRUE,FALSE,TRUE,TRUE,TRUE,"","criteria",FALSE,"within-dataset"
"lcREXdXwjgwQw7pKum5","LC337323d509fca77245d359ea6fa3653f","paleo1measurement1","temperature","degC","pollen","pollen",FALSE,"LaMolinamire.LopezMerino.2011","Peat",43.3811,-6.3272,650,"La Molina mire","1.0.5",1,"Annual","positive","air@surface",80,30,1980,1950,10,1950,FALSE,TRUE,FALSE,TRUE,TRUE,FALSE,6,TRUE,FALSE,TRUE,TRUE,TRUE,"","criteria",FALSE,"within-dataset"
"lcReXulUcCaMhVttdvC","LCcc97a813d94806cb3eb9950d5fb07543","paleo1measurement1","temperature","degC","pollen","pollen",FALSE,"Tlstahora.Rybnickova.2005","Peat",48.8942,17.8886,460,"Tlsta hora","1.0.7",1,"Jul","positive","air@surface",33,10,2000,1990,40,1990,FALSE,TRUE,FALSE,TRUE,TRUE,FALSE,4,TRUE,FALSE,TRUE,TRUE,TRUE,"","criteria",FALSE,"within-dataset"
"lcREyyTrLd5DAmfUDY3","LC1b2ba7a6e9c0ba8e29ea9336b2846fd9","paleo1measurement1","temperature","degC","pollen","pollen",FALSE,"DagsMosse.Goransson.1989","Peat",58.3229,14.7065,96,"Dags Mosse","1.0.7",1,"Jul","positive","air@surface",40,60,1980,1920,40,1920,FALSE,TRUE,FALSE,TRUE,TRUE,FALSE,22,TRUE,FALSE,TRUE,TRUE,TRUE,"","criteria",FALSE,"within-dataset"
"lcReZtD7yqbSVq45b6f","LC411fd7990bbec38aade84b10cc75f750","paleo1measurement1","temperature","degC","pollen","pollen",FALSE,"DeepPond.Parshall.2002","LakeSediment",41.7391,-69.9921,23,"Deep Pond","1.0.5",1,"Annual","positive","air@surface",49,20,2020,2000,40,2000,FALSE,TRUE,FALSE,TRUE,TRUE,FALSE,16,TRUE,FALSE,TRUE,TRUE,TRUE,"","criteria",FALSE,"within-dataset"
"lcRf1IamphyYecJLPfO","LC2858e28ed96f10383061c4290dc9f7da","paleo1measurement1","temperature","degC","pollen","pollen",FALSE,"LagunaPompal.Goman.1998","LakeSediment",18.3761,-94.9556,730,"Laguna Pompal","1.0.5",1,"Jul","positive","air@surface",17,10,1990,1980,100,1980,FALSE,TRUE,FALSE,TRUE,FALSE,FALSE,7,FALSE,FALSE,TRUE,TRUE,TRUE,"resolution;chronology","data-poor exception",FALSE,"within-dataset"
"lcRF2HKSFRvhv9BiRn9","LCb5f8ef048c71f4db0ea90eb2405a508d","paleo1measurement1","temperature","degC","pollen","pollen",FALSE,"BlackwoodSinkhole.Tamalavage.2018","LakeSediment",26.7987,-77.4234,0,"Blackwood Sinkhole","1.0.3",1,"Annual","positive","air@surface",85,20,1990,1970,20,1970,FALSE,TRUE,FALSE,TRUE,TRUE,FALSE,19,TRUE,FALSE,TRUE,TRUE,TRUE,"","criteria",FALSE,"within-dataset"
"lcRF4Pf6JaBdk4d70cm","LCf8f7f556916728039f22cffb4980cee8","paleo1measurement1","temperature","degC","pollen","pollen",FALSE,"TrinityRiverbayhead.Anderson.2008","FluvialSediment",29.7662,-94.7082,0,"Trinity River bayhead","1.0.3",1,"Jul","positive","air@surface",28,30,950,920,30,920,FALSE,TRUE,FALSE,TRUE,TRUE,FALSE,6,TRUE,FALSE,TRUE,TRUE,TRUE,"","criteria",FALSE,"within-dataset"
"lcRF4uzHVLTZwHK8fgB","LCa59abc4cb5398ba6538f4f98fcd3b782","paleo1measurement1","temperature","degC","pollen","pollen",FALSE,"SlishLake.Dodson.1987","LakeSediment",54.2439,-8.3719,48,"Slish Lake","1.0.3",1,"Jul","positive","air@surface",39,10,1930,1920,40,1920,FALSE,TRUE,FALSE,TRUE,TRUE,FALSE,3,TRUE,FALSE,TRUE,TRUE,TRUE,"","criteria",FALSE,"within-dataset"
"lcRF5Zix25NyKbYWKA5","LCb50314c18e7cdf1fb15820f52fe7fb30","paleo1measurement1","temperature","degC","pollen","pollen",FALSE,"Trogenmoos.vanderKnaap.2000","Peat",46.7619,7.8639,1484,"Trogenmoos","1.0.3",1,"Jul","positive","air@surface",44,1130,1990,860,20,860,FALSE,TRUE,FALSE,TRUE,TRUE,FALSE,2,TRUE,FALSE,TRUE,TRUE,TRUE,"","criteria",FALSE,"within-dataset"
"lcRf9CCNIxpAKxRZJHa","LC798da88e9cbc5b3391ace4eb348cbb50","paleo1measurement1","temperature","degC","pollen","pollen",FALSE,"DyanushkaK7P2.Werner.2010","Peat",65.0394,125.0369,123,"Dyanushka K7P2","1.0.3",1,"Annual","positive","air@surface",6,1250,1970,720,60,720,FALSE,TRUE,FALSE,TRUE,FALSE,FALSE,13,TRUE,FALSE,TRUE,TRUE,TRUE,"resolution","data-poor exception",FALSE,"within-dataset"
"lcRFA8RBR9enEi54JTa","LCbe87d192874cb2166b17613baa82c3b6","paleo1measurement1","temperature","degC","pollen","pollen",FALSE,"LakeKvarntrask.SarmajaKorjonen.1991","LakeSediment",60.3458,19.9717,14,"Lake Kvarntrask","1.0.3",1,"Jul","positive","air@surface",59,30,1990,1960,30,1960,FALSE,TRUE,FALSE,TRUE,TRUE,FALSE,4,TRUE,FALSE,TRUE,TRUE,TRUE,"","criteria",FALSE,"within-dataset"
"lcRfb7f1rex2V35cyAK","LC39ff783e7e9708576fa14f8fcac481fc","paleo1measurement1","temperature","degC","pollen","pollen",FALSE,"Langarud.Haghani.2015","Peat",37.1856,50.1475,NA,"Langarud","1.0.3",1,"Annual","positive","air@surface",15,1350,2000,650,30,650,FALSE,TRUE,FALSE,TRUE,TRUE,FALSE,2,TRUE,FALSE,TRUE,TRUE,TRUE,"","criteria",FALSE,"within-dataset"
"lcRfC7bJwtUidYW6VNd","LC8326aae75745929f1260b2ecf759133b","paleo1measurement1","temperature","degC","pollen","pollen",FALSE,"Couedic.Visset.2001","FluvialSediment",47.2139,-1.5572,10,"Couedic","1.0.3",1,"Annual","positive","air@surface",11,20,1010,990,30,990,FALSE,TRUE,FALSE,TRUE,TRUE,FALSE,4,TRUE,FALSE,TRUE,TRUE,TRUE,"","criteria",FALSE,"within-dataset"
"lcRFCPWSwAQDckT7VjE","LCc0ede02b629a25347b79d87c97cb9f12","paleo1measurement1","temperature","degC","pollen","pollen",TRUE,"HorseshoeLake.Munoz.2014","LakeSediment",38.7018,-90.095,27,"Horseshoe Lake","1.0.3",1,"Jul","positive","air@surface",54,220,1990,1770,30,1770,FALSE,TRUE,FALSE,TRUE,TRUE,FALSE,9,TRUE,FALSE,TRUE,TRUE,TRUE,"","criteria",FALSE,"within-dataset"
"lcRFcswTtN2eKdCGyLj","LC798da88e9cbc5b3391ace4eb348cbb50","paleo1measurement1","temperature","degC","pollen","pollen",FALSE,"DyanushkaK7P2.Werner.2010","Peat",65.0394,125.0369,123,"Dyanushka K7P2","1.0.3",1,"Jul","positive","air@surface",6,1250,1970,720,60,720,FALSE,TRUE,FALSE,TRUE,FALSE,FALSE,13,TRUE,FALSE,TRUE,TRUE,TRUE,"resolution","data-poor exception",FALSE,"within-dataset"
"lcRfegPvTK4Sd9Vjci8","LC7102aac5df21f90970ef90fb0a5808cb","paleo1measurement1","temperature","degC","pollen","pollen",FALSE,"Fuschlsee.Voigt.1996","LakeSediment",47.8042,13.2747,663,"Fuschlsee","1.0.5",1,"Jul","positive","air@surface",40,40,1980,1940,40,1940,FALSE,TRUE,FALSE,TRUE,TRUE,FALSE,20,TRUE,FALSE,TRUE,TRUE,TRUE,"","criteria",FALSE,"within-dataset"
"lcRFetXT4MqTDyT3CVv","LCdbf7ba3ed538c2d87f0c529a9cf1b15f","paleo1measurement1","temperature","degC","pollen","pollen",FALSE,"ArroyodeNavalacarreta.MoralesMolino.2017","Other",40.8522,-4.0311,1250,"Arroyo de Navalacarreta","1.0.3",1,"Annual","positive","air@surface",37,1280,1980,700,20,700,FALSE,TRUE,FALSE,TRUE,TRUE,FALSE,3,TRUE,FALSE,TRUE,TRUE,TRUE,"","criteria",FALSE,"within-dataset"
"lcRFfBm6bpomHN7OyWg","LCe51e45db650fef1ceeb069a5ba53dc15","paleo1measurement1","temperature","degC","pollen","pollen",FALSE,"LakeBillyakh.Muller.2009","LakeSediment",65.2891,126.7699,340,"Lake Billyakh","1.1.0",1,"Annual","positive","air@surface",16,200,2010,1810,70,1810,FALSE,TRUE,FALSE,TRUE,FALSE,FALSE,8,FALSE,FALSE,TRUE,TRUE,TRUE,"resolution;chronology","data-poor exception",FALSE,"within-dataset"
"lcRFgb5tT30iutLofgm","LC7733a2983fe6b78f86bf2ecfb95898ea","paleo1measurement1","temperature","degC","pollen","pollen",FALSE,"SharkeyLake.Camill.2003","LakeSediment",44.5924,-93.4132,305,"Sharkey Lake","1.0.8",1,"Annual","positive","air@surface",10,250,1140,890,50,890,FALSE,TRUE,FALSE,TRUE,TRUE,FALSE,13,TRUE,FALSE,TRUE,TRUE,TRUE,"","criteria",FALSE,"within-dataset"
"lcRfgF4pWiE94Btv1t3","LC4554fc96c7f9c574504a66276c3fc2bb","paleo1measurement1","temperature","degC","pollen","pollen",FALSE,"LilyLake.UmbanhowarJr.2004","LakeSediment",44.1929,-93.6398,311,"Lily Lake","1.0.3",1,"Annual","positive","air@surface",15,1260,1890,630,35,630,FALSE,TRUE,FALSE,TRUE,TRUE,FALSE,3,TRUE,FALSE,TRUE,TRUE,TRUE,"","criteria",FALSE,"within-dataset"
"lcRfh0MwBXA1uvuh0X1","LC01b139d1e37ee2fd9c3c2bf7480d9de1","paleo1measurement1","temperature","degC","pollen","pollen",FALSE,"SehestedterAussendeichsmoor.Behre.2005","Peat",53.4389,8.3071,4,"Sehestedter Aussendeichsmoor","1.0.3",1,"Jul","positive","air@surface",84,10,1980,1970,20,1970,FALSE,TRUE,FALSE,TRUE,TRUE,FALSE,9,TRUE,FALSE,TRUE,TRUE,TRUE,"","criteria",FALSE,"within-dataset"
"lcRfHH2nVsgKvmVzx1x","LCd91285ebd4c1d454fd409bbc9a4372fe","paleo1measurement1","temperature","degC","pollen","pollen",FALSE,"Ispani2.deKlerk.2009","Peat",41.8623,41.802,1,"Ispani 2","1.0.3",1,"Jul","positive","air@surface",57,100,1990,1890,30,1890,FALSE,TRUE,FALSE,TRUE,TRUE,FALSE,4,TRUE,FALSE,TRUE,TRUE,TRUE,"","criteria",FALSE,"within-dataset"
"lcRfIe6wBMEJhYrK30W","LC70c663e28de73481dece6c58b05b3c2f","paleo1measurement1","temperature","degC","pollen","pollen",FALSE,"FerryLake.Hotchkiss.2007","LakeSediment",46.013,-92.125,290,"Ferry Lake","1.0.3",1,"Annual","positive","air@surface",52,10,2010,2000,40,2000,FALSE,TRUE,FALSE,TRUE,TRUE,FALSE,4,TRUE,FALSE,TRUE,TRUE,TRUE,"","criteria",FALSE,"within-dataset"
"lcRfJUpDM75FR0J1q90","LC1af1af0e952e8967a96627e8602dc452","paleo1measurement1","temperature","degC","pollen","pollen",FALSE,"DevilsLakeCreelBay.Jacobson.1989","LakeSediment",48.0859,-98.9293,443,"Devils Lake, Creel Bay","1.0.4",1,"Annual","positive","air@surface",18,200,1990,1790,20,1790,FALSE,TRUE,FALSE,TRUE,TRUE,FALSE,28,TRUE,FALSE,TRUE,TRUE,TRUE,"","criteria",FALSE,"within-dataset"
"lcRFKpaRrYUvlagtmbb","LCfa9dc1860d8ac054ef554fa21bcfdf9c","paleo1measurement1","temperature","degC","pollen","pollen",FALSE,"Zhoulao.Gu.2004","LakeSediment",29.8167,112.8833,31,"Zhoulao","1.0.4",1,"Jul","positive","air@surface",15,20,660,640,40,640,FALSE,TRUE,FALSE,TRUE,TRUE,FALSE,3,TRUE,FALSE,TRUE,TRUE,TRUE,"","criteria",FALSE,"within-dataset"
"lcRfKzZ8CV3VoAQ36pT","LC67f1f3130b05aace86d5b0f7370e7ebd","paleo1measurement1","temperature","degC","pollen","pollen",FALSE,"CenoteSanJoseChulchaca.Leyden.1996","LakeSediment",20.8667,-90.1333,1,"Cenote San Jose Chulchaca","1.0.3",1,"Jul","positive","air@surface",27,170,2000,1830,45,1830,FALSE,TRUE,FALSE,TRUE,TRUE,FALSE,3,TRUE,FALSE,TRUE,TRUE,TRUE,"","criteria",FALSE,"within-dataset"
"lcRFl6vSNxbtURBKreq","LC3aed9bc8856e726b3ffcbdc54e30e602","paleo1measurement1","temperature","degC","pollen","pollen",FALSE,"Diheen.author.1111","LakeSediment",52.3695,-8.1707,554,"Diheen","1.0.3",1,"Jul","positive","air@surface",47,1180,1960,780,10,780,FALSE,TRUE,FALSE,TRUE,TRUE,FALSE,8,TRUE,FALSE,TRUE,TRUE,TRUE,"","criteria",FALSE,"within-dataset"
"lcRFlK3CCKXjzEV9lE8","LC57d1f10fc7c703dc0bc92a0190eb4116","paleo1measurement1","temperature","degC","pollen","pollen",FALSE,"LakeBlatisto.vvanHuis.2013","LakeSediment",41.6213,24.6781,1540,"Lake Blatisto","1.0.3",1,"Annual","positive","air@surface",119,450,2010,1560,10,1560,FALSE,TRUE,FALSE,TRUE,TRUE,FALSE,2,TRUE,FALSE,TRUE,TRUE,TRUE,"","criteria",FALSE,"within-dataset"
"lcRflxfcNDdOyUgnG7H","LCf6415cac0a63bd9f68d1ee7a4222de70","paleo1measurement1","temperature","degC","pollen","pollen",FALSE,"OverGunnarsfjorden.Allen.2007","LakeSediment",71.0381,28.1691,78,"Over Gunnarsfjorden","1.0.8",1,"Jul","positive","air@surface",43,10,2000,1990,50,1990,FALSE,TRUE,FALSE,TRUE,TRUE,FALSE,23,TRUE,FALSE,TRUE,TRUE,TRUE,"","criteria",FALSE,"within-dataset"
"lcRfm1O84JiqkdPEbGH","LCf1d5479a47415e43de7c6c6700ec7885","paleo1measurement1","temperature","degC","pollen","pollen",FALSE,"Fougeres.CletPellerin.1993","Peat",48.5167,-0.8333,186,"Fougeres","1.0.3",1,"Jul","positive","air@surface",42,1360,1980,620,10,620,FALSE,TRUE,FALSE,TRUE,TRUE,FALSE,3,TRUE,FALSE,TRUE,TRUE,TRUE,"","criteria",FALSE,"within-dataset"
"lcRfNYPlI18BOhSc0s5","LC36d35f42781e9b0aece96ceabe028ffa","paleo1measurement1","temperature","degC","pollen","pollen",TRUE,"LAnseauxMeadowsSite.Davis.1988","Peat",51.5733,-55.55,5,"L'Anse aux Meadows Site","1.0.3",1,"Jul","positive","air@surface",58,30,1940,1910,30,1910,FALSE,TRUE,FALSE,TRUE,TRUE,FALSE,4,TRUE,FALSE,TRUE,TRUE,TRUE,"","criteria",FALSE,"within-dataset"
"lcRfo8HLKTzKQmY9Lql","LC8326aae75745929f1260b2ecf759133b","paleo1measurement1","temperature","degC","pollen","pollen",TRUE,"Couedic.Visset.2001","FluvialSediment",47.2139,-1.5572,10,"Couedic","1.0.3",1,"Annual","positive","air@surface",11,20,1010,990,30,990,FALSE,TRUE,FALSE,TRUE,TRUE,FALSE,4,TRUE,FALSE,TRUE,TRUE,TRUE,"","criteria",TRUE,NA
"lcRfOclnGfwj2LwUZdj","LCe90679c1b5177a9cda38a41661c97057","paleo1measurement1","temperature","degC","pollen","pollen",FALSE,"CranberryLake.author.1111","LakeSediment",44.1,-78.1,170,"Cranberry Lake","1.0.4",1,"Annual","positive","air@surface",35,30,1990,1960,50,1960,FALSE,TRUE,FALSE,TRUE,TRUE,FALSE,7,TRUE,FALSE,TRUE,TRUE,TRUE,"","criteria",FALSE,"within-dataset"
"lcRfOv4Y31HVh70INff","LCc11db47aa5126e5e866550ac4234eca3","paleo1measurement1","temperature","degC","pollen","pollen",FALSE,"HiddenLake.Calder.2016","LakeSediment",40.5047,-106.6075,2704,"Hidden Lake","1.0.3",1,"Annual","positive","air@surface",27,120,1920,1800,50,1800,FALSE,TRUE,FALSE,TRUE,TRUE,FALSE,3,TRUE,FALSE,TRUE,TRUE,TRUE,"","criteria",FALSE,"within-dataset"
"lcRfPbqoXJUsbsXOt5K","LCf290b226271e9b5946b40d39aa3b8ce4","paleo1measurement1","temperature","degC","pollen","pollen",FALSE,"AsiGonia.Atherden.1999","Peat",35.2489,24.2782,780,"Asi Gonia","1.0.3",1,"Jul","positive","air@surface",92,580,1990,1410,20,1410,FALSE,TRUE,FALSE,TRUE,TRUE,FALSE,3,FALSE,FALSE,TRUE,TRUE,TRUE,"chronology","data-poor exception",FALSE,"within-dataset"
"lcRfrr5PzONt6ZBow19","LC6c5c0db5c21ab355c41dd706fa3fa9f8","paleo1measurement1","temperature","degC","pollen","pollen",TRUE,"HornstaadHornle.Rosch.1992","LakeSediment",47.6946,9.0066,385,"Hornstaad-Hornle","1.0.5",1,"Annual","positive","air@surface",186,10,1960,1950,10,1950,FALSE,TRUE,FALSE,TRUE,TRUE,FALSE,15,TRUE,FALSE,TRUE,TRUE,TRUE,"","criteria",TRUE,NA
"lcRFTGwkgL2lvikrZVp","LC7fc79381681547f49983777930677e3f","paleo1measurement1","temperature","degC","pollen","pollen",TRUE,"IrwinSmithBog.Booth.2012","Peat",45.0265,-83.61,223,"Irwin Smith Bog","1.0.5",1,"Annual","positive","air@surface",39,50,1960,1910,50,1910,FALSE,TRUE,FALSE,TRUE,TRUE,FALSE,24,TRUE,FALSE,TRUE,TRUE,TRUE,"","criteria",TRUE,NA
"lcRFTN0y0aUFhVngFqR","LCebfeb762332f122e49ab420907c85bd5","paleo1measurement1","temperature","degC","pollen","pollen",TRUE,"BuckbeanBog.Heinrichs.1999","Peat",49.1191,-119.683,1803,"Buckbean Bog","1.0.5",1,"Annual","positive","air@surface",25,70,2010,1940,50,1940,FALSE,TRUE,FALSE,TRUE,TRUE,FALSE,6,TRUE,FALSE,TRUE,TRUE,TRUE,"","criteria",TRUE,NA
"lcRFucEVYnj4Suw08G5","LC18049d27c0d4b770f582f1c77f8e3fd9","paleo1measurement1","temperature","degC","pollen","pollen",FALSE,"LilyPond.Foster.2002","LakeSediment",42.4179,-72.3469,303,"Lily Pond","1.0.3",1,"Jul","positive","air@surface",74,110,2000,1890,20,1890,FALSE,TRUE,FALSE,TRUE,TRUE,FALSE,8,TRUE,FALSE,TRUE,TRUE,TRUE,"","criteria",FALSE,"within-dataset"
"lcRFUiS8IB9K0kn5eJL","LC36849fcbede5404854435f65c39b4769","paleo1measurement1","temperature","degC","pollen","pollen",FALSE,"CienegadeSanBernadino.Blissett.2010","Other",31.3222,-109.2562,1118,"Cienega de San Bernadino","1.0.3",1,"Jul","positive","air@surface",51,210,1970,1760,20,1760,FALSE,TRUE,FALSE,TRUE,TRUE,FALSE,4,TRUE,FALSE,TRUE,TRUE,TRUE,"","criteria",FALSE,"within-dataset"
"lcRFuwykcu2ifcnIt6z","LC1d4fafdcc8f99c4b8be79bb115a409e2","paleo1measurement1","temperature","degC","pollen","pollen",FALSE,"Vladar.Pokorny.2006","LakeSediment",50.0786,13.214,612,"Vladar","1.0.3",1,"Annual","positive","air@surface",47,10,1990,1980,30,1980,FALSE,TRUE,FALSE,TRUE,TRUE,FALSE,6,TRUE,FALSE,TRUE,TRUE,TRUE,"","criteria",FALSE,"within-dataset"
"lcRfv1I2LKpNrv3O6qk","LC5cd0bf1248bd51ce10c4cd494558d64b","paleo1measurement1","temperature","degC","pollen","pollen",FALSE,"SummitLake.Calder.2016","LakeSediment",40.5455,-106.6824,3149,"Summit Lake","1.0.3",1,"Annual","positive","air@surface",52,10,2020,2010,40,2010,FALSE,TRUE,FALSE,TRUE,TRUE,FALSE,11,TRUE,FALSE,TRUE,TRUE,TRUE,"","criteria",FALSE,"within-dataset"
"lcRFV5AeXhKUGGr3IeD","LC388ad7dacaa8ba591a83289ef3ae5db3","paleo1measurement1","temperature","degC","pollen","pollen",FALSE,"CharcodaCandieira.VanderKnaap.1984","LakeSediment",40.3417,-7.5764,1409,"Charco da Candieira","1.0.8",1,"Annual","positive","air@surface",48,100,2010,1910,20,1910,FALSE,TRUE,FALSE,TRUE,TRUE,FALSE,30,TRUE,FALSE,TRUE,TRUE,TRUE,"","criteria",FALSE,"within-dataset"
"lcRFWlViqThoV1r3cJ7","LCfc55adae18ea5979a5ec093b39ae3ec3","paleo1measurement1","temperature","degC","pollen","pollen",FALSE,"KnobHillPond.Oswald.2018","LakeSediment",44.3603,-72.373,378,"Knob Hill Pond","1.0.8",1,"Jul","positive","air@surface",49,10,2040,2030,50,2030,FALSE,TRUE,FALSE,TRUE,TRUE,FALSE,14,TRUE,FALSE,TRUE,TRUE,TRUE,"","criteria",FALSE,"within-dataset"
"lcRFWn6U2MAaRAahGiZ","LCfc55adae18ea5979a5ec093b39ae3ec3","paleo1measurement1","temperature","degC","pollen","floral assemblage",TRUE,"KnobHillPond.Oswald.2018","LakeSediment",44.3603,-72.373,378,"Knob Hill Pond","1.0.8",1,"Annual","positive","air@surface",49,10,2040,2030,50,2030,FALSE,TRUE,FALSE,TRUE,TRUE,FALSE,14,TRUE,FALSE,TRUE,TRUE,TRUE,"","criteria",TRUE,NA
"lcRfXyL31CIUa5tnUDO","LCe51e45db650fef1ceeb069a5ba53dc15","paleo1measurement1","temperature","degC","pollen","pollen",FALSE,"LakeBillyakh.Muller.2009","LakeSediment",65.2891,126.7699,340,"Lake Billyakh","1.1.0",1,"Jul","positive","air@surface",16,200,2010,1810,70,1810,FALSE,TRUE,FALSE,TRUE,FALSE,FALSE,8,FALSE,FALSE,TRUE,TRUE,TRUE,"resolution;chronology","data-poor exception",FALSE,"within-dataset"
"lcRfYguzDYpj5ztkGL0","LC0bacc59a8d3ed8e1877e3e5f82ca26f7","paleo1measurement1","temperature","degC","pollen","pollen",FALSE,"AndersonPond.Liu.2013","LakeSediment",36.0301,-85.5013,303,"Anderson Pond","1.0.4",1,"Annual","positive","air@surface",14,730,2020,1290,50,1290,FALSE,TRUE,FALSE,TRUE,TRUE,FALSE,15,FALSE,FALSE,TRUE,TRUE,TRUE,"chronology","data-poor exception",FALSE,"within-dataset"
"lcRFZusTqpbEtt1B3JI","LCd982ea989d8a7fff48a48af9739f9ad4","paleo1measurement1","temperature","degC","pollen","pollen",TRUE,"Songjiang.Zhang.2008","FluvialSediment",50.4,80.4667,210,"Songjiang","1.0.3",1,"Annual","positive","air@surface",12,1210,1990,780,50,780,FALSE,TRUE,FALSE,TRUE,TRUE,FALSE,5,TRUE,FALSE,TRUE,TRUE,TRUE,"","criteria",TRUE,NA
"lcRg02f1DQTJtNnNIzD","LC35d585e935376adf112d37d384370234","paleo1measurement1","temperature","degC","pollen","pollen",FALSE,"TourbieredeLandemarais.Visset.1989","Peat",48.4417,-1.1817,145,"Tourbiere de Landemarais","1.0.3",1,"Annual","positive","air@surface",35,1010,1990,980,30,980,FALSE,TRUE,FALSE,TRUE,TRUE,FALSE,3,TRUE,FALSE,TRUE,TRUE,TRUE,"","criteria",FALSE,"within-dataset"
"lcRG0mzmZm6BZej5kLl","LC99bfc682141527451cd86064f4065a8a","paleo1measurement1","temperature","degC","pollen","pollen",FALSE,"BarchampeLake.author.1111","LakeSediment",30.6222,-83.2539,34,"Barchampe Lake","1.0.4",1,"Jul","positive","air@surface",41,110,1980,1870,30,1870,FALSE,TRUE,FALSE,TRUE,TRUE,FALSE,2,TRUE,FALSE,TRUE,TRUE,TRUE,"","criteria",FALSE,"within-dataset"
"lcRg4dpoPa0tTerCUaB","LC2858e28ed96f10383061c4290dc9f7da","paleo1measurement1","temperature","degC","pollen","pollen",FALSE,"LagunaPompal.Goman.1998","LakeSediment",18.3761,-94.9556,730,"Laguna Pompal","1.0.5",1,"Annual","positive","air@surface",17,10,1990,1980,100,1980,FALSE,TRUE,FALSE,TRUE,FALSE,FALSE,7,FALSE,FALSE,TRUE,TRUE,TRUE,"resolution;chronology","data-poor exception",FALSE,"within-dataset"
"lcRg50WmNvtw87kbVJF","LC30c0d8f9e9d0251f60938145ff35d7e5","paleo1measurement1","temperature","degC","pollen","pollen",FALSE,"LongLake.Carter.2017","LakeSediment",41.4998,-106.3679,2700,"Long Lake","1.0.7",1,"Annual","positive","air@surface",52,30,2020,1990,30,1990,FALSE,TRUE,FALSE,TRUE,TRUE,FALSE,10,TRUE,FALSE,TRUE,TRUE,TRUE,"","criteria",FALSE,"within-dataset"
"lcRg6g8CCpfUlSP4bg1","LC388ad7dacaa8ba591a83289ef3ae5db3","paleo1measurement1","temperature","degC","pollen","pollen",FALSE,"CharcodaCandieira.VanderKnaap.1984","LakeSediment",40.3417,-7.5764,1409,"Charco da Candieira","1.0.8",1,"Annual","positive","air@surface",48,100,2010,1910,20,1910,FALSE,TRUE,FALSE,TRUE,TRUE,FALSE,30,TRUE,FALSE,TRUE,TRUE,TRUE,"","criteria",FALSE,"within-dataset"
"lcRG6K4TNMgconl8tCJ","LCa62342d98da2575b8a14f220a7b7a1d4","paleo1measurement1","temperature","degC","pollen","pollen",FALSE,"LagodiVenere.Calo.2013","LakeSediment",36.8169,11.987,2,"Lago di Venere","1.0.3",1,"Annual","positive","air@surface",87,810,1990,1180,10,1180,FALSE,TRUE,FALSE,TRUE,TRUE,FALSE,2,TRUE,FALSE,TRUE,TRUE,TRUE,"","criteria",FALSE,"within-dataset"
"lcRG82LBMW04t1neZTm","LCb35beb548a760ab71b45be2f03bbd596","paleo1measurement1","temperature","degC","pollen","pollen",FALSE,"MudCreekSite1.Willard.1997","Peat",25.2197,-80.6047,5,"Mud Creek Site 1","1.0.3",1,"Jul","positive","air@surface",38,130,2010,1880,30,1880,FALSE,TRUE,FALSE,TRUE,TRUE,FALSE,5,TRUE,FALSE,TRUE,TRUE,TRUE,"","criteria",FALSE,"within-dataset"
"lcRGAOZfEZJiQ4uyWhb","LC6c0c371b54da61195013fd3459bf1cb4","paleo1measurement1","temperature","degC","pollen","pollen",FALSE,"FreshPond.Parshall.2002","LakeSediment",41.5941,-70.5328,7,"Fresh Pond","1.0.4",1,"Annual","positive","air@surface",48,60,2000,1940,30,1940,FALSE,TRUE,FALSE,TRUE,TRUE,FALSE,12,TRUE,FALSE,TRUE,TRUE,TRUE,"","criteria",FALSE,"within-dataset"
"lcRgAUNYpis0n2LSlDN","LC8a878cf5801c80e1702709bf166b8156","paleo1measurement1","temperature","degC","pollen","pollen",FALSE,"StonetorBrook.Fyfe.2008","Peat",50.6556,-3.91,401,"Stonetor Brook","1.0.5",1,"Jul","positive","air@surface",37,70,2000,1930,45,1930,FALSE,TRUE,FALSE,TRUE,TRUE,FALSE,8,TRUE,FALSE,TRUE,TRUE,TRUE,"","criteria",FALSE,"within-dataset"
"lcRGCcZ7Ku9fJDjsHi4","LC17482d50598b68f2dffe7664ab1352a2","paleo1measurement1","temperature","degC","pollen","pollen",FALSE,"RidgeandSlough0205215.Bernhardt.2009","Peat",25.829,-80.7675,1,"Ridge and Slough (02-05-21-5)","1.0.7",1,"Jul","positive","air@surface",26,50,1990,1940,40,1940,FALSE,TRUE,FALSE,TRUE,TRUE,FALSE,3,TRUE,FALSE,TRUE,TRUE,TRUE,"","criteria",FALSE,"within-dataset"
"lcRgFAJjrcChUYmwGiu","LC0a1ac219c71a6b944a38aeb5030485ed","paleo1measurement1","temperature","degC","pollen","pollen",FALSE,"Upskeraseliniste.Speranza.2000","Peat",50.7366,15.7084,1425,"Upske raseliniste","1.0.3",1,"Jul","positive","air@surface",50,250,1990,1740,30,1740,FALSE,TRUE,FALSE,TRUE,TRUE,FALSE,7,TRUE,FALSE,TRUE,TRUE,TRUE,"","criteria",FALSE,"within-dataset"
"lcRgFc6Kx7FUxytGDMD","LC5f56c60a2e606d7d9fe1bfc40438a5aa","paleo1measurement1","temperature","degC","pollen","pollen",TRUE,"Iaz.Grindean.2014","Peat",47.1083,22.6611,300,"Iaz","1.0.5",1,"Jul","positive","air@surface",51,20,1990,1970,40,1970,FALSE,TRUE,FALSE,TRUE,TRUE,FALSE,6,TRUE,FALSE,TRUE,TRUE,TRUE,"","criteria",FALSE,"within-dataset"
"lcRgfIxZUG1PlpNcqSN","LC484bbe5c39f8b795095f5175c9e1f378","paleo1measurement1","temperature","degC","pollen","pollen",FALSE,"ValhallaHollow.Kearsley.1995","Peat",44.3086,-74.3708,480,"Valhalla Hollow","1.0.3",1,"Annual","positive","air@surface",19,880,2000,1120,25,1120,FALSE,TRUE,FALSE,TRUE,TRUE,FALSE,3,TRUE,FALSE,TRUE,TRUE,TRUE,"","criteria",FALSE,"within-dataset"
"lcRgfnqymAyAALRvuvB","LC3448e48d8bb9bd8cde69f553c589e259","paleo1measurement1","temperature","degC","pollen","pollen",FALSE,"MinnesotaPoint.Nurse.2017","FluvialSediment",46.7334,-92.065,184,"Minnesota Point","1.0.3",1,"Annual","positive","air@surface",20,1210,2050,840,40,840,FALSE,TRUE,FALSE,TRUE,TRUE,FALSE,15,TRUE,FALSE,TRUE,TRUE,TRUE,"","criteria",FALSE,"within-dataset"
"lcRGFyEZx1aMqB47B3C","LCea57dbf4a7e705d4a13610588a30eff8","paleo1measurement1","temperature","degC","pollen","pollen",TRUE,"KalsaMire.Kimmel.1999","Peat",58.1914,27.4115,38,"Kalsa Mire","1.0.5",1,"Jul","positive","air@surface",40,60,2030,1970,50,1970,FALSE,TRUE,FALSE,TRUE,TRUE,FALSE,13,TRUE,FALSE,TRUE,TRUE,TRUE,"","criteria",FALSE,"within-dataset"
"lcRGgeIJh80BrALNjmY","LCd982ea989d8a7fff48a48af9739f9ad4","paleo1measurement1","temperature","degC","pollen","pollen",TRUE,"Songjiang.Zhang.2008","FluvialSediment",50.4,80.4667,210,"Songjiang","1.0.3",1,"Jul","positive","air@surface",12,1210,1990,780,50,780,FALSE,TRUE,FALSE,TRUE,TRUE,FALSE,5,TRUE,FALSE,TRUE,TRUE,TRUE,"","criteria",FALSE,"within-dataset"
"lcRgGjDweLAOup39BsH","LC484bbe5c39f8b795095f5175c9e1f378","paleo1measurement1","temperature","degC","pollen","pollen",FALSE,"ValhallaHollow.Kearsley.1995","Peat",44.3086,-74.3708,480,"Valhalla Hollow","1.0.3",1,"Annual","positive","air@surface",19,880,2000,1120,25,1120,FALSE,TRUE,FALSE,TRUE,TRUE,FALSE,3,TRUE,FALSE,TRUE,TRUE,TRUE,"","criteria",FALSE,"within-dataset"
"lcRggOBiIJbh4l62CGU","LCfc7d011374a53ed99db2dc1881797569","paleo1measurement1","temperature","degC","pollen","pollen",FALSE,"FlorenceLake.Pellatt.2015","LakeSediment",48.4586,-123.513,81,"Florence Lake","1.0.3",1,"Annual","positive","air@surface",30,1450,2010,560,20,560,FALSE,TRUE,FALSE,TRUE,TRUE,FALSE,12,TRUE,FALSE,TRUE,TRUE,TRUE,"","criteria",FALSE,"within-dataset"
"lcRGhUorPpQDAzgkXjz","LC6c0c371b54da61195013fd3459bf1cb4","paleo1measurement1","temperature","degC","pollen","pollen",FALSE,"FreshPond.Parshall.2002","LakeSediment",41.5941,-70.5328,7,"Fresh Pond","1.0.4",1,"Jul","positive","air@surface",48,60,2000,1940,30,1940,FALSE,TRUE,FALSE,TRUE,TRUE,FALSE,12,TRUE,FALSE,TRUE,TRUE,TRUE,"","criteria",FALSE,"within-dataset"
"lcRghXAPhVPRCaWmOKl","LC54f06bd6bcf83fb313c31660e991861a","paleo1measurement1","temperature","degC","pollen","pollen",TRUE,"AltesMoorWachel.Dorfler.1989","Peat",53.4373,8.8678,17,"Altes Moor Wachel","1.0.5",1,"Annual","positive","air@surface",54,60,1980,1920,20,1920,FALSE,TRUE,FALSE,TRUE,TRUE,FALSE,7,TRUE,FALSE,TRUE,TRUE,TRUE,"","criteria",TRUE,NA
"lcRgk3j6nErViRXrp8v","LCb5f8ef048c71f4db0ea90eb2405a508d","paleo1measurement1","temperature","degC","pollen","pollen",TRUE,"BlackwoodSinkhole.Tamalavage.2018","LakeSediment",26.7987,-77.4234,0,"Blackwood Sinkhole","1.0.3",1,"Annual","positive","air@surface",85,20,1990,1970,20,1970,FALSE,TRUE,FALSE,TRUE,TRUE,FALSE,19,TRUE,FALSE,TRUE,TRUE,TRUE,"","criteria",TRUE,NA
"lcRGkPtYyqCBWb3QseY","LC700608d712e480226f683ca4687400b9","paleo2measurement1","temperature","degC","pollen","pollen",FALSE,"EtangdelaGruere.RoosBarraclough.2002","Peat",47.2406,7.05,1005,"Etang de la Gruere","1.0.6",1,"Jul","positive","air@surface",38,30,1990,1960,40,1960,FALSE,TRUE,FALSE,TRUE,TRUE,FALSE,31,TRUE,FALSE,TRUE,TRUE,TRUE,"","criteria",FALSE,"within-dataset"
"lcRgL1w2dgcxnEMtCY1","LC18049d27c0d4b770f582f1c77f8e3fd9","paleo1measurement1","temperature","degC","pollen","pollen",FALSE,"LilyPond.Foster.2002","LakeSediment",42.4179,-72.3469,303,"Lily Pond","1.0.3",1,"Annual","positive","air@surface",74,110,2000,1890,20,1890,FALSE,TRUE,FALSE,TRUE,TRUE,FALSE,8,TRUE,FALSE,TRUE,TRUE,TRUE,"","criteria",FALSE,"within-dataset"
"lcRGlUFlb7pMHQW6mFF","LC8a878cf5801c80e1702709bf166b8156","paleo1measurement1","temperature","degC","pollen","pollen",FALSE,"StonetorBrook.Fyfe.2008","Peat",50.6556,-3.91,401,"Stonetor Brook","1.0.5",1,"Annual","positive","air@surface",37,70,2000,1930,45,1930,FALSE,TRUE,FALSE,TRUE,TRUE,FALSE,8,TRUE,FALSE,TRUE,TRUE,TRUE,"","criteria",FALSE,"within-dataset"
"lcRGMoX9ZylfD2rKV7v","LCeafd95a47f39eb3a63ae777b790c0413","paleo1measurement1","temperature","degC","pollen","pollen",TRUE,"Foyechi.Tong.1996","LakeSediment",37.3833,122.5167,NA,"Foyechi","1.0.3",1,"Annual","positive","air@surface",24,1010,1950,940,40,940,FALSE,TRUE,FALSE,TRUE,TRUE,FALSE,2,TRUE,FALSE,TRUE,TRUE,TRUE,"","criteria",TRUE,NA
"lcRgnAyqUv5XXOolF9h","LC9d732362db698792b8631e1ee5beca13","paleo1measurement1","temperature","degC","pollen","pollen",FALSE,"LilyWarwick.Fuller.1998","LakeSediment",42.6884,-72.3372,269,"Lily Warwick","1.0.3",1,"Annual","positive","air@surface",61,710,1980,1270,20,1270,FALSE,TRUE,FALSE,TRUE,TRUE,FALSE,6,TRUE,FALSE,TRUE,TRUE,TRUE,"","criteria",FALSE,"within-dataset"
"lcRgnNEfx6jzcMQmIRy","LC99bfc682141527451cd86064f4065a8a","paleo1measurement1","temperature","degC","pollen","pollen",TRUE,"BarchampeLake.author.1111","LakeSediment",30.6222,-83.2539,34,"Barchampe Lake","1.0.4",1,"Jul","positive","air@surface",41,110,1980,1870,30,1870,FALSE,TRUE,FALSE,TRUE,TRUE,FALSE,2,TRUE,FALSE,TRUE,TRUE,TRUE,"","criteria",FALSE,"within-dataset"
"lcRgPgnSczZNlEo2u3a","LC36849fcbede5404854435f65c39b4769","paleo1measurement1","temperature","degC","pollen","pollen",FALSE,"CienegadeSanBernadino.Blissett.2010","Other",31.3222,-109.2562,1118,"Cienega de San Bernadino","1.0.3",1,"Annual","positive","air@surface",51,210,1970,1760,20,1760,FALSE,TRUE,FALSE,TRUE,TRUE,FALSE,4,TRUE,FALSE,TRUE,TRUE,TRUE,"","criteria",FALSE,"within-dataset"
"lcRgq5sjiJrJvielydc","LC20ab9ae338817d699ff1dc9ab669ce2a","paleo1measurement1","temperature","degC","pollen","pollen",FALSE,"TuskegeePond.Steventon.1983","LakeSediment",35.5847,-84.2106,240,"Tuskegee Pond","1.0.3",1,"Jul","positive","air@surface",22,600,2000,1400,50,1400,FALSE,TRUE,FALSE,TRUE,TRUE,FALSE,3,FALSE,FALSE,TRUE,TRUE,TRUE,"chronology","data-poor exception",FALSE,"within-dataset"
"lcRGQAy0gB47DuRk3CE","LCf1d5479a47415e43de7c6c6700ec7885","paleo1measurement1","temperature","degC","pollen","pollen",FALSE,"Fougeres.CletPellerin.1993","Peat",48.5167,-0.8333,186,"Fougeres","1.0.3",1,"Annual","positive","air@surface",42,1360,1980,620,10,620,FALSE,TRUE,FALSE,TRUE,TRUE,FALSE,3,TRUE,FALSE,TRUE,TRUE,TRUE,"","criteria",FALSE,"within-dataset"
"lcRgQMJRnj2a394qhZf","LCb50314c18e7cdf1fb15820f52fe7fb30","paleo1measurement1","temperature","degC","pollen","pollen",FALSE,"Trogenmoos.vanderKnaap.2000","Peat",46.7619,7.8639,1484,"Trogenmoos","1.0.3",1,"Jul","positive","air@surface",44,1130,1990,860,20,860,FALSE,TRUE,FALSE,TRUE,TRUE,FALSE,2,TRUE,FALSE,TRUE,TRUE,TRUE,"","criteria",FALSE,"within-dataset"
"lcRGt2AzMiDv4oLrH6Y","LC20ab9ae338817d699ff1dc9ab669ce2a","paleo1measurement1","temperature","degC","pollen","pollen",FALSE,"TuskegeePond.Steventon.1983","LakeSediment",35.5847,-84.2106,240,"Tuskegee Pond","1.0.3",1,"Annual","positive","air@surface",22,600,2000,1400,50,1400,FALSE,TRUE,FALSE,TRUE,TRUE,FALSE,3,FALSE,FALSE,TRUE,TRUE,TRUE,"chronology","data-poor exception",FALSE,"within-dataset"
"lcRgTtjSZ6MtnYR18ti","LCee281c33b70bd4a07b6225b178fe9ed2","paleo1measurement1","temperature","degC","pollen","pollen",FALSE,"LochLaxford.Shotyk.1996","Peat",58.3725,-5.0367,137,"Loch Laxford","1.0.3",1,"Annual","positive","air@surface",42,660,1980,1320,30,1320,FALSE,TRUE,FALSE,TRUE,TRUE,FALSE,5,TRUE,FALSE,TRUE,TRUE,TRUE,"","criteria",FALSE,"within-dataset"
"lcRgu47LLZnC37EWWkH","LCd17c5dc02a2ae13ace50ac717f0f6cff","paleo1measurement1","temperature","degC","pollen","pollen",FALSE,"Litzelsee.Rosch.2016","LakeSediment",47.7679,8.9296,413,"Litzelsee","1.0.3",1,"Jul","positive","air@surface",113,40,2080,2040,10,2040,FALSE,TRUE,FALSE,TRUE,TRUE,FALSE,29,TRUE,FALSE,TRUE,TRUE,TRUE,"","criteria",FALSE,"within-dataset"
"lcRgU9lZt1iCaxQ2O5S","LC18049d27c0d4b770f582f1c77f8e3fd9","paleo1measurement1","temperature","degC","pollen","pollen",TRUE,"LilyPond.Foster.2002","LakeSediment",42.4179,-72.3469,303,"Lily Pond","1.0.3",1,"Annual","positive","air@surface",74,110,2000,1890,20,1890,FALSE,TRUE,FALSE,TRUE,TRUE,FALSE,8,TRUE,FALSE,TRUE,TRUE,TRUE,"","criteria",TRUE,NA
"lcRGUbkBaDnbih7nXlH","LCa59abc4cb5398ba6538f4f98fcd3b782","paleo1measurement1","temperature","degC","pollen","pollen",FALSE,"SlishLake.Dodson.1987","LakeSediment",54.2439,-8.3719,48,"Slish Lake","1.0.3",1,"Jul","positive","air@surface",39,10,1930,1920,40,1920,FALSE,TRUE,FALSE,TRUE,TRUE,FALSE,3,TRUE,FALSE,TRUE,TRUE,TRUE,"","criteria",FALSE,"within-dataset"
"lcRgVRJ25K7kgtYdi4r","LC36849fcbede5404854435f65c39b4769","paleo1measurement1","temperature","degC","pollen","pollen",FALSE,"CienegadeSanBernadino.Blissett.2010","Other",31.3222,-109.2562,1118,"Cienega de San Bernadino","1.0.3",1,"Annual","positive","air@surface",51,210,1970,1760,20,1760,FALSE,TRUE,FALSE,TRUE,TRUE,FALSE,4,TRUE,FALSE,TRUE,TRUE,TRUE,"","criteria",FALSE,"within-dataset"
"lcRGWIUG5VN1ILFsZxR","LC30c0d8f9e9d0251f60938145ff35d7e5","paleo1measurement1","temperature","degC","pollen","pollen",FALSE,"LongLake.Carter.2017","LakeSediment",41.4998,-106.3679,2700,"Long Lake","1.0.7",1,"Jul","positive","air@surface",52,30,2020,1990,30,1990,FALSE,TRUE,FALSE,TRUE,TRUE,FALSE,10,TRUE,FALSE,TRUE,TRUE,TRUE,"","criteria",FALSE,"within-dataset"
"lcRGx5eLD7uOdsVXI0o","LC6610c4e4625f88c5de2c203e6b0a36e5","paleo1measurement1","temperature","degC","pollen","pollen",TRUE,"PathLake.Neil.2014Legacy","LakeSediment",43.872,-64.9288,10,"Path Lake","1.0.5",1,"Jul","positive","air@surface",59,20,1990,1970,30,1970,FALSE,TRUE,FALSE,TRUE,TRUE,FALSE,6,TRUE,FALSE,TRUE,TRUE,TRUE,"","criteria",FALSE,"within-dataset"
"lcRGy09ItWZAcCGXu5i","LCf8f7f556916728039f22cffb4980cee8","paleo1measurement1","temperature","degC","pollen","pollen",TRUE,"TrinityRiverbayhead.Anderson.2008","FluvialSediment",29.7662,-94.7082,0,"Trinity River bayhead","1.0.3",1,"Annual","positive","air@surface",28,30,950,920,30,920,FALSE,TRUE,FALSE,TRUE,TRUE,FALSE,6,TRUE,FALSE,TRUE,TRUE,TRUE,"","criteria",TRUE,NA
"lcRGY3lBaFRTl5c3zcz","LC613b7ed34faf1123dd056fac38de8464","paleo1measurement1","temperature","degC","pollen","pollen",TRUE,"OumiExposure.Anderson.2002","Peat",48.2167,138.4,990,"Oumi Exposure","1.0.3",1,"Jul","positive","air@surface",24,10,1660,1650,40,1650,FALSE,TRUE,FALSE,TRUE,TRUE,FALSE,5,TRUE,FALSE,TRUE,TRUE,TRUE,"","criteria",FALSE,"within-dataset"
"lcRGYD4AoNhsGbWgvs8","LC39ff783e7e9708576fa14f8fcac481fc","paleo1measurement1","temperature","degC","pollen","pollen",FALSE,"Langarud.Haghani.2015","Peat",37.1856,50.1475,NA,"Langarud","1.0.3",1,"Jul","positive","air@surface",15,1350,2000,650,30,650,FALSE,TRUE,FALSE,TRUE,TRUE,FALSE,2,TRUE,FALSE,TRUE,TRUE,TRUE,"","criteria",FALSE,"within-dataset"
"lcRGyIn23lefhbedKYN","LCefec5340480560765e600c36699350f9","paleo1measurement1","temperature","degC","pollen","pollen",TRUE,"LakeKolmilatrask.SarmajaKorjonen.1991","LakeSediment",60.2917,20.1414,12,"Lake Kolmilatrask","1.0.3",1,"Jul","positive","air@surface",48,30,1980,1950,40,1950,FALSE,TRUE,FALSE,TRUE,TRUE,FALSE,4,TRUE,FALSE,TRUE,TRUE,TRUE,"","criteria",FALSE,"within-dataset"
"lcRgZAZjmmpfJvSN6XP","LCf80404513f4d64790a5f2dc174c922ac","paleo1measurement1","temperature","degC","pollen","pollen",FALSE,"EmrickLake.Spigel.2006","LakeSediment",43.8002,-89.5943,270,"Emrick Lake","1.0.6",1,"Jul","positive","air@surface",31,90,2010,1920,50,1920,FALSE,TRUE,FALSE,TRUE,TRUE,FALSE,6,TRUE,FALSE,TRUE,TRUE,TRUE,"","criteria",FALSE,"within-dataset"
"lcRGzim8apvdtWx0fQq","LCf8f7f556916728039f22cffb4980cee8","paleo1measurement1","temperature","degC","pollen","pollen",FALSE,"TrinityRiverbayhead.Anderson.2008","FluvialSediment",29.7662,-94.7082,0,"Trinity River bayhead","1.0.3",1,"Jul","positive","air@surface",28,30,950,920,30,920,FALSE,TRUE,FALSE,TRUE,TRUE,FALSE,6,TRUE,FALSE,TRUE,TRUE,TRUE,"","criteria",FALSE,"within-dataset"
"lcRGzsanGVrABQsHkEu","LCea57dbf4a7e705d4a13610588a30eff8","paleo1measurement1","temperature","degC","pollen","pollen",FALSE,"KalsaMire.Kimmel.1999","Peat",58.1914,27.4115,38,"Kalsa Mire","1.0.5",1,"Jul","positive","air@surface",40,60,2030,1970,50,1970,FALSE,TRUE,FALSE,TRUE,TRUE,FALSE,13,TRUE,FALSE,TRUE,TRUE,TRUE,"","criteria",FALSE,"within-dataset"
"lcRH17R48G5lRrSl57F","LCeafd95a47f39eb3a63ae777b790c0413","paleo1measurement1","temperature","degC","pollen","pollen",FALSE,"Foyechi.Tong.1996","LakeSediment",37.3833,122.5167,NA,"Foyechi","1.0.3",1,"Annual","positive","air@surface",24,1010,1950,940,40,940,FALSE,TRUE,FALSE,TRUE,TRUE,FALSE,2,TRUE,FALSE,TRUE,TRUE,TRUE,"","criteria",FALSE,"within-dataset"
"lcRh4UnxJjbwFPUb2o5","LC01b139d1e37ee2fd9c3c2bf7480d9de1","paleo1measurement1","temperature","degC","pollen","pollen",FALSE,"SehestedterAussendeichsmoor.Behre.2005","Peat",53.4389,8.3071,4,"Sehestedter Aussendeichsmoor","1.0.3",1,"Jul","positive","air@surface",84,10,1980,1970,20,1970,FALSE,TRUE,FALSE,TRUE,TRUE,FALSE,9,TRUE,FALSE,TRUE,TRUE,TRUE,"","criteria",FALSE,"within-dataset"
"lcRh5MQxx1NLp7kHAOV","LC8a878cf5801c80e1702709bf166b8156","paleo1measurement1","temperature","degC","pollen","pollen",FALSE,"StonetorBrook.Fyfe.2008","Peat",50.6556,-3.91,401,"Stonetor Brook","1.0.5",1,"Annual","positive","air@surface",37,70,2000,1930,45,1930,FALSE,TRUE,FALSE,TRUE,TRUE,FALSE,8,TRUE,FALSE,TRUE,TRUE,TRUE,"","criteria",FALSE,"within-dataset"
"lcRh6oAhQhOwy6ucL8P","LCd45b4f0f21add22fe80f74c8111ad9e9","paleo1measurement1","temperature","degC","pollen","pollen",FALSE,"PasacacoPond.author.1111","LakeSediment",41.5167,-71.45,3,"Pasacaco Pond","1.0.3",1,"Annual","positive","air@surface",50,800,1960,1160,20,1160,FALSE,TRUE,FALSE,TRUE,TRUE,FALSE,3,TRUE,FALSE,TRUE,TRUE,TRUE,"","criteria",FALSE,"within-dataset"
"lcRH79gkHAqShSZg1Sg","LCd474087228f1e44627dee8122ec9614d","paleo1measurement1","temperature","degC","pollen","floral assemblage",TRUE,"BeefPasture.Wright.2012","Peat",37.4731,-108.1604,3060,"Beef Pasture","1.0.7",1,"Annual","positive","air@surface",69,20,2010,1990,30,1990,FALSE,TRUE,FALSE,TRUE,TRUE,FALSE,16,TRUE,FALSE,TRUE,TRUE,TRUE,"","criteria",TRUE,NA
"lcRH7lqSXTZGHqfCB0z","LC6610c4e4625f88c5de2c203e6b0a36e5","paleo1measurement1","temperature","degC","pollen","pollen",FALSE,"PathLake.Neil.2014Legacy","LakeSediment",43.872,-64.9288,10,"Path Lake","1.0.5",1,"Jul","positive","air@surface",59,20,1990,1970,30,1970,FALSE,TRUE,FALSE,TRUE,TRUE,FALSE,6,TRUE,FALSE,TRUE,TRUE,TRUE,"","criteria",FALSE,"within-dataset"
"lcRH7w8thh2qFc8vdm4","LCea57dbf4a7e705d4a13610588a30eff8","paleo1measurement1","temperature","degC","pollen","pollen",FALSE,"KalsaMire.Kimmel.1999","Peat",58.1914,27.4115,38,"Kalsa Mire","1.0.5",1,"Annual","positive","air@surface",40,60,2030,1970,50,1970,FALSE,TRUE,FALSE,TRUE,TRUE,FALSE,13,TRUE,FALSE,TRUE,TRUE,TRUE,"","criteria",FALSE,"within-dataset"
"lcRh7Z4V3IuWBKFrinQ","LC1af1af0e952e8967a96627e8602dc452","paleo1measurement1","temperature","degC","pollen","floral assemblage",TRUE,"DevilsLakeCreelBay.Jacobson.1989","LakeSediment",48.0859,-98.9293,443,"Devils Lake, Creel Bay","1.0.4",1,"Annual","positive","air@surface",18,200,1990,1790,20,1790,FALSE,TRUE,FALSE,TRUE,TRUE,FALSE,28,TRUE,FALSE,TRUE,TRUE,TRUE,"","criteria",TRUE,NA
"lcRh92Nh53xXpNgmeWR","LC98c53e9ab41a1e97d40dd97be89fff82","paleo1measurement1","temperature","degC","pollen","pollen",FALSE,"Durchenbergried.Rosch.1990","Peat",47.775,8.9788,432,"Durchenbergried","1.0.6",1,"Jul","positive","air@surface",56,10,1990,1980,30,1980,FALSE,TRUE,FALSE,TRUE,TRUE,FALSE,51,TRUE,FALSE,TRUE,TRUE,TRUE,"","criteria",FALSE,"within-dataset"
"lcRHalELgwKred1ivZA","LC7102aac5df21f90970ef90fb0a5808cb","paleo1measurement1","temperature","degC","pollen","pollen",FALSE,"Fuschlsee.Voigt.1996","LakeSediment",47.8042,13.2747,663,"Fuschlsee","1.0.5",1,"Jul","positive","air@surface",40,40,1980,1940,40,1940,FALSE,TRUE,FALSE,TRUE,TRUE,FALSE,20,TRUE,FALSE,TRUE,TRUE,TRUE,"","criteria",FALSE,"within-dataset"
"lcRhanMzxWMQTNQG3Wx","LC3448e48d8bb9bd8cde69f553c589e259","paleo1measurement1","temperature","degC","pollen","pollen",TRUE,"MinnesotaPoint.Nurse.2017","FluvialSediment",46.7334,-92.065,184,"Minnesota Point","1.0.3",1,"Annual","positive","air@surface",20,1210,2050,840,40,840,FALSE,TRUE,FALSE,TRUE,TRUE,FALSE,15,TRUE,FALSE,TRUE,TRUE,TRUE,"","criteria",TRUE,NA
"lcRhB5SYahfvGJceEHd","LC94ce029cd8aceb38acfc2b998e4411c8","paleo1measurement1","temperature","degC","pollen","pollen",FALSE,"Mars.Miras.2013","Peat",45.3053,1.8361,430,"Mars","1.0.3",1,"Jul","positive","air@surface",39,480,1870,1390,20,1390,FALSE,TRUE,FALSE,TRUE,TRUE,FALSE,8,TRUE,FALSE,TRUE,TRUE,TRUE,"","criteria",FALSE,"within-dataset"
"lcRHbuGVKCb2DDbPFVV","LC43e99a2022f117d533ef246c5c0797b9","paleo1measurement1","temperature","degC","pollen","pollen",FALSE,"FontSalesse.deBeaulieu.1969","Peat",43.6017,2.9789,1060,"Font Salesse","1.0.3",1,"Jul","positive","air@surface",14,1390,1970,580,30,580,FALSE,TRUE,FALSE,TRUE,TRUE,FALSE,2,TRUE,FALSE,TRUE,TRUE,TRUE,"","criteria",FALSE,"within-dataset"
"lcRhCbjOrkhjKwfg06H","LC18049d27c0d4b770f582f1c77f8e3fd9","paleo1measurement1","temperature","degC","pollen","pollen",TRUE,"LilyPond.Foster.2002","LakeSediment",42.4179,-72.3469,303,"Lily Pond","1.0.3",1,"Jul","positive","air@surface",74,110,2000,1890,20,1890,FALSE,TRUE,FALSE,TRUE,TRUE,FALSE,8,TRUE,FALSE,TRUE,TRUE,TRUE,"","criteria",FALSE,"within-dataset"
"lcRhDvMB616V16vjuhp","LC8176e4be9fe4580a20ca8acd1935eebb","paleo1measurement1","temperature","degC","pollen","pollen",FALSE,"MoonLake.Laird.1996","LakeSediment",46.8559,-98.1598,444,"Moon Lake","1.0.15",1,"Annual","positive","air@surface",48,110,1990,1880,30,1880,FALSE,TRUE,FALSE,TRUE,TRUE,FALSE,0,TRUE,TRUE,TRUE,TRUE,TRUE,"","criteria",FALSE,"within-dataset"
"lcRHeDTkXtuNO1xWCYh","LC1b2ba7a6e9c0ba8e29ea9336b2846fd9","paleo1measurement1","temperature","degC","pollen","pollen",FALSE,"DagsMosse.Goransson.1989","Peat",58.3229,14.7065,96,"Dags Mosse","1.0.7",1,"Annual","positive","air@surface",40,60,1980,1920,40,1920,FALSE,TRUE,FALSE,TRUE,TRUE,FALSE,22,TRUE,FALSE,TRUE,TRUE,TRUE,"","criteria",FALSE,"within-dataset"
"lcRHh7CJal17asliPwP","LCc1d8fb2de1e1d62af21cff9ed8acd51e","paleo1measurement1","temperature","degC","pollen","pollen",FALSE,"OtterPond.Fuller.1998","LakeSediment",42.6549,-72.5332,107,"Otter Pond","1.0.3",1,"Annual","positive","air@surface",52,1150,1990,840,20,840,FALSE,TRUE,FALSE,TRUE,TRUE,FALSE,4,TRUE,FALSE,TRUE,TRUE,TRUE,"","criteria",FALSE,"within-dataset"
"lcRHHmagSF5Jc7cnKtS","LCeafd95a47f39eb3a63ae777b790c0413","paleo1measurement1","temperature","degC","pollen","pollen",TRUE,"Foyechi.Tong.1996","LakeSediment",37.3833,122.5167,NA,"Foyechi","1.0.3",1,"Jul","positive","air@surface",24,1010,1950,940,40,940,FALSE,TRUE,FALSE,TRUE,TRUE,FALSE,2,TRUE,FALSE,TRUE,TRUE,TRUE,"","criteria",FALSE,"within-dataset"
"lcRHie2laL5ZQ1i4KGA","LC3b2e294f2d307a11469390647391d919","paleo1measurement1","temperature","degC","pollen","pollen",FALSE,"DeepFalmouthPond.Oswald.2018","LakeSediment",41.564,-70.6357,18,"Deep-Falmouth Pond","1.0.8",1,"Jul","positive","air@surface",48,20,2020,2000,40,2000,FALSE,TRUE,FALSE,TRUE,TRUE,FALSE,16,TRUE,FALSE,TRUE,TRUE,TRUE,"","criteria",FALSE,"within-dataset"
"lcRHiHwNfSIJOf4ibky","LC1b2ba7a6e9c0ba8e29ea9336b2846fd9","paleo1measurement1","temperature","degC","pollen","pollen",TRUE,"DagsMosse.Goransson.1989","Peat",58.3229,14.7065,96,"Dags Mosse","1.0.7",1,"Annual","positive","air@surface",40,60,1980,1920,40,1920,FALSE,TRUE,FALSE,TRUE,TRUE,FALSE,22,TRUE,FALSE,TRUE,TRUE,TRUE,"","criteria",TRUE,NA
"lcRHIMVLMQLSixfanJF","LC484bbe5c39f8b795095f5175c9e1f378","paleo1measurement1","temperature","degC","pollen","pollen",TRUE,"ValhallaHollow.Kearsley.1995","Peat",44.3086,-74.3708,480,"Valhalla Hollow","1.0.3",1,"Annual","positive","air@surface",19,880,2000,1120,25,1120,FALSE,TRUE,FALSE,TRUE,TRUE,FALSE,3,TRUE,FALSE,TRUE,TRUE,TRUE,"","criteria",TRUE,NA
"lcRhjnyGlJTgDAvJ1vu","LC1af1af0e952e8967a96627e8602dc452","paleo1measurement1","temperature","degC","pollen","pollen",FALSE,"DevilsLakeCreelBay.Jacobson.1989","LakeSediment",48.0859,-98.9293,443,"Devils Lake, Creel Bay","1.0.4",1,"Jul","positive","air@surface",18,200,1990,1790,20,1790,FALSE,TRUE,FALSE,TRUE,TRUE,FALSE,28,TRUE,FALSE,TRUE,TRUE,TRUE,"","criteria",FALSE,"within-dataset"
"lcRhjUkU0PkocA6svel","LCc0330cab7fbaca277fe6aecbcfbb9dcd","paleo1measurement1","temperature","degC","pollen","pollen",FALSE,"PiermontMarsh.Pederson.2005","Peat",41.0276,-73.9084,0,"Piermont Marsh","1.0.3",1,"Jul","positive","air@surface",51,690,2010,1320,20,1320,FALSE,TRUE,FALSE,TRUE,TRUE,FALSE,9,TRUE,FALSE,TRUE,TRUE,TRUE,"","criteria",FALSE,"within-dataset"
"lcRhkbyNSpgxJjvsrPi","LCe0cd3d50e575ea42397a4e6139eea137","paleo1measurement1","temperature","degC","pollen","pollen",FALSE,"AnthonyLake.Long.2019","LakeSediment",44.9597,-118.2314,2174,"Anthony Lake","1.0.3",1,"Jul","positive","air@surface",20,170,1950,1780,50,1780,FALSE,TRUE,FALSE,TRUE,TRUE,FALSE,5,TRUE,FALSE,TRUE,TRUE,TRUE,"","criteria",FALSE,"within-dataset"
"lcRhlR7xLFnC8fTvkad","LCd713e8236021d549a53dacf4812a7235","paleo1measurement1","temperature","degC","pollen","pollen",TRUE,"NovoUspenka.Blyakharchuk.1989","Peat",56.6167,84.1667,150,"Novo-Uspenka","1.0.7",1,"Jul","positive","air@surface",17,220,1970,1750,90,1750,FALSE,TRUE,FALSE,TRUE,FALSE,FALSE,5,FALSE,FALSE,TRUE,TRUE,TRUE,"resolution;chronology","data-poor exception",FALSE,"within-dataset"
"lcRHLZzpbyLNymWFzhw","LC91c1477c1244b5023888be34c6ab138a","paleo1measurement1","temperature","degC","pollen","pollen",FALSE,"Ortok.Beer.2008","LakeSediment",41.2456,73.2645,1786,"Ortok","1.0.3",1,"Jul","positive","air@surface",24,1100,1990,890,40,890,FALSE,TRUE,FALSE,TRUE,TRUE,FALSE,4,TRUE,FALSE,TRUE,TRUE,TRUE,"","criteria",FALSE,"within-dataset"
"lcRho6shZsRYAFOv8Sy","LC17482d50598b68f2dffe7664ab1352a2","paleo1measurement1","temperature","degC","pollen","pollen",FALSE,"RidgeandSlough0205215.Bernhardt.2009","Peat",25.829,-80.7675,1,"Ridge and Slough (02-05-21-5)","1.0.7",1,"Jul","positive","air@surface",26,50,1990,1940,40,1940,FALSE,TRUE,FALSE,TRUE,TRUE,FALSE,3,TRUE,FALSE,TRUE,TRUE,TRUE,"","criteria",FALSE,"within-dataset"
"lcRho7n4d8eDBqbCmHh","LCde9cab374273819846f5cc5c33fd2500","paleo1measurement1","temperature","degC","pollen","pollen",FALSE,"ChesapeakeBayPotomacRiver.Willard.2003","FluvialSediment",38.0269,-76.22,0,"Chesapeake Bay, Potomac River","1.0.3",1,"Annual","positive","air@surface",61,80,1970,1890,20,1890,FALSE,TRUE,FALSE,TRUE,TRUE,FALSE,6,TRUE,FALSE,TRUE,TRUE,TRUE,"","criteria",FALSE,"within-dataset"
"lcRhof31CCZYiXvEvkh","LC3057f0d13fc379dacc99be8bc9c7a5af","paleo1measurement1","temperature","degC","pollen","pollen",FALSE,"LoxahatcheeNationalWildlifeRefugeSite1EPASite7.Willard.1997","Peat",26.4811,-80.4156,5,"Loxahatchee National Wildlife Refuge Site 1 (EPA Site 7)","1.0.3",1,"Jul","positive","air@surface",28,510,1990,1480,50,1480,FALSE,TRUE,FALSE,TRUE,TRUE,FALSE,5,TRUE,FALSE,TRUE,TRUE,TRUE,"","criteria",FALSE,"within-dataset"
"lcRhq0Feyp5SDbp1tTv","LCf80404513f4d64790a5f2dc174c922ac","paleo1measurement1","temperature","degC","pollen","pollen",FALSE,"EmrickLake.Spigel.2006","LakeSediment",43.8002,-89.5943,270,"Emrick Lake","1.0.6",1,"Jul","positive","air@surface",31,90,2010,1920,50,1920,FALSE,TRUE,FALSE,TRUE,TRUE,FALSE,6,TRUE,FALSE,TRUE,TRUE,TRUE,"","criteria",FALSE,"within-dataset"
"lcRhqEY0s5PPk731Ea2","LCea57dbf4a7e705d4a13610588a30eff8","paleo1measurement1","temperature","degC","pollen","pollen",FALSE,"KalsaMire.Kimmel.1999","Peat",58.1914,27.4115,38,"Kalsa Mire","1.0.5",1,"Jul","positive","air@surface",40,60,2030,1970,50,1970,FALSE,TRUE,FALSE,TRUE,TRUE,FALSE,13,TRUE,FALSE,TRUE,TRUE,TRUE,"","criteria",FALSE,"within-dataset"
"lcRHRDa8UMVQEo9mKDk","LC1910f30a0f057ed283fad39a1cd6bb18","paleo1measurement1","temperature","degC","pollen","pollen",FALSE,"Fjallnas.Konigsson.1984","FluvialSediment",62.6159,12.1339,780,"Fjallnas","1.0.5",1,"Jul","positive","air@surface",25,110,2010,1900,45,1900,FALSE,TRUE,FALSE,TRUE,TRUE,FALSE,14,TRUE,FALSE,TRUE,TRUE,TRUE,"","criteria",FALSE,"within-dataset"
"lcRhrgsTPA0JXo5cvM5","LC7733a2983fe6b78f86bf2ecfb95898ea","paleo1measurement1","temperature","degC","pollen","pollen",TRUE,"SharkeyLake.Camill.2003","LakeSediment",44.5924,-93.4132,305,"Sharkey Lake","1.0.8",1,"Jul","positive","air@surface",10,250,1140,890,50,890,FALSE,TRUE,FALSE,TRUE,TRUE,FALSE,13,TRUE,FALSE,TRUE,TRUE,TRUE,"","criteria",FALSE,"within-dataset"
"lcRhsq0BhuUXdmvgP8m","LCe0cd3d50e575ea42397a4e6139eea137","paleo1measurement1","temperature","degC","pollen","pollen",FALSE,"AnthonyLake.Long.2019","LakeSediment",44.9597,-118.2314,2174,"Anthony Lake","1.0.3",1,"Annual","positive","air@surface",20,170,1950,1780,50,1780,FALSE,TRUE,FALSE,TRUE,TRUE,FALSE,5,TRUE,FALSE,TRUE,TRUE,TRUE,"","criteria",FALSE,"within-dataset"
"lcRhTtyMU2Xg85II3y3","LCbe87d192874cb2166b17613baa82c3b6","paleo1measurement1","temperature","degC","pollen","pollen",FALSE,"LakeKvarntrask.SarmajaKorjonen.1991","LakeSediment",60.3458,19.9717,14,"Lake Kvarntrask","1.0.3",1,"Annual","positive","air@surface",59,30,1990,1960,30,1960,FALSE,TRUE,FALSE,TRUE,TRUE,FALSE,4,TRUE,FALSE,TRUE,TRUE,TRUE,"","criteria",FALSE,"within-dataset"
"lcRHUbxGIDhNXlQEgRm","LC411fd7990bbec38aade84b10cc75f750","paleo1measurement1","temperature","degC","pollen","pollen",FALSE,"DeepPond.Parshall.2002","LakeSediment",41.7391,-69.9921,23,"Deep Pond","1.0.5",1,"Annual","positive","air@surface",49,20,2020,2000,40,2000,FALSE,TRUE,FALSE,TRUE,TRUE,FALSE,16,TRUE,FALSE,TRUE,TRUE,TRUE,"","criteria",FALSE,"within-dataset"
"lcRHUxAA7xMPBX8WTwP","LC35a486413b4b9991184a2fbd56495b76","paleo1measurement1","temperature","degC","pollen","pollen",FALSE,"MindenBog.Booth.2003","Peat",43.6037,-82.8639,239,"Minden Bog","1.0.3",1,"Jul","positive","air@surface",67,10,1970,1960,10,1960,FALSE,TRUE,FALSE,TRUE,TRUE,FALSE,11,TRUE,FALSE,TRUE,TRUE,TRUE,"","criteria",FALSE,"within-dataset"
"lcRhVuBTRA3J3ZiOZ6D","LCd89f21818ba068176fc2641268994d89","paleo1measurement1","temperature","degC","pollen","pollen",FALSE,"EinGedi.Litt.2012","MarineSediment",31.4189,35.3883,NA,"Ein Gedi","1.0.4",1,"Jul","positive","air@surface",13,50,1920,1870,155,1870,FALSE,TRUE,FALSE,TRUE,TRUE,FALSE,20,TRUE,FALSE,TRUE,TRUE,TRUE,"","criteria",FALSE,"within-dataset"
"lcRHVVELzOY4wK02mul","LC8326aae75745929f1260b2ecf759133b","paleo1measurement1","temperature","degC","pollen","pollen",FALSE,"Couedic.Visset.2001","FluvialSediment",47.2139,-1.5572,10,"Couedic","1.0.3",1,"Annual","positive","air@surface",11,20,1010,990,30,990,FALSE,TRUE,FALSE,TRUE,TRUE,FALSE,4,TRUE,FALSE,TRUE,TRUE,TRUE,"","criteria",FALSE,"within-dataset"
"lcRhVYZ0RYM7OKgj1Y6","LCca38c38becc0edce85a1cf3d5cbc5f5c","paleo1measurement1","temperature","degC","pollen","pollen",FALSE,"Minnreg.UmbanhowarJr.2004","LakeSediment",44.6934,-93.3212,297,"Minnreg","1.0.3",1,"Jul","positive","air@surface",15,1200,1910,710,45,710,FALSE,TRUE,FALSE,TRUE,TRUE,FALSE,4,TRUE,FALSE,TRUE,TRUE,TRUE,"","criteria",FALSE,"within-dataset"
"lcRHx6ymo0DNQXHFDGu","LC35a486413b4b9991184a2fbd56495b76","paleo1measurement1","temperature","degC","pollen","pollen",FALSE,"MindenBog.Booth.2003","Peat",43.6037,-82.8639,239,"Minden Bog","1.0.3",1,"Annual","positive","air@surface",67,10,1970,1960,10,1960,FALSE,TRUE,FALSE,TRUE,TRUE,FALSE,11,TRUE,FALSE,TRUE,TRUE,TRUE,"","criteria",FALSE,"within-dataset"
"lcRhxAMKQTV2ihxZcmE","LC82c627a76ba1042157d390377e9961c2","paleo1measurement1","temperature","degC","pollen","pollen",FALSE,"TaylorSloughSite15.Willard.1997","Peat",25.2019,-80.6872,5,"Taylor Slough Site 15","1.0.3",1,"Annual","positive","air@surface",18,1250,2000,750,40,750,FALSE,TRUE,FALSE,TRUE,TRUE,FALSE,5,TRUE,FALSE,TRUE,TRUE,TRUE,"","criteria",FALSE,"within-dataset"
"lcRHxSqXcYSXLSdEME0","LC075497627828ddb5de3fe27528a25653","paleo1measurement1","temperature","degC","pollen","pollen",FALSE,"LagodeAjo.Allen.1996Legacy","LakeSediment",43.0417,-6.1388,1570,"Lago de Ajo","1.0.3",1,"Jul","positive","air@surface",78,140,1980,1840,20,1840,FALSE,TRUE,FALSE,TRUE,TRUE,FALSE,7,TRUE,FALSE,TRUE,TRUE,TRUE,"","criteria",FALSE,"within-dataset"
"lcRHyY8kS7YL925F1g8","LCc0330cab7fbaca277fe6aecbcfbb9dcd","paleo1measurement1","temperature","degC","pollen","pollen",FALSE,"PiermontMarsh.Pederson.2005","Peat",41.0276,-73.9084,0,"Piermont Marsh","1.0.3",1,"Annual","positive","air@surface",51,690,2010,1320,20,1320,FALSE,TRUE,FALSE,TRUE,TRUE,FALSE,9,TRUE,FALSE,TRUE,TRUE,TRUE,"","criteria",FALSE,"within-dataset"
"lcRhZ9TxchLCUWt8nCv","LCc0ede02b629a25347b79d87c97cb9f12","paleo1measurement1","temperature","degC","pollen","pollen",FALSE,"HorseshoeLake.Munoz.2014","LakeSediment",38.7018,-90.095,27,"Horseshoe Lake","1.0.3",1,"Jul","positive","air@surface",54,220,1990,1770,30,1770,FALSE,TRUE,FALSE,TRUE,TRUE,FALSE,9,TRUE,FALSE,TRUE,TRUE,TRUE,"","criteria",FALSE,"within-dataset"
"lcRhzeK4obSSXzFL3fA","LCcc97a813d94806cb3eb9950d5fb07543","paleo1measurement1","temperature","degC","pollen","pollen",TRUE,"Tlstahora.Rybnickova.2005","Peat",48.8942,17.8886,460,"Tlsta hora","1.0.7",1,"Jul","positive","air@surface",33,10,2000,1990,40,1990,FALSE,TRUE,FALSE,TRUE,TRUE,FALSE,4,TRUE,FALSE,TRUE,TRUE,TRUE,"","criteria",FALSE,"within-dataset"
"lcRHZpTydj8iCt8GbPt","LCe51e45db650fef1ceeb069a5ba53dc15","paleo1measurement1","temperature","degC","pollen","pollen",FALSE,"LakeBillyakh.Muller.2009","LakeSediment",65.2891,126.7699,340,"Lake Billyakh","1.1.0",1,"Annual","positive","air@surface",16,200,2010,1810,70,1810,FALSE,TRUE,FALSE,TRUE,FALSE,FALSE,8,FALSE,FALSE,TRUE,TRUE,TRUE,"resolution;chronology","data-poor exception",FALSE,"within-dataset"
"lcRI1a2COsnIXkzgBOZ","LC081056bd799e1360af038eeb73c0dcf8","paleo1measurement1","temperature","degC","pollen","pollen",FALSE,"LakeEmilyNortheastBasin.UmbanhowarJr.2004","LakeSediment",44.3138,-93.9144,296,"Lake Emily, Northeast Basin","1.0.3",1,"Jul","positive","air@surface",15,1150,1790,640,35,640,FALSE,TRUE,FALSE,TRUE,TRUE,FALSE,3,TRUE,FALSE,TRUE,TRUE,TRUE,"","criteria",FALSE,"within-dataset"
"lcRi1HpUT3E2pP9GmD3","LCf290b226271e9b5946b40d39aa3b8ce4","paleo1measurement1","temperature","degC","pollen","pollen",FALSE,"AsiGonia.Atherden.1999","Peat",35.2489,24.2782,780,"Asi Gonia","1.0.3",1,"Annual","positive","air@surface",92,580,1990,1410,20,1410,FALSE,TRUE,FALSE,TRUE,TRUE,FALSE,3,FALSE,FALSE,TRUE,TRUE,TRUE,"chronology","data-poor exception",FALSE,"within-dataset"
"lcRI3G4oCIu7LHnATMv","LC36d35f42781e9b0aece96ceabe028ffa","paleo1measurement1","temperature","degC","pollen","pollen",FALSE,"LAnseauxMeadowsSite.Davis.1988","Peat",51.5733,-55.55,5,"L'Anse aux Meadows Site","1.0.3",1,"Annual","positive","air@surface",58,30,1940,1910,30,1910,FALSE,TRUE,FALSE,TRUE,TRUE,FALSE,4,TRUE,FALSE,TRUE,TRUE,TRUE,"","criteria",FALSE,"within-dataset"
"lcRI3itpuh73dLaRoL3","LCe08ad0d73545822fd0323c34db4baa9e","paleo1measurement1","temperature","degC","pollen","pollen",FALSE,"LakeNuochaga.Andreev.1989","LakeSediment",61.3006,129.5558,260,"Lake Nuochaga","1.0.5",1,"Jul","positive","air@surface",14,270,1930,1660,90,1660,FALSE,TRUE,FALSE,TRUE,FALSE,FALSE,4,TRUE,FALSE,TRUE,TRUE,TRUE,"resolution","data-poor exception",FALSE,"within-dataset"
"lcRI3klw9qDCtPJePqB","LCfa9dc1860d8ac054ef554fa21bcfdf9c","paleo1measurement1","temperature","degC","pollen","pollen",FALSE,"Zhoulao.Gu.2004","LakeSediment",29.8167,112.8833,31,"Zhoulao","1.0.4",1,"Annual","positive","air@surface",15,20,660,640,40,640,FALSE,TRUE,FALSE,TRUE,TRUE,FALSE,3,TRUE,FALSE,TRUE,TRUE,TRUE,"","criteria",FALSE,"within-dataset"
"lcRi5e2Wq9lUvl2VdRO","LC1910f30a0f057ed283fad39a1cd6bb18","paleo1measurement1","temperature","degC","pollen","pollen",TRUE,"Fjallnas.Konigsson.1984","FluvialSediment",62.6159,12.1339,780,"Fjallnas","1.0.5",1,"Annual","positive","air@surface",25,110,2010,1900,45,1900,FALSE,TRUE,FALSE,TRUE,TRUE,FALSE,14,TRUE,FALSE,TRUE,TRUE,TRUE,"","criteria",TRUE,NA
"lcRi6orO7ZxxOM3MwXg","LC5a3f7a1b6df57cf550e3fee0c1a9dbd5","paleo1measurement1","temperature","degC","pollen","pollen",FALSE,"ChickareeLake.Dunnette.2014","LakeSediment",40.3341,-105.8411,2796,"Chickaree Lake","1.0.5",1,"Jul","positive","air@surface",41,50,2010,1960,50,1960,FALSE,TRUE,FALSE,TRUE,TRUE,FALSE,38,TRUE,FALSE,TRUE,TRUE,TRUE,"","criteria",FALSE,"within-dataset"
"lcRI6y62q4KeHXtzH0K","LC337323d509fca77245d359ea6fa3653f","paleo1measurement1","temperature","degC","pollen","pollen",FALSE,"LaMolinamire.LopezMerino.2011","Peat",43.3811,-6.3272,650,"La Molina mire","1.0.5",1,"Jul","positive","air@surface",80,30,1980,1950,10,1950,FALSE,TRUE,FALSE,TRUE,TRUE,FALSE,6,TRUE,FALSE,TRUE,TRUE,TRUE,"","criteria",FALSE,"within-dataset"
"lcRI7Ml5QyuvrpBhRzR","LC4018b993a2846b0b1ceca92daea60555","paleo1measurement1","temperature","degC","pollen","pollen",TRUE,"Nanwangzhuang.Guo.1999","FluvialSediment",38.45,114.9167,24,"Nanwangzhuang","1.0.3",1,"Annual","positive","air@surface",37,50,1730,1680,40,1680,FALSE,TRUE,FALSE,TRUE,TRUE,FALSE,9,TRUE,FALSE,TRUE,TRUE,TRUE,"","criteria",TRUE,NA
"lcRI8KrSeKOXAlv3xFk","LC6f993ff5a55b1140469f76b3a61c022c","paleo1measurement1","temperature","degC","pollen","pollen",FALSE,"MiddleNorthCoombe.Fyfe.2004","Peat",50.9339,-3.4333,122,"Middle North Coombe","1.0.3",1,"Jul","positive","air@surface",28,240,2000,1760,50,1760,FALSE,TRUE,FALSE,TRUE,TRUE,FALSE,4,TRUE,FALSE,TRUE,TRUE,TRUE,"","criteria",FALSE,"within-dataset"
"lcRI9W8XK823ww2CMJS","LCcfea792613956259f5ad02e040df94d7","paleo1measurement1","temperature","degC","pollen","pollen",FALSE,"MaboMoss.Goransson.1977","Peat",58.0211,16.056,117,"Mabo Moss","1.1.0",1,"Jul","positive","air@surface",35,130,1690,1560,50,1560,FALSE,TRUE,FALSE,TRUE,TRUE,FALSE,17,TRUE,FALSE,TRUE,TRUE,TRUE,"","criteria",FALSE,"within-dataset"
"lcRIBa4Wl8ZW6q3frBo","LCfc7d011374a53ed99db2dc1881797569","paleo1measurement1","temperature","degC","pollen","pollen",FALSE,"FlorenceLake.Pellatt.2015","LakeSediment",48.4586,-123.513,81,"Florence Lake","1.0.3",1,"Annual","positive","air@surface",30,1450,2010,560,20,560,FALSE,TRUE,FALSE,TRUE,TRUE,FALSE,12,TRUE,FALSE,TRUE,TRUE,TRUE,"","criteria",FALSE,"within-dataset"
"lcRiBk5xyAVoigNxLlV","LC0776497acf2baff80502e5b086e5cd70","paleo1measurement1","temperature","degC","pollen","pollen",FALSE,"KettleLake.Brown.2005","LakeSediment",48.6071,-103.624,605,"Kettle Lake","1.0.5",1,"Jul","positive","air@surface",162,10,2020,2010,10,2010,FALSE,TRUE,FALSE,TRUE,TRUE,FALSE,45,TRUE,FALSE,TRUE,TRUE,TRUE,"","criteria",FALSE,"within-dataset"
"lcRIbT8MOCW5SFZo6aD","LC411fd7990bbec38aade84b10cc75f750","paleo1measurement1","temperature","degC","pollen","pollen",TRUE,"DeepPond.Parshall.2002","LakeSediment",41.7391,-69.9921,23,"Deep Pond","1.0.5",1,"Annual","positive","air@surface",49,20,2020,2000,40,2000,FALSE,TRUE,FALSE,TRUE,TRUE,FALSE,16,TRUE,FALSE,TRUE,TRUE,TRUE,"","criteria",FALSE,"within-dataset"
"lcRIC4gsLi1Gmu716T0","LCd982ea989d8a7fff48a48af9739f9ad4","paleo1measurement1","temperature","degC","pollen","pollen",FALSE,"Songjiang.Zhang.2008","FluvialSediment",50.4,80.4667,210,"Songjiang","1.0.3",1,"Jul","positive","air@surface",12,1210,1990,780,50,780,FALSE,TRUE,FALSE,TRUE,TRUE,FALSE,5,TRUE,FALSE,TRUE,TRUE,TRUE,"","criteria",FALSE,"within-dataset"
"lcRIC6XKeIcw3D8eo2e","LCe854dd479471e325b1d07f2f917d9b75","paleo1measurement1","temperature","degC","pollen","pollen",TRUE,"Carquefou.Cyprien.2001","Peat",47.3092,-1.4769,11,"Carquefou","1.0.7",1,"Jul","positive","air@surface",23,920,1930,1010,40,1010,FALSE,TRUE,FALSE,TRUE,TRUE,FALSE,3,TRUE,FALSE,TRUE,TRUE,TRUE,"","criteria",FALSE,"within-dataset"
"lcRicHyQ3HgocoKiXvt","LCde9cab374273819846f5cc5c33fd2500","paleo1measurement1","temperature","degC","pollen","pollen",FALSE,"ChesapeakeBayPotomacRiver.Willard.2003","FluvialSediment",38.0269,-76.22,0,"Chesapeake Bay, Potomac River","1.0.3",1,"Annual","positive","air@surface",61,80,1970,1890,20,1890,FALSE,TRUE,FALSE,TRUE,TRUE,FALSE,6,TRUE,FALSE,TRUE,TRUE,TRUE,"","criteria",FALSE,"within-dataset"
"lcRIE0fXVovaqMecK2u","LC0a1ac219c71a6b944a38aeb5030485ed","paleo1measurement1","temperature","degC","pollen","pollen",TRUE,"Upskeraseliniste.Speranza.2000","Peat",50.7366,15.7084,1425,"Upske raseliniste","1.0.3",1,"Jul","positive","air@surface",50,250,1990,1740,30,1740,FALSE,TRUE,FALSE,TRUE,TRUE,FALSE,7,TRUE,FALSE,TRUE,TRUE,TRUE,"","criteria",FALSE,"within-dataset"
"lcRIfArSMkINd0gwzgW","LC9b2ab436f41ea0623e1a05cf1d43ec65","paleo1measurement1","temperature","degC","pollen","pollen",FALSE,"Cernohorskeraseliniste.Speranza.2000","Peat",50.6612,15.7534,1206,"Cernohorske raseliniste","1.0.4",1,"Jul","positive","air@surface",34,100,2000,1900,50,1900,FALSE,TRUE,FALSE,TRUE,TRUE,FALSE,6,TRUE,FALSE,TRUE,TRUE,TRUE,"","criteria",FALSE,"within-dataset"
"lcRihhRBsPRSSutPvGT","LCeafd95a47f39eb3a63ae777b790c0413","paleo1measurement1","temperature","degC","pollen","pollen",FALSE,"Foyechi.Tong.1996","LakeSediment",37.3833,122.5167,NA,"Foyechi","1.0.3",1,"Annual","positive","air@surface",24,1010,1950,940,40,940,FALSE,TRUE,FALSE,TRUE,TRUE,FALSE,2,TRUE,FALSE,TRUE,TRUE,TRUE,"","criteria",FALSE,"within-dataset"
"lcRIHlV7fIob40T4LUd","LC6c5c0db5c21ab355c41dd706fa3fa9f8","paleo1measurement1","temperature","degC","pollen","pollen",TRUE,"HornstaadHornle.Rosch.1992","LakeSediment",47.6946,9.0066,385,"Hornstaad-Hornle","1.0.5",1,"Jul","positive","air@surface",186,10,1960,1950,10,1950,FALSE,TRUE,FALSE,TRUE,TRUE,FALSE,15,TRUE,FALSE,TRUE,TRUE,TRUE,"","criteria",FALSE,"within-dataset"
"lcRIJNFgzVBc1jHpxuh","LC1af1af0e952e8967a96627e8602dc452","paleo1measurement1","temperature","degC","pollen","pollen",FALSE,"DevilsLakeCreelBay.Jacobson.1989","LakeSediment",48.0859,-98.9293,443,"Devils Lake, Creel Bay","1.0.4",1,"Annual","positive","air@surface",18,200,1990,1790,20,1790,FALSE,TRUE,FALSE,TRUE,TRUE,FALSE,28,TRUE,FALSE,TRUE,TRUE,TRUE,"","criteria",FALSE,"within-dataset"
"lcRIjouF7RUndRFUNyA","LC9cdc16204028d3973cd98ca12fcff7d3","paleo1measurement1","temperature","degC","pollen","pollen",TRUE,"WaccamawRiverButlerIslandModeratelySaltImpacted.Jones.2017","Peat",33.4228,-79.208,0,"Waccamaw River, Butler Island, Moderately Salt Impacted","1.0.3",1,"Annual","positive","air@surface",36,690,2020,1330,30,1330,FALSE,TRUE,FALSE,TRUE,TRUE,FALSE,6,TRUE,FALSE,TRUE,TRUE,TRUE,"","criteria",TRUE,NA
"lcRIL0gnfcp9xCx3Ox8","LCd89f21818ba068176fc2641268994d89","paleo1measurement1","temperature","degC","pollen","pollen",FALSE,"EinGedi.Litt.2012","MarineSediment",31.4189,35.3883,NA,"Ein Gedi","1.0.4",1,"Jul","positive","air@surface",13,50,1920,1870,155,1870,FALSE,TRUE,FALSE,TRUE,TRUE,FALSE,20,TRUE,FALSE,TRUE,TRUE,TRUE,"","criteria",FALSE,"within-dataset"
"lcRiM44B6IOYBJ2SC6Y","LC54f06bd6bcf83fb313c31660e991861a","paleo1measurement1","temperature","degC","pollen","pollen",FALSE,"AltesMoorWachel.Dorfler.1989","Peat",53.4373,8.8678,17,"Altes Moor Wachel","1.0.5",1,"Jul","positive","air@surface",54,60,1980,1920,20,1920,FALSE,TRUE,FALSE,TRUE,TRUE,FALSE,7,TRUE,FALSE,TRUE,TRUE,TRUE,"","criteria",FALSE,"within-dataset"
"lcRiMG1OrNQ7eI9sCYU","LC7fc79381681547f49983777930677e3f","paleo1measurement1","temperature","degC","pollen","pollen",FALSE,"IrwinSmithBog.Booth.2012","Peat",45.0265,-83.61,223,"Irwin Smith Bog","1.0.5",1,"Annual","positive","air@surface",39,50,1960,1910,50,1910,FALSE,TRUE,FALSE,TRUE,TRUE,FALSE,24,TRUE,FALSE,TRUE,TRUE,TRUE,"","criteria",FALSE,"within-dataset"
"lcRiNMJYNTYlVEU0aIa","LC83fb85087068ba58f43dc8f5c35e3ed3","paleo1measurement1","temperature","degC","pollen","pollen",TRUE,"ChesapeakeBayRhodeRiver.Baucom.2000","MarineSediment",38.8864,-76.3947,0,"Chesapeake Bay, Rhode River","1.0.3",1,"Jul","positive","air@surface",79,10,2030,2020,30,2020,FALSE,TRUE,FALSE,TRUE,TRUE,FALSE,9,TRUE,FALSE,TRUE,TRUE,TRUE,"","criteria",FALSE,"within-dataset"
"lcRIpykow3ASRd2R9px","LC1ccf114d1af4b36060b02052511e485e","paleo1measurement1","temperature","degC","pollen","pollen",FALSE,"MolesChamber.Fyfe.2012","Peat",51.1394,-3.8328,421,"Moles Chamber","1.0.3",1,"Jul","positive","air@surface",47,80,1920,1840,30,1840,FALSE,TRUE,FALSE,TRUE,TRUE,FALSE,6,TRUE,FALSE,TRUE,TRUE,TRUE,"","criteria",FALSE,"within-dataset"
"lcRirnTf3oo9OFECFbg","LC2aa697bacf4d7c46939425c39d9abdf8","paleo1measurement1","temperature","degC","pollen","pollen",FALSE,"ClearwaterBog.Nichols.1969","Peat",54.0236,-101.2588,266,"Clearwater Bog","1.0.3",1,"Jul","positive","air@surface",17,1050,2010,960,50,960,FALSE,TRUE,FALSE,TRUE,TRUE,FALSE,3,TRUE,FALSE,TRUE,TRUE,TRUE,"","criteria",FALSE,"within-dataset"
"lcRirrhf7k9IX0Nf0oy","LC57d1f10fc7c703dc0bc92a0190eb4116","paleo1measurement1","temperature","degC","pollen","pollen",FALSE,"LakeBlatisto.vvanHuis.2013","LakeSediment",41.6213,24.6781,1540,"Lake Blatisto","1.0.3",1,"Jul","positive","air@surface",119,450,2010,1560,10,1560,FALSE,TRUE,FALSE,TRUE,TRUE,FALSE,2,TRUE,FALSE,TRUE,TRUE,TRUE,"","criteria",FALSE,"within-dataset"
"lcRIsaxWvZe3uBIYdfg","LCef6d7094877999bb6e011ebd5bd37c35","paleo1measurement1","temperature","degC","pollen","pollen",FALSE,"SaintMichelenBrenne.McGhee.1975","Other",46.8094,1.1639,83,"Saint-Michel-en-Brenne","1.0.3",1,"Jul","positive","air@surface",47,30,1990,1960,30,1960,FALSE,TRUE,FALSE,TRUE,TRUE,FALSE,4,TRUE,FALSE,TRUE,TRUE,TRUE,"","criteria",FALSE,"within-dataset"
"lcRiSG3Mulyf97qkClH","LC70c663e28de73481dece6c58b05b3c2f","paleo1measurement1","temperature","degC","pollen","pollen",FALSE,"FerryLake.Hotchkiss.2007","LakeSediment",46.013,-92.125,290,"Ferry Lake","1.0.3",1,"Annual","positive","air@surface",52,10,2010,2000,40,2000,FALSE,TRUE,FALSE,TRUE,TRUE,FALSE,4,TRUE,FALSE,TRUE,TRUE,TRUE,"","criteria",FALSE,"within-dataset"
"lcRIsuuXboADCog6MwE","LC0bacc59a8d3ed8e1877e3e5f82ca26f7","paleo1measurement1","temperature","degC","pollen","pollen",TRUE,"AndersonPond.Liu.2013","LakeSediment",36.0301,-85.5013,303,"Anderson Pond","1.0.4",1,"Jul","positive","air@surface",14,730,2020,1290,50,1290,FALSE,TRUE,FALSE,TRUE,TRUE,FALSE,15,FALSE,FALSE,TRUE,TRUE,TRUE,"chronology","data-poor exception",FALSE,"within-dataset"
"lcRIT1DYxYiLBfKhgbX","LCc0ede02b629a25347b79d87c97cb9f12","paleo1measurement1","temperature","degC","pollen","pollen",TRUE,"HorseshoeLake.Munoz.2014","LakeSediment",38.7018,-90.095,27,"Horseshoe Lake","1.0.3",1,"Annual","positive","air@surface",54,220,1990,1770,30,1770,FALSE,TRUE,FALSE,TRUE,TRUE,FALSE,9,TRUE,FALSE,TRUE,TRUE,TRUE,"","criteria",TRUE,NA
"lcRiTlpsMJl8dTHotVe","LCaf69afa58b40a57344a5505e0aade5d3","paleo1measurement1","temperature","degC","pollen","pollen",TRUE,"Pezou.Cyprien.2006","FluvialSediment",47.8708,1.1508,87,"Pezou","1.0.3",1,"Annual","positive","air@surface",12,1460,2000,540,50,540,FALSE,TRUE,FALSE,TRUE,TRUE,FALSE,7,TRUE,FALSE,TRUE,TRUE,TRUE,"","criteria",TRUE,NA
"lcRItU9HQTbEtvcNj7k","LCaf69afa58b40a57344a5505e0aade5d3","paleo1measurement1","temperature","degC","pollen","pollen",TRUE,"Pezou.Cyprien.2006","FluvialSediment",47.8708,1.1508,87,"Pezou","1.0.3",1,"Jul","positive","air@surface",12,1460,2000,540,50,540,FALSE,TRUE,FALSE,TRUE,TRUE,FALSE,7,TRUE,FALSE,TRUE,TRUE,TRUE,"","criteria",FALSE,"within-dataset"
"lcRIU8Kb2wzlNMF0YDo","LC7fc79381681547f49983777930677e3f","paleo1measurement1","temperature","degC","pollen","pollen",FALSE,"IrwinSmithBog.Booth.2012","Peat",45.0265,-83.61,223,"Irwin Smith Bog","1.0.5",1,"Annual","positive","air@surface",39,50,1960,1910,50,1910,FALSE,TRUE,FALSE,TRUE,TRUE,FALSE,24,TRUE,FALSE,TRUE,TRUE,TRUE,"","criteria",FALSE,"within-dataset"
"lcRiv2h9LqAbP0rvdcX","LCb5f8ef048c71f4db0ea90eb2405a508d","paleo1measurement1","temperature","degC","pollen","pollen",TRUE,"BlackwoodSinkhole.Tamalavage.2018","LakeSediment",26.7987,-77.4234,0,"Blackwood Sinkhole","1.0.3",1,"Jul","positive","air@surface",85,20,1990,1970,20,1970,FALSE,TRUE,FALSE,TRUE,TRUE,FALSE,19,TRUE,FALSE,TRUE,TRUE,TRUE,"","criteria",FALSE,"within-dataset"
"lcRiV3pTLUmGt7lng5m","LC3b56f6d622eecc888b6ee98702536d3c","paleo1measurement1","temperature","degC","pollen","pollen",TRUE,"LagunaBiajaca.CastillaBeltran.2018","FluvialSediment",19.5909,-71.0865,78,"Laguna Biajaca","1.0.3",1,"Jul","positive","air@surface",42,960,1960,1000,20,1000,FALSE,TRUE,FALSE,TRUE,TRUE,FALSE,6,TRUE,FALSE,TRUE,TRUE,TRUE,"","criteria",FALSE,"within-dataset"
"lcRIVxq4R0ehEFAngLv","LC78c26c7cbd368b7e8e182f1ab760c79d","paleo1measurement1","temperature","degC","pollen","pollen",FALSE,"AmberLake.UmbanhowarJr.2004","LakeSediment",43.6071,-94.4736,351,"Amber Lake","1.0.3",1,"Annual","positive","air@surface",15,1060,1880,820,50,820,FALSE,TRUE,FALSE,TRUE,TRUE,FALSE,3,TRUE,FALSE,TRUE,TRUE,TRUE,"","criteria",FALSE,"within-dataset"
"lcRiW1e4wCOy0o2TmwJ","LCeafd95a47f39eb3a63ae777b790c0413","paleo1measurement1","temperature","degC","pollen","pollen",FALSE,"Foyechi.Tong.1996","LakeSediment",37.3833,122.5167,NA,"Foyechi","1.0.3",1,"Annual","positive","air@surface",24,1010,1950,940,40,940,FALSE,TRUE,FALSE,TRUE,TRUE,FALSE,2,TRUE,FALSE,TRUE,TRUE,TRUE,"","criteria",FALSE,"within-dataset"
"lcRIWejyzzre8LXwJwK","LC2aa697bacf4d7c46939425c39d9abdf8","paleo1measurement1","temperature","degC","pollen","pollen",FALSE,"ClearwaterBog.Nichols.1969","Peat",54.0236,-101.2588,266,"Clearwater Bog","1.0.3",1,"Jul","positive","air@surface",17,1050,2010,960,50,960,FALSE,TRUE,FALSE,TRUE,TRUE,FALSE,3,TRUE,FALSE,TRUE,TRUE,TRUE,"","criteria",FALSE,"within-dataset"
"lcRIwTndwZWVBasjuvs","LC2aa697bacf4d7c46939425c39d9abdf8","paleo1measurement1","temperature","degC","pollen","pollen",TRUE,"ClearwaterBog.Nichols.1969","Peat",54.0236,-101.2588,266,"Clearwater Bog","1.0.3",1,"Annual","positive","air@surface",17,1050,2010,960,50,960,FALSE,TRUE,FALSE,TRUE,TRUE,FALSE,3,TRUE,FALSE,TRUE,TRUE,TRUE,"","criteria",TRUE,NA
"lcRiwzIKZncEh8pXZs3","LC67f1f3130b05aace86d5b0f7370e7ebd","paleo1measurement1","temperature","degC","pollen","pollen",TRUE,"CenoteSanJoseChulchaca.Leyden.1996","LakeSediment",20.8667,-90.1333,1,"Cenote San Jose Chulchaca","1.0.3",1,"Jul","positive","air@surface",27,170,2000,1830,45,1830,FALSE,TRUE,FALSE,TRUE,TRUE,FALSE,3,TRUE,FALSE,TRUE,TRUE,TRUE,"","criteria",FALSE,"within-dataset"
"lcRiyADbAplGwrghL2F","LCd91285ebd4c1d454fd409bbc9a4372fe","paleo1measurement1","temperature","degC","pollen","pollen",FALSE,"Ispani2.deKlerk.2009","Peat",41.8623,41.802,1,"Ispani 2","1.0.3",1,"Jul","positive","air@surface",57,100,1990,1890,30,1890,FALSE,TRUE,FALSE,TRUE,TRUE,FALSE,4,TRUE,FALSE,TRUE,TRUE,TRUE,"","criteria",FALSE,"within-dataset"
"lcRIyh7iVIvUqhbjYrp","LC6f993ff5a55b1140469f76b3a61c022c","paleo1measurement1","temperature","degC","pollen","pollen",TRUE,"MiddleNorthCoombe.Fyfe.2004","Peat",50.9339,-3.4333,122,"Middle North Coombe","1.0.3",1,"Jul","positive","air@surface",28,240,2000,1760,50,1760,FALSE,TRUE,FALSE,TRUE,TRUE,FALSE,4,TRUE,FALSE,TRUE,TRUE,TRUE,"","criteria",FALSE,"within-dataset"
"lcRiZDl0f0zLl3TuLUh","LC11a3a0c5aff5557858d4e7ee0f5460cb","paleo1measurement1","temperature","degC","pollen","pollen",FALSE,"ZoigeBasin.Zhao.2011","Peat",33.45,102.6333,3467,"Zoige Basin","1.0.6",1,"Annual","positive","air@surface",38,20,2010,1990,40,1990,FALSE,TRUE,FALSE,TRUE,TRUE,FALSE,9,TRUE,FALSE,TRUE,TRUE,TRUE,"","criteria",FALSE,"within-dataset"
"lcRJ0rIB0ZN1oa4fenY","LC4554fc96c7f9c574504a66276c3fc2bb","paleo1measurement1","temperature","degC","pollen","pollen",FALSE,"LilyLake.UmbanhowarJr.2004","LakeSediment",44.1929,-93.6398,311,"Lily Lake","1.0.3",1,"Annual","positive","air@surface",15,1260,1890,630,35,630,FALSE,TRUE,FALSE,TRUE,TRUE,FALSE,3,TRUE,FALSE,TRUE,TRUE,TRUE,"","criteria",FALSE,"within-dataset"
"lcRj1ZGE3Bw8DT5QmJz","LC74158e6ab9b15b9cfb3efac63ecd2358","paleo1measurement1","temperature","degC","pollen","pollen",TRUE,"UpperSouthBranchPond.Anderson.1986","LakeSediment",46.0901,-68.8933,300,"Upper South Branch Pond","1.0.3",1,"Annual","positive","air@surface",22,220,2010,1790,40,1790,FALSE,TRUE,FALSE,TRUE,TRUE,FALSE,5,TRUE,FALSE,TRUE,TRUE,TRUE,"","criteria",TRUE,NA
"lcRJ1zOhvTzQ0WTWvtg","LC6f94e5cfb8965877650f244bd869ac37","paleo1measurement1","temperature","degC","pollen","floral assemblage",FALSE,"StewartBog.JimenezMoreno.2008","Peat",35.832,-105.722,NA,"Stewart Bog","1.0.10",1,"Jul","positive","air@surface",37,60,1980,1920,35,1920,FALSE,TRUE,FALSE,TRUE,TRUE,FALSE,12,TRUE,FALSE,TRUE,TRUE,TRUE,"","criteria",FALSE,"within-dataset"
"lcRJ2dnB2mgqCRok6pW","LCadcfe8536795f68ee6e81530b65fa188","paleo1measurement1","temperature","degC","pollen","pollen",TRUE,"PenaNegra.AbelSchaad.2013","Peat",40.3347,-5.7922,1258,"Pena Negra","1.0.3",1,"Jul","positive","air@surface",44,130,2010,1880,40,1880,FALSE,TRUE,FALSE,TRUE,TRUE,FALSE,7,TRUE,FALSE,TRUE,TRUE,TRUE,"","criteria",FALSE,"within-dataset"
"lcRJ3GzUA34LhMVTT4y","LCef6d7094877999bb6e011ebd5bd37c35","paleo1measurement1","temperature","degC","pollen","pollen",FALSE,"SaintMichelenBrenne.McGhee.1975","Other",46.8094,1.1639,83,"Saint-Michel-en-Brenne","1.0.3",1,"Annual","positive","air@surface",47,30,1990,1960,30,1960,FALSE,TRUE,FALSE,TRUE,TRUE,FALSE,4,TRUE,FALSE,TRUE,TRUE,TRUE,"","criteria",FALSE,"within-dataset"
"lcRj4Zved5LhPlWjjE9","LC3b2e294f2d307a11469390647391d919","paleo1measurement1","temperature","degC","pollen","pollen",FALSE,"DeepFalmouthPond.Oswald.2018","LakeSediment",41.564,-70.6357,18,"Deep-Falmouth Pond","1.0.8",1,"Jul","positive","air@surface",48,20,2020,2000,40,2000,FALSE,TRUE,FALSE,TRUE,TRUE,FALSE,16,TRUE,FALSE,TRUE,TRUE,TRUE,"","criteria",FALSE,"within-dataset"
"lcRj8tYrIohov1mDgUX","LCe08ad0d73545822fd0323c34db4baa9e","paleo1measurement1","temperature","degC","pollen","pollen",FALSE,"LakeNuochaga.Andreev.1989","LakeSediment",61.3006,129.5558,260,"Lake Nuochaga","1.0.5",1,"Annual","positive","air@surface",14,270,1930,1660,90,1660,FALSE,TRUE,FALSE,TRUE,FALSE,FALSE,4,TRUE,FALSE,TRUE,TRUE,TRUE,"resolution","data-poor exception",FALSE,"within-dataset"
"lcRj9BAMUFtpvhJDIjA","LCd474087228f1e44627dee8122ec9614d","paleo1measurement1","temperature","degC","pollen","floral assemblage",FALSE,"BeefPasture.Wright.2012","Peat",37.4731,-108.1604,3060,"Beef Pasture","1.0.7",1,"Annual","positive","air@surface",69,20,2010,1990,30,1990,FALSE,TRUE,FALSE,TRUE,TRUE,FALSE,16,TRUE,FALSE,TRUE,TRUE,TRUE,"","criteria",FALSE,"within-dataset"
"lcRJBxLMx2uulxq25cW","LC075497627828ddb5de3fe27528a25653","paleo1measurement1","temperature","degC","pollen","pollen",FALSE,"LagodeAjo.Allen.1996Legacy","LakeSediment",43.0417,-6.1388,1570,"Lago de Ajo","1.0.3",1,"Jul","positive","air@surface",78,140,1980,1840,20,1840,FALSE,TRUE,FALSE,TRUE,TRUE,FALSE,7,TRUE,FALSE,TRUE,TRUE,TRUE,"","criteria",FALSE,"within-dataset"
"lcRJcAa6DX68Bn7lDe7","LCa59abc4cb5398ba6538f4f98fcd3b782","paleo1measurement1","temperature","degC","pollen","pollen",FALSE,"SlishLake.Dodson.1987","LakeSediment",54.2439,-8.3719,48,"Slish Lake","1.0.3",1,"Annual","positive","air@surface",39,10,1930,1920,40,1920,FALSE,TRUE,FALSE,TRUE,TRUE,FALSE,3,TRUE,FALSE,TRUE,TRUE,TRUE,"","criteria",FALSE,"within-dataset"
"lcRJCWv52c5JwExFX9j","LC70c663e28de73481dece6c58b05b3c2f","paleo1measurement1","temperature","degC","pollen","pollen",FALSE,"FerryLake.Hotchkiss.2007","LakeSediment",46.013,-92.125,290,"Ferry Lake","1.0.3",1,"Jul","positive","air@surface",52,10,2010,2000,40,2000,FALSE,TRUE,FALSE,TRUE,TRUE,FALSE,4,TRUE,FALSE,TRUE,TRUE,TRUE,"","criteria",FALSE,"within-dataset"
"lcRJDatbu2kXY6HEwlQ","LC54f06bd6bcf83fb313c31660e991861a","paleo1measurement1","temperature","degC","pollen","pollen",TRUE,"AltesMoorWachel.Dorfler.1989","Peat",53.4373,8.8678,17,"Altes Moor Wachel","1.0.5",1,"Jul","positive","air@surface",54,60,1980,1920,20,1920,FALSE,TRUE,FALSE,TRUE,TRUE,FALSE,7,TRUE,FALSE,TRUE,TRUE,TRUE,"","criteria",FALSE,"within-dataset"
"lcRJdSdazQW6etYVhll","LC8a878cf5801c80e1702709bf166b8156","paleo1measurement1","temperature","degC","pollen","pollen",FALSE,"StonetorBrook.Fyfe.2008","Peat",50.6556,-3.91,401,"Stonetor Brook","1.0.5",1,"Jul","positive","air@surface",37,70,2000,1930,45,1930,FALSE,TRUE,FALSE,TRUE,TRUE,FALSE,8,TRUE,FALSE,TRUE,TRUE,TRUE,"","criteria",FALSE,"within-dataset"
"lcRJEpLwvwlC2bPxlaX","LC9cdc16204028d3973cd98ca12fcff7d3","paleo1measurement1","temperature","degC","pollen","pollen",FALSE,"WaccamawRiverButlerIslandModeratelySaltImpacted.Jones.2017","Peat",33.4228,-79.208,0,"Waccamaw River, Butler Island, Moderately Salt Impacted","1.0.3",1,"Annual","positive","air@surface",36,690,2020,1330,30,1330,FALSE,TRUE,FALSE,TRUE,TRUE,FALSE,6,TRUE,FALSE,TRUE,TRUE,TRUE,"","criteria",FALSE,"within-dataset"
"lcRjfKKxX7njSbYNRYG","LC5cd0bf1248bd51ce10c4cd494558d64b","paleo1measurement1","temperature","degC","pollen","pollen",TRUE,"SummitLake.Calder.2016","LakeSediment",40.5455,-106.6824,3149,"Summit Lake","1.0.3",1,"Jul","positive","air@surface",52,10,2020,2010,40,2010,FALSE,TRUE,FALSE,TRUE,TRUE,FALSE,11,TRUE,FALSE,TRUE,TRUE,TRUE,"","criteria",FALSE,"within-dataset"
"lcRjfLeqhQycOV71FbY","LC2528ae10087abb06caeca58f8079389a","paleo1measurement1","temperature","degC","pollen","pollen",TRUE,"MaksimkinYar.Blyakharchuk.1980","Peat",58.6952,86.7855,150,"Maksimkin Yar","1.0.3",1,"Jul","positive","air@surface",10,680,1940,1260,90,1260,FALSE,TRUE,FALSE,TRUE,FALSE,FALSE,4,FALSE,FALSE,TRUE,TRUE,TRUE,"resolution;chronology","data-poor exception",FALSE,"within-dataset"
"lcRjgmnkKEZ6EV8QazX","LC00c9560652ae524c6e9d33bf622f81c3","paleo1measurement1","temperature","degC","pollen","pollen",FALSE,"MobecheForest.CletPellerin.1993","Other",48.5167,-1,200,"Mobeche Forest","1.0.3",1,"Annual","positive","air@surface",77,870,1910,1040,10,1040,FALSE,TRUE,FALSE,TRUE,TRUE,FALSE,2,TRUE,FALSE,TRUE,TRUE,TRUE,"","criteria",FALSE,"within-dataset"
"lcRjGpqT5HQ4WoqrsZH","LC78c26c7cbd368b7e8e182f1ab760c79d","paleo1measurement1","temperature","degC","pollen","pollen",FALSE,"AmberLake.UmbanhowarJr.2004","LakeSediment",43.6071,-94.4736,351,"Amber Lake","1.0.3",1,"Jul","positive","air@surface",15,1060,1880,820,50,820,FALSE,TRUE,FALSE,TRUE,TRUE,FALSE,3,TRUE,FALSE,TRUE,TRUE,TRUE,"","criteria",FALSE,"within-dataset"
"lcRJh2hEjkaa6BlxPzJ","LC1ed4cbd5bf117afdc0bce084d7d6d4c0","paleo1measurement1","temperature","degC","pollen","pollen",FALSE,"NorthFlatLake.Hart.2009","LakeSediment",53.6115,-106.4952,522,"North Flat Lake","1.0.3",1,"Jul","positive","air@surface",57,170,1970,1800,30,1800,FALSE,TRUE,FALSE,TRUE,TRUE,FALSE,5,TRUE,FALSE,TRUE,TRUE,TRUE,"","criteria",FALSE,"within-dataset"
"lcRjHUHtBzImWhLKRwo","LC72f8928ba06f70632c84cc15f6dd95af","paleo1measurement1","temperature","degC","pollen","pollen",FALSE,"LilyLake.Hotchkiss.2007","LakeSediment",45.901,-92.273,297,"Lily Lake","1.0.4",1,"Annual","positive","air@surface",33,130,2030,1900,50,1900,FALSE,TRUE,FALSE,TRUE,TRUE,FALSE,13,TRUE,FALSE,TRUE,TRUE,TRUE,"","criteria",FALSE,"within-dataset"
"lcRjiNYDlzpXPGBZrIf","LC152754a16cb016b7b1a193745db5597e","paleo1measurement1","temperature","degC","pollen","pollen",FALSE,"KellysLough.Leira.2007","LakeSediment",52.9585,-6.4257,585,"Kelly's Lough","1.0.5",1,"Jul","positive","air@surface",41,30,1960,1930,40,1930,FALSE,TRUE,FALSE,TRUE,TRUE,FALSE,17,TRUE,FALSE,TRUE,TRUE,TRUE,"","criteria",FALSE,"within-dataset"
"lcRJjJBwmLs9PEUa7qD","LC700608d712e480226f683ca4687400b9","paleo2measurement1","temperature","degC","pollen","pollen",TRUE,"EtangdelaGruere.RoosBarraclough.2002","Peat",47.2406,7.05,1005,"Etang de la Gruere","1.0.6",1,"Annual","positive","air@surface",38,30,1990,1960,40,1960,FALSE,TRUE,FALSE,TRUE,TRUE,FALSE,31,TRUE,FALSE,TRUE,TRUE,TRUE,"","criteria",TRUE,NA
"lcRjNuqas3wOWapf6on","LCf8f7f556916728039f22cffb4980cee8","paleo1measurement1","temperature","degC","pollen","pollen",TRUE,"TrinityRiverbayhead.Anderson.2008","FluvialSediment",29.7662,-94.7082,0,"Trinity River bayhead","1.0.3",1,"Jul","positive","air@surface",28,30,950,920,30,920,FALSE,TRUE,FALSE,TRUE,TRUE,FALSE,6,TRUE,FALSE,TRUE,TRUE,TRUE,"","criteria",FALSE,"within-dataset"
"lcRjomoOeGWhHWcacfq","LCfc55adae18ea5979a5ec093b39ae3ec3","paleo1measurement1","temperature","degC","pollen","pollen",FALSE,"KnobHillPond.Oswald.2018","LakeSediment",44.3603,-72.373,378,"Knob Hill Pond","1.0.8",1,"Jul","positive","air@surface",49,10,2040,2030,50,2030,FALSE,TRUE,FALSE,TRUE,TRUE,FALSE,14,TRUE,FALSE,TRUE,TRUE,TRUE,"","criteria",FALSE,"within-dataset"
"lcRjPke4g9Jly1mjH29","LCdbf7ba3ed538c2d87f0c529a9cf1b15f","paleo1measurement1","temperature","degC","pollen","pollen",FALSE,"ArroyodeNavalacarreta.MoralesMolino.2017","Other",40.8522,-4.0311,1250,"Arroyo de Navalacarreta","1.0.3",1,"Jul","positive","air@surface",37,1280,1980,700,20,700,FALSE,TRUE,FALSE,TRUE,TRUE,FALSE,3,TRUE,FALSE,TRUE,TRUE,TRUE,"","criteria",FALSE,"within-dataset"
"lcRJROX6kd32onW6Mky","LC700608d712e480226f683ca4687400b9","paleo2measurement1","temperature","degC","pollen","pollen",FALSE,"EtangdelaGruere.RoosBarraclough.2002","Peat",47.2406,7.05,1005,"Etang de la Gruere","1.0.6",1,"Annual","positive","air@surface",38,30,1990,1960,40,1960,FALSE,TRUE,FALSE,TRUE,TRUE,FALSE,31,TRUE,FALSE,TRUE,TRUE,TRUE,"","criteria",FALSE,"within-dataset"
"lcRjsdaew9a1n5Klzz6","LC30c0d8f9e9d0251f60938145ff35d7e5","paleo1measurement1","temperature","degC","pollen","pollen",FALSE,"LongLake.Carter.2017","LakeSediment",41.4998,-106.3679,2700,"Long Lake","1.0.7",1,"Jul","positive","air@surface",52,30,2020,1990,30,1990,FALSE,TRUE,FALSE,TRUE,TRUE,FALSE,10,TRUE,FALSE,TRUE,TRUE,TRUE,"","criteria",FALSE,"within-dataset"
"lcRJSdnNJk8NTaJyDwO","LC82c627a76ba1042157d390377e9961c2","paleo1measurement1","temperature","degC","pollen","pollen",TRUE,"TaylorSloughSite15.Willard.1997","Peat",25.2019,-80.6872,5,"Taylor Slough Site 15","1.0.3",1,"Annual","positive","air@surface",18,1250,2000,750,40,750,FALSE,TRUE,FALSE,TRUE,TRUE,FALSE,5,TRUE,FALSE,TRUE,TRUE,TRUE,"","criteria",TRUE,NA
"lcRjt2c4275Xz9CPAlo","LCda07198f26f8b2bfd2bc472b9f8aa4fe","paleo1measurement1","temperature","degC","pollen","pollen",FALSE,"IsleauHautNorthHollow.Schauffler.1998","LakeSediment",44.0651,-68.6354,75,"Isle au Haut North Hollow","1.0.3",1,"Annual","positive","air@surface",40,200,1860,1660,40,1660,FALSE,TRUE,FALSE,TRUE,TRUE,FALSE,4,TRUE,FALSE,TRUE,TRUE,TRUE,"","criteria",FALSE,"within-dataset"
"lcRJTC3gor3TatQIYBs","LC0776497acf2baff80502e5b086e5cd70","paleo1measurement1","temperature","degC","pollen","pollen",TRUE,"KettleLake.Brown.2005","LakeSediment",48.6071,-103.624,605,"Kettle Lake","1.0.5",1,"Jul","positive","air@surface",162,10,2020,2010,10,2010,FALSE,TRUE,FALSE,TRUE,TRUE,FALSE,45,TRUE,FALSE,TRUE,TRUE,TRUE,"","criteria",FALSE,"within-dataset"
"lcRJtCec4wiya3XSYqh","LC700608d712e480226f683ca4687400b9","paleo2measurement1","temperature","degC","pollen","pollen",FALSE,"EtangdelaGruere.RoosBarraclough.2002","Peat",47.2406,7.05,1005,"Etang de la Gruere","1.0.6",1,"Jul","positive","air@surface",38,30,1990,1960,40,1960,FALSE,TRUE,FALSE,TRUE,TRUE,FALSE,31,TRUE,FALSE,TRUE,TRUE,TRUE,"","criteria",FALSE,"within-dataset"
"lcRJuD7m9T7HmboKpJu","LC6eb19cdb7f91d967c824af57cd324c5d","paleo1measurement1","temperature","degC","pollen","pollen",FALSE,"AkTerek.Beer.2008","Peat",41.2815,72.8343,1748,"Ak Terek","1.0.3",1,"Annual","positive","air@surface",12,1060,2030,970,50,970,FALSE,TRUE,FALSE,TRUE,TRUE,FALSE,2,TRUE,FALSE,TRUE,TRUE,TRUE,"","criteria",FALSE,"within-dataset"
"lcRjugz6QafJ2GJGZ5P","LC5b857190d156dfce7b66f9bdb0837754","paleo1measurement1","temperature","degC","pollen","pollen",TRUE,"LakeSapanca.Leroy.2010","LakeSediment",40.7167,30.25,31,"Lake Sapanca","1.0.3",1,"Annual","positive","air@surface",38,20,1940,1920,30,1920,FALSE,TRUE,FALSE,TRUE,TRUE,FALSE,11,TRUE,FALSE,TRUE,TRUE,TRUE,"","criteria",TRUE,NA
"lcRjuIjeYJCH77eA3bX","LC1ccf114d1af4b36060b02052511e485e","paleo1measurement1","temperature","degC","pollen","pollen",TRUE,"MolesChamber.Fyfe.2012","Peat",51.1394,-3.8328,421,"Moles Chamber","1.0.3",1,"Jul","positive","air@surface",47,80,1920,1840,30,1840,FALSE,TRUE,FALSE,TRUE,TRUE,FALSE,6,TRUE,FALSE,TRUE,TRUE,TRUE,"","criteria",FALSE,"within-dataset"
"lcRjWqmWlJ1gNlKz4HD","LC11a3a0c5aff5557858d4e7ee0f5460cb","paleo1measurement1","temperature","degC","pollen","pollen",FALSE,"ZoigeBasin.Zhao.2011","Peat",33.45,102.6333,3467,"Zoige Basin","1.0.6",1,"Annual","positive","air@surface",38,20,2010,1990,40,1990,FALSE,TRUE,FALSE,TRUE,TRUE,FALSE,9,TRUE,FALSE,TRUE,TRUE,TRUE,"","criteria",FALSE,"within-dataset"
"lcRJXKZzAn0Iw22EIXs","LC36849fcbede5404854435f65c39b4769","paleo1measurement1","temperature","degC","pollen","pollen",FALSE,"CienegadeSanBernadino.Blissett.2010","Other",31.3222,-109.2562,1118,"Cienega de San Bernadino","1.0.3",1,"Jul","positive","air@surface",51,210,1970,1760,20,1760,FALSE,TRUE,FALSE,TRUE,TRUE,FALSE,4,TRUE,FALSE,TRUE,TRUE,TRUE,"","criteria",FALSE,"within-dataset"
"lcRjxrXff2vF1zheOSX","LCc0ede02b629a25347b79d87c97cb9f12","paleo1measurement1","temperature","degC","pollen","pollen",FALSE,"HorseshoeLake.Munoz.2014","LakeSediment",38.7018,-90.095,27,"Horseshoe Lake","1.0.3",1,"Jul","positive","air@surface",54,220,1990,1770,30,1770,FALSE,TRUE,FALSE,TRUE,TRUE,FALSE,9,TRUE,FALSE,TRUE,TRUE,TRUE,"","criteria",FALSE,"within-dataset"
"lcRJxVXhgf44L2a1jBG","LCc0ede02b629a25347b79d87c97cb9f12","paleo1measurement1","temperature","degC","pollen","pollen",FALSE,"HorseshoeLake.Munoz.2014","LakeSediment",38.7018,-90.095,27,"Horseshoe Lake","1.0.3",1,"Annual","positive","air@surface",54,220,1990,1770,30,1770,FALSE,TRUE,FALSE,TRUE,TRUE,FALSE,9,TRUE,FALSE,TRUE,TRUE,TRUE,"","criteria",FALSE,"within-dataset"
"lcRjYtkMCxsBwjF1UPP","LCd91285ebd4c1d454fd409bbc9a4372fe","paleo1measurement1","temperature","degC","pollen","pollen",FALSE,"Ispani2.deKlerk.2009","Peat",41.8623,41.802,1,"Ispani 2","1.0.3",1,"Jul","positive","air@surface",57,100,1990,1890,30,1890,FALSE,TRUE,FALSE,TRUE,TRUE,FALSE,4,TRUE,FALSE,TRUE,TRUE,TRUE,"","criteria",FALSE,"within-dataset"
"lcRk2dD3ezaaUtdOdL9","LC798da88e9cbc5b3391ace4eb348cbb50","paleo1measurement1","temperature","degC","pollen","pollen",FALSE,"DyanushkaK7P2.Werner.2010","Peat",65.0394,125.0369,123,"Dyanushka K7P2","1.0.3",1,"Annual","positive","air@surface",6,1250,1970,720,60,720,FALSE,TRUE,FALSE,TRUE,FALSE,FALSE,13,TRUE,FALSE,TRUE,TRUE,TRUE,"resolution","data-poor exception",FALSE,"within-dataset"
"lcRk38CvRthZiU8c4zd","LCf104d54d7480329ff23d1ad5362a18d1","paleo1measurement1","temperature","degC","pollen","pollen",TRUE,"KleinenMochowsee.Jahns.1999","LakeSediment",51.9964,14.1989,49,"Kleinen Mochowsee","1.0.3",1,"Jul","positive","air@surface",28,220,1960,1740,50,1740,FALSE,TRUE,FALSE,TRUE,TRUE,FALSE,4,TRUE,FALSE,TRUE,TRUE,TRUE,"","criteria",FALSE,"within-dataset"
"lcRk3obAF6luflsIi5y","LC075497627828ddb5de3fe27528a25653","paleo1measurement1","temperature","degC","pollen","pollen",FALSE,"LagodeAjo.Allen.1996Legacy","LakeSediment",43.0417,-6.1388,1570,"Lago de Ajo","1.0.3",1,"Annual","positive","air@surface",78,140,1980,1840,20,1840,FALSE,TRUE,FALSE,TRUE,TRUE,FALSE,7,TRUE,FALSE,TRUE,TRUE,TRUE,"","criteria",FALSE,"within-dataset"
"lcRk4sq63deB53URyZ0","LC337323d509fca77245d359ea6fa3653f","paleo1measurement1","temperature","degC","pollen","pollen",FALSE,"LaMolinamire.LopezMerino.2011","Peat",43.3811,-6.3272,650,"La Molina mire","1.0.5",1,"Jul","positive","air@surface",80,30,1980,1950,10,1950,FALSE,TRUE,FALSE,TRUE,TRUE,FALSE,6,TRUE,FALSE,TRUE,TRUE,TRUE,"","criteria",FALSE,"within-dataset"
"lcRk8rhtKJ0d3855J2q","LCee281c33b70bd4a07b6225b178fe9ed2","paleo1measurement1","temperature","degC","pollen","pollen",TRUE,"LochLaxford.Shotyk.1996","Peat",58.3725,-5.0367,137,"Loch Laxford","1.0.3",1,"Annual","positive","air@surface",42,660,1980,1320,30,1320,FALSE,TRUE,FALSE,TRUE,TRUE,FALSE,5,TRUE,FALSE,TRUE,TRUE,TRUE,"","criteria",FALSE,"within-dataset"
"lcRkbMlUDOOntFNC8fX","LC12f454481626c65dd1385b2dcf44fca6","paleo1measurement1","temperature","degC","pollen","pollen",FALSE,"Verkhnee.Beer.2008","LakeSediment",41.3091,72.9576,1440,"Verkhnee","1.0.3",1,"Annual","positive","air@surface",71,410,1980,1570,20,1570,FALSE,TRUE,FALSE,TRUE,TRUE,FALSE,4,TRUE,FALSE,TRUE,TRUE,TRUE,"","criteria",FALSE,"within-dataset"
"lcRKcIhG2hNbnA5WPGV","LC6610c4e4625f88c5de2c203e6b0a36e5","paleo1measurement1","temperature","degC","pollen","pollen",FALSE,"PathLake.Neil.2014Legacy","LakeSediment",43.872,-64.9288,10,"Path Lake","1.0.5",1,"Annual","positive","air@surface",59,20,1990,1970,30,1970,FALSE,TRUE,FALSE,TRUE,TRUE,FALSE,6,TRUE,FALSE,TRUE,TRUE,TRUE,"","criteria",FALSE,"within-dataset"
"lcRKcrfyhezS81171Pj","LC3bdd6387273edc3ab38193c063d48524","paleo1measurement1","temperature","degC","pollen","pollen",TRUE,"UpperSquawLake.Colombaroli.2010","LakeSediment",42.0321,-123.0149,930,"Upper Squaw Lake","1.0.3",1,"Jul","positive","air@surface",48,210,2090,1880,40,1880,FALSE,TRUE,FALSE,TRUE,TRUE,FALSE,7,TRUE,FALSE,TRUE,TRUE,TRUE,"","criteria",FALSE,"within-dataset"
"lcRKCw132BNpMi5JpJ7","LC0b2367fe15f0dd5b5fcef3c9e17d135f","paleo1measurement1","temperature","degC","pollen","pollen",TRUE,"Lavare.Barbier.1999","Peat",48.4333,-0.9167,205,"Lavare","1.0.3",1,"Annual","positive","air@surface",31,20,1920,1900,50,1900,FALSE,TRUE,FALSE,TRUE,TRUE,FALSE,6,TRUE,FALSE,TRUE,TRUE,TRUE,"","criteria",TRUE,NA
"lcRKdjdbq2tu7IEMxu5","LC700608d712e480226f683ca4687400b9","paleo2measurement1","temperature","degC","pollen","pollen",FALSE,"EtangdelaGruere.RoosBarraclough.2002","Peat",47.2406,7.05,1005,"Etang de la Gruere","1.0.6",1,"Annual","positive","air@surface",38,30,1990,1960,40,1960,FALSE,TRUE,FALSE,TRUE,TRUE,FALSE,31,TRUE,FALSE,TRUE,TRUE,TRUE,"","criteria",FALSE,"within-dataset"
"lcRKdJIS1aCOUsRc8oq","LC17a5f417c16199d4939de1bcc4884c0b","paleo1measurement1","temperature","degC","pollen","pollen",FALSE,"PrazRodet.vanderKnaap.2000","Peat",46.5667,6.1736,1040,"Praz Rodet","1.0.6",1,"Jul","positive","air@surface",65,40,2010,1970,25,1970,FALSE,TRUE,FALSE,TRUE,TRUE,FALSE,16,TRUE,FALSE,TRUE,TRUE,TRUE,"","criteria",FALSE,"within-dataset"
"lcRkEq2TpibmGMEE4V9","LC00c9560652ae524c6e9d33bf622f81c3","paleo1measurement1","temperature","degC","pollen","pollen",FALSE,"MobecheForest.CletPellerin.1993","Other",48.5167,-1,200,"Mobeche Forest","1.0.3",1,"Jul","positive","air@surface",77,870,1910,1040,10,1040,FALSE,TRUE,FALSE,TRUE,TRUE,FALSE,2,TRUE,FALSE,TRUE,TRUE,TRUE,"","criteria",FALSE,"within-dataset"
"lcRKfhy6mW4qj9yTCKs","LC5b857190d156dfce7b66f9bdb0837754","paleo1measurement1","temperature","degC","pollen","pollen",FALSE,"LakeSapanca.Leroy.2010","LakeSediment",40.7167,30.25,31,"Lake Sapanca","1.0.3",1,"Jul","positive","air@surface",38,20,1940,1920,30,1920,FALSE,TRUE,FALSE,TRUE,TRUE,FALSE,11,TRUE,FALSE,TRUE,TRUE,TRUE,"","criteria",FALSE,"within-dataset"
"lcRkFS8Ui8go0QfY2r8","LCf6415cac0a63bd9f68d1ee7a4222de70","paleo1measurement1","temperature","degC","pollen","pollen",TRUE,"OverGunnarsfjorden.Allen.2007","LakeSediment",71.0381,28.1691,78,"Over Gunnarsfjorden","1.0.8",1,"Jul","positive","air@surface",43,10,2000,1990,50,1990,FALSE,TRUE,FALSE,TRUE,TRUE,FALSE,23,TRUE,FALSE,TRUE,TRUE,TRUE,"","criteria",FALSE,"within-dataset"
"lcRKFxh8HNN2rne0bUA","LC1ccf114d1af4b36060b02052511e485e","paleo1measurement1","temperature","degC","pollen","pollen",FALSE,"MolesChamber.Fyfe.2012","Peat",51.1394,-3.8328,421,"Moles Chamber","1.0.3",1,"Jul","positive","air@surface",47,80,1920,1840,30,1840,FALSE,TRUE,FALSE,TRUE,TRUE,FALSE,6,TRUE,FALSE,TRUE,TRUE,TRUE,"","criteria",FALSE,"within-dataset"
"lcRKgxpr49pqfEsGAjs","LCd57fb6883cd7fe71f1c2871d24b13fff","paleo1measurement1","temperature","degC","pollen","pollen",TRUE,"Ballyduff.Stefanini.2008","Peat",53.0822,-7.992,60,"Ballyduff","1.0.5",1,"Annual","positive","air@surface",62,60,2000,1940,20,1940,FALSE,TRUE,FALSE,TRUE,TRUE,FALSE,39,TRUE,FALSE,TRUE,TRUE,TRUE,"","criteria",TRUE,NA
"lcRkGYCzEK35kFcwonN","LCf80404513f4d64790a5f2dc174c922ac","paleo1measurement1","temperature","degC","pollen","pollen",TRUE,"EmrickLake.Spigel.2006","LakeSediment",43.8002,-89.5943,270,"Emrick Lake","1.0.6",1,"Jul","positive","air@surface",31,90,2010,1920,50,1920,FALSE,TRUE,FALSE,TRUE,TRUE,FALSE,6,TRUE,FALSE,TRUE,TRUE,TRUE,"","criteria",FALSE,"within-dataset"
"lcRKgZrOEXDHzTvUwCt","LC9d732362db698792b8631e1ee5beca13","paleo1measurement1","temperature","degC","pollen","pollen",FALSE,"LilyWarwick.Fuller.1998","LakeSediment",42.6884,-72.3372,269,"Lily Warwick","1.0.3",1,"Jul","positive","air@surface",61,710,1980,1270,20,1270,FALSE,TRUE,FALSE,TRUE,TRUE,FALSE,6,TRUE,FALSE,TRUE,TRUE,TRUE,"","criteria",FALSE,"within-dataset"
"lcRkHjckB8Ncrcko7R6","LC68e80590eb1df722c2e8e44718661916","paleo1measurement1","temperature","degC","pollen","pollen",FALSE,"Adange.Kvavadze.1989","FluvialSediment",43.3056,41.3333,1750,"Adange","1.0.5",1,"Jul","positive","air@surface",28,10,2010,2000,50,2000,FALSE,TRUE,FALSE,TRUE,TRUE,FALSE,4,TRUE,FALSE,TRUE,TRUE,TRUE,"","criteria",FALSE,"within-dataset"
"lcRKHr7xy4wV5LzwHMF","LC7733a2983fe6b78f86bf2ecfb95898ea","paleo1measurement1","temperature","degC","pollen","pollen",FALSE,"SharkeyLake.Camill.2003","LakeSediment",44.5924,-93.4132,305,"Sharkey Lake","1.0.8",1,"Jul","positive","air@surface",10,250,1140,890,50,890,FALSE,TRUE,FALSE,TRUE,TRUE,FALSE,13,TRUE,FALSE,TRUE,TRUE,TRUE,"","criteria",FALSE,"within-dataset"
"lcRKI9y1M5DUKWfGNC4","LC9b2ab436f41ea0623e1a05cf1d43ec65","paleo1measurement1","temperature","degC","pollen","pollen",FALSE,"Cernohorskeraseliniste.Speranza.2000","Peat",50.6612,15.7534,1206,"Cernohorske raseliniste","1.0.4",1,"Annual","positive","air@surface",34,100,2000,1900,50,1900,FALSE,TRUE,FALSE,TRUE,TRUE,FALSE,6,TRUE,FALSE,TRUE,TRUE,TRUE,"","criteria",FALSE,"within-dataset"
"lcRKla0inIbwLreLoWC","LCcc97a813d94806cb3eb9950d5fb07543","paleo1measurement1","temperature","degC","pollen","pollen",TRUE,"Tlstahora.Rybnickova.2005","Peat",48.8942,17.8886,460,"Tlsta hora","1.0.7",1,"Annual","positive","air@surface",33,10,2000,1990,40,1990,FALSE,TRUE,FALSE,TRUE,TRUE,FALSE,4,TRUE,FALSE,TRUE,TRUE,TRUE,"","criteria",TRUE,NA
"lcRkm4l90VPdeJmRBQC","LC146fc8277ff57fa79bd47f1c96dbf4f3","paleo1measurement1","temperature","degC","pollen","pollen",FALSE,"TaibaiLakeTN1.Tong.2009","LakeSediment",29.9957,115.8073,44,"Taibai Lake TN1","1.0.3",1,"Annual","positive","air@surface",95,660,2010,1350,10,1350,FALSE,TRUE,FALSE,TRUE,TRUE,FALSE,5,TRUE,FALSE,TRUE,TRUE,TRUE,"","criteria",FALSE,"within-dataset"
"lcRkMIqBACUNK01vBam","LC7fc79381681547f49983777930677e3f","paleo1measurement1","temperature","degC","pollen","pollen",TRUE,"IrwinSmithBog.Booth.2012","Peat",45.0265,-83.61,223,"Irwin Smith Bog","1.0.5",1,"Jul","positive","air@surface",39,50,1960,1910,50,1910,FALSE,TRUE,FALSE,TRUE,TRUE,FALSE,24,TRUE,FALSE,TRUE,TRUE,TRUE,"","criteria",FALSE,"within-dataset"
"lcRkMywe8oU9PV9VlrP","LC89c02913ec83498d5b848ac228341941","paleo1measurement1","temperature","degC","pollen","pollen",FALSE,"HerrenwieserSee.Rosch.2009","LakeSediment",48.6685,8.2955,830,"Herrenwieser See","1.0.3",1,"Jul","positive","air@surface",52,20,1990,1970,40,1970,FALSE,TRUE,FALSE,TRUE,TRUE,FALSE,15,TRUE,FALSE,TRUE,TRUE,TRUE,"","criteria",FALSE,"within-dataset"
"lcRKNh52s0mYUsyd9lx","LCda6697a1b768116bc53fd21daff63253","paleo1measurement1","temperature","degC","pollen","pollen",FALSE,"ChesapeakeBayMD992209.Willard.2005","MarineSediment",38.8861,-76.3944,0,"Chesapeake Bay (MD99-2209)","1.0.7",1,"Annual","positive","air@surface",51,240,1860,1620,30,1620,FALSE,TRUE,FALSE,TRUE,TRUE,FALSE,21,TRUE,FALSE,TRUE,TRUE,TRUE,"","criteria",FALSE,"within-dataset"
"lcRkNiKJnlmyMeT7gWg","LC613b7ed34faf1123dd056fac38de8464","paleo1measurement1","temperature","degC","pollen","pollen",FALSE,"OumiExposure.Anderson.2002","Peat",48.2167,138.4,990,"Oumi Exposure","1.0.3",1,"Jul","positive","air@surface",24,10,1660,1650,40,1650,FALSE,TRUE,FALSE,TRUE,TRUE,FALSE,5,TRUE,FALSE,TRUE,TRUE,TRUE,"","criteria",FALSE,"within-dataset"
"lcRKoyoRCMHM2hnFb0Y","LCbe87d192874cb2166b17613baa82c3b6","paleo1measurement1","temperature","degC","pollen","pollen",TRUE,"LakeKvarntrask.SarmajaKorjonen.1991","LakeSediment",60.3458,19.9717,14,"Lake Kvarntrask","1.0.3",1,"Annual","positive","air@surface",59,30,1990,1960,30,1960,FALSE,TRUE,FALSE,TRUE,TRUE,FALSE,4,TRUE,FALSE,TRUE,TRUE,TRUE,"","criteria",TRUE,NA
"lcRKoyvGIn2y3KKjI98","LC5a3f7a1b6df57cf550e3fee0c1a9dbd5","paleo1measurement1","temperature","degC","pollen","pollen",TRUE,"ChickareeLake.Dunnette.2014","LakeSediment",40.3341,-105.8411,2796,"Chickaree Lake","1.0.5",1,"Annual","positive","air@surface",41,50,2010,1960,50,1960,FALSE,TRUE,FALSE,TRUE,TRUE,FALSE,38,TRUE,FALSE,TRUE,TRUE,TRUE,"","criteria",TRUE,NA
"lcRKPfKTwF1kq4V8r0U","LC6f94e5cfb8965877650f244bd869ac37","paleo1measurement1","temperature","degC","pollen","floral assemblage",FALSE,"StewartBog.JimenezMoreno.2008","Peat",35.832,-105.722,NA,"Stewart Bog","1.0.10",1,"Annual","positive","air@surface",37,60,1980,1920,35,1920,FALSE,TRUE,FALSE,TRUE,TRUE,FALSE,12,TRUE,FALSE,TRUE,TRUE,TRUE,"","criteria",FALSE,"within-dataset"
"lcRkplz4aby2dW3rXky","LC4018b993a2846b0b1ceca92daea60555","paleo1measurement1","temperature","degC","pollen","pollen",FALSE,"Nanwangzhuang.Guo.1999","FluvialSediment",38.45,114.9167,24,"Nanwangzhuang","1.0.3",1,"Jul","positive","air@surface",37,50,1730,1680,40,1680,FALSE,TRUE,FALSE,TRUE,TRUE,FALSE,9,TRUE,FALSE,TRUE,TRUE,TRUE,"","criteria",FALSE,"within-dataset"
"lcRKPvTXVytCC9rGRDR","LC8176e4be9fe4580a20ca8acd1935eebb","paleo1measurement1","temperature","degC","pollen","pollen",FALSE,"MoonLake.Laird.1996","LakeSediment",46.8559,-98.1598,444,"Moon Lake","1.0.15",1,"Annual","positive","air@surface",48,110,1990,1880,30,1880,FALSE,TRUE,FALSE,TRUE,TRUE,FALSE,0,TRUE,TRUE,TRUE,TRUE,TRUE,"","criteria",FALSE,"within-dataset"
"lcRkQjQRW4EK2hj6zfT","LCd17c5dc02a2ae13ace50ac717f0f6cff","paleo1measurement1","temperature","degC","pollen","pollen",FALSE,"Litzelsee.Rosch.2016","LakeSediment",47.7679,8.9296,413,"Litzelsee","1.0.3",1,"Annual","positive","air@surface",113,40,2080,2040,10,2040,FALSE,TRUE,FALSE,TRUE,TRUE,FALSE,29,TRUE,FALSE,TRUE,TRUE,TRUE,"","criteria",FALSE,"within-dataset"
"lcRkrhnwq74qXQ7XzaO","LC82c627a76ba1042157d390377e9961c2","paleo1measurement1","temperature","degC","pollen","pollen",FALSE,"TaylorSloughSite15.Willard.1997","Peat",25.2019,-80.6872,5,"Taylor Slough Site 15","1.0.3",1,"Annual","positive","air@surface",18,1250,2000,750,40,750,FALSE,TRUE,FALSE,TRUE,TRUE,FALSE,5,TRUE,FALSE,TRUE,TRUE,TRUE,"","criteria",FALSE,"within-dataset"
"lcRKSRMkaFbCwyWn0SR","LCc0ede02b629a25347b79d87c97cb9f12","paleo1measurement1","temperature","degC","pollen","pollen",FALSE,"HorseshoeLake.Munoz.2014","LakeSediment",38.7018,-90.095,27,"Horseshoe Lake","1.0.3",1,"Jul","positive","air@surface",54,220,1990,1770,30,1770,FALSE,TRUE,FALSE,TRUE,TRUE,FALSE,9,TRUE,FALSE,TRUE,TRUE,TRUE,"","criteria",FALSE,"within-dataset"
"lcRkSsqrafiMfzVRFhU","LC484bbe5c39f8b795095f5175c9e1f378","paleo1measurement1","temperature","degC","pollen","pollen",TRUE,"ValhallaHollow.Kearsley.1995","Peat",44.3086,-74.3708,480,"Valhalla Hollow","1.0.3",1,"Jul","positive","air@surface",19,880,2000,1120,25,1120,FALSE,TRUE,FALSE,TRUE,TRUE,FALSE,3,TRUE,FALSE,TRUE,TRUE,TRUE,"","criteria",FALSE,"within-dataset"
"lcRKsXOf7L29yOip7Yl","LCee281c33b70bd4a07b6225b178fe9ed2","paleo1measurement1","temperature","degC","pollen","pollen",FALSE,"LochLaxford.Shotyk.1996","Peat",58.3725,-5.0367,137,"Loch Laxford","1.0.3",1,"Jul","positive","air@surface",42,660,1980,1320,30,1320,FALSE,TRUE,FALSE,TRUE,TRUE,FALSE,5,TRUE,FALSE,TRUE,TRUE,TRUE,"","criteria",FALSE,"within-dataset"
"lcRKtqdRhG7A3tJLj75","LC36849fcbede5404854435f65c39b4769","paleo1measurement1","temperature","degC","pollen","pollen",TRUE,"CienegadeSanBernadino.Blissett.2010","Other",31.3222,-109.2562,1118,"Cienega de San Bernadino","1.0.3",1,"Annual","positive","air@surface",51,210,1970,1760,20,1760,FALSE,TRUE,FALSE,TRUE,TRUE,FALSE,4,TRUE,FALSE,TRUE,TRUE,TRUE,"","criteria",TRUE,NA
"lcRKTzBzunx6g4ndbEq","LCca38c38becc0edce85a1cf3d5cbc5f5c","paleo1measurement1","temperature","degC","pollen","pollen",TRUE,"Minnreg.UmbanhowarJr.2004","LakeSediment",44.6934,-93.3212,297,"Minnreg","1.0.3",1,"Jul","positive","air@surface",15,1200,1910,710,45,710,FALSE,TRUE,FALSE,TRUE,TRUE,FALSE,4,TRUE,FALSE,TRUE,TRUE,TRUE,"","criteria",FALSE,"within-dataset"
"lcRKWbreMNcxYbM4AOT","LCd57fb6883cd7fe71f1c2871d24b13fff","paleo1measurement1","temperature","degC","pollen","pollen",FALSE,"Ballyduff.Stefanini.2008","Peat",53.0822,-7.992,60,"Ballyduff","1.0.5",1,"Annual","positive","air@surface",62,60,2000,1940,20,1940,FALSE,TRUE,FALSE,TRUE,TRUE,FALSE,39,TRUE,FALSE,TRUE,TRUE,TRUE,"","criteria",FALSE,"within-dataset"
"lcRKWObDWNrGCG1dAe4","LC2528ae10087abb06caeca58f8079389a","paleo1measurement1","temperature","degC","pollen","pollen",FALSE,"MaksimkinYar.Blyakharchuk.1980","Peat",58.6952,86.7855,150,"Maksimkin Yar","1.0.3",1,"Annual","positive","air@surface",10,680,1940,1260,90,1260,FALSE,TRUE,FALSE,TRUE,FALSE,FALSE,4,FALSE,FALSE,TRUE,TRUE,TRUE,"resolution;chronology","data-poor exception",FALSE,"within-dataset"
"lcRKWQKwaBzaKMrWNw5","LC18049d27c0d4b770f582f1c77f8e3fd9","paleo1measurement1","temperature","degC","pollen","pollen",FALSE,"LilyPond.Foster.2002","LakeSediment",42.4179,-72.3469,303,"Lily Pond","1.0.3",1,"Annual","positive","air@surface",74,110,2000,1890,20,1890,FALSE,TRUE,FALSE,TRUE,TRUE,FALSE,8,TRUE,FALSE,TRUE,TRUE,TRUE,"","criteria",FALSE,"within-dataset"
"lcRKww6yhhqFo0ioZzv","LCfc55adae18ea5979a5ec093b39ae3ec3","paleo1measurement1","temperature","degC","pollen","pollen",FALSE,"KnobHillPond.Oswald.2018","LakeSediment",44.3603,-72.373,378,"Knob Hill Pond","1.0.8",1,"Jul","positive","air@surface",49,10,2040,2030,50,2030,FALSE,TRUE,FALSE,TRUE,TRUE,FALSE,14,TRUE,FALSE,TRUE,TRUE,TRUE,"","criteria",FALSE,"within-dataset"
"lcRKXHkOBR4CWd1961I","LC6f993ff5a55b1140469f76b3a61c022c","paleo1measurement1","temperature","degC","pollen","pollen",TRUE,"MiddleNorthCoombe.Fyfe.2004","Peat",50.9339,-3.4333,122,"Middle North Coombe","1.0.3",1,"Annual","positive","air@surface",28,240,2000,1760,50,1760,FALSE,TRUE,FALSE,TRUE,TRUE,FALSE,4,TRUE,FALSE,TRUE,TRUE,TRUE,"","criteria",TRUE,NA
"lcRkYEsDac56I5J2eiR","LCfc55adae18ea5979a5ec093b39ae3ec3","paleo1measurement1","temperature","degC","pollen","pollen",TRUE,"KnobHillPond.Oswald.2018","LakeSediment",44.3603,-72.373,378,"Knob Hill Pond","1.0.8",1,"Jul","positive","air@surface",49,10,2040,2030,50,2030,FALSE,TRUE,FALSE,TRUE,TRUE,FALSE,14,TRUE,FALSE,TRUE,TRUE,TRUE,"","criteria",FALSE,"within-dataset"
"lcRkyuxWycPxMvGzKYA","LC9f100b08c7659d493aeb585373be787d","paleo1measurement1","temperature","degC","pollen","pollen",FALSE,"Kralovec.Rybnickova.2005","Peat",49.1319,18.0278,599,"Kralovec","1.0.3",1,"Jul","positive","air@surface",26,730,2000,1270,50,1270,FALSE,TRUE,FALSE,TRUE,TRUE,FALSE,4,TRUE,FALSE,TRUE,TRUE,TRUE,"","criteria",FALSE,"within-dataset"
"lcRKzekCJRxt0jECxYh","LCdf2db814cc9abf789b3593dd5d0bb4fd","paleo1measurement1","temperature","degC","pollen","pollen",FALSE,"LakeSambosjon.Digerfeldt.1982","LakeSediment",57.1631,12.4143,35,"Lake Sambosjon","1.0.5",1,"Jul","positive","air@surface",28,50,1910,1860,40,1860,FALSE,TRUE,FALSE,TRUE,TRUE,FALSE,15,TRUE,FALSE,TRUE,TRUE,TRUE,"","criteria",FALSE,"within-dataset"
"lcRKzeMfW9iR6kuyKMZ","LCebfeb762332f122e49ab420907c85bd5","paleo1measurement1","temperature","degC","pollen","pollen",FALSE,"BuckbeanBog.Heinrichs.1999","Peat",49.1191,-119.683,1803,"Buckbean Bog","1.0.5",1,"Annual","positive","air@surface",25,70,2010,1940,50,1940,FALSE,TRUE,FALSE,TRUE,TRUE,FALSE,6,TRUE,FALSE,TRUE,TRUE,TRUE,"","criteria",FALSE,"within-dataset"
"lcRKZpGOrNdwOtKbeDI","LC6c5c0db5c21ab355c41dd706fa3fa9f8","paleo1measurement1","temperature","degC","pollen","pollen",FALSE,"HornstaadHornle.Rosch.1992","LakeSediment",47.6946,9.0066,385,"Hornstaad-Hornle","1.0.5",1,"Jul","positive","air@surface",186,10,1960,1950,10,1950,FALSE,TRUE,FALSE,TRUE,TRUE,FALSE,15,TRUE,FALSE,TRUE,TRUE,TRUE,"","criteria",FALSE,"within-dataset"
"lcRL0t0F5mG5a3uLHii","LC79b5b45a7fe015c7fa2ded7e1cc5e546","paleo1measurement1","temperature","degC","pollen","pollen",FALSE,"WaterConservationArea2ASite2SiteF1.Willard.1997","Peat",26.3597,-80.3706,5,"Water Conservation Area 2A, Site 2 (Site F1)","1.0.3",1,"Jul","positive","air@surface",26,10,2060,2050,40,2050,FALSE,TRUE,FALSE,TRUE,TRUE,FALSE,7,TRUE,FALSE,TRUE,TRUE,TRUE,"","criteria",FALSE,"within-dataset"
"lcRL10nYIH7h92ROy0P","LCf8f7f556916728039f22cffb4980cee8","paleo1measurement1","temperature","degC","pollen","pollen",FALSE,"TrinityRiverbayhead.Anderson.2008","FluvialSediment",29.7662,-94.7082,0,"Trinity River bayhead","1.0.3",1,"Annual","positive","air@surface",28,30,950,920,30,920,FALSE,TRUE,FALSE,TRUE,TRUE,FALSE,6,TRUE,FALSE,TRUE,TRUE,TRUE,"","criteria",FALSE,"within-dataset"
"lcRl6P7hur3tD8E4QWW","LCe90679c1b5177a9cda38a41661c97057","paleo1measurement1","temperature","degC","pollen","floral assemblage",TRUE,"CranberryLake.author.1111","LakeSediment",44.1,-78.1,170,"Cranberry Lake","1.0.4",1,"Annual","positive","air@surface",35,30,1990,1960,50,1960,FALSE,TRUE,FALSE,TRUE,TRUE,FALSE,7,TRUE,FALSE,TRUE,TRUE,TRUE,"","criteria",FALSE,"within-dataset"
"lcRl7wauU0vayhd9X2h","LC3057f0d13fc379dacc99be8bc9c7a5af","paleo1measurement1","temperature","degC","pollen","pollen",TRUE,"LoxahatcheeNationalWildlifeRefugeSite1EPASite7.Willard.1997","Peat",26.4811,-80.4156,5,"Loxahatchee National Wildlife Refuge Site 1 (EPA Site 7)","1.0.3",1,"Jul","positive","air@surface",28,510,1990,1480,50,1480,FALSE,TRUE,FALSE,TRUE,TRUE,FALSE,5,TRUE,FALSE,TRUE,TRUE,TRUE,"","criteria",FALSE,"within-dataset"
"lcRlaNJRJ32rIbPokjp","LC43e99a2022f117d533ef246c5c0797b9","paleo1measurement1","temperature","degC","pollen","pollen",FALSE,"FontSalesse.deBeaulieu.1969","Peat",43.6017,2.9789,1060,"Font Salesse","1.0.3",1,"Jul","positive","air@surface",14,1390,1970,580,30,580,FALSE,TRUE,FALSE,TRUE,TRUE,FALSE,2,TRUE,FALSE,TRUE,TRUE,TRUE,"","criteria",FALSE,"within-dataset"
"lcRlbbyFRYfPkReRi2G","LC0b2367fe15f0dd5b5fcef3c9e17d135f","paleo1measurement1","temperature","degC","pollen","pollen",FALSE,"Lavare.Barbier.1999","Peat",48.4333,-0.9167,205,"Lavare","1.0.3",1,"Annual","positive","air@surface",31,20,1920,1900,50,1900,FALSE,TRUE,FALSE,TRUE,TRUE,FALSE,6,TRUE,FALSE,TRUE,TRUE,TRUE,"","criteria",FALSE,"within-dataset"
"lcRLdaHyOExPph7QjH8","LCf6415cac0a63bd9f68d1ee7a4222de70","paleo1measurement1","temperature","degC","pollen","pollen",FALSE,"OverGunnarsfjorden.Allen.2007","LakeSediment",71.0381,28.1691,78,"Over Gunnarsfjorden","1.0.8",1,"Jul","positive","air@surface",43,10,2000,1990,50,1990,FALSE,TRUE,FALSE,TRUE,TRUE,FALSE,23,TRUE,FALSE,TRUE,TRUE,TRUE,"","criteria",FALSE,"within-dataset"
"lcRLdSGEk6ODrHe4OHk","LC98c53e9ab41a1e97d40dd97be89fff82","paleo1measurement1","temperature","degC","pollen","pollen",FALSE,"Durchenbergried.Rosch.1990","Peat",47.775,8.9788,432,"Durchenbergried","1.0.6",1,"Annual","positive","air@surface",56,10,1990,1980,30,1980,FALSE,TRUE,FALSE,TRUE,TRUE,FALSE,51,TRUE,FALSE,TRUE,TRUE,TRUE,"","criteria",FALSE,"within-dataset"
"lcRLDTlgb8iOjDOBOFf","LC17a5f417c16199d4939de1bcc4884c0b","paleo1measurement1","temperature","degC","pollen","floral assemblage",TRUE,"PrazRodet.vanderKnaap.2000","Peat",46.5667,6.1736,1040,"Praz Rodet","1.0.6",1,"Annual","positive","air@surface",65,40,2010,1970,25,1970,FALSE,TRUE,FALSE,TRUE,TRUE,FALSE,16,TRUE,FALSE,TRUE,TRUE,TRUE,"","criteria",TRUE,NA
"lcRLH1DOwiwxal0SPxx","LC2f1c19abf8440428bc98b1bd1cabf58b","paleo1measurement1","temperature","degC","pollen","pollen",FALSE,"QigaiNuur.Sun.2013","LakeSediment",72.3989,102.2886,60,"Qigai Nuur","1.1.0",1,"Jul","positive","air@surface",83,10,1970,1960,20,1960,FALSE,TRUE,FALSE,TRUE,TRUE,FALSE,18,TRUE,FALSE,TRUE,TRUE,TRUE,"","criteria",FALSE,"within-dataset"
"lcRlHhmoP2hEPOGpgVS","LC2528ae10087abb06caeca58f8079389a","paleo1measurement1","temperature","degC","pollen","pollen",FALSE,"MaksimkinYar.Blyakharchuk.1980","Peat",58.6952,86.7855,150,"Maksimkin Yar","1.0.3",1,"Annual","positive","air@surface",10,680,1940,1260,90,1260,FALSE,TRUE,FALSE,TRUE,FALSE,FALSE,4,FALSE,FALSE,TRUE,TRUE,TRUE,"resolution;chronology","data-poor exception",FALSE,"within-dataset"
"lcRlHORqReK0wmEXzk9","LCdf2db814cc9abf789b3593dd5d0bb4fd","paleo1measurement1","temperature","degC","pollen","pollen",TRUE,"LakeSambosjon.Digerfeldt.1982","LakeSediment",57.1631,12.4143,35,"Lake Sambosjon","1.0.5",1,"Annual","positive","air@surface",28,50,1910,1860,40,1860,FALSE,TRUE,FALSE,TRUE,TRUE,FALSE,15,TRUE,FALSE,TRUE,TRUE,TRUE,"","criteria",TRUE,NA
"lcRLi0VNGcDLdqhUarl","LC2ea67c5bffbce840edf91e388dbdb1f6","paleo1measurement1","temperature","degC","pollen","pollen",FALSE,"Foula.Shotyk.1996","Peat",60.1374,-2.0793,170,"Foula","1.0.3",1,"Annual","positive","air@surface",44,1220,1980,760,20,760,FALSE,TRUE,FALSE,TRUE,TRUE,FALSE,4,TRUE,FALSE,TRUE,TRUE,TRUE,"","criteria",FALSE,"within-dataset"
"lcRliwyLYzqvBq0AE5i","LCa59abc4cb5398ba6538f4f98fcd3b782","paleo1measurement1","temperature","degC","pollen","pollen",FALSE,"SlishLake.Dodson.1987","LakeSediment",54.2439,-8.3719,48,"Slish Lake","1.0.3",1,"Annual","positive","air@surface",39,10,1930,1920,40,1920,FALSE,TRUE,FALSE,TRUE,TRUE,FALSE,3,TRUE,FALSE,TRUE,TRUE,TRUE,"","criteria",FALSE,"within-dataset"
"lcRLJQDAp28iZXAhorh","LCd89f21818ba068176fc2641268994d89","paleo1measurement1","temperature","degC","pollen","pollen",TRUE,"EinGedi.Litt.2012","MarineSediment",31.4189,35.3883,NA,"Ein Gedi","1.0.4",1,"Jul","positive","air@surface",13,50,1920,1870,155,1870,FALSE,TRUE,FALSE,TRUE,TRUE,FALSE,20,TRUE,FALSE,TRUE,TRUE,TRUE,"","criteria",FALSE,"within-dataset"
"lcRlklMlZKHD1ntJD3M","LC01b139d1e37ee2fd9c3c2bf7480d9de1","paleo1measurement1","temperature","degC","pollen","pollen",FALSE,"SehestedterAussendeichsmoor.Behre.2005","Peat",53.4389,8.3071,4,"Sehestedter Aussendeichsmoor","1.0.3",1,"Annual","positive","air@surface",84,10,1980,1970,20,1970,FALSE,TRUE,FALSE,TRUE,TRUE,FALSE,9,TRUE,FALSE,TRUE,TRUE,TRUE,"","criteria",FALSE,"within-dataset"
"lcRllZT8TTKcyCGFSS8","LC9f100b08c7659d493aeb585373be787d","paleo1measurement1","temperature","degC","pollen","pollen",TRUE,"Kralovec.Rybnickova.2005","Peat",49.1319,18.0278,599,"Kralovec","1.0.3",1,"Jul","positive","air@surface",26,730,2000,1270,50,1270,FALSE,TRUE,FALSE,TRUE,TRUE,FALSE,4,TRUE,FALSE,TRUE,TRUE,TRUE,"","criteria",FALSE,"within-dataset"
"lcRlP15sOUBp5e17jMV","LC3448e48d8bb9bd8cde69f553c589e259","paleo1measurement1","temperature","degC","pollen","pollen",FALSE,"MinnesotaPoint.Nurse.2017","FluvialSediment",46.7334,-92.065,184,"Minnesota Point","1.0.3",1,"Jul","positive","air@surface",20,1210,2050,840,40,840,FALSE,TRUE,FALSE,TRUE,TRUE,FALSE,15,TRUE,FALSE,TRUE,TRUE,TRUE,"","criteria",FALSE,"within-dataset"
"lcRLQIGohWSONSEPADo","LC7f871300b4ec3cf71ed37adc0d16de65","paleo1measurement1","temperature","degC","pollen","pollen",TRUE,"HellHoleLake.Hotchkiss.2007","LakeSediment",45.7866,-92.219,298,"Hell Hole Lake","1.0.3",1,"Jul","positive","air@surface",37,60,2010,1950,50,1950,FALSE,TRUE,FALSE,TRUE,TRUE,FALSE,6,TRUE,FALSE,TRUE,TRUE,TRUE,"","criteria",FALSE,"within-dataset"
"lcRlS8LtISNbOYicXA3","LCc0330cab7fbaca277fe6aecbcfbb9dcd","paleo1measurement1","temperature","degC","pollen","pollen",FALSE,"PiermontMarsh.Pederson.2005","Peat",41.0276,-73.9084,0,"Piermont Marsh","1.0.3",1,"Annual","positive","air@surface",51,690,2010,1320,20,1320,FALSE,TRUE,FALSE,TRUE,TRUE,FALSE,9,TRUE,FALSE,TRUE,TRUE,TRUE,"","criteria",FALSE,"within-dataset"
"lcRLVl3zBDhLwkMcfOb","LCda6697a1b768116bc53fd21daff63253","paleo1measurement1","temperature","degC","pollen","pollen",TRUE,"ChesapeakeBayMD992209.Willard.2005","MarineSediment",38.8861,-76.3944,0,"Chesapeake Bay (MD99-2209)","1.0.7",1,"Jul","positive","air@surface",51,240,1860,1620,30,1620,FALSE,TRUE,FALSE,TRUE,TRUE,FALSE,21,TRUE,FALSE,TRUE,TRUE,TRUE,"","criteria",FALSE,"within-dataset"
"lcRLwiA8tO05U4BANvh","LC6c5c0db5c21ab355c41dd706fa3fa9f8","paleo1measurement1","temperature","degC","pollen","pollen",FALSE,"HornstaadHornle.Rosch.1992","LakeSediment",47.6946,9.0066,385,"Hornstaad-Hornle","1.0.5",1,"Annual","positive","air@surface",186,10,1960,1950,10,1950,FALSE,TRUE,FALSE,TRUE,TRUE,FALSE,15,TRUE,FALSE,TRUE,TRUE,TRUE,"","criteria",FALSE,"within-dataset"
"lcRLX5CQOp4dzwu8q14","LCda07198f26f8b2bfd2bc472b9f8aa4fe","paleo1measurement1","temperature","degC","pollen","pollen",FALSE,"IsleauHautNorthHollow.Schauffler.1998","LakeSediment",44.0651,-68.6354,75,"Isle au Haut North Hollow","1.0.3",1,"Jul","positive","air@surface",40,200,1860,1660,40,1660,FALSE,TRUE,FALSE,TRUE,TRUE,FALSE,4,TRUE,FALSE,TRUE,TRUE,TRUE,"","criteria",FALSE,"within-dataset"
"lcRLX82vWghVlIi14PD","LCadcfe8536795f68ee6e81530b65fa188","paleo1measurement1","temperature","degC","pollen","pollen",FALSE,"PenaNegra.AbelSchaad.2013","Peat",40.3347,-5.7922,1258,"Pena Negra","1.0.3",1,"Jul","positive","air@surface",44,130,2010,1880,40,1880,FALSE,TRUE,FALSE,TRUE,TRUE,FALSE,7,TRUE,FALSE,TRUE,TRUE,TRUE,"","criteria",FALSE,"within-dataset"
"lcRlZrcfXewvBCRS55H","LC5cd0bf1248bd51ce10c4cd494558d64b","paleo1measurement1","temperature","degC","pollen","pollen",TRUE,"SummitLake.Calder.2016","LakeSediment",40.5455,-106.6824,3149,"Summit Lake","1.0.3",1,"Annual","positive","air@surface",52,10,2020,2010,40,2010,FALSE,TRUE,FALSE,TRUE,TRUE,FALSE,11,TRUE,FALSE,TRUE,TRUE,TRUE,"","criteria",TRUE,NA
"lcRM1GqhmzRgtKKhcTD","LC7102aac5df21f90970ef90fb0a5808cb","paleo1measurement1","temperature","degC","pollen","pollen",FALSE,"Fuschlsee.Voigt.1996","LakeSediment",47.8042,13.2747,663,"Fuschlsee","1.0.5",1,"Jul","positive","air@surface",40,40,1980,1940,40,1940,FALSE,TRUE,FALSE,TRUE,TRUE,FALSE,20,TRUE,FALSE,TRUE,TRUE,TRUE,"","criteria",FALSE,"within-dataset"
"lcRm1jjYWI3eHihNvxM","LC9bd907f50becc892b0047bf9ecf13c06","paleo1measurement1","temperature","degC","pollen","pollen",FALSE,"Culazon.LopezSaez.2013","Peat",43.2328,-4.4892,592,"Culazon","1.0.5",1,"Annual","positive","air@surface",56,430,2030,1600,10,1600,FALSE,TRUE,FALSE,TRUE,TRUE,FALSE,12,TRUE,FALSE,TRUE,TRUE,TRUE,"","criteria",FALSE,"within-dataset"
"lcRm2sN4hyadjDyRv5Z","LC6610c4e4625f88c5de2c203e6b0a36e5","paleo1measurement1","temperature","degC","pollen","pollen",TRUE,"PathLake.Neil.2014Legacy","LakeSediment",43.872,-64.9288,10,"Path Lake","1.0.5",1,"Annual","positive","air@surface",59,20,1990,1970,30,1970,FALSE,TRUE,FALSE,TRUE,TRUE,FALSE,6,TRUE,FALSE,TRUE,TRUE,TRUE,"","criteria",FALSE,"within-dataset"
"lcRM3x4W9sUroDKhUuT","LC7fc79381681547f49983777930677e3f","paleo1measurement1","temperature","degC","pollen","pollen",FALSE,"IrwinSmithBog.Booth.2012","Peat",45.0265,-83.61,223,"Irwin Smith Bog","1.0.5",1,"Jul","positive","air@surface",39,50,1960,1910,50,1910,FALSE,TRUE,FALSE,TRUE,TRUE,FALSE,24,TRUE,FALSE,TRUE,TRUE,TRUE,"","criteria",FALSE,"within-dataset"
"lcRm8043cFw3630k1kf","LCbf5b81c1ba95409515abcb35b85a4507","paleo1measurement1","temperature","degC","pollen","pollen",FALSE,"Lacawac.Russell.1993","LakeSediment",41.3821,-75.2913,443,"Lacawac","1.0.3",1,"Jul","positive","air@surface",26,1250,1980,730,20,730,FALSE,TRUE,FALSE,TRUE,TRUE,FALSE,12,TRUE,FALSE,TRUE,TRUE,TRUE,"","criteria",FALSE,"within-dataset"
"lcRm8uOGiFk7Xec24Kp","LCd45b4f0f21add22fe80f74c8111ad9e9","paleo1measurement1","temperature","degC","pollen","pollen",FALSE,"PasacacoPond.author.1111","LakeSediment",41.5167,-71.45,3,"Pasacaco Pond","1.0.3",1,"Annual","positive","air@surface",50,800,1960,1160,20,1160,FALSE,TRUE,FALSE,TRUE,TRUE,FALSE,3,TRUE,FALSE,TRUE,TRUE,TRUE,"","criteria",FALSE,"within-dataset"
"lcRm996RiwDf4WKjd3a","LCd982ea989d8a7fff48a48af9739f9ad4","paleo1measurement1","temperature","degC","pollen","pollen",FALSE,"Songjiang.Zhang.2008","FluvialSediment",50.4,80.4667,210,"Songjiang","1.0.3",1,"Jul","positive","air@surface",12,1210,1990,780,50,780,FALSE,TRUE,FALSE,TRUE,TRUE,FALSE,5,TRUE,FALSE,TRUE,TRUE,TRUE,"","criteria",FALSE,"within-dataset"
"lcRm9UA5zG0RWeBuJjm","LCda07198f26f8b2bfd2bc472b9f8aa4fe","paleo1measurement1","temperature","degC","pollen","pollen",FALSE,"IsleauHautNorthHollow.Schauffler.1998","LakeSediment",44.0651,-68.6354,75,"Isle au Haut North Hollow","1.0.3",1,"Jul","positive","air@surface",40,200,1860,1660,40,1660,FALSE,TRUE,FALSE,TRUE,TRUE,FALSE,4,TRUE,FALSE,TRUE,TRUE,TRUE,"","criteria",FALSE,"within-dataset"
"lcRmAqC19hAc5agg7e0","LC1d4fafdcc8f99c4b8be79bb115a409e2","paleo1measurement1","temperature","degC","pollen","pollen",FALSE,"Vladar.Pokorny.2006","LakeSediment",50.0786,13.214,612,"Vladar","1.0.3",1,"Annual","positive","air@surface",47,10,1990,1980,30,1980,FALSE,TRUE,FALSE,TRUE,TRUE,FALSE,6,TRUE,FALSE,TRUE,TRUE,TRUE,"","criteria",FALSE,"within-dataset"
"lcRmBHen52iY7ba96xW","LC05b2b0a5a9a299458771f6e66c980e79","paleo1measurement1","temperature","degC","pollen","pollen",FALSE,"Loddigsee.Jahns.2007","LakeSediment",53.4333,11.85,43,"Loddigsee","1.0.4",1,"Jul","positive","air@surface",57,40,1990,1950,30,1950,FALSE,TRUE,FALSE,TRUE,TRUE,FALSE,13,TRUE,FALSE,TRUE,TRUE,TRUE,"","criteria",FALSE,"within-dataset"
"lcRmC0zyUbxqTKccwp3","LC72f8928ba06f70632c84cc15f6dd95af","paleo1measurement1","temperature","degC","pollen","pollen",TRUE,"LilyLake.Hotchkiss.2007","LakeSediment",45.901,-92.273,297,"Lily Lake","1.0.4",1,"Annual","positive","air@surface",33,130,2030,1900,50,1900,FALSE,TRUE,FALSE,TRUE,TRUE,FALSE,13,TRUE,FALSE,TRUE,TRUE,TRUE,"","criteria",TRUE,NA
"lcRMC7srLaAtur6EX8e","LC8176e4be9fe4580a20ca8acd1935eebb","paleo1measurement1","temperature","degC","pollen","pollen",FALSE,"MoonLake.Laird.1996","LakeSediment",46.8559,-98.1598,444,"Moon Lake","1.0.15",1,"Annual","positive","air@surface",48,110,1990,1880,30,1880,FALSE,TRUE,FALSE,TRUE,TRUE,FALSE,0,TRUE,TRUE,TRUE,TRUE,TRUE,"","criteria",FALSE,"within-dataset"
"lcRmD9MKWtvMoVJxvPv","LC93603a722d6fc3a8de2ca82636b07614","paleo1measurement1","temperature","degC","pollen","pollen",FALSE,"MissionCrossBog.Allan.2003","LakeSediment",41.7847,-115.4836,2424,"Mission Cross Bog","1.0.3",1,"Jul","positive","air@surface",34,180,1950,1770,40,1770,FALSE,TRUE,FALSE,TRUE,TRUE,FALSE,8,TRUE,FALSE,TRUE,TRUE,TRUE,"","criteria",FALSE,"within-dataset"
"lcRMDxFrfv0GLIIwFjR","LC1ccf114d1af4b36060b02052511e485e","paleo1measurement1","temperature","degC","pollen","pollen",FALSE,"MolesChamber.Fyfe.2012","Peat",51.1394,-3.8328,421,"Moles Chamber","1.0.3",1,"Annual","positive","air@surface",47,80,1920,1840,30,1840,FALSE,TRUE,FALSE,TRUE,TRUE,FALSE,6,TRUE,FALSE,TRUE,TRUE,TRUE,"","criteria",FALSE,"within-dataset"
"lcRmdzjDHRbFAu0h351","LCcfea792613956259f5ad02e040df94d7","paleo1measurement1","temperature","degC","pollen","pollen",FALSE,"MaboMoss.Goransson.1977","Peat",58.0211,16.056,117,"Mabo Moss","1.1.0",1,"Jul","positive","air@surface",35,130,1690,1560,50,1560,FALSE,TRUE,FALSE,TRUE,TRUE,FALSE,17,TRUE,FALSE,TRUE,TRUE,TRUE,"","criteria",FALSE,"within-dataset"
"lcRmEd7pKD0mI8kPCdN","LC613b7ed34faf1123dd056fac38de8464","paleo1measurement1","temperature","degC","pollen","pollen",FALSE,"OumiExposure.Anderson.2002","Peat",48.2167,138.4,990,"Oumi Exposure","1.0.3",1,"Annual","positive","air@surface",24,10,1660,1650,40,1650,FALSE,TRUE,FALSE,TRUE,TRUE,FALSE,5,TRUE,FALSE,TRUE,TRUE,TRUE,"","criteria",FALSE,"within-dataset"
"lcRMEfFnggfpV6otxVQ","LC43e99a2022f117d533ef246c5c0797b9","paleo1measurement1","temperature","degC","pollen","pollen",FALSE,"FontSalesse.deBeaulieu.1969","Peat",43.6017,2.9789,1060,"Font Salesse","1.0.3",1,"Annual","positive","air@surface",14,1390,1970,580,30,580,FALSE,TRUE,FALSE,TRUE,TRUE,FALSE,2,TRUE,FALSE,TRUE,TRUE,TRUE,"","criteria",FALSE,"within-dataset"
"lcRmfXYHpKoxRyZ47mb","LC72f8928ba06f70632c84cc15f6dd95af","paleo1measurement1","temperature","degC","pollen","pollen",FALSE,"LilyLake.Hotchkiss.2007","LakeSediment",45.901,-92.273,297,"Lily Lake","1.0.4",1,"Jul","positive","air@surface",33,130,2030,1900,50,1900,FALSE,TRUE,FALSE,TRUE,TRUE,FALSE,13,TRUE,FALSE,TRUE,TRUE,TRUE,"","criteria",FALSE,"within-dataset"
"lcRmG0zRQQ5f6hPZV0d","LC89c02913ec83498d5b848ac228341941","paleo1measurement1","temperature","degC","pollen","pollen",TRUE,"HerrenwieserSee.Rosch.2009","LakeSediment",48.6685,8.2955,830,"Herrenwieser See","1.0.3",1,"Annual","positive","air@surface",52,20,1990,1970,40,1970,FALSE,TRUE,FALSE,TRUE,TRUE,FALSE,15,TRUE,FALSE,TRUE,TRUE,TRUE,"","criteria",TRUE,NA
"lcRmGFUHcEL1YBKkXiQ","LCfb8f08ba4796986d0e87f8b0dea026e4","paleo1measurement1","temperature","degC","pollen","pollen",TRUE,"Labradillosmire.RoblesLopez.2017","Peat",40.3447,-4.5706,1460,"Labradillos mire","1.0.3",1,"Jul","positive","air@surface",25,490,1980,1490,50,1490,FALSE,TRUE,FALSE,TRUE,TRUE,FALSE,5,TRUE,FALSE,TRUE,TRUE,TRUE,"","criteria",FALSE,"within-dataset"
"lcRMghdNv9txGECJ4bM","LCcc97a813d94806cb3eb9950d5fb07543","paleo1measurement1","temperature","degC","pollen","pollen",FALSE,"Tlstahora.Rybnickova.2005","Peat",48.8942,17.8886,460,"Tlsta hora","1.0.7",1,"Annual","positive","air@surface",33,10,2000,1990,40,1990,FALSE,TRUE,FALSE,TRUE,TRUE,FALSE,4,TRUE,FALSE,TRUE,TRUE,TRUE,"","criteria",FALSE,"within-dataset"
"lcRMiUtGCb4ZaDb1eN9","LC027bb84dde1b623df4af382dbc723e96","paleo1measurement1","temperature","degC","pollen","pollen",FALSE,"OgacLake.Doner.2001","LakeSediment",62.8455,-67.3415,5,"Ogac Lake","1.0.3",1,"Jul","positive","air@surface",40,10,1920,1910,50,1910,FALSE,TRUE,FALSE,TRUE,TRUE,FALSE,5,TRUE,FALSE,TRUE,TRUE,TRUE,"","criteria",FALSE,"within-dataset"
"lcRMJeX1lI1CtrIv8Qe","LC68e80590eb1df722c2e8e44718661916","paleo1measurement1","temperature","degC","pollen","pollen",FALSE,"Adange.Kvavadze.1989","FluvialSediment",43.3056,41.3333,1750,"Adange","1.0.5",1,"Annual","positive","air@surface",28,10,2010,2000,50,2000,FALSE,TRUE,FALSE,TRUE,TRUE,FALSE,4,TRUE,FALSE,TRUE,TRUE,TRUE,"","criteria",FALSE,"within-dataset"
"lcRMJLaG98d0y125Rol","LC35a486413b4b9991184a2fbd56495b76","paleo1measurement1","temperature","degC","pollen","pollen",FALSE,"MindenBog.Booth.2003","Peat",43.6037,-82.8639,239,"Minden Bog","1.0.3",1,"Annual","positive","air@surface",67,10,1970,1960,10,1960,FALSE,TRUE,FALSE,TRUE,TRUE,FALSE,11,TRUE,FALSE,TRUE,TRUE,TRUE,"","criteria",FALSE,"within-dataset"
"lcRmJMFYgpMjuXINmav","LC1af1af0e952e8967a96627e8602dc452","paleo1measurement1","temperature","degC","pollen","pollen",FALSE,"DevilsLakeCreelBay.Jacobson.1989","LakeSediment",48.0859,-98.9293,443,"Devils Lake, Creel Bay","1.0.4",1,"Annual","positive","air@surface",18,200,1990,1790,20,1790,FALSE,TRUE,FALSE,TRUE,TRUE,FALSE,28,TRUE,FALSE,TRUE,TRUE,TRUE,"","criteria",FALSE,"within-dataset"
"lcRMjPxiNbZbc0gq8Fd","LC12f454481626c65dd1385b2dcf44fca6","paleo1measurement1","temperature","degC","pollen","pollen",FALSE,"Verkhnee.Beer.2008","LakeSediment",41.3091,72.9576,1440,"Verkhnee","1.0.3",1,"Jul","positive","air@surface",71,410,1980,1570,20,1570,FALSE,TRUE,FALSE,TRUE,TRUE,FALSE,4,TRUE,FALSE,TRUE,TRUE,TRUE,"","criteria",FALSE,"within-dataset"
"lcRMJsvjiYhwKyemw3w","LC081056bd799e1360af038eeb73c0dcf8","paleo1measurement1","temperature","degC","pollen","pollen",FALSE,"LakeEmilyNortheastBasin.UmbanhowarJr.2004","LakeSediment",44.3138,-93.9144,296,"Lake Emily, Northeast Basin","1.0.3",1,"Annual","positive","air@surface",15,1150,1790,640,35,640,FALSE,TRUE,FALSE,TRUE,TRUE,FALSE,3,TRUE,FALSE,TRUE,TRUE,TRUE,"","criteria",FALSE,"within-dataset"
"lcRmKFbGQhS2kgh0dyQ","LC152754a16cb016b7b1a193745db5597e","paleo1measurement1","temperature","degC","pollen","pollen",FALSE,"KellysLough.Leira.2007","LakeSediment",52.9585,-6.4257,585,"Kelly's Lough","1.0.5",1,"Jul","positive","air@surface",41,30,1960,1930,40,1930,FALSE,TRUE,FALSE,TRUE,TRUE,FALSE,17,TRUE,FALSE,TRUE,TRUE,TRUE,"","criteria",FALSE,"within-dataset"
"lcRmKGGDiDgavNHWjFs","LCb35beb548a760ab71b45be2f03bbd596","paleo1measurement1","temperature","degC","pollen","pollen",FALSE,"MudCreekSite1.Willard.1997","Peat",25.2197,-80.6047,5,"Mud Creek Site 1","1.0.3",1,"Annual","positive","air@surface",38,130,2010,1880,30,1880,FALSE,TRUE,FALSE,TRUE,TRUE,FALSE,5,TRUE,FALSE,TRUE,TRUE,TRUE,"","criteria",FALSE,"within-dataset"
"lcRmKm8uf9zvfBGKI7Q","LCdbf7ba3ed538c2d87f0c529a9cf1b15f","paleo1measurement1","temperature","degC","pollen","pollen",FALSE,"ArroyodeNavalacarreta.MoralesMolino.2017","Other",40.8522,-4.0311,1250,"Arroyo de Navalacarreta","1.0.3",1,"Jul","positive","air@surface",37,1280,1980,700,20,700,FALSE,TRUE,FALSE,TRUE,TRUE,FALSE,3,TRUE,FALSE,TRUE,TRUE,TRUE,"","criteria",FALSE,"within-dataset"
"lcRMlTvu0BVZRITFSWQ","LC081056bd799e1360af038eeb73c0dcf8","paleo1measurement1","temperature","degC","pollen","pollen",FALSE,"LakeEmilyNortheastBasin.UmbanhowarJr.2004","LakeSediment",44.3138,-93.9144,296,"Lake Emily, Northeast Basin","1.0.3",1,"Jul","positive","air@surface",15,1150,1790,640,35,640,FALSE,TRUE,FALSE,TRUE,TRUE,FALSE,3,TRUE,FALSE,TRUE,TRUE,TRUE,"","criteria",FALSE,"within-dataset"
"lcRMmTsh2cdAwYa3Cs0","LCdbf7ba3ed538c2d87f0c529a9cf1b15f","paleo1measurement1","temperature","degC","pollen","pollen",FALSE,"ArroyodeNavalacarreta.MoralesMolino.2017","Other",40.8522,-4.0311,1250,"Arroyo de Navalacarreta","1.0.3",1,"Annual","positive","air@surface",37,1280,1980,700,20,700,FALSE,TRUE,FALSE,TRUE,TRUE,FALSE,3,TRUE,FALSE,TRUE,TRUE,TRUE,"","criteria",FALSE,"within-dataset"
"lcRmmtyeJtuA8Fzzdzs","LC3448e48d8bb9bd8cde69f553c589e259","paleo1measurement1","temperature","degC","pollen","pollen",TRUE,"MinnesotaPoint.Nurse.2017","FluvialSediment",46.7334,-92.065,184,"Minnesota Point","1.0.3",1,"Jul","positive","air@surface",20,1210,2050,840,40,840,FALSE,TRUE,FALSE,TRUE,TRUE,FALSE,15,TRUE,FALSE,TRUE,TRUE,TRUE,"","criteria",FALSE,"within-dataset"
"lcRMNsk5Bn3WqYAOBsO","LC7fa4ebd7f0ce92cb497a8efbad76b212","paleo1measurement1","temperature","degC","pollen","pollen",FALSE,"LesNaudieres.Poirier.2013","FluvialSediment",47.5375,0.7022,101,"Les Naudieres","1.0.3",1,"Annual","positive","air@surface",56,570,1960,1390,20,1390,FALSE,TRUE,FALSE,TRUE,TRUE,FALSE,7,TRUE,FALSE,TRUE,TRUE,TRUE,"","criteria",FALSE,"within-dataset"
"lcRmNXzPBUk5k3A2Z39","LC337323d509fca77245d359ea6fa3653f","paleo1measurement1","temperature","degC","pollen","pollen",TRUE,"LaMolinamire.LopezMerino.2011","Peat",43.3811,-6.3272,650,"La Molina mire","1.0.5",1,"Jul","positive","air@surface",80,30,1980,1950,10,1950,FALSE,TRUE,FALSE,TRUE,TRUE,FALSE,6,TRUE,FALSE,TRUE,TRUE,TRUE,"","criteria",FALSE,"within-dataset"
"lcRmOMROEcdRqq0RiU6","LCf1d5479a47415e43de7c6c6700ec7885","paleo1measurement1","temperature","degC","pollen","pollen",FALSE,"Fougeres.CletPellerin.1993","Peat",48.5167,-0.8333,186,"Fougeres","1.0.3",1,"Annual","positive","air@surface",42,1360,1980,620,10,620,FALSE,TRUE,FALSE,TRUE,TRUE,FALSE,3,TRUE,FALSE,TRUE,TRUE,TRUE,"","criteria",FALSE,"within-dataset"
"lcRMP9ZUcxRlymfUzDO","LC54f06bd6bcf83fb313c31660e991861a","paleo1measurement1","temperature","degC","pollen","pollen",FALSE,"AltesMoorWachel.Dorfler.1989","Peat",53.4373,8.8678,17,"Altes Moor Wachel","1.0.5",1,"Annual","positive","air@surface",54,60,1980,1920,20,1920,FALSE,TRUE,FALSE,TRUE,TRUE,FALSE,7,TRUE,FALSE,TRUE,TRUE,TRUE,"","criteria",FALSE,"within-dataset"
"lcRmQBOMWsifrh5ld3x","LC7733a2983fe6b78f86bf2ecfb95898ea","paleo1measurement1","temperature","degC","pollen","pollen",FALSE,"SharkeyLake.Camill.2003","LakeSediment",44.5924,-93.4132,305,"Sharkey Lake","1.0.8",1,"Annual","positive","air@surface",10,250,1140,890,50,890,FALSE,TRUE,FALSE,TRUE,TRUE,FALSE,13,TRUE,FALSE,TRUE,TRUE,TRUE,"","criteria",FALSE,"within-dataset"
"lcRMQd2wFDLctUQJtez","LCea57dbf4a7e705d4a13610588a30eff8","paleo1measurement1","temperature","degC","pollen","pollen",FALSE,"KalsaMire.Kimmel.1999","Peat",58.1914,27.4115,38,"Kalsa Mire","1.0.5",1,"Annual","positive","air@surface",40,60,2030,1970,50,1970,FALSE,TRUE,FALSE,TRUE,TRUE,FALSE,13,TRUE,FALSE,TRUE,TRUE,TRUE,"","criteria",FALSE,"within-dataset"
"lcRmQSEIluU0QttA6aB","LCdf2db814cc9abf789b3593dd5d0bb4fd","paleo1measurement1","temperature","degC","pollen","pollen",FALSE,"LakeSambosjon.Digerfeldt.1982","LakeSediment",57.1631,12.4143,35,"Lake Sambosjon","1.0.5",1,"Jul","positive","air@surface",28,50,1910,1860,40,1860,FALSE,TRUE,FALSE,TRUE,TRUE,FALSE,15,TRUE,FALSE,TRUE,TRUE,TRUE,"","criteria",FALSE,"within-dataset"
"lcRmQUSWnioUoUQfjMB","LC99bfc682141527451cd86064f4065a8a","paleo1measurement1","temperature","degC","pollen","pollen",FALSE,"BarchampeLake.author.1111","LakeSediment",30.6222,-83.2539,34,"Barchampe Lake","1.0.4",1,"Annual","positive","air@surface",41,110,1980,1870,30,1870,FALSE,TRUE,FALSE,TRUE,TRUE,FALSE,2,TRUE,FALSE,TRUE,TRUE,TRUE,"","criteria",FALSE,"within-dataset"
"lcRmszlPoPyliZ6gh9W","LC0a1ac219c71a6b944a38aeb5030485ed","paleo1measurement1","temperature","degC","pollen","pollen",TRUE,"Upskeraseliniste.Speranza.2000","Peat",50.7366,15.7084,1425,"Upske raseliniste","1.0.3",1,"Annual","positive","air@surface",50,250,1990,1740,30,1740,FALSE,TRUE,FALSE,TRUE,TRUE,FALSE,7,TRUE,FALSE,TRUE,TRUE,TRUE,"","criteria",TRUE,NA
"lcRmtBhvi6Rg5HL9Rdq","LCa246e0718f7a4267aa693418acaa0bed","paleo1measurement1","temperature","degC","pollen","pollen",FALSE,"ArroyodeValdeconejos.MoralesMolino.2017","Peat",40.861,-4.061,1380,"Arroyo de Valdeconejos","1.0.3",1,"Annual","positive","air@surface",38,1510,2020,510,10,510,FALSE,TRUE,FALSE,TRUE,TRUE,FALSE,3,TRUE,FALSE,TRUE,TRUE,TRUE,"","criteria",FALSE,"within-dataset"
"lcRmTIku0TGzF1FgR3a","LC5cd0bf1248bd51ce10c4cd494558d64b","paleo1measurement1","temperature","degC","pollen","pollen",FALSE,"SummitLake.Calder.2016","LakeSediment",40.5455,-106.6824,3149,"Summit Lake","1.0.3",1,"Jul","positive","air@surface",52,10,2020,2010,40,2010,FALSE,TRUE,FALSE,TRUE,TRUE,FALSE,11,TRUE,FALSE,TRUE,TRUE,TRUE,"","criteria",FALSE,"within-dataset"
"lcRmvfrjrJ5uCja9NF4","LC05b2b0a5a9a299458771f6e66c980e79","paleo1measurement1","temperature","degC","pollen","pollen",FALSE,"Loddigsee.Jahns.2007","LakeSediment",53.4333,11.85,43,"Loddigsee","1.0.4",1,"Annual","positive","air@surface",57,40,1990,1950,30,1950,FALSE,TRUE,FALSE,TRUE,TRUE,FALSE,13,TRUE,FALSE,TRUE,TRUE,TRUE,"","criteria",FALSE,"within-dataset"
"lcRMVNVlPLLe6S1GknO","LC5f56c60a2e606d7d9fe1bfc40438a5aa","paleo1measurement1","temperature","degC","pollen","pollen",FALSE,"Iaz.Grindean.2014","Peat",47.1083,22.6611,300,"Iaz","1.0.5",1,"Annual","positive","air@surface",51,20,1990,1970,40,1970,FALSE,TRUE,FALSE,TRUE,TRUE,FALSE,6,TRUE,FALSE,TRUE,TRUE,TRUE,"","criteria",FALSE,"within-dataset"
"lcRMVxnZwB3lC307UwF","LC3bdd6387273edc3ab38193c063d48524","paleo1measurement1","temperature","degC","pollen","pollen",FALSE,"UpperSquawLake.Colombaroli.2010","LakeSediment",42.0321,-123.0149,930,"Upper Squaw Lake","1.0.3",1,"Jul","positive","air@surface",48,210,2090,1880,40,1880,FALSE,TRUE,FALSE,TRUE,TRUE,FALSE,7,TRUE,FALSE,TRUE,TRUE,TRUE,"","criteria",FALSE,"within-dataset"
"lcRMw6Q7zoeHKZ9P7nA","LC6f94e5cfb8965877650f244bd869ac37","paleo1measurement1","temperature","degC","pollen","floral assemblage",TRUE,"StewartBog.JimenezMoreno.2008","Peat",35.832,-105.722,NA,"Stewart Bog","1.0.10",1,"Jul","positive","air@surface",37,60,1980,1920,35,1920,FALSE,TRUE,FALSE,TRUE,TRUE,FALSE,12,TRUE,FALSE,TRUE,TRUE,TRUE,"","criteria",FALSE,"within-dataset"
"lcRmw8C3D3JTx5o13m4","LC2ea67c5bffbce840edf91e388dbdb1f6","paleo1measurement1","temperature","degC","pollen","pollen",TRUE,"Foula.Shotyk.1996","Peat",60.1374,-2.0793,170,"Foula","1.0.3",1,"Annual","positive","air@surface",44,1220,1980,760,20,760,FALSE,TRUE,FALSE,TRUE,TRUE,FALSE,4,TRUE,FALSE,TRUE,TRUE,TRUE,"","criteria",TRUE,NA
"lcRMWpKs2y1kBLEAoiS","LCf104d54d7480329ff23d1ad5362a18d1","paleo1measurement1","temperature","degC","pollen","pollen",FALSE,"KleinenMochowsee.Jahns.1999","LakeSediment",51.9964,14.1989,49,"Kleinen Mochowsee","1.0.3",1,"Annual","positive","air@surface",28,220,1960,1740,50,1740,FALSE,TRUE,FALSE,TRUE,TRUE,FALSE,4,TRUE,FALSE,TRUE,TRUE,TRUE,"","criteria",FALSE,"within-dataset"
"lcRmX1hRuGo3CjpbJy4","LCaa71976e446f4ed9037ab00f0e01331d","paleo1measurement1","temperature","degC","pollen","pollen",FALSE,"SweetonPond.Nanavati.2019","LakeSediment",36.7913,-92.2231,304,"Sweeton Pond","1.0.3",1,"Annual","positive","air@surface",63,130,2000,1870,30,1870,FALSE,TRUE,FALSE,TRUE,TRUE,FALSE,11,TRUE,FALSE,TRUE,TRUE,TRUE,"","criteria",FALSE,"within-dataset"
"lcRMXOWaeN3fMriA7Ff","LC93603a722d6fc3a8de2ca82636b07614","paleo1measurement1","temperature","degC","pollen","pollen",FALSE,"MissionCrossBog.Allan.2003","LakeSediment",41.7847,-115.4836,2424,"Mission Cross Bog","1.0.3",1,"Annual","positive","air@surface",34,180,1950,1770,40,1770,FALSE,TRUE,FALSE,TRUE,TRUE,FALSE,8,TRUE,FALSE,TRUE,TRUE,TRUE,"","criteria",FALSE,"within-dataset"
"lcRmXtR9rtTd06F5y6a","LC5f85eca75382c3190380dc15f4976dbf","paleo1measurement1","temperature","degC","pollen","pollen",TRUE,"MaraisdeMazerolles.Ouguerram.2002","Peat",47.3581,-1.4786,4,"Marais de Mazerolles","1.0.5",1,"Jul","positive","air@surface",63,140,1990,1850,30,1850,FALSE,TRUE,FALSE,TRUE,TRUE,FALSE,8,TRUE,FALSE,TRUE,TRUE,TRUE,"","criteria",FALSE,"within-dataset"
"lcRN1sHFP89bLDIfzXw","LCd57fb6883cd7fe71f1c2871d24b13fff","paleo1measurement1","temperature","degC","pollen","pollen",TRUE,"Ballyduff.Stefanini.2008","Peat",53.0822,-7.992,60,"Ballyduff","1.0.5",1,"Jul","positive","air@surface",62,60,2000,1940,20,1940,FALSE,TRUE,FALSE,TRUE,TRUE,FALSE,39,TRUE,FALSE,TRUE,TRUE,TRUE,"","criteria",FALSE,"within-dataset"
"lcRn4kdljpzGtnqZdzb","LC89c02913ec83498d5b848ac228341941","paleo1measurement1","temperature","degC","pollen","pollen",FALSE,"HerrenwieserSee.Rosch.2009","LakeSediment",48.6685,8.2955,830,"Herrenwieser See","1.0.3",1,"Jul","positive","air@surface",52,20,1990,1970,40,1970,FALSE,TRUE,FALSE,TRUE,TRUE,FALSE,15,TRUE,FALSE,TRUE,TRUE,TRUE,"","criteria",FALSE,"within-dataset"
"lcRn7ccaCUoXcevuLH3","LC1ed4cbd5bf117afdc0bce084d7d6d4c0","paleo1measurement1","temperature","degC","pollen","pollen",TRUE,"NorthFlatLake.Hart.2009","LakeSediment",53.6115,-106.4952,522,"North Flat Lake","1.0.3",1,"Jul","positive","air@surface",57,170,1970,1800,30,1800,FALSE,TRUE,FALSE,TRUE,TRUE,FALSE,5,TRUE,FALSE,TRUE,TRUE,TRUE,"","criteria",FALSE,"within-dataset"
"lcRn7D5sEmagXggStEi","LC716684fde7c06484647a8321102767aa","paleo1measurement1","temperature","degC","pollen","pollen",FALSE,"HicksLake.Hupy.2012","LakeSediment",44.0228,-85.2833,379,"Hicks Lake","1.0.3",1,"Jul","positive","air@surface",30,50,1970,1920,30,1920,FALSE,TRUE,FALSE,TRUE,TRUE,FALSE,3,TRUE,FALSE,TRUE,TRUE,TRUE,"","criteria",FALSE,"within-dataset"
"lcRN8WP39bGETw3cWy5","LC027bb84dde1b623df4af382dbc723e96","paleo1measurement1","temperature","degC","pollen","pollen",FALSE,"OgacLake.Doner.2001","LakeSediment",62.8455,-67.3415,5,"Ogac Lake","1.0.3",1,"Annual","positive","air@surface",40,10,1920,1910,50,1910,FALSE,TRUE,FALSE,TRUE,TRUE,FALSE,5,TRUE,FALSE,TRUE,TRUE,TRUE,"","criteria",FALSE,"within-dataset"
"lcRnFdn32Z4K7iMEvmk","LCee281c33b70bd4a07b6225b178fe9ed2","paleo1measurement1","temperature","degC","pollen","pollen",FALSE,"LochLaxford.Shotyk.1996","Peat",58.3725,-5.0367,137,"Loch Laxford","1.0.3",1,"Jul","positive","air@surface",42,660,1980,1320,30,1320,FALSE,TRUE,FALSE,TRUE,TRUE,FALSE,5,TRUE,FALSE,TRUE,TRUE,TRUE,"","criteria",FALSE,"within-dataset"
"lcRNI47qmSdBWkeDHwa","LCe08ad0d73545822fd0323c34db4baa9e","paleo1measurement1","temperature","degC","pollen","pollen",TRUE,"LakeNuochaga.Andreev.1989","LakeSediment",61.3006,129.5558,260,"Lake Nuochaga","1.0.5",1,"Jul","positive","air@surface",14,270,1930,1660,90,1660,FALSE,TRUE,FALSE,TRUE,FALSE,FALSE,4,TRUE,FALSE,TRUE,TRUE,TRUE,"resolution","data-poor exception",FALSE,"within-dataset"
"lcRNiMB5x0b70xuDWcP","LCd713e8236021d549a53dacf4812a7235","paleo1measurement1","temperature","degC","pollen","pollen",FALSE,"NovoUspenka.Blyakharchuk.1989","Peat",56.6167,84.1667,150,"Novo-Uspenka","1.0.7",1,"Annual","positive","air@surface",17,220,1970,1750,90,1750,FALSE,TRUE,FALSE,TRUE,FALSE,FALSE,5,FALSE,FALSE,TRUE,TRUE,TRUE,"resolution;chronology","data-poor exception",FALSE,"within-dataset"
"lcRnKoKDvGO9wspdVcd","LC6c5c0db5c21ab355c41dd706fa3fa9f8","paleo1measurement1","temperature","degC","pollen","pollen",FALSE,"HornstaadHornle.Rosch.1992","LakeSediment",47.6946,9.0066,385,"Hornstaad-Hornle","1.0.5",1,"Jul","positive","air@surface",186,10,1960,1950,10,1950,FALSE,TRUE,FALSE,TRUE,TRUE,FALSE,15,TRUE,FALSE,TRUE,TRUE,TRUE,"","criteria",FALSE,"within-dataset"
"lcRNlFBEHSlEfDpxfpM","LCcfea792613956259f5ad02e040df94d7","paleo1measurement1","temperature","degC","pollen","pollen",TRUE,"MaboMoss.Goransson.1977","Peat",58.0211,16.056,117,"Mabo Moss","1.1.0",1,"Jul","positive","air@surface",35,130,1690,1560,50,1560,FALSE,TRUE,FALSE,TRUE,TRUE,FALSE,17,TRUE,FALSE,TRUE,TRUE,TRUE,"","criteria",FALSE,"within-dataset"
"lcRNmUOSYXe1jL7VSXF","LC5f56c60a2e606d7d9fe1bfc40438a5aa","paleo1measurement1","temperature","degC","pollen","pollen",FALSE,"Iaz.Grindean.2014","Peat",47.1083,22.6611,300,"Iaz","1.0.5",1,"Jul","positive","air@surface",51,20,1990,1970,40,1970,FALSE,TRUE,FALSE,TRUE,TRUE,FALSE,6,TRUE,FALSE,TRUE,TRUE,TRUE,"","criteria",FALSE,"within-dataset"
"lcRnN8sshDkE1vk7Snb","LCfc7d011374a53ed99db2dc1881797569","paleo1measurement1","temperature","degC","pollen","pollen",TRUE,"FlorenceLake.Pellatt.2015","LakeSediment",48.4586,-123.513,81,"Florence Lake","1.0.3",1,"Annual","positive","air@surface",30,1450,2010,560,20,560,FALSE,TRUE,FALSE,TRUE,TRUE,FALSE,12,TRUE,FALSE,TRUE,TRUE,TRUE,"","criteria",TRUE,NA
"lcRNOrRv1DwycKCdtVk","LCd45b4f0f21add22fe80f74c8111ad9e9","paleo1measurement1","temperature","degC","pollen","pollen",FALSE,"PasacacoPond.author.1111","LakeSediment",41.5167,-71.45,3,"Pasacaco Pond","1.0.3",1,"Annual","positive","air@surface",50,800,1960,1160,20,1160,FALSE,TRUE,FALSE,TRUE,TRUE,FALSE,3,TRUE,FALSE,TRUE,TRUE,TRUE,"","criteria",FALSE,"within-dataset"
"lcRnQ4p9vjSyfxQnlJe","LC4554fc96c7f9c574504a66276c3fc2bb","paleo1measurement1","temperature","degC","pollen","pollen",FALSE,"LilyLake.UmbanhowarJr.2004","LakeSediment",44.1929,-93.6398,311,"Lily Lake","1.0.3",1,"Jul","positive","air@surface",15,1260,1890,630,35,630,FALSE,TRUE,FALSE,TRUE,TRUE,FALSE,3,TRUE,FALSE,TRUE,TRUE,TRUE,"","criteria",FALSE,"within-dataset"
"lcRNqQK4RxMn3JI9QZ1","LC337323d509fca77245d359ea6fa3653f","paleo1measurement1","temperature","degC","pollen","pollen",FALSE,"LaMolinamire.LopezMerino.2011","Peat",43.3811,-6.3272,650,"La Molina mire","1.0.5",1,"Jul","positive","air@surface",80,30,1980,1950,10,1950,FALSE,TRUE,FALSE,TRUE,TRUE,FALSE,6,TRUE,FALSE,TRUE,TRUE,TRUE,"","criteria",FALSE,"within-dataset"
"lcRNrCYp7uIo626HxzX","LCda6697a1b768116bc53fd21daff63253","paleo1measurement1","temperature","degC","pollen","pollen",FALSE,"ChesapeakeBayMD992209.Willard.2005","MarineSediment",38.8861,-76.3944,0,"Chesapeake Bay (MD99-2209)","1.0.7",1,"Annual","positive","air@surface",51,240,1860,1620,30,1620,FALSE,TRUE,FALSE,TRUE,TRUE,FALSE,21,TRUE,FALSE,TRUE,TRUE,TRUE,"","criteria",FALSE,"within-dataset"
"lcRNs1TP7Nyg7Z1HCcl","LCfc7d011374a53ed99db2dc1881797569","paleo1measurement1","temperature","degC","pollen","pollen",FALSE,"FlorenceLake.Pellatt.2015","LakeSediment",48.4586,-123.513,81,"Florence Lake","1.0.3",1,"Jul","positive","air@surface",30,1450,2010,560,20,560,FALSE,TRUE,FALSE,TRUE,TRUE,FALSE,12,TRUE,FALSE,TRUE,TRUE,TRUE,"","criteria",FALSE,"within-dataset"
"lcRns55BMYQ4y00oXV4","LCd57fb6883cd7fe71f1c2871d24b13fff","paleo1measurement1","temperature","degC","pollen","pollen",FALSE,"Ballyduff.Stefanini.2008","Peat",53.0822,-7.992,60,"Ballyduff","1.0.5",1,"Jul","positive","air@surface",62,60,2000,1940,20,1940,FALSE,TRUE,FALSE,TRUE,TRUE,FALSE,39,TRUE,FALSE,TRUE,TRUE,TRUE,"","criteria",FALSE,"within-dataset"
"lcRnSrlSmvnehktdZiC","LCd687efab1d0b5d43b49f2a1a8ea92f09","paleo1measurement1","temperature","degC","pollen","pollen",TRUE,"HerrenwieserSee.Rosch.2012","LakeSediment",48.6685,8.2955,830,"Herrenwieser See","1.0.5",1,"Jul","positive","air@surface",86,20,2000,1980,20,1980,FALSE,TRUE,FALSE,TRUE,TRUE,FALSE,26,TRUE,FALSE,TRUE,TRUE,TRUE,"","criteria",FALSE,"within-dataset"
"lcRNtmq7Ek5eHMbmsZq","LC7fa4ebd7f0ce92cb497a8efbad76b212","paleo1measurement1","temperature","degC","pollen","pollen",TRUE,"LesNaudieres.Poirier.2013","FluvialSediment",47.5375,0.7022,101,"Les Naudieres","1.0.3",1,"Annual","positive","air@surface",56,570,1960,1390,20,1390,FALSE,TRUE,FALSE,TRUE,TRUE,FALSE,7,TRUE,FALSE,TRUE,TRUE,TRUE,"","criteria",TRUE,NA
"lcRNts7m8X8duEqSKUd","LCca38c38becc0edce85a1cf3d5cbc5f5c","paleo1measurement1","temperature","degC","pollen","pollen",TRUE,"Minnreg.UmbanhowarJr.2004","LakeSediment",44.6934,-93.3212,297,"Minnreg","1.0.3",1,"Annual","positive","air@surface",15,1200,1910,710,45,710,FALSE,TRUE,FALSE,TRUE,TRUE,FALSE,4,TRUE,FALSE,TRUE,TRUE,TRUE,"","criteria",TRUE,NA
"lcRNU49g5E5dtDPE0nm","LC081056bd799e1360af038eeb73c0dcf8","paleo1measurement1","temperature","degC","pollen","pollen",TRUE,"LakeEmilyNortheastBasin.UmbanhowarJr.2004","LakeSediment",44.3138,-93.9144,296,"Lake Emily, Northeast Basin","1.0.3",1,"Annual","positive","air@surface",15,1150,1790,640,35,640,FALSE,TRUE,FALSE,TRUE,TRUE,FALSE,3,TRUE,FALSE,TRUE,TRUE,TRUE,"","criteria",TRUE,NA
"lcRnUsOoTsaQXz0zFDV","LC72f8928ba06f70632c84cc15f6dd95af","paleo1measurement1","temperature","degC","pollen","pollen",FALSE,"LilyLake.Hotchkiss.2007","LakeSediment",45.901,-92.273,297,"Lily Lake","1.0.4",1,"Jul","positive","air@surface",33,130,2030,1900,50,1900,FALSE,TRUE,FALSE,TRUE,TRUE,FALSE,13,TRUE,FALSE,TRUE,TRUE,TRUE,"","criteria",FALSE,"within-dataset"
"lcRnvgroTE56MvoQpYH","LC1b2ba7a6e9c0ba8e29ea9336b2846fd9","paleo1measurement1","temperature","degC","pollen","pollen",FALSE,"DagsMosse.Goransson.1989","Peat",58.3229,14.7065,96,"Dags Mosse","1.0.7",1,"Annual","positive","air@surface",40,60,1980,1920,40,1920,FALSE,TRUE,FALSE,TRUE,TRUE,FALSE,22,TRUE,FALSE,TRUE,TRUE,TRUE,"","criteria",FALSE,"within-dataset"
"lcRnVM63kczis0mLEOq","LC2aa697bacf4d7c46939425c39d9abdf8","paleo1measurement1","temperature","degC","pollen","pollen",FALSE,"ClearwaterBog.Nichols.1969","Peat",54.0236,-101.2588,266,"Clearwater Bog","1.0.3",1,"Annual","positive","air@surface",17,1050,2010,960,50,960,FALSE,TRUE,FALSE,TRUE,TRUE,FALSE,3,TRUE,FALSE,TRUE,TRUE,TRUE,"","criteria",FALSE,"within-dataset"
"lcRnVXI9sXXyZqRUCje","LC1b2ba7a6e9c0ba8e29ea9336b2846fd9","paleo1measurement1","temperature","degC","pollen","pollen",FALSE,"DagsMosse.Goransson.1989","Peat",58.3229,14.7065,96,"Dags Mosse","1.0.7",1,"Jul","positive","air@surface",40,60,1980,1920,40,1920,FALSE,TRUE,FALSE,TRUE,TRUE,FALSE,22,TRUE,FALSE,TRUE,TRUE,TRUE,"","criteria",FALSE,"within-dataset"
"lcRNxLrw8O9M3btugRz","LC2f1c19abf8440428bc98b1bd1cabf58b","paleo1measurement1","temperature","degC","pollen","pollen",TRUE,"QigaiNuur.Sun.2013","LakeSediment",72.3989,102.2886,60,"Qigai Nuur","1.1.0",1,"Jul","positive","air@surface",83,10,1970,1960,20,1960,FALSE,TRUE,FALSE,TRUE,TRUE,FALSE,18,TRUE,FALSE,TRUE,TRUE,TRUE,"","criteria",FALSE,"within-dataset"
"lcRNykeGxpm91qlV071","LC17482d50598b68f2dffe7664ab1352a2","paleo1measurement1","temperature","degC","pollen","pollen",TRUE,"RidgeandSlough0205215.Bernhardt.2009","Peat",25.829,-80.7675,1,"Ridge and Slough (02-05-21-5)","1.0.7",1,"Annual","positive","air@surface",26,50,1990,1940,40,1940,FALSE,TRUE,FALSE,TRUE,TRUE,FALSE,3,TRUE,FALSE,TRUE,TRUE,TRUE,"","criteria",TRUE,NA
"lcRNzExCtUw45VXxX2W","LCaf69afa58b40a57344a5505e0aade5d3","paleo1measurement1","temperature","degC","pollen","pollen",FALSE,"Pezou.Cyprien.2006","FluvialSediment",47.8708,1.1508,87,"Pezou","1.0.3",1,"Jul","positive","air@surface",12,1460,2000,540,50,540,FALSE,TRUE,FALSE,TRUE,TRUE,FALSE,7,TRUE,FALSE,TRUE,TRUE,TRUE,"","criteria",FALSE,"within-dataset"
"lcRo0NjquwOS6OyfsLq","LC7733a2983fe6b78f86bf2ecfb95898ea","paleo1measurement1","temperature","degC","pollen","floral assemblage",TRUE,"SharkeyLake.Camill.2003","LakeSediment",44.5924,-93.4132,305,"Sharkey Lake","1.0.8",1,"Annual","positive","air@surface",10,250,1140,890,50,890,FALSE,TRUE,FALSE,TRUE,TRUE,FALSE,13,TRUE,FALSE,TRUE,TRUE,TRUE,"","criteria",TRUE,NA
"lcRO1eLHK1wl05OKSGd","LC89c02913ec83498d5b848ac228341941","paleo1measurement1","temperature","degC","pollen","pollen",FALSE,"HerrenwieserSee.Rosch.2009","LakeSediment",48.6685,8.2955,830,"Herrenwieser See","1.0.3",1,"Annual","positive","air@surface",52,20,1990,1970,40,1970,FALSE,TRUE,FALSE,TRUE,TRUE,FALSE,15,TRUE,FALSE,TRUE,TRUE,TRUE,"","criteria",FALSE,"within-dataset"
"lcRO1frGRvFOzX6HjVq","LC6c0c371b54da61195013fd3459bf1cb4","paleo1measurement1","temperature","degC","pollen","pollen",FALSE,"FreshPond.Parshall.2002","LakeSediment",41.5941,-70.5328,7,"Fresh Pond","1.0.4",1,"Jul","positive","air@surface",48,60,2000,1940,30,1940,FALSE,TRUE,FALSE,TRUE,TRUE,FALSE,12,TRUE,FALSE,TRUE,TRUE,TRUE,"","criteria",FALSE,"within-dataset"
"lcRO3FbxeQWlbLEROOG","LC98c53e9ab41a1e97d40dd97be89fff82","paleo1measurement1","temperature","degC","pollen","pollen",FALSE,"Durchenbergried.Rosch.1990","Peat",47.775,8.9788,432,"Durchenbergried","1.0.6",1,"Annual","positive","air@surface",56,10,1990,1980,30,1980,FALSE,TRUE,FALSE,TRUE,TRUE,FALSE,51,TRUE,FALSE,TRUE,TRUE,TRUE,"","criteria",FALSE,"within-dataset"
"lcRO4cRfOo6JEsCsO6R","LCde9cab374273819846f5cc5c33fd2500","paleo1measurement1","temperature","degC","pollen","pollen",FALSE,"ChesapeakeBayPotomacRiver.Willard.2003","FluvialSediment",38.0269,-76.22,0,"Chesapeake Bay, Potomac River","1.0.3",1,"Jul","positive","air@surface",61,80,1970,1890,20,1890,FALSE,TRUE,FALSE,TRUE,TRUE,FALSE,6,TRUE,FALSE,TRUE,TRUE,TRUE,"","criteria",FALSE,"within-dataset"
"lcRo7M6Lqb1KIN9th2B","LC9bd907f50becc892b0047bf9ecf13c06","paleo1measurement1","temperature","degC","pollen","pollen",TRUE,"Culazon.LopezSaez.2013","Peat",43.2328,-4.4892,592,"Culazon","1.0.5",1,"Jul","positive","air@surface",56,430,2030,1600,10,1600,FALSE,TRUE,FALSE,TRUE,TRUE,FALSE,12,TRUE,FALSE,TRUE,TRUE,TRUE,"","criteria",FALSE,"within-dataset"
"lcRo94tx73eTLgqgfyR","LC9cdc16204028d3973cd98ca12fcff7d3","paleo1measurement1","temperature","degC","pollen","pollen",TRUE,"WaccamawRiverButlerIslandModeratelySaltImpacted.Jones.2017","Peat",33.4228,-79.208,0,"Waccamaw River, Butler Island, Moderately Salt Impacted","1.0.3",1,"Jul","positive","air@surface",36,690,2020,1330,30,1330,FALSE,TRUE,FALSE,TRUE,TRUE,FALSE,6,TRUE,FALSE,TRUE,TRUE,TRUE,"","criteria",FALSE,"within-dataset"
"lcRo9YFUeCY1oNJmDy1","LCfc55adae18ea5979a5ec093b39ae3ec3","paleo1measurement1","temperature","degC","pollen","pollen",FALSE,"KnobHillPond.Oswald.2018","LakeSediment",44.3603,-72.373,378,"Knob Hill Pond","1.0.8",1,"Annual","positive","air@surface",49,10,2040,2030,50,2030,FALSE,TRUE,FALSE,TRUE,TRUE,FALSE,14,TRUE,FALSE,TRUE,TRUE,TRUE,"","criteria",FALSE,"within-dataset"
"lcROaKZfIS10HxryVnt","LC9bd907f50becc892b0047bf9ecf13c06","paleo1measurement1","temperature","degC","pollen","pollen",FALSE,"Culazon.LopezSaez.2013","Peat",43.2328,-4.4892,592,"Culazon","1.0.5",1,"Annual","positive","air@surface",56,430,2030,1600,10,1600,FALSE,TRUE,FALSE,TRUE,TRUE,FALSE,12,TRUE,FALSE,TRUE,TRUE,TRUE,"","criteria",FALSE,"within-dataset"
"lcRoANwDVocpDFu68V6","LC1d4fafdcc8f99c4b8be79bb115a409e2","paleo1measurement1","temperature","degC","pollen","pollen",FALSE,"Vladar.Pokorny.2006","LakeSediment",50.0786,13.214,612,"Vladar","1.0.3",1,"Annual","positive","air@surface",47,10,1990,1980,30,1980,FALSE,TRUE,FALSE,TRUE,TRUE,FALSE,6,TRUE,FALSE,TRUE,TRUE,TRUE,"","criteria",FALSE,"within-dataset"
"lcRODKWafXlMn2vq96H","LC93603a722d6fc3a8de2ca82636b07614","paleo1measurement1","temperature","degC","pollen","pollen",FALSE,"MissionCrossBog.Allan.2003","LakeSediment",41.7847,-115.4836,2424,"Mission Cross Bog","1.0.3",1,"Jul","positive","air@surface",34,180,1950,1770,40,1770,FALSE,TRUE,FALSE,TRUE,TRUE,FALSE,8,TRUE,FALSE,TRUE,TRUE,TRUE,"","criteria",FALSE,"within-dataset"
"lcRodtakILAbzjEOZmu","LC4554fc96c7f9c574504a66276c3fc2bb","paleo1measurement1","temperature","degC","pollen","pollen",TRUE,"LilyLake.UmbanhowarJr.2004","LakeSediment",44.1929,-93.6398,311,"Lily Lake","1.0.3",1,"Jul","positive","air@surface",15,1260,1890,630,35,630,FALSE,TRUE,FALSE,TRUE,TRUE,FALSE,3,TRUE,FALSE,TRUE,TRUE,TRUE,"","criteria",FALSE,"within-dataset"
"lcROdTm64RGdiEEaBe5","LCd91285ebd4c1d454fd409bbc9a4372fe","paleo1measurement1","temperature","degC","pollen","pollen",TRUE,"Ispani2.deKlerk.2009","Peat",41.8623,41.802,1,"Ispani 2","1.0.3",1,"Annual","positive","air@surface",57,100,1990,1890,30,1890,FALSE,TRUE,FALSE,TRUE,TRUE,FALSE,4,TRUE,FALSE,TRUE,TRUE,TRUE,"","criteria",TRUE,NA
"lcRoDymfF16ey5ATNHu","LCdf626fa7f98044fb3907947b192d21f7","paleo1measurement1","temperature","degC","pollen","pollen",FALSE,"Changeon.Cyprien.2001","FluvialSediment",47.2761,0.1319,28,"Changeon","1.0.3",1,"Jul","positive","air@surface",12,870,1920,1050,40,1050,FALSE,TRUE,FALSE,TRUE,TRUE,FALSE,2,TRUE,FALSE,TRUE,TRUE,TRUE,"","criteria",FALSE,"within-dataset"
"lcRoe2ZDiyQ15W0Zoo3","LCbf5b81c1ba95409515abcb35b85a4507","paleo1measurement1","temperature","degC","pollen","pollen",TRUE,"Lacawac.Russell.1993","LakeSediment",41.3821,-75.2913,443,"Lacawac","1.0.3",1,"Jul","positive","air@surface",26,1250,1980,730,20,730,FALSE,TRUE,FALSE,TRUE,TRUE,FALSE,12,TRUE,FALSE,TRUE,TRUE,TRUE,"","criteria",FALSE,"within-dataset"
"lcROe9vMGfNftXqqAJC","LC17a5f417c16199d4939de1bcc4884c0b","paleo1measurement1","temperature","degC","pollen","pollen",TRUE,"PrazRodet.vanderKnaap.2000","Peat",46.5667,6.1736,1040,"Praz Rodet","1.0.6",1,"Jul","positive","air@surface",65,40,2010,1970,25,1970,FALSE,TRUE,FALSE,TRUE,TRUE,FALSE,16,TRUE,FALSE,TRUE,TRUE,TRUE,"","criteria",FALSE,"within-dataset"
"lcROEGBgtaxKIYTk4Ta","LC82c627a76ba1042157d390377e9961c2","paleo1measurement1","temperature","degC","pollen","pollen",FALSE,"TaylorSloughSite15.Willard.1997","Peat",25.2019,-80.6872,5,"Taylor Slough Site 15","1.0.3",1,"Jul","positive","air@surface",18,1250,2000,750,40,750,FALSE,TRUE,FALSE,TRUE,TRUE,FALSE,5,TRUE,FALSE,TRUE,TRUE,TRUE,"","criteria",FALSE,"within-dataset"
"lcROeNm7yL6Sw0DZrmL","LC2f1c19abf8440428bc98b1bd1cabf58b","paleo1measurement1","temperature","degC","pollen","floral assemblage",TRUE,"QigaiNuur.Sun.2013","LakeSediment",72.3989,102.2886,60,"Qigai Nuur","1.1.0",1,"Annual","positive","air@surface",83,10,1970,1960,20,1960,FALSE,TRUE,FALSE,TRUE,TRUE,FALSE,18,TRUE,FALSE,TRUE,TRUE,TRUE,"","criteria",TRUE,NA
"lcRoEzPxzU4N2VgHntR","LC8326aae75745929f1260b2ecf759133b","paleo1measurement1","temperature","degC","pollen","pollen",TRUE,"Couedic.Visset.2001","FluvialSediment",47.2139,-1.5572,10,"Couedic","1.0.3",1,"Jul","positive","air@surface",11,20,1010,990,30,990,FALSE,TRUE,FALSE,TRUE,TRUE,FALSE,4,TRUE,FALSE,TRUE,TRUE,TRUE,"","criteria",FALSE,"within-dataset"
"lcRogdM8y3sBb4WjIqY","LC9f100b08c7659d493aeb585373be787d","paleo1measurement1","temperature","degC","pollen","pollen",TRUE,"Kralovec.Rybnickova.2005","Peat",49.1319,18.0278,599,"Kralovec","1.0.3",1,"Annual","positive","air@surface",26,730,2000,1270,50,1270,FALSE,TRUE,FALSE,TRUE,TRUE,FALSE,4,TRUE,FALSE,TRUE,TRUE,TRUE,"","criteria",TRUE,NA
"lcROGeshZieoSAXJitH","LC3b2e294f2d307a11469390647391d919","paleo1measurement1","temperature","degC","pollen","pollen",FALSE,"DeepFalmouthPond.Oswald.2018","LakeSediment",41.564,-70.6357,18,"Deep-Falmouth Pond","1.0.8",1,"Jul","positive","air@surface",48,20,2020,2000,40,2000,FALSE,TRUE,FALSE,TRUE,TRUE,FALSE,16,TRUE,FALSE,TRUE,TRUE,TRUE,"","criteria",FALSE,"within-dataset"
"lcROgjGyz4U9L06EoOn","LCd57fb6883cd7fe71f1c2871d24b13fff","paleo1measurement1","temperature","degC","pollen","pollen",FALSE,"Ballyduff.Stefanini.2008","Peat",53.0822,-7.992,60,"Ballyduff","1.0.5",1,"Jul","positive","air@surface",62,60,2000,1940,20,1940,FALSE,TRUE,FALSE,TRUE,TRUE,FALSE,39,TRUE,FALSE,TRUE,TRUE,TRUE,"","criteria",FALSE,"within-dataset"
"lcROHrOKArVQQyX9Xjp","LCb82485a219e0665fad6b3555542e9ccf","paleo1measurement1","temperature","degC","pollen","pollen",FALSE,"LittleMirrorLake.Fuller.1998","LakeSediment",42.5244,-71.6085,73,"Little Mirror Lake","1.0.3",1,"Annual","positive","air@surface",41,1020,1990,970,20,970,FALSE,TRUE,FALSE,TRUE,TRUE,FALSE,3,TRUE,FALSE,TRUE,TRUE,TRUE,"","criteria",FALSE,"within-dataset"
"lcROkqbm3DEvnuu5JH3","LCd91285ebd4c1d454fd409bbc9a4372fe","paleo1measurement1","temperature","degC","pollen","pollen",FALSE,"Ispani2.deKlerk.2009","Peat",41.8623,41.802,1,"Ispani 2","1.0.3",1,"Annual","positive","air@surface",57,100,1990,1890,30,1890,FALSE,TRUE,FALSE,TRUE,TRUE,FALSE,4,TRUE,FALSE,TRUE,TRUE,TRUE,"","criteria",FALSE,"within-dataset"
"lcROLLP2orfQAh84tjC","LC1ccf114d1af4b36060b02052511e485e","paleo1measurement1","temperature","degC","pollen","pollen",TRUE,"MolesChamber.Fyfe.2012","Peat",51.1394,-3.8328,421,"Moles Chamber","1.0.3",1,"Annual","positive","air@surface",47,80,1920,1840,30,1840,FALSE,TRUE,FALSE,TRUE,TRUE,FALSE,6,TRUE,FALSE,TRUE,TRUE,TRUE,"","criteria",TRUE,NA
"lcRolNMnxiHFFFMPcZo","LC00c9560652ae524c6e9d33bf622f81c3","paleo1measurement1","temperature","degC","pollen","pollen",TRUE,"MobecheForest.CletPellerin.1993","Other",48.5167,-1,200,"Mobeche Forest","1.0.3",1,"Jul","positive","air@surface",77,870,1910,1040,10,1040,FALSE,TRUE,FALSE,TRUE,TRUE,FALSE,2,TRUE,FALSE,TRUE,TRUE,TRUE,"","criteria",FALSE,"within-dataset"
"lcROlYeUyRqgg0f2Jjl","LC7e21f73bddb282564646ff60618e9d6a","paleo1measurement1","temperature","degC","pollen","pollen",FALSE,"SonnenbergerMoor.Willutzki.1962","Peat",51.7663,10.5135,780,"Sonnenberger Moor","1.0.3",1,"Annual","positive","air@surface",47,60,1990,1930,35,1930,FALSE,TRUE,FALSE,TRUE,TRUE,FALSE,6,TRUE,FALSE,TRUE,TRUE,TRUE,"","criteria",FALSE,"within-dataset"
"lcROM9ag5qLZPxWgCGB","LC7102aac5df21f90970ef90fb0a5808cb","paleo1measurement1","temperature","degC","pollen","pollen",TRUE,"Fuschlsee.Voigt.1996","LakeSediment",47.8042,13.2747,663,"Fuschlsee","1.0.5",1,"Annual","positive","air@surface",40,40,1980,1940,40,1940,FALSE,TRUE,FALSE,TRUE,TRUE,FALSE,20,TRUE,FALSE,TRUE,TRUE,TRUE,"","criteria",TRUE,NA
"lcROnweTPuhKp5IFBnG","LC3aed9bc8856e726b3ffcbdc54e30e602","paleo1measurement1","temperature","degC","pollen","pollen",FALSE,"Diheen.author.1111","LakeSediment",52.3695,-8.1707,554,"Diheen","1.0.3",1,"Jul","positive","air@surface",47,1180,1960,780,10,780,FALSE,TRUE,FALSE,TRUE,TRUE,FALSE,8,TRUE,FALSE,TRUE,TRUE,TRUE,"","criteria",FALSE,"within-dataset"
"lcRoooo5qHqFrDYOxkH","LCf1d5479a47415e43de7c6c6700ec7885","paleo1measurement1","temperature","degC","pollen","pollen",FALSE,"Fougeres.CletPellerin.1993","Peat",48.5167,-0.8333,186,"Fougeres","1.0.3",1,"Annual","positive","air@surface",42,1360,1980,620,10,620,FALSE,TRUE,FALSE,TRUE,TRUE,FALSE,3,TRUE,FALSE,TRUE,TRUE,TRUE,"","criteria",FALSE,"within-dataset"
"lcROPIDYXKFjxtvhbPw","LCbf5b81c1ba95409515abcb35b85a4507","paleo1measurement1","temperature","degC","pollen","pollen",FALSE,"Lacawac.Russell.1993","LakeSediment",41.3821,-75.2913,443,"Lacawac","1.0.3",1,"Jul","positive","air@surface",26,1250,1980,730,20,730,FALSE,TRUE,FALSE,TRUE,TRUE,FALSE,12,TRUE,FALSE,TRUE,TRUE,TRUE,"","criteria",FALSE,"within-dataset"
"lcRoqPH2IlEzf1htLPH","LC68e80590eb1df722c2e8e44718661916","paleo1measurement1","temperature","degC","pollen","pollen",TRUE,"Adange.Kvavadze.1989","FluvialSediment",43.3056,41.3333,1750,"Adange","1.0.5",1,"Annual","positive","air@surface",28,10,2010,2000,50,2000,FALSE,TRUE,FALSE,TRUE,TRUE,FALSE,4,TRUE,FALSE,TRUE,TRUE,TRUE,"","criteria",TRUE,NA
"lcROQTbW5c61olZCuc6","LCa62342d98da2575b8a14f220a7b7a1d4","paleo1measurement1","temperature","degC","pollen","pollen",FALSE,"LagodiVenere.Calo.2013","LakeSediment",36.8169,11.987,2,"Lago di Venere","1.0.3",1,"Jul","positive","air@surface",87,810,1990,1180,10,1180,FALSE,TRUE,FALSE,TRUE,TRUE,FALSE,2,TRUE,FALSE,TRUE,TRUE,TRUE,"","criteria",FALSE,"within-dataset"
"lcRouMZOCQ6VtETo9Uz","LC9bd907f50becc892b0047bf9ecf13c06","paleo1measurement1","temperature","degC","pollen","pollen",FALSE,"Culazon.LopezSaez.2013","Peat",43.2328,-4.4892,592,"Culazon","1.0.5",1,"Jul","positive","air@surface",56,430,2030,1600,10,1600,FALSE,TRUE,FALSE,TRUE,TRUE,FALSE,12,TRUE,FALSE,TRUE,TRUE,TRUE,"","criteria",FALSE,"within-dataset"
"lcRoUSCkslaCW605GNg","LCd474087228f1e44627dee8122ec9614d","paleo1measurement1","temperature","degC","pollen","floral assemblage",TRUE,"BeefPasture.Wright.2012","Peat",37.4731,-108.1604,3060,"Beef Pasture","1.0.7",1,"Jul","positive","air@surface",69,20,2010,1990,30,1990,FALSE,TRUE,FALSE,TRUE,TRUE,FALSE,16,TRUE,FALSE,TRUE,TRUE,TRUE,"","criteria",FALSE,"within-dataset"
"lcRouvTkqEHB9f1dh4a","LC3aed9bc8856e726b3ffcbdc54e30e602","paleo1measurement1","temperature","degC","pollen","pollen",FALSE,"Diheen.author.1111","LakeSediment",52.3695,-8.1707,554,"Diheen","1.0.3",1,"Annual","positive","air@surface",47,1180,1960,780,10,780,FALSE,TRUE,FALSE,TRUE,TRUE,FALSE,8,TRUE,FALSE,TRUE,TRUE,TRUE,"","criteria",FALSE,"within-dataset"
"lcROWzdsVvEdsKfTCdO","LC67f1f3130b05aace86d5b0f7370e7ebd","paleo1measurement1","temperature","degC","pollen","pollen",FALSE,"CenoteSanJoseChulchaca.Leyden.1996","LakeSediment",20.8667,-90.1333,1,"Cenote San Jose Chulchaca","1.0.3",1,"Annual","positive","air@surface",27,170,2000,1830,45,1830,FALSE,TRUE,FALSE,TRUE,TRUE,FALSE,3,TRUE,FALSE,TRUE,TRUE,TRUE,"","criteria",FALSE,"within-dataset"
"lcROX7zumhVDKG2ZKXA","LC3057f0d13fc379dacc99be8bc9c7a5af","paleo1measurement1","temperature","degC","pollen","pollen",FALSE,"LoxahatcheeNationalWildlifeRefugeSite1EPASite7.Willard.1997","Peat",26.4811,-80.4156,5,"Loxahatchee National Wildlife Refuge Site 1 (EPA Site 7)","1.0.3",1,"Annual","positive","air@surface",28,510,1990,1480,50,1480,FALSE,TRUE,FALSE,TRUE,TRUE,FALSE,5,TRUE,FALSE,TRUE,TRUE,TRUE,"","criteria",FALSE,"within-dataset"
"lcROXDjGJ3H7zgOYm9i","LCcfea792613956259f5ad02e040df94d7","paleo1measurement1","temperature","degC","pollen","pollen",FALSE,"MaboMoss.Goransson.1977","Peat",58.0211,16.056,117,"Mabo Moss","1.1.0",1,"Annual","positive","air@surface",35,130,1690,1560,50,1560,FALSE,TRUE,FALSE,TRUE,TRUE,FALSE,17,TRUE,FALSE,TRUE,TRUE,TRUE,"","criteria",FALSE,"within-dataset"
"lcROy6rSx4Mt2gt6QCd","LCefec5340480560765e600c36699350f9","paleo1measurement1","temperature","degC","pollen","pollen",FALSE,"LakeKolmilatrask.SarmajaKorjonen.1991","LakeSediment",60.2917,20.1414,12,"Lake Kolmilatrask","1.0.3",1,"Annual","positive","air@surface",48,30,1980,1950,40,1950,FALSE,TRUE,FALSE,TRUE,TRUE,FALSE,4,TRUE,FALSE,TRUE,TRUE,TRUE,"","criteria",FALSE,"within-dataset"
"lcRoYsFB0Tfp3HFwLpN","LC7102aac5df21f90970ef90fb0a5808cb","paleo1measurement1","temperature","degC","pollen","pollen",TRUE,"Fuschlsee.Voigt.1996","LakeSediment",47.8042,13.2747,663,"Fuschlsee","1.0.5",1,"Jul","positive","air@surface",40,40,1980,1940,40,1940,FALSE,TRUE,FALSE,TRUE,TRUE,FALSE,20,TRUE,FALSE,TRUE,TRUE,TRUE,"","criteria",FALSE,"within-dataset"
"lcROyV9Mp3ymB5hHnZ0","LCee281c33b70bd4a07b6225b178fe9ed2","paleo1measurement1","temperature","degC","pollen","pollen",TRUE,"LochLaxford.Shotyk.1996","Peat",58.3725,-5.0367,137,"Loch Laxford","1.0.3",1,"Jul","positive","air@surface",42,660,1980,1320,30,1320,FALSE,TRUE,FALSE,TRUE,TRUE,FALSE,5,TRUE,FALSE,TRUE,TRUE,TRUE,"","criteria",FALSE,"within-dataset"
"lcRoYxemtzCCxvljAF7","LC36d35f42781e9b0aece96ceabe028ffa","paleo1measurement1","temperature","degC","pollen","pollen",FALSE,"LAnseauxMeadowsSite.Davis.1988","Peat",51.5733,-55.55,5,"L'Anse aux Meadows Site","1.0.3",1,"Jul","positive","air@surface",58,30,1940,1910,30,1910,FALSE,TRUE,FALSE,TRUE,TRUE,FALSE,4,TRUE,FALSE,TRUE,TRUE,TRUE,"","criteria",FALSE,"within-dataset"
"lcROzCWwV6duormHFFr","LC1d4fafdcc8f99c4b8be79bb115a409e2","paleo1measurement1","temperature","degC","pollen","pollen",TRUE,"Vladar.Pokorny.2006","LakeSediment",50.0786,13.214,612,"Vladar","1.0.3",1,"Annual","positive","air@surface",47,10,1990,1980,30,1980,FALSE,TRUE,FALSE,TRUE,TRUE,FALSE,6,TRUE,FALSE,TRUE,TRUE,TRUE,"","criteria",TRUE,NA
"lcRp0FcwC3yoF7d8OB2","LC79b5b45a7fe015c7fa2ded7e1cc5e546","paleo1measurement1","temperature","degC","pollen","pollen",TRUE,"WaterConservationArea2ASite2SiteF1.Willard.1997","Peat",26.3597,-80.3706,5,"Water Conservation Area 2A, Site 2 (Site F1)","1.0.3",1,"Jul","positive","air@surface",26,10,2060,2050,40,2050,FALSE,TRUE,FALSE,TRUE,TRUE,FALSE,7,TRUE,FALSE,TRUE,TRUE,TRUE,"","criteria",FALSE,"within-dataset"
"lcRp0nw6WiFPKDtEVqy","LCde9cab374273819846f5cc5c33fd2500","paleo1measurement1","temperature","degC","pollen","pollen",FALSE,"ChesapeakeBayPotomacRiver.Willard.2003","FluvialSediment",38.0269,-76.22,0,"Chesapeake Bay, Potomac River","1.0.3",1,"Jul","positive","air@surface",61,80,1970,1890,20,1890,FALSE,TRUE,FALSE,TRUE,TRUE,FALSE,6,TRUE,FALSE,TRUE,TRUE,TRUE,"","criteria",FALSE,"within-dataset"
"lcRp2Nrdra8nZgLMUhp","LC6c0c371b54da61195013fd3459bf1cb4","paleo1measurement1","temperature","degC","pollen","pollen",FALSE,"FreshPond.Parshall.2002","LakeSediment",41.5941,-70.5328,7,"Fresh Pond","1.0.4",1,"Jul","positive","air@surface",48,60,2000,1940,30,1940,FALSE,TRUE,FALSE,TRUE,TRUE,FALSE,12,TRUE,FALSE,TRUE,TRUE,TRUE,"","criteria",FALSE,"within-dataset"
"lcRP33YZm2p6BFlN3vm","LCe90679c1b5177a9cda38a41661c97057","paleo1measurement1","temperature","degC","pollen","pollen",FALSE,"CranberryLake.author.1111","LakeSediment",44.1,-78.1,170,"Cranberry Lake","1.0.4",1,"Jul","positive","air@surface",35,30,1990,1960,50,1960,FALSE,TRUE,FALSE,TRUE,TRUE,FALSE,7,TRUE,FALSE,TRUE,TRUE,TRUE,"","criteria",FALSE,"within-dataset"
"lcRP3tYJNUezVwcpZtg","LC1d4fafdcc8f99c4b8be79bb115a409e2","paleo1measurement1","temperature","degC","pollen","pollen",FALSE,"Vladar.Pokorny.2006","LakeSediment",50.0786,13.214,612,"Vladar","1.0.3",1,"Jul","positive","air@surface",47,10,1990,1980,30,1980,FALSE,TRUE,FALSE,TRUE,TRUE,FALSE,6,TRUE,FALSE,TRUE,TRUE,TRUE,"","criteria",FALSE,"within-dataset"
"lcRp4KvjkC0c3KWyHQd","LC2528ae10087abb06caeca58f8079389a","paleo1measurement1","temperature","degC","pollen","pollen",FALSE,"MaksimkinYar.Blyakharchuk.1980","Peat",58.6952,86.7855,150,"Maksimkin Yar","1.0.3",1,"Jul","positive","air@surface",10,680,1940,1260,90,1260,FALSE,TRUE,FALSE,TRUE,FALSE,FALSE,4,FALSE,FALSE,TRUE,TRUE,TRUE,"resolution;chronology","data-poor exception",FALSE,"within-dataset"
"lcRp6A79wpG2lOZbcHM","LC9f100b08c7659d493aeb585373be787d","paleo1measurement1","temperature","degC","pollen","pollen",FALSE,"Kralovec.Rybnickova.2005","Peat",49.1319,18.0278,599,"Kralovec","1.0.3",1,"Annual","positive","air@surface",26,730,2000,1270,50,1270,FALSE,TRUE,FALSE,TRUE,TRUE,FALSE,4,TRUE,FALSE,TRUE,TRUE,TRUE,"","criteria",FALSE,"within-dataset"
"lcRP72NrV1EdmSRhcIN","LC5daff52ef499c7d176b6a7290453297a","paleo1measurement1","temperature","degC","pollen","pollen",FALSE,"Valdeyernosbog.DoradoValino.2014","Peat",39.4411,-4.0964,850,"Valdeyernos bog","1.0.3",1,"Jul","positive","air@surface",22,640,2010,1370,20,1370,FALSE,TRUE,FALSE,TRUE,TRUE,FALSE,4,TRUE,FALSE,TRUE,TRUE,TRUE,"","criteria",FALSE,"within-dataset"
"lcRp72sKSPlRpsSmFss","LCe854dd479471e325b1d07f2f917d9b75","paleo1measurement1","temperature","degC","pollen","pollen",FALSE,"Carquefou.Cyprien.2001","Peat",47.3092,-1.4769,11,"Carquefou","1.0.7",1,"Annual","positive","air@surface",23,920,1930,1010,40,1010,FALSE,TRUE,FALSE,TRUE,TRUE,FALSE,3,TRUE,FALSE,TRUE,TRUE,TRUE,"","criteria",FALSE,"within-dataset"
"lcRP8SumsXcmhuvgOmi","LCeafd95a47f39eb3a63ae777b790c0413","paleo1measurement1","temperature","degC","pollen","pollen",FALSE,"Foyechi.Tong.1996","LakeSediment",37.3833,122.5167,NA,"Foyechi","1.0.3",1,"Jul","positive","air@surface",24,1010,1950,940,40,940,FALSE,TRUE,FALSE,TRUE,TRUE,FALSE,2,TRUE,FALSE,TRUE,TRUE,TRUE,"","criteria",FALSE,"within-dataset"
"lcRPdidLO45OJB7QWSd","LC337323d509fca77245d359ea6fa3653f","paleo1measurement1","temperature","degC","pollen","pollen",FALSE,"LaMolinamire.LopezMerino.2011","Peat",43.3811,-6.3272,650,"La Molina mire","1.0.5",1,"Annual","positive","air@surface",80,30,1980,1950,10,1950,FALSE,TRUE,FALSE,TRUE,TRUE,FALSE,6,TRUE,FALSE,TRUE,TRUE,TRUE,"","criteria",FALSE,"within-dataset"
"lcRpDYqUpbfAh3Z5kHG","LC7c447ef97622172c7580d032b66757d7","paleo1measurement1","temperature","degC","pollen","pollen",FALSE,"TawnyPond.Keizer.2015","LakeSediment",44.8164,-77.1825,276,"Tawny Pond","1.0.3",1,"Jul","positive","air@surface",97,980,2010,1030,10,1030,FALSE,TRUE,FALSE,TRUE,TRUE,FALSE,17,TRUE,FALSE,TRUE,TRUE,TRUE,"","criteria",FALSE,"within-dataset"
"lcRpecCszYQtef4HOjR","LC7fa4ebd7f0ce92cb497a8efbad76b212","paleo1measurement1","temperature","degC","pollen","pollen",FALSE,"LesNaudieres.Poirier.2013","FluvialSediment",47.5375,0.7022,101,"Les Naudieres","1.0.3",1,"Jul","positive","air@surface",56,570,1960,1390,20,1390,FALSE,TRUE,FALSE,TRUE,TRUE,FALSE,7,TRUE,FALSE,TRUE,TRUE,TRUE,"","criteria",FALSE,"within-dataset"
"lcRpeXFoSTgHR8jozje","LC6f993ff5a55b1140469f76b3a61c022c","paleo1measurement1","temperature","degC","pollen","pollen",FALSE,"MiddleNorthCoombe.Fyfe.2004","Peat",50.9339,-3.4333,122,"Middle North Coombe","1.0.3",1,"Jul","positive","air@surface",28,240,2000,1760,50,1760,FALSE,TRUE,FALSE,TRUE,TRUE,FALSE,4,TRUE,FALSE,TRUE,TRUE,TRUE,"","criteria",FALSE,"within-dataset"
"lcRpGeGzZCx0pbWNXUE","LC716684fde7c06484647a8321102767aa","paleo1measurement1","temperature","degC","pollen","pollen",FALSE,"HicksLake.Hupy.2012","LakeSediment",44.0228,-85.2833,379,"Hicks Lake","1.0.3",1,"Annual","positive","air@surface",30,50,1970,1920,30,1920,FALSE,TRUE,FALSE,TRUE,TRUE,FALSE,3,TRUE,FALSE,TRUE,TRUE,TRUE,"","criteria",FALSE,"within-dataset"
"lcRPgoQGaZmkkGnTzAH","LCe0cd3d50e575ea42397a4e6139eea137","paleo1measurement1","temperature","degC","pollen","pollen",TRUE,"AnthonyLake.Long.2019","LakeSediment",44.9597,-118.2314,2174,"Anthony Lake","1.0.3",1,"Jul","positive","air@surface",20,170,1950,1780,50,1780,FALSE,TRUE,FALSE,TRUE,TRUE,FALSE,5,TRUE,FALSE,TRUE,TRUE,TRUE,"","criteria",FALSE,"within-dataset"
"lcRpGuPyCT66ydpsK9R","LC388ad7dacaa8ba591a83289ef3ae5db3","paleo1measurement1","temperature","degC","pollen","pollen",FALSE,"CharcodaCandieira.VanderKnaap.1984","LakeSediment",40.3417,-7.5764,1409,"Charco da Candieira","1.0.8",1,"Jul","positive","air@surface",48,100,2010,1910,20,1910,FALSE,TRUE,FALSE,TRUE,TRUE,FALSE,30,TRUE,FALSE,TRUE,TRUE,TRUE,"","criteria",FALSE,"within-dataset"
"lcRpHJO2z04ud3hic2H","LC5cd0bf1248bd51ce10c4cd494558d64b","paleo1measurement1","temperature","degC","pollen","pollen",FALSE,"SummitLake.Calder.2016","LakeSediment",40.5455,-106.6824,3149,"Summit Lake","1.0.3",1,"Annual","positive","air@surface",52,10,2020,2010,40,2010,FALSE,TRUE,FALSE,TRUE,TRUE,FALSE,11,TRUE,FALSE,TRUE,TRUE,TRUE,"","criteria",FALSE,"within-dataset"
"lcRpHNk7SXJPgM8auii","LC1ed4cbd5bf117afdc0bce084d7d6d4c0","paleo1measurement1","temperature","degC","pollen","pollen",TRUE,"NorthFlatLake.Hart.2009","LakeSediment",53.6115,-106.4952,522,"North Flat Lake","1.0.3",1,"Annual","positive","air@surface",57,170,1970,1800,30,1800,FALSE,TRUE,FALSE,TRUE,TRUE,FALSE,5,TRUE,FALSE,TRUE,TRUE,TRUE,"","criteria",TRUE,NA
"lcRphW5HRTbuaBX8qdW","LC11a3a0c5aff5557858d4e7ee0f5460cb","paleo1measurement1","temperature","degC","pollen","pollen",FALSE,"ZoigeBasin.Zhao.2011","Peat",33.45,102.6333,3467,"Zoige Basin","1.0.6",1,"Jul","positive","air@surface",38,20,2010,1990,40,1990,FALSE,TRUE,FALSE,TRUE,TRUE,FALSE,9,TRUE,FALSE,TRUE,TRUE,TRUE,"","criteria",FALSE,"within-dataset"
"lcRpIDuL9hEvbsIN2wb","LCca38c38becc0edce85a1cf3d5cbc5f5c","paleo1measurement1","temperature","degC","pollen","pollen",FALSE,"Minnreg.UmbanhowarJr.2004","LakeSediment",44.6934,-93.3212,297,"Minnreg","1.0.3",1,"Annual","positive","air@surface",15,1200,1910,710,45,710,FALSE,TRUE,FALSE,TRUE,TRUE,FALSE,4,TRUE,FALSE,TRUE,TRUE,TRUE,"","criteria",FALSE,"within-dataset"
"lcRpJ0wAGIUrvPEekt0","LCefec5340480560765e600c36699350f9","paleo1measurement1","temperature","degC","pollen","pollen",FALSE,"LakeKolmilatrask.SarmajaKorjonen.1991","LakeSediment",60.2917,20.1414,12,"Lake Kolmilatrask","1.0.3",1,"Jul","positive","air@surface",48,30,1980,1950,40,1950,FALSE,TRUE,FALSE,TRUE,TRUE,FALSE,4,TRUE,FALSE,TRUE,TRUE,TRUE,"","criteria",FALSE,"within-dataset"
"lcRpj1A7sO9IpPUKeXa","LCebfeb762332f122e49ab420907c85bd5","paleo1measurement1","temperature","degC","pollen","pollen",TRUE,"BuckbeanBog.Heinrichs.1999","Peat",49.1191,-119.683,1803,"Buckbean Bog","1.0.5",1,"Jul","positive","air@surface",25,70,2010,1940,50,1940,FALSE,TRUE,FALSE,TRUE,TRUE,FALSE,6,TRUE,FALSE,TRUE,TRUE,TRUE,"","criteria",FALSE,"within-dataset"
"lcRpjC9amA5oTrWxKqt","LCdf626fa7f98044fb3907947b192d21f7","paleo1measurement1","temperature","degC","pollen","pollen",FALSE,"Changeon.Cyprien.2001","FluvialSediment",47.2761,0.1319,28,"Changeon","1.0.3",1,"Annual","positive","air@surface",12,870,1920,1050,40,1050,FALSE,TRUE,FALSE,TRUE,TRUE,FALSE,2,TRUE,FALSE,TRUE,TRUE,TRUE,"","criteria",FALSE,"within-dataset"
"lcRPK0TVBcszPkhCVXP","LC2528ae10087abb06caeca58f8079389a","paleo1measurement1","temperature","degC","pollen","pollen",FALSE,"MaksimkinYar.Blyakharchuk.1980","Peat",58.6952,86.7855,150,"Maksimkin Yar","1.0.3",1,"Annual","positive","air@surface",10,680,1940,1260,90,1260,FALSE,TRUE,FALSE,TRUE,FALSE,FALSE,4,FALSE,FALSE,TRUE,TRUE,TRUE,"resolution;chronology","data-poor exception",FALSE,"within-dataset"
"lcRPl3DzcrmuXfMZPdL","LC11a3a0c5aff5557858d4e7ee0f5460cb","paleo1measurement1","temperature","degC","pollen","pollen",TRUE,"ZoigeBasin.Zhao.2011","Peat",33.45,102.6333,3467,"Zoige Basin","1.0.6",1,"Annual","positive","air@surface",38,20,2010,1990,40,1990,FALSE,TRUE,FALSE,TRUE,TRUE,FALSE,9,TRUE,FALSE,TRUE,TRUE,TRUE,"","criteria",TRUE,NA
"lcRPlCSjf2E9gv5UptO","LCeca948804a225d068a0480e100b02440","paleo1measurement1","temperature","degC","pollen","pollen",FALSE,"Schopfenwaldmoor.vanderKnaap.2000","Peat",46.7436,7.8478,1453,"Schopfenwaldmoor","1.0.3",1,"Annual","positive","air@surface",54,510,2030,1520,30,1520,FALSE,TRUE,FALSE,TRUE,TRUE,FALSE,15,TRUE,FALSE,TRUE,TRUE,TRUE,"","criteria",FALSE,"within-dataset"
"lcRPM1jyF5rm2kX8klU","LC7733a2983fe6b78f86bf2ecfb95898ea","paleo1measurement1","temperature","degC","pollen","pollen",FALSE,"SharkeyLake.Camill.2003","LakeSediment",44.5924,-93.4132,305,"Sharkey Lake","1.0.8",1,"Jul","positive","air@surface",10,250,1140,890,50,890,FALSE,TRUE,FALSE,TRUE,TRUE,FALSE,13,TRUE,FALSE,TRUE,TRUE,TRUE,"","criteria",FALSE,"within-dataset"
"lcRPmtFkKHxEGxhDys2","LC0b2367fe15f0dd5b5fcef3c9e17d135f","paleo1measurement1","temperature","degC","pollen","pollen",FALSE,"Lavare.Barbier.1999","Peat",48.4333,-0.9167,205,"Lavare","1.0.3",1,"Jul","positive","air@surface",31,20,1920,1900,50,1900,FALSE,TRUE,FALSE,TRUE,TRUE,FALSE,6,TRUE,FALSE,TRUE,TRUE,TRUE,"","criteria",FALSE,"within-dataset"
"lcRpNSJAOYge3GPiWNk","LCd17c5dc02a2ae13ace50ac717f0f6cff","paleo1measurement1","temperature","degC","pollen","pollen",TRUE,"Litzelsee.Rosch.2016","LakeSediment",47.7679,8.9296,413,"Litzelsee","1.0.3",1,"Jul","positive","air@surface",113,40,2080,2040,10,2040,FALSE,TRUE,FALSE,TRUE,TRUE,FALSE,29,TRUE,FALSE,TRUE,TRUE,TRUE,"","criteria",FALSE,"within-dataset"
"lcRPo6S3jbSITv9uN21","LC4554fc96c7f9c574504a66276c3fc2bb","paleo1measurement1","temperature","degC","pollen","pollen",FALSE,"LilyLake.UmbanhowarJr.2004","LakeSediment",44.1929,-93.6398,311,"Lily Lake","1.0.3",1,"Annual","positive","air@surface",15,1260,1890,630,35,630,FALSE,TRUE,FALSE,TRUE,TRUE,FALSE,3,TRUE,FALSE,TRUE,TRUE,TRUE,"","criteria",FALSE,"within-dataset"
"lcRpo9LXCer7M0UlR0t","LC82c627a76ba1042157d390377e9961c2","paleo1measurement1","temperature","degC","pollen","pollen",FALSE,"TaylorSloughSite15.Willard.1997","Peat",25.2019,-80.6872,5,"Taylor Slough Site 15","1.0.3",1,"Jul","positive","air@surface",18,1250,2000,750,40,750,FALSE,TRUE,FALSE,TRUE,TRUE,FALSE,5,TRUE,FALSE,TRUE,TRUE,TRUE,"","criteria",FALSE,"within-dataset"
"lcRpoEHWKhVRL9toglR","LC146fc8277ff57fa79bd47f1c96dbf4f3","paleo1measurement1","temperature","degC","pollen","pollen",FALSE,"TaibaiLakeTN1.Tong.2009","LakeSediment",29.9957,115.8073,44,"Taibai Lake TN1","1.0.3",1,"Jul","positive","air@surface",95,660,2010,1350,10,1350,FALSE,TRUE,FALSE,TRUE,TRUE,FALSE,5,TRUE,FALSE,TRUE,TRUE,TRUE,"","criteria",FALSE,"within-dataset"
"lcRpP0gkImyom5gaibT","LC8dc17c6bf04d3776046a75ae0e0fd54a","paleo1measurement1","temperature","degC","pollen","pollen",TRUE,"LacNoir.Paquette.2013","LakeSediment",45.777,-75.1359,176,"Lac Noir","1.0.3",1,"Annual","positive","air@surface",91,930,2000,1070,10,1070,FALSE,TRUE,FALSE,TRUE,TRUE,FALSE,3,TRUE,FALSE,TRUE,TRUE,TRUE,"","criteria",FALSE,"within-dataset"
"lcRPPjeeP3ZsG9Mpeue","LC3057f0d13fc379dacc99be8bc9c7a5af","paleo1measurement1","temperature","degC","pollen","pollen",FALSE,"LoxahatcheeNationalWildlifeRefugeSite1EPASite7.Willard.1997","Peat",26.4811,-80.4156,5,"Loxahatchee National Wildlife Refuge Site 1 (EPA Site 7)","1.0.3",1,"Jul","positive","air@surface",28,510,1990,1480,50,1480,FALSE,TRUE,FALSE,TRUE,TRUE,FALSE,5,TRUE,FALSE,TRUE,TRUE,TRUE,"","criteria",FALSE,"within-dataset"
"lcRPPK7sWMnFTAYZN1c","LC798da88e9cbc5b3391ace4eb348cbb50","paleo1measurement1","temperature","degC","pollen","pollen",FALSE,"DyanushkaK7P2.Werner.2010","Peat",65.0394,125.0369,123,"Dyanushka K7P2","1.0.3",1,"Annual","positive","air@surface",6,1250,1970,720,60,720,FALSE,TRUE,FALSE,TRUE,FALSE,FALSE,13,TRUE,FALSE,TRUE,TRUE,TRUE,"resolution","data-poor exception",FALSE,"within-dataset"
"lcRpPxxAFTTWfJz4uWf","LCa62342d98da2575b8a14f220a7b7a1d4","paleo1measurement1","temperature","degC","pollen","pollen",FALSE,"LagodiVenere.Calo.2013","LakeSediment",36.8169,11.987,2,"Lago di Venere","1.0.3",1,"Jul","positive","air@surface",87,810,1990,1180,10,1180,FALSE,TRUE,FALSE,TRUE,TRUE,FALSE,2,TRUE,FALSE,TRUE,TRUE,TRUE,"","criteria",FALSE,"within-dataset"
"lcRPq841Y7ohYNe3UIl","LCa246e0718f7a4267aa693418acaa0bed","paleo1measurement1","temperature","degC","pollen","pollen",FALSE,"ArroyodeValdeconejos.MoralesMolino.2017","Peat",40.861,-4.061,1380,"Arroyo de Valdeconejos","1.0.3",1,"Annual","positive","air@surface",38,1510,2020,510,10,510,FALSE,TRUE,FALSE,TRUE,TRUE,FALSE,3,TRUE,FALSE,TRUE,TRUE,TRUE,"","criteria",FALSE,"within-dataset"
"lcRPRkPqk5szOC89fde","LC35d585e935376adf112d37d384370234","paleo1measurement1","temperature","degC","pollen","pollen",TRUE,"TourbieredeLandemarais.Visset.1989","Peat",48.4417,-1.1817,145,"Tourbiere de Landemarais","1.0.3",1,"Jul","positive","air@surface",35,1010,1990,980,30,980,FALSE,TRUE,FALSE,TRUE,TRUE,FALSE,3,TRUE,FALSE,TRUE,TRUE,TRUE,"","criteria",FALSE,"within-dataset"
"lcRPRQcZhVr6vjzw7S9","LC9f100b08c7659d493aeb585373be787d","paleo1measurement1","temperature","degC","pollen","pollen",FALSE,"Kralovec.Rybnickova.2005","Peat",49.1319,18.0278,599,"Kralovec","1.0.3",1,"Jul","positive","air@surface",26,730,2000,1270,50,1270,FALSE,TRUE,FALSE,TRUE,TRUE,FALSE,4,TRUE,FALSE,TRUE,TRUE,TRUE,"","criteria",FALSE,"within-dataset"
"lcRPS1Y4qcUxFh6pxDy","LC12f454481626c65dd1385b2dcf44fca6","paleo1measurement1","temperature","degC","pollen","pollen",FALSE,"Verkhnee.Beer.2008","LakeSediment",41.3091,72.9576,1440,"Verkhnee","1.0.3",1,"Jul","positive","air@surface",71,410,1980,1570,20,1570,FALSE,TRUE,FALSE,TRUE,TRUE,FALSE,4,TRUE,FALSE,TRUE,TRUE,TRUE,"","criteria",FALSE,"within-dataset"
"lcRPtzetnrNkwLUdyWn","LCadcfe8536795f68ee6e81530b65fa188","paleo1measurement1","temperature","degC","pollen","pollen",FALSE,"PenaNegra.AbelSchaad.2013","Peat",40.3347,-5.7922,1258,"Pena Negra","1.0.3",1,"Jul","positive","air@surface",44,130,2010,1880,40,1880,FALSE,TRUE,FALSE,TRUE,TRUE,FALSE,7,TRUE,FALSE,TRUE,TRUE,TRUE,"","criteria",FALSE,"within-dataset"
"lcRpWur4MT6q2i0tRPK","LC36d35f42781e9b0aece96ceabe028ffa","paleo1measurement1","temperature","degC","pollen","pollen",FALSE,"LAnseauxMeadowsSite.Davis.1988","Peat",51.5733,-55.55,5,"L'Anse aux Meadows Site","1.0.3",1,"Annual","positive","air@surface",58,30,1940,1910,30,1910,FALSE,TRUE,FALSE,TRUE,TRUE,FALSE,4,TRUE,FALSE,TRUE,TRUE,TRUE,"","criteria",FALSE,"within-dataset"
"lcRQ0JSw1uUgNH80daO","LC11a3a0c5aff5557858d4e7ee0f5460cb","paleo1measurement1","temperature","degC","pollen","pollen",FALSE,"ZoigeBasin.Zhao.2011","Peat",33.45,102.6333,3467,"Zoige Basin","1.0.6",1,"Jul","positive","air@surface",38,20,2010,1990,40,1990,FALSE,TRUE,FALSE,TRUE,TRUE,FALSE,9,TRUE,FALSE,TRUE,TRUE,TRUE,"","criteria",FALSE,"within-dataset"
"lcRQ1zKc8xbQMybII0K","LC7c447ef97622172c7580d032b66757d7","paleo1measurement1","temperature","degC","pollen","pollen",FALSE,"TawnyPond.Keizer.2015","LakeSediment",44.8164,-77.1825,276,"Tawny Pond","1.0.3",1,"Annual","positive","air@surface",97,980,2010,1030,10,1030,FALSE,TRUE,FALSE,TRUE,TRUE,FALSE,17,TRUE,FALSE,TRUE,TRUE,TRUE,"","criteria",FALSE,"within-dataset"
"lcRQ2ecuMYyK7yNfIwX","LC5b857190d156dfce7b66f9bdb0837754","paleo1measurement1","temperature","degC","pollen","pollen",FALSE,"LakeSapanca.Leroy.2010","LakeSediment",40.7167,30.25,31,"Lake Sapanca","1.0.3",1,"Annual","positive","air@surface",38,20,1940,1920,30,1920,FALSE,TRUE,FALSE,TRUE,TRUE,FALSE,11,TRUE,FALSE,TRUE,TRUE,TRUE,"","criteria",FALSE,"within-dataset"
"lcRQ3pOl3YM4lxhMya3","LC9f100b08c7659d493aeb585373be787d","paleo1measurement1","temperature","degC","pollen","pollen",FALSE,"Kralovec.Rybnickova.2005","Peat",49.1319,18.0278,599,"Kralovec","1.0.3",1,"Annual","positive","air@surface",26,730,2000,1270,50,1270,FALSE,TRUE,FALSE,TRUE,TRUE,FALSE,4,TRUE,FALSE,TRUE,TRUE,TRUE,"","criteria",FALSE,"within-dataset"
"lcRQ5CAIBpPKpbhV9t0","LC0a1ac219c71a6b944a38aeb5030485ed","paleo1measurement1","temperature","degC","pollen","pollen",FALSE,"Upskeraseliniste.Speranza.2000","Peat",50.7366,15.7084,1425,"Upske raseliniste","1.0.3",1,"Jul","positive","air@surface",50,250,1990,1740,30,1740,FALSE,TRUE,FALSE,TRUE,TRUE,FALSE,7,TRUE,FALSE,TRUE,TRUE,TRUE,"","criteria",FALSE,"within-dataset"
"lcRQ7sIumBfaz70Zdrh","LC6f993ff5a55b1140469f76b3a61c022c","paleo1measurement1","temperature","degC","pollen","pollen",FALSE,"MiddleNorthCoombe.Fyfe.2004","Peat",50.9339,-3.4333,122,"Middle North Coombe","1.0.3",1,"Jul","positive","air@surface",28,240,2000,1760,50,1760,FALSE,TRUE,FALSE,TRUE,TRUE,FALSE,4,TRUE,FALSE,TRUE,TRUE,TRUE,"","criteria",FALSE,"within-dataset"
"lcRQa0a59ROub2MccUx","LCd713e8236021d549a53dacf4812a7235","paleo1measurement1","temperature","degC","pollen","pollen",FALSE,"NovoUspenka.Blyakharchuk.1989","Peat",56.6167,84.1667,150,"Novo-Uspenka","1.0.7",1,"Annual","positive","air@surface",17,220,1970,1750,90,1750,FALSE,TRUE,FALSE,TRUE,FALSE,FALSE,5,FALSE,FALSE,TRUE,TRUE,TRUE,"resolution;chronology","data-poor exception",FALSE,"within-dataset"
"lcRqcbB6B4Nhhdkire4","LC67f1f3130b05aace86d5b0f7370e7ebd","paleo1measurement1","temperature","degC","pollen","pollen",FALSE,"CenoteSanJoseChulchaca.Leyden.1996","LakeSediment",20.8667,-90.1333,1,"Cenote San Jose Chulchaca","1.0.3",1,"Jul","positive","air@surface",27,170,2000,1830,45,1830,FALSE,TRUE,FALSE,TRUE,TRUE,FALSE,3,TRUE,FALSE,TRUE,TRUE,TRUE,"","criteria",FALSE,"within-dataset"
"lcRqe1r9AhEXObIBDdN","LCda6697a1b768116bc53fd21daff63253","paleo1measurement1","temperature","degC","pollen","pollen",FALSE,"ChesapeakeBayMD992209.Willard.2005","MarineSediment",38.8861,-76.3944,0,"Chesapeake Bay (MD99-2209)","1.0.7",1,"Jul","positive","air@surface",51,240,1860,1620,30,1620,FALSE,TRUE,FALSE,TRUE,TRUE,FALSE,21,TRUE,FALSE,TRUE,TRUE,TRUE,"","criteria",FALSE,"within-dataset"
"lcRqenAHxTVv5GRCLw0","LCebfeb762332f122e49ab420907c85bd5","paleo1measurement1","temperature","degC","pollen","pollen",FALSE,"BuckbeanBog.Heinrichs.1999","Peat",49.1191,-119.683,1803,"Buckbean Bog","1.0.5",1,"Annual","positive","air@surface",25,70,2010,1940,50,1940,FALSE,TRUE,FALSE,TRUE,TRUE,FALSE,6,TRUE,FALSE,TRUE,TRUE,TRUE,"","criteria",FALSE,"within-dataset"
"lcRQfQNcJB7Kbq3Mtub","LC3448e48d8bb9bd8cde69f553c589e259","paleo1measurement1","temperature","degC","pollen","pollen",FALSE,"MinnesotaPoint.Nurse.2017","FluvialSediment",46.7334,-92.065,184,"Minnesota Point","1.0.3",1,"Annual","positive","air@surface",20,1210,2050,840,40,840,FALSE,TRUE,FALSE,TRUE,TRUE,FALSE,15,TRUE,FALSE,TRUE,TRUE,TRUE,"","criteria",FALSE,"within-dataset"
"lcRqG2v53Q49sIrygwx","LC15087320340d5ebdfeda6c2243f65899","paleo1measurement1","temperature","degC","pollen","pollen",FALSE,"DeltadelRioBesos.PantaleonCano.1994","FluvialSediment",41.4053,2.2483,0,"Delta del Rio Besos","1.0.3",1,"Annual","positive","air@surface",48,1100,1970,870,20,870,FALSE,TRUE,FALSE,TRUE,TRUE,FALSE,19,TRUE,FALSE,TRUE,TRUE,TRUE,"","criteria",FALSE,"within-dataset"
"lcRQg4Emmfd3gRyx50r","LCc0330cab7fbaca277fe6aecbcfbb9dcd","paleo1measurement1","temperature","degC","pollen","pollen",TRUE,"PiermontMarsh.Pederson.2005","Peat",41.0276,-73.9084,0,"Piermont Marsh","1.0.3",1,"Jul","positive","air@surface",51,690,2010,1320,20,1320,FALSE,TRUE,FALSE,TRUE,TRUE,FALSE,9,TRUE,FALSE,TRUE,TRUE,TRUE,"","criteria",FALSE,"within-dataset"
"lcRQGlX6OurUdqrINUl","LCe0cd3d50e575ea42397a4e6139eea137","paleo1measurement1","temperature","degC","pollen","pollen",FALSE,"AnthonyLake.Long.2019","LakeSediment",44.9597,-118.2314,2174,"Anthony Lake","1.0.3",1,"Jul","positive","air@surface",20,170,1950,1780,50,1780,FALSE,TRUE,FALSE,TRUE,TRUE,FALSE,5,TRUE,FALSE,TRUE,TRUE,TRUE,"","criteria",FALSE,"within-dataset"
"lcRQGLyF9VrLcIxauSL","LC98c53e9ab41a1e97d40dd97be89fff82","paleo1measurement1","temperature","degC","pollen","pollen",FALSE,"Durchenbergried.Rosch.1990","Peat",47.775,8.9788,432,"Durchenbergried","1.0.6",1,"Annual","positive","air@surface",56,10,1990,1980,30,1980,FALSE,TRUE,FALSE,TRUE,TRUE,FALSE,51,TRUE,FALSE,TRUE,TRUE,TRUE,"","criteria",FALSE,"within-dataset"
"lcRqI1tZyix4KC3A09x","LC83fb85087068ba58f43dc8f5c35e3ed3","paleo1measurement1","temperature","degC","pollen","pollen",FALSE,"ChesapeakeBayRhodeRiver.Baucom.2000","MarineSediment",38.8864,-76.3947,0,"Chesapeake Bay, Rhode River","1.0.3",1,"Annual","positive","air@surface",79,10,2030,2020,30,2020,FALSE,TRUE,FALSE,TRUE,TRUE,FALSE,9,TRUE,FALSE,TRUE,TRUE,TRUE,"","criteria",FALSE,"within-dataset"
"lcRqivAxhog4FqB9AYL","LC5daff52ef499c7d176b6a7290453297a","paleo1measurement1","temperature","degC","pollen","pollen",FALSE,"Valdeyernosbog.DoradoValino.2014","Peat",39.4411,-4.0964,850,"Valdeyernos bog","1.0.3",1,"Annual","positive","air@surface",22,640,2010,1370,20,1370,FALSE,TRUE,FALSE,TRUE,TRUE,FALSE,4,TRUE,FALSE,TRUE,TRUE,TRUE,"","criteria",FALSE,"within-dataset"
"lcRQk5Hd6eSmIrpyWsQ","LCb6ded9f9353b2ddbeda50d5ba3c3f827","paleo1measurement1","temperature","degC","pollen","pollen",FALSE,"GrandMez.McGhee.1975","LakeSediment",46.7461,1.4425,123,"Grand Mez","1.0.3",1,"Annual","positive","air@surface",16,1030,1980,950,50,950,FALSE,TRUE,FALSE,TRUE,TRUE,FALSE,2,TRUE,FALSE,TRUE,TRUE,TRUE,"","criteria",FALSE,"within-dataset"
"lcRqkEOjnIxUivVAVzD","LC5daff52ef499c7d176b6a7290453297a","paleo1measurement1","temperature","degC","pollen","pollen",TRUE,"Valdeyernosbog.DoradoValino.2014","Peat",39.4411,-4.0964,850,"Valdeyernos bog","1.0.3",1,"Annual","positive","air@surface",22,640,2010,1370,20,1370,FALSE,TRUE,FALSE,TRUE,TRUE,FALSE,4,TRUE,FALSE,TRUE,TRUE,TRUE,"","criteria",TRUE,NA
"lcRQl8rtgXRYqLx6SaM","LC4901aeddde5d6f5247f38492e2bf6c26","paleo1measurement1","temperature","degC","pollen","pollen",FALSE,"LagodiOriglio.Tinner.1999","LakeSediment",46.0515,8.9433,416,"Lago di Origlio","1.0.6",1,"Jul","positive","air@surface",35,30,2000,1970,40,1970,FALSE,TRUE,FALSE,TRUE,TRUE,FALSE,26,TRUE,FALSE,TRUE,TRUE,TRUE,"","criteria",FALSE,"within-dataset"
"lcRQlhtXEsZdaYtQBDQ","LC15087320340d5ebdfeda6c2243f65899","paleo1measurement1","temperature","degC","pollen","pollen",FALSE,"DeltadelRioBesos.PantaleonCano.1994","FluvialSediment",41.4053,2.2483,0,"Delta del Rio Besos","1.0.3",1,"Annual","positive","air@surface",48,1100,1970,870,20,870,FALSE,TRUE,FALSE,TRUE,TRUE,FALSE,19,TRUE,FALSE,TRUE,TRUE,TRUE,"","criteria",FALSE,"within-dataset"
"lcRqMdNh4aRMjlsmGP0","LC6eb19cdb7f91d967c824af57cd324c5d","paleo1measurement1","temperature","degC","pollen","pollen",FALSE,"AkTerek.Beer.2008","Peat",41.2815,72.8343,1748,"Ak Terek","1.0.3",1,"Annual","positive","air@surface",12,1060,2030,970,50,970,FALSE,TRUE,FALSE,TRUE,TRUE,FALSE,2,TRUE,FALSE,TRUE,TRUE,TRUE,"","criteria",FALSE,"within-dataset"
"lcRQmFd0tc6dOomIkPH","LCbf5b81c1ba95409515abcb35b85a4507","paleo1measurement1","temperature","degC","pollen","pollen",FALSE,"Lacawac.Russell.1993","LakeSediment",41.3821,-75.2913,443,"Lacawac","1.0.3",1,"Jul","positive","air@surface",26,1250,1980,730,20,730,FALSE,TRUE,FALSE,TRUE,TRUE,FALSE,12,TRUE,FALSE,TRUE,TRUE,TRUE,"","criteria",FALSE,"within-dataset"
"lcRqn14TQzhyA5yJRcW","LC2aa697bacf4d7c46939425c39d9abdf8","paleo1measurement1","temperature","degC","pollen","pollen",TRUE,"ClearwaterBog.Nichols.1969","Peat",54.0236,-101.2588,266,"Clearwater Bog","1.0.3",1,"Jul","positive","air@surface",17,1050,2010,960,50,960,FALSE,TRUE,FALSE,TRUE,TRUE,FALSE,3,TRUE,FALSE,TRUE,TRUE,TRUE,"","criteria",FALSE,"within-dataset"
"lcRQN1HTzRhJbpngy6G","LC20ab9ae338817d699ff1dc9ab669ce2a","paleo1measurement1","temperature","degC","pollen","pollen",TRUE,"TuskegeePond.Steventon.1983","LakeSediment",35.5847,-84.2106,240,"Tuskegee Pond","1.0.3",1,"Annual","positive","air@surface",22,600,2000,1400,50,1400,FALSE,TRUE,FALSE,TRUE,TRUE,FALSE,3,FALSE,FALSE,TRUE,TRUE,TRUE,"chronology","data-poor exception",TRUE,NA
"lcRqN3jJcvhEJoVRlh7","LC62c17b15ddf1ec2a989fb6807ac54e38","paleo1measurement1","temperature","degC","pollen","pollen",TRUE,"WarePond.Oswald.2018","LakeSediment",42.4824,-70.8822,3,"Ware Pond","1.0.5",1,"Annual","positive","air@surface",33,50,2050,2000,40,2000,FALSE,TRUE,FALSE,TRUE,TRUE,FALSE,10,TRUE,FALSE,TRUE,TRUE,TRUE,"","criteria",TRUE,NA
"lcRQOnv6qN6OXjARb0h","LC43e99a2022f117d533ef246c5c0797b9","paleo1measurement1","temperature","degC","pollen","pollen",TRUE,"FontSalesse.deBeaulieu.1969","Peat",43.6017,2.9789,1060,"Font Salesse","1.0.3",1,"Jul","positive","air@surface",14,1390,1970,580,30,580,FALSE,TRUE,FALSE,TRUE,TRUE,FALSE,2,TRUE,FALSE,TRUE,TRUE,TRUE,"","criteria",FALSE,"within-dataset"
"lcRQor4nYrMkhWI8WVj","LC9d732362db698792b8631e1ee5beca13","paleo1measurement1","temperature","degC","pollen","pollen",FALSE,"LilyWarwick.Fuller.1998","LakeSediment",42.6884,-72.3372,269,"Lily Warwick","1.0.3",1,"Jul","positive","air@surface",61,710,1980,1270,20,1270,FALSE,TRUE,FALSE,TRUE,TRUE,FALSE,6,TRUE,FALSE,TRUE,TRUE,TRUE,"","criteria",FALSE,"within-dataset"
"lcRqpGt2eofTJrorge0","LCd57fb6883cd7fe71f1c2871d24b13fff","paleo1measurement1","temperature","degC","pollen","pollen",FALSE,"Ballyduff.Stefanini.2008","Peat",53.0822,-7.992,60,"Ballyduff","1.0.5",1,"Annual","positive","air@surface",62,60,2000,1940,20,1940,FALSE,TRUE,FALSE,TRUE,TRUE,FALSE,39,TRUE,FALSE,TRUE,TRUE,TRUE,"","criteria",FALSE,"within-dataset"
"lcRQQlbvFIL3Kz8XumQ","LC2ea67c5bffbce840edf91e388dbdb1f6","paleo1measurement1","temperature","degC","pollen","pollen",FALSE,"Foula.Shotyk.1996","Peat",60.1374,-2.0793,170,"Foula","1.0.3",1,"Jul","positive","air@surface",44,1220,1980,760,20,760,FALSE,TRUE,FALSE,TRUE,TRUE,FALSE,4,TRUE,FALSE,TRUE,TRUE,TRUE,"","criteria",FALSE,"within-dataset"
"lcRqrM7YKwWCs0lt4kU","LCd713e8236021d549a53dacf4812a7235","paleo1measurement1","temperature","degC","pollen","pollen",TRUE,"NovoUspenka.Blyakharchuk.1989","Peat",56.6167,84.1667,150,"Novo-Uspenka","1.0.7",1,"Annual","positive","air@surface",17,220,1970,1750,90,1750,FALSE,TRUE,FALSE,TRUE,FALSE,FALSE,5,FALSE,FALSE,TRUE,TRUE,TRUE,"resolution;chronology","data-poor exception",TRUE,NA
"lcRqSQQvpbWXPyuc6oM","LC027bb84dde1b623df4af382dbc723e96","paleo1measurement1","temperature","degC","pollen","pollen",FALSE,"OgacLake.Doner.2001","LakeSediment",62.8455,-67.3415,5,"Ogac Lake","1.0.3",1,"Jul","positive","air@surface",40,10,1920,1910,50,1910,FALSE,TRUE,FALSE,TRUE,TRUE,FALSE,5,TRUE,FALSE,TRUE,TRUE,TRUE,"","criteria",FALSE,"within-dataset"
"lcRQuck8KYYo9yxfO1e","LCd17c5dc02a2ae13ace50ac717f0f6cff","paleo1measurement1","temperature","degC","pollen","pollen",TRUE,"Litzelsee.Rosch.2016","LakeSediment",47.7679,8.9296,413,"Litzelsee","1.0.3",1,"Annual","positive","air@surface",113,40,2080,2040,10,2040,FALSE,TRUE,FALSE,TRUE,TRUE,FALSE,29,TRUE,FALSE,TRUE,TRUE,TRUE,"","criteria",TRUE,NA
"lcRQUGkJybJ4IoQaF4U","LC79b5b45a7fe015c7fa2ded7e1cc5e546","paleo1measurement1","temperature","degC","pollen","pollen",FALSE,"WaterConservationArea2ASite2SiteF1.Willard.1997","Peat",26.3597,-80.3706,5,"Water Conservation Area 2A, Site 2 (Site F1)","1.0.3",1,"Jul","positive","air@surface",26,10,2060,2050,40,2050,FALSE,TRUE,FALSE,TRUE,TRUE,FALSE,7,TRUE,FALSE,TRUE,TRUE,TRUE,"","criteria",FALSE,"within-dataset"
"lcRqvISRv1sO0ImSo70","LC3b2e294f2d307a11469390647391d919","paleo1measurement1","temperature","degC","pollen","pollen",FALSE,"DeepFalmouthPond.Oswald.2018","LakeSediment",41.564,-70.6357,18,"Deep-Falmouth Pond","1.0.8",1,"Annual","positive","air@surface",48,20,2020,2000,40,2000,FALSE,TRUE,FALSE,TRUE,TRUE,FALSE,16,TRUE,FALSE,TRUE,TRUE,TRUE,"","criteria",FALSE,"within-dataset"
"lcRqX9hKo7dVNimjT3F","LC5daff52ef499c7d176b6a7290453297a","paleo1measurement1","temperature","degC","pollen","pollen",FALSE,"Valdeyernosbog.DoradoValino.2014","Peat",39.4411,-4.0964,850,"Valdeyernos bog","1.0.3",1,"Jul","positive","air@surface",22,640,2010,1370,20,1370,FALSE,TRUE,FALSE,TRUE,TRUE,FALSE,4,TRUE,FALSE,TRUE,TRUE,TRUE,"","criteria",FALSE,"within-dataset"
"lcRqXRJps0N46pwFQrW","LCd89f21818ba068176fc2641268994d89","paleo1measurement1","temperature","degC","pollen","pollen",TRUE,"EinGedi.Litt.2012","MarineSediment",31.4189,35.3883,NA,"Ein Gedi","1.0.4",1,"Annual","positive","air@surface",13,50,1920,1870,155,1870,FALSE,TRUE,FALSE,TRUE,TRUE,FALSE,20,TRUE,FALSE,TRUE,TRUE,TRUE,"","criteria",TRUE,NA
"lcRQz6VTtbtMuXa9fRB","LC146fc8277ff57fa79bd47f1c96dbf4f3","paleo1measurement1","temperature","degC","pollen","pollen",FALSE,"TaibaiLakeTN1.Tong.2009","LakeSediment",29.9957,115.8073,44,"Taibai Lake TN1","1.0.3",1,"Jul","positive","air@surface",95,660,2010,1350,10,1350,FALSE,TRUE,FALSE,TRUE,TRUE,FALSE,5,TRUE,FALSE,TRUE,TRUE,TRUE,"","criteria",FALSE,"within-dataset"
"lcRR05QblzbZTjMF6WG","LC5f85eca75382c3190380dc15f4976dbf","paleo1measurement1","temperature","degC","pollen","pollen",TRUE,"MaraisdeMazerolles.Ouguerram.2002","Peat",47.3581,-1.4786,4,"Marais de Mazerolles","1.0.5",1,"Annual","positive","air@surface",63,140,1990,1850,30,1850,FALSE,TRUE,FALSE,TRUE,TRUE,FALSE,8,TRUE,FALSE,TRUE,TRUE,TRUE,"","criteria",TRUE,NA
"lcRr6Dmlr1s4HZlmGKD","LC15087320340d5ebdfeda6c2243f65899","paleo1measurement1","temperature","degC","pollen","pollen",FALSE,"DeltadelRioBesos.PantaleonCano.1994","FluvialSediment",41.4053,2.2483,0,"Delta del Rio Besos","1.0.3",1,"Jul","positive","air@surface",48,1100,1970,870,20,870,FALSE,TRUE,FALSE,TRUE,TRUE,FALSE,19,TRUE,FALSE,TRUE,TRUE,TRUE,"","criteria",FALSE,"within-dataset"
"lcRR7C9FMDQtn0LtuZF","LCe08ad0d73545822fd0323c34db4baa9e","paleo1measurement1","temperature","degC","pollen","pollen",FALSE,"LakeNuochaga.Andreev.1989","LakeSediment",61.3006,129.5558,260,"Lake Nuochaga","1.0.5",1,"Jul","positive","air@surface",14,270,1930,1660,90,1660,FALSE,TRUE,FALSE,TRUE,FALSE,FALSE,4,TRUE,FALSE,TRUE,TRUE,TRUE,"resolution","data-poor exception",FALSE,"within-dataset"
"lcRRafAEXquBeYOz3Xu","LC7fa4ebd7f0ce92cb497a8efbad76b212","paleo1measurement1","temperature","degC","pollen","pollen",FALSE,"LesNaudieres.Poirier.2013","FluvialSediment",47.5375,0.7022,101,"Les Naudieres","1.0.3",1,"Jul","positive","air@surface",56,570,1960,1390,20,1390,FALSE,TRUE,FALSE,TRUE,TRUE,FALSE,7,TRUE,FALSE,TRUE,TRUE,TRUE,"","criteria",FALSE,"within-dataset"
"lcRrB5G6zQp3WgV6EoQ","LC6eb19cdb7f91d967c824af57cd324c5d","paleo1measurement1","temperature","degC","pollen","pollen",FALSE,"AkTerek.Beer.2008","Peat",41.2815,72.8343,1748,"Ak Terek","1.0.3",1,"Annual","positive","air@surface",12,1060,2030,970,50,970,FALSE,TRUE,FALSE,TRUE,TRUE,FALSE,2,TRUE,FALSE,TRUE,TRUE,TRUE,"","criteria",FALSE,"within-dataset"
"lcRrB8QYBBZRVeerKf2","LCef6d7094877999bb6e011ebd5bd37c35","paleo1measurement1","temperature","degC","pollen","pollen",FALSE,"SaintMichelenBrenne.McGhee.1975","Other",46.8094,1.1639,83,"Saint-Michel-en-Brenne","1.0.3",1,"Annual","positive","air@surface",47,30,1990,1960,30,1960,FALSE,TRUE,FALSE,TRUE,TRUE,FALSE,4,TRUE,FALSE,TRUE,TRUE,TRUE,"","criteria",FALSE,"within-dataset"
"lcRRdpJsmxp9JmCSaCc","LCda6697a1b768116bc53fd21daff63253","paleo1measurement1","temperature","degC","pollen","pollen",TRUE,"ChesapeakeBayMD992209.Willard.2005","MarineSediment",38.8861,-76.3944,0,"Chesapeake Bay (MD99-2209)","1.0.7",1,"Annual","positive","air@surface",51,240,1860,1620,30,1620,FALSE,TRUE,FALSE,TRUE,TRUE,FALSE,21,TRUE,FALSE,TRUE,TRUE,TRUE,"","criteria",TRUE,NA
"lcRRdV21njZ8mDmPBjp","LCbe87d192874cb2166b17613baa82c3b6","paleo1measurement1","temperature","degC","pollen","pollen",FALSE,"LakeKvarntrask.SarmajaKorjonen.1991","LakeSediment",60.3458,19.9717,14,"Lake Kvarntrask","1.0.3",1,"Annual","positive","air@surface",59,30,1990,1960,30,1960,FALSE,TRUE,FALSE,TRUE,TRUE,FALSE,4,TRUE,FALSE,TRUE,TRUE,TRUE,"","criteria",FALSE,"within-dataset"
"lcRrDYF8EUbQ12H71y1","LC2aa697bacf4d7c46939425c39d9abdf8","paleo1measurement1","temperature","degC","pollen","pollen",FALSE,"ClearwaterBog.Nichols.1969","Peat",54.0236,-101.2588,266,"Clearwater Bog","1.0.3",1,"Annual","positive","air@surface",17,1050,2010,960,50,960,FALSE,TRUE,FALSE,TRUE,TRUE,FALSE,3,TRUE,FALSE,TRUE,TRUE,TRUE,"","criteria",FALSE,"within-dataset"
"lcRRg9r8gkmrjzJq3Ab","LC70c663e28de73481dece6c58b05b3c2f","paleo1measurement1","temperature","degC","pollen","pollen",FALSE,"FerryLake.Hotchkiss.2007","LakeSediment",46.013,-92.125,290,"Ferry Lake","1.0.3",1,"Jul","positive","air@surface",52,10,2010,2000,40,2000,FALSE,TRUE,FALSE,TRUE,TRUE,FALSE,4,TRUE,FALSE,TRUE,TRUE,TRUE,"","criteria",FALSE,"within-dataset"
"lcRRgwnuEP2QfWXucx6","LC35d585e935376adf112d37d384370234","paleo1measurement1","temperature","degC","pollen","pollen",FALSE,"TourbieredeLandemarais.Visset.1989","Peat",48.4417,-1.1817,145,"Tourbiere de Landemarais","1.0.3",1,"Annual","positive","air@surface",35,1010,1990,980,30,980,FALSE,TRUE,FALSE,TRUE,TRUE,FALSE,3,TRUE,FALSE,TRUE,TRUE,TRUE,"","criteria",FALSE,"within-dataset"
"lcRrj3AFehV3wBNZt95","LCebfeb762332f122e49ab420907c85bd5","paleo1measurement1","temperature","degC","pollen","pollen",FALSE,"BuckbeanBog.Heinrichs.1999","Peat",49.1191,-119.683,1803,"Buckbean Bog","1.0.5",1,"Jul","positive","air@surface",25,70,2010,1940,50,1940,FALSE,TRUE,FALSE,TRUE,TRUE,FALSE,6,TRUE,FALSE,TRUE,TRUE,TRUE,"","criteria",FALSE,"within-dataset"
"lcRrkXLPlpr5Cx2l5qg","LC1ccf114d1af4b36060b02052511e485e","paleo1measurement1","temperature","degC","pollen","pollen",FALSE,"MolesChamber.Fyfe.2012","Peat",51.1394,-3.8328,421,"Moles Chamber","1.0.3",1,"Annual","positive","air@surface",47,80,1920,1840,30,1840,FALSE,TRUE,FALSE,TRUE,TRUE,FALSE,6,TRUE,FALSE,TRUE,TRUE,TRUE,"","criteria",FALSE,"within-dataset"
"lcRrl1gv4eGD6w5HNKA","LCb5f8ef048c71f4db0ea90eb2405a508d","paleo1measurement1","temperature","degC","pollen","pollen",FALSE,"BlackwoodSinkhole.Tamalavage.2018","LakeSediment",26.7987,-77.4234,0,"Blackwood Sinkhole","1.0.3",1,"Jul","positive","air@surface",85,20,1990,1970,20,1970,FALSE,TRUE,FALSE,TRUE,TRUE,FALSE,19,TRUE,FALSE,TRUE,TRUE,TRUE,"","criteria",FALSE,"within-dataset"
"lcRRlhi0zN85eLdLdOK","LC7102aac5df21f90970ef90fb0a5808cb","paleo1measurement1","temperature","degC","pollen","pollen",FALSE,"Fuschlsee.Voigt.1996","LakeSediment",47.8042,13.2747,663,"Fuschlsee","1.0.5",1,"Annual","positive","air@surface",40,40,1980,1940,40,1940,FALSE,TRUE,FALSE,TRUE,TRUE,FALSE,20,TRUE,FALSE,TRUE,TRUE,TRUE,"","criteria",FALSE,"within-dataset"
"lcRRlqLEEqP9TqF43t3","LCb50314c18e7cdf1fb15820f52fe7fb30","paleo1measurement1","temperature","degC","pollen","pollen",FALSE,"Trogenmoos.vanderKnaap.2000","Peat",46.7619,7.8639,1484,"Trogenmoos","1.0.3",1,"Annual","positive","air@surface",44,1130,1990,860,20,860,FALSE,TRUE,FALSE,TRUE,TRUE,FALSE,2,TRUE,FALSE,TRUE,TRUE,TRUE,"","criteria",FALSE,"within-dataset"
"lcRRMCIqoKPx2GyKAzn","LC2ea67c5bffbce840edf91e388dbdb1f6","paleo1measurement1","temperature","degC","pollen","pollen",FALSE,"Foula.Shotyk.1996","Peat",60.1374,-2.0793,170,"Foula","1.0.3",1,"Annual","positive","air@surface",44,1220,1980,760,20,760,FALSE,TRUE,FALSE,TRUE,TRUE,FALSE,4,TRUE,FALSE,TRUE,TRUE,TRUE,"","criteria",FALSE,"within-dataset"
"lcRrmLN27EhR7LW4dPw","LCc11db47aa5126e5e866550ac4234eca3","paleo1measurement1","temperature","degC","pollen","pollen",FALSE,"HiddenLake.Calder.2016","LakeSediment",40.5047,-106.6075,2704,"Hidden Lake","1.0.3",1,"Annual","positive","air@surface",27,120,1920,1800,50,1800,FALSE,TRUE,FALSE,TRUE,TRUE,FALSE,3,TRUE,FALSE,TRUE,TRUE,TRUE,"","criteria",FALSE,"within-dataset"
"lcRrmT1SnjF8wLM3gnC","LCbf5b81c1ba95409515abcb35b85a4507","paleo1measurement1","temperature","degC","pollen","pollen",FALSE,"Lacawac.Russell.1993","LakeSediment",41.3821,-75.2913,443,"Lacawac","1.0.3",1,"Annual","positive","air@surface",26,1250,1980,730,20,730,FALSE,TRUE,FALSE,TRUE,TRUE,FALSE,12,TRUE,FALSE,TRUE,TRUE,TRUE,"","criteria",FALSE,"within-dataset"
"lcRrNI9WV0Di5YuLM42","LCa246e0718f7a4267aa693418acaa0bed","paleo1measurement1","temperature","degC","pollen","pollen",TRUE,"ArroyodeValdeconejos.MoralesMolino.2017","Peat",40.861,-4.061,1380,"Arroyo de Valdeconejos","1.0.3",1,"Annual","positive","air@surface",38,1510,2020,510,10,510,FALSE,TRUE,FALSE,TRUE,TRUE,FALSE,3,TRUE,FALSE,TRUE,TRUE,TRUE,"","criteria",TRUE,NA
"lcRRns0yDIfWYmnnPUM","LC5f85eca75382c3190380dc15f4976dbf","paleo1measurement1","temperature","degC","pollen","pollen",FALSE,"MaraisdeMazerolles.Ouguerram.2002","Peat",47.3581,-1.4786,4,"Marais de Mazerolles","1.0.5",1,"Jul","positive","air@surface",63,140,1990,1850,30,1850,FALSE,TRUE,FALSE,TRUE,TRUE,FALSE,8,TRUE,FALSE,TRUE,TRUE,TRUE,"","criteria",FALSE,"within-dataset"
"lcRrO5JMN0DsWfjqSw4","LC3b56f6d622eecc888b6ee98702536d3c","paleo1measurement1","temperature","degC","pollen","pollen",FALSE,"LagunaBiajaca.CastillaBeltran.2018","FluvialSediment",19.5909,-71.0865,78,"Laguna Biajaca","1.0.3",1,"Annual","positive","air@surface",42,960,1960,1000,20,1000,FALSE,TRUE,FALSE,TRUE,TRUE,FALSE,6,TRUE,FALSE,TRUE,TRUE,TRUE,"","criteria",FALSE,"within-dataset"
"lcRroEooASbhXt5J1Qy","LC43e99a2022f117d533ef246c5c0797b9","paleo1measurement1","temperature","degC","pollen","pollen",FALSE,"FontSalesse.deBeaulieu.1969","Peat",43.6017,2.9789,1060,"Font Salesse","1.0.3",1,"Jul","positive","air@surface",14,1390,1970,580,30,580,FALSE,TRUE,FALSE,TRUE,TRUE,FALSE,2,TRUE,FALSE,TRUE,TRUE,TRUE,"","criteria",FALSE,"within-dataset"
"lcRrQd2RCUXvcVkMNt5","LCf1d5479a47415e43de7c6c6700ec7885","paleo1measurement1","temperature","degC","pollen","pollen",TRUE,"Fougeres.CletPellerin.1993","Peat",48.5167,-0.8333,186,"Fougeres","1.0.3",1,"Annual","positive","air@surface",42,1360,1980,620,10,620,FALSE,TRUE,FALSE,TRUE,TRUE,FALSE,3,TRUE,FALSE,TRUE,TRUE,TRUE,"","criteria",TRUE,NA
"lcRRQHiRqgXJS41QMaA","LC1d4fafdcc8f99c4b8be79bb115a409e2","paleo1measurement1","temperature","degC","pollen","pollen",TRUE,"Vladar.Pokorny.2006","LakeSediment",50.0786,13.214,612,"Vladar","1.0.3",1,"Jul","positive","air@surface",47,10,1990,1980,30,1980,FALSE,TRUE,FALSE,TRUE,TRUE,FALSE,6,TRUE,FALSE,TRUE,TRUE,TRUE,"","criteria",FALSE,"within-dataset"
"lcRRQpaIvGaGHQicZw5","LC152754a16cb016b7b1a193745db5597e","paleo1measurement1","temperature","degC","pollen","pollen",FALSE,"KellysLough.Leira.2007","LakeSediment",52.9585,-6.4257,585,"Kelly's Lough","1.0.5",1,"Annual","positive","air@surface",41,30,1960,1930,40,1930,FALSE,TRUE,FALSE,TRUE,TRUE,FALSE,17,TRUE,FALSE,TRUE,TRUE,TRUE,"","criteria",FALSE,"within-dataset"
"lcRRqwZs8h8wfXP1XWd","LC79b5b45a7fe015c7fa2ded7e1cc5e546","paleo1measurement1","temperature","degC","pollen","pollen",FALSE,"WaterConservationArea2ASite2SiteF1.Willard.1997","Peat",26.3597,-80.3706,5,"Water Conservation Area 2A, Site 2 (Site F1)","1.0.3",1,"Annual","positive","air@surface",26,10,2060,2050,40,2050,FALSE,TRUE,FALSE,TRUE,TRUE,FALSE,7,TRUE,FALSE,TRUE,TRUE,TRUE,"","criteria",FALSE,"within-dataset"
"lcRRrOOBecxjCyLdeqA","LCd713e8236021d549a53dacf4812a7235","paleo1measurement1","temperature","degC","pollen","pollen",FALSE,"NovoUspenka.Blyakharchuk.1989","Peat",56.6167,84.1667,150,"Novo-Uspenka","1.0.7",1,"Jul","positive","air@surface",17,220,1970,1750,90,1750,FALSE,TRUE,FALSE,TRUE,FALSE,FALSE,5,FALSE,FALSE,TRUE,TRUE,TRUE,"resolution;chronology","data-poor exception",FALSE,"within-dataset"
"lcRrSgQ9PtABHAbtWim","LC93603a722d6fc3a8de2ca82636b07614","paleo1measurement1","temperature","degC","pollen","pollen",TRUE,"MissionCrossBog.Allan.2003","LakeSediment",41.7847,-115.4836,2424,"Mission Cross Bog","1.0.3",1,"Jul","positive","air@surface",34,180,1950,1770,40,1770,FALSE,TRUE,FALSE,TRUE,TRUE,FALSE,8,TRUE,FALSE,TRUE,TRUE,TRUE,"","criteria",FALSE,"within-dataset"
"lcRRSS1cvbk809hw7vK","LCf104d54d7480329ff23d1ad5362a18d1","paleo1measurement1","temperature","degC","pollen","pollen",FALSE,"KleinenMochowsee.Jahns.1999","LakeSediment",51.9964,14.1989,49,"Kleinen Mochowsee","1.0.3",1,"Jul","positive","air@surface",28,220,1960,1740,50,1740,FALSE,TRUE,FALSE,TRUE,TRUE,FALSE,4,TRUE,FALSE,TRUE,TRUE,TRUE,"","criteria",FALSE,"within-dataset"
"lcRrt6irKwa79XJMwns","LC70c663e28de73481dece6c58b05b3c2f","paleo1measurement1","temperature","degC","pollen","pollen",FALSE,"FerryLake.Hotchkiss.2007","LakeSediment",46.013,-92.125,290,"Ferry Lake","1.0.3",1,"Jul","positive","air@surface",52,10,2010,2000,40,2000,FALSE,TRUE,FALSE,TRUE,TRUE,FALSE,4,TRUE,FALSE,TRUE,TRUE,TRUE,"","criteria",FALSE,"within-dataset"
"lcRrTCCV5lACPAS420z","LC20ab9ae338817d699ff1dc9ab669ce2a","paleo1measurement1","temperature","degC","pollen","pollen",FALSE,"TuskegeePond.Steventon.1983","LakeSediment",35.5847,-84.2106,240,"Tuskegee Pond","1.0.3",1,"Annual","positive","air@surface",22,600,2000,1400,50,1400,FALSE,TRUE,FALSE,TRUE,TRUE,FALSE,3,FALSE,FALSE,TRUE,TRUE,TRUE,"chronology","data-poor exception",FALSE,"within-dataset"
"lcRrThT0IceHUIAgbBg","LC39ff783e7e9708576fa14f8fcac481fc","paleo1measurement1","temperature","degC","pollen","pollen",TRUE,"Langarud.Haghani.2015","Peat",37.1856,50.1475,NA,"Langarud","1.0.3",1,"Jul","positive","air@surface",15,1350,2000,650,30,650,FALSE,TRUE,FALSE,TRUE,TRUE,FALSE,2,TRUE,FALSE,TRUE,TRUE,TRUE,"","criteria",FALSE,"within-dataset"
"lcRRuckupPnKAAoWdwA","LCfa9dc1860d8ac054ef554fa21bcfdf9c","paleo1measurement1","temperature","degC","pollen","pollen",TRUE,"Zhoulao.Gu.2004","LakeSediment",29.8167,112.8833,31,"Zhoulao","1.0.4",1,"Annual","positive","air@surface",15,20,660,640,40,640,FALSE,TRUE,FALSE,TRUE,TRUE,FALSE,3,TRUE,FALSE,TRUE,TRUE,TRUE,"","criteria",TRUE,NA
"lcRRucQS73yO17pXrZn","LCc1d8fb2de1e1d62af21cff9ed8acd51e","paleo1measurement1","temperature","degC","pollen","pollen",FALSE,"OtterPond.Fuller.1998","LakeSediment",42.6549,-72.5332,107,"Otter Pond","1.0.3",1,"Jul","positive","air@surface",52,1150,1990,840,20,840,FALSE,TRUE,FALSE,TRUE,TRUE,FALSE,4,TRUE,FALSE,TRUE,TRUE,TRUE,"","criteria",FALSE,"within-dataset"
"lcRRUNxZsYZxiF1Ca4x","LCf104d54d7480329ff23d1ad5362a18d1","paleo1measurement1","temperature","degC","pollen","pollen",FALSE,"KleinenMochowsee.Jahns.1999","LakeSediment",51.9964,14.1989,49,"Kleinen Mochowsee","1.0.3",1,"Jul","positive","air@surface",28,220,1960,1740,50,1740,FALSE,TRUE,FALSE,TRUE,TRUE,FALSE,4,TRUE,FALSE,TRUE,TRUE,TRUE,"","criteria",FALSE,"within-dataset"
"lcRrVjeHisMALZtIHni","LC4018b993a2846b0b1ceca92daea60555","paleo1measurement1","temperature","degC","pollen","pollen",FALSE,"Nanwangzhuang.Guo.1999","FluvialSediment",38.45,114.9167,24,"Nanwangzhuang","1.0.3",1,"Jul","positive","air@surface",37,50,1730,1680,40,1680,FALSE,TRUE,FALSE,TRUE,TRUE,FALSE,9,TRUE,FALSE,TRUE,TRUE,TRUE,"","criteria",FALSE,"within-dataset"
"lcRrWIX0ejQyszvs8A6","LC716684fde7c06484647a8321102767aa","paleo1measurement1","temperature","degC","pollen","pollen",FALSE,"HicksLake.Hupy.2012","LakeSediment",44.0228,-85.2833,379,"Hicks Lake","1.0.3",1,"Jul","positive","air@surface",30,50,1970,1920,30,1920,FALSE,TRUE,FALSE,TRUE,TRUE,FALSE,3,TRUE,FALSE,TRUE,TRUE,TRUE,"","criteria",FALSE,"within-dataset"
"lcRrWMhH4AJPJGJNef9","LC7d469c3e8ffb0a645fcce87cd18b9a68","paleo1measurement1","temperature","degC","pollen","pollen",TRUE,"ChesapeakeBayPTMC32.Willard.2005","MarineSediment",38.0267,-76.2197,0,"Chesapeake Bay (PTMC3-2)","1.0.5",1,"Jul","positive","air@surface",60,60,2030,1970,20,1970,FALSE,TRUE,FALSE,TRUE,TRUE,FALSE,6,TRUE,FALSE,TRUE,TRUE,TRUE,"","criteria",FALSE,"within-dataset"
"lcRrwNWgXZQIRd6HUGX","LCdbf7ba3ed538c2d87f0c529a9cf1b15f","paleo1measurement1","temperature","degC","pollen","pollen",TRUE,"ArroyodeNavalacarreta.MoralesMolino.2017","Other",40.8522,-4.0311,1250,"Arroyo de Navalacarreta","1.0.3",1,"Jul","positive","air@surface",37,1280,1980,700,20,700,FALSE,TRUE,FALSE,TRUE,TRUE,FALSE,3,TRUE,FALSE,TRUE,TRUE,TRUE,"","criteria",FALSE,"within-dataset"
"lcRrwR4TScgO0pEveg4","LCea57dbf4a7e705d4a13610588a30eff8","paleo1measurement1","temperature","degC","pollen","pollen",FALSE,"KalsaMire.Kimmel.1999","Peat",58.1914,27.4115,38,"Kalsa Mire","1.0.5",1,"Jul","positive","air@surface",40,60,2030,1970,50,1970,FALSE,TRUE,FALSE,TRUE,TRUE,FALSE,13,TRUE,FALSE,TRUE,TRUE,TRUE,"","criteria",FALSE,"within-dataset"
"lcRrXxzLGo7pVfaXJq5","LCb82485a219e0665fad6b3555542e9ccf","paleo1measurement1","temperature","degC","pollen","pollen",FALSE,"LittleMirrorLake.Fuller.1998","LakeSediment",42.5244,-71.6085,73,"Little Mirror Lake","1.0.3",1,"Jul","positive","air@surface",41,1020,1990,970,20,970,FALSE,TRUE,FALSE,TRUE,TRUE,FALSE,3,TRUE,FALSE,TRUE,TRUE,TRUE,"","criteria",FALSE,"within-dataset"
"lcRRYWHixjq0y7M40uS","LC6c5c0db5c21ab355c41dd706fa3fa9f8","paleo1measurement1","temperature","degC","pollen","pollen",FALSE,"HornstaadHornle.Rosch.1992","LakeSediment",47.6946,9.0066,385,"Hornstaad-Hornle","1.0.5",1,"Annual","positive","air@surface",186,10,1960,1950,10,1950,FALSE,TRUE,FALSE,TRUE,TRUE,FALSE,15,TRUE,FALSE,TRUE,TRUE,TRUE,"","criteria",FALSE,"within-dataset"
"lcRrZJi34Nse7pgyVgE","LCd45b4f0f21add22fe80f74c8111ad9e9","paleo1measurement1","temperature","degC","pollen","pollen",TRUE,"PasacacoPond.author.1111","LakeSediment",41.5167,-71.45,3,"Pasacaco Pond","1.0.3",1,"Jul","positive","air@surface",50,800,1960,1160,20,1160,FALSE,TRUE,FALSE,TRUE,TRUE,FALSE,3,TRUE,FALSE,TRUE,TRUE,TRUE,"","criteria",FALSE,"within-dataset"
"lcRs0lQmZePjefFw2Sh","LCb82485a219e0665fad6b3555542e9ccf","paleo1measurement1","temperature","degC","pollen","pollen",FALSE,"LittleMirrorLake.Fuller.1998","LakeSediment",42.5244,-71.6085,73,"Little Mirror Lake","1.0.3",1,"Annual","positive","air@surface",41,1020,1990,970,20,970,FALSE,TRUE,FALSE,TRUE,TRUE,FALSE,3,TRUE,FALSE,TRUE,TRUE,TRUE,"","criteria",FALSE,"within-dataset"
"lcRs1XvdFu2HWJa3wi6","LCbe87d192874cb2166b17613baa82c3b6","paleo1measurement1","temperature","degC","pollen","pollen",FALSE,"LakeKvarntrask.SarmajaKorjonen.1991","LakeSediment",60.3458,19.9717,14,"Lake Kvarntrask","1.0.3",1,"Jul","positive","air@surface",59,30,1990,1960,30,1960,FALSE,TRUE,FALSE,TRUE,TRUE,FALSE,4,TRUE,FALSE,TRUE,TRUE,TRUE,"","criteria",FALSE,"within-dataset"
"lcRs48L1gzswv5pfAk5","LCd89f21818ba068176fc2641268994d89","paleo1measurement1","temperature","degC","pollen","pollen",FALSE,"EinGedi.Litt.2012","MarineSediment",31.4189,35.3883,NA,"Ein Gedi","1.0.4",1,"Annual","positive","air@surface",13,50,1920,1870,155,1870,FALSE,TRUE,FALSE,TRUE,TRUE,FALSE,20,TRUE,FALSE,TRUE,TRUE,TRUE,"","criteria",FALSE,"within-dataset"
"lcRs7FZonALr5sq4dj4","LC4554fc96c7f9c574504a66276c3fc2bb","paleo1measurement1","temperature","degC","pollen","pollen",FALSE,"LilyLake.UmbanhowarJr.2004","LakeSediment",44.1929,-93.6398,311,"Lily Lake","1.0.3",1,"Jul","positive","air@surface",15,1260,1890,630,35,630,FALSE,TRUE,FALSE,TRUE,TRUE,FALSE,3,TRUE,FALSE,TRUE,TRUE,TRUE,"","criteria",FALSE,"within-dataset"
"lcRS82tyTJ13RPHkepd","LCaa71976e446f4ed9037ab00f0e01331d","paleo1measurement1","temperature","degC","pollen","pollen",FALSE,"SweetonPond.Nanavati.2019","LakeSediment",36.7913,-92.2231,304,"Sweeton Pond","1.0.3",1,"Annual","positive","air@surface",63,130,2000,1870,30,1870,FALSE,TRUE,FALSE,TRUE,TRUE,FALSE,11,TRUE,FALSE,TRUE,TRUE,TRUE,"","criteria",FALSE,"within-dataset"
"lcRSAc509uq9EJ92L47","LC0a1ac219c71a6b944a38aeb5030485ed","paleo1measurement1","temperature","degC","pollen","pollen",FALSE,"Upskeraseliniste.Speranza.2000","Peat",50.7366,15.7084,1425,"Upske raseliniste","1.0.3",1,"Annual","positive","air@surface",50,250,1990,1740,30,1740,FALSE,TRUE,FALSE,TRUE,TRUE,FALSE,7,TRUE,FALSE,TRUE,TRUE,TRUE,"","criteria",FALSE,"within-dataset"
"lcRsaVdTIIg6noRQb6O","LCbf5b81c1ba95409515abcb35b85a4507","paleo1measurement1","temperature","degC","pollen","pollen",FALSE,"Lacawac.Russell.1993","LakeSediment",41.3821,-75.2913,443,"Lacawac","1.0.3",1,"Annual","positive","air@surface",26,1250,1980,730,20,730,FALSE,TRUE,FALSE,TRUE,TRUE,FALSE,12,TRUE,FALSE,TRUE,TRUE,TRUE,"","criteria",FALSE,"within-dataset"
"lcRSc2CTWDRrYV5l1m8","LC30c0d8f9e9d0251f60938145ff35d7e5","paleo1measurement1","temperature","degC","pollen","pollen",FALSE,"LongLake.Carter.2017","LakeSediment",41.4998,-106.3679,2700,"Long Lake","1.0.7",1,"Annual","positive","air@surface",52,30,2020,1990,30,1990,FALSE,TRUE,FALSE,TRUE,TRUE,FALSE,10,TRUE,FALSE,TRUE,TRUE,TRUE,"","criteria",FALSE,"within-dataset"
"lcRSDFIuWpjKmm9EG1n","LC484bbe5c39f8b795095f5175c9e1f378","paleo1measurement1","temperature","degC","pollen","pollen",FALSE,"ValhallaHollow.Kearsley.1995","Peat",44.3086,-74.3708,480,"Valhalla Hollow","1.0.3",1,"Jul","positive","air@surface",19,880,2000,1120,25,1120,FALSE,TRUE,FALSE,TRUE,TRUE,FALSE,3,TRUE,FALSE,TRUE,TRUE,TRUE,"","criteria",FALSE,"within-dataset"
"lcRSdMVzVGr8laX4Xoz","LC1b2ba7a6e9c0ba8e29ea9336b2846fd9","paleo1measurement1","temperature","degC","pollen","pollen",TRUE,"DagsMosse.Goransson.1989","Peat",58.3229,14.7065,96,"Dags Mosse","1.0.7",1,"Jul","positive","air@surface",40,60,1980,1920,40,1920,FALSE,TRUE,FALSE,TRUE,TRUE,FALSE,22,TRUE,FALSE,TRUE,TRUE,TRUE,"","criteria",FALSE,"within-dataset"
"lcRSE0kzl010XAE9dW3","LC6f94e5cfb8965877650f244bd869ac37","paleo1measurement1","temperature","degC","pollen","floral assemblage",FALSE,"StewartBog.JimenezMoreno.2008","Peat",35.832,-105.722,NA,"Stewart Bog","1.0.10",1,"Jul","positive","air@surface",37,60,1980,1920,35,1920,FALSE,TRUE,FALSE,TRUE,TRUE,FALSE,12,TRUE,FALSE,TRUE,TRUE,TRUE,"","criteria",FALSE,"within-dataset"
"lcRsEU7CLf3lslRBTkM","LC3aed9bc8856e726b3ffcbdc54e30e602","paleo1measurement1","temperature","degC","pollen","pollen",TRUE,"Diheen.author.1111","LakeSediment",52.3695,-8.1707,554,"Diheen","1.0.3",1,"Annual","positive","air@surface",47,1180,1960,780,10,780,FALSE,TRUE,FALSE,TRUE,TRUE,FALSE,8,TRUE,FALSE,TRUE,TRUE,TRUE,"","criteria",TRUE,NA
"lcRSfknPrtWXwzGTxzc","LC2f1c19abf8440428bc98b1bd1cabf58b","paleo1measurement1","temperature","degC","pollen","pollen",FALSE,"QigaiNuur.Sun.2013","LakeSediment",72.3989,102.2886,60,"Qigai Nuur","1.1.0",1,"Jul","positive","air@surface",83,10,1970,1960,20,1960,FALSE,TRUE,FALSE,TRUE,TRUE,FALSE,18,TRUE,FALSE,TRUE,TRUE,TRUE,"","criteria",FALSE,"within-dataset"
"lcRsfvGHLEDvECuETcv","LC9d732362db698792b8631e1ee5beca13","paleo1measurement1","temperature","degC","pollen","pollen",TRUE,"LilyWarwick.Fuller.1998","LakeSediment",42.6884,-72.3372,269,"Lily Warwick","1.0.3",1,"Jul","positive","air@surface",61,710,1980,1270,20,1270,FALSE,TRUE,FALSE,TRUE,TRUE,FALSE,6,TRUE,FALSE,TRUE,TRUE,TRUE,"","criteria",FALSE,"within-dataset"
"lcRsGUCLKrtqBEeq19I","LC6f94e5cfb8965877650f244bd869ac37","paleo1measurement1","temperature","degC","pollen","floral assemblage",FALSE,"StewartBog.JimenezMoreno.2008","Peat",35.832,-105.722,NA,"Stewart Bog","1.0.10",1,"Annual","positive","air@surface",37,60,1980,1920,35,1920,FALSE,TRUE,FALSE,TRUE,TRUE,FALSE,12,TRUE,FALSE,TRUE,TRUE,TRUE,"","criteria",FALSE,"within-dataset"
"lcRsigTmC4a60YR4CjS","LCdf2db814cc9abf789b3593dd5d0bb4fd","paleo1measurement1","temperature","degC","pollen","pollen",FALSE,"LakeSambosjon.Digerfeldt.1982","LakeSediment",57.1631,12.4143,35,"Lake Sambosjon","1.0.5",1,"Annual","positive","air@surface",28,50,1910,1860,40,1860,FALSE,TRUE,FALSE,TRUE,TRUE,FALSE,15,TRUE,FALSE,TRUE,TRUE,TRUE,"","criteria",FALSE,"within-dataset"
"lcRSIk2WlQpO6NrSZub","LCf8f7f556916728039f22cffb4980cee8","paleo1measurement1","temperature","degC","pollen","pollen",FALSE,"TrinityRiverbayhead.Anderson.2008","FluvialSediment",29.7662,-94.7082,0,"Trinity River bayhead","1.0.3",1,"Annual","positive","air@surface",28,30,950,920,30,920,FALSE,TRUE,FALSE,TRUE,TRUE,FALSE,6,TRUE,FALSE,TRUE,TRUE,TRUE,"","criteria",FALSE,"within-dataset"
"lcRSk40c3NhJAHJVwFl","LC94ce029cd8aceb38acfc2b998e4411c8","paleo1measurement1","temperature","degC","pollen","pollen",FALSE,"Mars.Miras.2013","Peat",45.3053,1.8361,430,"Mars","1.0.3",1,"Jul","positive","air@surface",39,480,1870,1390,20,1390,FALSE,TRUE,FALSE,TRUE,TRUE,FALSE,8,TRUE,FALSE,TRUE,TRUE,TRUE,"","criteria",FALSE,"within-dataset"
"lcRsKnoLaLTfEXn7VJe","LC1454835ba639883042bd6f245776971e","paleo1measurement1","temperature","degC","pollen","pollen",FALSE,"WawonaMeadow.Anderson.2013","Peat",37.5286,-119.6454,1275,"Wawona Meadow","1.0.3",1,"Jul","positive","air@surface",18,1290,1980,690,30,690,FALSE,TRUE,FALSE,TRUE,TRUE,FALSE,6,TRUE,FALSE,TRUE,TRUE,TRUE,"","criteria",FALSE,"within-dataset"
"lcRskqo4mCwMa3FumM7","LC30c0d8f9e9d0251f60938145ff35d7e5","paleo1measurement1","temperature","degC","pollen","pollen",FALSE,"LongLake.Carter.2017","LakeSediment",41.4998,-106.3679,2700,"Long Lake","1.0.7",1,"Annual","positive","air@surface",52,30,2020,1990,30,1990,FALSE,TRUE,FALSE,TRUE,TRUE,FALSE,10,TRUE,FALSE,TRUE,TRUE,TRUE,"","criteria",FALSE,"within-dataset"
"lcRsMiD05CFv92yi4jN","LC1ed4cbd5bf117afdc0bce084d7d6d4c0","paleo1measurement1","temperature","degC","pollen","pollen",FALSE,"NorthFlatLake.Hart.2009","LakeSediment",53.6115,-106.4952,522,"North Flat Lake","1.0.3",1,"Annual","positive","air@surface",57,170,1970,1800,30,1800,FALSE,TRUE,FALSE,TRUE,TRUE,FALSE,5,TRUE,FALSE,TRUE,TRUE,TRUE,"","criteria",FALSE,"within-dataset"
"lcRsmJuCFbT984D7FkR","LC12f454481626c65dd1385b2dcf44fca6","paleo1measurement1","temperature","degC","pollen","pollen",FALSE,"Verkhnee.Beer.2008","LakeSediment",41.3091,72.9576,1440,"Verkhnee","1.0.3",1,"Annual","positive","air@surface",71,410,1980,1570,20,1570,FALSE,TRUE,FALSE,TRUE,TRUE,FALSE,4,TRUE,FALSE,TRUE,TRUE,TRUE,"","criteria",FALSE,"within-dataset"
"lcRsNxkjaC3BoSbAa92","LC716684fde7c06484647a8321102767aa","paleo1measurement1","temperature","degC","pollen","pollen",TRUE,"HicksLake.Hupy.2012","LakeSediment",44.0228,-85.2833,379,"Hicks Lake","1.0.3",1,"Jul","positive","air@surface",30,50,1970,1920,30,1920,FALSE,TRUE,FALSE,TRUE,TRUE,FALSE,3,TRUE,FALSE,TRUE,TRUE,TRUE,"","criteria",FALSE,"within-dataset"
"lcRSOI2dm2rWBOSZuPm","LCebfeb762332f122e49ab420907c85bd5","paleo1measurement1","temperature","degC","pollen","pollen",FALSE,"BuckbeanBog.Heinrichs.1999","Peat",49.1191,-119.683,1803,"Buckbean Bog","1.0.5",1,"Annual","positive","air@surface",25,70,2010,1940,50,1940,FALSE,TRUE,FALSE,TRUE,TRUE,FALSE,6,TRUE,FALSE,TRUE,TRUE,TRUE,"","criteria",FALSE,"within-dataset"
"lcRSOOMO0SmWSzgLlxX","LC78c26c7cbd368b7e8e182f1ab760c79d","paleo1measurement1","temperature","degC","pollen","pollen",TRUE,"AmberLake.UmbanhowarJr.2004","LakeSediment",43.6071,-94.4736,351,"Amber Lake","1.0.3",1,"Jul","positive","air@surface",15,1060,1880,820,50,820,FALSE,TRUE,FALSE,TRUE,TRUE,FALSE,3,TRUE,FALSE,TRUE,TRUE,TRUE,"","criteria",FALSE,"within-dataset"
"lcRSOVUzBgczptNsMzL","LCd17c5dc02a2ae13ace50ac717f0f6cff","paleo1measurement1","temperature","degC","pollen","pollen",FALSE,"Litzelsee.Rosch.2016","LakeSediment",47.7679,8.9296,413,"Litzelsee","1.0.3",1,"Annual","positive","air@surface",113,40,2080,2040,10,2040,FALSE,TRUE,FALSE,TRUE,TRUE,FALSE,29,TRUE,FALSE,TRUE,TRUE,TRUE,"","criteria",FALSE,"within-dataset"
"lcRspm0XjpH3Xej7n5r","LC1454835ba639883042bd6f245776971e","paleo1measurement1","temperature","degC","pollen","pollen",FALSE,"WawonaMeadow.Anderson.2013","Peat",37.5286,-119.6454,1275,"Wawona Meadow","1.0.3",1,"Jul","positive","air@surface",18,1290,1980,690,30,690,FALSE,TRUE,FALSE,TRUE,TRUE,FALSE,6,TRUE,FALSE,TRUE,TRUE,TRUE,"","criteria",FALSE,"within-dataset"
"lcRSQeShsWJp2rp4Y0x","LCb82485a219e0665fad6b3555542e9ccf","paleo1measurement1","temperature","degC","pollen","pollen",TRUE,"LittleMirrorLake.Fuller.1998","LakeSediment",42.5244,-71.6085,73,"Little Mirror Lake","1.0.3",1,"Annual","positive","air@surface",41,1020,1990,970,20,970,FALSE,TRUE,FALSE,TRUE,TRUE,FALSE,3,TRUE,FALSE,TRUE,TRUE,TRUE,"","criteria",TRUE,NA
"lcRSQiXa245v2KrdMJI","LCdbf7ba3ed538c2d87f0c529a9cf1b15f","paleo1measurement1","temperature","degC","pollen","pollen",FALSE,"ArroyodeNavalacarreta.MoralesMolino.2017","Other",40.8522,-4.0311,1250,"Arroyo de Navalacarreta","1.0.3",1,"Jul","positive","air@surface",37,1280,1980,700,20,700,FALSE,TRUE,FALSE,TRUE,TRUE,FALSE,3,TRUE,FALSE,TRUE,TRUE,TRUE,"","criteria",FALSE,"within-dataset"
"lcRsrWDvgBAV5IfOEH5","LC0776497acf2baff80502e5b086e5cd70","paleo1measurement1","temperature","degC","pollen","pollen",FALSE,"KettleLake.Brown.2005","LakeSediment",48.6071,-103.624,605,"Kettle Lake","1.0.5",1,"Annual","positive","air@surface",162,10,2020,2010,10,2010,FALSE,TRUE,FALSE,TRUE,TRUE,FALSE,45,TRUE,FALSE,TRUE,TRUE,TRUE,"","criteria",FALSE,"within-dataset"
"lcRss8dWSOiYOXVb1ol","LC20ab9ae338817d699ff1dc9ab669ce2a","paleo1measurement1","temperature","degC","pollen","pollen",FALSE,"TuskegeePond.Steventon.1983","LakeSediment",35.5847,-84.2106,240,"Tuskegee Pond","1.0.3",1,"Jul","positive","air@surface",22,600,2000,1400,50,1400,FALSE,TRUE,FALSE,TRUE,TRUE,FALSE,3,FALSE,FALSE,TRUE,TRUE,TRUE,"chronology","data-poor exception",FALSE,"within-dataset"
"lcRSsk48blbvR3xYfeK","LC5f56c60a2e606d7d9fe1bfc40438a5aa","paleo1measurement1","temperature","degC","pollen","pollen",FALSE,"Iaz.Grindean.2014","Peat",47.1083,22.6611,300,"Iaz","1.0.5",1,"Annual","positive","air@surface",51,20,1990,1970,40,1970,FALSE,TRUE,FALSE,TRUE,TRUE,FALSE,6,TRUE,FALSE,TRUE,TRUE,TRUE,"","criteria",FALSE,"within-dataset"
"lcRSsNLJhW9hfTaVCVZ","LC613b7ed34faf1123dd056fac38de8464","paleo1measurement1","temperature","degC","pollen","pollen",FALSE,"OumiExposure.Anderson.2002","Peat",48.2167,138.4,990,"Oumi Exposure","1.0.3",1,"Jul","positive","air@surface",24,10,1660,1650,40,1650,FALSE,TRUE,FALSE,TRUE,TRUE,FALSE,5,TRUE,FALSE,TRUE,TRUE,TRUE,"","criteria",FALSE,"within-dataset"
"lcRSv53Y4Zj3EmZDhMt","LC83fb85087068ba58f43dc8f5c35e3ed3","paleo1measurement1","temperature","degC","pollen","pollen",FALSE,"ChesapeakeBayRhodeRiver.Baucom.2000","MarineSediment",38.8864,-76.3947,0,"Chesapeake Bay, Rhode River","1.0.3",1,"Jul","positive","air@surface",79,10,2030,2020,30,2020,FALSE,TRUE,FALSE,TRUE,TRUE,FALSE,9,TRUE,FALSE,TRUE,TRUE,TRUE,"","criteria",FALSE,"within-dataset"
"lcRsV75FSReTV83pH5Z","LC12f454481626c65dd1385b2dcf44fca6","paleo1measurement1","temperature","degC","pollen","pollen",TRUE,"Verkhnee.Beer.2008","LakeSediment",41.3091,72.9576,1440,"Verkhnee","1.0.3",1,"Annual","positive","air@surface",71,410,1980,1570,20,1570,FALSE,TRUE,FALSE,TRUE,TRUE,FALSE,4,TRUE,FALSE,TRUE,TRUE,TRUE,"","criteria",TRUE,NA
"lcRSWGicMWCUczjtKol","LC1ed4cbd5bf117afdc0bce084d7d6d4c0","paleo1measurement1","temperature","degC","pollen","pollen",FALSE,"NorthFlatLake.Hart.2009","LakeSediment",53.6115,-106.4952,522,"North Flat Lake","1.0.3",1,"Annual","positive","air@surface",57,170,1970,1800,30,1800,FALSE,TRUE,FALSE,TRUE,TRUE,FALSE,5,TRUE,FALSE,TRUE,TRUE,TRUE,"","criteria",FALSE,"within-dataset"
"lcRswTd7HYtagk0qezU","LCc1d8fb2de1e1d62af21cff9ed8acd51e","paleo1measurement1","temperature","degC","pollen","pollen",FALSE,"OtterPond.Fuller.1998","LakeSediment",42.6549,-72.5332,107,"Otter Pond","1.0.3",1,"Annual","positive","air@surface",52,1150,1990,840,20,840,FALSE,TRUE,FALSE,TRUE,TRUE,FALSE,4,TRUE,FALSE,TRUE,TRUE,TRUE,"","criteria",FALSE,"within-dataset"
"lcRSx6k1fPa04SyTIFL","LC7e21f73bddb282564646ff60618e9d6a","paleo1measurement1","temperature","degC","pollen","pollen",TRUE,"SonnenbergerMoor.Willutzki.1962","Peat",51.7663,10.5135,780,"Sonnenberger Moor","1.0.3",1,"Jul","positive","air@surface",47,60,1990,1930,35,1930,FALSE,TRUE,FALSE,TRUE,TRUE,FALSE,6,TRUE,FALSE,TRUE,TRUE,TRUE,"","criteria",FALSE,"within-dataset"
"lcRsxhuq9CaKOMrItdd","LC5daff52ef499c7d176b6a7290453297a","paleo1measurement1","temperature","degC","pollen","pollen",FALSE,"Valdeyernosbog.DoradoValino.2014","Peat",39.4411,-4.0964,850,"Valdeyernos bog","1.0.3",1,"Annual","positive","air@surface",22,640,2010,1370,20,1370,FALSE,TRUE,FALSE,TRUE,TRUE,FALSE,4,TRUE,FALSE,TRUE,TRUE,TRUE,"","criteria",FALSE,"within-dataset"
"lcRsXlTyADHoIXBAmqv","LCfb8f08ba4796986d0e87f8b0dea026e4","paleo1measurement1","temperature","degC","pollen","pollen",FALSE,"Labradillosmire.RoblesLopez.2017","Peat",40.3447,-4.5706,1460,"Labradillos mire","1.0.3",1,"Annual","positive","air@surface",25,490,1980,1490,50,1490,FALSE,TRUE,FALSE,TRUE,TRUE,FALSE,5,TRUE,FALSE,TRUE,TRUE,TRUE,"","criteria",FALSE,"within-dataset"
"lcRsY1HppRWK1RvYGHM","LC2858e28ed96f10383061c4290dc9f7da","paleo1measurement1","temperature","degC","pollen","pollen",FALSE,"LagunaPompal.Goman.1998","LakeSediment",18.3761,-94.9556,730,"Laguna Pompal","1.0.5",1,"Jul","positive","air@surface",17,10,1990,1980,100,1980,FALSE,TRUE,FALSE,TRUE,FALSE,FALSE,7,FALSE,FALSE,TRUE,TRUE,TRUE,"resolution;chronology","data-poor exception",FALSE,"within-dataset"
"lcRSyfunCjqP6OonP5X","LCdf626fa7f98044fb3907947b192d21f7","paleo1measurement1","temperature","degC","pollen","pollen",TRUE,"Changeon.Cyprien.2001","FluvialSediment",47.2761,0.1319,28,"Changeon","1.0.3",1,"Annual","positive","air@surface",12,870,1920,1050,40,1050,FALSE,TRUE,FALSE,TRUE,TRUE,FALSE,2,TRUE,FALSE,TRUE,TRUE,TRUE,"","criteria",TRUE,NA
"lcRsyg1ULpVHuVB884V","LCef6d7094877999bb6e011ebd5bd37c35","paleo1measurement1","temperature","degC","pollen","pollen",TRUE,"SaintMichelenBrenne.McGhee.1975","Other",46.8094,1.1639,83,"Saint-Michel-en-Brenne","1.0.3",1,"Annual","positive","air@surface",47,30,1990,1960,30,1960,FALSE,TRUE,FALSE,TRUE,TRUE,FALSE,4,TRUE,FALSE,TRUE,TRUE,TRUE,"","criteria",TRUE,NA
"lcRsyy0Td4XyS28LTar","LCaf69afa58b40a57344a5505e0aade5d3","paleo1measurement1","temperature","degC","pollen","pollen",FALSE,"Pezou.Cyprien.2006","FluvialSediment",47.8708,1.1508,87,"Pezou","1.0.3",1,"Annual","positive","air@surface",12,1460,2000,540,50,540,FALSE,TRUE,FALSE,TRUE,TRUE,FALSE,7,TRUE,FALSE,TRUE,TRUE,TRUE,"","criteria",FALSE,"within-dataset"
"lcRSZT2YVqL1UtxhQmy","LCd91285ebd4c1d454fd409bbc9a4372fe","paleo1measurement1","temperature","degC","pollen","pollen",FALSE,"Ispani2.deKlerk.2009","Peat",41.8623,41.802,1,"Ispani 2","1.0.3",1,"Annual","positive","air@surface",57,100,1990,1890,30,1890,FALSE,TRUE,FALSE,TRUE,TRUE,FALSE,4,TRUE,FALSE,TRUE,TRUE,TRUE,"","criteria",FALSE,"within-dataset"
"lcRT2ldwnQqGYEPTXMs","LCcc97a813d94806cb3eb9950d5fb07543","paleo1measurement1","temperature","degC","pollen","pollen",FALSE,"Tlstahora.Rybnickova.2005","Peat",48.8942,17.8886,460,"Tlsta hora","1.0.7",1,"Jul","positive","air@surface",33,10,2000,1990,40,1990,FALSE,TRUE,FALSE,TRUE,TRUE,FALSE,4,TRUE,FALSE,TRUE,TRUE,TRUE,"","criteria",FALSE,"within-dataset"
"lcRT2Z6TssjYiYbdT4x","LC3b56f6d622eecc888b6ee98702536d3c","paleo1measurement1","temperature","degC","pollen","pollen",FALSE,"LagunaBiajaca.CastillaBeltran.2018","FluvialSediment",19.5909,-71.0865,78,"Laguna Biajaca","1.0.3",1,"Jul","positive","air@surface",42,960,1960,1000,20,1000,FALSE,TRUE,FALSE,TRUE,TRUE,FALSE,6,TRUE,FALSE,TRUE,TRUE,TRUE,"","criteria",FALSE,"within-dataset"
"lcRt4OFNxOIsNhmgZ1V","LC5b857190d156dfce7b66f9bdb0837754","paleo1measurement1","temperature","degC","pollen","pollen",FALSE,"LakeSapanca.Leroy.2010","LakeSediment",40.7167,30.25,31,"Lake Sapanca","1.0.3",1,"Jul","positive","air@surface",38,20,1940,1920,30,1920,FALSE,TRUE,FALSE,TRUE,TRUE,FALSE,11,TRUE,FALSE,TRUE,TRUE,TRUE,"","criteria",FALSE,"within-dataset"
"lcRt6GbPkJeyAfgXrWK","LCf6415cac0a63bd9f68d1ee7a4222de70","paleo1measurement1","temperature","degC","pollen","pollen",FALSE,"OverGunnarsfjorden.Allen.2007","LakeSediment",71.0381,28.1691,78,"Over Gunnarsfjorden","1.0.8",1,"Annual","positive","air@surface",43,10,2000,1990,50,1990,FALSE,TRUE,FALSE,TRUE,TRUE,FALSE,23,TRUE,FALSE,TRUE,TRUE,TRUE,"","criteria",FALSE,"within-dataset"
"lcRt9rk9l0MgdYlEbNg","LC9bd907f50becc892b0047bf9ecf13c06","paleo1measurement1","temperature","degC","pollen","pollen",FALSE,"Culazon.LopezSaez.2013","Peat",43.2328,-4.4892,592,"Culazon","1.0.5",1,"Annual","positive","air@surface",56,430,2030,1600,10,1600,FALSE,TRUE,FALSE,TRUE,TRUE,FALSE,12,TRUE,FALSE,TRUE,TRUE,TRUE,"","criteria",FALSE,"within-dataset"
"lcRTaY4q879PbC0akq0","LC4018b993a2846b0b1ceca92daea60555","paleo1measurement1","temperature","degC","pollen","pollen",FALSE,"Nanwangzhuang.Guo.1999","FluvialSediment",38.45,114.9167,24,"Nanwangzhuang","1.0.3",1,"Jul","positive","air@surface",37,50,1730,1680,40,1680,FALSE,TRUE,FALSE,TRUE,TRUE,FALSE,9,TRUE,FALSE,TRUE,TRUE,TRUE,"","criteria",FALSE,"within-dataset"
"lcRtCldIXaT6j9nK7Xu","LC43e99a2022f117d533ef246c5c0797b9","paleo1measurement1","temperature","degC","pollen","pollen",FALSE,"FontSalesse.deBeaulieu.1969","Peat",43.6017,2.9789,1060,"Font Salesse","1.0.3",1,"Annual","positive","air@surface",14,1390,1970,580,30,580,FALSE,TRUE,FALSE,TRUE,TRUE,FALSE,2,TRUE,FALSE,TRUE,TRUE,TRUE,"","criteria",FALSE,"within-dataset"
"lcRtCvSovTeRLaCrAvS","LCd982ea989d8a7fff48a48af9739f9ad4","paleo1measurement1","temperature","degC","pollen","pollen",FALSE,"Songjiang.Zhang.2008","FluvialSediment",50.4,80.4667,210,"Songjiang","1.0.3",1,"Annual","positive","air@surface",12,1210,1990,780,50,780,FALSE,TRUE,FALSE,TRUE,TRUE,FALSE,5,TRUE,FALSE,TRUE,TRUE,TRUE,"","criteria",FALSE,"within-dataset"
"lcRtD8GZcsHP1V5pPNX","LCadcfe8536795f68ee6e81530b65fa188","paleo1measurement1","temperature","degC","pollen","pollen",FALSE,"PenaNegra.AbelSchaad.2013","Peat",40.3347,-5.7922,1258,"Pena Negra","1.0.3",1,"Annual","positive","air@surface",44,130,2010,1880,40,1880,FALSE,TRUE,FALSE,TRUE,TRUE,FALSE,7,TRUE,FALSE,TRUE,TRUE,TRUE,"","criteria",FALSE,"within-dataset"
"lcRtEiaWQe7cFSPMUCf","LCaf69afa58b40a57344a5505e0aade5d3","paleo1measurement1","temperature","degC","pollen","pollen",FALSE,"Pezou.Cyprien.2006","FluvialSediment",47.8708,1.1508,87,"Pezou","1.0.3",1,"Annual","positive","air@surface",12,1460,2000,540,50,540,FALSE,TRUE,FALSE,TRUE,TRUE,FALSE,7,TRUE,FALSE,TRUE,TRUE,TRUE,"","criteria",FALSE,"within-dataset"
"lcRTF2j9NKAot4MVcbd","LC93603a722d6fc3a8de2ca82636b07614","paleo1measurement1","temperature","degC","pollen","pollen",FALSE,"MissionCrossBog.Allan.2003","LakeSediment",41.7847,-115.4836,2424,"Mission Cross Bog","1.0.3",1,"Annual","positive","air@surface",34,180,1950,1770,40,1770,FALSE,TRUE,FALSE,TRUE,TRUE,FALSE,8,TRUE,FALSE,TRUE,TRUE,TRUE,"","criteria",FALSE,"within-dataset"
"lcRTFyaeyDvPGX5qJzo","LC30c0d8f9e9d0251f60938145ff35d7e5","paleo1measurement1","temperature","degC","pollen","pollen",FALSE,"LongLake.Carter.2017","LakeSediment",41.4998,-106.3679,2700,"Long Lake","1.0.7",1,"Jul","positive","air@surface",52,30,2020,1990,30,1990,FALSE,TRUE,FALSE,TRUE,TRUE,FALSE,10,TRUE,FALSE,TRUE,TRUE,TRUE,"","criteria",FALSE,"within-dataset"
"lcRTG13pniCNlL38He0","LC7fc79381681547f49983777930677e3f","paleo1measurement1","temperature","degC","pollen","pollen",FALSE,"IrwinSmithBog.Booth.2012","Peat",45.0265,-83.61,223,"Irwin Smith Bog","1.0.5",1,"Jul","positive","air@surface",39,50,1960,1910,50,1910,FALSE,TRUE,FALSE,TRUE,TRUE,FALSE,24,TRUE,FALSE,TRUE,TRUE,TRUE,"","criteria",FALSE,"within-dataset"
"lcRtJ4IFpnrFTcYObbZ","LC613b7ed34faf1123dd056fac38de8464","paleo1measurement1","temperature","degC","pollen","pollen",FALSE,"OumiExposure.Anderson.2002","Peat",48.2167,138.4,990,"Oumi Exposure","1.0.3",1,"Annual","positive","air@surface",24,10,1660,1650,40,1650,FALSE,TRUE,FALSE,TRUE,TRUE,FALSE,5,TRUE,FALSE,TRUE,TRUE,TRUE,"","criteria",FALSE,"within-dataset"
"lcRtlRevPyBxvGlN5qx","LC91c1477c1244b5023888be34c6ab138a","paleo1measurement1","temperature","degC","pollen","pollen",TRUE,"Ortok.Beer.2008","LakeSediment",41.2456,73.2645,1786,"Ortok","1.0.3",1,"Annual","positive","air@surface",24,1100,1990,890,40,890,FALSE,TRUE,FALSE,TRUE,TRUE,FALSE,4,TRUE,FALSE,TRUE,TRUE,TRUE,"","criteria",TRUE,NA
"lcRTMLHWMrLR9AUjyqV","LC2858e28ed96f10383061c4290dc9f7da","paleo1measurement1","temperature","degC","pollen","pollen",FALSE,"LagunaPompal.Goman.1998","LakeSediment",18.3761,-94.9556,730,"Laguna Pompal","1.0.5",1,"Annual","positive","air@surface",17,10,1990,1980,100,1980,FALSE,TRUE,FALSE,TRUE,FALSE,FALSE,7,FALSE,FALSE,TRUE,TRUE,TRUE,"resolution;chronology","data-poor exception",FALSE,"within-dataset"
"lcRTNAmn2rYCXJCOVWb","LCdf2db814cc9abf789b3593dd5d0bb4fd","paleo1measurement1","temperature","degC","pollen","pollen",TRUE,"LakeSambosjon.Digerfeldt.1982","LakeSediment",57.1631,12.4143,35,"Lake Sambosjon","1.0.5",1,"Jul","positive","air@surface",28,50,1910,1860,40,1860,FALSE,TRUE,FALSE,TRUE,TRUE,FALSE,15,TRUE,FALSE,TRUE,TRUE,TRUE,"","criteria",FALSE,"within-dataset"
"lcRtOsw46sOcS54Owxo","LC7d469c3e8ffb0a645fcce87cd18b9a68","paleo1measurement1","temperature","degC","pollen","pollen",FALSE,"ChesapeakeBayPTMC32.Willard.2005","MarineSediment",38.0267,-76.2197,0,"Chesapeake Bay (PTMC3-2)","1.0.5",1,"Annual","positive","air@surface",60,60,2030,1970,20,1970,FALSE,TRUE,FALSE,TRUE,TRUE,FALSE,6,TRUE,FALSE,TRUE,TRUE,TRUE,"","criteria",FALSE,"within-dataset"
"lcRtPHhiQRui6RwygUt","LC70c663e28de73481dece6c58b05b3c2f","paleo1measurement1","temperature","degC","pollen","pollen",TRUE,"FerryLake.Hotchkiss.2007","LakeSediment",46.013,-92.125,290,"Ferry Lake","1.0.3",1,"Annual","positive","air@surface",52,10,2010,2000,40,2000,FALSE,TRUE,FALSE,TRUE,TRUE,FALSE,4,TRUE,FALSE,TRUE,TRUE,TRUE,"","criteria",TRUE,NA
"lcRTpIj25b9fcDzObXS","LC411fd7990bbec38aade84b10cc75f750","paleo1measurement1","temperature","degC","pollen","pollen",FALSE,"DeepPond.Parshall.2002","LakeSediment",41.7391,-69.9921,23,"Deep Pond","1.0.5",1,"Jul","positive","air@surface",49,20,2020,2000,40,2000,FALSE,TRUE,FALSE,TRUE,TRUE,FALSE,16,TRUE,FALSE,TRUE,TRUE,TRUE,"","criteria",FALSE,"within-dataset"
"lcRTpSZwYp9XOWpOu7G","LC4554fc96c7f9c574504a66276c3fc2bb","paleo1measurement1","temperature","degC","pollen","pollen",FALSE,"LilyLake.UmbanhowarJr.2004","LakeSediment",44.1929,-93.6398,311,"Lily Lake","1.0.3",1,"Jul","positive","air@surface",15,1260,1890,630,35,630,FALSE,TRUE,FALSE,TRUE,TRUE,FALSE,3,TRUE,FALSE,TRUE,TRUE,TRUE,"","criteria",FALSE,"within-dataset"
"lcRTpxFaed1sT0mQwgy","LC7f871300b4ec3cf71ed37adc0d16de65","paleo1measurement1","temperature","degC","pollen","pollen",FALSE,"HellHoleLake.Hotchkiss.2007","LakeSediment",45.7866,-92.219,298,"Hell Hole Lake","1.0.3",1,"Annual","positive","air@surface",37,60,2010,1950,50,1950,FALSE,TRUE,FALSE,TRUE,TRUE,FALSE,6,TRUE,FALSE,TRUE,TRUE,TRUE,"","criteria",FALSE,"within-dataset"
"lcRTqkW5FN8C0LBYbhW","LC7733a2983fe6b78f86bf2ecfb95898ea","paleo1measurement1","temperature","degC","pollen","pollen",FALSE,"SharkeyLake.Camill.2003","LakeSediment",44.5924,-93.4132,305,"Sharkey Lake","1.0.8",1,"Annual","positive","air@surface",10,250,1140,890,50,890,FALSE,TRUE,FALSE,TRUE,TRUE,FALSE,13,TRUE,FALSE,TRUE,TRUE,TRUE,"","criteria",FALSE,"within-dataset"
"lcRtrM1NR6MqtLsmRxp","LC8dc17c6bf04d3776046a75ae0e0fd54a","paleo1measurement1","temperature","degC","pollen","pollen",FALSE,"LacNoir.Paquette.2013","LakeSediment",45.777,-75.1359,176,"Lac Noir","1.0.3",1,"Jul","positive","air@surface",91,930,2000,1070,10,1070,FALSE,TRUE,FALSE,TRUE,TRUE,FALSE,3,TRUE,FALSE,TRUE,TRUE,TRUE,"","criteria",FALSE,"within-dataset"
"lcRTS5C2WILJ6b9BOdy","LCfb8f08ba4796986d0e87f8b0dea026e4","paleo1measurement1","temperature","degC","pollen","pollen",FALSE,"Labradillosmire.RoblesLopez.2017","Peat",40.3447,-4.5706,1460,"Labradillos mire","1.0.3",1,"Annual","positive","air@surface",25,490,1980,1490,50,1490,FALSE,TRUE,FALSE,TRUE,TRUE,FALSE,5,TRUE,FALSE,TRUE,TRUE,TRUE,"","criteria",FALSE,"within-dataset"
"lcRTSBwLOnlwQELKa7a","LCf290b226271e9b5946b40d39aa3b8ce4","paleo1measurement1","temperature","degC","pollen","pollen",TRUE,"AsiGonia.Atherden.1999","Peat",35.2489,24.2782,780,"Asi Gonia","1.0.3",1,"Annual","positive","air@surface",92,580,1990,1410,20,1410,FALSE,TRUE,FALSE,TRUE,TRUE,FALSE,3,FALSE,FALSE,TRUE,TRUE,TRUE,"chronology","data-poor exception",TRUE,NA
"lcRtt8d1vo9YjNGXfnD","LC0bacc59a8d3ed8e1877e3e5f82ca26f7","paleo1measurement1","temperature","degC","pollen","pollen",FALSE,"AndersonPond.Liu.2013","LakeSediment",36.0301,-85.5013,303,"Anderson Pond","1.0.4",1,"Annual","positive","air@surface",14,730,2020,1290,50,1290,FALSE,TRUE,FALSE,TRUE,TRUE,FALSE,15,FALSE,FALSE,TRUE,TRUE,TRUE,"chronology","data-poor exception",FALSE,"within-dataset"
"lcRtTbedMvWiLAnQOVm","LCb6ded9f9353b2ddbeda50d5ba3c3f827","paleo1measurement1","temperature","degC","pollen","pollen",FALSE,"GrandMez.McGhee.1975","LakeSediment",46.7461,1.4425,123,"Grand Mez","1.0.3",1,"Jul","positive","air@surface",16,1030,1980,950,50,950,FALSE,TRUE,FALSE,TRUE,TRUE,FALSE,2,TRUE,FALSE,TRUE,TRUE,TRUE,"","criteria",FALSE,"within-dataset"
"lcRtV8EoggVGlcuNZo6","LC20ab9ae338817d699ff1dc9ab669ce2a","paleo1measurement1","temperature","degC","pollen","pollen",FALSE,"TuskegeePond.Steventon.1983","LakeSediment",35.5847,-84.2106,240,"Tuskegee Pond","1.0.3",1,"Jul","positive","air@surface",22,600,2000,1400,50,1400,FALSE,TRUE,FALSE,TRUE,TRUE,FALSE,3,FALSE,FALSE,TRUE,TRUE,TRUE,"chronology","data-poor exception",FALSE,"within-dataset"
"lcRTwmAO87BBax0Q90W","LC1910f30a0f057ed283fad39a1cd6bb18","paleo1measurement1","temperature","degC","pollen","pollen",FALSE,"Fjallnas.Konigsson.1984","FluvialSediment",62.6159,12.1339,780,"Fjallnas","1.0.5",1,"Annual","positive","air@surface",25,110,2010,1900,45,1900,FALSE,TRUE,FALSE,TRUE,TRUE,FALSE,14,TRUE,FALSE,TRUE,TRUE,TRUE,"","criteria",FALSE,"within-dataset"
"lcRTwy8Sf6zQ5sboXG0","LCb50314c18e7cdf1fb15820f52fe7fb30","paleo1measurement1","temperature","degC","pollen","pollen",TRUE,"Trogenmoos.vanderKnaap.2000","Peat",46.7619,7.8639,1484,"Trogenmoos","1.0.3",1,"Jul","positive","air@surface",44,1130,1990,860,20,860,FALSE,TRUE,FALSE,TRUE,TRUE,FALSE,2,TRUE,FALSE,TRUE,TRUE,TRUE,"","criteria",FALSE,"within-dataset"
"lcRTxazLU5D5LHCW5hr","LC4901aeddde5d6f5247f38492e2bf6c26","paleo1measurement1","temperature","degC","pollen","pollen",FALSE,"LagodiOriglio.Tinner.1999","LakeSediment",46.0515,8.9433,416,"Lago di Origlio","1.0.6",1,"Jul","positive","air@surface",35,30,2000,1970,40,1970,FALSE,TRUE,FALSE,TRUE,TRUE,FALSE,26,TRUE,FALSE,TRUE,TRUE,TRUE,"","criteria",FALSE,"within-dataset"
"lcRTYAW7UyXeOvevgpP","LC54f06bd6bcf83fb313c31660e991861a","paleo1measurement1","temperature","degC","pollen","pollen",FALSE,"AltesMoorWachel.Dorfler.1989","Peat",53.4373,8.8678,17,"Altes Moor Wachel","1.0.5",1,"Jul","positive","air@surface",54,60,1980,1920,20,1920,FALSE,TRUE,FALSE,TRUE,TRUE,FALSE,7,TRUE,FALSE,TRUE,TRUE,TRUE,"","criteria",FALSE,"within-dataset"
"lcRtyOiZRDnCNAdABju","LCdbf7ba3ed538c2d87f0c529a9cf1b15f","paleo1measurement1","temperature","degC","pollen","pollen",FALSE,"ArroyodeNavalacarreta.MoralesMolino.2017","Other",40.8522,-4.0311,1250,"Arroyo de Navalacarreta","1.0.3",1,"Annual","positive","air@surface",37,1280,1980,700,20,700,FALSE,TRUE,FALSE,TRUE,TRUE,FALSE,3,TRUE,FALSE,TRUE,TRUE,TRUE,"","criteria",FALSE,"within-dataset"
"lcRu64qZU4K44fE8sk7","LC70c663e28de73481dece6c58b05b3c2f","paleo1measurement1","temperature","degC","pollen","pollen",TRUE,"FerryLake.Hotchkiss.2007","LakeSediment",46.013,-92.125,290,"Ferry Lake","1.0.3",1,"Jul","positive","air@surface",52,10,2010,2000,40,2000,FALSE,TRUE,FALSE,TRUE,TRUE,FALSE,4,TRUE,FALSE,TRUE,TRUE,TRUE,"","criteria",FALSE,"within-dataset"
"lcRu6PUJuCW0nb9PUD1","LC152754a16cb016b7b1a193745db5597e","paleo1measurement1","temperature","degC","pollen","pollen",FALSE,"KellysLough.Leira.2007","LakeSediment",52.9585,-6.4257,585,"Kelly's Lough","1.0.5",1,"Annual","positive","air@surface",41,30,1960,1930,40,1930,FALSE,TRUE,FALSE,TRUE,TRUE,FALSE,17,TRUE,FALSE,TRUE,TRUE,TRUE,"","criteria",FALSE,"within-dataset"
"lcRU79FT9HxOOO2phOZ","LC5a3f7a1b6df57cf550e3fee0c1a9dbd5","paleo1measurement1","temperature","degC","pollen","pollen",TRUE,"ChickareeLake.Dunnette.2014","LakeSediment",40.3341,-105.8411,2796,"Chickaree Lake","1.0.5",1,"Jul","positive","air@surface",41,50,2010,1960,50,1960,FALSE,TRUE,FALSE,TRUE,TRUE,FALSE,38,TRUE,FALSE,TRUE,TRUE,TRUE,"","criteria",FALSE,"within-dataset"
"lcRu7GGOjlolRZtcqDz","LC99bfc682141527451cd86064f4065a8a","paleo1measurement1","temperature","degC","pollen","pollen",FALSE,"BarchampeLake.author.1111","LakeSediment",30.6222,-83.2539,34,"Barchampe Lake","1.0.4",1,"Jul","positive","air@surface",41,110,1980,1870,30,1870,FALSE,TRUE,FALSE,TRUE,TRUE,FALSE,2,TRUE,FALSE,TRUE,TRUE,TRUE,"","criteria",FALSE,"within-dataset"
"lcRU7mjCvf0mldmp8r0","LCefec5340480560765e600c36699350f9","paleo1measurement1","temperature","degC","pollen","pollen",FALSE,"LakeKolmilatrask.SarmajaKorjonen.1991","LakeSediment",60.2917,20.1414,12,"Lake Kolmilatrask","1.0.3",1,"Jul","positive","air@surface",48,30,1980,1950,40,1950,FALSE,TRUE,FALSE,TRUE,TRUE,FALSE,4,TRUE,FALSE,TRUE,TRUE,TRUE,"","criteria",FALSE,"within-dataset"
"lcRU7TJXvb5lXU55DEC","LCd687efab1d0b5d43b49f2a1a8ea92f09","paleo1measurement1","temperature","degC","pollen","pollen",FALSE,"HerrenwieserSee.Rosch.2012","LakeSediment",48.6685,8.2955,830,"Herrenwieser See","1.0.5",1,"Jul","positive","air@surface",86,20,2000,1980,20,1980,FALSE,TRUE,FALSE,TRUE,TRUE,FALSE,26,TRUE,FALSE,TRUE,TRUE,TRUE,"","criteria",FALSE,"within-dataset"
"lcRUbQmRVLcaVlEQhH8","LC8a878cf5801c80e1702709bf166b8156","paleo1measurement1","temperature","degC","pollen","pollen",FALSE,"StonetorBrook.Fyfe.2008","Peat",50.6556,-3.91,401,"Stonetor Brook","1.0.5",1,"Jul","positive","air@surface",37,70,2000,1930,45,1930,FALSE,TRUE,FALSE,TRUE,TRUE,FALSE,8,TRUE,FALSE,TRUE,TRUE,TRUE,"","criteria",FALSE,"within-dataset"
"lcRudOhmaGyD2ZlA2qy","LC7e21f73bddb282564646ff60618e9d6a","paleo1measurement1","temperature","degC","pollen","pollen",FALSE,"SonnenbergerMoor.Willutzki.1962","Peat",51.7663,10.5135,780,"Sonnenberger Moor","1.0.3",1,"Jul","positive","air@surface",47,60,1990,1930,35,1930,FALSE,TRUE,FALSE,TRUE,TRUE,FALSE,6,TRUE,FALSE,TRUE,TRUE,TRUE,"","criteria",FALSE,"within-dataset"
"lcRUdRAHY0QjyVRsYcm","LC716684fde7c06484647a8321102767aa","paleo1measurement1","temperature","degC","pollen","pollen",TRUE,"HicksLake.Hupy.2012","LakeSediment",44.0228,-85.2833,379,"Hicks Lake","1.0.3",1,"Annual","positive","air@surface",30,50,1970,1920,30,1920,FALSE,TRUE,FALSE,TRUE,TRUE,FALSE,3,TRUE,FALSE,TRUE,TRUE,TRUE,"","criteria",TRUE,NA
"lcRuDZI5SztJzYm77J7","LC9d732362db698792b8631e1ee5beca13","paleo1measurement1","temperature","degC","pollen","pollen",FALSE,"LilyWarwick.Fuller.1998","LakeSediment",42.6884,-72.3372,269,"Lily Warwick","1.0.3",1,"Jul","positive","air@surface",61,710,1980,1270,20,1270,FALSE,TRUE,FALSE,TRUE,TRUE,FALSE,6,TRUE,FALSE,TRUE,TRUE,TRUE,"","criteria",FALSE,"within-dataset"
"lcRuEJwuchykVjGhPBW","LC8176e4be9fe4580a20ca8acd1935eebb","paleo1measurement1","temperature","degC","pollen","floral assemblage",TRUE,"MoonLake.Laird.1996","LakeSediment",46.8559,-98.1598,444,"Moon Lake","1.0.15",1,"Annual","positive","air@surface",48,110,1990,1880,30,1880,FALSE,TRUE,FALSE,TRUE,TRUE,FALSE,0,TRUE,TRUE,TRUE,TRUE,TRUE,"","criteria",FALSE,"within-dataset"
"lcRuF0iH5KU9Di3uSg9","LCe0cd3d50e575ea42397a4e6139eea137","paleo1measurement1","temperature","degC","pollen","pollen",TRUE,"AnthonyLake.Long.2019","LakeSediment",44.9597,-118.2314,2174,"Anthony Lake","1.0.3",1,"Annual","positive","air@surface",20,170,1950,1780,50,1780,FALSE,TRUE,FALSE,TRUE,TRUE,FALSE,5,TRUE,FALSE,TRUE,TRUE,TRUE,"","criteria",TRUE,NA
"lcRUFAgvt3zGno2zkgA","LC1454835ba639883042bd6f245776971e","paleo1measurement1","temperature","degC","pollen","pollen",FALSE,"WawonaMeadow.Anderson.2013","Peat",37.5286,-119.6454,1275,"Wawona Meadow","1.0.3",1,"Jul","positive","air@surface",18,1290,1980,690,30,690,FALSE,TRUE,FALSE,TRUE,TRUE,FALSE,6,TRUE,FALSE,TRUE,TRUE,TRUE,"","criteria",FALSE,"within-dataset"
"lcRUfuaGUTbbqovv8w3","LC7f871300b4ec3cf71ed37adc0d16de65","paleo1measurement1","temperature","degC","pollen","pollen",FALSE,"HellHoleLake.Hotchkiss.2007","LakeSediment",45.7866,-92.219,298,"Hell Hole Lake","1.0.3",1,"Jul","positive","air@surface",37,60,2010,1950,50,1950,FALSE,TRUE,FALSE,TRUE,TRUE,FALSE,6,TRUE,FALSE,TRUE,TRUE,TRUE,"","criteria",FALSE,"within-dataset"
"lcRUGLUjOZ4PolTUTBn","LC7c447ef97622172c7580d032b66757d7","paleo1measurement1","temperature","degC","pollen","pollen",FALSE,"TawnyPond.Keizer.2015","LakeSediment",44.8164,-77.1825,276,"Tawny Pond","1.0.3",1,"Jul","positive","air@surface",97,980,2010,1030,10,1030,FALSE,TRUE,FALSE,TRUE,TRUE,FALSE,17,TRUE,FALSE,TRUE,TRUE,TRUE,"","criteria",FALSE,"within-dataset"
"lcRUgY2NKMvUBo1zttl","LC6610c4e4625f88c5de2c203e6b0a36e5","paleo1measurement1","temperature","degC","pollen","pollen",FALSE,"PathLake.Neil.2014Legacy","LakeSediment",43.872,-64.9288,10,"Path Lake","1.0.5",1,"Annual","positive","air@surface",59,20,1990,1970,30,1970,FALSE,TRUE,FALSE,TRUE,TRUE,FALSE,6,TRUE,FALSE,TRUE,TRUE,TRUE,"","criteria",FALSE,"within-dataset"
"lcRUhwWhCpalwTTdGYC","LC3b2e294f2d307a11469390647391d919","paleo1measurement1","temperature","degC","pollen","floral assemblage",TRUE,"DeepFalmouthPond.Oswald.2018","LakeSediment",41.564,-70.6357,18,"Deep-Falmouth Pond","1.0.8",1,"Annual","positive","air@surface",48,20,2020,2000,40,2000,FALSE,TRUE,FALSE,TRUE,TRUE,FALSE,16,TRUE,FALSE,TRUE,TRUE,TRUE,"","criteria",TRUE,NA
"lcRUIVA4V9pz8JKbvTP","LC3bdd6387273edc3ab38193c063d48524","paleo1measurement1","temperature","degC","pollen","pollen",FALSE,"UpperSquawLake.Colombaroli.2010","LakeSediment",42.0321,-123.0149,930,"Upper Squaw Lake","1.0.3",1,"Annual","positive","air@surface",48,210,2090,1880,40,1880,FALSE,TRUE,FALSE,TRUE,TRUE,FALSE,7,TRUE,FALSE,TRUE,TRUE,TRUE,"","criteria",FALSE,"within-dataset"
"lcRuj0UGTRmTgyO1qoy","LC8dc17c6bf04d3776046a75ae0e0fd54a","paleo1measurement1","temperature","degC","pollen","pollen",TRUE,"LacNoir.Paquette.2013","LakeSediment",45.777,-75.1359,176,"Lac Noir","1.0.3",1,"Jul","positive","air@surface",91,930,2000,1070,10,1070,FALSE,TRUE,FALSE,TRUE,TRUE,FALSE,3,TRUE,FALSE,TRUE,TRUE,TRUE,"","criteria",FALSE,"within-dataset"
"lcRUKiaaCaW1d6SPHlU","LC8176e4be9fe4580a20ca8acd1935eebb","paleo1measurement1","temperature","degC","pollen","pollen",FALSE,"MoonLake.Laird.1996","LakeSediment",46.8559,-98.1598,444,"Moon Lake","1.0.15",1,"Jul","positive","air@surface",48,110,1990,1880,30,1880,FALSE,TRUE,FALSE,TRUE,TRUE,FALSE,0,TRUE,TRUE,TRUE,TRUE,TRUE,"","criteria",FALSE,"within-dataset"
"lcRUkIIXZTjgDgFL3sl","LC7c447ef97622172c7580d032b66757d7","paleo1measurement1","temperature","degC","pollen","pollen",FALSE,"TawnyPond.Keizer.2015","LakeSediment",44.8164,-77.1825,276,"Tawny Pond","1.0.3",1,"Jul","positive","air@surface",97,980,2010,1030,10,1030,FALSE,TRUE,FALSE,TRUE,TRUE,FALSE,17,TRUE,FALSE,TRUE,TRUE,TRUE,"","criteria",FALSE,"within-dataset"
"lcRUkOMy6TitJjK5ru3","LC2ea67c5bffbce840edf91e388dbdb1f6","paleo1measurement1","temperature","degC","pollen","pollen",FALSE,"Foula.Shotyk.1996","Peat",60.1374,-2.0793,170,"Foula","1.0.3",1,"Jul","positive","air@surface",44,1220,1980,760,20,760,FALSE,TRUE,FALSE,TRUE,TRUE,FALSE,4,TRUE,FALSE,TRUE,TRUE,TRUE,"","criteria",FALSE,"within-dataset"
"lcRUkR2PUI7x8mj7efj","LC9b2ab436f41ea0623e1a05cf1d43ec65","paleo1measurement1","temperature","degC","pollen","pollen",TRUE,"Cernohorskeraseliniste.Speranza.2000","Peat",50.6612,15.7534,1206,"Cernohorske raseliniste","1.0.4",1,"Jul","positive","air@surface",34,100,2000,1900,50,1900,FALSE,TRUE,FALSE,TRUE,TRUE,FALSE,6,TRUE,FALSE,TRUE,TRUE,TRUE,"","criteria",FALSE,"within-dataset"
"lcRUmfjSnIa8hd10vb5","LCd89f21818ba068176fc2641268994d89","paleo1measurement1","temperature","degC","pollen","pollen",FALSE,"EinGedi.Litt.2012","MarineSediment",31.4189,35.3883,NA,"Ein Gedi","1.0.4",1,"Jul","positive","air@surface",13,50,1920,1870,155,1870,FALSE,TRUE,FALSE,TRUE,TRUE,FALSE,20,TRUE,FALSE,TRUE,TRUE,TRUE,"","criteria",FALSE,"within-dataset"
"lcRuOOfaHd40sGupVo1","LC7f871300b4ec3cf71ed37adc0d16de65","paleo1measurement1","temperature","degC","pollen","pollen",FALSE,"HellHoleLake.Hotchkiss.2007","LakeSediment",45.7866,-92.219,298,"Hell Hole Lake","1.0.3",1,"Jul","positive","air@surface",37,60,2010,1950,50,1950,FALSE,TRUE,FALSE,TRUE,TRUE,FALSE,6,TRUE,FALSE,TRUE,TRUE,TRUE,"","criteria",FALSE,"within-dataset"
"lcRuPHdGeLtRPY6q5eq","LCa62342d98da2575b8a14f220a7b7a1d4","paleo1measurement1","temperature","degC","pollen","pollen",FALSE,"LagodiVenere.Calo.2013","LakeSediment",36.8169,11.987,2,"Lago di Venere","1.0.3",1,"Annual","positive","air@surface",87,810,1990,1180,10,1180,FALSE,TRUE,FALSE,TRUE,TRUE,FALSE,2,TRUE,FALSE,TRUE,TRUE,TRUE,"","criteria",FALSE,"within-dataset"
"lcRUsO64cHy2BxuIngJ","LC8326aae75745929f1260b2ecf759133b","paleo1measurement1","temperature","degC","pollen","pollen",FALSE,"Couedic.Visset.2001","FluvialSediment",47.2139,-1.5572,10,"Couedic","1.0.3",1,"Jul","positive","air@surface",11,20,1010,990,30,990,FALSE,TRUE,FALSE,TRUE,TRUE,FALSE,4,TRUE,FALSE,TRUE,TRUE,TRUE,"","criteria",FALSE,"within-dataset"
"lcRuTljrmyrOGM2jcfM","LC146fc8277ff57fa79bd47f1c96dbf4f3","paleo1measurement1","temperature","degC","pollen","pollen",FALSE,"TaibaiLakeTN1.Tong.2009","LakeSediment",29.9957,115.8073,44,"Taibai Lake TN1","1.0.3",1,"Annual","positive","air@surface",95,660,2010,1350,10,1350,FALSE,TRUE,FALSE,TRUE,TRUE,FALSE,5,TRUE,FALSE,TRUE,TRUE,TRUE,"","criteria",FALSE,"within-dataset"
"lcRutWSqbbH0nqW0uH3","LC83fb85087068ba58f43dc8f5c35e3ed3","paleo1measurement1","temperature","degC","pollen","pollen",FALSE,"ChesapeakeBayRhodeRiver.Baucom.2000","MarineSediment",38.8864,-76.3947,0,"Chesapeake Bay, Rhode River","1.0.3",1,"Jul","positive","air@surface",79,10,2030,2020,30,2020,FALSE,TRUE,FALSE,TRUE,TRUE,FALSE,9,TRUE,FALSE,TRUE,TRUE,TRUE,"","criteria",FALSE,"within-dataset"
"lcRuuM8SZwXJBJpxk98","LCe08ad0d73545822fd0323c34db4baa9e","paleo1measurement1","temperature","degC","pollen","pollen",FALSE,"LakeNuochaga.Andreev.1989","LakeSediment",61.3006,129.5558,260,"Lake Nuochaga","1.0.5",1,"Annual","positive","air@surface",14,270,1930,1660,90,1660,FALSE,TRUE,FALSE,TRUE,FALSE,FALSE,4,TRUE,FALSE,TRUE,TRUE,TRUE,"resolution","data-poor exception",FALSE,"within-dataset"
"lcRUV5V3L1GL7SAjwZU","LCc0ede02b629a25347b79d87c97cb9f12","paleo1measurement1","temperature","degC","pollen","pollen",FALSE,"HorseshoeLake.Munoz.2014","LakeSediment",38.7018,-90.095,27,"Horseshoe Lake","1.0.3",1,"Annual","positive","air@surface",54,220,1990,1770,30,1770,FALSE,TRUE,FALSE,TRUE,TRUE,FALSE,9,TRUE,FALSE,TRUE,TRUE,TRUE,"","criteria",FALSE,"within-dataset"
"lcRUvNyLqqx4jO5YXx9","LC3b2e294f2d307a11469390647391d919","paleo1measurement1","temperature","degC","pollen","pollen",FALSE,"DeepFalmouthPond.Oswald.2018","LakeSediment",41.564,-70.6357,18,"Deep-Falmouth Pond","1.0.8",1,"Annual","positive","air@surface",48,20,2020,2000,40,2000,FALSE,TRUE,FALSE,TRUE,TRUE,FALSE,16,TRUE,FALSE,TRUE,TRUE,TRUE,"","criteria",FALSE,"within-dataset"
"lcRUwPXt5VCD7QZfsXQ","LCb5f8ef048c71f4db0ea90eb2405a508d","paleo1measurement1","temperature","degC","pollen","pollen",FALSE,"BlackwoodSinkhole.Tamalavage.2018","LakeSediment",26.7987,-77.4234,0,"Blackwood Sinkhole","1.0.3",1,"Jul","positive","air@surface",85,20,1990,1970,20,1970,FALSE,TRUE,FALSE,TRUE,TRUE,FALSE,19,TRUE,FALSE,TRUE,TRUE,TRUE,"","criteria",FALSE,"within-dataset"
"lcRuXq3jgLf5i3ARTAB","LC8dc17c6bf04d3776046a75ae0e0fd54a","paleo1measurement1","temperature","degC","pollen","pollen",FALSE,"LacNoir.Paquette.2013","LakeSediment",45.777,-75.1359,176,"Lac Noir","1.0.3",1,"Jul","positive","air@surface",91,930,2000,1070,10,1070,FALSE,TRUE,FALSE,TRUE,TRUE,FALSE,3,TRUE,FALSE,TRUE,TRUE,TRUE,"","criteria",FALSE,"within-dataset"
"lcRUXZCP9q5l8POAjN9","LCa59abc4cb5398ba6538f4f98fcd3b782","paleo1measurement1","temperature","degC","pollen","pollen",FALSE,"SlishLake.Dodson.1987","LakeSediment",54.2439,-8.3719,48,"Slish Lake","1.0.3",1,"Annual","positive","air@surface",39,10,1930,1920,40,1920,FALSE,TRUE,FALSE,TRUE,TRUE,FALSE,3,TRUE,FALSE,TRUE,TRUE,TRUE,"","criteria",FALSE,"within-dataset"
"lcRUyFs3FNlAPiVzLCZ","LC5f85eca75382c3190380dc15f4976dbf","paleo1measurement1","temperature","degC","pollen","pollen",FALSE,"MaraisdeMazerolles.Ouguerram.2002","Peat",47.3581,-1.4786,4,"Marais de Mazerolles","1.0.5",1,"Annual","positive","air@surface",63,140,1990,1850,30,1850,FALSE,TRUE,FALSE,TRUE,TRUE,FALSE,8,TRUE,FALSE,TRUE,TRUE,TRUE,"","criteria",FALSE,"within-dataset"
"lcRUzKHIXuqM92nWuUf","LCfa9dc1860d8ac054ef554fa21bcfdf9c","paleo1measurement1","temperature","degC","pollen","pollen",FALSE,"Zhoulao.Gu.2004","LakeSediment",29.8167,112.8833,31,"Zhoulao","1.0.4",1,"Jul","positive","air@surface",15,20,660,640,40,640,FALSE,TRUE,FALSE,TRUE,TRUE,FALSE,3,TRUE,FALSE,TRUE,TRUE,TRUE,"","criteria",FALSE,"within-dataset"
"lcRV1oAnn1pfRyoiZIP","LC2ea67c5bffbce840edf91e388dbdb1f6","paleo1measurement1","temperature","degC","pollen","pollen",FALSE,"Foula.Shotyk.1996","Peat",60.1374,-2.0793,170,"Foula","1.0.3",1,"Jul","positive","air@surface",44,1220,1980,760,20,760,FALSE,TRUE,FALSE,TRUE,TRUE,FALSE,4,TRUE,FALSE,TRUE,TRUE,TRUE,"","criteria",FALSE,"within-dataset"
"lcRV1QTjtDnPE9kuGKM","LC35a486413b4b9991184a2fbd56495b76","paleo1measurement1","temperature","degC","pollen","pollen",FALSE,"MindenBog.Booth.2003","Peat",43.6037,-82.8639,239,"Minden Bog","1.0.3",1,"Annual","positive","air@surface",67,10,1970,1960,10,1960,FALSE,TRUE,FALSE,TRUE,TRUE,FALSE,11,TRUE,FALSE,TRUE,TRUE,TRUE,"","criteria",FALSE,"within-dataset"
"lcRv1qUAENYzW1Vbi4g","LC05b2b0a5a9a299458771f6e66c980e79","paleo1measurement1","temperature","degC","pollen","pollen",FALSE,"Loddigsee.Jahns.2007","LakeSediment",53.4333,11.85,43,"Loddigsee","1.0.4",1,"Annual","positive","air@surface",57,40,1990,1950,30,1950,FALSE,TRUE,FALSE,TRUE,TRUE,FALSE,13,TRUE,FALSE,TRUE,TRUE,TRUE,"","criteria",FALSE,"within-dataset"
"lcRv4SU2maeGKk6YucC","LC411fd7990bbec38aade84b10cc75f750","paleo1measurement1","temperature","degC","pollen","pollen",FALSE,"DeepPond.Parshall.2002","LakeSediment",41.7391,-69.9921,23,"Deep Pond","1.0.5",1,"Jul","positive","air@surface",49,20,2020,2000,40,2000,FALSE,TRUE,FALSE,TRUE,TRUE,FALSE,16,TRUE,FALSE,TRUE,TRUE,TRUE,"","criteria",FALSE,"within-dataset"
"lcRV4XaSEgIv7hKgbxk","LCfb8f08ba4796986d0e87f8b0dea026e4","paleo1measurement1","temperature","degC","pollen","pollen",FALSE,"Labradillosmire.RoblesLopez.2017","Peat",40.3447,-4.5706,1460,"Labradillos mire","1.0.3",1,"Jul","positive","air@surface",25,490,1980,1490,50,1490,FALSE,TRUE,FALSE,TRUE,TRUE,FALSE,5,TRUE,FALSE,TRUE,TRUE,TRUE,"","criteria",FALSE,"within-dataset"
"lcRV5GDf8u2h0RKi4BM","LC484bbe5c39f8b795095f5175c9e1f378","paleo1measurement1","temperature","degC","pollen","pollen",FALSE,"ValhallaHollow.Kearsley.1995","Peat",44.3086,-74.3708,480,"Valhalla Hollow","1.0.3",1,"Jul","positive","air@surface",19,880,2000,1120,25,1120,FALSE,TRUE,FALSE,TRUE,TRUE,FALSE,3,TRUE,FALSE,TRUE,TRUE,TRUE,"","criteria",FALSE,"within-dataset"
"lcRv6DCxA3JDHZQfAGm","LC39ff783e7e9708576fa14f8fcac481fc","paleo1measurement1","temperature","degC","pollen","pollen",FALSE,"Langarud.Haghani.2015","Peat",37.1856,50.1475,NA,"Langarud","1.0.3",1,"Jul","positive","air@surface",15,1350,2000,650,30,650,FALSE,TRUE,FALSE,TRUE,TRUE,FALSE,2,TRUE,FALSE,TRUE,TRUE,TRUE,"","criteria",FALSE,"within-dataset"
"lcRV6ndfCIWqgC0IVeu","LCd14eff7df1294fb19d0dd82c9b065357","paleo1measurement1","temperature","degC","pollen","pollen",FALSE,"Kirkkosaari.Rankama.1988","Peat",60.8577,24.4906,83,"Kirkkosaari","1.0.5",1,"Jul","positive","air@surface",39,30,1990,1960,30,1960,FALSE,TRUE,FALSE,TRUE,TRUE,FALSE,4,TRUE,FALSE,TRUE,TRUE,TRUE,"","criteria",FALSE,"within-dataset"
"lcRV7X3jgBQcLZ5oZB7","LC91c1477c1244b5023888be34c6ab138a","paleo1measurement1","temperature","degC","pollen","pollen",FALSE,"Ortok.Beer.2008","LakeSediment",41.2456,73.2645,1786,"Ortok","1.0.3",1,"Annual","positive","air@surface",24,1100,1990,890,40,890,FALSE,TRUE,FALSE,TRUE,TRUE,FALSE,4,TRUE,FALSE,TRUE,TRUE,TRUE,"","criteria",FALSE,"within-dataset"
"lcRV90cOexS7JqfD4T3","LCde9cab374273819846f5cc5c33fd2500","paleo1measurement1","temperature","degC","pollen","pollen",FALSE,"ChesapeakeBayPotomacRiver.Willard.2003","FluvialSediment",38.0269,-76.22,0,"Chesapeake Bay, Potomac River","1.0.3",1,"Jul","positive","air@surface",61,80,1970,1890,20,1890,FALSE,TRUE,FALSE,TRUE,TRUE,FALSE,6,TRUE,FALSE,TRUE,TRUE,TRUE,"","criteria",FALSE,"within-dataset"
"lcRVaiHscOY4cMOvuE8","LCebfeb762332f122e49ab420907c85bd5","paleo1measurement1","temperature","degC","pollen","pollen",FALSE,"BuckbeanBog.Heinrichs.1999","Peat",49.1191,-119.683,1803,"Buckbean Bog","1.0.5",1,"Jul","positive","air@surface",25,70,2010,1940,50,1940,FALSE,TRUE,FALSE,TRUE,TRUE,FALSE,6,TRUE,FALSE,TRUE,TRUE,TRUE,"","criteria",FALSE,"within-dataset"
"lcRVazS54jV9f4CD7kx","LC388ad7dacaa8ba591a83289ef3ae5db3","paleo1measurement1","temperature","degC","pollen","pollen",FALSE,"CharcodaCandieira.VanderKnaap.1984","LakeSediment",40.3417,-7.5764,1409,"Charco da Candieira","1.0.8",1,"Jul","positive","air@surface",48,100,2010,1910,20,1910,FALSE,TRUE,FALSE,TRUE,TRUE,FALSE,30,TRUE,FALSE,TRUE,TRUE,TRUE,"","criteria",FALSE,"within-dataset"
"lcRvbGMoSjK7eEXrPbP","LC1454835ba639883042bd6f245776971e","paleo1measurement1","temperature","degC","pollen","pollen",FALSE,"WawonaMeadow.Anderson.2013","Peat",37.5286,-119.6454,1275,"Wawona Meadow","1.0.3",1,"Annual","positive","air@surface",18,1290,1980,690,30,690,FALSE,TRUE,FALSE,TRUE,TRUE,FALSE,6,TRUE,FALSE,TRUE,TRUE,TRUE,"","criteria",FALSE,"within-dataset"
"lcRVcIOIY0GJtCc1Gac","LCe08ad0d73545822fd0323c34db4baa9e","paleo1measurement1","temperature","degC","pollen","pollen",TRUE,"LakeNuochaga.Andreev.1989","LakeSediment",61.3006,129.5558,260,"Lake Nuochaga","1.0.5",1,"Annual","positive","air@surface",14,270,1930,1660,90,1660,FALSE,TRUE,FALSE,TRUE,FALSE,FALSE,4,TRUE,FALSE,TRUE,TRUE,TRUE,"resolution","data-poor exception",TRUE,NA
"lcRVdGR6FmOIjBSD2ML","LC9bd907f50becc892b0047bf9ecf13c06","paleo1measurement1","temperature","degC","pollen","pollen",TRUE,"Culazon.LopezSaez.2013","Peat",43.2328,-4.4892,592,"Culazon","1.0.5",1,"Annual","positive","air@surface",56,430,2030,1600,10,1600,FALSE,TRUE,FALSE,TRUE,TRUE,FALSE,12,TRUE,FALSE,TRUE,TRUE,TRUE,"","criteria",TRUE,NA
"lcRVDWHokpPhlVlsVKP","LCd17c5dc02a2ae13ace50ac717f0f6cff","paleo1measurement1","temperature","degC","pollen","pollen",FALSE,"Litzelsee.Rosch.2016","LakeSediment",47.7679,8.9296,413,"Litzelsee","1.0.3",1,"Annual","positive","air@surface",113,40,2080,2040,10,2040,FALSE,TRUE,FALSE,TRUE,TRUE,FALSE,29,TRUE,FALSE,TRUE,TRUE,TRUE,"","criteria",FALSE,"within-dataset"
"lcRVeJ5GhONkRkmMREJ","LC68e80590eb1df722c2e8e44718661916","paleo1measurement1","temperature","degC","pollen","pollen",FALSE,"Adange.Kvavadze.1989","FluvialSediment",43.3056,41.3333,1750,"Adange","1.0.5",1,"Jul","positive","air@surface",28,10,2010,2000,50,2000,FALSE,TRUE,FALSE,TRUE,TRUE,FALSE,4,TRUE,FALSE,TRUE,TRUE,TRUE,"","criteria",FALSE,"within-dataset"
"lcRvEL4dvDJpOThHMkv","LCc1d8fb2de1e1d62af21cff9ed8acd51e","paleo1measurement1","temperature","degC","pollen","pollen",FALSE,"OtterPond.Fuller.1998","LakeSediment",42.6549,-72.5332,107,"Otter Pond","1.0.3",1,"Jul","positive","air@surface",52,1150,1990,840,20,840,FALSE,TRUE,FALSE,TRUE,TRUE,FALSE,4,TRUE,FALSE,TRUE,TRUE,TRUE,"","criteria",FALSE,"within-dataset"
"lcRVgtXag3nNTAdt1yP","LCd713e8236021d549a53dacf4812a7235","paleo1measurement1","temperature","degC","pollen","pollen",FALSE,"NovoUspenka.Blyakharchuk.1989","Peat",56.6167,84.1667,150,"Novo-Uspenka","1.0.7",1,"Annual","positive","air@surface",17,220,1970,1750,90,1750,FALSE,TRUE,FALSE,TRUE,FALSE,FALSE,5,FALSE,FALSE,TRUE,TRUE,TRUE,"resolution;chronology","data-poor exception",FALSE,"within-dataset"
"lcRVH2iOzrye3kPYb3e","LC1454835ba639883042bd6f245776971e","paleo1measurement1","temperature","degC","pollen","pollen",FALSE,"WawonaMeadow.Anderson.2013","Peat",37.5286,-119.6454,1275,"Wawona Meadow","1.0.3",1,"Annual","positive","air@surface",18,1290,1980,690,30,690,FALSE,TRUE,FALSE,TRUE,TRUE,FALSE,6,TRUE,FALSE,TRUE,TRUE,TRUE,"","criteria",FALSE,"within-dataset"
"lcRvI8V8ORx43y2SLDK","LC91c1477c1244b5023888be34c6ab138a","paleo1measurement1","temperature","degC","pollen","pollen",FALSE,"Ortok.Beer.2008","LakeSediment",41.2456,73.2645,1786,"Ortok","1.0.3",1,"Jul","positive","air@surface",24,1100,1990,890,40,890,FALSE,TRUE,FALSE,TRUE,TRUE,FALSE,4,TRUE,FALSE,TRUE,TRUE,TRUE,"","criteria",FALSE,"within-dataset"
"lcRvj8gfYqFAYJFFeCW","LCb6ded9f9353b2ddbeda50d5ba3c3f827","paleo1measurement1","temperature","degC","pollen","pollen",TRUE,"GrandMez.McGhee.1975","LakeSediment",46.7461,1.4425,123,"Grand Mez","1.0.3",1,"Jul","positive","air@surface",16,1030,1980,950,50,950,FALSE,TRUE,FALSE,TRUE,TRUE,FALSE,2,TRUE,FALSE,TRUE,TRUE,TRUE,"","criteria",FALSE,"within-dataset"
"lcRVjc46kGG4Bjd6Jla","LCde9cab374273819846f5cc5c33fd2500","paleo1measurement1","temperature","degC","pollen","pollen",FALSE,"ChesapeakeBayPotomacRiver.Willard.2003","FluvialSediment",38.0269,-76.22,0,"Chesapeake Bay, Potomac River","1.0.3",1,"Annual","positive","air@surface",61,80,1970,1890,20,1890,FALSE,TRUE,FALSE,TRUE,TRUE,FALSE,6,TRUE,FALSE,TRUE,TRUE,TRUE,"","criteria",FALSE,"within-dataset"
"lcRvJgPAhcii9m3JAIc","LC5b857190d156dfce7b66f9bdb0837754","paleo1measurement1","temperature","degC","pollen","pollen",TRUE,"LakeSapanca.Leroy.2010","LakeSediment",40.7167,30.25,31,"Lake Sapanca","1.0.3",1,"Jul","positive","air@surface",38,20,1940,1920,30,1920,FALSE,TRUE,FALSE,TRUE,TRUE,FALSE,11,TRUE,FALSE,TRUE,TRUE,TRUE,"","criteria",FALSE,"within-dataset"
"lcRVjHJCA5X5rdl4Mco","LC12f454481626c65dd1385b2dcf44fca6","paleo1measurement1","temperature","degC","pollen","pollen",TRUE,"Verkhnee.Beer.2008","LakeSediment",41.3091,72.9576,1440,"Verkhnee","1.0.3",1,"Jul","positive","air@surface",71,410,1980,1570,20,1570,FALSE,TRUE,FALSE,TRUE,TRUE,FALSE,4,TRUE,FALSE,TRUE,TRUE,TRUE,"","criteria",FALSE,"within-dataset"
"lcRvjNyFV32V04Y6myw","LC20ab9ae338817d699ff1dc9ab669ce2a","paleo1measurement1","temperature","degC","pollen","pollen",TRUE,"TuskegeePond.Steventon.1983","LakeSediment",35.5847,-84.2106,240,"Tuskegee Pond","1.0.3",1,"Jul","positive","air@surface",22,600,2000,1400,50,1400,FALSE,TRUE,FALSE,TRUE,TRUE,FALSE,3,FALSE,FALSE,TRUE,TRUE,TRUE,"chronology","data-poor exception",FALSE,"within-dataset"
"lcRVJQLGBiFe9Wcy6YY","LC4554fc96c7f9c574504a66276c3fc2bb","paleo1measurement1","temperature","degC","pollen","pollen",TRUE,"LilyLake.UmbanhowarJr.2004","LakeSediment",44.1929,-93.6398,311,"Lily Lake","1.0.3",1,"Annual","positive","air@surface",15,1260,1890,630,35,630,FALSE,TRUE,FALSE,TRUE,TRUE,FALSE,3,TRUE,FALSE,TRUE,TRUE,TRUE,"","criteria",TRUE,NA
"lcRVJXv2zFhQyes89jB","LCea57dbf4a7e705d4a13610588a30eff8","paleo1measurement1","temperature","degC","pollen","pollen",FALSE,"KalsaMire.Kimmel.1999","Peat",58.1914,27.4115,38,"Kalsa Mire","1.0.5",1,"Annual","positive","air@surface",40,60,2030,1970,50,1970,FALSE,TRUE,FALSE,TRUE,TRUE,FALSE,13,TRUE,FALSE,TRUE,TRUE,TRUE,"","criteria",FALSE,"within-dataset"
"lcRVLbjB6y8KeHk5vlC","LCeca948804a225d068a0480e100b02440","paleo1measurement1","temperature","degC","pollen","pollen",FALSE,"Schopfenwaldmoor.vanderKnaap.2000","Peat",46.7436,7.8478,1453,"Schopfenwaldmoor","1.0.3",1,"Jul","positive","air@surface",54,510,2030,1520,30,1520,FALSE,TRUE,FALSE,TRUE,TRUE,FALSE,15,TRUE,FALSE,TRUE,TRUE,TRUE,"","criteria",FALSE,"within-dataset"
"lcRvLF99PaNpT4rHR0p","LC3448e48d8bb9bd8cde69f553c589e259","paleo1measurement1","temperature","degC","pollen","pollen",FALSE,"MinnesotaPoint.Nurse.2017","FluvialSediment",46.7334,-92.065,184,"Minnesota Point","1.0.3",1,"Jul","positive","air@surface",20,1210,2050,840,40,840,FALSE,TRUE,FALSE,TRUE,TRUE,FALSE,15,TRUE,FALSE,TRUE,TRUE,TRUE,"","criteria",FALSE,"within-dataset"
"lcRvlgR3V9m7auBMGDu","LCc11db47aa5126e5e866550ac4234eca3","paleo1measurement1","temperature","degC","pollen","pollen",FALSE,"HiddenLake.Calder.2016","LakeSediment",40.5047,-106.6075,2704,"Hidden Lake","1.0.3",1,"Jul","positive","air@surface",27,120,1920,1800,50,1800,FALSE,TRUE,FALSE,TRUE,TRUE,FALSE,3,TRUE,FALSE,TRUE,TRUE,TRUE,"","criteria",FALSE,"within-dataset"
"lcRvli3fKhm3zFuj2Kw","LC72f8928ba06f70632c84cc15f6dd95af","paleo1measurement1","temperature","degC","pollen","pollen",FALSE,"LilyLake.Hotchkiss.2007","LakeSediment",45.901,-92.273,297,"Lily Lake","1.0.4",1,"Jul","positive","air@surface",33,130,2030,1900,50,1900,FALSE,TRUE,FALSE,TRUE,TRUE,FALSE,13,TRUE,FALSE,TRUE,TRUE,TRUE,"","criteria",FALSE,"within-dataset"
"lcRVlJzF0VE0sLSkVIY","LCda07198f26f8b2bfd2bc472b9f8aa4fe","paleo1measurement1","temperature","degC","pollen","pollen",FALSE,"IsleauHautNorthHollow.Schauffler.1998","LakeSediment",44.0651,-68.6354,75,"Isle au Haut North Hollow","1.0.3",1,"Jul","positive","air@surface",40,200,1860,1660,40,1660,FALSE,TRUE,FALSE,TRUE,TRUE,FALSE,4,TRUE,FALSE,TRUE,TRUE,TRUE,"","criteria",FALSE,"within-dataset"
"lcRvlUL0KpCUfKbuMCt","LC99bfc682141527451cd86064f4065a8a","paleo1measurement1","temperature","degC","pollen","pollen",FALSE,"BarchampeLake.author.1111","LakeSediment",30.6222,-83.2539,34,"Barchampe Lake","1.0.4",1,"Annual","positive","air@surface",41,110,1980,1870,30,1870,FALSE,TRUE,FALSE,TRUE,TRUE,FALSE,2,TRUE,FALSE,TRUE,TRUE,TRUE,"","criteria",FALSE,"within-dataset"
"lcRvN3LVcFuO9SkvjBd","LC36d35f42781e9b0aece96ceabe028ffa","paleo1measurement1","temperature","degC","pollen","pollen",FALSE,"LAnseauxMeadowsSite.Davis.1988","Peat",51.5733,-55.55,5,"L'Anse aux Meadows Site","1.0.3",1,"Jul","positive","air@surface",58,30,1940,1910,30,1910,FALSE,TRUE,FALSE,TRUE,TRUE,FALSE,4,TRUE,FALSE,TRUE,TRUE,TRUE,"","criteria",FALSE,"within-dataset"
"lcRvNl02ZxTUZY0BCpA","LCeca948804a225d068a0480e100b02440","paleo1measurement1","temperature","degC","pollen","pollen",TRUE,"Schopfenwaldmoor.vanderKnaap.2000","Peat",46.7436,7.8478,1453,"Schopfenwaldmoor","1.0.3",1,"Jul","positive","air@surface",54,510,2030,1520,30,1520,FALSE,TRUE,FALSE,TRUE,TRUE,FALSE,15,TRUE,FALSE,TRUE,TRUE,TRUE,"","criteria",FALSE,"within-dataset"
"lcRvNnsQbkKR6pHCdVy","LCefec5340480560765e600c36699350f9","paleo1measurement1","temperature","degC","pollen","pollen",FALSE,"LakeKolmilatrask.SarmajaKorjonen.1991","LakeSediment",60.2917,20.1414,12,"Lake Kolmilatrask","1.0.3",1,"Annual","positive","air@surface",48,30,1980,1950,40,1950,FALSE,TRUE,FALSE,TRUE,TRUE,FALSE,4,TRUE,FALSE,TRUE,TRUE,TRUE,"","criteria",FALSE,"within-dataset"
"lcRvPcyCxlXc0HtJ033","LCb50314c18e7cdf1fb15820f52fe7fb30","paleo1measurement1","temperature","degC","pollen","pollen",TRUE,"Trogenmoos.vanderKnaap.2000","Peat",46.7619,7.8639,1484,"Trogenmoos","1.0.3",1,"Annual","positive","air@surface",44,1130,1990,860,20,860,FALSE,TRUE,FALSE,TRUE,TRUE,FALSE,2,TRUE,FALSE,TRUE,TRUE,TRUE,"","criteria",FALSE,"within-dataset"
"lcRVql90i7zfRXBZUn6","LCda6697a1b768116bc53fd21daff63253","paleo1measurement1","temperature","degC","pollen","pollen",FALSE,"ChesapeakeBayMD992209.Willard.2005","MarineSediment",38.8861,-76.3944,0,"Chesapeake Bay (MD99-2209)","1.0.7",1,"Jul","positive","air@surface",51,240,1860,1620,30,1620,FALSE,TRUE,FALSE,TRUE,TRUE,FALSE,21,TRUE,FALSE,TRUE,TRUE,TRUE,"","criteria",FALSE,"within-dataset"
"lcRVrOXzutmEYTA6QhS","LC89c02913ec83498d5b848ac228341941","paleo1measurement1","temperature","degC","pollen","pollen",FALSE,"HerrenwieserSee.Rosch.2009","LakeSediment",48.6685,8.2955,830,"Herrenwieser See","1.0.3",1,"Annual","positive","air@surface",52,20,1990,1970,40,1970,FALSE,TRUE,FALSE,TRUE,TRUE,FALSE,15,TRUE,FALSE,TRUE,TRUE,TRUE,"","criteria",FALSE,"within-dataset"
"lcRvtxdbMZhFE0pJ5n2","LC027bb84dde1b623df4af382dbc723e96","paleo1measurement1","temperature","degC","pollen","pollen",TRUE,"OgacLake.Doner.2001","LakeSediment",62.8455,-67.3415,5,"Ogac Lake","1.0.3",1,"Annual","positive","air@surface",40,10,1920,1910,50,1910,FALSE,TRUE,FALSE,TRUE,TRUE,FALSE,5,TRUE,FALSE,TRUE,TRUE,TRUE,"","criteria",TRUE,NA
"lcRvUE9uSR12ajlDtuQ","LC152754a16cb016b7b1a193745db5597e","paleo1measurement1","temperature","degC","pollen","pollen",FALSE,"KellysLough.Leira.2007","LakeSediment",52.9585,-6.4257,585,"Kelly's Lough","1.0.5",1,"Jul","positive","air@surface",41,30,1960,1930,40,1930,FALSE,TRUE,FALSE,TRUE,TRUE,FALSE,17,TRUE,FALSE,TRUE,TRUE,TRUE,"","criteria",FALSE,"within-dataset"
"lcRvuSL5glowYumXqS1","LCd45b4f0f21add22fe80f74c8111ad9e9","paleo1measurement1","temperature","degC","pollen","pollen",FALSE,"PasacacoPond.author.1111","LakeSediment",41.5167,-71.45,3,"Pasacaco Pond","1.0.3",1,"Jul","positive","air@surface",50,800,1960,1160,20,1160,FALSE,TRUE,FALSE,TRUE,TRUE,FALSE,3,TRUE,FALSE,TRUE,TRUE,TRUE,"","criteria",FALSE,"within-dataset"
"lcRVuWMASPSGYjP9VI6","LC36d35f42781e9b0aece96ceabe028ffa","paleo1measurement1","temperature","degC","pollen","pollen",TRUE,"LAnseauxMeadowsSite.Davis.1988","Peat",51.5733,-55.55,5,"L'Anse aux Meadows Site","1.0.3",1,"Annual","positive","air@surface",58,30,1940,1910,30,1910,FALSE,TRUE,FALSE,TRUE,TRUE,FALSE,4,TRUE,FALSE,TRUE,TRUE,TRUE,"","criteria",TRUE,NA
"lcRVXnAcfifa7OnePOR","LC9b2ab436f41ea0623e1a05cf1d43ec65","paleo1measurement1","temperature","degC","pollen","pollen",FALSE,"Cernohorskeraseliniste.Speranza.2000","Peat",50.6612,15.7534,1206,"Cernohorske raseliniste","1.0.4",1,"Jul","positive","air@surface",34,100,2000,1900,50,1900,FALSE,TRUE,FALSE,TRUE,TRUE,FALSE,6,TRUE,FALSE,TRUE,TRUE,TRUE,"","criteria",FALSE,"within-dataset"
"lcRvzxdKP28JXNRVD08","LC5f85eca75382c3190380dc15f4976dbf","paleo1measurement1","temperature","degC","pollen","pollen",FALSE,"MaraisdeMazerolles.Ouguerram.2002","Peat",47.3581,-1.4786,4,"Marais de Mazerolles","1.0.5",1,"Jul","positive","air@surface",63,140,1990,1850,30,1850,FALSE,TRUE,FALSE,TRUE,TRUE,FALSE,8,TRUE,FALSE,TRUE,TRUE,TRUE,"","criteria",FALSE,"within-dataset"
"lcRw0weQe8R8dzoxBIk","LCde9cab374273819846f5cc5c33fd2500","paleo1measurement1","temperature","degC","pollen","pollen",TRUE,"ChesapeakeBayPotomacRiver.Willard.2003","FluvialSediment",38.0269,-76.22,0,"Chesapeake Bay, Potomac River","1.0.3",1,"Annual","positive","air@surface",61,80,1970,1890,20,1890,FALSE,TRUE,FALSE,TRUE,TRUE,FALSE,6,TRUE,FALSE,TRUE,TRUE,TRUE,"","criteria",TRUE,NA
"lcRW1KrdBQjBr3pNl4Y","LC081056bd799e1360af038eeb73c0dcf8","paleo1measurement1","temperature","degC","pollen","pollen",TRUE,"LakeEmilyNortheastBasin.UmbanhowarJr.2004","LakeSediment",44.3138,-93.9144,296,"Lake Emily, Northeast Basin","1.0.3",1,"Jul","positive","air@surface",15,1150,1790,640,35,640,FALSE,TRUE,FALSE,TRUE,TRUE,FALSE,3,TRUE,FALSE,TRUE,TRUE,TRUE,"","criteria",FALSE,"within-dataset"
"lcRw3hTevpAGT10A5pQ","LCa59abc4cb5398ba6538f4f98fcd3b782","paleo1measurement1","temperature","degC","pollen","pollen",TRUE,"SlishLake.Dodson.1987","LakeSediment",54.2439,-8.3719,48,"Slish Lake","1.0.3",1,"Jul","positive","air@surface",39,10,1930,1920,40,1920,FALSE,TRUE,FALSE,TRUE,TRUE,FALSE,3,TRUE,FALSE,TRUE,TRUE,TRUE,"","criteria",FALSE,"within-dataset"
"lcRw5xpAqAauKCFFFMA","LCcfea792613956259f5ad02e040df94d7","paleo1measurement1","temperature","degC","pollen","pollen",FALSE,"MaboMoss.Goransson.1977","Peat",58.0211,16.056,117,"Mabo Moss","1.1.0",1,"Jul","positive","air@surface",35,130,1690,1560,50,1560,FALSE,TRUE,FALSE,TRUE,TRUE,FALSE,17,TRUE,FALSE,TRUE,TRUE,TRUE,"","criteria",FALSE,"within-dataset"
"lcRw5ZUlPjjR3IUL4EP","LCe51e45db650fef1ceeb069a5ba53dc15","paleo1measurement1","temperature","degC","pollen","floral assemblage",TRUE,"LakeBillyakh.Muller.2009","LakeSediment",65.2891,126.7699,340,"Lake Billyakh","1.1.0",1,"Annual","positive","air@surface",16,200,2010,1810,70,1810,FALSE,TRUE,FALSE,TRUE,FALSE,FALSE,8,FALSE,FALSE,TRUE,TRUE,TRUE,"resolution;chronology","data-poor exception",TRUE,NA
"lcRw6Tk7kICPfp1i5BJ","LC7d469c3e8ffb0a645fcce87cd18b9a68","paleo1measurement1","temperature","degC","pollen","pollen",FALSE,"ChesapeakeBayPTMC32.Willard.2005","MarineSediment",38.0267,-76.2197,0,"Chesapeake Bay (PTMC3-2)","1.0.5",1,"Annual","positive","air@surface",60,60,2030,1970,20,1970,FALSE,TRUE,FALSE,TRUE,TRUE,FALSE,6,TRUE,FALSE,TRUE,TRUE,TRUE,"","criteria",FALSE,"within-dataset"
"lcRw8DvZy6cXzXA9pQP","LCf1d5479a47415e43de7c6c6700ec7885","paleo1measurement1","temperature","degC","pollen","pollen",FALSE,"Fougeres.CletPellerin.1993","Peat",48.5167,-0.8333,186,"Fougeres","1.0.3",1,"Jul","positive","air@surface",42,1360,1980,620,10,620,FALSE,TRUE,FALSE,TRUE,TRUE,FALSE,3,TRUE,FALSE,TRUE,TRUE,TRUE,"","criteria",FALSE,"within-dataset"
"lcRW9JEBY10HjEEpXNc","LC027bb84dde1b623df4af382dbc723e96","paleo1measurement1","temperature","degC","pollen","pollen",TRUE,"OgacLake.Doner.2001","LakeSediment",62.8455,-67.3415,5,"Ogac Lake","1.0.3",1,"Jul","positive","air@surface",40,10,1920,1910,50,1910,FALSE,TRUE,FALSE,TRUE,TRUE,FALSE,5,TRUE,FALSE,TRUE,TRUE,TRUE,"","criteria",FALSE,"within-dataset"
"lcRw9KXg12EPqPBUhes","LCdf2db814cc9abf789b3593dd5d0bb4fd","paleo1measurement1","temperature","degC","pollen","pollen",FALSE,"LakeSambosjon.Digerfeldt.1982","LakeSediment",57.1631,12.4143,35,"Lake Sambosjon","1.0.5",1,"Annual","positive","air@surface",28,50,1910,1860,40,1860,FALSE,TRUE,FALSE,TRUE,TRUE,FALSE,15,TRUE,FALSE,TRUE,TRUE,TRUE,"","criteria",FALSE,"within-dataset"
"lcRwAC7Qs1zMG4wItxl","LCcfea792613956259f5ad02e040df94d7","paleo1measurement1","temperature","degC","pollen","pollen",FALSE,"MaboMoss.Goransson.1977","Peat",58.0211,16.056,117,"Mabo Moss","1.1.0",1,"Annual","positive","air@surface",35,130,1690,1560,50,1560,FALSE,TRUE,FALSE,TRUE,TRUE,FALSE,17,TRUE,FALSE,TRUE,TRUE,TRUE,"","criteria",FALSE,"within-dataset"
"lcRWafRPQ2BQdenQCRB","LCe90679c1b5177a9cda38a41661c97057","paleo1measurement1","temperature","degC","pollen","pollen",FALSE,"CranberryLake.author.1111","LakeSediment",44.1,-78.1,170,"Cranberry Lake","1.0.4",1,"Annual","positive","air@surface",35,30,1990,1960,50,1960,FALSE,TRUE,FALSE,TRUE,TRUE,FALSE,7,TRUE,FALSE,TRUE,TRUE,TRUE,"","criteria",FALSE,"within-dataset"
"lcRWBMmzAevuDRtIGYZ","LC1af1af0e952e8967a96627e8602dc452","paleo1measurement1","temperature","degC","pollen","pollen",FALSE,"DevilsLakeCreelBay.Jacobson.1989","LakeSediment",48.0859,-98.9293,443,"Devils Lake, Creel Bay","1.0.4",1,"Jul","positive","air@surface",18,200,1990,1790,20,1790,FALSE,TRUE,FALSE,TRUE,TRUE,FALSE,28,TRUE,FALSE,TRUE,TRUE,TRUE,"","criteria",FALSE,"within-dataset"
"lcRWDTAG0myQBlebbV1","LCa62342d98da2575b8a14f220a7b7a1d4","paleo1measurement1","temperature","degC","pollen","pollen",TRUE,"LagodiVenere.Calo.2013","LakeSediment",36.8169,11.987,2,"Lago di Venere","1.0.3",1,"Annual","positive","air@surface",87,810,1990,1180,10,1180,FALSE,TRUE,FALSE,TRUE,TRUE,FALSE,2,TRUE,FALSE,TRUE,TRUE,TRUE,"","criteria",TRUE,NA
"lcRwE3WoVgoojDoNR0U","LC484bbe5c39f8b795095f5175c9e1f378","paleo1measurement1","temperature","degC","pollen","pollen",FALSE,"ValhallaHollow.Kearsley.1995","Peat",44.3086,-74.3708,480,"Valhalla Hollow","1.0.3",1,"Annual","positive","air@surface",19,880,2000,1120,25,1120,FALSE,TRUE,FALSE,TRUE,TRUE,FALSE,3,TRUE,FALSE,TRUE,TRUE,TRUE,"","criteria",FALSE,"within-dataset"
"lcRWEk8w6syh0tpwDKc","LC82c627a76ba1042157d390377e9961c2","paleo1measurement1","temperature","degC","pollen","pollen",TRUE,"TaylorSloughSite15.Willard.1997","Peat",25.2019,-80.6872,5,"Taylor Slough Site 15","1.0.3",1,"Jul","positive","air@surface",18,1250,2000,750,40,750,FALSE,TRUE,FALSE,TRUE,TRUE,FALSE,5,TRUE,FALSE,TRUE,TRUE,TRUE,"","criteria",FALSE,"within-dataset"
"lcRwEqy844149A8PBVD","LC484bbe5c39f8b795095f5175c9e1f378","paleo1measurement1","temperature","degC","pollen","pollen",FALSE,"ValhallaHollow.Kearsley.1995","Peat",44.3086,-74.3708,480,"Valhalla Hollow","1.0.3",1,"Jul","positive","air@surface",19,880,2000,1120,25,1120,FALSE,TRUE,FALSE,TRUE,TRUE,FALSE,3,TRUE,FALSE,TRUE,TRUE,TRUE,"","criteria",FALSE,"within-dataset"
"lcRweT6WCjY3eR0fAU5","LCeca948804a225d068a0480e100b02440","paleo1measurement1","temperature","degC","pollen","pollen",TRUE,"Schopfenwaldmoor.vanderKnaap.2000","Peat",46.7436,7.8478,1453,"Schopfenwaldmoor","1.0.3",1,"Annual","positive","air@surface",54,510,2030,1520,30,1520,FALSE,TRUE,FALSE,TRUE,TRUE,FALSE,15,TRUE,FALSE,TRUE,TRUE,TRUE,"","criteria",FALSE,"within-dataset"
"lcRWeU9Rn0RJk30YG48","LCd14eff7df1294fb19d0dd82c9b065357","paleo1measurement1","temperature","degC","pollen","pollen",TRUE,"Kirkkosaari.Rankama.1988","Peat",60.8577,24.4906,83,"Kirkkosaari","1.0.5",1,"Annual","positive","air@surface",39,30,1990,1960,30,1960,FALSE,TRUE,FALSE,TRUE,TRUE,FALSE,4,TRUE,FALSE,TRUE,TRUE,TRUE,"","criteria",TRUE,NA
"lcRwF3tal4IIaS7scoV","LCeca948804a225d068a0480e100b02440","paleo1measurement1","temperature","degC","pollen","pollen",FALSE,"Schopfenwaldmoor.vanderKnaap.2000","Peat",46.7436,7.8478,1453,"Schopfenwaldmoor","1.0.3",1,"Annual","positive","air@surface",54,510,2030,1520,30,1520,FALSE,TRUE,FALSE,TRUE,TRUE,FALSE,15,TRUE,FALSE,TRUE,TRUE,TRUE,"","criteria",FALSE,"within-dataset"
"lcRWfMoD0LryxcvryDf","LC01b139d1e37ee2fd9c3c2bf7480d9de1","paleo1measurement1","temperature","degC","pollen","pollen",FALSE,"SehestedterAussendeichsmoor.Behre.2005","Peat",53.4389,8.3071,4,"Sehestedter Aussendeichsmoor","1.0.3",1,"Jul","positive","air@surface",84,10,1980,1970,20,1970,FALSE,TRUE,FALSE,TRUE,TRUE,FALSE,9,TRUE,FALSE,TRUE,TRUE,TRUE,"","criteria",FALSE,"within-dataset"
"lcRwibZMivsHfOGM1GI","LC74158e6ab9b15b9cfb3efac63ecd2358","paleo1measurement1","temperature","degC","pollen","pollen",FALSE,"UpperSouthBranchPond.Anderson.1986","LakeSediment",46.0901,-68.8933,300,"Upper South Branch Pond","1.0.3",1,"Annual","positive","air@surface",22,220,2010,1790,40,1790,FALSE,TRUE,FALSE,TRUE,TRUE,FALSE,5,TRUE,FALSE,TRUE,TRUE,TRUE,"","criteria",FALSE,"within-dataset"
"lcRwICcYWW7drzPURGK","LC36849fcbede5404854435f65c39b4769","paleo1measurement1","temperature","degC","pollen","pollen",FALSE,"CienegadeSanBernadino.Blissett.2010","Other",31.3222,-109.2562,1118,"Cienega de San Bernadino","1.0.3",1,"Annual","positive","air@surface",51,210,1970,1760,20,1760,FALSE,TRUE,FALSE,TRUE,TRUE,FALSE,4,TRUE,FALSE,TRUE,TRUE,TRUE,"","criteria",FALSE,"within-dataset"
"lcRwiDu5xvkK7hQ90t9","LC93603a722d6fc3a8de2ca82636b07614","paleo1measurement1","temperature","degC","pollen","pollen",FALSE,"MissionCrossBog.Allan.2003","LakeSediment",41.7847,-115.4836,2424,"Mission Cross Bog","1.0.3",1,"Jul","positive","air@surface",34,180,1950,1770,40,1770,FALSE,TRUE,FALSE,TRUE,TRUE,FALSE,8,TRUE,FALSE,TRUE,TRUE,TRUE,"","criteria",FALSE,"within-dataset"
"lcRWINXdf43Eh9N1YWf","LCa246e0718f7a4267aa693418acaa0bed","paleo1measurement1","temperature","degC","pollen","pollen",FALSE,"ArroyodeValdeconejos.MoralesMolino.2017","Peat",40.861,-4.061,1380,"Arroyo de Valdeconejos","1.0.3",1,"Jul","positive","air@surface",38,1510,2020,510,10,510,FALSE,TRUE,FALSE,TRUE,TRUE,FALSE,3,TRUE,FALSE,TRUE,TRUE,TRUE,"","criteria",FALSE,"within-dataset"
"lcRWiSeZdpQMGSGhp8n","LC5daff52ef499c7d176b6a7290453297a","paleo1measurement1","temperature","degC","pollen","pollen",FALSE,"Valdeyernosbog.DoradoValino.2014","Peat",39.4411,-4.0964,850,"Valdeyernos bog","1.0.3",1,"Annual","positive","air@surface",22,640,2010,1370,20,1370,FALSE,TRUE,FALSE,TRUE,TRUE,FALSE,4,TRUE,FALSE,TRUE,TRUE,TRUE,"","criteria",FALSE,"within-dataset"
"lcRwJmlcR4QCkSd2vZY","LC1ed4cbd5bf117afdc0bce084d7d6d4c0","paleo1measurement1","temperature","degC","pollen","pollen",FALSE,"NorthFlatLake.Hart.2009","LakeSediment",53.6115,-106.4952,522,"North Flat Lake","1.0.3",1,"Jul","positive","air@surface",57,170,1970,1800,30,1800,FALSE,TRUE,FALSE,TRUE,TRUE,FALSE,5,TRUE,FALSE,TRUE,TRUE,TRUE,"","criteria",FALSE,"within-dataset"
"lcRWKkBwvHKtyVPjzxW","LC5a3f7a1b6df57cf550e3fee0c1a9dbd5","paleo1measurement1","temperature","degC","pollen","pollen",FALSE,"ChickareeLake.Dunnette.2014","LakeSediment",40.3341,-105.8411,2796,"Chickaree Lake","1.0.5",1,"Jul","positive","air@surface",41,50,2010,1960,50,1960,FALSE,TRUE,FALSE,TRUE,TRUE,FALSE,38,TRUE,FALSE,TRUE,TRUE,TRUE,"","criteria",FALSE,"within-dataset"
"lcRwmahVM5ioB7mNypO","LC6c0c371b54da61195013fd3459bf1cb4","paleo1measurement1","temperature","degC","pollen","pollen",TRUE,"FreshPond.Parshall.2002","LakeSediment",41.5941,-70.5328,7,"Fresh Pond","1.0.4",1,"Annual","positive","air@surface",48,60,2000,1940,30,1940,FALSE,TRUE,FALSE,TRUE,TRUE,FALSE,12,TRUE,FALSE,TRUE,TRUE,TRUE,"","criteria",TRUE,NA
"lcRwMERSTGY5MdIkG39","LC5f56c60a2e606d7d9fe1bfc40438a5aa","paleo1measurement1","temperature","degC","pollen","pollen",FALSE,"Iaz.Grindean.2014","Peat",47.1083,22.6611,300,"Iaz","1.0.5",1,"Annual","positive","air@surface",51,20,1990,1970,40,1970,FALSE,TRUE,FALSE,TRUE,TRUE,FALSE,6,TRUE,FALSE,TRUE,TRUE,TRUE,"","criteria",FALSE,"within-dataset"
"lcRWmg12IhUd3Ca4Uzt","LC11a3a0c5aff5557858d4e7ee0f5460cb","paleo1measurement1","temperature","degC","pollen","pollen",FALSE,"ZoigeBasin.Zhao.2011","Peat",33.45,102.6333,3467,"Zoige Basin","1.0.6",1,"Annual","positive","air@surface",38,20,2010,1990,40,1990,FALSE,TRUE,FALSE,TRUE,TRUE,FALSE,9,TRUE,FALSE,TRUE,TRUE,TRUE,"","criteria",FALSE,"within-dataset"
"lcRwn6FeyGybOQeuFDg","LC5f56c60a2e606d7d9fe1bfc40438a5aa","paleo1measurement1","temperature","degC","pollen","pollen",FALSE,"Iaz.Grindean.2014","Peat",47.1083,22.6611,300,"Iaz","1.0.5",1,"Jul","positive","air@surface",51,20,1990,1970,40,1970,FALSE,TRUE,FALSE,TRUE,TRUE,FALSE,6,TRUE,FALSE,TRUE,TRUE,TRUE,"","criteria",FALSE,"within-dataset"
"lcRwN7SUjFDN68w9hld","LC8a878cf5801c80e1702709bf166b8156","paleo1measurement1","temperature","degC","pollen","pollen",FALSE,"StonetorBrook.Fyfe.2008","Peat",50.6556,-3.91,401,"Stonetor Brook","1.0.5",1,"Annual","positive","air@surface",37,70,2000,1930,45,1930,FALSE,TRUE,FALSE,TRUE,TRUE,FALSE,8,TRUE,FALSE,TRUE,TRUE,TRUE,"","criteria",FALSE,"within-dataset"
"lcRWnZh7MLUD3Ga5pLA","LCd687efab1d0b5d43b49f2a1a8ea92f09","paleo1measurement1","temperature","degC","pollen","pollen",FALSE,"HerrenwieserSee.Rosch.2012","LakeSediment",48.6685,8.2955,830,"Herrenwieser See","1.0.5",1,"Annual","positive","air@surface",86,20,2000,1980,20,1980,FALSE,TRUE,FALSE,TRUE,TRUE,FALSE,26,TRUE,FALSE,TRUE,TRUE,TRUE,"","criteria",FALSE,"within-dataset"
"lcRWOXGshxkYyirKvvI","LC35a486413b4b9991184a2fbd56495b76","paleo1measurement1","temperature","degC","pollen","pollen",FALSE,"MindenBog.Booth.2003","Peat",43.6037,-82.8639,239,"Minden Bog","1.0.3",1,"Jul","positive","air@surface",67,10,1970,1960,10,1960,FALSE,TRUE,FALSE,TRUE,TRUE,FALSE,11,TRUE,FALSE,TRUE,TRUE,TRUE,"","criteria",FALSE,"within-dataset"
"lcRwpTL46njRSkqBUYi","LCe90679c1b5177a9cda38a41661c97057","paleo1measurement1","temperature","degC","pollen","pollen",TRUE,"CranberryLake.author.1111","LakeSediment",44.1,-78.1,170,"Cranberry Lake","1.0.4",1,"Jul","positive","air@surface",35,30,1990,1960,50,1960,FALSE,TRUE,FALSE,TRUE,TRUE,FALSE,7,TRUE,FALSE,TRUE,TRUE,TRUE,"","criteria",FALSE,"within-dataset"
"lcRwrZsKDAVKIfyt2Rx","LC5f85eca75382c3190380dc15f4976dbf","paleo1measurement1","temperature","degC","pollen","pollen",FALSE,"MaraisdeMazerolles.Ouguerram.2002","Peat",47.3581,-1.4786,4,"Marais de Mazerolles","1.0.5",1,"Annual","positive","air@surface",63,140,1990,1850,30,1850,FALSE,TRUE,FALSE,TRUE,TRUE,FALSE,8,TRUE,FALSE,TRUE,TRUE,TRUE,"","criteria",FALSE,"within-dataset"
"lcRWsccOy1hnqareOwG","LC79b5b45a7fe015c7fa2ded7e1cc5e546","paleo1measurement1","temperature","degC","pollen","pollen",FALSE,"WaterConservationArea2ASite2SiteF1.Willard.1997","Peat",26.3597,-80.3706,5,"Water Conservation Area 2A, Site 2 (Site F1)","1.0.3",1,"Jul","positive","air@surface",26,10,2060,2050,40,2050,FALSE,TRUE,FALSE,TRUE,TRUE,FALSE,7,TRUE,FALSE,TRUE,TRUE,TRUE,"","criteria",FALSE,"within-dataset"
"lcRwSSIVeojuMkqZKpJ","LC78c26c7cbd368b7e8e182f1ab760c79d","paleo1measurement1","temperature","degC","pollen","pollen",FALSE,"AmberLake.UmbanhowarJr.2004","LakeSediment",43.6071,-94.4736,351,"Amber Lake","1.0.3",1,"Annual","positive","air@surface",15,1060,1880,820,50,820,FALSE,TRUE,FALSE,TRUE,TRUE,FALSE,3,TRUE,FALSE,TRUE,TRUE,TRUE,"","criteria",FALSE,"within-dataset"
"lcRwwnWim3ex4qnMreO","LCee281c33b70bd4a07b6225b178fe9ed2","paleo1measurement1","temperature","degC","pollen","pollen",FALSE,"LochLaxford.Shotyk.1996","Peat",58.3725,-5.0367,137,"Loch Laxford","1.0.3",1,"Annual","positive","air@surface",42,660,1980,1320,30,1320,FALSE,TRUE,FALSE,TRUE,TRUE,FALSE,5,TRUE,FALSE,TRUE,TRUE,TRUE,"","criteria",FALSE,"within-dataset"
"lcRwWuErFspDPCGvguc","LC11a3a0c5aff5557858d4e7ee0f5460cb","paleo1measurement1","temperature","degC","pollen","pollen",TRUE,"ZoigeBasin.Zhao.2011","Peat",33.45,102.6333,3467,"Zoige Basin","1.0.6",1,"Jul","positive","air@surface",38,20,2010,1990,40,1990,FALSE,TRUE,FALSE,TRUE,TRUE,FALSE,9,TRUE,FALSE,TRUE,TRUE,TRUE,"","criteria",FALSE,"within-dataset"
"lcRwwWHnSwTSQ3TVqEP","LC5cd0bf1248bd51ce10c4cd494558d64b","paleo1measurement1","temperature","degC","pollen","pollen",FALSE,"SummitLake.Calder.2016","LakeSediment",40.5455,-106.6824,3149,"Summit Lake","1.0.3",1,"Annual","positive","air@surface",52,10,2020,2010,40,2010,FALSE,TRUE,FALSE,TRUE,TRUE,FALSE,11,TRUE,FALSE,TRUE,TRUE,TRUE,"","criteria",FALSE,"within-dataset"
"lcRwxVf7sBb8du6oX6q","LCc0330cab7fbaca277fe6aecbcfbb9dcd","paleo1measurement1","temperature","degC","pollen","pollen",FALSE,"PiermontMarsh.Pederson.2005","Peat",41.0276,-73.9084,0,"Piermont Marsh","1.0.3",1,"Annual","positive","air@surface",51,690,2010,1320,20,1320,FALSE,TRUE,FALSE,TRUE,TRUE,FALSE,9,TRUE,FALSE,TRUE,TRUE,TRUE,"","criteria",FALSE,"within-dataset"
"lcRWXxshgASCEdgy1YQ","LCd687efab1d0b5d43b49f2a1a8ea92f09","paleo1measurement1","temperature","degC","pollen","pollen",FALSE,"HerrenwieserSee.Rosch.2012","LakeSediment",48.6685,8.2955,830,"Herrenwieser See","1.0.5",1,"Annual","positive","air@surface",86,20,2000,1980,20,1980,FALSE,TRUE,FALSE,TRUE,TRUE,FALSE,26,TRUE,FALSE,TRUE,TRUE,TRUE,"","criteria",FALSE,"within-dataset"
"lcRWZI9bGMUiRhCnny8","LCcc97a813d94806cb3eb9950d5fb07543","paleo1measurement1","temperature","degC","pollen","pollen",FALSE,"Tlstahora.Rybnickova.2005","Peat",48.8942,17.8886,460,"Tlsta hora","1.0.7",1,"Annual","positive","air@surface",33,10,2000,1990,40,1990,FALSE,TRUE,FALSE,TRUE,TRUE,FALSE,4,TRUE,FALSE,TRUE,TRUE,TRUE,"","criteria",FALSE,"within-dataset"
"lcRX0ASwgBBIqKk4rbH","LC8dc17c6bf04d3776046a75ae0e0fd54a","paleo1measurement1","temperature","degC","pollen","pollen",FALSE,"LacNoir.Paquette.2013","LakeSediment",45.777,-75.1359,176,"Lac Noir","1.0.3",1,"Annual","positive","air@surface",91,930,2000,1070,10,1070,FALSE,TRUE,FALSE,TRUE,TRUE,FALSE,3,TRUE,FALSE,TRUE,TRUE,TRUE,"","criteria",FALSE,"within-dataset"
"lcRx37yo6fZjT3enk5X","LCb5f8ef048c71f4db0ea90eb2405a508d","paleo1measurement1","temperature","degC","pollen","pollen",FALSE,"BlackwoodSinkhole.Tamalavage.2018","LakeSediment",26.7987,-77.4234,0,"Blackwood Sinkhole","1.0.3",1,"Jul","positive","air@surface",85,20,1990,1970,20,1970,FALSE,TRUE,FALSE,TRUE,TRUE,FALSE,19,TRUE,FALSE,TRUE,TRUE,TRUE,"","criteria",FALSE,"within-dataset"
"lcRx3qxSCia18W5GGIa","LCb6ded9f9353b2ddbeda50d5ba3c3f827","paleo1measurement1","temperature","degC","pollen","pollen",FALSE,"GrandMez.McGhee.1975","LakeSediment",46.7461,1.4425,123,"Grand Mez","1.0.3",1,"Annual","positive","air@surface",16,1030,1980,950,50,950,FALSE,TRUE,FALSE,TRUE,TRUE,FALSE,2,TRUE,FALSE,TRUE,TRUE,TRUE,"","criteria",FALSE,"within-dataset"
"lcRX48xiI3DuJr3YQjI","LC8326aae75745929f1260b2ecf759133b","paleo1measurement1","temperature","degC","pollen","pollen",FALSE,"Couedic.Visset.2001","FluvialSediment",47.2139,-1.5572,10,"Couedic","1.0.3",1,"Jul","positive","air@surface",11,20,1010,990,30,990,FALSE,TRUE,FALSE,TRUE,TRUE,FALSE,4,TRUE,FALSE,TRUE,TRUE,TRUE,"","criteria",FALSE,"within-dataset"
"lcRx4dCnUq2nkmqYouZ","LC5f56c60a2e606d7d9fe1bfc40438a5aa","paleo1measurement1","temperature","degC","pollen","pollen",TRUE,"Iaz.Grindean.2014","Peat",47.1083,22.6611,300,"Iaz","1.0.5",1,"Annual","positive","air@surface",51,20,1990,1970,40,1970,FALSE,TRUE,FALSE,TRUE,TRUE,FALSE,6,TRUE,FALSE,TRUE,TRUE,TRUE,"","criteria",TRUE,NA
"lcRx4df7Nydg4O811TB","LCaa71976e446f4ed9037ab00f0e01331d","paleo1measurement1","temperature","degC","pollen","pollen",FALSE,"SweetonPond.Nanavati.2019","LakeSediment",36.7913,-92.2231,304,"Sweeton Pond","1.0.3",1,"Jul","positive","air@surface",63,130,2000,1870,30,1870,FALSE,TRUE,FALSE,TRUE,TRUE,FALSE,11,TRUE,FALSE,TRUE,TRUE,TRUE,"","criteria",FALSE,"within-dataset"
"lcRX4eK4GrcldVdbiy0","LC9cdc16204028d3973cd98ca12fcff7d3","paleo1measurement1","temperature","degC","pollen","pollen",FALSE,"WaccamawRiverButlerIslandModeratelySaltImpacted.Jones.2017","Peat",33.4228,-79.208,0,"Waccamaw River, Butler Island, Moderately Salt Impacted","1.0.3",1,"Jul","positive","air@surface",36,690,2020,1330,30,1330,FALSE,TRUE,FALSE,TRUE,TRUE,FALSE,6,TRUE,FALSE,TRUE,TRUE,TRUE,"","criteria",FALSE,"within-dataset"
"lcRx5tjD1cxyIGHEYBG","LC798da88e9cbc5b3391ace4eb348cbb50","paleo1measurement1","temperature","degC","pollen","pollen",FALSE,"DyanushkaK7P2.Werner.2010","Peat",65.0394,125.0369,123,"Dyanushka K7P2","1.0.3",1,"Jul","positive","air@surface",6,1250,1970,720,60,720,FALSE,TRUE,FALSE,TRUE,FALSE,FALSE,13,TRUE,FALSE,TRUE,TRUE,TRUE,"resolution","data-poor exception",FALSE,"within-dataset"
"lcRx68DE4Npgy8udK5h","LC3bdd6387273edc3ab38193c063d48524","paleo1measurement1","temperature","degC","pollen","pollen",TRUE,"UpperSquawLake.Colombaroli.2010","LakeSediment",42.0321,-123.0149,930,"Upper Squaw Lake","1.0.3",1,"Annual","positive","air@surface",48,210,2090,1880,40,1880,FALSE,TRUE,FALSE,TRUE,TRUE,FALSE,7,TRUE,FALSE,TRUE,TRUE,TRUE,"","criteria",TRUE,NA
"lcRx7CxFx6Mj1isBX43","LC5b857190d156dfce7b66f9bdb0837754","paleo1measurement1","temperature","degC","pollen","pollen",FALSE,"LakeSapanca.Leroy.2010","LakeSediment",40.7167,30.25,31,"Lake Sapanca","1.0.3",1,"Jul","positive","air@surface",38,20,1940,1920,30,1920,FALSE,TRUE,FALSE,TRUE,TRUE,FALSE,11,TRUE,FALSE,TRUE,TRUE,TRUE,"","criteria",FALSE,"within-dataset"
"lcRx8XMrtHINMDCzfYf","LC9f100b08c7659d493aeb585373be787d","paleo1measurement1","temperature","degC","pollen","pollen",FALSE,"Kralovec.Rybnickova.2005","Peat",49.1319,18.0278,599,"Kralovec","1.0.3",1,"Annual","positive","air@surface",26,730,2000,1270,50,1270,FALSE,TRUE,FALSE,TRUE,TRUE,FALSE,4,TRUE,FALSE,TRUE,TRUE,TRUE,"","criteria",FALSE,"within-dataset"
"lcRx9flEy27gAwj2O7C","LC411fd7990bbec38aade84b10cc75f750","paleo1measurement1","temperature","degC","pollen","pollen",FALSE,"DeepPond.Parshall.2002","LakeSediment",41.7391,-69.9921,23,"Deep Pond","1.0.5",1,"Annual","positive","air@surface",49,20,2020,2000,40,2000,FALSE,TRUE,FALSE,TRUE,TRUE,FALSE,16,TRUE,FALSE,TRUE,TRUE,TRUE,"","criteria",FALSE,"within-dataset"
"lcRX9nxctw6p9H84AB6","LCb5f8ef048c71f4db0ea90eb2405a508d","paleo1measurement1","temperature","degC","pollen","pollen",FALSE,"BlackwoodSinkhole.Tamalavage.2018","LakeSediment",26.7987,-77.4234,0,"Blackwood Sinkhole","1.0.3",1,"Annual","positive","air@surface",85,20,1990,1970,20,1970,FALSE,TRUE,FALSE,TRUE,TRUE,FALSE,19,TRUE,FALSE,TRUE,TRUE,TRUE,"","criteria",FALSE,"within-dataset"
"lcRXbjhw69IYuYnivdm","LCdf2db814cc9abf789b3593dd5d0bb4fd","paleo1measurement1","temperature","degC","pollen","pollen",FALSE,"LakeSambosjon.Digerfeldt.1982","LakeSediment",57.1631,12.4143,35,"Lake Sambosjon","1.0.5",1,"Annual","positive","air@surface",28,50,1910,1860,40,1860,FALSE,TRUE,FALSE,TRUE,TRUE,FALSE,15,TRUE,FALSE,TRUE,TRUE,TRUE,"","criteria",FALSE,"within-dataset"
"lcRXem1IwXeMUgJWake","LC146fc8277ff57fa79bd47f1c96dbf4f3","paleo1measurement1","temperature","degC","pollen","pollen",FALSE,"TaibaiLakeTN1.Tong.2009","LakeSediment",29.9957,115.8073,44,"Taibai Lake TN1","1.0.3",1,"Jul","positive","air@surface",95,660,2010,1350,10,1350,FALSE,TRUE,FALSE,TRUE,TRUE,FALSE,5,TRUE,FALSE,TRUE,TRUE,TRUE,"","criteria",FALSE,"within-dataset"
"lcRXEsJH52wT20W6YYo","LC36849fcbede5404854435f65c39b4769","paleo1measurement1","temperature","degC","pollen","pollen",FALSE,"CienegadeSanBernadino.Blissett.2010","Other",31.3222,-109.2562,1118,"Cienega de San Bernadino","1.0.3",1,"Jul","positive","air@surface",51,210,1970,1760,20,1760,FALSE,TRUE,FALSE,TRUE,TRUE,FALSE,4,TRUE,FALSE,TRUE,TRUE,TRUE,"","criteria",FALSE,"within-dataset"
"lcRxgT2Ncv5SYggDI7d","LC0a1ac219c71a6b944a38aeb5030485ed","paleo1measurement1","temperature","degC","pollen","pollen",FALSE,"Upskeraseliniste.Speranza.2000","Peat",50.7366,15.7084,1425,"Upske raseliniste","1.0.3",1,"Annual","positive","air@surface",50,250,1990,1740,30,1740,FALSE,TRUE,FALSE,TRUE,TRUE,FALSE,7,TRUE,FALSE,TRUE,TRUE,TRUE,"","criteria",FALSE,"within-dataset"
"lcRxICJkSXLkhEaZFFF","LCfc7d011374a53ed99db2dc1881797569","paleo1measurement1","temperature","degC","pollen","pollen",FALSE,"FlorenceLake.Pellatt.2015","LakeSediment",48.4586,-123.513,81,"Florence Lake","1.0.3",1,"Jul","positive","air@surface",30,1450,2010,560,20,560,FALSE,TRUE,FALSE,TRUE,TRUE,FALSE,12,TRUE,FALSE,TRUE,TRUE,TRUE,"","criteria",FALSE,"within-dataset"
"lcRXjaDBT0k0lQw19fr","LC5a3f7a1b6df57cf550e3fee0c1a9dbd5","paleo1measurement1","temperature","degC","pollen","pollen",FALSE,"ChickareeLake.Dunnette.2014","LakeSediment",40.3341,-105.8411,2796,"Chickaree Lake","1.0.5",1,"Annual","positive","air@surface",41,50,2010,1960,50,1960,FALSE,TRUE,FALSE,TRUE,TRUE,FALSE,38,TRUE,FALSE,TRUE,TRUE,TRUE,"","criteria",FALSE,"within-dataset"
"lcRxKdU9uVcDomCznsf","LCf1d5479a47415e43de7c6c6700ec7885","paleo1measurement1","temperature","degC","pollen","pollen",FALSE,"Fougeres.CletPellerin.1993","Peat",48.5167,-0.8333,186,"Fougeres","1.0.3",1,"Jul","positive","air@surface",42,1360,1980,620,10,620,FALSE,TRUE,FALSE,TRUE,TRUE,FALSE,3,TRUE,FALSE,TRUE,TRUE,TRUE,"","criteria",FALSE,"within-dataset"
"lcRxmmaEYHIMvPOnpYB","LCeafd95a47f39eb3a63ae777b790c0413","paleo1measurement1","temperature","degC","pollen","pollen",FALSE,"Foyechi.Tong.1996","LakeSediment",37.3833,122.5167,NA,"Foyechi","1.0.3",1,"Jul","positive","air@surface",24,1010,1950,940,40,940,FALSE,TRUE,FALSE,TRUE,TRUE,FALSE,2,TRUE,FALSE,TRUE,TRUE,TRUE,"","criteria",FALSE,"within-dataset"
"lcRxmrk3NplXMNujmiE","LC2858e28ed96f10383061c4290dc9f7da","paleo1measurement1","temperature","degC","pollen","pollen",FALSE,"LagunaPompal.Goman.1998","LakeSediment",18.3761,-94.9556,730,"Laguna Pompal","1.0.5",1,"Annual","positive","air@surface",17,10,1990,1980,100,1980,FALSE,TRUE,FALSE,TRUE,FALSE,FALSE,7,FALSE,FALSE,TRUE,TRUE,TRUE,"resolution;chronology","data-poor exception",FALSE,"within-dataset"
"lcRxNFBOcrAVvM92I4o","LCebfeb762332f122e49ab420907c85bd5","paleo1measurement1","temperature","degC","pollen","pollen",FALSE,"BuckbeanBog.Heinrichs.1999","Peat",49.1191,-119.683,1803,"Buckbean Bog","1.0.5",1,"Jul","positive","air@surface",25,70,2010,1940,50,1940,FALSE,TRUE,FALSE,TRUE,TRUE,FALSE,6,TRUE,FALSE,TRUE,TRUE,TRUE,"","criteria",FALSE,"within-dataset"
"lcRxOXDdmxmf6XSYetM","LC67f1f3130b05aace86d5b0f7370e7ebd","paleo1measurement1","temperature","degC","pollen","pollen",TRUE,"CenoteSanJoseChulchaca.Leyden.1996","LakeSediment",20.8667,-90.1333,1,"Cenote San Jose Chulchaca","1.0.3",1,"Annual","positive","air@surface",27,170,2000,1830,45,1830,FALSE,TRUE,FALSE,TRUE,TRUE,FALSE,3,TRUE,FALSE,TRUE,TRUE,TRUE,"","criteria",TRUE,NA
"lcRXpExgqlHHAhV7TX9","LC5daff52ef499c7d176b6a7290453297a","paleo1measurement1","temperature","degC","pollen","pollen",TRUE,"Valdeyernosbog.DoradoValino.2014","Peat",39.4411,-4.0964,850,"Valdeyernos bog","1.0.3",1,"Jul","positive","air@surface",22,640,2010,1370,20,1370,FALSE,TRUE,FALSE,TRUE,TRUE,FALSE,4,TRUE,FALSE,TRUE,TRUE,TRUE,"","criteria",FALSE,"within-dataset"
"lcRXq2SGj4V3APUczE0","LCf6415cac0a63bd9f68d1ee7a4222de70","paleo1measurement1","temperature","degC","pollen","floral assemblage",TRUE,"OverGunnarsfjorden.Allen.2007","LakeSediment",71.0381,28.1691,78,"Over Gunnarsfjorden","1.0.8",1,"Annual","positive","air@surface",43,10,2000,1990,50,1990,FALSE,TRUE,FALSE,TRUE,TRUE,FALSE,23,TRUE,FALSE,TRUE,TRUE,TRUE,"","criteria",TRUE,NA
"lcRXqCxUdx0wfAJR8fu","LC3aed9bc8856e726b3ffcbdc54e30e602","paleo1measurement1","temperature","degC","pollen","pollen",FALSE,"Diheen.author.1111","LakeSediment",52.3695,-8.1707,554,"Diheen","1.0.3",1,"Jul","positive","air@surface",47,1180,1960,780,10,780,FALSE,TRUE,FALSE,TRUE,TRUE,FALSE,8,TRUE,FALSE,TRUE,TRUE,TRUE,"","criteria",FALSE,"within-dataset"
"lcRxqp3jjSXdx1JDSQx","LC82c627a76ba1042157d390377e9961c2","paleo1measurement1","temperature","degC","pollen","pollen",FALSE,"TaylorSloughSite15.Willard.1997","Peat",25.2019,-80.6872,5,"Taylor Slough Site 15","1.0.3",1,"Annual","positive","air@surface",18,1250,2000,750,40,750,FALSE,TRUE,FALSE,TRUE,TRUE,FALSE,5,TRUE,FALSE,TRUE,TRUE,TRUE,"","criteria",FALSE,"within-dataset"
"lcRXQpLL9OdRxcsMUem","LC337323d509fca77245d359ea6fa3653f","paleo1measurement1","temperature","degC","pollen","pollen",FALSE,"LaMolinamire.LopezMerino.2011","Peat",43.3811,-6.3272,650,"La Molina mire","1.0.5",1,"Annual","positive","air@surface",80,30,1980,1950,10,1950,FALSE,TRUE,FALSE,TRUE,TRUE,FALSE,6,TRUE,FALSE,TRUE,TRUE,TRUE,"","criteria",FALSE,"within-dataset"
"lcRxRZhdHtSZO4QUCMW","LCdf626fa7f98044fb3907947b192d21f7","paleo1measurement1","temperature","degC","pollen","pollen",FALSE,"Changeon.Cyprien.2001","FluvialSediment",47.2761,0.1319,28,"Changeon","1.0.3",1,"Jul","positive","air@surface",12,870,1920,1050,40,1050,FALSE,TRUE,FALSE,TRUE,TRUE,FALSE,2,TRUE,FALSE,TRUE,TRUE,TRUE,"","criteria",FALSE,"within-dataset"
"lcRxs1Jx0fGWWtk9JZe","LC2858e28ed96f10383061c4290dc9f7da","paleo1measurement1","temperature","degC","pollen","pollen",TRUE,"LagunaPompal.Goman.1998","LakeSediment",18.3761,-94.9556,730,"Laguna Pompal","1.0.5",1,"Jul","positive","air@surface",17,10,1990,1980,100,1980,FALSE,TRUE,FALSE,TRUE,FALSE,FALSE,7,FALSE,FALSE,TRUE,TRUE,TRUE,"resolution;chronology","data-poor exception",FALSE,"within-dataset"
"lcRxsUYqaSobvgNrGNK","LC1454835ba639883042bd6f245776971e","paleo1measurement1","temperature","degC","pollen","pollen",TRUE,"WawonaMeadow.Anderson.2013","Peat",37.5286,-119.6454,1275,"Wawona Meadow","1.0.3",1,"Annual","positive","air@surface",18,1290,1980,690,30,690,FALSE,TRUE,FALSE,TRUE,TRUE,FALSE,6,TRUE,FALSE,TRUE,TRUE,TRUE,"","criteria",TRUE,NA
"lcRXt12oqdhsNdsuC0Y","LCb82485a219e0665fad6b3555542e9ccf","paleo1measurement1","temperature","degC","pollen","pollen",FALSE,"LittleMirrorLake.Fuller.1998","LakeSediment",42.5244,-71.6085,73,"Little Mirror Lake","1.0.3",1,"Jul","positive","air@surface",41,1020,1990,970,20,970,FALSE,TRUE,FALSE,TRUE,TRUE,FALSE,3,TRUE,FALSE,TRUE,TRUE,TRUE,"","criteria",FALSE,"within-dataset"
"lcRxV6i9pUiuqPFvMfy","LC74158e6ab9b15b9cfb3efac63ecd2358","paleo1measurement1","temperature","degC","pollen","pollen",FALSE,"UpperSouthBranchPond.Anderson.1986","LakeSediment",46.0901,-68.8933,300,"Upper South Branch Pond","1.0.3",1,"Annual","positive","air@surface",22,220,2010,1790,40,1790,FALSE,TRUE,FALSE,TRUE,TRUE,FALSE,5,TRUE,FALSE,TRUE,TRUE,TRUE,"","criteria",FALSE,"within-dataset"
"lcRxwrJ3lRJxiJBg97T","LC700608d712e480226f683ca4687400b9","paleo2measurement1","temperature","degC","pollen","pollen",TRUE,"EtangdelaGruere.RoosBarraclough.2002","Peat",47.2406,7.05,1005,"Etang de la Gruere","1.0.6",1,"Jul","positive","air@surface",38,30,1990,1960,40,1960,FALSE,TRUE,FALSE,TRUE,TRUE,FALSE,31,TRUE,FALSE,TRUE,TRUE,TRUE,"","criteria",FALSE,"within-dataset"
"lcRxYUWBO4jZS736SqM","LC8dc17c6bf04d3776046a75ae0e0fd54a","paleo1measurement1","temperature","degC","pollen","pollen",FALSE,"LacNoir.Paquette.2013","LakeSediment",45.777,-75.1359,176,"Lac Noir","1.0.3",1,"Jul","positive","air@surface",91,930,2000,1070,10,1070,FALSE,TRUE,FALSE,TRUE,TRUE,FALSE,3,TRUE,FALSE,TRUE,TRUE,TRUE,"","criteria",FALSE,"within-dataset"
"lcRxZfSnLQ0sFeA9woe","LC83fb85087068ba58f43dc8f5c35e3ed3","paleo1measurement1","temperature","degC","pollen","pollen",FALSE,"ChesapeakeBayRhodeRiver.Baucom.2000","MarineSediment",38.8864,-76.3947,0,"Chesapeake Bay, Rhode River","1.0.3",1,"Annual","positive","air@surface",79,10,2030,2020,30,2020,FALSE,TRUE,FALSE,TRUE,TRUE,FALSE,9,TRUE,FALSE,TRUE,TRUE,TRUE,"","criteria",FALSE,"within-dataset"
"lcRxzPctZfbqVn0IBMi","LC6f993ff5a55b1140469f76b3a61c022c","paleo1measurement1","temperature","degC","pollen","pollen",FALSE,"MiddleNorthCoombe.Fyfe.2004","Peat",50.9339,-3.4333,122,"Middle North Coombe","1.0.3",1,"Annual","positive","air@surface",28,240,2000,1760,50,1760,FALSE,TRUE,FALSE,TRUE,TRUE,FALSE,4,TRUE,FALSE,TRUE,TRUE,TRUE,"","criteria",FALSE,"within-dataset"
"lcRY4FPdhStS3McOMdr","LCbf5b81c1ba95409515abcb35b85a4507","paleo1measurement1","temperature","degC","pollen","pollen",FALSE,"Lacawac.Russell.1993","LakeSediment",41.3821,-75.2913,443,"Lacawac","1.0.3",1,"Annual","positive","air@surface",26,1250,1980,730,20,730,FALSE,TRUE,FALSE,TRUE,TRUE,FALSE,12,TRUE,FALSE,TRUE,TRUE,TRUE,"","criteria",FALSE,"within-dataset"
"lcRY7Hz1GgA2UqzJFC3","LCb35beb548a760ab71b45be2f03bbd596","paleo1measurement1","temperature","degC","pollen","pollen",TRUE,"MudCreekSite1.Willard.1997","Peat",25.2197,-80.6047,5,"Mud Creek Site 1","1.0.3",1,"Annual","positive","air@surface",38,130,2010,1880,30,1880,FALSE,TRUE,FALSE,TRUE,TRUE,FALSE,5,TRUE,FALSE,TRUE,TRUE,TRUE,"","criteria",TRUE,NA
"lcRy9SpGG0dEFB4IGjq","LC6610c4e4625f88c5de2c203e6b0a36e5","paleo1measurement1","temperature","degC","pollen","pollen",FALSE,"PathLake.Neil.2014Legacy","LakeSediment",43.872,-64.9288,10,"Path Lake","1.0.5",1,"Jul","positive","air@surface",59,20,1990,1970,30,1970,FALSE,TRUE,FALSE,TRUE,TRUE,FALSE,6,TRUE,FALSE,TRUE,TRUE,TRUE,"","criteria",FALSE,"within-dataset"
"lcRYa54dVICftXaf9Pi","LCb35beb548a760ab71b45be2f03bbd596","paleo1measurement1","temperature","degC","pollen","pollen",FALSE,"MudCreekSite1.Willard.1997","Peat",25.2197,-80.6047,5,"Mud Creek Site 1","1.0.3",1,"Annual","positive","air@surface",38,130,2010,1880,30,1880,FALSE,TRUE,FALSE,TRUE,TRUE,FALSE,5,TRUE,FALSE,TRUE,TRUE,TRUE,"","criteria",FALSE,"within-dataset"
"lcRYaSGxD4kPm5rPRDM","LC1ed4cbd5bf117afdc0bce084d7d6d4c0","paleo1measurement1","temperature","degC","pollen","pollen",FALSE,"NorthFlatLake.Hart.2009","LakeSediment",53.6115,-106.4952,522,"North Flat Lake","1.0.3",1,"Annual","positive","air@surface",57,170,1970,1800,30,1800,FALSE,TRUE,FALSE,TRUE,TRUE,FALSE,5,TRUE,FALSE,TRUE,TRUE,TRUE,"","criteria",FALSE,"within-dataset"
"lcRYAYtIVINxAdgulfq","LC0a1ac219c71a6b944a38aeb5030485ed","paleo1measurement1","temperature","degC","pollen","pollen",FALSE,"Upskeraseliniste.Speranza.2000","Peat",50.7366,15.7084,1425,"Upske raseliniste","1.0.3",1,"Jul","positive","air@surface",50,250,1990,1740,30,1740,FALSE,TRUE,FALSE,TRUE,TRUE,FALSE,7,TRUE,FALSE,TRUE,TRUE,TRUE,"","criteria",FALSE,"within-dataset"
"lcRYb2Ufk2pmDgdxUey","LCfb8f08ba4796986d0e87f8b0dea026e4","paleo1measurement1","temperature","degC","pollen","pollen",FALSE,"Labradillosmire.RoblesLopez.2017","Peat",40.3447,-4.5706,1460,"Labradillos mire","1.0.3",1,"Jul","positive","air@surface",25,490,1980,1490,50,1490,FALSE,TRUE,FALSE,TRUE,TRUE,FALSE,5,TRUE,FALSE,TRUE,TRUE,TRUE,"","criteria",FALSE,"within-dataset"
"lcRYCHz7SkAOAUnfnwd","LCd982ea989d8a7fff48a48af9739f9ad4","paleo1measurement1","temperature","degC","pollen","pollen",FALSE,"Songjiang.Zhang.2008","FluvialSediment",50.4,80.4667,210,"Songjiang","1.0.3",1,"Annual","positive","air@surface",12,1210,1990,780,50,780,FALSE,TRUE,FALSE,TRUE,TRUE,FALSE,5,TRUE,FALSE,TRUE,TRUE,TRUE,"","criteria",FALSE,"within-dataset"
"lcRYCZr3ACrynJtR8EO","LC7733a2983fe6b78f86bf2ecfb95898ea","paleo1measurement1","temperature","degC","pollen","pollen",FALSE,"SharkeyLake.Camill.2003","LakeSediment",44.5924,-93.4132,305,"Sharkey Lake","1.0.8",1,"Jul","positive","air@surface",10,250,1140,890,50,890,FALSE,TRUE,FALSE,TRUE,TRUE,FALSE,13,TRUE,FALSE,TRUE,TRUE,TRUE,"","criteria",FALSE,"within-dataset"
"lcRyeuWJ3qK3ZoOwnaW","LCb6ded9f9353b2ddbeda50d5ba3c3f827","paleo1measurement1","temperature","degC","pollen","pollen",FALSE,"GrandMez.McGhee.1975","LakeSediment",46.7461,1.4425,123,"Grand Mez","1.0.3",1,"Jul","positive","air@surface",16,1030,1980,950,50,950,FALSE,TRUE,FALSE,TRUE,TRUE,FALSE,2,TRUE,FALSE,TRUE,TRUE,TRUE,"","criteria",FALSE,"within-dataset"
"lcRYgGLLFYb6ZriHAss","LCadcfe8536795f68ee6e81530b65fa188","paleo1measurement1","temperature","degC","pollen","pollen",FALSE,"PenaNegra.AbelSchaad.2013","Peat",40.3347,-5.7922,1258,"Pena Negra","1.0.3",1,"Jul","positive","air@surface",44,130,2010,1880,40,1880,FALSE,TRUE,FALSE,TRUE,TRUE,FALSE,7,TRUE,FALSE,TRUE,TRUE,TRUE,"","criteria",FALSE,"within-dataset"
"lcRYGYINSF1MEhdYZ9h","LC5daff52ef499c7d176b6a7290453297a","paleo1measurement1","temperature","degC","pollen","pollen",FALSE,"Valdeyernosbog.DoradoValino.2014","Peat",39.4411,-4.0964,850,"Valdeyernos bog","1.0.3",1,"Jul","positive","air@surface",22,640,2010,1370,20,1370,FALSE,TRUE,FALSE,TRUE,TRUE,FALSE,4,TRUE,FALSE,TRUE,TRUE,TRUE,"","criteria",FALSE,"within-dataset"
"lcRYi9pY5Mx4yIBKxxU","LC6610c4e4625f88c5de2c203e6b0a36e5","paleo1measurement1","temperature","degC","pollen","pollen",FALSE,"PathLake.Neil.2014Legacy","LakeSediment",43.872,-64.9288,10,"Path Lake","1.0.5",1,"Annual","positive","air@surface",59,20,1990,1970,30,1970,FALSE,TRUE,FALSE,TRUE,TRUE,FALSE,6,TRUE,FALSE,TRUE,TRUE,TRUE,"","criteria",FALSE,"within-dataset"
"lcRyj9e96lJtb1ejG09","LC1454835ba639883042bd6f245776971e","paleo1measurement1","temperature","degC","pollen","pollen",TRUE,"WawonaMeadow.Anderson.2013","Peat",37.5286,-119.6454,1275,"Wawona Meadow","1.0.3",1,"Jul","positive","air@surface",18,1290,1980,690,30,690,FALSE,TRUE,FALSE,TRUE,TRUE,FALSE,6,TRUE,FALSE,TRUE,TRUE,TRUE,"","criteria",FALSE,"within-dataset"
"lcRYjsPuuvEKHexl3dK","LC3448e48d8bb9bd8cde69f553c589e259","paleo1measurement1","temperature","degC","pollen","pollen",FALSE,"MinnesotaPoint.Nurse.2017","FluvialSediment",46.7334,-92.065,184,"Minnesota Point","1.0.3",1,"Annual","positive","air@surface",20,1210,2050,840,40,840,FALSE,TRUE,FALSE,TRUE,TRUE,FALSE,15,TRUE,FALSE,TRUE,TRUE,TRUE,"","criteria",FALSE,"within-dataset"
"lcRYl2DOx2ioonuevQU","LC62c17b15ddf1ec2a989fb6807ac54e38","paleo1measurement1","temperature","degC","pollen","pollen",FALSE,"WarePond.Oswald.2018","LakeSediment",42.4824,-70.8822,3,"Ware Pond","1.0.5",1,"Jul","positive","air@surface",33,50,2050,2000,40,2000,FALSE,TRUE,FALSE,TRUE,TRUE,FALSE,10,TRUE,FALSE,TRUE,TRUE,TRUE,"","criteria",FALSE,"within-dataset"
"lcRyL8qGvlkBhoSDb2z","LCefec5340480560765e600c36699350f9","paleo1measurement1","temperature","degC","pollen","pollen",FALSE,"LakeKolmilatrask.SarmajaKorjonen.1991","LakeSediment",60.2917,20.1414,12,"Lake Kolmilatrask","1.0.3",1,"Annual","positive","air@surface",48,30,1980,1950,40,1950,FALSE,TRUE,FALSE,TRUE,TRUE,FALSE,4,TRUE,FALSE,TRUE,TRUE,TRUE,"","criteria",FALSE,"within-dataset"
"lcRYLwdGqJTHgAsTb10","LC3b56f6d622eecc888b6ee98702536d3c","paleo1measurement1","temperature","degC","pollen","pollen",TRUE,"LagunaBiajaca.CastillaBeltran.2018","FluvialSediment",19.5909,-71.0865,78,"Laguna Biajaca","1.0.3",1,"Annual","positive","air@surface",42,960,1960,1000,20,1000,FALSE,TRUE,FALSE,TRUE,TRUE,FALSE,6,TRUE,FALSE,TRUE,TRUE,TRUE,"","criteria",TRUE,NA
"lcRYNAnmQWrFT4PqprG","LC79b5b45a7fe015c7fa2ded7e1cc5e546","paleo1measurement1","temperature","degC","pollen","pollen",FALSE,"WaterConservationArea2ASite2SiteF1.Willard.1997","Peat",26.3597,-80.3706,5,"Water Conservation Area 2A, Site 2 (Site F1)","1.0.3",1,"Annual","positive","air@surface",26,10,2060,2050,40,2050,FALSE,TRUE,FALSE,TRUE,TRUE,FALSE,7,TRUE,FALSE,TRUE,TRUE,TRUE,"","criteria",FALSE,"within-dataset"
"lcRYNPiO8wW5wWEsqMe","LCfa9dc1860d8ac054ef554fa21bcfdf9c","paleo1measurement1","temperature","degC","pollen","pollen",FALSE,"Zhoulao.Gu.2004","LakeSediment",29.8167,112.8833,31,"Zhoulao","1.0.4",1,"Annual","positive","air@surface",15,20,660,640,40,640,FALSE,TRUE,FALSE,TRUE,TRUE,FALSE,3,TRUE,FALSE,TRUE,TRUE,TRUE,"","criteria",FALSE,"within-dataset"
"lcRYnUcgCgmP2AZHrMs","LCc1d8fb2de1e1d62af21cff9ed8acd51e","paleo1measurement1","temperature","degC","pollen","pollen",TRUE,"OtterPond.Fuller.1998","LakeSediment",42.6549,-72.5332,107,"Otter Pond","1.0.3",1,"Jul","positive","air@surface",52,1150,1990,840,20,840,FALSE,TRUE,FALSE,TRUE,TRUE,FALSE,4,TRUE,FALSE,TRUE,TRUE,TRUE,"","criteria",FALSE,"within-dataset"
"lcRyNX3hmIhWMIf8YOj","LCc0330cab7fbaca277fe6aecbcfbb9dcd","paleo1measurement1","temperature","degC","pollen","pollen",TRUE,"PiermontMarsh.Pederson.2005","Peat",41.0276,-73.9084,0,"Piermont Marsh","1.0.3",1,"Annual","positive","air@surface",51,690,2010,1320,20,1320,FALSE,TRUE,FALSE,TRUE,TRUE,FALSE,9,TRUE,FALSE,TRUE,TRUE,TRUE,"","criteria",TRUE,NA
"lcRYnXTb3jiFVHVGiOA","LC3aed9bc8856e726b3ffcbdc54e30e602","paleo1measurement1","temperature","degC","pollen","pollen",FALSE,"Diheen.author.1111","LakeSediment",52.3695,-8.1707,554,"Diheen","1.0.3",1,"Annual","positive","air@surface",47,1180,1960,780,10,780,FALSE,TRUE,FALSE,TRUE,TRUE,FALSE,8,TRUE,FALSE,TRUE,TRUE,TRUE,"","criteria",FALSE,"within-dataset"
"lcRyOpcW4lpGwzug6cx","LC7d469c3e8ffb0a645fcce87cd18b9a68","paleo1measurement1","temperature","degC","pollen","pollen",TRUE,"ChesapeakeBayPTMC32.Willard.2005","MarineSediment",38.0267,-76.2197,0,"Chesapeake Bay (PTMC3-2)","1.0.5",1,"Annual","positive","air@surface",60,60,2030,1970,20,1970,FALSE,TRUE,FALSE,TRUE,TRUE,FALSE,6,TRUE,FALSE,TRUE,TRUE,TRUE,"","criteria",TRUE,NA
"lcRyPlxU66rNRvT7U2u","LC99bfc682141527451cd86064f4065a8a","paleo1measurement1","temperature","degC","pollen","pollen",FALSE,"BarchampeLake.author.1111","LakeSediment",30.6222,-83.2539,34,"Barchampe Lake","1.0.4",1,"Jul","positive","air@surface",41,110,1980,1870,30,1870,FALSE,TRUE,FALSE,TRUE,TRUE,FALSE,2,TRUE,FALSE,TRUE,TRUE,TRUE,"","criteria",FALSE,"within-dataset"
"lcRyRHw0ZrhNaJm8aLC","LCd57fb6883cd7fe71f1c2871d24b13fff","paleo1measurement1","temperature","degC","pollen","pollen",FALSE,"Ballyduff.Stefanini.2008","Peat",53.0822,-7.992,60,"Ballyduff","1.0.5",1,"Jul","positive","air@surface",62,60,2000,1940,20,1940,FALSE,TRUE,FALSE,TRUE,TRUE,FALSE,39,TRUE,FALSE,TRUE,TRUE,TRUE,"","criteria",FALSE,"within-dataset"
"lcRyRxuYzfSg1Gfp2xf","LC2528ae10087abb06caeca58f8079389a","paleo1measurement1","temperature","degC","pollen","pollen",TRUE,"MaksimkinYar.Blyakharchuk.1980","Peat",58.6952,86.7855,150,"Maksimkin Yar","1.0.3",1,"Annual","positive","air@surface",10,680,1940,1260,90,1260,FALSE,TRUE,FALSE,TRUE,FALSE,FALSE,4,FALSE,FALSE,TRUE,TRUE,TRUE,"resolution;chronology","data-poor exception",TRUE,NA
"lcRyRYG7mJx4rq7wbI0","LC8dc17c6bf04d3776046a75ae0e0fd54a","paleo1measurement1","temperature","degC","pollen","pollen",FALSE,"LacNoir.Paquette.2013","LakeSediment",45.777,-75.1359,176,"Lac Noir","1.0.3",1,"Annual","positive","air@surface",91,930,2000,1070,10,1070,FALSE,TRUE,FALSE,TRUE,TRUE,FALSE,3,TRUE,FALSE,TRUE,TRUE,TRUE,"","criteria",FALSE,"within-dataset"
"lcRySC9kE0LDMTd99yQ","LCb6ded9f9353b2ddbeda50d5ba3c3f827","paleo1measurement1","temperature","degC","pollen","pollen",TRUE,"GrandMez.McGhee.1975","LakeSediment",46.7461,1.4425,123,"Grand Mez","1.0.3",1,"Annual","positive","air@surface",16,1030,1980,950,50,950,FALSE,TRUE,FALSE,TRUE,TRUE,FALSE,2,TRUE,FALSE,TRUE,TRUE,TRUE,"","criteria",TRUE,NA
"lcRYTaZ7KIdZkjq5l7r","LCda6697a1b768116bc53fd21daff63253","paleo1measurement1","temperature","degC","pollen","pollen",FALSE,"ChesapeakeBayMD992209.Willard.2005","MarineSediment",38.8861,-76.3944,0,"Chesapeake Bay (MD99-2209)","1.0.7",1,"Annual","positive","air@surface",51,240,1860,1620,30,1620,FALSE,TRUE,FALSE,TRUE,TRUE,FALSE,21,TRUE,FALSE,TRUE,TRUE,TRUE,"","criteria",FALSE,"within-dataset"
"lcRYuoCx9ESYHkopfdP","LC2f1c19abf8440428bc98b1bd1cabf58b","paleo1measurement1","temperature","degC","pollen","pollen",FALSE,"QigaiNuur.Sun.2013","LakeSediment",72.3989,102.2886,60,"Qigai Nuur","1.1.0",1,"Jul","positive","air@surface",83,10,1970,1960,20,1960,FALSE,TRUE,FALSE,TRUE,TRUE,FALSE,18,TRUE,FALSE,TRUE,TRUE,TRUE,"","criteria",FALSE,"within-dataset"
"lcRyWFNa7hKR5gULIUM","LCb6ded9f9353b2ddbeda50d5ba3c3f827","paleo1measurement1","temperature","degC","pollen","pollen",FALSE,"GrandMez.McGhee.1975","LakeSediment",46.7461,1.4425,123,"Grand Mez","1.0.3",1,"Annual","positive","air@surface",16,1030,1980,950,50,950,FALSE,TRUE,FALSE,TRUE,TRUE,FALSE,2,TRUE,FALSE,TRUE,TRUE,TRUE,"","criteria",FALSE,"within-dataset"
"lcRyXJLeZUyr0UYfZ2S","LC0b2367fe15f0dd5b5fcef3c9e17d135f","paleo1measurement1","temperature","degC","pollen","pollen",FALSE,"Lavare.Barbier.1999","Peat",48.4333,-0.9167,205,"Lavare","1.0.3",1,"Annual","positive","air@surface",31,20,1920,1900,50,1900,FALSE,TRUE,FALSE,TRUE,TRUE,FALSE,6,TRUE,FALSE,TRUE,TRUE,TRUE,"","criteria",FALSE,"within-dataset"
"lcRZ2olGsAHiQB8MqFK","LC7e21f73bddb282564646ff60618e9d6a","paleo1measurement1","temperature","degC","pollen","pollen",TRUE,"SonnenbergerMoor.Willutzki.1962","Peat",51.7663,10.5135,780,"Sonnenberger Moor","1.0.3",1,"Annual","positive","air@surface",47,60,1990,1930,35,1930,FALSE,TRUE,FALSE,TRUE,TRUE,FALSE,6,TRUE,FALSE,TRUE,TRUE,TRUE,"","criteria",TRUE,NA
"lcRz2QPxdJ7dgwdhQOz","LC1ccf114d1af4b36060b02052511e485e","paleo1measurement1","temperature","degC","pollen","pollen",FALSE,"MolesChamber.Fyfe.2012","Peat",51.1394,-3.8328,421,"Moles Chamber","1.0.3",1,"Jul","positive","air@surface",47,80,1920,1840,30,1840,FALSE,TRUE,FALSE,TRUE,TRUE,FALSE,6,TRUE,FALSE,TRUE,TRUE,TRUE,"","criteria",FALSE,"within-dataset"
"lcRZ3MELqKZa5OxdBXA","LC9cdc16204028d3973cd98ca12fcff7d3","paleo1measurement1","temperature","degC","pollen","pollen",FALSE,"WaccamawRiverButlerIslandModeratelySaltImpacted.Jones.2017","Peat",33.4228,-79.208,0,"Waccamaw River, Butler Island, Moderately Salt Impacted","1.0.3",1,"Annual","positive","air@surface",36,690,2020,1330,30,1330,FALSE,TRUE,FALSE,TRUE,TRUE,FALSE,6,TRUE,FALSE,TRUE,TRUE,TRUE,"","criteria",FALSE,"within-dataset"
"lcRZ3X4hLje5mHOZnJv","LC075497627828ddb5de3fe27528a25653","paleo1measurement1","temperature","degC","pollen","pollen",FALSE,"LagodeAjo.Allen.1996Legacy","LakeSediment",43.0417,-6.1388,1570,"Lago de Ajo","1.0.3",1,"Annual","positive","air@surface",78,140,1980,1840,20,1840,FALSE,TRUE,FALSE,TRUE,TRUE,FALSE,7,TRUE,FALSE,TRUE,TRUE,TRUE,"","criteria",FALSE,"within-dataset"
"lcRz7BzfKYUlzDHokrl","LC6f94e5cfb8965877650f244bd869ac37","paleo1measurement1","temperature","degC","pollen","floral assemblage",FALSE,"StewartBog.JimenezMoreno.2008","Peat",35.832,-105.722,NA,"Stewart Bog","1.0.10",1,"Jul","positive","air@surface",37,60,1980,1920,35,1920,FALSE,TRUE,FALSE,TRUE,TRUE,FALSE,12,TRUE,FALSE,TRUE,TRUE,TRUE,"","criteria",FALSE,"within-dataset"
"lcRz7j4rgTYrCtoG0pk","LCde9cab374273819846f5cc5c33fd2500","paleo1measurement1","temperature","degC","pollen","pollen",TRUE,"ChesapeakeBayPotomacRiver.Willard.2003","FluvialSediment",38.0269,-76.22,0,"Chesapeake Bay, Potomac River","1.0.3",1,"Jul","positive","air@surface",61,80,1970,1890,20,1890,FALSE,TRUE,FALSE,TRUE,TRUE,FALSE,6,TRUE,FALSE,TRUE,TRUE,TRUE,"","criteria",FALSE,"within-dataset"
"lcRZ7sSkyphbImGeqoH","LC74158e6ab9b15b9cfb3efac63ecd2358","paleo1measurement1","temperature","degC","pollen","pollen",FALSE,"UpperSouthBranchPond.Anderson.1986","LakeSediment",46.0901,-68.8933,300,"Upper South Branch Pond","1.0.3",1,"Jul","positive","air@surface",22,220,2010,1790,40,1790,FALSE,TRUE,FALSE,TRUE,TRUE,FALSE,5,TRUE,FALSE,TRUE,TRUE,TRUE,"","criteria",FALSE,"within-dataset"
"lcRZ9czJMuvvGU4rGIc","LC72f8928ba06f70632c84cc15f6dd95af","paleo1measurement1","temperature","degC","pollen","pollen",TRUE,"LilyLake.Hotchkiss.2007","LakeSediment",45.901,-92.273,297,"Lily Lake","1.0.4",1,"Jul","positive","air@surface",33,130,2030,1900,50,1900,FALSE,TRUE,FALSE,TRUE,TRUE,FALSE,13,TRUE,FALSE,TRUE,TRUE,TRUE,"","criteria",FALSE,"within-dataset"
"lcRzaeEZdZMOeoSEay5","LC613b7ed34faf1123dd056fac38de8464","paleo1measurement1","temperature","degC","pollen","pollen",TRUE,"OumiExposure.Anderson.2002","Peat",48.2167,138.4,990,"Oumi Exposure","1.0.3",1,"Annual","positive","air@surface",24,10,1660,1650,40,1650,FALSE,TRUE,FALSE,TRUE,TRUE,FALSE,5,TRUE,FALSE,TRUE,TRUE,TRUE,"","criteria",TRUE,NA
"lcRZBBVIqC4VXDt5QRE","LC388ad7dacaa8ba591a83289ef3ae5db3","paleo1measurement1","temperature","degC","pollen","pollen",FALSE,"CharcodaCandieira.VanderKnaap.1984","LakeSediment",40.3417,-7.5764,1409,"Charco da Candieira","1.0.8",1,"Annual","positive","air@surface",48,100,2010,1910,20,1910,FALSE,TRUE,FALSE,TRUE,TRUE,FALSE,30,TRUE,FALSE,TRUE,TRUE,TRUE,"","criteria",FALSE,"within-dataset"
"lcRzBwJTOxBTcI1yy0Q","LCd982ea989d8a7fff48a48af9739f9ad4","paleo1measurement1","temperature","degC","pollen","pollen",FALSE,"Songjiang.Zhang.2008","FluvialSediment",50.4,80.4667,210,"Songjiang","1.0.3",1,"Jul","positive","air@surface",12,1210,1990,780,50,780,FALSE,TRUE,FALSE,TRUE,TRUE,FALSE,5,TRUE,FALSE,TRUE,TRUE,TRUE,"","criteria",FALSE,"within-dataset"
"lcRzCQLPQRroXg4B57e","LC62c17b15ddf1ec2a989fb6807ac54e38","paleo1measurement1","temperature","degC","pollen","pollen",FALSE,"WarePond.Oswald.2018","LakeSediment",42.4824,-70.8822,3,"Ware Pond","1.0.5",1,"Jul","positive","air@surface",33,50,2050,2000,40,2000,FALSE,TRUE,FALSE,TRUE,TRUE,FALSE,10,TRUE,FALSE,TRUE,TRUE,TRUE,"","criteria",FALSE,"within-dataset"
"lcRzcUKOiyQaBaSVqoZ","LCd17c5dc02a2ae13ace50ac717f0f6cff","paleo1measurement1","temperature","degC","pollen","pollen",FALSE,"Litzelsee.Rosch.2016","LakeSediment",47.7679,8.9296,413,"Litzelsee","1.0.3",1,"Jul","positive","air@surface",113,40,2080,2040,10,2040,FALSE,TRUE,FALSE,TRUE,TRUE,FALSE,29,TRUE,FALSE,TRUE,TRUE,TRUE,"","criteria",FALSE,"within-dataset"
"lcRZdcQ2uDUIby4WpEG","LC91c1477c1244b5023888be34c6ab138a","paleo1measurement1","temperature","degC","pollen","pollen",FALSE,"Ortok.Beer.2008","LakeSediment",41.2456,73.2645,1786,"Ortok","1.0.3",1,"Annual","positive","air@surface",24,1100,1990,890,40,890,FALSE,TRUE,FALSE,TRUE,TRUE,FALSE,4,TRUE,FALSE,TRUE,TRUE,TRUE,"","criteria",FALSE,"within-dataset"
"lcRzEH0LIHAml6iSe09","LC0776497acf2baff80502e5b086e5cd70","paleo1measurement1","temperature","degC","pollen","pollen",TRUE,"KettleLake.Brown.2005","LakeSediment",48.6071,-103.624,605,"Kettle Lake","1.0.5",1,"Annual","positive","air@surface",162,10,2020,2010,10,2010,FALSE,TRUE,FALSE,TRUE,TRUE,FALSE,45,TRUE,FALSE,TRUE,TRUE,TRUE,"","criteria",TRUE,NA
"lcRzEN9iryGhFfpqyrE","LC3057f0d13fc379dacc99be8bc9c7a5af","paleo1measurement1","temperature","degC","pollen","pollen",FALSE,"LoxahatcheeNationalWildlifeRefugeSite1EPASite7.Willard.1997","Peat",26.4811,-80.4156,5,"Loxahatchee National Wildlife Refuge Site 1 (EPA Site 7)","1.0.3",1,"Annual","positive","air@surface",28,510,1990,1480,50,1480,FALSE,TRUE,FALSE,TRUE,TRUE,FALSE,5,TRUE,FALSE,TRUE,TRUE,TRUE,"","criteria",FALSE,"within-dataset"
"lcRZewNKyejCEdg1rfF","LC5a3f7a1b6df57cf550e3fee0c1a9dbd5","paleo1measurement1","temperature","degC","pollen","pollen",FALSE,"ChickareeLake.Dunnette.2014","LakeSediment",40.3341,-105.8411,2796,"Chickaree Lake","1.0.5",1,"Annual","positive","air@surface",41,50,2010,1960,50,1960,FALSE,TRUE,FALSE,TRUE,TRUE,FALSE,38,TRUE,FALSE,TRUE,TRUE,TRUE,"","criteria",FALSE,"within-dataset"
"lcRzFmGp8jTKQq3alwG","LCe90679c1b5177a9cda38a41661c97057","paleo1measurement1","temperature","degC","pollen","pollen",FALSE,"CranberryLake.author.1111","LakeSediment",44.1,-78.1,170,"Cranberry Lake","1.0.4",1,"Annual","positive","air@surface",35,30,1990,1960,50,1960,FALSE,TRUE,FALSE,TRUE,TRUE,FALSE,7,TRUE,FALSE,TRUE,TRUE,TRUE,"","criteria",FALSE,"within-dataset"
"lcRzFoOdr0uMAlKWc4x","LC7d469c3e8ffb0a645fcce87cd18b9a68","paleo1measurement1","temperature","degC","pollen","pollen",FALSE,"ChesapeakeBayPTMC32.Willard.2005","MarineSediment",38.0267,-76.2197,0,"Chesapeake Bay (PTMC3-2)","1.0.5",1,"Annual","positive","air@surface",60,60,2030,1970,20,1970,FALSE,TRUE,FALSE,TRUE,TRUE,FALSE,6,TRUE,FALSE,TRUE,TRUE,TRUE,"","criteria",FALSE,"within-dataset"
"lcRzHACqhN0BpJtno25","LCe51e45db650fef1ceeb069a5ba53dc15","paleo1measurement1","temperature","degC","pollen","pollen",TRUE,"LakeBillyakh.Muller.2009","LakeSediment",65.2891,126.7699,340,"Lake Billyakh","1.1.0",1,"Jul","positive","air@surface",16,200,2010,1810,70,1810,FALSE,TRUE,FALSE,TRUE,FALSE,FALSE,8,FALSE,FALSE,TRUE,TRUE,TRUE,"resolution;chronology","data-poor exception",FALSE,"within-dataset"
"lcRzhYmnRifUD4jlNkb","LC18049d27c0d4b770f582f1c77f8e3fd9","paleo1measurement1","temperature","degC","pollen","pollen",FALSE,"LilyPond.Foster.2002","LakeSediment",42.4179,-72.3469,303,"Lily Pond","1.0.3",1,"Annual","positive","air@surface",74,110,2000,1890,20,1890,FALSE,TRUE,FALSE,TRUE,TRUE,FALSE,8,TRUE,FALSE,TRUE,TRUE,TRUE,"","criteria",FALSE,"within-dataset"
"lcRzI0insZbK9cqui5A","LC6eb19cdb7f91d967c824af57cd324c5d","paleo1measurement1","temperature","degC","pollen","pollen",FALSE,"AkTerek.Beer.2008","Peat",41.2815,72.8343,1748,"Ak Terek","1.0.3",1,"Jul","positive","air@surface",12,1060,2030,970,50,970,FALSE,TRUE,FALSE,TRUE,TRUE,FALSE,2,TRUE,FALSE,TRUE,TRUE,TRUE,"","criteria",FALSE,"within-dataset"
"lcRzikcnrc41O2njxdR","LCf104d54d7480329ff23d1ad5362a18d1","paleo1measurement1","temperature","degC","pollen","pollen",FALSE,"KleinenMochowsee.Jahns.1999","LakeSediment",51.9964,14.1989,49,"Kleinen Mochowsee","1.0.3",1,"Annual","positive","air@surface",28,220,1960,1740,50,1740,FALSE,TRUE,FALSE,TRUE,TRUE,FALSE,4,TRUE,FALSE,TRUE,TRUE,TRUE,"","criteria",FALSE,"within-dataset"
"lcRZIQVhsavNT8bQswu","LCe51e45db650fef1ceeb069a5ba53dc15","paleo1measurement1","temperature","degC","pollen","pollen",FALSE,"LakeBillyakh.Muller.2009","LakeSediment",65.2891,126.7699,340,"Lake Billyakh","1.1.0",1,"Jul","positive","air@surface",16,200,2010,1810,70,1810,FALSE,TRUE,FALSE,TRUE,FALSE,FALSE,8,FALSE,FALSE,TRUE,TRUE,TRUE,"resolution;chronology","data-poor exception",FALSE,"within-dataset"
"lcRZjAYuMndNo3y9DdF","LC57d1f10fc7c703dc0bc92a0190eb4116","paleo1measurement1","temperature","degC","pollen","pollen",FALSE,"LakeBlatisto.vvanHuis.2013","LakeSediment",41.6213,24.6781,1540,"Lake Blatisto","1.0.3",1,"Jul","positive","air@surface",119,450,2010,1560,10,1560,FALSE,TRUE,FALSE,TRUE,TRUE,FALSE,2,TRUE,FALSE,TRUE,TRUE,TRUE,"","criteria",FALSE,"within-dataset"
"lcRZjGH0zpCEFA5Efu2","LC4901aeddde5d6f5247f38492e2bf6c26","paleo1measurement1","temperature","degC","pollen","pollen",FALSE,"LagodiOriglio.Tinner.1999","LakeSediment",46.0515,8.9433,416,"Lago di Origlio","1.0.6",1,"Annual","positive","air@surface",35,30,2000,1970,40,1970,FALSE,TRUE,FALSE,TRUE,TRUE,FALSE,26,TRUE,FALSE,TRUE,TRUE,TRUE,"","criteria",FALSE,"within-dataset"
"lcRzJKOIcOrboc0c4Xh","LCe854dd479471e325b1d07f2f917d9b75","paleo1measurement1","temperature","degC","pollen","pollen",FALSE,"Carquefou.Cyprien.2001","Peat",47.3092,-1.4769,11,"Carquefou","1.0.7",1,"Jul","positive","air@surface",23,920,1930,1010,40,1010,FALSE,TRUE,FALSE,TRUE,TRUE,FALSE,3,TRUE,FALSE,TRUE,TRUE,TRUE,"","criteria",FALSE,"within-dataset"
"lcRzk1KRDgqk7RHeObJ","LCf290b226271e9b5946b40d39aa3b8ce4","paleo1measurement1","temperature","degC","pollen","pollen",FALSE,"AsiGonia.Atherden.1999","Peat",35.2489,24.2782,780,"Asi Gonia","1.0.3",1,"Jul","positive","air@surface",92,580,1990,1410,20,1410,FALSE,TRUE,FALSE,TRUE,TRUE,FALSE,3,FALSE,FALSE,TRUE,TRUE,TRUE,"chronology","data-poor exception",FALSE,"within-dataset"
"lcRzmMMVCrMmfboidQf","LC05b2b0a5a9a299458771f6e66c980e79","paleo1measurement1","temperature","degC","pollen","floral assemblage",TRUE,"Loddigsee.Jahns.2007","LakeSediment",53.4333,11.85,43,"Loddigsee","1.0.4",1,"Annual","positive","air@surface",57,40,1990,1950,30,1950,FALSE,TRUE,FALSE,TRUE,TRUE,FALSE,13,TRUE,FALSE,TRUE,TRUE,TRUE,"","criteria",TRUE,NA
"lcRZN5oQvSwSmPuvjbX","LCaf69afa58b40a57344a5505e0aade5d3","paleo1measurement1","temperature","degC","pollen","pollen",FALSE,"Pezou.Cyprien.2006","FluvialSediment",47.8708,1.1508,87,"Pezou","1.0.3",1,"Annual","positive","air@surface",12,1460,2000,540,50,540,FALSE,TRUE,FALSE,TRUE,TRUE,FALSE,7,TRUE,FALSE,TRUE,TRUE,TRUE,"","criteria",FALSE,"within-dataset"
"lcRznkbNlZQ5EBQt4f8","LC35a486413b4b9991184a2fbd56495b76","paleo1measurement1","temperature","degC","pollen","pollen",FALSE,"MindenBog.Booth.2003","Peat",43.6037,-82.8639,239,"Minden Bog","1.0.3",1,"Jul","positive","air@surface",67,10,1970,1960,10,1960,FALSE,TRUE,FALSE,TRUE,TRUE,FALSE,11,TRUE,FALSE,TRUE,TRUE,TRUE,"","criteria",FALSE,"within-dataset"
"lcRzPav6osdcmubkUcb","LC54f06bd6bcf83fb313c31660e991861a","paleo1measurement1","temperature","degC","pollen","pollen",FALSE,"AltesMoorWachel.Dorfler.1989","Peat",53.4373,8.8678,17,"Altes Moor Wachel","1.0.5",1,"Jul","positive","air@surface",54,60,1980,1920,20,1920,FALSE,TRUE,FALSE,TRUE,TRUE,FALSE,7,TRUE,FALSE,TRUE,TRUE,TRUE,"","criteria",FALSE,"within-dataset"
"lcRzQ9kQXKouiXTJ25Z","LC01b139d1e37ee2fd9c3c2bf7480d9de1","paleo1measurement1","temperature","degC","pollen","pollen",TRUE,"SehestedterAussendeichsmoor.Behre.2005","Peat",53.4389,8.3071,4,"Sehestedter Aussendeichsmoor","1.0.3",1,"Jul","positive","air@surface",84,10,1980,1970,20,1970,FALSE,TRUE,FALSE,TRUE,TRUE,FALSE,9,TRUE,FALSE,TRUE,TRUE,TRUE,"","criteria",FALSE,"within-dataset"
"lcRZqYFfj5TnF7CtOSr","LC0776497acf2baff80502e5b086e5cd70","paleo1measurement1","temperature","degC","pollen","pollen",FALSE,"KettleLake.Brown.2005","LakeSediment",48.6071,-103.624,605,"Kettle Lake","1.0.5",1,"Jul","positive","air@surface",162,10,2020,2010,10,2010,FALSE,TRUE,FALSE,TRUE,TRUE,FALSE,45,TRUE,FALSE,TRUE,TRUE,TRUE,"","criteria",FALSE,"within-dataset"
"lcRZRfOGxh19YkDuqS7","LC075497627828ddb5de3fe27528a25653","paleo1measurement1","temperature","degC","pollen","pollen",FALSE,"LagodeAjo.Allen.1996Legacy","LakeSediment",43.0417,-6.1388,1570,"Lago de Ajo","1.0.3",1,"Jul","positive","air@surface",78,140,1980,1840,20,1840,FALSE,TRUE,FALSE,TRUE,TRUE,FALSE,7,TRUE,FALSE,TRUE,TRUE,TRUE,"","criteria",FALSE,"within-dataset"
"lcRzRKuRaPnQNODwL0k","LCd687efab1d0b5d43b49f2a1a8ea92f09","paleo1measurement1","temperature","degC","pollen","pollen",FALSE,"HerrenwieserSee.Rosch.2012","LakeSediment",48.6685,8.2955,830,"Herrenwieser See","1.0.5",1,"Jul","positive","air@surface",86,20,2000,1980,20,1980,FALSE,TRUE,FALSE,TRUE,TRUE,FALSE,26,TRUE,FALSE,TRUE,TRUE,TRUE,"","criteria",FALSE,"within-dataset"
"lcRzrLgNpuFkMnsJ2bg","LC7fa4ebd7f0ce92cb497a8efbad76b212","paleo1measurement1","temperature","degC","pollen","pollen",TRUE,"LesNaudieres.Poirier.2013","FluvialSediment",47.5375,0.7022,101,"Les Naudieres","1.0.3",1,"Jul","positive","air@surface",56,570,1960,1390,20,1390,FALSE,TRUE,FALSE,TRUE,TRUE,FALSE,7,TRUE,FALSE,TRUE,TRUE,TRUE,"","criteria",FALSE,"within-dataset"
"lcRzSfJHAdF0JNLCk4S","LC3057f0d13fc379dacc99be8bc9c7a5af","paleo1measurement1","temperature","degC","pollen","pollen",FALSE,"LoxahatcheeNationalWildlifeRefugeSite1EPASite7.Willard.1997","Peat",26.4811,-80.4156,5,"Loxahatchee National Wildlife Refuge Site 1 (EPA Site 7)","1.0.3",1,"Annual","positive","air@surface",28,510,1990,1480,50,1480,FALSE,TRUE,FALSE,TRUE,TRUE,FALSE,5,TRUE,FALSE,TRUE,TRUE,TRUE,"","criteria",FALSE,"within-dataset"
"lcRZSvehbcd3WS62wSj","LC2ea67c5bffbce840edf91e388dbdb1f6","paleo1measurement1","temperature","degC","pollen","pollen",FALSE,"Foula.Shotyk.1996","Peat",60.1374,-2.0793,170,"Foula","1.0.3",1,"Annual","positive","air@surface",44,1220,1980,760,20,760,FALSE,TRUE,FALSE,TRUE,TRUE,FALSE,4,TRUE,FALSE,TRUE,TRUE,TRUE,"","criteria",FALSE,"within-dataset"
"lcRZuIkbcdofjBAdllX","LC0bacc59a8d3ed8e1877e3e5f82ca26f7","paleo1measurement1","temperature","degC","pollen","pollen",FALSE,"AndersonPond.Liu.2013","LakeSediment",36.0301,-85.5013,303,"Anderson Pond","1.0.4",1,"Jul","positive","air@surface",14,730,2020,1290,50,1290,FALSE,TRUE,FALSE,TRUE,TRUE,FALSE,15,FALSE,FALSE,TRUE,TRUE,TRUE,"chronology","data-poor exception",FALSE,"within-dataset"
"lcRZVr4hp5NtcP4jYQh","LCd14eff7df1294fb19d0dd82c9b065357","paleo1measurement1","temperature","degC","pollen","pollen",FALSE,"Kirkkosaari.Rankama.1988","Peat",60.8577,24.4906,83,"Kirkkosaari","1.0.5",1,"Annual","positive","air@surface",39,30,1990,1960,30,1960,FALSE,TRUE,FALSE,TRUE,TRUE,FALSE,4,TRUE,FALSE,TRUE,TRUE,TRUE,"","criteria",FALSE,"within-dataset"
"lcRzWSoE5IqRPjBdKX1","LC36849fcbede5404854435f65c39b4769","paleo1measurement1","temperature","degC","pollen","pollen",TRUE,"CienegadeSanBernadino.Blissett.2010","Other",31.3222,-109.2562,1118,"Cienega de San Bernadino","1.0.3",1,"Jul","positive","air@surface",51,210,1970,1760,20,1760,FALSE,TRUE,FALSE,TRUE,TRUE,FALSE,4,TRUE,FALSE,TRUE,TRUE,TRUE,"","criteria",FALSE,"within-dataset"
"lcRZxcYU07YRBVf8Wrd","LC9cdc16204028d3973cd98ca12fcff7d3","paleo1measurement1","temperature","degC","pollen","pollen",FALSE,"WaccamawRiverButlerIslandModeratelySaltImpacted.Jones.2017","Peat",33.4228,-79.208,0,"Waccamaw River, Butler Island, Moderately Salt Impacted","1.0.3",1,"Jul","positive","air@surface",36,690,2020,1330,30,1330,FALSE,TRUE,FALSE,TRUE,TRUE,FALSE,6,TRUE,FALSE,TRUE,TRUE,TRUE,"","criteria",FALSE,"within-dataset"
"lcRzXoS06qFzCvafWpH","LC2aa697bacf4d7c46939425c39d9abdf8","paleo1measurement1","temperature","degC","pollen","pollen",FALSE,"ClearwaterBog.Nichols.1969","Peat",54.0236,-101.2588,266,"Clearwater Bog","1.0.3",1,"Jul","positive","air@surface",17,1050,2010,960,50,960,FALSE,TRUE,FALSE,TRUE,TRUE,FALSE,3,TRUE,FALSE,TRUE,TRUE,TRUE,"","criteria",FALSE,"within-dataset"
"lcRZXzL2xnY3iivSVSh","LC8326aae75745929f1260b2ecf759133b","paleo1measurement1","temperature","degC","pollen","pollen",FALSE,"Couedic.Visset.2001","FluvialSediment",47.2139,-1.5572,10,"Couedic","1.0.3",1,"Jul","positive","air@surface",11,20,1010,990,30,990,FALSE,TRUE,FALSE,TRUE,TRUE,FALSE,4,TRUE,FALSE,TRUE,TRUE,TRUE,"","criteria",FALSE,"within-dataset"
"lcRZyRqasI4zFjZPlCz","LC6c0c371b54da61195013fd3459bf1cb4","paleo1measurement1","temperature","degC","pollen","pollen",FALSE,"FreshPond.Parshall.2002","LakeSediment",41.5941,-70.5328,7,"Fresh Pond","1.0.4",1,"Annual","positive","air@surface",48,60,2000,1940,30,1940,FALSE,TRUE,FALSE,TRUE,TRUE,FALSE,12,TRUE,FALSE,TRUE,TRUE,TRUE,"","criteria",FALSE,"within-dataset"
"lcRZyUnreIiWmTnAqsU","LCf290b226271e9b5946b40d39aa3b8ce4","paleo1measurement1","temperature","degC","pollen","pollen",FALSE,"AsiGonia.Atherden.1999","Peat",35.2489,24.2782,780,"Asi Gonia","1.0.3",1,"Annual","positive","air@surface",92,580,1990,1410,20,1410,FALSE,TRUE,FALSE,TRUE,TRUE,FALSE,3,FALSE,FALSE,TRUE,TRUE,TRUE,"chronology","data-poor exception",FALSE,"within-dataset"
"lcRZYYDfToZQEKX4r7n","LC7fa4ebd7f0ce92cb497a8efbad76b212","paleo1measurement1","temperature","degC","pollen","pollen",FALSE,"LesNaudieres.Poirier.2013","FluvialSediment",47.5375,0.7022,101,"Les Naudieres","1.0.3",1,"Jul","positive","air@surface",56,570,1960,1390,20,1390,FALSE,TRUE,FALSE,TRUE,TRUE,FALSE,7,TRUE,FALSE,TRUE,TRUE,TRUE,"","criteria",FALSE,"within-dataset"
"lcRzZdgDSNgFV4ELJmy","LC35d585e935376adf112d37d384370234","paleo1measurement1","temperature","degC","pollen","pollen",FALSE,"TourbieredeLandemarais.Visset.1989","Peat",48.4417,-1.1817,145,"Tourbiere de Landemarais","1.0.3",1,"Annual","positive","air@surface",35,1010,1990,980,30,980,FALSE,TRUE,FALSE,TRUE,TRUE,FALSE,3,TRUE,FALSE,TRUE,TRUE,TRUE,"","criteria",FALSE,"within-dataset"
"LPD016ef221_iso2k","sA15ftEAiFzVJVjtbCxk","paleo1measurement1","temperature","degC",NA,NA,FALSE,"MS07JRGM","MarineSediment",27.2,-91.42,-2259,"Gulf of Mexico","1.1.5",1,"Annual","positive","sea@surface",112,494.706,1950,1455.294,12.3330000000001,1455.294,FALSE,TRUE,FALSE,TRUE,TRUE,FALSE,0,TRUE,TRUE,TRUE,TRUE,TRUE,"","criteria",TRUE,NA
"LPD07ea24cb","wpKicoaI9bXrjsMHvi1p","paleo1measurement1","temperature","degC","pollen","pollen",FALSE,"BighornBasin.Shuman.2012","LakeSediment",44.285,-108.635,2514,"Bighorn Basin","1.0.10",1,"Annual","positive","air@surface",39,50,1950,1900,50,1900,FALSE,TRUE,FALSE,TRUE,TRUE,FALSE,0,TRUE,TRUE,TRUE,TRUE,TRUE,"","criteria",TRUE,NA
"LPD0e0867fe","fYUegig785BJMl3NrZcz","paleo1measurement1","temperature","degC","alkenone","biomarker",FALSE,"Ocn-AlboranSea436B.Nieto-Moreno.2013","MarineSediment",36.2053,-4.3133,-1108,"Alboran Sea","1.0.6",1,"Annual","positive","sea@surface",50,564.36,1999.07,1434.71,32.26,1434.71,FALSE,TRUE,FALSE,TRUE,TRUE,FALSE,0,TRUE,TRUE,TRUE,TRUE,TRUE,"","criteria",TRUE,NA
"LPD0fe90f66","bySfs1uZVp2V3HETRUnZ","paleo1measurement1","d18O","permil","d18O","isotope",FALSE,"JPC76.Friddell.2002","MarineSediment",34.27,-120.07,-575,"JPC-76","1.0.15",1,NA,"negative","sea@surface",8,106,1043,937,134,937,FALSE,TRUE,FALSE,TRUE,TRUE,FALSE,0,TRUE,TRUE,TRUE,TRUE,TRUE,"","criteria",TRUE,NA
"LPD10e9f8f7","0aKTjXiLVTdaErc7kgdD","paleo1measurement1","temperature","degC","alkenone",NA,FALSE,"Ocn-MinorcaContourite.Moreno.2012","MarineSediment",40.5,4.03,-2394,"Minorca contourite","1.0.11",1,"Annual","positive","sea@surface",85,428,1988,1560,15,1560,FALSE,TRUE,FALSE,TRUE,TRUE,FALSE,0,TRUE,TRUE,TRUE,TRUE,TRUE,"","criteria",TRUE,NA
"LPD13a78f9b","vgtaExltRJ0pDi92L82P","paleo1measurement1","temperature","degC","Mg/Ca",NA,FALSE,"Ocn-EasternTropicalNorthAtlantic.Kuhnert.2011","MarineSediment",16.8402,-16.7327,-330,"Eastern tropical North Atlantic","1.0.11",1,"Jul-Dec","positive","sea@surface",190,21,2004,1983,9,1983,FALSE,TRUE,FALSE,TRUE,TRUE,FALSE,8,TRUE,FALSE,TRUE,TRUE,TRUE,"","criteria",TRUE,NA
"LPD13ec3942","fUZVn7VIhRvrkC9B6d00","paleo1measurement1","temperature","degC","alkenone","alkenone",FALSE,"P178-15P.Tierney.2015","MarineSediment",11.955,44.3,-869,"P178-15P","1.0.10",1,NA,"positive","sea@surface",12,96,1968,1872,119,1872,FALSE,TRUE,FALSE,TRUE,TRUE,FALSE,31,TRUE,FALSE,TRUE,TRUE,TRUE,"","criteria",TRUE,NA
"LPD1a0245b7","RRh3T4NCsf4MgrxhXbJq","paleo1measurement1","temperature","degC","Mg/Ca","biomarker",FALSE,"Ocn-Philippines.Stott.2007","MarineSediment",6.3,125.82,-2114,"Philippines","1.0.6",1,"Annual","positive","sea@surface",57,646.6,1908.6,1262,16.5500000000001,1262,FALSE,TRUE,FALSE,TRUE,TRUE,FALSE,42,TRUE,FALSE,TRUE,TRUE,TRUE,"","criteria",TRUE,NA
"LPD24dd89b2","AxMfZsUTBnj3jvAxk87W","paleo1measurement1","composite","percent","calcification rate",NA,FALSE,"Ocn-ImperieuseRowleyShoals.Cooper.2012","Coral",-17.5167,118.9667,-6,"Imperieuse, Rowley Shoals","1.0.8",1,"Annual","positive","sea@surface",111,1900,2010,110,1,110,FALSE,TRUE,TRUE,TRUE,TRUE,TRUE,0,TRUE,FALSE,TRUE,TRUE,TRUE,"","criteria",TRUE,NA
"LPD257214a7accr","wbPP0e5AvOAHxEJhNhaq","paleo1measurement1","accumulation","kg/m2/yr",NA,NA,FALSE,"IC00SC29","GlacierIce",76.0039,-43.492,2874,"B29","1.0.15",1,"Annual","positive","air@surface",524,1471,1994,523,1,523,FALSE,TRUE,TRUE,TRUE,TRUE,TRUE,0,TRUE,FALSE,TRUE,TRUE,TRUE,"","criteria",TRUE,NA
"LPD28794972dp_SST_from_d18O2","lpvd5TtnHZXuX1hsCOWf","paleo1measurement1","temperature","degC","d18O","isotopic",FALSE,"893A.Kennet.2007","MarineSediment",34.2875,-120.036,-588,"893A","1.0.13",1,"Annual","positive","sea@surface",64,17.784,1941.03,1923.246,26.307,1923.246,FALSE,TRUE,FALSE,TRUE,TRUE,FALSE,24,TRUE,FALSE,TRUE,TRUE,TRUE,"","criteria",TRUE,NA
"LPD2a3997a7","I9GSSePbSk7YkO5DKRh5","paleo1measurement1","temperature","degC","TEX86",NA,FALSE,"Ocn-WesternAntarcticPeninsula.Shevenell.2011","MarineSediment",-64.87,-64.2,-1011,"Western Antarctic Peninsula","1.0.9",1,"Sep-Nov","positive","sea@surface",30,8,1870,1862,50,1862,FALSE,TRUE,FALSE,TRUE,TRUE,FALSE,8,FALSE,FALSE,TRUE,TRUE,TRUE,"chronology","curator admission",TRUE,NA
"LPD30c5b95c","f13H97f2UOPQfYH4O2M2","paleo1measurement1","temperature","degC","Mg/Ca","elemental",FALSE,"Ocn-MD98-2177.Newton.2010","MarineSediment",1.4033,119.078,-968,"Makassar Strait","1.0.7",1,"Annual","positive","sea@surface",105,160,1890,1730,13.9772720000001,1730,FALSE,TRUE,FALSE,TRUE,TRUE,FALSE,5,FALSE,FALSE,TRUE,TRUE,TRUE,"chronology","data-poor exception",TRUE,NA
"LPD3100fe0a","PQ7krWaRMv1C6H2LPcq0","paleo1measurement1","composite","percent","calcification rate",NA,FALSE,"Ocn-CoralBayNingaloo.Cooper.2012","Coral",-23.0333,113.8167,-6,"Coral Bay, Ningaloo","1.0.7",1,"Annual","positive","sea@surface",111,1900,2010,110,1,110,FALSE,TRUE,TRUE,TRUE,TRUE,TRUE,0,TRUE,FALSE,TRUE,TRUE,TRUE,"","criteria",TRUE,NA
"LPD315357f3","9SDxMaDXFyjWdPjuKI64","paleo1measurement1","temperature","degC","d15N/d40Ar","cryophysical",FALSE,"GISP2.Kobashi.2017","GlacierIce",72.6,-38.5,3200,"GISP2","1.0.16",1,"Annual","positive","air@surface",1993,1,1993,1992,1,1992,FALSE,TRUE,TRUE,TRUE,TRUE,TRUE,0,TRUE,FALSE,TRUE,TRUE,TRUE,"","criteria",TRUE,NA
"LPD335d863f","b5gjO9TkjjEUrRtrvGwW","paleo1measurement1","RABD660670",NA,"reflectance",NA,FALSE,"Aus-DuckholeLake.Saunders.2013","LakeSediment",-43.3646,146.8749,150,"Duckhole Lake","1.0.7",1,"Annual","negative","air@surface",404,1140.3536,2001.3208,860.9672,1.87100000000009,860.9672,FALSE,TRUE,FALSE,TRUE,TRUE,FALSE,0,TRUE,TRUE,TRUE,TRUE,TRUE,"","criteria",TRUE,NA
"LPD33b45b88","KDKRYxadaOZnZpDt6GNb","paleo1measurement1","temperature","degC","pollen","pollen",FALSE,"Chatsworth.Shuman.2016","Peat",40.68,-88.34,230,"Chatsworth","1.0.5",1,"Warmest Month","positive","air@surface",23,50,1150,1100,50,1100,FALSE,TRUE,FALSE,TRUE,TRUE,FALSE,0,TRUE,TRUE,TRUE,TRUE,TRUE,"","criteria",TRUE,NA
"LPD378db911","Y7kBlGFYqjwnAIrAGPSd","paleo1measurement1","composite","percent","calcification rate",NA,FALSE,"Ocn-HoutmanAbrolhosIslands.Cooper.2012","Coral",-28.4667,113.7667,-6,"Houtman Abrolhos Islands","1.0.7",1,"Annual","positive","sea@surface",111,1900,2010,110,1,110,FALSE,TRUE,TRUE,TRUE,TRUE,TRUE,0,TRUE,FALSE,TRUE,TRUE,TRUE,"","criteria",TRUE,NA
"LPD3eabac7b1","JRvYhaaOrdWCjlQI8WrH","paleo1measurement1","accumulation","kg/m2/yr",NA,NA,FALSE,"IC16WE22","GlacierIce",79.3414,-45.9116,2242,"B22","1.0.15",1,"Annual","positive","air@surface",622,1372,1993,621,1,621,FALSE,TRUE,TRUE,TRUE,TRUE,TRUE,0,TRUE,FALSE,TRUE,TRUE,TRUE,"","criteria",TRUE,NA
"LPD44b374e7","hu8LqiYrymV5Kvh1ToAX","paleo1measurement1","temperature","degC","alkenone","biomarker",FALSE,"Ocn-SouthChinaSea.Zhao.2006","MarineSediment",8.73,109.869,-1598,"South China Sea","1.0.9",1,"Annual","positive","sea@surface",38,37.42,992.55,955.13,25.9300000000001,955.13,FALSE,TRUE,FALSE,TRUE,TRUE,FALSE,9,TRUE,FALSE,TRUE,TRUE,TRUE,"","criteria",TRUE,NA
"LPD47182517","IVVTVphliHduuTjQhlTM","paleo1measurement1","temperature","degC","Mg/Ca","elemental",FALSE,"Ocn-FeniDrift.Richter.2009","MarineSediment",55.5,-13.9,-2543,"Feni Drift","1.0.9",1,"Apr-Jul","positive","sea@surface",94,1,1998,1997,19,1997,FALSE,TRUE,FALSE,TRUE,TRUE,FALSE,0,TRUE,TRUE,TRUE,TRUE,TRUE,"","criteria",TRUE,NA
"LPD47182517_iso2k","ITjggxmhV3BbHJdYyTPP","paleo2measurement1","temperature","degC","Mg/Ca","elemental",FALSE,"MS09TRFD","MarineSediment",55.5,-13.9,-2543,"Feni Drift","1.0.11",1,"Apr-Jul","positive","sea@surface",94,1,1998,1997,19,1997,FALSE,TRUE,FALSE,TRUE,TRUE,FALSE,0,TRUE,TRUE,TRUE,TRUE,TRUE,"","criteria",FALSE,"cross-dataset"
"LPD493f1394xxxx","6NinujBNUONYOcQ1oIvq","paleo1measurement1","temperature","degC","foraminifera","faunal assemblage",FALSE,"ODP658C.deMenocal.1997","MarineSediment",20.8,-18.6,-2263,"ODP658C","1.0.18",1,"Annual","positive","sea@surface",31,90,1862,1772,47,1772,FALSE,TRUE,FALSE,TRUE,TRUE,FALSE,0,TRUE,TRUE,TRUE,TRUE,TRUE,"","criteria",FALSE,"cross-dataset"
"LPD4c60df181","nSX0Eb4pXOrNg1dfLbQH","paleo1measurement1","accumulation","kg/m2/yr",NA,NA,FALSE,"IC16WE19","GlacierIce",78.0006,-36.3978,2234,"B19","1.0.15",1,"Annual","positive","air@surface",1201,753,1953,1200,1,1200,FALSE,TRUE,TRUE,TRUE,TRUE,TRUE,0,TRUE,FALSE,TRUE,TRUE,TRUE,"","criteria",TRUE,NA
"LPD53e179ad","iFzeKMTMTLOqiw0WCxlc","paleo2measurement1","temperature","degC","TEX86","biomarker",FALSE,"Afr-P178-15P.Tierney.2015","MarineSediment",11.955,44.3,-869,"P178-15P","1.0.8",1,"Annual","positive","sea@surface",106,131,1980,1849,14.5,1849,FALSE,TRUE,FALSE,TRUE,TRUE,FALSE,0,TRUE,TRUE,TRUE,TRUE,TRUE,"","criteria",TRUE,NA
"LPD55779927accr","AqZnxntnDcACVNpwEeBq","paleo1measurement1","accumulation","kg/m2/yr",NA,NA,FALSE,"IC16WE27","GlacierIce",76.6594,-46.4837,2733,"B27","1.0.15",1,"Annual","positive","air@surface",800,1195,1994,799,1,799,FALSE,TRUE,TRUE,TRUE,TRUE,TRUE,0,TRUE,FALSE,TRUE,TRUE,TRUE,"","criteria",TRUE,NA
"LPD572f7cc3","Gp1wr67LDcEHmn1RqfEr","paleo1measurement1","temperature","degC","Mg/Ca","elemental",FALSE,"Ocn-PigmyBasin.Richey.2015","MarineSediment",27.2,-91.42,-2259,"Pigmy Basin, Gulf of Mexico box core PBBC-1","1.0.9",1,"Annual","positive","sea@surface",100,593.37,1900.67,1307.3,12.3300000000002,1307.3,FALSE,TRUE,FALSE,TRUE,TRUE,FALSE,7,TRUE,FALSE,TRUE,TRUE,TRUE,"","criteria",TRUE,NA
"LPD57d40973","zk0XZzn2ZiAqlHK8LgiO","paleo1measurement1","temperature","degC","Mg/Ca","elemental",FALSE,"Ocn-FiskBasin.Richey.2009","MarineSediment",27.55,-93.93,-817,"Fisk Basin, Gulf of Mexico","1.0.9",1,"Annual","positive","sea@surface",40,1216.8,1950,733.2,18.8,733.2,FALSE,TRUE,FALSE,TRUE,TRUE,FALSE,3,TRUE,FALSE,TRUE,TRUE,TRUE,"","criteria",TRUE,NA
"LPD6315f935","x4LnvIvrP1M3uIPmFt7z","paleo1measurement1","temperature","degC","alkenone","biomarker",FALSE,"Ocn-JacafFjord.Sepulveda.2009","MarineSediment",-44.33,-72.97,-510,"Jacaf Fjord","1.0.9",1,"Sep-Nov","positive","sea@surface",63,211.87,1784.11,1572.24,24.27,1572.24,FALSE,TRUE,FALSE,TRUE,TRUE,FALSE,4,FALSE,FALSE,TRUE,TRUE,TRUE,"chronology","curator admission",TRUE,NA
"LPD66bfd9f9accr","bo8jonsVqKFI6CgyqN6F","paleo1measurement1","accumulation","kg/m2/yr",NA,NA,FALSE,"IC16WE23","GlacierIce",78,-44,2543,"B23","1.0.15",1,"Annual","positive","air@surface",971,1023,1993,970,1,970,FALSE,TRUE,TRUE,TRUE,TRUE,TRUE,0,TRUE,FALSE,TRUE,TRUE,TRUE,"","criteria",TRUE,NA
"LPD68872399","VUIkWLB42tFB15p6P0WH","paleo1measurement1","temperature","degC","alkenone",NA,FALSE,"Ocn-EmeraldBasin.Keigwin.2007","MarineSediment",43.53,-62.48,-250,"Emerald Basin, Nova Scotia","1.0.9",1,"Annual","positive","sea@surface",15,400,1950,1550,110,1550,FALSE,TRUE,FALSE,TRUE,TRUE,FALSE,9,TRUE,FALSE,TRUE,TRUE,TRUE,"","criteria",TRUE,NA
"LPD6e4ccc39","ofpS0VCw0JsQCQsjXfXy","paleo1measurement1","temperature","degC","pollen","pollen",FALSE,"DevilsLake.Shuman.2016","LakeSediment",43.42,-89.73,293,"Devils Lake","1.0.7",1,"Warmest Month","positive",NA,38,50,1900,1850,50,1850,FALSE,TRUE,FALSE,TRUE,TRUE,FALSE,0,TRUE,TRUE,TRUE,TRUE,TRUE,"","criteria",TRUE,NA
"LPD6e872195","5ug8ljWX4YjkI4dRWvBd","paleo1measurement1","temperature","degC","foraminifera","faunal assemblage",FALSE,"MD99-2256.Jennings.2015","MarineSediment",64.3032,-24.2067,-246,"MD99-2256","1.0.12",1,"Annual","positive","sea@surface",17,38.6,1768.78,1730.18,87.775,1730.18,FALSE,TRUE,FALSE,TRUE,TRUE,FALSE,22,TRUE,FALSE,TRUE,TRUE,TRUE,"","criteria",TRUE,NA
"LPD716b88d0_iso2k","Py9osfbpYkp1CZE7ZNc7","paleo2measurement1","temperature","degC",NA,NA,FALSE,"MS07SWGG","MarineSediment",2.5,9.38,-1295,"Gulf of Guinea, EEA","1.1.4",1,"Annual","positive","sea@surface",47,360,1980,1620,30,1620,FALSE,TRUE,FALSE,TRUE,TRUE,FALSE,0,TRUE,TRUE,TRUE,TRUE,TRUE,"","criteria",TRUE,NA
"LPD779b21dc","lqB0wmGBaRVMteRU1oSH","paleo1measurement1","temperature","degC","pollen","floral assemblage",FALSE,"BloodPond.Marsicek.2013","LakeSediment",42.08,-71.96,214,"Blood Pond","1.0.13",1,"Jul","positive","air@surface",39,50,1950,1900,50,1900,FALSE,TRUE,FALSE,TRUE,TRUE,FALSE,18,TRUE,FALSE,TRUE,TRUE,TRUE,"","criteria",TRUE,NA
"LPD78d0b77c","g1JZBnb0VGBbNW3Q4UQY","paleo1measurement1","temperature","degC","d15N/d40Ar","other ice",FALSE,"GISP2.Kobashi.2012","GlacierIce",70.6,-38.5,3200,"GISP2","1.0.14",1,"Annual","positive","air@surface",1993,1,1993,1992,1,1992,FALSE,TRUE,TRUE,TRUE,TRUE,TRUE,0,TRUE,FALSE,TRUE,TRUE,TRUE,"","criteria",TRUE,NA
"LPD7abab671","n8LLCEGjSUrECQkBygNJ","paleo1measurement1","temperature","degC","borehole","borehole",FALSE,"Ant-DSS.DahlJensen.1999","Borehole",-66.77,112.807,1370,"DSS","1.0.5",1,"Annual","positive","ice@surface",25,124,1995,1871,47.5,1871,FALSE,TRUE,FALSE,TRUE,TRUE,FALSE,0,TRUE,TRUE,TRUE,TRUE,TRUE,"","criteria",TRUE,NA
"LPD7abab671-dup","cVhuirI2i7HxDB0bGT5n","paleo1measurement1","temperature","degC","borehole","cryophysical",FALSE,"LawDome.Dahl-Jensen.1999","GlacierIce",-66.7697,112.8069,1390,"Law Dome DSS","1.0.9",1,"Annual","positive","air@surface",25,124,1995,1871,47.5,1871,FALSE,TRUE,FALSE,TRUE,TRUE,TRUE,0,TRUE,FALSE,TRUE,TRUE,TRUE,"","criteria",TRUE,NA
"LPD7c7e19c5","kvfuw9o3bPrJpjmi5HzS","paleo1measurement1","temperature","degC","Mg/Ca","elemental",FALSE,"Ocn-GreatBahamaBank.Lund.2006","MarineSediment",24.765,-79.29,-694,"Great Bahama bank, 125MC","1.1.1",1,"Annual","positive","sea@surface",28,590,1950,1360,34.12,1360,FALSE,TRUE,FALSE,TRUE,TRUE,FALSE,3,TRUE,FALSE,TRUE,TRUE,TRUE,"","criteria",TRUE,NA
"LPD7de8d7c5","rMFDa9cIG3zfycCSyspK","paleo1measurement1","temperature","degC","Mg/Ca","Mg/Ca",FALSE,"GeoB12610-2.Rippert.2015","MarineSediment",-4.8167,39.4237,-399,"GeoB12610","1.0.13",1,NA,"positive","sea@surface",10,90,1460,1370,150,1370,FALSE,TRUE,FALSE,TRUE,TRUE,FALSE,0,TRUE,TRUE,TRUE,TRUE,TRUE,"","criteria",TRUE,NA
"LPD7e8e8eaa","lCJZ79qqqR7VRGLhRGLc","paleo1measurement1","temperature","degC","Mg/Ca","elemental",FALSE,"Ocn-MD98-2160.Newton.2010","MarineSediment",-5.2012,117.4867,-1185,"Makassar Strait","1.0.6",1,"Annual","positive","sea@surface",169,6,1815,1809,8,1809,FALSE,TRUE,FALSE,TRUE,TRUE,FALSE,4,TRUE,FALSE,TRUE,TRUE,TRUE,"","criteria",TRUE,NA
"LPD81e53153","iFzeKMTMTLOqiw0WCxlc","paleo1measurement1","temperature","degC","TEX86",NA,FALSE,"Afr-P178-15P.Tierney.2015","MarineSediment",11.955,44.3,-869,"P178-15P","1.0.8",1,"Annual","positive","sea@surface",46,1628,2000,372,9,372,FALSE,TRUE,FALSE,FALSE,TRUE,FALSE,0,TRUE,TRUE,TRUE,TRUE,TRUE,"length","curator admission",TRUE,NA
"LPD84ab67b9","eOlD6N5fs6stvrzio8rR","paleo1measurement1","temperature","degC","alkenone","biomarker",FALSE,"Ocn-CapeGhir.McGregor.2007","MarineSediment",30.845,-10.0983,-355,"Cape Ghir, NW Africa","1.0.7",1,"Annual","positive","sea@surface",188,30,1998,1968,12,1968,FALSE,TRUE,FALSE,TRUE,TRUE,FALSE,0,TRUE,TRUE,TRUE,TRUE,TRUE,"","criteria",TRUE,NA
"LPD8bd4e07e","nlZLowi2AqBuv0Gp46th","paleo1measurement1","composite","percent","calcification rate",NA,FALSE,"Ocn-TantabiddiReefNingaloo.Cooper.2012","Coral",-21.9,113.9667,-6,"Tantabiddi reef, Ningaloo","1.0.8",1,"Annual","positive","sea@surface",111,1900,2010,110,1,110,FALSE,TRUE,TRUE,TRUE,TRUE,TRUE,0,TRUE,FALSE,TRUE,TRUE,TRUE,"","criteria",TRUE,NA
"LPD8d84bf64","TN7KhAM6yikvfhxMF9m1","paleo1measurement1","temperature","degC","ring width","dendrophysical",FALSE,"GreatBasin.Salzer.2014","Wood",38,-116.5,0,"Great Basin","1.0.13",1,"Jul-Sep","positive","air@surface",2006,1,2006,2005,1,2005,FALSE,TRUE,TRUE,TRUE,TRUE,TRUE,0,TRUE,FALSE,TRUE,TRUE,TRUE,"","criteria",TRUE,NA
"LPD94e74028cc","MWUp30NWDKpeiymVdPjM","paleo1measurement2","d18O","permil","d18O","isotopic",FALSE,"Leviathan.Lachniet.2014","Speleothem",37.89,-115.58,2400,"Leviathan","1.0.17",1,NA,"positive","air@surface",477,3.20900000000006,2010,2006.791,4.52749999999992,2006.791,FALSE,TRUE,FALSE,TRUE,TRUE,FALSE,0,TRUE,TRUE,TRUE,TRUE,TRUE,"","criteria",TRUE,NA
"LPD97433e99_iso2k","sA15ftEAiFzVJVjtbCxk","paleo1measurement1","Mg/Ca","mmol/mol",NA,NA,FALSE,"MS07JRGM","MarineSediment",27.2,-91.42,-2259,"Gulf of Mexico","1.1.5",1,"Annual","positive","sea@surface",112,494.706,1950,1455.294,12.3330000000001,1455.294,FALSE,TRUE,FALSE,TRUE,TRUE,FALSE,0,TRUE,TRUE,TRUE,TRUE,TRUE,"","criteria",FALSE,"cross-dataset"
"LPD995c6f3c","BS7XgI1OSZrHWHMRy5WG","paleo1measurement1","temperature","degC","dinocyst","faunal assemblage",FALSE,"Ocn-WestSpitzberg.Bonnet.2010","MarineSediment",78.96,5.885,-1497,"West Spitzberg, Fram Strait","1.0.8",1,"Annual","positive","sea@surface",45,49,1943,1894,40,1894,FALSE,TRUE,FALSE,TRUE,TRUE,FALSE,0,TRUE,TRUE,TRUE,TRUE,TRUE,"","criteria",TRUE,NA
"LPD9bb7b0312","xOG8wOhZ8czZiTzlPWlf","paleo1measurement1","temperature","degC","pollen","pollen",FALSE,"HighLake.Shuman.2016","LakeSediment",44.52,-76.6,137,"High Lake","1.0.7",1,"warmest month","positive","air@surface",39,50,1950,1900,50,1900,FALSE,TRUE,FALSE,TRUE,TRUE,FALSE,0,TRUE,TRUE,TRUE,TRUE,TRUE,"","criteria",TRUE,NA
"LPD9cc3baf6","oY947aoevUrc6PZvhPIy","paleo1measurement1","temperature","degC","GDGT","biomarker",FALSE,"Turkana.Berke.2012","LakeSediment",2.7125,36.537,360,"Turkana","1.0.12",1,"Annual","positive","lake@surface",9,81.558,856.401,774.843,82.43,774.843,FALSE,TRUE,FALSE,TRUE,FALSE,FALSE,31,TRUE,FALSE,TRUE,TRUE,TRUE,"resolution","data-poor exception",TRUE,NA
"LPD9cc3baf6_iso2k","Py9osfbpYkp1CZE7ZNc7","paleo1measurement1","temperature","degC","Mg/Ca","elemental",FALSE,"MS07SWGG","MarineSediment",2.5,9.38,-1295,"Gulf of Guinea, EEA","1.1.4",1,"Annual","positive","sea@surface",46,10,1590,1580,30,1580,FALSE,TRUE,FALSE,TRUE,TRUE,FALSE,0,TRUE,TRUE,TRUE,TRUE,TRUE,"","criteria",FALSE,"cross-dataset"
"LPD9cc3baf6-dup","8DrQKrJeEANJeVRmqwSv","paleo1measurement1","temperature","degC","Mg/Ca","elemental",FALSE,"Ocn-GulfofGuinea.Weldeab.2007","MarineSediment",2.5,9.38,-1295,"Gulf of Guinea","1.0.10",1,"Annual","positive","sea@surface",45,40,1590,1550,30,1550,FALSE,TRUE,FALSE,TRUE,TRUE,FALSE,4,FALSE,FALSE,TRUE,TRUE,TRUE,"chronology","curator admission",TRUE,NA
"LPDa03ec713","BPY3XE3VHdVMs5Tt5tWV","paleo1measurement1","temperature","degC","Mg/Ca","elemental",FALSE,"Ocn-CH07-98-MC-22.Saenger.2011","MarineSediment",32.784,-76.276,-1895,"CH07-98-MC-22, Carolina Slope, western North Atlantic","1.1.1",1,"Annual","positive","sea@surface",17,250,1850,1600,100,1600,FALSE,TRUE,FALSE,TRUE,TRUE,FALSE,3,TRUE,FALSE,TRUE,TRUE,TRUE,"","criteria",TRUE,NA
"LPDa0c5bf8a","ncpC4hAdGs4PS2nCII5n","paleo1measurement1","temperature","degC","foraminifera","faunal assemblage",FALSE,"MSM055_712-2.Werner.2015","MarineSediment",78.9157,6.7672,-1389,"MSM055-712-2","1.0.10",1,"Annual","positive","sea@subsurface",25,11,1529,1518,60.5,1518,FALSE,TRUE,FALSE,TRUE,TRUE,FALSE,13,TRUE,FALSE,TRUE,TRUE,TRUE,"","criteria",TRUE,NA
"LPDa2107e77","LWMacSAPYEQM8YUeoid0","paleo1measurement1","temperature","degC","Mg/Ca","elemental",FALSE,"Ocn-KNR140‐2‐59GGC.Saenger.2011","MarineSediment",32.977,-76.316,-1205,"KNR140‐2‐59GGC, Carolina Slope, western North Atlantic","1.1.1",1,"Annual","positive","sea@surface",23,450,1850,1400,50,1400,FALSE,TRUE,FALSE,TRUE,TRUE,FALSE,6,TRUE,FALSE,TRUE,TRUE,TRUE,"","criteria",TRUE,NA
"LPDa4fe7b7faccr","cAY7mhrGgtubsRtvIQ25","paleo1measurement1","accumulation","kg/m2/yr",NA,NA,FALSE,"IC16WE30","GlacierIce",75.0016,-42.0004,2947,"B30","1.0.15",1,"Annual","positive","air@surface",747,1242,1988,746,1,746,FALSE,TRUE,TRUE,TRUE,TRUE,TRUE,0,TRUE,FALSE,TRUE,TRUE,TRUE,"","criteria",TRUE,NA
"LPDa77273bb","XxSv0OeDCYmffRYsQN3o","paleo1measurement1","temperature","degC","alkenone",NA,FALSE,"Ocn-SouthAtlanticWestAfrica.Leduc.2010","MarineSediment",-29.14,16.72,-97,"South Atlantic, West Africa","1.0.11",1,"Annual","positive","sea@surface",54,705,1938,1233,20,1233,FALSE,TRUE,FALSE,TRUE,TRUE,FALSE,7,FALSE,FALSE,TRUE,TRUE,TRUE,"chronology","data-poor exception",TRUE,NA
"LPDaa786707","dUS8C7vwy67mYlS15C2a","paleo1measurement1","composite","percent","calcification rate",NA,FALSE,"Ocn-BundegireefNingaloo.Cooper.2012","Coral",-21.8333,114.1833,-6,"Bundegi reef, Ningaloo","1.0.8",1,"Annual","positive","sea@surface",109,1900,2008,108,1,108,FALSE,TRUE,TRUE,TRUE,TRUE,TRUE,0,TRUE,FALSE,TRUE,TRUE,TRUE,"","criteria",TRUE,NA
"LPDaf84af37","SFfIb0bkEuEFwFKxRGgc","paleo1measurement1","temperature","degC","pollen","pollen",FALSE,"Deep.Shuman.2016","LakeSediment",41.74,-69.99,10,"Deep Lake","1.0.6",1,"Jul","positive","air@surface",39,50,1950,1900,50,1900,FALSE,TRUE,FALSE,TRUE,TRUE,FALSE,0,TRUE,TRUE,TRUE,TRUE,TRUE,"","criteria",TRUE,NA
"LPDasan2012","zhM4sjrT10A4rwFW3koy","paleo1measurement1","temperature","degC","alkenone","biomarker",FALSE,"Ocn-AlboranSea384B.Nieto-Moreno.2013","MarineSediment",35.986,-4.7496,-1022,"Alboran Sea","1.0.8",1,"Annual","positive","sea@surface",38,980,2005,1025,33,1025,FALSE,TRUE,FALSE,TRUE,TRUE,FALSE,0,TRUE,TRUE,TRUE,TRUE,TRUE,"","criteria",TRUE,NA
"LPDb17a5e9e","TN7KhAM6yikvfhxMF9m1","paleo1measurement1","uncertaintyLow","degC",NA,NA,FALSE,"GreatBasin.Salzer.2014","Wood",38,-116.5,0,"Great Basin","1.0.13",NA,NA,NA,NA,2006,1,2006,2005,1,2005,FALSE,TRUE,TRUE,TRUE,TRUE,TRUE,0,TRUE,FALSE,FALSE,TRUE,TRUE,"direction","curator admission",TRUE,NA
"LPDb17a5e9e-dup","2KyS7ZIHZdX6MVMAqycc","paleo1measurement1","temperature","degC","Mg/Ca",NA,FALSE,"Ocn-RAPiD-12-1K.Thornalley.2009","MarineSediment",62.08,-17.82,-1938,"RAPiD-12-1K, South Iceland Rise, northeast North Atlantic","1.0.9",1,"May-Jul","positive","sea@surface",16,153.5,1251.78,1098.28,73.22,1098.28,FALSE,TRUE,FALSE,TRUE,TRUE,FALSE,13,FALSE,FALSE,TRUE,TRUE,TRUE,"chronology","curator admission",TRUE,NA
"LPDb676e71d","ZXvBxu682eEsvnPadTXX","paleo1measurement1","temperature","degC","d13C","isotopic",FALSE,"KaiteCobreMayor.MartinChivelet.2011","Speleothem",42.7918,-3.8496,1173,"Kaite Cobre Mayor","1.0.12",1,"Annual","positive","air@surface",605,1,2000,1999,2,1999,FALSE,TRUE,FALSE,TRUE,TRUE,FALSE,43,TRUE,FALSE,TRUE,TRUE,TRUE,"","criteria",TRUE,NA
"LPDb7290ea4_iso2k","ITjggxmhV3BbHJdYyTPP","paleo1measurement1","temperature","degC",NA,NA,FALSE,"MS09TRFD","MarineSediment",55.5,-13.9,-2543,"Feni Drift","1.0.11",1,"Apr-Jul","positive","sea@surface",94,1,1997,1996,19,1996,FALSE,TRUE,FALSE,TRUE,TRUE,FALSE,0,TRUE,TRUE,TRUE,TRUE,TRUE,"","criteria",TRUE,NA
"LPDb7ba9166","3K6CJrZA3AzOYnrDlY0I","paleo1measurement1","temperature","degC","alkenone",NA,FALSE,"Ocn-TagusMudPatch.Abrantes.2005","MarineSediment",38.556,-9.3498,-96,"Tagus mud patch, southern portuguese margin, North Atlantic","1.0.11",1,"Oct-Apr","positive","sea@surface",156,74,2001,1927,3,1927,FALSE,TRUE,FALSE,TRUE,TRUE,FALSE,0,TRUE,TRUE,TRUE,TRUE,TRUE,"","criteria",TRUE,NA
"LPDb9285123","5oHqINxYpL0XCaLcIjhR","paleo1measurement1","temperature","degC","borehole",NA,FALSE,"Ant-WAIS-Divide.Severinghaus.2012","Borehole",-79.463,-112.125,1766,"WAIS-Divide","1.0.6",1,"Annual","positive","ice@surface",2000,8,2007,1999,1,1999,FALSE,TRUE,TRUE,TRUE,TRUE,FALSE,0,TRUE,TRUE,TRUE,TRUE,TRUE,"","criteria",TRUE,NA
"LPDba471ae7_iso2k","ITjggxmhV3BbHJdYyTPP","paleo1measurement1","Mg/Ca","mmol/mol",NA,NA,FALSE,"MS09TRFD","MarineSediment",55.5,-13.9,-2543,"Feni Drift","1.0.11",1,"Apr-Jul","positive","sea@surface",94,1,1997,1996,19,1996,FALSE,TRUE,FALSE,TRUE,TRUE,FALSE,0,TRUE,TRUE,TRUE,TRUE,TRUE,"","criteria",FALSE,"cross-dataset"
"LPDbd07f717","7ioqb5LHjkmCLgO5cGG4","paleo1measurement1","temperature","degC","Mg/Ca","elemental",FALSE,"Ocn-ODP984.Came.2007","MarineSediment",61.43,-24.085,-1648,"ODP984","1.0.8",1,"Annual","positive","sea@surface",15,152,1396,1244,58,1244,FALSE,TRUE,FALSE,TRUE,TRUE,FALSE,11,TRUE,FALSE,TRUE,TRUE,TRUE,"","criteria",TRUE,NA
"LPDc9f78438dp","YwV7dpQ97bm50n3Bv3bZ","paleo1measurement1","temperature","degC","alkenone","alkenone",FALSE,"Core17940","MarineSediment",20.1,117.4,-1968,"GIK- Core17940","1.0.10",1,"Annual","positive","sea@surface",13,68,1936.5,1868.5,156.25,1868.5,FALSE,TRUE,FALSE,TRUE,TRUE,FALSE,40,TRUE,FALSE,TRUE,TRUE,TRUE,"","criteria",TRUE,NA
"LPDcda1c277","EATCVYK7twA9HRuMe3kd","paleo1measurement1","temperature","degC","Mg/Ca","elemental",FALSE,"Ocn-CariacoBasin.Lea.2003","MarineSediment",10.7,-64.94,-790,"Cariaco Basin/Southern Caribbean Sea","1.0.9",1,"Annual","positive","sea@surface",11,132,1399,1267,145,1267,FALSE,TRUE,FALSE,TRUE,TRUE,FALSE,0,TRUE,TRUE,TRUE,TRUE,TRUE,"","criteria",TRUE,NA
"LPDce0e7640","fUZVn7VIhRvrkC9B6d00","paleo1measurement1","temperature","degC","Mg/Ca","Mg/Ca",FALSE,"P178-15P.Tierney.2015","MarineSediment",11.955,44.3,-869,"P178-15P","1.0.10",1,NA,"positive","sea@surface",16,96,1968,1872,81,1872,FALSE,TRUE,FALSE,TRUE,TRUE,FALSE,31,TRUE,FALSE,TRUE,TRUE,TRUE,"","criteria",TRUE,NA
"LPDd23545f9","pNhsJhzS6osAccsXLVhs","paleo1measurement1","temperature","degC","alkenone","biomarker",FALSE,"TTR-12_293G.Rodrigo-Gamiz.2014","MarineSediment",36.1736,-2.7547,-1840,"TTR-12 293G","1.0.12",1,"Annual","positive","sea@surface",8,61,1861,1800,180,1800,FALSE,TRUE,FALSE,TRUE,TRUE,FALSE,0,TRUE,TRUE,TRUE,TRUE,TRUE,"","criteria",TRUE,NA
"LPDd2a984fe","4ibQlmHt7s44owz5ercW","paleo1measurement1","temperature","degC","alkenone","biomarker",FALSE,"AMP112.vanderBilt.2016","LakeSediment",79.77,10.74,35,"AMP112","1.1.1",1,"Jun-Aug","positive","lake@surface",25,9.4,805.5,796.1,16.5,796.1,FALSE,TRUE,FALSE,TRUE,TRUE,FALSE,25,TRUE,FALSE,TRUE,TRUE,TRUE,"","criteria",TRUE,NA
"LPDd2e3a924","pNhsJhzS6osAccsXLVhs","paleo1measurement1","temperature","degC","LDI","biomarker",FALSE,"TTR-12_293G.Rodrigo-Gamiz.2014","MarineSediment",36.1736,-2.7547,-1840,"TTR-12 293G","1.0.12",1,"Annual","positive","sea@surface",8,61,1861,1800,180,1800,FALSE,TRUE,FALSE,TRUE,TRUE,FALSE,0,TRUE,TRUE,TRUE,TRUE,TRUE,"","criteria",TRUE,NA
"LPDdc74a376","ISKmfv8TRD8gugEou5QH","paleo1measurement1","temperature","degC","alkenone","biomarker",FALSE,"Asi-SihailongwaLake.Chu.2011","LakeSediment",42.17,126.36,1000,"Sihailongwa lake","1.0.9",1,"Growing Season","positive","lake@surface",93,391.8,1984,1592.2,19.25,1592.2,FALSE,TRUE,FALSE,TRUE,TRUE,FALSE,0,TRUE,TRUE,TRUE,TRUE,TRUE,"","criteria",TRUE,NA
"LPDe1fb72db-dup","4T0Dpc9xprZ1D4wFxSV8","paleo1measurement1","composite","percent","calcification rate",NA,FALSE,"Ocn-ClerkeReefRowleyShoals.Cooper.2012","Coral",-17.2667,119.3667,-6,"Clerke Reef, Rowley Shoals","1.0.9",1,"Annual","positive","sea@surface",111,1900,2010,110,1,110,FALSE,TRUE,TRUE,TRUE,TRUE,TRUE,0,TRUE,FALSE,TRUE,TRUE,TRUE,"","criteria",TRUE,NA
"LPDe1fb72db-dup_lev","MWUp30NWDKpeiymVdPjM","paleo1measurement1","d18O","permil","d18O","isotopic",FALSE,"Leviathan.Lachniet.2014","Speleothem",37.89,-115.58,2400,"Leviathan","1.0.17",1,"Annual","positive","soilMoisture",39,50,1950,1900,50,1900,FALSE,TRUE,FALSE,TRUE,TRUE,FALSE,0,TRUE,TRUE,TRUE,TRUE,TRUE,"","criteria",TRUE,NA
"LPDe51d17e8","cwln40BWcNkJLyDf04vq","paleo1measurement1","temperature","degC","Mg/Ca","elemental",FALSE,"Ocn-CariacoBasin.Black.2007","MarineSediment",10.77,-64.77,-450,"Cariaco Basin","1.0.10",1,"Mar-May","positive","sea@surface",566,1221.041513,1990,768.958487,1.47969899999998,768.958487,FALSE,TRUE,TRUE,TRUE,TRUE,FALSE,0,TRUE,TRUE,TRUE,TRUE,TRUE,"","criteria",TRUE,NA
"LPDefb3d2b0","aPi4FnxHT5pPhd7Fie2z","paleo1measurement1","temperature","degC","Mg/Ca","elemental",FALSE,"Ocn-GreatBahamaBank.Richter.2006","MarineSediment",24.58,-79.26,-531,"Great Bahama Bank","1.1.1",1,"Annual","positive","sea@surface",37,1065,1950,885,25.68,885,FALSE,TRUE,FALSE,TRUE,TRUE,FALSE,3,TRUE,FALSE,TRUE,TRUE,TRUE,"","criteria",TRUE,NA
"LPDf4934b2cdp","lpvd5TtnHZXuX1hsCOWf","paleo2measurement1","temperature","degC","d18O","isotopic",FALSE,"893A.Kennet.2007","MarineSediment",34.2875,-120.036,-588,"893A","1.0.13",1,"Annual","positive","sea@surface",64,17.784,1941.03,1923.246,26.307,1923.246,FALSE,TRUE,FALSE,TRUE,TRUE,FALSE,24,TRUE,FALSE,TRUE,TRUE,TRUE,"","criteria",FALSE,"within-dataset"
"LPDf5f8b9a6","oIvmdcPoeEPQyPUe3ezG","paleo1measurement1","temperature","degC","Mg/Ca","Mg/Ca",FALSE,"MD982181","MarineSediment",6.3,125.8,-2114,"MD98-2181","1.0.11",1,NA,"positive","sea@surface",73,46.3,1947.4,1901.1,22.0000000000001,1901.1,FALSE,TRUE,FALSE,TRUE,TRUE,FALSE,12,TRUE,FALSE,TRUE,TRUE,TRUE,"","criteria",FALSE,"cross-dataset"
"LPDf7bace53","A6cGZ3oNoRhBubgKYci0","paleo1measurement1","temperature","degC","Mg/Ca","elemental",FALSE,"Ocn-DryTortugas.Lund.2006","MarineSediment",24.59,-83.58,-530,"Dry Tortugas","1.0.8",1,"Annual","positive","sea@surface",59,658.84,1949,1290.16,22.4199999999998,1290.16,FALSE,TRUE,FALSE,TRUE,TRUE,FALSE,7,TRUE,FALSE,TRUE,TRUE,TRUE,"","criteria",TRUE,NA
"LS00WODE","nEEoetHbXdBGm9w4AsoH","paleo1measurement1","d18O","permil",NA,NA,FALSE,"LS00WODE","LakeSediment",69.23,86.57,50,"Dervanoi","1.0.8",1,NA,"positive","air@surface",17,93.8,1899.2,1805.4,97.3,1805.4,FALSE,TRUE,FALSE,TRUE,FALSE,FALSE,11,TRUE,FALSE,TRUE,TRUE,TRUE,"resolution","data-poor exception",TRUE,NA
"LS96VOAM01","TbjKo6fRDVQ5yXy6xGBs","paleo1measurement1","d18O","permil","d18O","isotopic",FALSE,"Ammersee.vonGrafenstein.1996","LakeSediment",48,11.1167,533,"Ammersee","1.0.6",1,"Annual","positive","air@surface",124,152.81,1962.08,1809.27,2.37999999999988,1809.27,FALSE,TRUE,FALSE,TRUE,TRUE,FALSE,0,TRUE,TRUE,TRUE,TRUE,TRUE,"","criteria",TRUE,NA
"LS96VOAM01_iso2k","Or2JCxlPULjJgMadAx0L","paleo1measurement1","d18O","permil",NA,NA,FALSE,"LS96VOAM","LakeSediment",47.1,11.0166,533,"Ammersee","1.1.9",1,NA,"positive","0.58 +- 0.11ppt/degrees C",124,152.81,1962.08,1809.27,2.37999999999988,1809.27,FALSE,TRUE,FALSE,TRUE,TRUE,FALSE,0,TRUE,TRUE,TRUE,TRUE,TRUE,"","criteria",TRUE,NA
"M2L2322dg93P","FQKkz2aQwpsic4Gca2JU","paleo1measurement1","temperature","degC","pollen","floral assemblage",FALSE,"Cranberry.McAndrews.NA","LakeSediment",44.1,-78.1,170,"Cranberry","1.0.6",1,"Warmest Month","positive","air@surface",35,48,1976,1928,44,1928,FALSE,TRUE,FALSE,TRUE,TRUE,FALSE,6,TRUE,FALSE,TRUE,TRUE,TRUE,"","criteria",TRUE,NA
"M2L7p5fn09cP","LDIuTH9pyEn9UB1CKxhC","paleo1measurement1","temperature","degC","pollen","floral assemblage",FALSE,"Moon.Grimm.1996","LakeSediment",46.86,-98.16,444,"Moon","1.0.10",1,"Annual","positive","air@surface",48,84,1982,1898,31,1898,FALSE,TRUE,FALSE,TRUE,TRUE,FALSE,14,TRUE,FALSE,TRUE,TRUE,TRUE,"","criteria",TRUE,NA
"M2La3lgwa79P","KEsEnXJvwprV9loTYtb7","paleo1measurement1","temperature","degC","pollen","floral assemblage",FALSE,"ClearLakeIN.Bailey.1972","LakeSediment",41.64,-86.54,244,"Clear Lake IN","1.0.9",1,"Annual","positive","air@surface",10,267.5,1928.2,1660.7,21.9000000000001,1660.7,FALSE,TRUE,FALSE,TRUE,TRUE,FALSE,6,TRUE,FALSE,TRUE,TRUE,TRUE,"","criteria",TRUE,NA
"M2LbakiygplP","LDIuTH9pyEn9UB1CKxhC","paleo1measurement1","temperature","degC","pollen","floral assemblage",FALSE,"Moon.Grimm.1996","LakeSediment",46.86,-98.16,444,"Moon","1.0.10",1,"Summer","positive","air@surface",48,84,1982,1898,31,1898,FALSE,TRUE,FALSE,TRUE,TRUE,FALSE,14,TRUE,FALSE,TRUE,TRUE,TRUE,"","criteria",TRUE,NA
"M2Leb83o3ngP","B9vVTcWWXGr1cqTTU67P","paleo1measurement1","temperature","degC","pollen","floral assemblage",FALSE,"DevonIslandGlacier.McAndrews.1984","LakeSediment",75.35,-82.5,1800,"Devon Island Glacier","1.0.12",1,"Warmest Month","positive","air@surface",65,103,1973,1870,20,1870,FALSE,TRUE,FALSE,TRUE,TRUE,FALSE,13,TRUE,FALSE,TRUE,TRUE,TRUE,"","criteria",TRUE,NA
"M2Lgb6c2jm2P","0DiDqWP3dtzQzK9msBeD","paleo1measurement1","temperature","degC","pollen","floral assemblage",FALSE,"BeefPasture.Petersen.1985","LakeSediment",37.47,-108.16,3060,"Beef Pasture","1.0.8",1,"Annual","positive","air@surface",61,64,1950,1886,25.9000000000001,1886,FALSE,TRUE,FALSE,TRUE,TRUE,FALSE,11,TRUE,FALSE,TRUE,TRUE,TRUE,"","criteria",TRUE,NA
"M2Lmj0qhtsrP","WL6HAjG5tt8M1bICkEpP","paleo1measurement1","temperature","degC","pollen","floral assemblage",FALSE,"Billys.Jacobson.1975","LakeSediment",46.27,-94.55,383,"Billys","1.0.7",1,"Coldest Month","positive","air@surface",33,74.4000000000001,1950,1875.6,48.6500000000001,1875.6,FALSE,TRUE,FALSE,TRUE,TRUE,FALSE,6,TRUE,FALSE,TRUE,TRUE,TRUE,"","criteria",TRUE,NA
"M2Ln0os2orwP","B9vVTcWWXGr1cqTTU67P","paleo1measurement1","temperature","degC","pollen","floral assemblage",FALSE,"DevonIslandGlacier.McAndrews.1984","LakeSediment",75.35,-82.5,1800,"Devon Island Glacier","1.0.12",1,"Coldest Month","positive","air@surface",65,103,1973,1870,20,1870,FALSE,TRUE,FALSE,TRUE,TRUE,FALSE,13,TRUE,FALSE,TRUE,TRUE,TRUE,"","criteria",TRUE,NA
"M2Loy7jz53zP","FQKkz2aQwpsic4Gca2JU","paleo1measurement1","temperature","degC","pollen","floral assemblage",FALSE,"Cranberry.McAndrews.NA","LakeSediment",44.1,-78.1,170,"Cranberry","1.0.6",1,"Annual","positive","air@surface",35,48,1976,1928,44,1928,FALSE,TRUE,FALSE,TRUE,TRUE,FALSE,6,TRUE,FALSE,TRUE,TRUE,TRUE,"","criteria",TRUE,NA
"M2Loyk9yzdgP","0DiDqWP3dtzQzK9msBeD","paleo1measurement1","temperature","degC","pollen","floral assemblage",FALSE,"BeefPasture.Petersen.1985","LakeSediment",37.47,-108.16,3060,"Beef Pasture","1.0.8",1,"Warmest Month","positive","air@surface",61,64,1950,1886,25.9000000000001,1886,FALSE,TRUE,FALSE,TRUE,TRUE,FALSE,11,TRUE,FALSE,TRUE,TRUE,TRUE,"","criteria",TRUE,NA
"M2Lp7ovi4zuP","B9vVTcWWXGr1cqTTU67P","paleo1measurement1","temperature","degC","pollen","floral assemblage",FALSE,"DevonIslandGlacier.McAndrews.1984","LakeSediment",75.35,-82.5,1800,"Devon Island Glacier","1.0.12",1,"Annual","positive","air@surface",65,103,1973,1870,20,1870,FALSE,TRUE,FALSE,TRUE,TRUE,FALSE,13,TRUE,FALSE,TRUE,TRUE,TRUE,"","criteria",TRUE,NA
"M2Lqditl4qyP","WL6HAjG5tt8M1bICkEpP","paleo1measurement1","temperature","degC","pollen","floral assemblage",FALSE,"Billys.Jacobson.1975","LakeSediment",46.27,-94.55,383,"Billys","1.0.7",1,"Annual","positive","air@surface",33,74.4000000000001,1950,1875.6,48.6500000000001,1875.6,FALSE,TRUE,FALSE,TRUE,TRUE,FALSE,6,TRUE,FALSE,TRUE,TRUE,TRUE,"","criteria",TRUE,NA
"M2Lr1vurcfcP","KEsEnXJvwprV9loTYtb7","paleo1measurement1","temperature","degC","pollen","floral assemblage",FALSE,"ClearLakeIN.Bailey.1972","LakeSediment",41.64,-86.54,244,"Clear Lake IN","1.0.9",1,"Coldest Month","positive","air@surface",10,267.5,1928.2,1660.7,21.9000000000001,1660.7,FALSE,TRUE,FALSE,TRUE,TRUE,FALSE,6,TRUE,FALSE,TRUE,TRUE,TRUE,"","criteria",TRUE,NA
"M2Lrb7axgd8P","0DiDqWP3dtzQzK9msBeD","paleo1measurement1","temperature","degC","pollen","floral assemblage",FALSE,"BeefPasture.Petersen.1985","LakeSediment",37.47,-108.16,3060,"Beef Pasture","1.0.8",1,"Coldest Month","positive","air@surface",61,64,1950,1886,25.9000000000001,1886,FALSE,TRUE,FALSE,TRUE,TRUE,FALSE,11,TRUE,FALSE,TRUE,TRUE,TRUE,"","criteria",TRUE,NA
"M2Lsn8ueflfP","WL6HAjG5tt8M1bICkEpP","paleo1measurement1","temperature","degC","pollen","floral assemblage",FALSE,"Billys.Jacobson.1975","LakeSediment",46.27,-94.55,383,"Billys","1.0.7",1,"Warmest Month","positive","air@surface",33,74.4000000000001,1950,1875.6,48.6500000000001,1875.6,FALSE,TRUE,FALSE,TRUE,TRUE,FALSE,6,TRUE,FALSE,TRUE,TRUE,TRUE,"","criteria",TRUE,NA
"M2Lsys9r95jP","LDIuTH9pyEn9UB1CKxhC","paleo1measurement1","temperature","degC","pollen","floral assemblage",FALSE,"Moon.Grimm.1996","LakeSediment",46.86,-98.16,444,"Moon","1.0.10",1,"Winter","positive","air@surface",48,84,1982,1898,31,1898,FALSE,TRUE,FALSE,TRUE,TRUE,FALSE,14,TRUE,FALSE,TRUE,TRUE,TRUE,"","criteria",TRUE,NA
"M2Ltp1i0aflP","FQKkz2aQwpsic4Gca2JU","paleo1measurement1","temperature","degC","pollen","floral assemblage",FALSE,"Cranberry.McAndrews.NA","LakeSediment",44.1,-78.1,170,"Cranberry","1.0.6",1,"Coldest Month","positive","air@surface",35,48,1976,1928,44,1928,FALSE,TRUE,FALSE,TRUE,TRUE,FALSE,6,TRUE,FALSE,TRUE,TRUE,TRUE,"","criteria",TRUE,NA
"M2Lypiizu4hP","KEsEnXJvwprV9loTYtb7","paleo1measurement1","temperature","degC","pollen","floral assemblage",FALSE,"ClearLakeIN.Bailey.1972","LakeSediment",41.64,-86.54,244,"Clear Lake IN","1.0.9",1,"Warmest Month","positive","air@surface",10,267.5,1928.2,1660.7,21.9000000000001,1660.7,FALSE,TRUE,FALSE,TRUE,TRUE,FALSE,6,TRUE,FALSE,TRUE,TRUE,TRUE,"","criteria",TRUE,NA
"Malawi05","F6EDe18nenYu2W8jWLnC","paleo1measurement1","temperature","degC","TEX86","biomarker",FALSE,"Afr-LakeMalawi.Powers.2011","LakeSediment",-10.0033,34.2883,477,"Lake Malawi","1.0.11",1,"Annual","positive","lake@surface",36,1283,1996,713,18,713,FALSE,TRUE,FALSE,TRUE,TRUE,FALSE,0,TRUE,TRUE,TRUE,TRUE,TRUE,"","criteria",TRUE,NA
"MS14CCBC02","YMOX9mUgx3Jy1F8k4kU0","paleo1measurement1","d18O","permil",NA,NA,FALSE,"MS15VIBC","MarineSediment",-32.5052,-50.2427,-657,"Brazil Current","1.0.12",1,NA,"positive","surface",44,810,1965,1155,26.666667,1155,FALSE,TRUE,FALSE,TRUE,TRUE,FALSE,12,TRUE,FALSE,TRUE,TRUE,TRUE,"","criteria",TRUE,NA
"NAm_004","XAKQQG0kRtG4dyqdaMHn","paleo1measurement1","trsgi","unitless","ring width","dendrophysical",FALSE,"NAm-CarltonRidge.Kipfmuller.2008","Wood",46.7,-114.2,2614,"Carlton Ridge","1.0.8",1,"Annual","positive","air@surface",849,1150,1998,848,1,848,FALSE,TRUE,TRUE,TRUE,TRUE,TRUE,0,TRUE,FALSE,TRUE,TRUE,TRUE,"","criteria",TRUE,NA
"NAm_016","kJ8NSKzkuWsMfCYwH4Bc","paleo1measurement1","trsgi","unitless","ring width","dendrophysical",FALSE,"NAm-FremontGlacier.Hill.0","Wood",43,-109.6,3292,"Fremont Glacier","1.0.8",1,"Annual","positive","air@surface",775,1227,2001,774,1,774,FALSE,TRUE,TRUE,TRUE,TRUE,TRUE,0,TRUE,FALSE,TRUE,TRUE,TRUE,"","criteria",TRUE,NA
"NAm_028","zXs8PjuE6mAXsCA1LzBq","paleo1measurement1","trsgi","unitless","ring width","dendrophysical",FALSE,"NAm-GreatBasin.Salzer.2013","Wood",37,-116.5,700,"Great Basin 4500yr Composite Chronology","1.0.8",1,"Summer","positive","air@surface",2009,1,2009,2008,1,2008,FALSE,TRUE,TRUE,TRUE,TRUE,TRUE,0,TRUE,FALSE,TRUE,TRUE,TRUE,"","criteria",TRUE,NA
"NAm_040","wkHPN9AdocgBgZspVdo8","paleo1measurement1","trsgi","unitless","ring width","dendrophysical",FALSE,"NAm-SanFrancisoPeaksUpdate.Graybill.2005","Wood",35.3,-111.4,3535,"San Franciso Peaks Update","1.0.8",1,"Summer","positive","air@surface",2002,1,2002,2001,1,2001,FALSE,TRUE,TRUE,TRUE,TRUE,TRUE,0,TRUE,FALSE,TRUE,TRUE,TRUE,"","criteria",TRUE,NA
"NAm_052","FO2emDqoLPoia57F3fTE","paleo1measurement1","trsgi","unitless","ring width","dendrophysical",FALSE,"NAm-SiberianOutpostView.Bunn.2010","Wood",36.5,-118.3,3500,"Siberian Outpost View","1.0.8",1,"Annual","positive","air@surface",1508,494,2001,1507,1,1507,FALSE,TRUE,TRUE,TRUE,TRUE,TRUE,0,TRUE,FALSE,TRUE,TRUE,TRUE,"","criteria",TRUE,NA
"NAm_064","MXjCxsjN0QR98fM21j6h","paleo1measurement1","trsgi","unitless","ring width","dendrophysical",FALSE,"NAm-HerringAlpine.Fritts.1995","Wood",60.4,-147.8,275,"Herring Alpine","1.0.8",1,"Summer","positive","air@surface",551,1422,1972,550,1,550,FALSE,TRUE,TRUE,TRUE,TRUE,TRUE,0,TRUE,FALSE,TRUE,TRUE,TRUE,"","criteria",TRUE,NA
"NAm_088","Ej1ThcgrQBZ1AJAcRD55","paleo2measurement1","MXD",NA,"maximum latewood density","dendrophysical",FALSE,"NAm-DenaliNationalPark.Schweingruber.1996","Wood",63.7,-149.6,750,"Denali National Park","1.0.8",1,"Summer","positive","air@surface",433,1551,1983,432,1,432,FALSE,TRUE,TRUE,TRUE,TRUE,TRUE,0,TRUE,FALSE,TRUE,TRUE,TRUE,"","criteria",TRUE,NA
"NAm_1012","gZI9MLRaHoLumTaWfqyB","paleo1measurement1","trsgi","unitless","ring width","dendrophysical",FALSE,"NAm-LacRomanel.Schweingruber.1996","Wood",56.2,-67.7,1000,"Lac Romanel (Feucht)","1.0.8",1,"Summer","positive","air@surface",330,1659,1988,329,1,329,FALSE,TRUE,TRUE,TRUE,TRUE,TRUE,0,TRUE,FALSE,TRUE,TRUE,TRUE,"","criteria",TRUE,NA
"NAm_1024","gZI9MLRaHoLumTaWfqyB","paleo2measurement1","MXD",NA,"maximum latewood density","dendrophysical",FALSE,"NAm-LacRomanel.Schweingruber.1996","Wood",56.2,-67.7,1000,"Lac Romanel (Feucht)","1.0.8",1,"Summer","positive","air@surface",330,1659,1988,329,1,329,FALSE,TRUE,TRUE,TRUE,TRUE,TRUE,0,TRUE,FALSE,TRUE,TRUE,TRUE,"","criteria",TRUE,NA
"NAm_1072","8ppaSHq1ez3FXkIhTX39","paleo2measurement1","MXD",NA,"maximum latewood density","dendrophysical",FALSE,"NAm-DonJekRiverBridge.Schweingruber.1996","Wood",61.7,-139.7,750,"Don Jek River Bridge","1.0.8",1,"Summer","positive","air@surface",399,1585,1983,398,1,398,FALSE,TRUE,TRUE,TRUE,TRUE,TRUE,0,TRUE,FALSE,TRUE,TRUE,TRUE,"","criteria",TRUE,NA
"NAm_1108","o54q2vzqLKudYQfVE81a","paleo1measurement1","trsgi","unitless","ring width","dendrophysical",FALSE,"NAm-SmithersSkiArea.Schweingruber.1996","Wood",54.9,-127.3,1200,"Smithers Ski Area","1.0.8",1,"Summer","positive","air@surface",304,1680,1983,303,1,303,FALSE,TRUE,TRUE,TRUE,TRUE,TRUE,0,TRUE,FALSE,TRUE,TRUE,TRUE,"","criteria",TRUE,NA
"NAm_1120","o54q2vzqLKudYQfVE81a","paleo2measurement1","MXD",NA,"maximum latewood density","dendrophysical",FALSE,"NAm-SmithersSkiArea.Schweingruber.1996","Wood",54.9,-127.3,1200,"Smithers Ski Area","1.0.8",1,"Summer","positive","air@surface",304,1680,1983,303,1,303,FALSE,TRUE,TRUE,TRUE,TRUE,TRUE,0,TRUE,FALSE,TRUE,TRUE,TRUE,"","criteria",TRUE,NA
"NAm_1168","Lzug04PiusOAntzWSDh7","paleo2measurement1","MXD",NA,"maximum latewood density","dendrophysical",FALSE,"NAm-BellMountain.Schweingruber.1996","Wood",53.3,-120.7,1530,"Bell Mountain","1.0.8",1,"Summer","positive","air@surface",335,1649,1983,334,1,334,FALSE,TRUE,TRUE,TRUE,TRUE,TRUE,0,TRUE,FALSE,TRUE,TRUE,TRUE,"","criteria",TRUE,NA
"NAm_1204","FWILEwpIgD2aF0mcUYwt","paleo1measurement1","trsgi","unitless","ring width","dendrophysical",FALSE,"NAm-SunwaptaPass.Schweingruber.1996","Wood",52.3,-117,2000,"Sunwapta Pass","1.0.8",1,"Summer","positive","air@surface",376,1608,1983,375,1,375,FALSE,TRUE,TRUE,TRUE,TRUE,TRUE,0,TRUE,FALSE,TRUE,TRUE,TRUE,"","criteria",TRUE,NA
"NAm_1216","FWILEwpIgD2aF0mcUYwt","paleo2measurement1","MXD",NA,"maximum latewood density","dendrophysical",FALSE,"NAm-SunwaptaPass.Schweingruber.1996","Wood",52.3,-117,2000,"Sunwapta Pass","1.0.8",1,"Summer","positive","air@surface",376,1608,1983,375,1,375,FALSE,TRUE,TRUE,TRUE,TRUE,TRUE,0,TRUE,FALSE,TRUE,TRUE,TRUE,"","criteria",TRUE,NA
"NAm_1240","lrlyFh0B63if96CT0dEf","paleo2measurement1","MXD",NA,"maximum latewood density","dendrophysical",FALSE,"NAm-PeytoLake.Schweingruber.1996","Wood",51.8,-116.2,2050,"Peyto Lake","1.0.8",1,"Summer","positive","air@surface",350,1634,1983,349,1,349,FALSE,TRUE,TRUE,TRUE,TRUE,TRUE,0,TRUE,FALSE,TRUE,TRUE,TRUE,"","criteria",TRUE,NA
"NAm_1312","40DA8rnIp5S1lWFqjm46","paleo2measurement1","MXD",NA,"maximum latewood density","dendrophysical",FALSE,"NAm-VancouverCyprusProvincialPark.Briffa.1996","Wood",49.4,-123.1,1110,"Vancouver Cyprus Provincial Park","1.0.8",1,"Summer","positive","air@surface",571,1413,1983,570,1,570,FALSE,TRUE,TRUE,TRUE,TRUE,TRUE,0,TRUE,FALSE,TRUE,TRUE,TRUE,"","criteria",TRUE,NA
"NAm_1360","NmqSDMpZwpUYilEF3gUt","paleo2measurement1","MXD",NA,"maximum latewood density","dendrophysical",FALSE,"NAm-ArrowsmithMountain.Briffa.1996","Wood",49.2,-125.2,1020,"Arrowsmith Mountain","1.0.8",1,"Summer","positive","air@surface",355,1629,1983,354,1,354,FALSE,TRUE,TRUE,TRUE,TRUE,TRUE,0,TRUE,FALSE,TRUE,TRUE,TRUE,"","criteria",TRUE,NA
"NAm_1384","rl0r8UeSJrgYstgicoB4","paleo1measurement1","trsgi","unitless","ring width","dendrophysical",FALSE,"NAm-BigWhite.Parish.2000","Wood",49.9,-118.9,1700,"Big White","1.0.8",1,"Summer","positive","air@surface",330,1669,1998,329,1,329,FALSE,TRUE,TRUE,TRUE,TRUE,TRUE,0,TRUE,FALSE,TRUE,TRUE,TRUE,"","criteria",TRUE,NA
"NAm_1396","Osmwf5rI661GR6ignkP1","paleo1measurement1","trsgi","unitless","ring width","dendrophysical",FALSE,"NAm-CoppermineRiver.Jacoby.1989","Wood",67.2,-115.9,213,"Coppermine River","1.0.8",1,"Summer","positive","air@surface",550,1428,1977,549,1,549,FALSE,TRUE,TRUE,TRUE,TRUE,TRUE,0,TRUE,FALSE,TRUE,TRUE,TRUE,"","criteria",TRUE,NA
"NAm_1408","dWidG5JxovG0e9GVOv22","paleo1measurement1","trsgi","unitless","ring width","dendrophysical",FALSE,"NAm-HornbyCabin.Jacoby.1989","Wood",64,-103.9,160,"Hornby Cabin","1.0.8",1,"Summer","positive","air@surface",494,1491,1984,493,1,493,FALSE,TRUE,TRUE,TRUE,TRUE,TRUE,0,TRUE,FALSE,TRUE,TRUE,TRUE,"","criteria",TRUE,NA
"NAm_1420","tCP6mUDTO96vjanS54Zq","paleo2measurement1","trsgi","unitless","ring width","dendrophysical",FALSE,"NAm-TwistedTreeHeartrotHill.Jacoby.1989","Wood",65,-138.3,915,"Twisted Tree Heartrot Hill","1.0.8",1,"Summer","positive","air@surface",426,1550,1975,425,1,425,FALSE,TRUE,TRUE,TRUE,TRUE,TRUE,0,TRUE,FALSE,TRUE,TRUE,TRUE,"","criteria",TRUE,NA
"NAm_1432","vKwPGlRzyLBQX0te1uz5","paleo1measurement1","trsgi","unitless","ring width","dendrophysical",FALSE,"NAm-Bonif.Schweingruber.1996","Wood",55.3,-77.8,50,"Bonif  historisc","1.0.8",1,"Summer","positive","air@surface",638,1352,1989,637,1,637,FALSE,TRUE,TRUE,TRUE,TRUE,TRUE,0,TRUE,FALSE,TRUE,TRUE,TRUE,"","criteria",TRUE,NA
"NAm_1444","vKwPGlRzyLBQX0te1uz5","paleo2measurement1","MXD",NA,"maximum latewood density","dendrophysical",FALSE,"NAm-Bonif.Schweingruber.1996","Wood",55.3,-77.8,50,"Bonif  historisc","1.0.8",1,"Summer","positive","air@surface",638,1352,1989,637,1,637,FALSE,TRUE,TRUE,TRUE,TRUE,TRUE,0,TRUE,FALSE,TRUE,TRUE,TRUE,"","criteria",TRUE,NA
"NAm_1468","qmHkjXQqEOYu7QMcgcB8","paleo2measurement1","MXD",NA,"maximum latewood density","dendrophysical",FALSE,"NAm-Athabasca.Schweingruber.1996","Wood",51.4,-117.3,2000,"Athabasca, historisch","1.0.8",1,"Summer","positive","air@surface",920,1072,1991,919,1,919,FALSE,TRUE,TRUE,TRUE,TRUE,TRUE,0,TRUE,FALSE,TRUE,TRUE,TRUE,"","criteria",TRUE,NA
"NAm_148","gJsyTY9m4xTtfk64UoBa","paleo1measurement1","trsgi","unitless","ring width","dendrophysical",FALSE,"NAm-EurekaSummit.Schweingruber.1996","Wood",61.8,-147.3,960,"Eureka Summit","1.0.8",1,"Summer","positive","air@surface",330,1654,1983,329,1,329,FALSE,TRUE,TRUE,TRUE,TRUE,TRUE,0,TRUE,FALSE,TRUE,TRUE,TRUE,"","criteria",TRUE,NA
"NAm_1564","LSRy5cwhawMuwrCyJCNr","paleo1measurement1","trsgi","unitless","ring width","dendrophysical",FALSE,"NAm-MedusaBay.Buckley.2003","Wood",56.9,-61.5,25,"Medusa Bay","1.0.8",1,"Summer","positive","air@surface",364,1634,1997,363,1,363,FALSE,TRUE,TRUE,TRUE,TRUE,TRUE,0,TRUE,FALSE,TRUE,TRUE,TRUE,"","criteria",TRUE,NA
"NAm_1576","jlI6FDPTWxrnNE26jkaY","paleo1measurement1","trsgi","unitless","ring width","dendrophysical",FALSE,"NAm-MeadowMountain.Wilson.2005","Wood",50.2,-117.1,2100,"Meadow Mountain","1.0.8",1,"Summer","positive","air@surface",329,1669,1997,328,1,328,FALSE,TRUE,TRUE,TRUE,TRUE,TRUE,0,TRUE,FALSE,TRUE,TRUE,TRUE,"","criteria",TRUE,NA
"NAm_1588","jlI6FDPTWxrnNE26jkaY","paleo2measurement1","MXD",NA,"maximum latewood density","dendrophysical",FALSE,"NAm-MeadowMountain.Wilson.2005","Wood",50.2,-117.1,2100,"Meadow Mountain","1.0.8",1,"Summer","positive","air@surface",313,1685,1997,312,1,312,FALSE,TRUE,TRUE,TRUE,TRUE,TRUE,0,TRUE,FALSE,TRUE,TRUE,TRUE,"","criteria",TRUE,NA
"NAm_160","gJsyTY9m4xTtfk64UoBa","paleo2measurement1","MXD",NA,"maximum latewood density","dendrophysical",FALSE,"NAm-EurekaSummit.Schweingruber.1996","Wood",61.8,-147.3,960,"Eureka Summit","1.0.8",1,"Summer","positive","air@surface",330,1654,1983,329,1,329,FALSE,TRUE,TRUE,TRUE,TRUE,TRUE,0,TRUE,FALSE,TRUE,TRUE,TRUE,"","criteria",TRUE,NA
"NAm_1600","HomLmeWp6PlKB9AjzTr0","paleo2measurement1","trsgi","unitless","ring width","dendrophysical",FALSE,"NAm-Ymir.Wilson.2005","Wood",49.4,-117.2,1980,"Ymir","1.0.8",1,"Summer","positive","air@surface",305,1693,1997,304,1,304,FALSE,TRUE,TRUE,TRUE,TRUE,TRUE,0,TRUE,FALSE,TRUE,TRUE,TRUE,"","criteria",TRUE,NA
"NAm_1636","n2g7LPnTPDZr840uLWFu","paleo1measurement1","trsgi","unitless","ring width","dendrophysical",FALSE,"NAm-ParkMountain.Wilson.2005","Wood",50.6,-118.6,1830,"Park Mountain","1.0.8",1,"Summer","positive","air@surface",521,1477,1997,520,1,520,FALSE,TRUE,TRUE,TRUE,TRUE,TRUE,0,TRUE,FALSE,TRUE,TRUE,TRUE,"","criteria",TRUE,NA
"NAm_1648","n2g7LPnTPDZr840uLWFu","paleo2measurement1","MXD",NA,"maximum latewood density","dendrophysical",FALSE,"NAm-ParkMountain.Wilson.2005","Wood",50.6,-118.6,1830,"Park Mountain","1.0.8",1,"Summer","positive","air@surface",470,1528,1997,469,1,469,FALSE,TRUE,TRUE,TRUE,TRUE,TRUE,0,TRUE,FALSE,TRUE,TRUE,TRUE,"","criteria",TRUE,NA
"NAm_1660","fmjNRGaPBk0VTbt54l20","paleo2measurement1","trsgi","unitless","ring width","dendrophysical",FALSE,"NAm-BigWhite2.Wilson.2005","Wood",49.7,-118.9,2000,"Big White 2","1.0.8",1,"Summer","positive","air@surface",418,1580,1997,417,1,417,FALSE,TRUE,TRUE,TRUE,TRUE,TRUE,0,TRUE,FALSE,TRUE,TRUE,TRUE,"","criteria",TRUE,NA
"NAm_1672","fmjNRGaPBk0VTbt54l20","paleo3measurement1","MXD",NA,"maximum latewood density","dendrophysical",FALSE,"NAm-BigWhite2.Wilson.2005","Wood",49.7,-118.9,2000,"Big White 2","1.0.8",1,"Summer","positive","air@surface",486,1512,1997,485,1,485,FALSE,TRUE,TRUE,TRUE,TRUE,TRUE,0,TRUE,FALSE,TRUE,TRUE,TRUE,"","criteria",TRUE,NA
"NAm_1708","p2yp1Bkp7ej3cGm1MM1y","paleo1measurement1","trsgi","unitless","ring width","dendrophysical",FALSE,"NAm-CornwallHills.Wilson.2005","Wood",50.7,-121.5,1980,"Cornwall Hills","1.0.8",1,"Summer","positive","air@surface",444,1554,1997,443,1,443,FALSE,TRUE,TRUE,TRUE,TRUE,TRUE,0,TRUE,FALSE,TRUE,TRUE,TRUE,"","criteria",TRUE,NA
"NAm_172","83WaeOQjyocMnSMD9l81","paleo1measurement1","trsgi","unitless","ring width","dendrophysical",FALSE,"NAm-SettlementPointAfognakIsland.Harlan.1998","Wood",58.1,-152.7,10,"Settlement Point Afognak Island","1.0.8",1,"Summer","positive","air@surface",307,1690,1996,306,1,306,FALSE,TRUE,TRUE,TRUE,TRUE,TRUE,0,TRUE,FALSE,TRUE,TRUE,TRUE,"","criteria",TRUE,NA
"NAm_1720","p2yp1Bkp7ej3cGm1MM1y","paleo2measurement1","MXD",NA,"maximum latewood density","dendrophysical",FALSE,"NAm-CornwallHills.Wilson.2005","Wood",50.7,-121.5,1980,"Cornwall Hills","1.0.8",1,"Summer","positive","air@surface",309,1689,1997,308,1,308,FALSE,TRUE,TRUE,TRUE,TRUE,TRUE,0,TRUE,FALSE,TRUE,TRUE,TRUE,"","criteria",TRUE,NA
"NAm_1744","W83Lzs0aJN45RzLRZFhu","paleo1measurement1","trsgi","unitless","ring width","dendrophysical",FALSE,"NAm-IttyhaukBay.D'Arrigo.2011","Wood",56,-61,50,"Ittyhauk Bay","1.0.8",1,"Summer","positive","air@surface",310,1689,1998,309,1,309,FALSE,TRUE,TRUE,TRUE,TRUE,TRUE,0,TRUE,FALSE,TRUE,TRUE,TRUE,"","criteria",TRUE,NA
"NAm_1816","LGd7xwQ0xI04O2UXXyL0","paleo3measurement1","MXD",NA,"maximum latewood density","dendrophysical",FALSE,"NAm-EagleFecal_PtarmiganMerge.Jacoby.2011","Wood",69.5,-127.8,500,"Eagle Fecal/Ptarmigan Merge","1.0.8",1,"Summer","positive","air@surface",444,1550,1993,443,1,443,FALSE,TRUE,TRUE,TRUE,TRUE,TRUE,0,TRUE,FALSE,TRUE,TRUE,TRUE,"","criteria",TRUE,NA
"NAm_1828","kQPoKgv6bLNhLohYz5P8","paleo1measurement1","trsgi","unitless","ring width","dendrophysical",FALSE,"NAm-Manitoba.D'Arrigo.2006","Wood",58,-94,100,"Manitoba composite","1.0.8",1,"Summer","positive","air@surface",333,1650,1982,332,1,332,FALSE,TRUE,TRUE,TRUE,TRUE,TRUE,0,TRUE,FALSE,TRUE,TRUE,TRUE,"","criteria",TRUE,NA
"NAm_184","Fi6VwKh4sV4ixAk0h6g3","paleo1measurement1","trsgi","unitless","ring width","dendrophysical",FALSE,"NAm-MinersWell.Wiles.2000","Wood",60,-141.7,650,"Miners Well","1.0.8",1,"Summer","positive","air@surface",568,1428,1995,567,1,567,FALSE,TRUE,TRUE,TRUE,TRUE,TRUE,0,TRUE,FALSE,TRUE,TRUE,TRUE,"","criteria",TRUE,NA
"NAm_1840","oghITCFCS3g0Hrdb4XWk","paleo1measurement1","trsgi","unitless","ring width","dendrophysical",FALSE,"NAm-Bennington.Luckman.2013","Wood",52.7,-118.3,1850,"Bennington","1.0.8",1,"Annual","positive","air@surface",893,1104,1996,892,1,892,FALSE,TRUE,TRUE,TRUE,TRUE,TRUE,0,TRUE,FALSE,TRUE,TRUE,TRUE,"","criteria",TRUE,NA
"NAm_1852","zHVVTITu9VXfJxv82zlL","paleo1measurement1","trsgi","unitless","ring width","dendrophysical",FALSE,"NAm-FrenchGlacier.Colenutt.1995","Wood",50.8,-115.3,2300,"French Glacier","1.0.8",1,"Summer","positive","air@surface",925,1069,1993,924,1,924,FALSE,TRUE,TRUE,TRUE,TRUE,TRUE,0,TRUE,FALSE,TRUE,TRUE,TRUE,"","criteria",TRUE,NA
"NAm_1876","3aTNuveIcZsmeuk5wdut","paleo1measurement1","trsgi","unitless","ring width","dendrophysical",FALSE,"NAm-Landslide.Luckman.2006","Wood",60.2,-138.5,800,"Landslide","1.0.8",1,"Summer","positive","air@surface",1089,913,2001,1088,1,1088,FALSE,TRUE,TRUE,TRUE,TRUE,TRUE,0,TRUE,FALSE,TRUE,TRUE,TRUE,"","criteria",TRUE,NA
"NAm_1924","g2dbYB35qjjqhZTOId9R","paleo2measurement1","trsgi","unitless","ring width","dendrophysical",FALSE,"NAm-BlanchardRiver.Luckman.2013","Wood",59.9,-136.8,931,"Blanchard River","1.0.8",1,"Annual","positive","air@surface",334,1670,2003,333,1,333,FALSE,TRUE,TRUE,TRUE,TRUE,TRUE,0,TRUE,FALSE,TRUE,TRUE,TRUE,"","criteria",TRUE,NA
"NAm_1936","VO9Qy161y0kAPoShwmFw","paleo1measurement1","trsgi","unitless","ring width","dendrophysical",FALSE,"NAm-Nadahini.Luckman.2013","Wood",59.8,-136.6,915,"Nadahini","1.0.8",1,"Annual","positive","air@surface",432,1572,2003,431,1,431,FALSE,TRUE,TRUE,TRUE,TRUE,TRUE,0,TRUE,FALSE,TRUE,TRUE,TRUE,"","criteria",TRUE,NA
"NAm_196","1GEJ1MX73skdhM6tbV8Z","paleo1measurement1","trsgi","unitless","ring width","dendrophysical",FALSE,"NAm-CanyonCreek.Lloyd.2002","Wood",63.3,-147.8,884,"Canyon Creek","1.0.8",1,"Summer","positive","air@surface",356,1642,1997,355,1,355,FALSE,TRUE,TRUE,TRUE,TRUE,TRUE,0,TRUE,FALSE,TRUE,TRUE,TRUE,"","criteria",TRUE,NA
"NAm_1972","JIbrO0uAW5BIqVz5Tb8Y","paleo1measurement1","trsgi","unitless","ring width","dendrophysical",FALSE,"NAm-RockGlacierYukon.Kenigsberg.2013","Wood",61.4,-128.4,1450,"Rock Glacier Yukon","1.0.8",1,"Annual","positive","air@surface",306,1697,2002,305,1,305,FALSE,TRUE,TRUE,TRUE,TRUE,TRUE,0,TRUE,FALSE,TRUE,TRUE,TRUE,"","criteria",TRUE,NA
"NAm_1996","kBEsXumenNT6CXivQyh2","paleo1measurement1","trsgi","unitless","ring width","dendrophysical",FALSE,"NAm-SnakeCreek.Kenigsberg.2013","Wood",59.6,-133.4,1350,"Snake Creek","1.0.8",1,"Annual","positive","air@surface",355,1645,1999,354,1,354,FALSE,TRUE,TRUE,TRUE,TRUE,TRUE,0,TRUE,FALSE,TRUE,TRUE,TRUE,"","criteria",TRUE,NA
"NAm_2008","SdbpH8dOj1w6Tymklh7j","paleo2measurement1","trsgi","unitless","ring width","dendrophysical",FALSE,"NAm-Sugarloaf.Kenigsberg.2013","Wood",60.1,-134.4,1330,"Sugarloaf","1.0.8",1,"Annual","positive","air@surface",304,1700,2003,303,1,303,FALSE,TRUE,TRUE,TRUE,TRUE,TRUE,0,TRUE,FALSE,TRUE,TRUE,TRUE,"","criteria",TRUE,NA
"NAm_2056","p09cfUsNNSYBuOjGANue","paleo2measurement1","MXD",NA,"maximum latewood density","dendrophysical",FALSE,"NAm-SunshineMeadows.Colenutt.1995","Wood",51.1,-115.8,2250,"Sunshine Meadows","1.0.8",1,"Summer","positive","air@surface",548,1440,1987,547,1,547,FALSE,TRUE,TRUE,TRUE,TRUE,TRUE,0,TRUE,FALSE,TRUE,TRUE,TRUE,"","criteria",TRUE,NA
"NAm_2068","53xGlzqt6GSByMcw8FHK","paleo1measurement1","trsgi","unitless","ring width","dendrophysical",FALSE,"NAm-AthabascaGlacier2.Luckman.2005","Wood",52.2,-117.2,2000,"Athabasca Glacier 2","1.0.8",1,"Summer","positive","air@surface",1068,920,1987,1067,1,1067,FALSE,TRUE,TRUE,TRUE,TRUE,TRUE,0,TRUE,FALSE,TRUE,TRUE,TRUE,"","criteria",TRUE,NA
"NAm_2080","53xGlzqt6GSByMcw8FHK","paleo2measurement1","MXD",NA,"maximum latewood density","dendrophysical",FALSE,"NAm-AthabascaGlacier2.Luckman.2005","Wood",52.2,-117.2,2000,"Athabasca Glacier 2","1.0.8",1,"Summer","positive","air@surface",330,1665,1994,329,1,329,FALSE,TRUE,TRUE,TRUE,TRUE,TRUE,0,TRUE,FALSE,TRUE,TRUE,TRUE,"","criteria",TRUE,NA
"NAm_2092","hOKxV4PVTX9Ci0bOdjnZ","paleo1measurement1","trsgi","unitless","ring width","dendrophysical",FALSE,"NAm-Bennington.Luckman.2001","Wood",52.7,-118.3,1850,"Bennington","1.0.8",1,"Annual","positive","air@surface",434,1563,1996,433,1,433,FALSE,TRUE,TRUE,TRUE,TRUE,TRUE,0,TRUE,FALSE,TRUE,TRUE,TRUE,"","criteria",TRUE,NA
"NAm_2116","GD3tU9veEl7sfH0Z5JK8","paleo1measurement1","trsgi","unitless","ring width","dendrophysical",FALSE,"NAm-BowSummit-PeytoLake.Luckman.2005","Wood",51.7,-116.5,2050,"Bow Summit/Peyto Lake","1.0.8",1,"Summer","positive","air@surface",426,1575,2000,425,1,425,FALSE,TRUE,TRUE,TRUE,TRUE,TRUE,0,TRUE,FALSE,TRUE,TRUE,TRUE,"","criteria",TRUE,NA
"NAm_2128","H7ky4sF8uLa3c1z8Slg1","paleo1measurement1","trsgi","unitless","ring width","dendrophysical",FALSE,"NAm-CardinalDivide.Luckman.2001","Wood",52.9,-117.3,2050,"Cardinal Divide","1.0.8",1,"Annual","positive","air@surface",463,1528,1990,462,1,462,FALSE,TRUE,TRUE,TRUE,TRUE,TRUE,0,TRUE,FALSE,TRUE,TRUE,TRUE,"","criteria",TRUE,NA
"NAm_2152","0JQU7qHx9jTMVDDqHa38","paleo1measurement1","trsgi","unitless","ring width","dendrophysical",FALSE,"NAm-GeraldineLakes.Luckman.2001","Wood",52.6,-117.9,2000,"Geraldine Lakes","1.0.9",1,"Summer","positive","air@surface",478,1513,1990,477,1,477,FALSE,TRUE,TRUE,TRUE,TRUE,TRUE,0,TRUE,FALSE,TRUE,TRUE,TRUE,"","criteria",TRUE,NA
"NAm_2164","Z2lwjT2zsjodh5HjNi22","paleo1measurement1","trsgi","unitless","ring width","dendrophysical",FALSE,"NAm-HighwoodPass.Luckman.2001","Wood",50.6,-115,2250,"Highwood Pass","1.0.9",1,"Annual","positive","air@surface",375,1613,1987,374,1,374,FALSE,TRUE,TRUE,TRUE,TRUE,TRUE,0,TRUE,FALSE,TRUE,TRUE,TRUE,"","criteria",TRUE,NA
"NAm_2176","b4Be85fF1Aidr5LkNGOQ","paleo1measurement1","trsgi","unitless","ring width","dendrophysical",FALSE,"NAm-Hilda.Kavanagh.2000","Wood",52.2,-117.2,2200,"Hilda","1.0.8",1,"Annual","positive","air@surface",573,1428,2000,572,1,572,FALSE,TRUE,TRUE,TRUE,TRUE,TRUE,0,TRUE,FALSE,TRUE,TRUE,TRUE,"","criteria",TRUE,NA
"NAm_220","0bwV9Qx7wW5DfaO34xz4","paleo1measurement1","trsgi","unitless","ring width","dendrophysical",FALSE,"NAm-KobukNoatak.King.2003","Wood",67.1,-159.6,100,"Kobuk/Noatak","1.0.8",1,"Summer","positive","air@surface",1015,978,1992,1014,1,1014,FALSE,TRUE,TRUE,TRUE,TRUE,TRUE,0,TRUE,FALSE,TRUE,TRUE,TRUE,"","criteria",TRUE,NA
"NAm_2212","CPqB8D2meygEwsWgxdQ7","paleo1measurement1","trsgi","unitless","ring width","dendrophysical",FALSE,"NAm-Nakiska.Luckman.2001","Wood",50.9,-115.2,2120,"Nakiska","1.0.9",1,"Annual","positive","air@surface",369,1619,1987,368,1,368,FALSE,TRUE,TRUE,TRUE,TRUE,TRUE,0,TRUE,FALSE,TRUE,TRUE,TRUE,"","criteria",TRUE,NA
"NAm_2236","eKF8sS2XDUs6ZUkdUpOi","paleo1measurement1","trsgi","unitless","ring width","dendrophysical",FALSE,"NAm-PyramidMountain.Luckman.2001","Wood",53,-118.2,2000,"Pyramid Mountain","1.0.9",1,"Annual","positive","air@surface",366,1625,1990,365,1,365,FALSE,TRUE,TRUE,TRUE,TRUE,TRUE,0,TRUE,FALSE,TRUE,TRUE,TRUE,"","criteria",TRUE,NA
"NAm_2260","lVwi2m07HHGi5AerIxEG","paleo1measurement1","trsgi","unitless","ring width","dendrophysical",FALSE,"NAm-SignalMountain.Luckman.2001","Wood",52.9,-118,2050,"Signal Mountain","1.0.9",1,"Annual","positive","air@surface",502,1489,1990,501,1,501,FALSE,TRUE,TRUE,TRUE,TRUE,TRUE,0,TRUE,FALSE,TRUE,TRUE,TRUE,"","criteria",TRUE,NA
"NAm_2272","0k1dCmpfYrmCqANemgp8","paleo1measurement1","trsgi","unitless","ring width","dendrophysical",FALSE,"NAm-SmallRiver.Luckman.2001","Wood",53.2,-119.5,1900,"Small River","1.0.9",1,"Annual","positive","air@surface",421,1569,1989,420,1,420,FALSE,TRUE,TRUE,TRUE,TRUE,TRUE,0,TRUE,FALSE,TRUE,TRUE,TRUE,"","criteria",TRUE,NA
"NAm_2308","DHRR401tE4lP03ufWZMd","paleo1measurement1","trsgi","unitless","ring width","dendrophysical",FALSE,"NAm-SurpriseValley.Luckman.2001","Wood",52.8,-117.7,1800,"Surprise Valley","1.0.9",1,"Annual","positive","air@surface",391,1600,1990,390,1,390,FALSE,TRUE,TRUE,TRUE,TRUE,TRUE,0,TRUE,FALSE,TRUE,TRUE,TRUE,"","criteria",TRUE,NA
"NAm_232","dNHk7j5F2IMcg1EFTpyo","paleo1measurement1","trsgi","unitless","ring width","dendrophysical",FALSE,"NAm-AlmondButterLower.D'Arrigo.2005","Wood",65.2,-162.2,168,"Almond Butter Lower","1.0.8",1,"Summer","positive","air@surface",396,1607,2002,395,1,395,FALSE,TRUE,TRUE,TRUE,TRUE,TRUE,0,TRUE,FALSE,TRUE,TRUE,TRUE,"","criteria",TRUE,NA
"NAm_2392","cfs7Nkc3zR1zYoquU7a9","paleo2measurement1","MXD",NA,"maximum latewood density","dendrophysical",FALSE,"NAm-Arapahoe.Kienast.1996","Wood",40.1,-105.6,3320,"Arapahoe","1.0.8",1,"Summer","positive","air@surface",373,1610,1982,372,1,372,FALSE,TRUE,TRUE,TRUE,TRUE,TRUE,0,TRUE,FALSE,TRUE,TRUE,TRUE,"","criteria",TRUE,NA
"NAm_244","2JpVmiL8z4P6y8o14Yje","paleo1measurement1","trsgi","unitless","ring width","dendrophysical",FALSE,"NAm-AlmondButterUpper.D'Arrigo.2005","Wood",65.2,-162.2,213,"Almond Butter Upper","1.0.8",1,"Summer","positive","air@surface",597,1406,2002,596,1,596,FALSE,TRUE,TRUE,TRUE,TRUE,TRUE,0,TRUE,FALSE,TRUE,TRUE,TRUE,"","criteria",TRUE,NA
"NAm_2464","a1dLmQv8NVQKbhVMUZsa","paleo2measurement1","MXD",NA,"maximum latewood density","dendrophysical",FALSE,"NAm-RedMountainPassSilverton.Graybill.1994","Wood",37.9,-107.7,3400,"Red Mountain Pass Silverton","1.0.8",1,"Summer","positive","air@surface",358,1626,1983,357,1,357,FALSE,TRUE,TRUE,TRUE,TRUE,TRUE,0,TRUE,FALSE,TRUE,TRUE,TRUE,"","criteria",TRUE,NA
"NAm_2476","BHgEZaOZGO7aGoDiGaJE","paleo1measurement1","trsgi","unitless","ring width","dendrophysical",FALSE,"NAm-PikePeaks.Harlan.1996","Wood",39.3,-105,3600,"Pike Peaks","1.0.8",1,"Summer","positive","air@surface",454,1530,1983,453,1,453,FALSE,TRUE,TRUE,TRUE,TRUE,TRUE,0,TRUE,FALSE,TRUE,TRUE,TRUE,"","criteria",TRUE,NA
"NAm_2488","BHgEZaOZGO7aGoDiGaJE","paleo2measurement1","MXD",NA,"maximum latewood density","dendrophysical",FALSE,"NAm-PikePeaks.Harlan.1996","Wood",39.3,-105,3600,"Pike Peaks","1.0.8",1,"Summer","positive","air@surface",454,1530,1983,453,1,453,FALSE,TRUE,TRUE,TRUE,TRUE,TRUE,0,TRUE,FALSE,TRUE,TRUE,TRUE,"","criteria",TRUE,NA
"NAm_2500","3PVfSU8x4N6WrPxZw2pH","paleo1measurement1","trsgi","unitless","ring width","dendrophysical",FALSE,"NAm-CottonwoodPass.Briffa.1996","Wood",38.7,-107.6,3700,"Cottonwood Pass","1.0.8",1,"Summer","positive","air@surface",418,1565,1982,417,1,417,FALSE,TRUE,TRUE,TRUE,TRUE,TRUE,0,TRUE,FALSE,TRUE,TRUE,TRUE,"","criteria",TRUE,NA
"NAm_2512","3PVfSU8x4N6WrPxZw2pH","paleo2measurement1","MXD",NA,"maximum latewood density","dendrophysical",FALSE,"NAm-CottonwoodPass.Briffa.1996","Wood",38.7,-107.6,3700,"Cottonwood Pass","1.0.8",1,"Summer","positive","air@surface",418,1565,1982,417,1,417,FALSE,TRUE,TRUE,TRUE,TRUE,TRUE,0,TRUE,FALSE,TRUE,TRUE,TRUE,"","criteria",TRUE,NA
"NAm_256","6cD5BGSeh0NCNcb85DD5","paleo1measurement1","trsgi","unitless","ring width","dendrophysical",FALSE,"NAm-BurntOver.D'Arrigo.2005","Wood",65.2,-162.3,259,"Burnt Over","1.0.8",1,"Summer","positive","air@surface",382,1621,2002,381,1,381,FALSE,TRUE,TRUE,TRUE,TRUE,TRUE,0,TRUE,FALSE,TRUE,TRUE,TRUE,"","criteria",TRUE,NA
"NAm_2560","7S40aKVuGM9habv8J2QN","paleo1measurement1","trsgi","unitless","ring width","dendrophysical",FALSE,"NAm-FoolCreek.Brown.2005","Wood",39.9,-105.9,3370,"Fool Creek","1.0.8",1,"Summer","positive","air@surface",769,1224,1992,768,1,768,FALSE,TRUE,TRUE,TRUE,TRUE,TRUE,0,TRUE,FALSE,TRUE,TRUE,TRUE,"","criteria",TRUE,NA
"NAm_2572","7S40aKVuGM9habv8J2QN","paleo2measurement1","MXD",NA,"maximum latewood density","dendrophysical",FALSE,"NAm-FoolCreek.Brown.2005","Wood",39.9,-105.9,3370,"Fool Creek","1.0.8",1,"Summer","positive","air@surface",698,1296,1993,697,1,697,FALSE,TRUE,TRUE,TRUE,TRUE,TRUE,0,TRUE,FALSE,TRUE,TRUE,TRUE,"","criteria",TRUE,NA
"NAm_2596","FnOXrlfA3BHNzYz6FrNf","paleo1measurement1","trsgi","unitless","ring width","dendrophysical",FALSE,"NAm-CameronPass.Bigler.2007","Wood",40.6,-105.8,3100,"Cameron Pass","1.0.8",1,"Summer","positive","air@surface",452,1552,2003,451,1,451,FALSE,TRUE,TRUE,TRUE,TRUE,TRUE,0,TRUE,FALSE,TRUE,TRUE,TRUE,"","criteria",TRUE,NA
"NAm_2632","SlfGEtxuxGNJbBe1b0sJ","paleo2measurement1","MXD",NA,"maximum latewood density","dendrophysical",FALSE,"NAm-GalenaPassSawtooth.Briffa.1996","Wood",43.9,-114.7,2580,"Galena Pass Sawtooth National Forest","1.0.8",1,"Summer","positive","air@surface",454,1530,1983,453,1,453,FALSE,TRUE,TRUE,TRUE,TRUE,TRUE,0,TRUE,FALSE,TRUE,TRUE,TRUE,"","criteria",TRUE,NA
"NAm_2656","xEk5NItlgbga9xuThqfT","paleo1measurement1","trsgi","unitless","ring width","dendrophysical",FALSE,"NAm-SleepingDeerRoad.Hughes.2005","Wood",44.6,-114.5,2820,"Sleeping Deer Road","1.0.8",1,"Summer","positive","air@surface",693,1305,1997,692,1,692,FALSE,TRUE,TRUE,TRUE,TRUE,TRUE,0,TRUE,FALSE,TRUE,TRUE,TRUE,"","criteria",TRUE,NA
"NAm_2668","xEk5NItlgbga9xuThqfT","paleo2measurement1","MXD",NA,"maximum latewood density","dendrophysical",FALSE,"NAm-SleepingDeerRoad.Hughes.2005","Wood",44.6,-114.5,2820,"Sleeping Deer Road","1.0.8",1,"Summer","positive","air@surface",510,1488,1997,509,1,509,FALSE,TRUE,TRUE,TRUE,TRUE,TRUE,0,TRUE,FALSE,TRUE,TRUE,TRUE,"","criteria",TRUE,NA
"NAm_2704","iGSpjgxYwluYmw0xQYTF","paleo2measurement1","MXD",NA,"maximum latewood density","dendrophysical",FALSE,"NAm-ElephantMountain.Conkey.1994","Wood",44.8,-70.8,930,"Elephant Mountain","1.0.8",1,"Summer","positive","air@surface",311,1667,1977,310,1,310,FALSE,TRUE,TRUE,TRUE,TRUE,TRUE,0,TRUE,FALSE,TRUE,TRUE,TRUE,"","criteria",TRUE,NA
"NAm_2716","qc69GrQmnbfeZf9T8HSB","paleo1measurement1","trsgi","unitless","ring width","dendrophysical",FALSE,"NAm-LaTasajera.Biondi.2001","Wood",31,-115.5,2400,"La Tasajera (San Pedro Martir)","1.0.8",1,"Summer","positive","air@surface",460,1536,1995,459,1,459,FALSE,TRUE,TRUE,TRUE,TRUE,TRUE,0,TRUE,FALSE,TRUE,TRUE,TRUE,"","criteria",TRUE,NA
"NAm_2728","APhGjAZmHurbppEp7iJh","paleo1measurement1","trsgi","unitless","ring width","dendrophysical",FALSE,"NAm-CienegadeNuestraSenoradeGuadalupe.Fule.2009","Wood",25.1,-106.3,2000,"Cienega de Nuestra Senora de Guadalupe","1.0.8",1,"Summer","positive","air@surface",319,1675,1993,318,1,318,FALSE,TRUE,TRUE,TRUE,TRUE,TRUE,0,TRUE,FALSE,TRUE,TRUE,TRUE,"","criteria",TRUE,NA
"NAm_2740","3hbPq9ThKfo7mCDlFkgc","paleo1measurement1","trsgi","unitless","ring width","dendrophysical",FALSE,"NAm-HighlandFireOutlook.Briffa.1996","Wood",45.8,-112.5,2730,"Highland Fire Outlook","1.0.8",1,"Summer","positive","air@surface",488,1496,1983,487,1,487,FALSE,TRUE,TRUE,TRUE,TRUE,TRUE,0,TRUE,FALSE,TRUE,TRUE,TRUE,"","criteria",TRUE,NA
"NAm_2752","3hbPq9ThKfo7mCDlFkgc","paleo2measurement1","MXD",NA,"maximum latewood density","dendrophysical",FALSE,"NAm-HighlandFireOutlook.Briffa.1996","Wood",45.8,-112.5,2730,"Highland Fire Outlook","1.0.8",1,"Summer","positive","air@surface",488,1496,1983,487,1,487,FALSE,TRUE,TRUE,TRUE,TRUE,TRUE,0,TRUE,FALSE,TRUE,TRUE,TRUE,"","criteria",TRUE,NA
"NAm_2776","ZnZDynpKbRro63UZqalz","paleo1measurement1","trsgi","unitless","ring width","dendrophysical",FALSE,"NAm-YellowMountainRidge.King.2002","Wood",45.3,-111.3,2500,"Yellow Mountain Ridge","1.0.8",1,"Summer","positive","air@surface",1529,470,1998,1528,1,1528,FALSE,TRUE,TRUE,TRUE,TRUE,TRUE,0,TRUE,FALSE,TRUE,TRUE,TRUE,"","criteria",TRUE,NA
"NAm_2788","vsInHwWJKQgDOOCMqY5M","paleo1measurement1","trsgi","unitless","ring width","dendrophysical",FALSE,"NAm-BakerLake.Hughes.2005","Wood",45.9,-114.3,2680,"Baker Lake","1.0.8",1,"Summer","positive","air@surface",1986,12,1997,1985,1,1985,FALSE,TRUE,TRUE,TRUE,TRUE,TRUE,0,TRUE,FALSE,TRUE,TRUE,TRUE,"","criteria",TRUE,NA
"NAm_280","gb8hnJHKaTVZSSnp3zDK","paleo1measurement1","trsgi","unitless","ring width","dendrophysical",FALSE,"NAm-WindyRidgeAlaska.D'Arrigo.2005","Wood",65.2,-162.2,251,"Windy Ridge Alaska","1.0.8",1,"Summer","positive","air@surface",447,1556,2002,446,1,446,FALSE,TRUE,TRUE,TRUE,TRUE,TRUE,0,TRUE,FALSE,TRUE,TRUE,TRUE,"","criteria",TRUE,NA
"NAm_2800","vsInHwWJKQgDOOCMqY5M","paleo2measurement1","MXD",NA,"maximum latewood density","dendrophysical",FALSE,"NAm-BakerLake.Hughes.2005","Wood",45.9,-114.3,2680,"Baker Lake","1.0.8",1,"Summer","positive","air@surface",564,1434,1997,563,1,563,FALSE,TRUE,TRUE,TRUE,TRUE,TRUE,0,TRUE,FALSE,TRUE,TRUE,TRUE,"","criteria",TRUE,NA
"NAm_2812","O7T70Wjt5cEp3bZkJXue","paleo1measurement1","trsgi","unitless","ring width","dendrophysical",FALSE,"NAm-FlintCreekRange.Hughes.2005","Wood",46.3,-113.2,2645,"Flint Creek Range","1.0.8",1,"Summer","positive","air@surface",1000,999,1998,999,1,999,FALSE,TRUE,TRUE,TRUE,TRUE,TRUE,0,TRUE,FALSE,TRUE,TRUE,TRUE,"","criteria",TRUE,NA
"NAm_2824","3LDchkuK7xhndDmyUhoz","paleo2measurement1","trsgi","unitless","ring width","dendrophysical",FALSE,"NAm-Pintlers.Littell.2011","Wood",46,-113.4,2700,"Pintlers","1.0.8",1,"Summer","positive","air@surface",806,1200,2005,805,1,805,FALSE,TRUE,TRUE,TRUE,TRUE,TRUE,0,TRUE,FALSE,TRUE,TRUE,TRUE,"","criteria",TRUE,NA
"NAm_2836","9IaTDhASl0exwrBlIu3G","paleo1measurement1","trsgi","unitless","ring width","dendrophysical",FALSE,"NAm-PintlersTwo.Littell.2011","Wood",46,-113.4,2750,"Pintlers Two","1.0.8",1,"Summer","positive","air@surface",759,1248,2006,758,1,758,FALSE,TRUE,TRUE,TRUE,TRUE,TRUE,0,TRUE,FALSE,TRUE,TRUE,TRUE,"","criteria",TRUE,NA
"NAm_2848","vyppiGmln5TpB6lBnd96","paleo1measurement1","trsgi","unitless","ring width","dendrophysical",FALSE,"NAm-RoweLakes.Colenutt.2011","Wood",49,-114,2135,"Rowe Lakes","1.0.8",1,"Summer","positive","air@surface",739,1252,1990,738,1,738,FALSE,TRUE,TRUE,TRUE,TRUE,TRUE,0,TRUE,FALSE,TRUE,TRUE,TRUE,"","criteria",TRUE,NA
"NAm_292","cftweuNNGmykW7VQC4FA","paleo1measurement1","trsgi","unitless","ring width","dendrophysical",FALSE,"NAm-NabesnaMine.Jacoby.2003","Wood",62.4,-143.1,1167,"Nabesna Mine","1.0.8",1,"Summer","positive","air@surface",527,1471,1997,526,1,526,FALSE,TRUE,TRUE,TRUE,TRUE,TRUE,0,TRUE,FALSE,TRUE,TRUE,TRUE,"","criteria",TRUE,NA
"NAm_3004","6LoWLKabPXj25iOiErJ3","paleo1measurement1","trsgi","unitless","ring width","dendrophysical",FALSE,"NAm-PearlPeak.Graybill.1994","Wood",40.2,-115.5,3170,"Pearl Peak","1.0.8",1,"Summer","positive","air@surface",1666,320,1985,1665,1,1665,FALSE,TRUE,TRUE,TRUE,TRUE,TRUE,0,TRUE,FALSE,TRUE,TRUE,TRUE,"","criteria",TRUE,NA
"NAm_3016","dlEKuCrP6sSt6l8M3vT2","paleo1measurement1","trsgi","unitless","ring width","dendrophysical",FALSE,"NAm-MountWashington.Graybill.1994","Wood",38.5,-114.2,3415,"Mount Washington","1.0.8",1,"Annual","positive","air@surface",1159,825,1983,1158,1,1158,FALSE,TRUE,TRUE,TRUE,TRUE,TRUE,0,TRUE,FALSE,TRUE,TRUE,TRUE,"","criteria",TRUE,NA
"NAm_304","cftweuNNGmykW7VQC4FA","paleo2measurement1","MXD",NA,"maximum latewood density","dendrophysical",FALSE,"NAm-NabesnaMine.Jacoby.2003","Wood",62.4,-143.1,1167,"Nabesna Mine","1.0.8",1,"Summer","positive","air@surface",458,1540,1997,457,1,457,FALSE,TRUE,TRUE,TRUE,TRUE,TRUE,0,TRUE,FALSE,TRUE,TRUE,TRUE,"","criteria",TRUE,NA
"NAm_3100","VcYSgGSySEiwy5a4Hi1x","paleo2measurement1","MXD",NA,"maximum latewood density","dendrophysical",FALSE,"NAm-CraterLakeNE.Briffa.2002","Wood",43,-122.2,2200,"Crater Lake NE","1.0.8",1,"Summer","positive","air@surface",420,1564,1983,419,1,419,FALSE,TRUE,TRUE,TRUE,TRUE,TRUE,0,TRUE,FALSE,TRUE,TRUE,TRUE,"","criteria",TRUE,NA
"NAm_3124","Wmzmt29ldRiTk8N3sBiQ","paleo2measurement1","MXD",NA,"maximum latewood density","dendrophysical",FALSE,"NAm-BarlowPassamMtHood.Briffa.1996","Wood",45.3,-121.7,1300,"Barlow Pass   am Mt.Hood","1.0.8",1,"Summer","positive","air@surface",480,1504,1983,479,1,479,FALSE,TRUE,TRUE,TRUE,TRUE,TRUE,0,TRUE,FALSE,TRUE,TRUE,TRUE,"","criteria",TRUE,NA
"NAm_3184","miqU8Z4uszVXTzZ9LXTk","paleo1measurement1","trsgi","unitless","ring width","dendrophysical",FALSE,"NAm-TamarackBowl.Sauchyn.2016","Wood",49.3,-114.4,1838,"Tamarack Bowl","1.0.8",1,"Summer","positive","air@surface",397,1616,2012,396,1,396,FALSE,TRUE,TRUE,TRUE,TRUE,TRUE,0,TRUE,FALSE,TRUE,TRUE,TRUE,"","criteria",TRUE,NA
"NAm_3244","fbFR2R5Tdm5d8BC2w3Tf","paleo2measurement1","MXD",NA,"maximum latewood density","dendrophysical",FALSE,"NAm-CeaderBreaks.Briffa.1996","Wood",37.6,-113.9,3120,"Ceader Breaks","1.0.8",1,"Summer","positive","air@surface",403,1581,1983,402,1,402,FALSE,TRUE,TRUE,TRUE,TRUE,TRUE,0,TRUE,FALSE,TRUE,TRUE,TRUE,"","criteria",TRUE,NA
"NAm_3280","zxvgGiTffb7lmSxCqimx","paleo1measurement1","trsgi","unitless","ring width","dendrophysical",FALSE,"NAm-VicaryMine.Sauchyn.2016","Wood",49.8,-114.5,1909,"Vicary Mine","1.0.8",1,"Summer","positive","air@surface",523,1488,2010,522,1,522,FALSE,TRUE,TRUE,TRUE,TRUE,TRUE,0,TRUE,FALSE,TRUE,TRUE,TRUE,"","criteria",TRUE,NA
"NAm_3352","3RJU0QBcxU8Evlr8htuT","paleo1measurement1","trsgi","unitless","ring width","dendrophysical",FALSE,"NAm-GraniteMountain.Graumlich.2003","Wood",47.3,-121.3,1530,"Granite Mountain","1.0.8",1,"Summer","positive","air@surface",722,1259,1980,721,1,721,FALSE,TRUE,TRUE,TRUE,TRUE,TRUE,0,TRUE,FALSE,TRUE,TRUE,TRUE,"","criteria",TRUE,NA
"NAm_3376","grzgrRHxgaCnyGkdlATq","paleo1measurement1","trsgi","unitless","ring width","dendrophysical",FALSE,"NAm-ScatterLake.Graumlich.2003","Wood",48.3,-120.3,2100,"Scatter Lake","1.0.8",1,"Summer","positive","air@surface",665,1316,1980,664,1,664,FALSE,TRUE,TRUE,TRUE,TRUE,TRUE,0,TRUE,FALSE,TRUE,TRUE,TRUE,"","criteria",TRUE,NA
"NAm_3388","yAknYRF7yth7AeEo69Df","paleo1measurement1","trsgi","unitless","ring width","dendrophysical",FALSE,"NAm-wa069.Peterson.1994","Wood",48.7,-120.7,1925,"Harts Pass N1","1.0.8",1,"Summer","positive","air@surface",307,1685,1991,306,1,306,FALSE,TRUE,TRUE,TRUE,TRUE,TRUE,0,TRUE,FALSE,TRUE,TRUE,TRUE,"","criteria",TRUE,NA
"NAm_3400","h3SCY4Ixr8fMP0JJQABC","paleo1measurement1","trsgi","unitless","ring width","dendrophysical",FALSE,"NAm-wa071.Peterson.1994","Wood",48.7,-120.7,1925,"Harts Pass N1","1.0.8",1,"Summer","positive","air@surface",407,1585,1991,406,1,406,FALSE,TRUE,TRUE,TRUE,TRUE,TRUE,0,TRUE,FALSE,TRUE,TRUE,TRUE,"","criteria",TRUE,NA
"NAm_3412","JVmVhWnvSH0uPdI6L0U7","paleo1measurement1","trsgi","unitless","ring width","dendrophysical",FALSE,"NAm-HartsPassN2.Peterson.1994","Wood",48.7,-120.7,2000,"Harts Pass N2","1.0.8",1,"Summer","positive","air@surface",462,1529,1990,461,1,461,FALSE,TRUE,TRUE,TRUE,TRUE,TRUE,0,TRUE,FALSE,TRUE,TRUE,TRUE,"","criteria",TRUE,NA
"NAm_3436","rr1hoanhV0XbCNL1Y264","paleo2measurement1","MXD",NA,"maximum latewood density","dendrophysical",FALSE,"NAm-MtStHelens.Briffa.1996","Wood",46.2,-122.2,1200,"Mt. St. Helens","1.0.8",1,"Summer","positive","air@surface",375,1609,1983,374,1,374,FALSE,TRUE,TRUE,TRUE,TRUE,TRUE,0,TRUE,FALSE,TRUE,TRUE,TRUE,"","criteria",TRUE,NA
"NAm_3472","a86vdnAcMmqJYcZeopSg","paleo1measurement1","trsgi","unitless","ring width","dendrophysical",FALSE,"NAm-ShermanCreekPass.Briffa.1996","Wood",48.7,-118.3,1800,"Sherman Creek Pass","1.0.8",1,"Summer","positive","air@surface",379,1605,1983,378,1,378,FALSE,TRUE,TRUE,TRUE,TRUE,TRUE,0,TRUE,FALSE,TRUE,TRUE,TRUE,"","criteria",TRUE,NA
"NAm_3484","a86vdnAcMmqJYcZeopSg","paleo2measurement1","MXD",NA,"maximum latewood density","dendrophysical",FALSE,"NAm-ShermanCreekPass.Briffa.1996","Wood",48.7,-118.3,1800,"Sherman Creek Pass","1.0.8",1,"Summer","positive","air@surface",379,1605,1983,378,1,378,FALSE,TRUE,TRUE,TRUE,TRUE,TRUE,0,TRUE,FALSE,TRUE,TRUE,TRUE,"","criteria",TRUE,NA
"NAm_3520","OWeDrUlcEjeUyEOuj71q","paleo1measurement1","trsgi","unitless","ring width","dendrophysical",FALSE,"NAm-HohLakeHigh.Peterson.1994","Wood",47.9,-123.8,1465,"Hoh Lake High","1.0.8",1,"Summer","positive","air@surface",423,1570,1992,422,1,422,FALSE,TRUE,TRUE,TRUE,TRUE,TRUE,0,TRUE,FALSE,TRUE,TRUE,TRUE,"","criteria",TRUE,NA
"NAm_3556","4VCrDvxZ6fifYG5Gp6GR","paleo1measurement1","trsgi","unitless","ring width","dendrophysical",FALSE,"NAm-MountAdamsLow.Peterson.1994","Wood",46.2,-121.5,1495,"Mount Adams Low","1.0.8",1,"Summer","positive","air@surface",383,1610,1992,382,1,382,FALSE,TRUE,TRUE,TRUE,TRUE,TRUE,0,TRUE,FALSE,TRUE,TRUE,TRUE,"","criteria",TRUE,NA
"NAm_3604","E1FA19A8HZLbbPRTc2tu","paleo2measurement1","MXD",NA,"maximum latewood density","dendrophysical",FALSE,"NAm-PowderRiverPass.Briffa.1996","Wood",44.2,-107.1,2850,"Powder River Pass","1.0.8",1,"Summer","positive","air@surface",488,1496,1983,487,1,487,FALSE,TRUE,TRUE,TRUE,TRUE,TRUE,0,TRUE,FALSE,TRUE,TRUE,TRUE,"","criteria",TRUE,NA
"NAm_3616","CRfp9Di93quv5EHeQAlN","paleo1measurement1","trsgi","unitless","ring width","dendrophysical",FALSE,"NAm-MedicineBowPeak.Briffa.1996","Wood",41.3,-107.7,3150,"Medicine Bow Peak","1.0.8",1,"Summer","positive","air@surface",583,1401,1983,582,1,582,FALSE,TRUE,TRUE,TRUE,TRUE,TRUE,0,TRUE,FALSE,TRUE,TRUE,TRUE,"","criteria",TRUE,NA
"NAm_3628","CRfp9Di93quv5EHeQAlN","paleo2measurement1","MXD",NA,"maximum latewood density","dendrophysical",FALSE,"NAm-MedicineBowPeak.Briffa.1996","Wood",41.3,-107.7,3150,"Medicine Bow Peak","1.0.8",1,"Summer","positive","air@surface",583,1401,1983,582,1,582,FALSE,TRUE,TRUE,TRUE,TRUE,TRUE,0,TRUE,FALSE,TRUE,TRUE,TRUE,"","criteria",TRUE,NA
"NAm_364","t2hIhckbYHgAAZkTMLIw","paleo1measurement1","trsgi","unitless","ring width","dendrophysical",FALSE,"NAm-BigBendLake.Jacoby.2003","Wood",61.3,-142.7,1040,"Big Bend Lake","1.0.8",1,"Summer","positive","air@surface",441,1557,1997,440,1,440,FALSE,TRUE,TRUE,TRUE,TRUE,TRUE,0,TRUE,FALSE,TRUE,TRUE,TRUE,"","criteria",TRUE,NA
"NAm_3652","bdN65NrwFNG7eSM5EEWx","paleo2measurement1","MXD",NA,"maximum latewood density","dendrophysical",FALSE,"NAm-SylvanPassbeiCody.Briffa.1996","Wood",44.4,-110.1,2580,"Sylvan Pass bei Cody","1.0.8",1,"Summer","positive","air@surface",596,1388,1983,595,1,595,FALSE,TRUE,TRUE,TRUE,TRUE,TRUE,0,TRUE,FALSE,TRUE,TRUE,TRUE,"","criteria",TRUE,NA
"NAm_3676","BiYIzVBInBhb3QgpKjJx","paleo2measurement1","MXD",NA,"maximum latewood density","dendrophysical",FALSE,"NAm-GranitePassHuntMountain.Briffa.1996","Wood",44.8,-107.9,2820,"Granite Pass   Hunt Mountain","1.0.8",1,"Summer","positive","air@surface",476,1508,1983,475,1,475,FALSE,TRUE,TRUE,TRUE,TRUE,TRUE,0,TRUE,FALSE,TRUE,TRUE,TRUE,"","criteria",TRUE,NA
"NAm_3688","ScjZ6KE00ndO8hgwbLhe","paleo1measurement1","trsgi","unitless","ring width","dendrophysical",FALSE,"NAm-TogwateePass.Briffa.1996","Wood",43.7,-110.1,2820,"Togwatee Pass","1.0.8",1,"Summer","positive","air@surface",312,1672,1983,311,1,311,FALSE,TRUE,TRUE,TRUE,TRUE,TRUE,0,TRUE,FALSE,TRUE,TRUE,TRUE,"","criteria",TRUE,NA
"NAm_3700","ScjZ6KE00ndO8hgwbLhe","paleo2measurement1","MXD",NA,"maximum latewood density","dendrophysical",FALSE,"NAm-TogwateePass.Briffa.1996","Wood",43.7,-110.1,2820,"Togwatee Pass","1.0.8",1,"Summer","positive","air@surface",312,1672,1983,311,1,311,FALSE,TRUE,TRUE,TRUE,TRUE,TRUE,0,TRUE,FALSE,TRUE,TRUE,TRUE,"","criteria",TRUE,NA
"NAm_3712","0kJEMKsd3JyCNzMwcmwP","paleo1measurement1","trsgi","unitless","ring width","dendrophysical",FALSE,"NAm-SheepTrail.Brown.2005","Wood",41.4,-106.2,3235,"Sheep Trail","1.0.8",1,"Summer","positive","air@surface",903,1097,1999,902,1,902,FALSE,TRUE,TRUE,TRUE,TRUE,TRUE,0,TRUE,FALSE,TRUE,TRUE,TRUE,"","criteria",TRUE,NA
"NAm_3724","0kJEMKsd3JyCNzMwcmwP","paleo2measurement1","MXD",NA,"maximum latewood density","dendrophysical",FALSE,"NAm-SheepTrail.Brown.2005","Wood",41.4,-106.2,3235,"Sheep Trail","1.0.8",1,"Summer","positive","air@surface",518,1483,2000,517,1,517,FALSE,TRUE,TRUE,TRUE,TRUE,TRUE,0,TRUE,FALSE,TRUE,TRUE,TRUE,"","criteria",TRUE,NA
"NAm_3748","s0ttpOQHnPoIuWfHmXiZ","paleo1measurement1","MXD",NA,"maximum latewood density","dendrophysical",FALSE,"NAm-WrangellsComposite.D'Arrigo.2006","Wood",62,-142,200,"Wrangells Composite","1.0.7",1,"Summer","positive","air@surface",459,1540,1998,458,1,458,FALSE,TRUE,TRUE,TRUE,TRUE,TRUE,0,TRUE,FALSE,TRUE,TRUE,TRUE,"","criteria",TRUE,NA
"NAm_3760","icCzBDkcnP0hSZa5imeg","paleo1measurement1","MXD",NA,"maximum latewood density","dendrophysical",FALSE,"NAm-NorthernAlaskaComposite.D'Arrigo.2006","Wood",67,-152,200,"Northern Alaska Composite","1.0.7",1,"Summer","positive","air@surface",467,1524,1990,466,1,466,FALSE,TRUE,TRUE,TRUE,TRUE,TRUE,0,TRUE,FALSE,TRUE,TRUE,TRUE,"","criteria",TRUE,NA
"NAm_3772","lGSAqGdLyfj83d7Hk9ti","paleo1measurement1","MXD",NA,"maximum latewood density","dendrophysical",FALSE,"NAm-FirthRiver.Anchukaitis.2013","Wood",68.7,-141.6,790,"Firth River 1236","1.0.7",1,"Summer","positive","air@surface",930,1073,2002,929,1,929,FALSE,TRUE,TRUE,TRUE,TRUE,TRUE,0,TRUE,FALSE,TRUE,TRUE,TRUE,"","criteria",TRUE,NA
"NAm_3796","asUWrVRm9m58ZQSYDkzD","paleo2measurement1","temperature","degC","ring width","dendrophysical",FALSE,"NAm-STREC.Gennaretti.2014","Wood",54.21,-71.35,500,"L1_CANA458, L12_CANA459, L16_CANA460, L18_CANA461, L20_CANA462, L22_CANA463","1.0.8",1,"Jun-Aug","positive","air@surface",1102,910,2011,1101,1,1101,FALSE,TRUE,TRUE,TRUE,TRUE,TRUE,0,TRUE,FALSE,TRUE,TRUE,TRUE,"","criteria",TRUE,NA
"NAm_3798","FPBJHd8TF14y5wT5qbJ6","paleo1measurement1","temperature","degC","pollen","floral assemblage",FALSE,"NAm-HellsKitchenLake.Gajewski.1988","LakeSediment",46.2,-89.7,488,"Hell's Kitchen Lake","1.0.5",1,"Jul","positive","air@surface",73,21,1960,1939,20.5,1939,FALSE,TRUE,FALSE,TRUE,TRUE,FALSE,0,TRUE,TRUE,TRUE,TRUE,TRUE,"","criteria",TRUE,NA
"NAm_3801","31lieypYqHvN0KEdjq6T","paleo1measurement1","temperature","degC","pollen","floral assemblage",FALSE,"NAm-BasinPond.Gajewski.1988","LakeSediment",44.5,-70.1,124,"Basin Pond","1.0.5",1,"Jul","positive","air@surface",56,362,1960,1598,31,1598,FALSE,TRUE,FALSE,TRUE,TRUE,FALSE,0,TRUE,TRUE,TRUE,TRUE,TRUE,"","criteria",TRUE,NA
"NAm_3804","T5GP50YPulw103nFBo2h","paleo1measurement1","temperature","degC","pollen","floral assemblage",FALSE,"NAm-ClearPond.Gajewski.1988","LakeSediment",33.8,-79,513,"Clear Pond","1.0.5",1,"Jul","positive","air@surface",48,52,1960,1908,39,1908,FALSE,TRUE,FALSE,TRUE,TRUE,FALSE,0,TRUE,TRUE,TRUE,TRUE,TRUE,"","criteria",TRUE,NA
"NAm_3807","o0gUBFducNtgxeVM86KG","paleo1measurement1","temperature","degC","pollen","floral assemblage",FALSE,"NAm-ConroyLake.Gajewski.1988","LakeSediment",46.3,-67.9,140,"Conroy Lake","1.0.5",1,"Jul","positive","air@surface",68,10,1967,1957,33,1957,FALSE,TRUE,FALSE,TRUE,TRUE,FALSE,0,TRUE,TRUE,TRUE,TRUE,TRUE,"","criteria",TRUE,NA
"NAm_3810","wJcq8AUo4o0g3KWPW9d8","paleo1measurement1","temperature","degC","pollen","floral assemblage",FALSE,"NAm-DarkLake.Gajewski.1988","LakeSediment",45.3,-91.5,334,"Dark Lake","1.0.5",1,"Jul","positive","air@surface",39,1044,1950,906,17.5,906,FALSE,TRUE,FALSE,TRUE,TRUE,FALSE,0,TRUE,TRUE,TRUE,TRUE,TRUE,"","criteria",TRUE,NA
"NAm_3816","UbiNqXE8VS1EGgTe3b8a","paleo1measurement1","temperature","degC","pollen","floral assemblage",FALSE,"NAm-RubyLake.Gajewski.1988","LakeSediment",45.3,-91.5,335,"Ruby Lake","1.0.5",1,"Jul","positive","air@surface",36,1121,1965,844,17,844,FALSE,TRUE,FALSE,TRUE,TRUE,FALSE,0,TRUE,TRUE,TRUE,TRUE,TRUE,"","criteria",TRUE,NA
"NAm_3819","3B4f0p6mhSePmMPdU1js","paleo1measurement1","temperature","degC","pollen","floral assemblage",FALSE,"NAm-LittlePineLake.Gajewski.1988","LakeSediment",45.3,-91.5,330,"LittlePine Lake","1.0.5",1,"Jul","positive","air@surface",33,1237,1950,713,17.5,713,FALSE,TRUE,FALSE,TRUE,TRUE,FALSE,0,TRUE,TRUE,TRUE,TRUE,TRUE,"","criteria",TRUE,NA
"NAm_3851","efMfru70yD1C6anJCulf","paleo1measurement1","temperature","degC","pollen","floral assemblage",FALSE,"NAm-LakeoftheClouds.Gajewski.1988","LakeSediment",48,-91,462,"Lake of the Clouds","1.0.7",1,"Jul","positive","air@surface",66,1030,1970,940,10,940,FALSE,TRUE,FALSE,TRUE,TRUE,FALSE,0,TRUE,TRUE,TRUE,TRUE,TRUE,"","criteria",TRUE,NA
"NAm_3853","EDlTNSmbAWw0fShsRCxt","paleo1measurement1","temperature","degC","pollen","floral assemblage",FALSE,"NAm-LacNoir.Paquette.2013","LakeSediment",45.8,-75.1,176,"Lac Noir","1.0.5",1,"Jun-Sep","positive","air@surface",108,1007,2006.7,999.7,10,999.7,FALSE,TRUE,FALSE,TRUE,TRUE,FALSE,0,TRUE,TRUE,TRUE,TRUE,TRUE,"","criteria",TRUE,NA
"NAm_3865","6oug9NvecGotfzSvg48O","paleo1measurement1","thickness",NA,"varve thickness",NA,FALSE,"NAm-GreenLake.Menounos.2006","LakeSediment",50.2,-122.9,640,"Green Lake","1.0.7",1,"Mar-Oct","positive","air@surface",612,1388,1999,611,1,611,FALSE,TRUE,TRUE,TRUE,TRUE,TRUE,0,TRUE,FALSE,TRUE,TRUE,TRUE,"","criteria",TRUE,NA
"NAm_3867","HpH1DRZvRVLFavClJtag","paleo1measurement1","temperature","degC","pollen","floral assemblage",FALSE,"NAm-LakeMina.St.Jacques.2008","LakeSediment",45.89,-95.478,415,"Lake Mina","1.0.9",1,"May","positive","air@surface",197,1120,1900,780,4,780,FALSE,TRUE,FALSE,TRUE,TRUE,FALSE,0,TRUE,TRUE,TRUE,TRUE,TRUE,"","criteria",TRUE,NA
"NAm_3868","HpH1DRZvRVLFavClJtag","paleo1measurement1","temperature","degC","pollen",NA,FALSE,"NAm-LakeMina.St.Jacques.2008","LakeSediment",45.89,-95.478,415,"Lake Mina","1.0.9",1,"Feb","positive","air@surface",197,1120,1900,780,4,780,FALSE,TRUE,FALSE,TRUE,TRUE,FALSE,0,TRUE,TRUE,TRUE,TRUE,TRUE,"","criteria",TRUE,NA
"NAm_3870","qYNrGtZ6bjo5JcglBOwq","paleo1measurement1","d18O","permil","d18O",NA,FALSE,"NAm-OregonCaves.Ersek.2012","Speleothem",42.083,-123.416,1200,"Oregon Caves National Monument","1.0.8",1,"Winter","positive","air@condensationLevel",577,3,1716,1713,3,1713,FALSE,TRUE,FALSE,TRUE,TRUE,FALSE,0,TRUE,TRUE,TRUE,TRUE,TRUE,"","criteria",TRUE,NA
"NAm_388","4wg4CmRZ8LonWjPqFyd1","paleo1measurement1","trsgi","unitless","ring width","dendrophysical",FALSE,"NAm-PrinceWilliamSound.Barclay.1999","Wood",60.5,-148.3,100,"Prince William Sound","1.0.8",1,"Summer","positive","air@surface",1119,873,1991,1118,1,1118,FALSE,TRUE,TRUE,TRUE,TRUE,TRUE,0,TRUE,FALSE,TRUE,TRUE,TRUE,"","criteria",TRUE,NA
"NAm_412","FhbNMHFTbBuCQnb9f2gm","paleo1measurement1","trsgi","unitless","ring width","dendrophysical",FALSE,"NAm-DeerMountain.Wiles.2011","Wood",55.3,-131.6,815,"Deer Mountain","1.0.8",1,"Summer","positive","air@surface",450,1550,1999,449,1,449,FALSE,TRUE,TRUE,TRUE,TRUE,TRUE,0,TRUE,FALSE,TRUE,TRUE,TRUE,"","criteria",TRUE,NA
"NAm_424","iuh7gVnFXdxJalPJlGTa","paleo1measurement1","trsgi","unitless","ring width","dendrophysical",FALSE,"NAm-McGinnisTrail.Wiles.2013","Wood",58.4,-134.6,757,"McGinnis Trail","1.0.9",1,"Summer","positive","air@surface",620,1380,1999,619,1,619,FALSE,TRUE,TRUE,TRUE,TRUE,TRUE,0,TRUE,FALSE,TRUE,TRUE,TRUE,"","criteria",TRUE,NA
"NAm_436","nLZT7ZDH9AjqorQqXjsu","paleo1measurement1","trsgi","unitless","ring width","dendrophysical",FALSE,"NAm-SouthernAlaskacomposite.D'Arrigo.2006","Wood",56,-132,0,"Southern Alaska composite","1.0.8",1,"Summer","positive","air@surface",658,1343,2000,657,1,657,FALSE,TRUE,TRUE,TRUE,TRUE,TRUE,0,TRUE,FALSE,TRUE,TRUE,TRUE,"","criteria",TRUE,NA
"NAm_448","gdn9ThF85p2GQPNY5Qqg","paleo1measurement1","trsgi","unitless","ring width","dendrophysical",FALSE,"NAm-SewardComposite.D'Arrigo.2006","Wood",65.2,-162.3,100,"Seward Composite","1.0.8",1,"Summer","positive","air@surface",613,1389,2001,612,1,612,FALSE,TRUE,TRUE,TRUE,TRUE,TRUE,0,TRUE,FALSE,TRUE,TRUE,TRUE,"","criteria",TRUE,NA
"NAm_460","gdn9ThF85p2GQPNY5Qqg","paleo2measurement1","MXD",NA,"maximum latewood density","dendrophysical",FALSE,"NAm-SewardComposite.D'Arrigo.2006","Wood",65.2,-162.3,100,"Seward Composite","1.0.8",1,"Summer","positive","air@surface",613,1389,2001,612,1,612,FALSE,TRUE,TRUE,TRUE,TRUE,TRUE,0,TRUE,FALSE,TRUE,TRUE,TRUE,"","criteria",TRUE,NA
"NAm_484","4Q0yIPb6Qz0vLi3DIk4i","paleo1measurement1","trsgi","unitless","ring width","dendrophysical",FALSE,"NAm-StarrigawanOldSitka.Kaiser.1996","Wood",57.1,-135.4,5,"Starrigawan  Old Sitka","1.0.8",1,"Summer","positive","air@surface",381,1605,1985,380,1,380,FALSE,TRUE,TRUE,TRUE,TRUE,TRUE,0,TRUE,FALSE,TRUE,TRUE,TRUE,"","criteria",TRUE,NA
"NAm_520","dNzMXiJaEqPhBtCLd2Ox","paleo2measurement1","MXD",NA,"maximum latewood density","dendrophysical",FALSE,"NAm-SnowBowlSanFranciscoPeak.Briffa.2002","Wood",35.4,-110.2,3150,"Snow Bowl San Francisco Peak","1.0.8",1,"Summer","positive","air@surface",531,1453,1983,530,1,530,FALSE,TRUE,TRUE,TRUE,TRUE,TRUE,0,TRUE,FALSE,TRUE,TRUE,TRUE,"","criteria",TRUE,NA
"NAm_568","WE1aFocHhdMAgjAD7nKI","paleo2measurement1","MXD",NA,"maximum latewood density","dendrophysical",FALSE,"NAm-MtLemon.Briffa.2002","Wood",32.5,-110.8,2700,"Mt. Lemon","1.0.8",1,"Summer","positive","air@surface",416,1568,1983,415,1,415,FALSE,TRUE,TRUE,TRUE,TRUE,TRUE,0,TRUE,FALSE,TRUE,TRUE,TRUE,"","criteria",TRUE,NA
"NAm_616","IEiderjaBVLqA12Y7ylX","paleo1measurement1","trsgi","unitless","ring width","dendrophysical",FALSE,"NAm-FlowerLake.Graybill.1995","Wood",36.5,-118.2,3291,"Flower Lake","1.0.8",1,"Summer","positive","air@surface",1090,898,1987,1089,1,1089,FALSE,TRUE,TRUE,TRUE,TRUE,TRUE,0,TRUE,FALSE,TRUE,TRUE,TRUE,"","criteria",TRUE,NA
"NAm_628","81ooFeTULA6t5jyr1FXx","paleo1measurement1","trsgi","unitless","ring width","dendrophysical",FALSE,"NAm-TimberGapUpper.Graybill.1995","Wood",36.3,-118.4,3261,"Timber Gap Upper","1.0.8",1,"Summer","positive","air@surface",1289,699,1987,1288,1,1288,FALSE,TRUE,TRUE,TRUE,TRUE,TRUE,0,TRUE,FALSE,TRUE,TRUE,TRUE,"","criteria",TRUE,NA
"NAm_640","QmpFJqGRkkngXwGYjk1r","paleo1measurement1","trsgi","unitless","ring width","dendrophysical",FALSE,"NAm-CirquePeak.Graybill.1995","Wood",36.3,-118.2,3505,"Cirque Peak","1.0.8",1,"Annual","positive","air@surface",1071,917,1987,1070,1,1070,FALSE,TRUE,TRUE,TRUE,TRUE,TRUE,0,TRUE,FALSE,TRUE,TRUE,TRUE,"","criteria",TRUE,NA
"NAm_664","61XUlHhpsNTF1WhGfcAW","paleo1measurement1","trsgi","unitless","ring width","dendrophysical",FALSE,"NAm-SheepMountain.Graybill.1995","Wood",37.2,-118.1,3475,"Sheep Mountain","1.0.8",1,"Annual","positive","air@surface",1990,1,1990,1989,1,1989,FALSE,TRUE,TRUE,TRUE,TRUE,TRUE,0,TRUE,FALSE,TRUE,TRUE,TRUE,"","criteria",TRUE,NA
"NAm_760","qvWJhCp9bttXwvs63gGC","paleo2measurement1","MXD",NA,"maximum latewood density","dendrophysical",FALSE,"NAm-YosemiteParkEEingang.Briffa.1996","Wood",37.8,-119.3,3000,"Yosemite Park   E Eingang","1.0.8",1,"Summer","positive","air@surface",471,1513,1983,470,1,470,FALSE,TRUE,TRUE,TRUE,TRUE,TRUE,0,TRUE,FALSE,TRUE,TRUE,TRUE,"","criteria",TRUE,NA
"NAm_772","XPZTSxnIIMUtwpZpod9P","paleo1measurement1","trsgi","unitless","ring width","dendrophysical",FALSE,"NAm-DanaPlateauInyoNationalForest.King.2000","Wood",37.9,-119.2,3300,"Dana Plateau Inyo National Forest","1.0.8",1,"Annual","positive","air@surface",567,1430,1996,566,1,566,FALSE,TRUE,TRUE,TRUE,TRUE,TRUE,0,TRUE,FALSE,TRUE,TRUE,TRUE,"","criteria",TRUE,NA
"NAm_796","rlwUeKvRztepOY2ElI8O","paleo1measurement1","trsgi","unitless","ring width","dendrophysical",FALSE,"NAm-SpillwayLakeYosemiteNationalPark.King.2000","Wood",37.8,-119.2,3300,"Spillway Lake Yosemite National Park","1.0.8",1,"Summer","positive","air@surface",1197,800,1996,1196,1,1196,FALSE,TRUE,TRUE,TRUE,TRUE,TRUE,0,TRUE,FALSE,TRUE,TRUE,TRUE,"","criteria",TRUE,NA
"NAm_808","OJyiy7wfMSWmluj2SLFW","paleo1measurement1","trsgi","unitless","ring width","dendrophysical",FALSE,"NAm-FishCreekTrail.Biondi.2001","Wood",34.1,-116.8,2890,"Fish Creek Trail (San Gorgonio)","1.0.8",1,"Summer","positive","air@surface",462,1534,1995,461,1,461,FALSE,TRUE,TRUE,TRUE,TRUE,TRUE,0,TRUE,FALSE,TRUE,TRUE,TRUE,"","criteria",TRUE,NA
"NAm_868","Y0l1XR12PdNKqneAvQeD","paleo1measurement1","trsgi","unitless","ring width","dendrophysical",FALSE,"NAm-BorealPlateau.Graumlich.2005","Wood",36.3,-118.3,3420,"Boreal Plateau","1.0.8",1,"Summer","positive","air@surface",1162,831,1992,1161,1,1161,FALSE,TRUE,TRUE,TRUE,TRUE,TRUE,0,TRUE,FALSE,TRUE,TRUE,TRUE,"","criteria",TRUE,NA
"NAm_880","NwETFKut6TndJz9mvmRn","paleo1measurement1","trsgi","unitless","ring width","dendrophysical",FALSE,"NAm-UpperWrightLakes.Graumlich.2005","Wood",36.4,-118.2,3519,"Upper Wright Lakes","1.0.8",1,"Summer","positive","air@surface",1992,1,1992,1991,1,1991,FALSE,TRUE,TRUE,TRUE,TRUE,TRUE,0,TRUE,FALSE,TRUE,TRUE,TRUE,"","criteria",TRUE,NA
"NAm_916","2FvCF2PaGQwWNj336MFf","paleo1measurement1","trsgi","unitless","ring width","dendrophysical",FALSE,"NAm-FortChimo.Fritts.1981","Wood",58.4,-68.4,46,"Fort Chimo (Merged)","1.0.8",1,"Summer","positive","air@surface",334,1641,1974,333,1,333,FALSE,TRUE,TRUE,TRUE,TRUE,TRUE,0,TRUE,FALSE,TRUE,TRUE,TRUE,"","criteria",TRUE,NA
"NAm_940","0Pki3fEjvjPd5PVYug7m","paleo1measurement1","trsgi","unitless","ring width","dendrophysical",FALSE,"NAm-SpruceCreek.Church.1981","Wood",68.6,-138.6,381,"Spruce Creek","1.0.8",1,"Summer","positive","air@surface",408,1570,1977,407,1,407,FALSE,TRUE,TRUE,TRUE,TRUE,TRUE,0,TRUE,FALSE,TRUE,TRUE,TRUE,"","criteria",TRUE,NA
"NAm_976","zw4h1bmylp4OVFAKhKRq","paleo2measurement1","MXD",NA,"maximum latewood density","dendrophysical",FALSE,"NAm-PethaiPeninsula.Schweingruber.1996","Wood",62.7,-111,1400,"Pethai Peninsula","1.0.8",1,"Summer","positive","air@surface",379,1610,1988,378,1,378,FALSE,TRUE,TRUE,TRUE,TRUE,TRUE,0,TRUE,FALSE,TRUE,TRUE,TRUE,"","criteria",TRUE,NA
"NAm2kHydro069","bySfs1uZVp2V3HETRUnZ","paleo1measurement1","d18O","permil","d18O","isotope",FALSE,"JPC76.Friddell.2002","MarineSediment",34.27,-120.07,-575,"JPC-76","1.0.15",1,"Annual","negative","sea@surface",8,106,1043,937,134,937,FALSE,TRUE,FALSE,TRUE,TRUE,FALSE,0,TRUE,TRUE,TRUE,TRUE,TRUE,"","criteria",TRUE,NA
"NAm2kHydro109","KnN2CVrgCdyizbk21hqc","paleo1measurement1","temperature","degC","Mg/Ca","Mg/Ca",FALSE,"MV99-GC41.Marchitto.2010","MarineSediment",25.2,-112.7,-540,"MV99-GC41","1.0.14",1,NA,"positive","sea@surface",9,277.9,1118.1,840.2,104.4,840.2,FALSE,TRUE,FALSE,TRUE,TRUE,FALSE,11,TRUE,FALSE,TRUE,TRUE,TRUE,"","criteria",TRUE,NA
"NAm2kHydro111","fUZVn7VIhRvrkC9B6d00","paleo1measurement1","temperature","degC","GDGT","other biomarker",FALSE,"P178-15P.Tierney.2015","MarineSediment",11.955,44.3,-869,"P178-15P","1.0.10",1,NA,"positive","sea@subsurface",12,96,1968,1872,119,1872,FALSE,TRUE,FALSE,TRUE,TRUE,FALSE,31,TRUE,FALSE,TRUE,TRUE,TRUE,"","criteria",TRUE,NA
"NPM11111","hYapuwnOX5q932NRchN1","paleo1measurement2","d18O","permil",NA,NA,FALSE,"IC00SC18","GlacierIce",76.617,-36.4033,2508,"B18","1.0.15",1,"Annual","positive","air@surface",1114,874,1992,1118,1,1118,FALSE,TRUE,TRUE,TRUE,TRUE,TRUE,0,TRUE,FALSE,TRUE,TRUE,TRUE,"","criteria",TRUE,NA
"NPMlaanila2","IPmiscNlD7F5Jqqx6Aei","paleo1measurement1","MXD","unitless","maximum latewood density","dendrophysical",FALSE,"Arc-Laanila.Lindholm.2013","Wood",68.4917,27.3333,265,"Laanila","1.0.7",1,"Jun-Aug","positive","air@surface",1206,800,2005,1205,1,1205,FALSE,TRUE,TRUE,TRUE,TRUE,TRUE,0,TRUE,FALSE,TRUE,TRUE,TRUE,"","criteria",TRUE,NA
"O2kLR_007","gbp24796YfnFUaA8S2OD","paleo1measurement1","temperature","degC","foraminifera","faunal assemblage",FALSE,"Ocn-WesternSvalbard.Spielhagen.2011","MarineSediment",78.91,6.77,-1491,"Western Svalbard","1.0.8",1,"Jul-Sep","positive","sea@surface",48,110,2007,1897,50,1897,FALSE,TRUE,FALSE,TRUE,TRUE,FALSE,5,TRUE,FALSE,TRUE,TRUE,TRUE,"","criteria",TRUE,NA
"O2kLR_017","B1oaBUpFaXkPIoa4TjdC","paleo1measurement1","temperature","degC","Mg/Ca","elemental",FALSE,"Ocn-GarrisonBasin.Richey.2009","MarineSediment",26.68,-93.93,-1570,"Garrison Basin, Gulf of Mexico","1.0.7",1,"Annual","positive","sea@surface",26,1370.825,1950,579.175,23.557,579.175,FALSE,TRUE,FALSE,TRUE,TRUE,FALSE,0,TRUE,TRUE,TRUE,TRUE,TRUE,"","criteria",TRUE,NA
"O2kLR_030","htv9dcbkr9eUyO1T61xH","paleo1measurement1","temperature","degC","alkenone",NA,FALSE,"Ocn-LaurentianFan.Keigwin.2005","MarineSediment",43.48,-54.87,-3975,"Laurentian Fan, western subpolar North Atlantic","1.0.9",1,"Annual","positive","sea@surface",14,30,1850,1820,140,1820,FALSE,TRUE,FALSE,TRUE,TRUE,FALSE,15,FALSE,FALSE,TRUE,TRUE,TRUE,"chronology","curator admission",TRUE,NA
"O2kLR_045","3sGkjc4MYy2tfqDvtaSM","paleo1measurement1","temperature","degC","alkenone","biomarker",FALSE,"Ocn-NorthIceland.Sicre.2011","MarineSediment",66.55,-17.42,-470,"North Iceland/North Atlantic","1.0.9",1,"Jun-Aug","positive","sea@surface",516,1.48,2001,1999.52,4,1999.52,FALSE,TRUE,FALSE,TRUE,TRUE,FALSE,38,TRUE,FALSE,TRUE,TRUE,TRUE,"","criteria",TRUE,NA
"O2kLR_047","QGoY3yYiZxMwS4dcUOqW","paleo1measurement1","temperature","degC","alkenone","biomarker",FALSE,"Ocn-SouthIceland.Sicre.2011","MarineSediment",57.45,-27.91,-2630,"South Iceland/North Atlantic","1.0.7",1,"Mar-Aug","positive","sea@surface",243,3.6,1723.87,1720.27,6.75999999999999,1720.27,FALSE,TRUE,FALSE,TRUE,TRUE,FALSE,0,TRUE,TRUE,TRUE,TRUE,TRUE,"","criteria",TRUE,NA
"O2kLR_066","sutJX9nKPhaxAAXWChZF","paleo1measurement1","temperature","degC","Mg/Ca",NA,FALSE,"Ocn-DryTortugasA.Lund.2006","MarineSediment",24.33,-83.26,-547,"Dry Tortugas","1.1.2",1,"Annual","positive","sea@surface",36,995,1925.2,930.2,23,930.2,FALSE,TRUE,FALSE,TRUE,TRUE,FALSE,3,TRUE,FALSE,TRUE,TRUE,TRUE,"","criteria",TRUE,NA
"O2kLR_074","TZdDSROs7Tr8FfE42KC6","paleo1measurement1","temperature","degC","alkenone","biomarker",FALSE,"Ocn-EmeraldBasin.Keigwin.2003","MarineSediment",45.89,-62.8,-250,"Emerald Basin,OCE326 MC-29D","1.0.6",1,"Annual","positive","sea@surface",50,351,1950,1599,31.77,1599,FALSE,TRUE,FALSE,TRUE,TRUE,FALSE,0,TRUE,TRUE,TRUE,TRUE,TRUE,"","criteria",TRUE,NA
"O2kLR_076_iso2k","ExNUNftFDL8pXms8ozKu","paleo1measurement1","temperature","degC","alkenone",NA,FALSE,"MS03LKNS","MarineSediment",45.89,-62.8,-250,"Emerald Basin,OCE326 MC-29D","1.1.4",1,"Annual","positive","sea@surface",50,351,1950,1599,31.77,1599,FALSE,TRUE,FALSE,TRUE,TRUE,FALSE,0,TRUE,TRUE,TRUE,TRUE,TRUE,"","criteria",FALSE,"cross-dataset"
"O2kLR_082","vPIaDPIMGRl3Pe28wPsH","paleo1measurement1","temperature","degC","foraminifera",NA,FALSE,"Ocn-SubTropicalEasternNorthAtlantic.deMenocal.2000","MarineSediment",20.75,-18.5833,-2263,"subtropical eastern North Atlantic","1.0.9",1,"Annual","positive","sea@surface",27,90,1470,1380,46,1380,FALSE,TRUE,FALSE,TRUE,TRUE,FALSE,0,TRUE,TRUE,TRUE,TRUE,TRUE,"","criteria",TRUE,NA
"O2kLR_101","mqWFMVjF5kgHclz3KtRE","paleo1measurement1","temperature","degC","Mg/Ca","elemental",FALSE,"Ocn-CapeHatteras.Cleroux.2008","MarineSediment",34.973,-75.201,-620,"Cape Hatteras","1.0.7",1,"Jun-Aug","positive","sea@surface",123,13.54,1294.17,1280.63,10.28,1280.63,FALSE,TRUE,FALSE,TRUE,TRUE,FALSE,0,TRUE,TRUE,TRUE,TRUE,TRUE,"","criteria",TRUE,NA
"O2kLR_101_iso2k","1XGGFs6rrfWnVNmz6Crr","paleo1measurement1","temperature","degC","Mg/Ca","elemental",FALSE,"MS12CCCH","MarineSediment",34.973,-75.201,-620,"Cape Hatteras","1.1.4",1,"Jun-Aug","positive","sea@surface",123,13.54,1294.17,1280.63,10.28,1280.63,FALSE,TRUE,FALSE,TRUE,TRUE,FALSE,0,TRUE,TRUE,TRUE,TRUE,TRUE,"","criteria",FALSE,"cross-dataset"
"O2kLR_105","KgZr9tOvN4plV19HIxq2","paleo1measurement1","temperature","degC","alkenone",NA,FALSE,"Ocn-MD95-2011.Grimalt.2002","MarineSediment",66.97,7.63,-1048,"MD95-2011","1.0.7",1,"Jun-Aug","positive","sea@surface",47,10,1390,1380,30,1380,FALSE,TRUE,FALSE,TRUE,TRUE,FALSE,33,TRUE,FALSE,TRUE,TRUE,TRUE,"","criteria",TRUE,NA
"O2kLR_112","EE2x63rF2rsgKIyH8wSm","paleo1measurement1","temperature","degC","alkenone","biomarker",FALSE,"Ocn-CapeGhir.Doose-Rolinski.2007","MarineSediment",30.85,-10.2685,-900,"Cape Ghir, NW Africa","1.0.6",1,"Annual","positive","sea@surface",38,753.63,1950,1196.37,36.79,1196.37,FALSE,TRUE,FALSE,TRUE,TRUE,FALSE,0,TRUE,TRUE,TRUE,TRUE,TRUE,"","criteria",TRUE,NA
"O2kLR_114","vqPcrfpCazlElItOxHh4","paleo1measurement1","temperature","degC","alkenone",NA,FALSE,"Ocn-ArabianSea.Doose-Rolinski.2001","MarineSediment",24.83,65.92,-695,"Arabian Sea","1.0.10",1,"Annual","positive","sea@surface",117,3.3,1950,1946.7,17.1,1946.7,FALSE,TRUE,FALSE,TRUE,TRUE,FALSE,0,TRUE,TRUE,TRUE,TRUE,TRUE,"","criteria",TRUE,NA
"O2kLR_114_iso2k","LmvRcQi27AHS1d3hn6pt","paleo1measurement1","temperature","degC","alkenone",NA,FALSE,"MS01HDAS","MarineSediment",24.83,65.92,-695,"Arabian Sea","1.0.12",1,"Annual","positive","sea@surface",117,3.3,1950,1946.7,17.1,1946.7,FALSE,TRUE,FALSE,TRUE,TRUE,FALSE,0,TRUE,TRUE,TRUE,TRUE,TRUE,"","criteria",FALSE,"cross-dataset"
"O2kLR_118","J9XHV5d6QUVYotrxxaFq","paleo1measurement1","temperature","degC","Mg/Ca",NA,FALSE,"Ocn-SWCoastOfIndia.Saraswat.2013","MarineSediment",10.98,74.9993,-1245,"SW coast of India, Indian ocean","1.0.9",1,"Annual","positive","sea@surface",16,303,1835,1532,88,1532,FALSE,TRUE,FALSE,TRUE,TRUE,FALSE,9,FALSE,FALSE,TRUE,TRUE,TRUE,"chronology","curator admission",TRUE,NA
"O2kLR_131","TjhHrDv0LQ4aazHolZkR","paleo1measurement1","temperature","degC","Mg/Ca","elemental",FALSE,"Ocn-WEqPacific.Stott.2007","MarineSediment",-5,133.44,-2382,"WEq Pacific","1.0.6",1,"Annual","positive","sea@surface",20,684.9,1415.8,730.9,42.9999999999999,730.9,FALSE,TRUE,FALSE,TRUE,TRUE,FALSE,10,TRUE,FALSE,TRUE,TRUE,TRUE,"","criteria",TRUE,NA
"O2kLR_135","YvVYhXicYxo07RO1fx3W","paleo1measurement1","temperature","degC","Mg/Ca","elemental",FALSE,"Ocn-MakassarStrait.Linsley.2010","MarineSediment",-7.4,115.2,-594,"Makassar Strait","1.0.8",1,"Annual","positive","sea@surface",48,174.78,1780.82,1606.04,35.1099999999999,1606.04,FALSE,TRUE,FALSE,TRUE,TRUE,FALSE,0,TRUE,TRUE,TRUE,TRUE,TRUE,"","criteria",TRUE,NA
"O2kLR_135_iso2k","yPuJR6PU5d9DCztSjpDP","paleo1measurement1","temperature","degC","Mg/Ca","elemental",FALSE,"MS10BLMS","MarineSediment",-7.4,115.2,-594,"Makassar Strait, core 13GGC","1.1.5",1,"Annual","positive","sea@surface",51,29,1771,1742,35,1742,FALSE,TRUE,FALSE,TRUE,TRUE,FALSE,0,TRUE,TRUE,TRUE,TRUE,TRUE,"","criteria",TRUE,NA
"O2kLR_137_iso2k","yPuJR6PU5d9DCztSjpDP","paleo2measurement1","temperature","degC","Mg/Ca",NA,FALSE,"MS10BLMS","MarineSediment",-7.4,115.2,-594,"Makassar Strait, core 13GGC","1.1.5",1,"Annual","positive","sea@surface",48,169.18,1775.22,1606.04,35.1099999999999,1606.04,FALSE,TRUE,FALSE,TRUE,TRUE,FALSE,0,TRUE,TRUE,TRUE,TRUE,TRUE,"","criteria",FALSE,"within-dataset"
"O2kLR_146","ZnjFTWVy1gCPro9jyzNo","paleo1measurement1","temperature","degC","alkenone",NA,FALSE,"Ocn-NorthwestPacificOcean.Harada.2004","MarineSediment",46.32,152.53,-2793,"Northwest Pacific Ocean","1.0.9",1,"Summer","positive","sea@surface",25,20,1370,1350,50,1350,FALSE,TRUE,FALSE,TRUE,TRUE,FALSE,0,TRUE,TRUE,TRUE,TRUE,TRUE,"","criteria",TRUE,NA
"O2kLR_148","CnsnHDQ8t4BqYd21Nle1","paleo1measurement1","temperature","degC","Mg/Ca","elemental",FALSE,"Ocn-MakassarStrait.Oppo.2009","MarineSediment",-3.53,119.2,-503,"Makassar Strait","1.0.7",1,"Annual","positive","sea@surface",215,3.87,1982.1,1978.23,7,1978.23,FALSE,TRUE,FALSE,TRUE,TRUE,FALSE,0,TRUE,TRUE,TRUE,TRUE,TRUE,"","criteria",TRUE,NA
"O2kLR_148_iso2k","PcxJW367F1QCIPGaPVEp","paleo1measurement1","temperature","degC","Mg/Ca","elemental",FALSE,"MS09DOIP","MarineSediment",-3.53,119.2,-503,"Makassar Strait","1.0.10",1,"Annual","positive","sea@surface",215,3.86999999999989,1982.09,1978.22,6.92000000000007,1978.22,FALSE,TRUE,FALSE,TRUE,TRUE,FALSE,0,TRUE,TRUE,TRUE,TRUE,TRUE,"","criteria",FALSE,"cross-dataset"
"O2kLR_150","JFnLQsVkSFk7JTcfNsaL","paleo1measurement1","temperature","degC","Sr/Ca","elemental",FALSE,"Ocn-GreatBarrierReef.Hendy.2002","Coral",-18.315,146.595,-10,"Great Barrier Reef","1.0.7",1,"Annual","positive","sea@surface",82,1568,1983,415,5,415,FALSE,TRUE,TRUE,TRUE,TRUE,TRUE,0,TRUE,FALSE,TRUE,TRUE,TRUE,"","criteria",TRUE,NA
"O2kLR_165","8jpF7dxkq8R4rgmP99TW","paleo1measurement1","temperature","degC","TEX86",NA,FALSE,"Ocn-OkinawaTrough.Wu.2012","MarineSediment",24.8,122.5,-1274,"Okinawa Trough (ODP Hole 195-1202B)","1.0.9",1,"Annual","positive","sea@surface",68,18,1770,1752,27,1752,FALSE,TRUE,FALSE,TRUE,TRUE,FALSE,0,TRUE,TRUE,TRUE,TRUE,TRUE,"","criteria",TRUE,NA
"O2kLR_175","27KJf5l4wLF9SUwXMS5c","paleo1measurement1","temperature","degC","alkenone",NA,FALSE,"Ocn-KuroshioCurrent.Isono.2009","MarineSediment",36.03,141.78,-2224,"Kuroshio Current","1.0.10",1,"Annual","positive","sea@surface",71,25.96,1946.81,1920.85,26.23,1920.85,FALSE,TRUE,FALSE,TRUE,TRUE,FALSE,0,TRUE,TRUE,TRUE,TRUE,TRUE,"","criteria",TRUE,NA
"O2kLR_183","UCTYDelVNjW7SrHMxIRk","paleo1measurement1","temperature","degC","alkenone","biomarker",FALSE,"Ocn-SantaBarbaraBasin.Zhao.2000","MarineSediment",34.23,-120.02,-590,"Santa Barbara Basin (California)","1.0.8",1,"Annual","positive","sea@surface",517,1297.54,1941.3,643.76,1.09999999999991,643.76,FALSE,TRUE,TRUE,TRUE,TRUE,FALSE,0,TRUE,TRUE,TRUE,TRUE,TRUE,"","criteria",TRUE,NA
"O2kLR_187","cH7Mv23Qz21IF5gzBZXu","paleo1measurement1","temperature","degC","alkenone",NA,FALSE,"Ocn-ChileanMargin.Lamy.2002","MarineSediment",-41,-74.45,-852,"Chilean margin, Southern Ocean (Pacific sector)","1.0.10",1,"Annual","positive","sea@surface",25,4,1650,1646,75.5,1646,FALSE,TRUE,FALSE,TRUE,TRUE,FALSE,0,TRUE,TRUE,TRUE,TRUE,TRUE,"","criteria",TRUE,NA
"O2kLR_195","gH7xzw4qkBJbKR7ECqaj","paleo1measurement1","temperature","degC","alkenone","biomarker",FALSE,"Ocn-SouthernChileMargin.Mohtadi.2007","MarineSediment",-44.15,-75.16,-1169,"Southern Chile Margin","1.0.9",1,"Annual","positive","sea@surface",51,7.5,1900.5,1893,33.3,1893,FALSE,TRUE,FALSE,TRUE,TRUE,FALSE,6,TRUE,FALSE,TRUE,TRUE,TRUE,"","criteria",TRUE,NA
"Ocean2kHR_001","YLFmFrWNwDEkROTo0KEG","paleo1measurement1","d18O","permil","d18O",NA,FALSE,"Ocn-Malindi.Cole.2000","Coral",-3.2,40.1,-6,"Malindi","1.0.6",1,"Nov-Oct","negative","sea@surface",194,1801,1994,193,1,193,FALSE,TRUE,TRUE,TRUE,TRUE,TRUE,0,TRUE,FALSE,TRUE,TRUE,TRUE,"","criteria",TRUE,NA
"Ocean2kHR_002","lbHSkWE39gmGdX5bg70V","paleo1measurement1","d18O","permil","d18O",NA,FALSE,"Ocn-Mayotte.Zinke.2008","Coral",-12.65,45.1,-3,"Mayotte","1.0.7",1,"subannual","negative","sea@surface",769,1865.62,1993.62,128,0.170000000000073,128,FALSE,TRUE,TRUE,TRUE,TRUE,TRUE,0,TRUE,FALSE,TRUE,TRUE,TRUE,"","criteria",TRUE,NA
"Ocean2kHR_003","lbHSkWE39gmGdX5bg70V","paleo2measurement1","Sr/Ca","mmol/mol","Sr/Ca",NA,FALSE,"Ocn-Mayotte.Zinke.2008","Coral",-12.65,45.1,-3,"Mayotte","1.0.7",1,"subannual","negative","sea@surface",677,1881.62,1994.29,112.67,0.170000000000073,112.67,FALSE,TRUE,TRUE,TRUE,TRUE,TRUE,0,TRUE,FALSE,TRUE,TRUE,TRUE,"","criteria",TRUE,NA
"Ocean2kHR_005","lbHSkWE39gmGdX5bg70V","paleo3measurement1","d18O","permil","d18O",NA,FALSE,"Ocn-Mayotte.Zinke.2008","Coral",-12.65,45.1,-3,"Mayotte","1.0.7",1,"subannual","positive","sea@surface",673,1881.62,1993.62,112,0.170000000000073,112,FALSE,TRUE,TRUE,TRUE,TRUE,TRUE,0,TRUE,FALSE,TRUE,TRUE,TRUE,"","criteria",TRUE,NA
"Ocean2kHR_006","mg24UxhRN2fmBkvuZsZM","paleo1measurement1","d18O","permil","d18O",NA,FALSE,"Ocn-Lombok.Charles.2003","Coral",-8.2473,115.5757,-3,"Lombok","1.0.6",1,"subannual","negative","sea@surface",2497,1782,1990,208,0.0799999999999272,208,FALSE,TRUE,TRUE,TRUE,TRUE,TRUE,0,TRUE,FALSE,TRUE,TRUE,TRUE,"","criteria",TRUE,NA
"Ocean2kHR_007","ggiVVGFvJKfT1rIbXfYq","paleo1measurement1","d18O","permil","d18O",NA,FALSE,"Ocn-Mafia.Damassa.2006","Coral",-8.0167,39.5,-6,"Mafia","1.0.6",1,"subannual","negative","sea@surface",1820,1622,1998.125,376.125,0.0839999999998327,376.125,FALSE,TRUE,TRUE,TRUE,TRUE,TRUE,0,TRUE,FALSE,TRUE,TRUE,TRUE,"","criteria",TRUE,NA
"Ocean2kHR_008","3ad83kkkuFU2VN7wxotp","paleo1measurement1","d18O","permil","d18O",NA,FALSE,"Ocn-Ningaloo.Kuhnert.2000","Coral",-21.905,113.965,-3,"Ningaloo","1.0.8",1,"subannual","negative","sea@surface",766,1878.71,1995.21,116.5,0.159999999999854,116.5,FALSE,TRUE,TRUE,TRUE,TRUE,TRUE,0,TRUE,FALSE,TRUE,TRUE,TRUE,"","criteria",TRUE,NA
"Ocean2kHR_010","mW3qQGmBUGGQiJ6NUCFJ","paleo1measurement1","d18O","permil","d18O",NA,FALSE,"Ocn-MentawaiIslands.Abram.2008","Coral",-0.13,98.52,-6,"Mentawai Islands","1.0.6",1,"subannual","negative","sea@surface",1670,1858.29,1997.96,139.67,0.0799999999999272,139.67,FALSE,TRUE,TRUE,TRUE,TRUE,TRUE,0,TRUE,FALSE,TRUE,TRUE,TRUE,"","criteria",TRUE,NA
"Ocean2kHR_011","ITsvXkQpRty6xRuM1bpI","paleo1measurement1","d18O","permil","d18O",NA,FALSE,"Ocn-Mahe.Charles.1997","Coral",-4.62,55,-7,"Mahe","1.0.6",1,"subannual","negative","sea@surface",1784,1846.54,1995.13,148.59,0.0799999999999272,148.59,FALSE,TRUE,TRUE,TRUE,TRUE,TRUE,0,TRUE,FALSE,TRUE,TRUE,TRUE,"","criteria",TRUE,NA
"Ocean2kHR_012","8OM2LD4AkILDPXk8QCGv","paleo1measurement1","d18O","permil","d18O",NA,FALSE,"Ocn-Malindi.Nakamura.2009","Coral",-3.2,40.1,-4.4,"Malindi","1.0.6",1,"subannual","negative","sea@surface",1388,1886.96,2002.71,115.75,0.0799999999999272,115.75,FALSE,TRUE,TRUE,TRUE,TRUE,TRUE,0,TRUE,FALSE,TRUE,TRUE,TRUE,"","criteria",TRUE,NA
"Ocean2kHR_013","iYNO0xVvso6KyHaABuL6","paleo1measurement1","d18O","permil","d18O",NA,FALSE,"Ocn-Reunion.Pfeiffer.2004","Coral",-21.0333,55.25,-12.3,"Reunion","1.0.7",1,"subannual","negative","sea@surface",983,1832,1995.67,163.67,0.170000000000073,163.67,FALSE,TRUE,TRUE,TRUE,TRUE,TRUE,0,TRUE,FALSE,TRUE,TRUE,TRUE,"","criteria",TRUE,NA
"Ocean2kHR_014","TKvK5llcfs66u4aX0I5o","paleo1measurement1","d18O","permil","d18O",NA,FALSE,"Ocn-AqabaJordanAQ18.Heiss.1999","Coral",29.42,34.97,-1,"Aqaba, Jordan","1.0.7",1,"Annual","negative","sea@surface",205,1788,1992,204,1,204,FALSE,TRUE,TRUE,TRUE,TRUE,TRUE,0,TRUE,FALSE,TRUE,TRUE,TRUE,"","criteria",TRUE,NA
"Ocean2kHR_016","6shlhhpkwdwBvAILI4nD","paleo1measurement1","d18O","permil","d18O",NA,FALSE,"Ocn-AqabaJordanAQ19.Heiss.1999","Coral",29.42,34.97,-1,"Aqaba, Jordan","1.0.7",1,"Annual","negative","sea@surface",107,1886,1992,106,1,106,FALSE,TRUE,TRUE,TRUE,TRUE,TRUE,0,TRUE,FALSE,TRUE,TRUE,TRUE,"","criteria",TRUE,NA
"Ocean2kHR_018","wH1adV7y36OC0h3kwDRF","paleo1measurement1","d18O","permil","d18O",NA,FALSE,"Ocn-SinaiPeninsula,RedSea.Moustafa.2000","Coral",27.8483,34.31,-3,"Sinai Peninsula, Red Sea","1.0.7",1,"subannual","negative","sea@surface",514,1897.12,1993.12,96,0.179999999999836,96,FALSE,TRUE,TRUE,TRUE,TRUE,TRUE,0,TRUE,FALSE,TRUE,TRUE,TRUE,"","criteria",TRUE,NA
"Ocean2kHR_019","4fZQAHmeuJn8ipLfurWv","paleo1measurement1","d18O","permil","d18O",NA,FALSE,"Ocn-RedSea.Felis.2000","Coral",27.85,34.32,-6,"Red Sea","1.0.7",1,"subannual","negative","sea@surface",1468,1751.083,1995.583,244.5,0.166999999999916,244.5,FALSE,TRUE,TRUE,TRUE,TRUE,TRUE,0,TRUE,FALSE,TRUE,TRUE,TRUE,"","criteria",TRUE,NA
"Ocean2kHR_020","25YFZl7i2sTwq2yn4F1u","paleo1measurement1","d18O","permil","d18O",NA,FALSE,"Ocn-Ifaty4.Zinke.2004","Coral",-23.15,43.58,-1.1,"Ifaty","1.0.6",1,"subannual","negative","sea@surface",2017,1659.625,1995.625,336,0.166999999999916,336,FALSE,TRUE,TRUE,TRUE,TRUE,TRUE,0,TRUE,FALSE,TRUE,TRUE,TRUE,"","criteria",TRUE,NA
"Ocean2kHR_021","DcsJyAPdhrDHNERrmmF8","paleo1measurement1","d18O","permil","d18O",NA,FALSE,"Ocn-Ifaty1.Zinke.2014","Coral",-23.15,43.58,-1.1,"Ifaty","1.0.6",1,"Mar-Oct","negative","sea@surface",113,1882,1994,112,1,112,FALSE,TRUE,TRUE,TRUE,TRUE,TRUE,0,TRUE,FALSE,TRUE,TRUE,TRUE,"","criteria",TRUE,NA
"Ocean2kHR_022","qTLNiGawxQ4fioSpngI3","paleo1measurement1","d18O","permil","d18O",NA,FALSE,"Ocn-IfatyTul3.Zinke.2014","Coral",-23.3572,43.6195,-1.1,"Ifaty","1.0.6",1,"Mar-Oct","negative","sea@surface",90,1905,1994,89,1,89,FALSE,TRUE,TRUE,TRUE,TRUE,TRUE,0,TRUE,FALSE,TRUE,TRUE,TRUE,"","criteria",TRUE,NA
"Ocean2kHR_023","LcuHzZjcWRBIfFfzw1Xn","paleo1measurement1","d18O","permil","d18O",NA,FALSE,"Ocn-HoutmanAbrolhos.Kuhnert.1999","Coral",-28.47,113.77,-5,"Houtman Abrolhos","1.0.8",1,"subannual","negative","sea@surface",1529,1794.708,1994.375,199.667,0.125,199.667,FALSE,TRUE,TRUE,TRUE,TRUE,TRUE,0,TRUE,FALSE,TRUE,TRUE,TRUE,"","criteria",TRUE,NA
"Ocean2kHR_025","oMrJt3X69j8Eg6cp6d5i","paleo1measurement1","Sr/Ca","mmol/mol","Sr/Ca",NA,FALSE,"Ocn-HoutmanAbrolhosHAB05B.Zinke.2014","Coral",-28.4609,113.772,-8,"Houtman Abrolhos","1.0.7",1,"Annual","negative","sea@surface",193,1798,2010,212,1,212,FALSE,TRUE,TRUE,TRUE,TRUE,TRUE,0,TRUE,FALSE,TRUE,TRUE,TRUE,"","criteria",TRUE,NA
"Ocean2kHR_026","te8vD8CX5yF6DxXm2EPx","paleo1measurement1","d18O","permil","d18O",NA,FALSE,"Ocn-HoutmanAbrolhosHAB10A.Zinke.2014","Coral",-28.4589,113.749,-8,"Houtman Abrolhos","1.0.7",1,"Annual","negative","sea@surface",152,1848,2010,162,1,162,FALSE,TRUE,TRUE,TRUE,TRUE,TRUE,0,TRUE,FALSE,TRUE,TRUE,TRUE,"","criteria",TRUE,NA
"Ocean2kHR_026_iso2k","4Zn8Y4l0vbrkiQiQJkeC","paleo1measurement1","d18O","permil","d18O",NA,FALSE,"CO14ZIHO","Coral",-28.4589,113.749,-8,"Houtman Abrolhos","1.0.8",1,"Annual","negative","sea@surface",152,1848,2010,162,1,162,FALSE,TRUE,TRUE,TRUE,TRUE,TRUE,0,TRUE,FALSE,TRUE,TRUE,TRUE,"","criteria",FALSE,"cross-dataset"
"Ocean2kHR_027","te8vD8CX5yF6DxXm2EPx","paleo1measurement1","Sr/Ca","mmol/mol","Sr/Ca",NA,FALSE,"Ocn-HoutmanAbrolhosHAB10A.Zinke.2014","Coral",-28.4589,113.749,-8,"Houtman Abrolhos","1.0.7",1,"Annual","negative","sea@surface",150,1848,2010,162,1,162,FALSE,TRUE,TRUE,TRUE,TRUE,TRUE,0,TRUE,FALSE,TRUE,TRUE,TRUE,"","criteria",TRUE,NA
"Ocean2kHR_094","pSt6OlWQEKb5cT8tD6cc","paleo1measurement1","d18O","permil","d18O",NA,FALSE,"Ocn-BermudaSouthShore.Goodkin.2008","Coral",30.6486,-64.9888,-16,"Bermuda south shore","1.0.6",1,"subannual","negative","sea@surface",217,1782,1998,216,1,216,FALSE,TRUE,TRUE,TRUE,TRUE,TRUE,0,TRUE,FALSE,TRUE,TRUE,TRUE,"","criteria",TRUE,NA
"Ocean2kHR_095","pSt6OlWQEKb5cT8tD6cc","paleo2measurement1","Sr/Ca","mmol/mol","Sr/Ca",NA,FALSE,"Ocn-BermudaSouthShore.Goodkin.2008","Coral",30.6486,-64.9888,-16,"Bermuda south shore","1.0.6",1,"subannual","negative","sea@surface",218,1781,1998,217,1,217,FALSE,TRUE,TRUE,TRUE,TRUE,TRUE,0,TRUE,FALSE,TRUE,TRUE,TRUE,"","criteria",TRUE,NA
"Ocean2kHR_096","64oGy51dj5nbd2bbYHEE","paleo1measurement1","d18O","permil","d18O",NA,FALSE,"Ocn-LosRoques.Hetzinger.2008","Coral",11.77,-66.75,-2,"Los Roques, Venezuela","1.0.6",1,"subannual","negative","sea@surface",1045,1917.79,2004.79,87,0.0799999999999272,87,FALSE,TRUE,TRUE,TRUE,TRUE,TRUE,0,TRUE,FALSE,TRUE,TRUE,TRUE,"","criteria",TRUE,NA
"Ocean2kHR_097","XjodChDTfzumKfCZ7kMp","paleo1measurement1","d18O","permil","d18O",NA,FALSE,"Ocn-Guadeloupe.Steinhilber.2010","Coral",16.2,-61.49,-1.7,"Guadeloupe","1.0.8",1,"subannual","negative","sea@surface",1206,1895.7,1999.21,103.51,0.0800000000001546,103.51,FALSE,TRUE,TRUE,TRUE,TRUE,TRUE,0,TRUE,FALSE,TRUE,TRUE,TRUE,"","criteria",TRUE,NA
"Ocean2kHR_098","XjodChDTfzumKfCZ7kMp","paleo1measurement1","Sr/Ca","mmol/mol","Sr/Ca",NA,FALSE,"Ocn-Guadeloupe.Steinhilber.2010","Coral",16.2,-61.49,-1.7,"Guadeloupe","1.0.8",1,"subannual","negative","sea@surface",1206,1895.7,1999.21,103.51,0.0800000000001546,103.51,FALSE,TRUE,TRUE,TRUE,TRUE,TRUE,0,TRUE,FALSE,TRUE,TRUE,TRUE,"","criteria",TRUE,NA
"Ocean2kHR_099","f01nLhWrK79GaeGd07hp","paleo1measurement1","d18O","permil","d18O",NA,FALSE,"Ocn-TurrumoteReefPuertoRico.Kilbourne.2008","Coral",17.93,-67,-5,"Turrumote Reef, Puerto Rico","1.0.7",1,"Jul-Jun","negative","sea@surface",253,1751,2004,253,1,253,FALSE,TRUE,TRUE,TRUE,TRUE,TRUE,0,TRUE,FALSE,TRUE,TRUE,TRUE,"","criteria",TRUE,NA
"Ocean2kHR_100","f01nLhWrK79GaeGd07hp","paleo1measurement1","Sr/Ca","mmol/mol","Sr/Ca",NA,FALSE,"Ocn-TurrumoteReefPuertoRico.Kilbourne.2008","Coral",17.93,-67,-5,"Turrumote Reef, Puerto Rico","1.0.7",1,"Jul-Jun","negative","sea@surface",253,1751,2004,253,1,253,FALSE,TRUE,TRUE,TRUE,TRUE,TRUE,0,TRUE,FALSE,TRUE,TRUE,TRUE,"","criteria",TRUE,NA
"Ocean2kHR_102","16wIU60ElgHxTZJfzWqt","paleo1measurement1","d18O","permil","d18O",NA,FALSE,"Ocn-NorthEastBreakers_Bermuda.Kuhnert.2002","Coral",32.47,-64.7,-11,"North East Breakers, Bermuda","1.0.7",1,"subannual","negative","sea@surface",1021,1519.21,1604.21,85,0.0799999999999272,85,FALSE,TRUE,TRUE,TRUE,TRUE,TRUE,0,TRUE,FALSE,TRUE,TRUE,TRUE,"","criteria",TRUE,NA
"Ocean2kHR_105","SXWdj0ru7IbEPJLwtPN7","paleo1measurement1","d18O","permil","d18O",NA,FALSE,"Ocn-NorthEastBreakers_Bermuda.Kuhnert.2005","Coral",32.467,-64.7,-12,"North East Breakers, Bermuda","1.0.7",1,"subannual","negative","sea@surface",1897,1825.21,1983.21,158,0.0799999999999272,158,FALSE,TRUE,TRUE,TRUE,TRUE,TRUE,0,TRUE,FALSE,TRUE,TRUE,TRUE,"","criteria",TRUE,NA
"Ocean2kHR_106","SXWdj0ru7IbEPJLwtPN7","paleo2measurement1","Sr/Ca","mmol/mol","Sr/Ca",NA,FALSE,"Ocn-NorthEastBreakers_Bermuda.Kuhnert.2005","Coral",32.467,-64.7,-12,"North East Breakers, Bermuda","1.0.7",1,"subannual","negative","sea@surface",1393,1867.21,1983.21,116,0.0799999999999272,116,FALSE,TRUE,TRUE,TRUE,TRUE,TRUE,0,TRUE,FALSE,TRUE,TRUE,TRUE,"","criteria",TRUE,NA
"Ocean2kHR_107","HH7jd52QFWaBgs9OvMqP","paleo1measurement1","d18O","permil","d18O",NA,FALSE,"Ocn-PedradeLume-CapeVerdeIslands.Moses.2006","Coral",16.76,-22.8883,-5,"Pedra de Lume, Cape Verde Islands","1.0.6",1,"subannual","negative","sea@surface",880,1928.96,2002.21,73.25,0.0799999999999272,73.25,FALSE,TRUE,TRUE,TRUE,TRUE,TRUE,0,TRUE,FALSE,TRUE,TRUE,TRUE,"","criteria",TRUE,NA
"Ocean2kHR_108","PxB0uvmdOcFAKSz0SJLB","paleo1measurement1","d18O","permil","d18O",NA,FALSE,"Ocn-BuccooReefTobagoMontastrea.Moses.2006","Coral",11.17,-60.85,-2,"Buccoo Reef, Tobago","1.0.7",1,"Annual","negative","sea@surface",64,1927,1990,63,1,63,FALSE,TRUE,TRUE,TRUE,TRUE,TRUE,0,TRUE,FALSE,TRUE,TRUE,TRUE,"","criteria",TRUE,NA
"Ocean2kHR_110","An6v2IzzcgaScZNxCIZd","paleo1measurement1","d18O","permil","d18O",NA,FALSE,"Ocn-BuccooReefTobagoSidereastrea.Moses.2006","Coral",11.17,-60.85,-2,"Buccoo Reef, Tobago","1.0.7",1,"Annual","negative","sea@surface",59,1932,1990,58,1,58,FALSE,TRUE,TRUE,TRUE,TRUE,TRUE,0,TRUE,FALSE,TRUE,TRUE,TRUE,"","criteria",TRUE,NA
"Ocean2kHR_112","0uFbi6ioaAGZauZPIe49","paleo1measurement1","d18O","permil","d18O",NA,FALSE,"Ocn-TongueoftheOceanExuma.Rosenheim.2005","Sclerosponge",23.766,-76.053,-136,"Tongue of the Ocean, Exuma Sound Bahamas","1.0.6",1,"Annual","negative","sea@surface",101,1890,1990,100,1,100,FALSE,TRUE,TRUE,TRUE,TRUE,TRUE,3,TRUE,FALSE,TRUE,TRUE,TRUE,"","criteria",TRUE,NA
"Ocean2kHR_113","0uFbi6ioaAGZauZPIe49","paleo1measurement1","Sr/Ca","mmol/mol","Sr/Ca",NA,FALSE,"Ocn-TongueoftheOceanExuma.Rosenheim.2005","Sclerosponge",23.766,-76.053,-136,"Tongue of the Ocean, Exuma Sound Bahamas","1.0.6",1,"Annual","negative","sea@surface",101,1890,1990,100,1,100,FALSE,TRUE,TRUE,TRUE,TRUE,TRUE,3,TRUE,FALSE,TRUE,TRUE,TRUE,"","criteria",TRUE,NA
"Ocean2kHR_114","sbAcDnElITqfgzjS2UvK","paleo1measurement1","d18O","permil","d18O",NA,FALSE,"Ocn-TongueoftheOcean.Rosenheim.2005","Sclerosponge",23.504,-76.577,-143,"Tongue of the Ocean, Exuma Sound Bahamas","1.0.6",1,"Annual","negative","sea@surface",101,1890,1990,100,1,100,FALSE,TRUE,TRUE,TRUE,TRUE,TRUE,0,TRUE,FALSE,TRUE,TRUE,TRUE,"","criteria",TRUE,NA
"Ocean2kHR_115","sbAcDnElITqfgzjS2UvK","paleo1measurement1","Sr/Ca","mmol/mol","Sr/Ca",NA,FALSE,"Ocn-TongueoftheOcean.Rosenheim.2005","Sclerosponge",23.504,-76.577,-143,"Tongue of the Ocean, Exuma Sound Bahamas","1.0.6",1,"Annual","negative","sea@surface",101,1890,1990,100,1,100,FALSE,TRUE,TRUE,TRUE,TRUE,TRUE,0,TRUE,FALSE,TRUE,TRUE,TRUE,"","criteria",TRUE,NA
"Ocean2kHR_116","YPELMcktES9xJGR0HqGM","paleo1measurement1","d18O","permil","d18O",NA,FALSE,"Ocn-FloridaBay.Swart.1996","Coral",24.93,-80.75,-3,"Florida Bay","1.0.7",1,"subannual","positive","sea@surface",162,1824,1985,161,1,161,FALSE,TRUE,TRUE,TRUE,TRUE,TRUE,0,TRUE,FALSE,TRUE,TRUE,TRUE,"","criteria",TRUE,NA
"Ocean2kHR_118","uCCFwPRmrmi8PZwFL0GE","paleo1measurement1","d18O","permil","d18O",NA,FALSE,"Ocn-BiscayneBay.Swart.1996","Coral",25.38,-80.17,-10,"Biscayne Bay","1.0.6",1,"subannual","positive","sea@surface",236,1751,1986,235,1,235,FALSE,TRUE,TRUE,TRUE,TRUE,TRUE,0,TRUE,FALSE,TRUE,TRUE,TRUE,"","criteria",TRUE,NA
"Ocean2kHR_122","0Ty02Bf6SVgd3023WClZ","paleo1measurement1","d18O","permil","d18O",NA,FALSE,"Ocn-GulfofMaine.Wanamaker.2007","MarineSediment",43.6561,-69.8017,-30,"Gulf of Maine","1.0.7",1,"Annual","negative","sea@surface",329,1033,2003,970,1,970,FALSE,TRUE,TRUE,TRUE,TRUE,FALSE,0,TRUE,TRUE,TRUE,TRUE,TRUE,"","criteria",TRUE,NA
"Ocean2kHR_123","MgEf9hXkljv4lIOIYqEK","paleo1measurement1","Sr/Ca","mmol/mol","Sr/Ca",NA,FALSE,"Ocn-DryTortugas.DeLong.2014","Coral",24.6,-82.3,-4,"Dry Tortugas","1.0.6",1,"subannual","negative","sea@surface",3299,1733.79166666692,2008.625,274.83333333308,0.0833333333300743,274.83333333308,FALSE,TRUE,TRUE,TRUE,TRUE,TRUE,0,TRUE,FALSE,TRUE,TRUE,TRUE,"","criteria",TRUE,NA
"Ocean2kHR_124","0m7mLWIvBvEctAvz3pO8","paleo1measurement1","d18O","permil","d18O",NA,FALSE,"Ocn-Bermuda.DraschbaA.2000","Coral",30.0867,-64.5417,-25,"Bermuda","1.0.7",1,"Aug-Jul","negative","sea@surface",23,1856,1920,64,3,64,FALSE,TRUE,TRUE,TRUE,TRUE,TRUE,0,TRUE,FALSE,TRUE,TRUE,TRUE,"","criteria",TRUE,NA
"Ocean2kHR_125","JMzf21d0ZvuXbdQ5ITxx","paleo1measurement1","d18O","permil","d18O",NA,FALSE,"Ocn-Bermuda.DraschbaB.2000","Coral",30.0867,-64.5417,-25,"Bermuda","1.0.7",1,"Aug-Jul","negative","sea@surface",25,1833,1904,71,3,71,FALSE,TRUE,TRUE,TRUE,TRUE,TRUE,0,TRUE,FALSE,TRUE,TRUE,TRUE,"","criteria",TRUE,NA
"Ocean2kHR_126","uCoISsIVSCeYOMwV1q6n","paleo1measurement1","d18O","permil","d18O",NA,FALSE,"Ocn-MontegoBayJamaica.Haase-Schramm.2003","Sclerosponge",18.4667,-77.95,-20,"Montego Bay Jamaica","1.0.7",1,"Aug-Jul","negative","sea@surface",175,1344,1991,647,3,647,FALSE,TRUE,TRUE,TRUE,TRUE,TRUE,15,TRUE,FALSE,TRUE,TRUE,TRUE,"","criteria",TRUE,NA
"Ocean2kHR_127","uCoISsIVSCeYOMwV1q6n","paleo2measurement1","Sr/Ca","mmol/mol","Sr/Ca",NA,FALSE,"Ocn-MontegoBayJamaica.Haase-Schramm.2003","Sclerosponge",18.4667,-77.95,-20,"Montego Bay Jamaica","1.0.7",1,"Aug-Jul","negative","sea@surface",170,1356,1991,635,3,635,FALSE,TRUE,TRUE,TRUE,TRUE,TRUE,15,TRUE,FALSE,TRUE,TRUE,TRUE,"","criteria",TRUE,NA
"Ocean2kHR_128","cVDlWTKTMGjWiA3E8Whk","paleo1measurement1","d18O","permil","d18O",NA,FALSE,"Ocn-PedroBankJamaica.Haase-Schramm.2003","Sclerosponge",17.5333,-78.95,-125,"Pedro Bank Jamaica","1.0.7",1,"Aug-Jul","negative","sea@surface",118,1389,1992,603,5,603,FALSE,TRUE,TRUE,TRUE,TRUE,TRUE,15,TRUE,FALSE,TRUE,TRUE,TRUE,"","criteria",TRUE,NA
"Ocean2kHR_129","cVDlWTKTMGjWiA3E8Whk","paleo2measurement1","Sr/Ca","mmol/mol","Sr/Ca",NA,FALSE,"Ocn-PedroBankJamaica.Haase-Schramm.2003","Sclerosponge",17.5333,-78.95,-125,"Pedro Bank Jamaica","1.0.7",1,"Aug-Jul","negative","sea@surface",113,1384,1992,608,5,608,FALSE,TRUE,TRUE,TRUE,TRUE,TRUE,15,TRUE,FALSE,TRUE,TRUE,TRUE,"","criteria",TRUE,NA
"Ocean2kHR_130","aumxeNse6c6rZcKl2fjP","paleo1measurement1","calcificationRate","cm/yr","calcification rate","mineral",FALSE,"Ocn-GingerbreadsBahamas.Saenger.2009","Coral",25.84,-78.62,-4,"Gingerbreads Bahamas","1.0.6",1,"Sep-Aug","negative","sea@surface",440,1552,1991,439,1,439,FALSE,TRUE,TRUE,TRUE,TRUE,TRUE,0,TRUE,FALSE,TRUE,TRUE,TRUE,"","criteria",TRUE,NA
"Ocean2kHR_131","PKqray0JH7seqXY3UOi1","paleo1measurement1","calcificationRate","mm/yr","calcification rate","mineral",FALSE,"Ocn-PuntaMaroma.Vasquez-Bedoya.2012","Coral",20.83,-86.74,-3.1,"Punta Maroma, Mexico","1.0.9",1,"Annual","negative","sea@surface",237,1773,2009,236,1,236,FALSE,TRUE,TRUE,TRUE,TRUE,TRUE,0,TRUE,FALSE,TRUE,TRUE,TRUE,"","criteria",TRUE,NA
"Ocean2kHR_132","giFn8xH6uWftP06dSlGQ","paleo1measurement1","d18O","permil","d18O",NA,FALSE,"Ocn-Moorea.Boiseau.1998","Coral",-17.5,-149.8333,-5,"Moorea","1.0.7",1,"subannual","negative","sea@surface",139,1852.5,1990.5,138,1,138,FALSE,TRUE,TRUE,TRUE,TRUE,TRUE,0,TRUE,FALSE,TRUE,TRUE,TRUE,"","criteria",TRUE,NA
"Ocean2kHR_133","RfCfN5MolDB1fzeOrUCc","paleo1measurement1","d18O","permil","d18O",NA,FALSE,"Ocn-Vanuatu.Quinn.1996","Coral",-15,166.99,-1,"Vanuatu","1.0.6",1,"Annual","negative","sea@surface",173,1807,1979,172,1,172,FALSE,TRUE,TRUE,TRUE,TRUE,TRUE,0,TRUE,FALSE,TRUE,TRUE,TRUE,"","criteria",TRUE,NA
"Ocean2kHR_134","nMnGyRMkchBVRjhUfd4Y","paleo1measurement1","Sr/Ca","mmol/mol","Sr/Ca",NA,FALSE,"Ocn-AmedeeIsland.DeLong.2012","Coral",-22.475,166.4667,-3,"Amedee Island","1.0.6",1,"subannual","negative","sea@surface",4211,1648.95833333365,1999.79166666667,350.83333333302,0.0833333333300743,350.83333333302,FALSE,TRUE,TRUE,TRUE,TRUE,TRUE,0,TRUE,FALSE,TRUE,TRUE,TRUE,"","criteria",TRUE,NA
"Ocean2kHR_135","r1KrEuEwfDwInsLmaGGu","paleo1measurement1","d18O","permil","d18O",NA,FALSE,"Ocn-Kiritimati.Evans.1998","Coral",1.6792,-157.2473,-9,"Kiritimati","1.0.8",1,"subannual","negative","sea@surface",665,1938.292,1993.625,55.3330000000001,0.0830000000000837,55.3330000000001,FALSE,TRUE,TRUE,TRUE,TRUE,TRUE,0,TRUE,FALSE,TRUE,TRUE,TRUE,"","criteria",TRUE,NA
"Ocean2kHR_137","cYeN21zJHuTYfl68zij6","paleo1measurement1","Sr/Ca","mmol/mol","Sr/Ca",NA,FALSE,"Ocn-XishaIslandSouthChinaSea.Sun.2004","Coral",16.85,112.33,-20,"Xisha Island, South China Sea","1.0.6",1,"subannual","negative","sea@surface",1060,1906,1994.34,88.3399999999999,0.0800000000001546,88.3399999999999,FALSE,TRUE,TRUE,TRUE,TRUE,TRUE,0,TRUE,FALSE,TRUE,TRUE,TRUE,"","criteria",TRUE,NA
"Ocean2kHR_138","4vvDhRjTIfMR5ceawqJS","paleo1measurement1","d18O","permil","d18O",NA,FALSE,"Ocn-SecasIslandPanama.Linsley.1994","Coral",7.95,-82,-3,"Secas Island, Panama","1.0.6",1,"subannual","negative","sea@surface",2723,1707.75,1984.5,276.75,0.0900000000001455,276.75,FALSE,TRUE,TRUE,TRUE,TRUE,TRUE,0,TRUE,FALSE,TRUE,TRUE,TRUE,"","criteria",TRUE,NA
"Ocean2kHR_139","ZA2B9QoiR70l4hEMXItG","paleo1measurement1","d18O","permil","d18O",NA,FALSE,"Ocn-Palmyra.Cobb.2013","Coral",5.87,-162.13,-7,"Palmyra","1.0.8",1,"subannual","negative","sea@surface",6384,928.125,1998.377,1070.252,0.0830000000000837,1070.252,FALSE,TRUE,TRUE,TRUE,TRUE,TRUE,0,TRUE,FALSE,TRUE,TRUE,TRUE,"","criteria",TRUE,NA
"Ocean2kHR_140","m8yv2VgG97zJmSg3XhqQ","paleo1measurement1","d18O","permil","d18O",NA,FALSE,"Ocn-MadangLagoonPapuaNewGuinea.Kuhnert.2001","Coral",-5.2167,145.8167,-2.2,"Madang Lagoon, Papua New Guinea","1.0.6",1,"subannual","negative","sea@surface",450,1880.792,1993.042,112.25,0.25,112.25,FALSE,TRUE,TRUE,TRUE,TRUE,TRUE,0,TRUE,FALSE,TRUE,TRUE,TRUE,"","criteria",TRUE,NA
"Ocean2kHR_141","mC3atfdldWXU1HdElIxX","paleo1measurement1","d18O","permil","d18O",NA,FALSE,"Ocn-LaingIslandPapuaNewGuinea.Tudhope.2001","Coral",-4.15,144.8833,-3,"Laing Island, Papua New Guinea","1.0.6",1,"subannual","negative","sea@surface",435,1884.542,1993.042,108.5,0.25,108.5,FALSE,TRUE,TRUE,TRUE,TRUE,TRUE,0,TRUE,FALSE,TRUE,TRUE,TRUE,"","criteria",TRUE,NA
"Ocean2kHR_142","xrxmt5mo87aEy7bal7Fj","paleo1measurement1","d18O","permil","d18O",NA,FALSE,"Ocn-SavusavuBayFiji.Bagnato.2005","Coral",-16.82,179.23,-2,"Savusavu Bay, Fiji","1.0.6",1,"Annual","negative","sea@surface",226,1776,2001,225,1,225,FALSE,TRUE,TRUE,TRUE,TRUE,TRUE,0,TRUE,FALSE,TRUE,TRUE,TRUE,"","criteria",TRUE,NA
"Ocean2kHR_143","RY1UYOA686pVeV8mHd7V","paleo1measurement1","Sr/Ca","mmol/mol","Sr/Ca",NA,FALSE,"Ocn-NewIrelandPapua.Alibert.2008","Coral",-2.5,150.5,-8,"New Ireland, Papua","1.0.6",1,"subannual","negative","sea@surface",2082,1823.0833,1997.25,174.1667,0.0833000000000084,174.1667,FALSE,TRUE,TRUE,TRUE,TRUE,TRUE,0,TRUE,FALSE,TRUE,TRUE,TRUE,"","criteria",TRUE,NA
"Ocean2kHR_144","qdeYKHwTRO2i8OjKbkrG","paleo1measurement1","d18O","permil","d18O",NA,FALSE,"Ocn-Rabaul.Quinn.2006","Coral",-4.1916,151.9772,-8,"Rabaul","1.0.7",1,"subannual","negative","sea@surface",1563,1867.38,1997.54,130.16,0.0799999999999272,130.16,FALSE,TRUE,TRUE,TRUE,TRUE,TRUE,0,TRUE,FALSE,TRUE,TRUE,TRUE,"","criteria",TRUE,NA
"Ocean2kHR_145","qdeYKHwTRO2i8OjKbkrG","paleo1measurement1","Sr/Ca","mmol/mol","Sr/Ca",NA,FALSE,"Ocn-Rabaul.Quinn.2006","Coral",-4.1916,151.9772,-8,"Rabaul","1.0.7",1,"subannual","negative","sea@surface",1563,1867.38,1997.54,130.16,0.0799999999999272,130.16,FALSE,TRUE,TRUE,TRUE,TRUE,TRUE,0,TRUE,FALSE,TRUE,TRUE,TRUE,"","criteria",TRUE,NA
"Ocean2kHR_147","naORfhZh63chmKeZfEEb","paleo1measurement1","d18O","permil","d18O",NA,FALSE,"Ocn-Rarotonga_d18O2R.Linsley.2006","Coral",-21.2378,-159.8278,-18.3,"Rarotonga","1.0.7",1,"subannual","negative","sea@surface",2162,1726.78,1996.91,270.13,0.130000000000109,270.13,FALSE,TRUE,TRUE,TRUE,TRUE,TRUE,0,TRUE,FALSE,TRUE,TRUE,TRUE,"","criteria",TRUE,NA
"Ocean2kHR_149","42Y3dTVrfgNSXw8sxdjK","paleo1measurement1","Sr/Ca","mmol/mol","Sr/Ca",NA,FALSE,"Ocn-RarotongaSrCa2r.Linsley.2006","Coral",-21.2378,-159.8278,-18.3,"Rarotonga","1.0.6",1,"subannual","negative","sea@surface",2162,1726.84,1996.96,270.12,0.120000000000118,270.12,FALSE,TRUE,TRUE,TRUE,TRUE,TRUE,0,TRUE,FALSE,TRUE,TRUE,TRUE,"","criteria",TRUE,NA
"Ocean2kHR_150","DsyeOkTQsjzGoquEy6yg","paleo1measurement1","d18O","permil","d18O",NA,FALSE,"Ocn-Rarotonga_d18O3R.Linsley.2006","Coral",-21.2378,-159.8278,-10,"Rarotonga","1.0.7",1,"subannual","negative","sea@surface",1005,1874.68,2000.18,125.5,0.125,125.5,FALSE,TRUE,TRUE,TRUE,TRUE,TRUE,0,TRUE,FALSE,TRUE,TRUE,TRUE,"","criteria",TRUE,NA
"Ocean2kHR_152","I4x6h14gYLxI0uZAKd7D","paleo1measurement1","d18O","permil","d18O",NA,FALSE,"Ocn-Rarotonga_d18O99.Linsley.2006","Coral",-21.2378,-159.8278,-18,"Rarotonga","1.0.7",1,"subannual","negative","sea@surface",744,1906.88,1999.75,92.8699999999999,0.119999999999891,92.8699999999999,FALSE,TRUE,TRUE,TRUE,TRUE,TRUE,0,TRUE,FALSE,TRUE,TRUE,TRUE,"","criteria",TRUE,NA
"Ocean2kHR_154","EZIGAmqkV9edwhpUHk0k","paleo1measurement1","d18O","permil","d18O",NA,FALSE,"Ocn-Vanuatu.Gorman.2012","Coral",-15.94,166.04,-8,"Vanuatu","1.0.8",1,"subannual","negative","sea@surface",1981,1842.625,2007.625,165,0.0833330000000387,165,FALSE,TRUE,TRUE,TRUE,TRUE,TRUE,0,TRUE,FALSE,TRUE,TRUE,TRUE,"","criteria",TRUE,NA
"Ocean2kHR_156","wYpxFR9Pyv4J9dA8bfh9","paleo1measurement1","d18O","permil","d18O",NA,FALSE,"Ocn-SavusavuBayAB.Linsley.2006","Coral",-16.8167,179.2333,-10,"Savusavu Bay","1.0.6",1,"subannual","negative","sea@surface",385,1617.5,2001.5,384,1,384,FALSE,TRUE,TRUE,TRUE,TRUE,TRUE,0,TRUE,FALSE,TRUE,TRUE,TRUE,"","criteria",TRUE,NA
"Ocean2kHR_157","8pJ18fkkg0KCwSLcJycU","paleo1measurement1","d18O","permil","d18O",NA,FALSE,"Ocn-SavusavuBay1F.Linsley.2006","Coral",-16.8167,179.2333,-10,"Savusavu Bay","1.0.6",1,"subannual","negative","sea@surface",216,1781.5,1996.5,215,1,215,FALSE,TRUE,TRUE,TRUE,TRUE,TRUE,0,TRUE,FALSE,TRUE,TRUE,TRUE,"","criteria",TRUE,NA
"Ocean2kHR_158","8pJ18fkkg0KCwSLcJycU","paleo1measurement1","Sr/Ca","mmol/mol","Sr/Ca",NA,FALSE,"Ocn-SavusavuBay1F.Linsley.2006","Coral",-16.8167,179.2333,-10,"Savusavu Bay","1.0.6",1,"subannual","negative","sea@surface",216,1781.5,1996.5,215,1,215,FALSE,TRUE,TRUE,TRUE,TRUE,TRUE,0,TRUE,FALSE,TRUE,TRUE,TRUE,"","criteria",TRUE,NA
"Ocean2kHR_159","7Vpi014iQcSWKoTQMLe8","paleo1measurement1","Sr/Ca","mmol/mol","Sr/Ca",NA,FALSE,"Ocn-HaferaIsland.Wu.2013","Coral",-19.9333,-174.7167,-10,"Hafera Island","1.0.7",1,"subannual","negative","sea@surface",213,1791,2003,212,1,212,FALSE,TRUE,TRUE,TRUE,TRUE,TRUE,0,TRUE,FALSE,TRUE,TRUE,TRUE,"","criteria",TRUE,NA
"Ocean2kHR_161","tSHGSSAVKOdudrPIGtsq","paleo1measurement1","Sr/Ca","mmol/mol","Sr/Ca",NA,FALSE,"Ocn-Palmyra.Nurhati.2011","Coral",5.87,-162.13,-10,"Palmyra","1.0.7",1,"subannual","negative","sea@surface",1347,1886.13,1998.29,112.16,0.0799999999999272,112.16,FALSE,TRUE,TRUE,TRUE,TRUE,TRUE,0,TRUE,FALSE,TRUE,TRUE,TRUE,"","criteria",TRUE,NA
"Ocean2kHR_163","Y0bLO0QNOCHwb7hsD6z7","paleo1measurement1","d18O","permil","d18O",NA,FALSE,"Ocn-Miyanohama.Felis.2009","Coral",27.1059,142.1941,-5.6,"Miyanohama","1.0.7",1,"subannual","negative","sea@surface",737,1872.25,1994.917,122.667,0.166999999999916,122.667,FALSE,TRUE,TRUE,TRUE,TRUE,TRUE,0,TRUE,FALSE,TRUE,TRUE,TRUE,"","criteria",TRUE,NA
"Ocean2kHR_163_iso2k","xYGfq303ke1Az0v0nKSM","paleo1measurement1","d18O","permil","d18O",NA,FALSE,"CO09FEOG","Coral",27.1059,142.1941,-5.6,"Miyanohama","1.1.8",1,"subannual","negative","sea@surface",737,1872.25,1994.917,122.667,0.166999999999916,122.667,FALSE,TRUE,TRUE,TRUE,TRUE,TRUE,0,TRUE,FALSE,TRUE,TRUE,TRUE,"","criteria",FALSE,"cross-dataset"
"Ocean2kHR_164","Y0bLO0QNOCHwb7hsD6z7","paleo1measurement1","Sr/Ca","mmol/mol","Sr/Ca",NA,FALSE,"Ocn-Miyanohama.Felis.2009","Coral",27.1059,142.1941,-5.6,"Miyanohama","1.0.7",1,"subannual","negative","sea@surface",737,1872.25,1994.917,122.667,0.166999999999916,122.667,FALSE,TRUE,TRUE,TRUE,TRUE,TRUE,0,TRUE,FALSE,TRUE,TRUE,TRUE,"","criteria",TRUE,NA
"Ocean2kHR_164_iso2k","xYGfq303ke1Az0v0nKSM","paleo1measurement1","Sr/Ca","mmol/mol","Sr/Ca",NA,FALSE,"CO09FEOG","Coral",27.1059,142.1941,-5.6,"Miyanohama","1.1.8",1,"subannual","negative","sea@surface",737,1872.25,1994.917,122.667,0.166999999999916,122.667,FALSE,TRUE,TRUE,TRUE,TRUE,TRUE,0,TRUE,FALSE,TRUE,TRUE,TRUE,"","criteria",FALSE,"cross-dataset"
"Ocean2kHR_165_iso2k","xYGfq303ke1Az0v0nKSM","paleo1measurement1","d13C","permil","d13C",NA,FALSE,"CO09FEOG","Coral",27.1059,142.1941,-5.6,"Miyanohama","1.1.8",1,"subannual","negative","sea@surface",737,1872.25,1994.917,122.667,0.166999999999916,122.667,FALSE,TRUE,TRUE,TRUE,TRUE,TRUE,0,TRUE,FALSE,TRUE,TRUE,TRUE,"","criteria",TRUE,NA
"Ocean2kHR_166","afZ0M1nnEXSX8vSJISOl","paleo1measurement1","d18O","permil","d18O",NA,FALSE,"Ocn-DoubleReef.Asami.2005","Coral",13.5982,144.8359,-7.8,"Double Reef","1.0.6",1,"subannual","negative","sea@surface",2523,1790.04,2000.21,210.17,0.0799999999999272,210.17,FALSE,TRUE,TRUE,TRUE,TRUE,TRUE,0,TRUE,FALSE,TRUE,TRUE,TRUE,"","criteria",TRUE,NA
"Ocean2kHR_167","Fc74zC3enQVmIati6Jt9","paleo1measurement1","d18O","permil","d18O",NA,FALSE,"Ocn-AbrahamReef.Druffel.1999","Coral",-22.1,153,-2.5,"Abraham Reef","1.0.7",1,"Annual","negative","sea@surface",334,1638.3,1983.3,345,1,345,FALSE,TRUE,TRUE,TRUE,TRUE,TRUE,0,TRUE,FALSE,TRUE,TRUE,TRUE,"","criteria",TRUE,NA
"Ocean2kHR_169","4dAJx1PANL8GCgXrQ66m","paleo1measurement1","d18O","permil","d18O",NA,FALSE,"Ocn-ClippertonAtoll.Linsley.2000","Coral",10.2773,-109.2131,-8.2,"Clipperton Atoll","1.0.8",1,"subannual","negative","sea@surface",1204,1893.79,1994.04,100.25,0.0799999999999272,100.25,FALSE,TRUE,TRUE,TRUE,TRUE,TRUE,0,TRUE,FALSE,TRUE,TRUE,TRUE,"","criteria",TRUE,NA
"Ocean2kHR_171","0Fu8raGb33rs9Vl3qUiV","paleo1measurement1","d18O","permil","d18O",NA,FALSE,"Ocn-BunakenIsland.Charles.2003","Coral",-1.5,124.833,-3,"Bunaken Island","1.0.6",1,"subannual","negative","sea@surface",1568,1860,1990.58,130.58,0.0799999999999272,130.58,FALSE,TRUE,TRUE,TRUE,TRUE,TRUE,0,TRUE,FALSE,TRUE,TRUE,TRUE,"","criteria",TRUE,NA
"Ocean2kHR_172","nfXaC5deSeGO3Vg6AI5Y","paleo1measurement1","d18O","permil","d18O",NA,FALSE,"Ocn-MadangLagoonPapuaNewGuinea.Tudhope.1995","Coral",-5.22,145.82,-3,"Madang Lagoon, Papua New Guinea","1.0.6",1,"subannual","negative","sea@surface",276,1922.542,1991.292,68.75,0.25,68.75,FALSE,TRUE,TRUE,TRUE,TRUE,TRUE,0,TRUE,FALSE,TRUE,TRUE,TRUE,"","criteria",TRUE,NA
"Ocean2kHR_173","cQjZafljfSW19guiamVm","paleo1measurement1","d18O","permil","d18O",NA,FALSE,"Ocn-UrvinaBay.Dunbar.1994","Coral",-0.4,-91.23,-1.5,"Urvina Bay","1.0.7",1,"Annual","negative","sea@surface",362,1607,1981,374,1,374,FALSE,TRUE,TRUE,TRUE,TRUE,TRUE,0,TRUE,FALSE,TRUE,TRUE,TRUE,"","criteria",TRUE,NA
"Ocean2kHR_174","LPj78egHvC0LXqVm73JJ","paleo1measurement1","d18O","permil","d18O",NA,FALSE,"Ocn-MaloChannelEspirituSantoIsland.Kilbourne.2004","Coral",-15.7,167.2,-1.5,"Malo Channel, Espiritu Santo Island, Vanuatu","1.0.8",1,"subannual","negative","sea@surface",953,1928.54,1992.46,63.9200000000001,0.0600000000001728,63.9200000000001,FALSE,TRUE,TRUE,TRUE,TRUE,TRUE,0,TRUE,FALSE,TRUE,TRUE,TRUE,"","criteria",TRUE,NA
"Ocean2kHR_175","LPj78egHvC0LXqVm73JJ","paleo1measurement1","Sr/Ca","mmol/mol","Sr/Ca",NA,FALSE,"Ocn-MaloChannelEspirituSantoIsland.Kilbourne.2004","Coral",-15.7,167.2,-1.5,"Malo Channel, Espiritu Santo Island, Vanuatu","1.0.8",1,"subannual","negative","sea@surface",953,1928.54,1992.46,63.9200000000001,0.0600000000001728,63.9200000000001,FALSE,TRUE,TRUE,TRUE,TRUE,TRUE,0,TRUE,FALSE,TRUE,TRUE,TRUE,"","criteria",TRUE,NA
"Ocean2kHR_175_iso2k","qPOKtJkB2tJB5xlBmJk2","paleo1measurement1","Sr/Ca","mmol/mol","Sr/Ca",NA,FALSE,"CO04KIVA","Coral",-15.7,167.2,-1.5,"Malo Channel, Espiritu Santo Island, Vanuatu","1.0.10",1,"subannual","negative","sea@surface",953,1928.54,1992.46,63.9200000000001,0.0600000000001728,63.9200000000001,FALSE,TRUE,TRUE,TRUE,TRUE,TRUE,0,TRUE,FALSE,TRUE,TRUE,TRUE,"","criteria",FALSE,"cross-dataset"
"Ocean2kHR_176_iso2k","qPOKtJkB2tJB5xlBmJk2","paleo1measurement1","d13C","permil","d13C",NA,FALSE,"CO04KIVA","Coral",-15.7,167.2,-1.5,"Malo Channel, Espiritu Santo Island, Vanuatu","1.0.10",1,"subannual","negative","sea@surface",953,1928.54,1992.46,63.9200000000001,0.0600000000001728,63.9200000000001,FALSE,TRUE,TRUE,TRUE,TRUE,TRUE,0,TRUE,FALSE,TRUE,TRUE,TRUE,"","criteria",TRUE,NA
"Ocean2kHR_177","lcCanr8ocCJEjWbRmuXx","paleo1measurement1","d18O","permil","d18O",NA,FALSE,"Ocn-Maiana.Urban.2000","Coral",1,173,-6,"Maiana","1.0.6",1,"subannual","negative","sea@surface",928,1840,1994.5,154.5,0.170000000000073,154.5,FALSE,TRUE,TRUE,TRUE,TRUE,TRUE,0,TRUE,FALSE,TRUE,TRUE,TRUE,"","criteria",TRUE,NA
"Ocean2kHR_178","Cq9oZInXbgN1c9ZQ1kUG","paleo1measurement1","d18O","permil","d18O",NA,FALSE,"Ocn-Tarawa.Cole.1990","Coral",1,172,-3,"Tarawa","1.0.6",1,"subannual","negative","sea@surface",1153,1894,1990,96,0.0830000000000837,96,FALSE,TRUE,TRUE,TRUE,TRUE,TRUE,0,TRUE,FALSE,TRUE,TRUE,TRUE,"","criteria",TRUE,NA
"Ocean2kHR_179","mnmibBsW0WoYZ7gLBUp5","paleo1measurement1","d18O","permil","d18O",NA,FALSE,"Ocn-Nauru.Guilderson.1999","Coral",-0.533,166.9283,-14,"Nauru","1.0.7",1,"subannual","negative","sea@surface",806,1897.54,1995.25,97.71,0.099999999999909,97.71,FALSE,TRUE,TRUE,TRUE,TRUE,TRUE,0,TRUE,FALSE,TRUE,TRUE,TRUE,"","criteria",TRUE,NA
"Ocean2kHR_181","NYebcVMhhNfVjbl3gEzC","paleo1measurement1","d18O","permil","d18O",NA,FALSE,"Ocn-PalauRockIslands.Osborne.2014","Coral",7.2708,134.3837,-12,"Palau","1.0.7",1,"subannual","negative","sea@surface",1309,1899.17,2008.17,109,0.0799999999999272,109,FALSE,TRUE,TRUE,TRUE,TRUE,TRUE,0,TRUE,FALSE,TRUE,TRUE,TRUE,"","criteria",TRUE,NA
"Ocean2kHR_183","EpsQ5r4bAx9gyOdKmvLr","paleo1measurement1","d18O","permil","d18O",NA,FALSE,"Ocn-PalauUlongChannel.Osborne.2014","Coral",7.2859,134.2503,-12,"Palau","1.0.7",1,"subannual","negative","sea@surface",2581,1793.17,2008.17,215,0.0799999999999272,215,FALSE,TRUE,TRUE,TRUE,TRUE,TRUE,0,TRUE,FALSE,TRUE,TRUE,TRUE,"","criteria",TRUE,NA
"Ocean2kHR_185","7W9hadnVAMyEePFje9HL","paleo1measurement1","Sr/Ca","mmol/mol","Sr/Ca",NA,FALSE,"Ocn-Clipperton2b.Wu.2014","Coral",10.2773,-109.2131,-13,"Clipperton","1.0.7",1,"subannual","negative","sea@surface",710,1934.8750017,1993.95833267,59.0833309699999,0.0833333299999595,59.0833309699999,FALSE,TRUE,TRUE,TRUE,TRUE,TRUE,0,TRUE,FALSE,TRUE,TRUE,TRUE,"","criteria",TRUE,NA
"Ocean2kHR_186","JUQQPRCkD7a8lxHLUTFZ","paleo1measurement1","Sr/Ca","mmol/mol","Sr/Ca",NA,FALSE,"Ocn-Clipperton6a.Wu.2014","Coral",10.2773,-109.2131,-13,"Clipperton","1.0.7",1,"subannual","negative","sea@surface",625,1941.95833475,1993.95833267,51.9999979199999,0.0833333299999595,51.9999979199999,FALSE,TRUE,TRUE,TRUE,TRUE,TRUE,0,TRUE,FALSE,TRUE,TRUE,TRUE,"","criteria",TRUE,NA
"Ocean2kHR_187","ICXAbc8BMVyg8XYHLTQz","paleo1measurement1","Sr/Ca","mmol/mol","Sr/Ca",NA,FALSE,"Ocn-Clipperton4b.Wu.2014","Coral",10.2773,-109.2131,-13,"Clipperton","1.0.7",1,"subannual","negative","sea@surface",1200,1894.04167,1993.95833267,99.9166626699998,0.0833333299999595,99.9166626699998,FALSE,TRUE,TRUE,TRUE,TRUE,TRUE,0,TRUE,FALSE,TRUE,TRUE,TRUE,"","criteria",TRUE,NA
"Ocean2kHR_188","LmlQIGdCjwklOyMEgm52","paleo1measurement1","d18O","permil","d18O",NA,FALSE,"Ocn-Clipperton1b.Wu.2014","Coral",10.2773,-109.2131,-13,"Clipperton","1.0.7",1,"subannual","negative","sea@surface",993,1874.083333,1956.79166749,82.70833449,0.0833333299999595,82.70833449,FALSE,TRUE,TRUE,TRUE,TRUE,TRUE,0,TRUE,FALSE,TRUE,TRUE,TRUE,"","criteria",TRUE,NA
"Ocean2kHR_189","LmlQIGdCjwklOyMEgm52","paleo1measurement1","Sr/Ca","mmol/mol","Sr/Ca",NA,FALSE,"Ocn-Clipperton1b.Wu.2014","Coral",10.2773,-109.2131,-13,"Clipperton","1.0.7",1,"subannual","negative","sea@surface",993,1874.083333,1956.79166749,82.70833449,0.0833333299999595,82.70833449,FALSE,TRUE,TRUE,TRUE,TRUE,TRUE,0,TRUE,FALSE,TRUE,TRUE,TRUE,"","criteria",TRUE,NA
"Ocean2kHR_190","b5AwaU3ejQu1AMv1GrZO","paleo1measurement1","d18O","permil","d18O",NA,FALSE,"Ocn-GBR.Wei.2009","Coral",-16.7167,146.0333,0,"GBR","1.0.7",1,"Annual","negative","sea@surface",92,1807,2004,197,1,197,FALSE,TRUE,TRUE,TRUE,TRUE,TRUE,0,TRUE,FALSE,TRUE,TRUE,TRUE,"","criteria",TRUE,NA
"Ocean2kHR_191","b5AwaU3ejQu1AMv1GrZO","paleo1measurement1","Sr/Ca","mmol/mol","Sr/Ca",NA,FALSE,"Ocn-GBR.Wei.2009","Coral",-16.7167,146.0333,0,"GBR","1.0.7",1,"Annual","negative","sea@surface",92,1807,2004,197,1,197,FALSE,TRUE,TRUE,TRUE,TRUE,TRUE,0,TRUE,FALSE,TRUE,TRUE,TRUE,"","criteria",TRUE,NA
"Ocean2kHR_193","QUJdzhdRzOBaDuEI4d7u","paleo1measurement1","d18O","permil","d18O",NA,FALSE,"Ocn-CoralSea.Calvo.2007","Coral",-17.73,148.43,-5,"Coral Sea","1.0.6",1,"Annual","negative","sea@surface",57,1708,1988,280,5,280,FALSE,TRUE,TRUE,TRUE,TRUE,TRUE,0,TRUE,FALSE,TRUE,TRUE,TRUE,"","criteria",TRUE,NA
"Ocean2kHR_194","QUJdzhdRzOBaDuEI4d7u","paleo1measurement1","Sr/Ca","mmol/mol","Sr/Ca",NA,FALSE,"Ocn-CoralSea.Calvo.2007","Coral",-17.73,148.43,-5,"Coral Sea","1.0.6",1,"Annual","negative","sea@surface",57,1708,1988,280,5,280,FALSE,TRUE,TRUE,TRUE,TRUE,TRUE,0,TRUE,FALSE,TRUE,TRUE,TRUE,"","criteria",TRUE,NA
"PYT041CE8JO","N5T2ld0NHkw0WyOb9clM","paleo1measurement1","temperature","degC","alkenone","alkenone",FALSE,"JR51-GC35.Bendle.2007","MarineSediment",66.59,-17.56,-420,"JR51-GC35","1.0.10",1,NA,"positive","sea@surface",20,69.77,1888.13,1818.36,65.04,1818.36,FALSE,TRUE,FALSE,TRUE,TRUE,FALSE,10,TRUE,FALSE,TRUE,TRUE,TRUE,"","criteria",TRUE,NA
"PYT0IFU85C3","8Txi25yPU1WkzYbreSFY","paleo2measurement1","temperature","degC","foraminifera","faunal assemblage",FALSE,"PSh-5159N.Risebrobakken.2011","MarineSediment",71.35,22.6333,-422,"PSh-5159N","1.1.2",1,"Annual","positive","sea@surface",15,60.9469999999999,1986.287,1925.34,138.062,1925.34,FALSE,TRUE,FALSE,TRUE,TRUE,FALSE,15,TRUE,FALSE,TRUE,TRUE,TRUE,"","criteria",TRUE,NA
"PYT0UICY9DO","awHiR8yReXc65MJsLRCY","paleo1measurement1","d18O","permil","d18O","isotopic",FALSE,"FauskeCave.Linge.2009","Speleothem",67.22,15.81,160,"Fauske Cave","1.0.9",1,NA,"negative","air@surface",56,24.04,1997,1972.96,29.875,1972.96,FALSE,TRUE,FALSE,TRUE,TRUE,FALSE,16,TRUE,FALSE,TRUE,TRUE,TRUE,"","criteria",TRUE,NA
"PYT295BX2KQ","tIJgKsUMVvH4ANrvR0Ad","paleo1measurement1","d18O","permil","d18O","isotopic",FALSE,"Century.Johnsen.1972","GlacierIce",77.17,-61.13,1890,"Century","1.0.19",1,"Annual","positive","air@surface",88,20,1900,1880,20,1880,FALSE,TRUE,FALSE,TRUE,TRUE,TRUE,0,TRUE,FALSE,TRUE,TRUE,TRUE,"","criteria",TRUE,NA
"PYT40VBXBG5","E16sJVYVDZ4CWF5TADXT","paleo1measurement1","temperature","degC","dinocyst","faunal assemblage",FALSE,"P1B3.deVernal.2005","MarineSediment",73.683,-162.66,-201,"P1B3","1.0.19",1,"Summer","positive","sea@surface",40,145.1,1824.39,1679.29,22.3399999999999,1679.29,FALSE,TRUE,FALSE,TRUE,TRUE,FALSE,10,TRUE,FALSE,TRUE,TRUE,TRUE,"","criteria",TRUE,NA
"PYT44KBHOVP","FjPRxbs0EmBzi3OcFwBx","paleo2measurement1","temperature","degC","alkenone","alkenone",FALSE,"MD95-2011.Calvo.2002","MarineSediment",66.97,7.64,-1048,"MD95-2011","1.0.14",1,NA,"positive","sea@surface",52,14,1440,1426,25.7389999999999,1426,FALSE,TRUE,FALSE,TRUE,TRUE,FALSE,33,TRUE,FALSE,TRUE,TRUE,TRUE,"","criteria",FALSE,"cross-dataset"
"PYT581AWKCZ","jwahCsrGulSK8mdZUmXJ","paleo1measurement1","temperature","degC","ring width","dendrophysical",FALSE,"Tornetrask.Grudd.2002","Wood",68,20,400,"Tornetrask","1.0.9",1,"Jun-Aug","positive","air@surface",1997,1,1997,1996,1,1996,FALSE,TRUE,TRUE,TRUE,TRUE,TRUE,0,TRUE,FALSE,TRUE,TRUE,TRUE,"","criteria",TRUE,NA
"PYT5QHZ4RLO","8Txi25yPU1WkzYbreSFY","paleo3measurement1","temperature","degC","alkenone","biomarker",FALSE,"PSh-5159N.Risebrobakken.2011","MarineSediment",71.35,22.6333,-422,"PSh-5159N","1.1.2",1,"Summer","positive","sea@surface",16,78.6320000000001,1995.143,1916.511,131.923,1916.511,FALSE,TRUE,FALSE,TRUE,TRUE,FALSE,15,TRUE,FALSE,TRUE,TRUE,TRUE,"","criteria",TRUE,NA
"PYT6CZBVE1E","1IZfYu8SPoywXh1PyQib","paleo1measurement1","temperature","degC","pollen","floral assemblage",FALSE,"JR01.Fortin.2017","LakeSediment",69.9,-95.07,120,"JR01","1.0.8",1,"Jul","positive","air@surface",20,97.9359999999999,1999,1901.064,87.164,1901.064,FALSE,TRUE,FALSE,TRUE,FALSE,FALSE,20,FALSE,FALSE,TRUE,TRUE,TRUE,"resolution;chronology","data-poor exception",TRUE,NA
"PYTAUVXNNEA","FDAa4jwyHKTOSBeFizAw","paleo1measurement1","d18O","permil","d18O","isotopic",FALSE,"DYE3.Vinther.2006","GlacierIce",65.1833,-43.82,2490,"DYE3","1.0.15",1,"Annual","positive","precipitation@surface",99,10,1970,1960,20,1960,FALSE,TRUE,FALSE,TRUE,TRUE,TRUE,0,TRUE,FALSE,TRUE,TRUE,TRUE,"","criteria",TRUE,NA
"PYTBSFC6CTW","Ipsz1iUTCMtvZqRnxzs8","paleo1measurement1","temperature","degC","d18O","isotopic",FALSE,"Soylegrotta.Lauritzen.1999","Speleothem",66.62,13.68,280,"Soylegrotta","1.0.15",1,"Annual","positive","air@surface",61,3.74900000000002,1813.497,1809.748,28.8929999999999,1809.748,FALSE,TRUE,FALSE,TRUE,TRUE,FALSE,12,TRUE,FALSE,TRUE,TRUE,TRUE,"","criteria",TRUE,NA
"PYTCKIHL13P","tU34QYAL3Iy97s4dMrez","paleo1measurement1","temperature","degC","Mg/Ca","Mg/Ca",FALSE,"RAPID-12.Thournally.2009","MarineSediment",62.0905,-17.8197,-1938,"RAPID-12","1.0.14",1,"spring and early summer","positive","sea@surface",28,33.056,1950,1916.944,73.2179999999998,1916.944,FALSE,TRUE,FALSE,TRUE,TRUE,FALSE,13,TRUE,FALSE,TRUE,TRUE,TRUE,"","criteria",FALSE,"cross-dataset"
"PYTCX8JIV0J","BKgumDdVxzEnSwNhfwch","paleo1measurement1","Uk37","unitless","alkenone","alkenone",FALSE,"BrayaSo.DAndrea.2011","LakeSediment",66.9875,-51.0333,170,"BrayaSoe","1.0.16",1,"Summer","positive","lake@surface",71,37,2005,1968,31,1968,FALSE,TRUE,FALSE,TRUE,TRUE,FALSE,15,TRUE,FALSE,TRUE,TRUE,TRUE,"","criteria",TRUE,NA
"PYTE06JD9X4","Blk674hwmrjIrly5e2UA","paleo1measurement1","temperature","degC","foraminifera","faunal assemblage",FALSE,"MD99-2284.Risebrobakken.2009","MarineSediment",62.3667,0.9667,-1500,"MD99-2284","1.0.11",1,"Annual","positive","sea@surface",8,67.2349999999999,951.706,884.471,126.353,884.471,FALSE,TRUE,FALSE,TRUE,TRUE,FALSE,12,TRUE,FALSE,TRUE,TRUE,TRUE,"","criteria",TRUE,NA
"PYTH91MXU0Z","v0DUCkVEcZ6D32j9gtrW","paleo1measurement1","temperature","degC","d18O","isotopic",FALSE,"P1003.Sejrup.2011","MarineSediment",63.7622,5.2553,-875,"P1003","1.0.19",1,"Jul-Sep","positive","air@surface",236,6.3710000000001,1998.236,1991.865,9.09899999999993,1991.865,FALSE,TRUE,FALSE,TRUE,TRUE,FALSE,87,TRUE,FALSE,TRUE,TRUE,TRUE,"","criteria",TRUE,NA
"PYTHQFCVRSQ","rFrrtgeDpAD9zjpB4xT5","paleo1measurement1","organicMatter","g/cm2/yr","TOC","biogenic",FALSE,"vikjordvatnet.Balascio.2012","LakeSediment",68.227,14.063,23,"Vikjordvatnet","1.1.2",1,NA,"positive","air@surface",44,14,1595,1581,37,1581,FALSE,TRUE,FALSE,TRUE,TRUE,FALSE,10,TRUE,FALSE,TRUE,TRUE,TRUE,"","criteria",TRUE,NA
"PYTI3HL2Q73","Z2gRDSvN0sx7wlNbyl5Z","paleo1measurement1","temperature","degC","chironomid","faunal assemblage",FALSE,"Hudson.Clegg.2011","LakeSediment",61.9,-145.6667,657,"Hudson-AK","1.0.14",1,"Summer","positive","air@surface",40,85.807,1977.942,1892.135,39.4950000000001,1892.135,FALSE,TRUE,FALSE,TRUE,TRUE,FALSE,19,TRUE,FALSE,TRUE,TRUE,TRUE,"","criteria",TRUE,NA
"PYTIFNEXCAM","zlHGdEMfwxv3VasGJuzx","paleo1measurement2","PC1","unitless","multiproxy","multiproxy",TRUE,"Hvitarvatn.Larsen.2013","LakeSediment",64.6167,-19.85,422,"Hvitarvatn","1.0.14",1,"Summer","positive","air@surface",97,19.605,1940.958,1921.353,20.014,1921.353,FALSE,TRUE,FALSE,TRUE,TRUE,FALSE,0,TRUE,TRUE,TRUE,TRUE,TRUE,"","criteria",TRUE,NA
"PYTIYA2IC5S","GqVW245aTWvSgzBDWr5b","paleo1measurement1","temperature","degC","pollen","floral assemblage",FALSE,"Qipisarqo.Frechette.2009","LakeSediment",61.0114,-47.7536,7,"Qipisarqo","1.0.22",1,"Jul","positive","air@surface",24,241,1942,1701,4,1701,FALSE,TRUE,FALSE,TRUE,TRUE,FALSE,11,TRUE,FALSE,TRUE,TRUE,TRUE,"","criteria",TRUE,NA
"PYTJ3JMX39H","mA1dMUlZs0ySHqlDYTvb","paleo1measurement1","temperature","degC","pollen","floral assemblage",FALSE,"Nautajarvi.Seppa.2009","LakeSediment",61.8,24.7,104,"Nautajarvi","1.0.10",1,"Annual","positive","air@surface",51,30,1899,1869,35.5,1869,FALSE,TRUE,FALSE,TRUE,TRUE,FALSE,0,TRUE,TRUE,TRUE,TRUE,TRUE,"","criteria",TRUE,NA
"PYTJZTFTNZI","SCDm2Q7rhfuBAW4UY87Y","paleo1measurement2","d18O","permil","d18O","isotope",FALSE,"agassiz.Vinther.2009","GlacierIce",80.7,-73.1,1730,"Agassiz","1.0.9",1,"Annual","positive",NA,98,10,1950,1940,20,1940,FALSE,TRUE,FALSE,TRUE,TRUE,TRUE,0,TRUE,FALSE,TRUE,TRUE,TRUE,"","criteria",FALSE,"within-dataset"
"PYTKYQ4C1WD","0hBVJGig5QYen0TuBluK","paleo1measurement1","BSi","percent","BSi","biogenic",FALSE,"Lonespruce.Kaufman.2012","LakeSediment",60.007,-159.143,135,"Lonespruce","1.1.4",1,"growing","positive","air@surface",197,14.01,1954.623,1940.613,3.86799999999994,1940.613,FALSE,TRUE,FALSE,TRUE,TRUE,FALSE,21,TRUE,FALSE,TRUE,TRUE,TRUE,"","criteria",TRUE,NA
"PYTMDYO5TUV","sD2kbjJu7iOdYpwV8zmE","paleo1measurement1","temperature","degC","foraminifera","faunal assemblage",FALSE,"MD99-2322.Jennings.2011","MarineSediment",67.1363,-30.8278,-714,"MD99-2322","1.0.18",1,"Summer","positive","sea@subsurface",17,38.9000000000001,1766.83,1727.93,101.6,1727.93,FALSE,TRUE,FALSE,TRUE,TRUE,FALSE,19,TRUE,FALSE,TRUE,TRUE,TRUE,"","criteria",TRUE,NA
"PYTMVGBLPHG_SST_from_d18O","v0DUCkVEcZ6D32j9gtrW","paleo1measurement1","temperature","degC","d18O","isotopic",FALSE,"P1003.Sejrup.2011","MarineSediment",63.7622,5.2553,-875,"P1003","1.0.19",1,"Annual","positive","air@surface",236,6.3710000000001,1998.236,1991.865,9.09899999999993,1991.865,FALSE,TRUE,FALSE,TRUE,TRUE,FALSE,87,TRUE,FALSE,TRUE,TRUE,TRUE,"","criteria",TRUE,NA
"PYTNG9UXJDL","QOJY58DGx6HCmj9yXdGz","paleo1measurement1","temperature","degC","ring width","dendrophysical",FALSE,"Lapland.Helama.2009","Wood",69,25,335,"Lapland","1.0.9",1,"Jul","positive","air@surface",2005,1,2005,2004,1,2004,FALSE,TRUE,TRUE,TRUE,TRUE,TRUE,0,TRUE,FALSE,TRUE,TRUE,TRUE,"","criteria",TRUE,NA
"PYTQ80LZ9WG","iBevjv0nbkgCnVMyRfLS","paleo2measurement1","BSi","percent","BSi","biogenic",FALSE,"Hallet.McKay.2009","LakeSediment",61.4919,-146.2389,NA,"Hallet Lake","1.0.24",1,"Summer","positive","air@surface",179,10.799,2005.103,1994.304,11.3329999999999,1994.304,FALSE,TRUE,FALSE,TRUE,TRUE,FALSE,12,TRUE,FALSE,TRUE,TRUE,TRUE,"","criteria",FALSE,"cross-dataset"
"PYTQSL3KBPX","sD2kbjJu7iOdYpwV8zmE","paleo2measurement1","d18O","permil","d18O","isotopic",FALSE,"MD99-2322.Jennings.2011","MarineSediment",67.1363,-30.8278,-714,"MD99-2322","1.0.18",1,NA,"negative","sea@nearsurface",19,6.48000000000002,1753.47,1746.99,98.0314999999999,1746.99,FALSE,TRUE,FALSE,TRUE,TRUE,FALSE,19,TRUE,FALSE,TRUE,TRUE,TRUE,"","criteria",TRUE,NA
"PYTRM8XIQ8J","HNHuy6LpPXC03AdEFika","paleo1measurement1","temperature","degC","diatom","floral assemblage",FALSE,"MD99-2269.Justwan.2008","MarineSediment",66.85,-20.85,-365,"MD99-2269","1.0.13",1,"Aug","positive","sea@surface",68,20.3,1966.102,1945.802,27.9400000000001,1945.802,FALSE,TRUE,FALSE,TRUE,TRUE,FALSE,25,TRUE,FALSE,TRUE,TRUE,TRUE,"","criteria",TRUE,NA
"PYTSIOJ5D6Y","oDl4HqUpD9UltKwzXRjn","paleo1measurement1","d18O","permil","d18O","isotopic",FALSE,"Penny.Fisher.1998","GlacierIce",67.25,-66.75,1900,"Penny","1.0.17",1,"Annual","positive","precipitation@surface",199,2.70000000000005,1982.7,1980,10,1980,FALSE,TRUE,FALSE,TRUE,TRUE,TRUE,0,TRUE,FALSE,TRUE,TRUE,TRUE,"","criteria",TRUE,NA
"PYTT52RRIXK","SCDm2Q7rhfuBAW4UY87Y","paleo1measurement1","d18O","permil","d18O","isotope",FALSE,"agassiz.Vinther.2009","GlacierIce",80.7,-73.1,1730,"Agassiz","1.0.9",1,"Annual","positive",NA,98,10,1950,1940,20,1940,FALSE,TRUE,FALSE,TRUE,TRUE,TRUE,0,TRUE,FALSE,TRUE,TRUE,TRUE,"","criteria",TRUE,NA
"PYTTTRD8PMK","E16sJVYVDZ4CWF5TADXT","paleo1measurement2","temperature","degC","dinocyst","faunal assemblage",FALSE,"P1B3.deVernal.2005","MarineSediment",73.683,-162.66,-201,"P1B3","1.0.19",1,"Annual","positive","sea@surface",40,145.1,1824.39,1679.29,22.3399999999999,1679.29,FALSE,TRUE,FALSE,TRUE,TRUE,FALSE,10,TRUE,FALSE,TRUE,TRUE,TRUE,"","criteria",TRUE,NA
"PYTUAENTJO2","VoVRVs0UyFCO50qASA7i","paleo1measurement1","d18O","permil","d18O","isotopic",FALSE,"Renland.Johnsen.1992","GlacierIce",71.3,-26.7,2350,"Renland","1.0.15",1,"Annual","positive","precipitation@surface",98,20,1960,1940,20,1940,FALSE,TRUE,FALSE,TRUE,TRUE,TRUE,0,TRUE,FALSE,TRUE,TRUE,TRUE,"","criteria",FALSE,"cross-dataset"
"PYTZPNPWL0E","BRVoIdnaaMBcqOZuf3bC","paleo1measurement1","d18O","permil","d18O","isotopic",FALSE,"GRIP.Vinther.2006","GlacierIce",72.58,-37.63,3237,"GRIP","1.0.15",1,"Annual","positive","precipitation@surface",99,10,1970,1960,20,1960,FALSE,TRUE,FALSE,TRUE,TRUE,TRUE,0,TRUE,FALSE,TRUE,TRUE,TRUE,"","criteria",TRUE,NA
"PYTZZK6DD6Y","SCDm2Q7rhfuBAW4UY87Y","paleo2measurement1","iceMelt","percent","ice melt","cryophysical",FALSE,"agassiz.Vinther.2009","GlacierIce",80.7,-73.1,1730,"Agassiz","1.0.9",1,"Summer","positive",NA,80,9,1984,1975,25,1975,FALSE,TRUE,FALSE,TRUE,TRUE,TRUE,0,TRUE,FALSE,TRUE,TRUE,TRUE,"","criteria",TRUE,NA
"R17xYRh9kl8","cWNGbGjuGnazRcMYCxV2","paleo1measurement1","temperature","degC","pollen","pollen",FALSE,"GrosserTreppelsee.EPD","LakeSediment",52.15,14.45,52,"Grosser Treppelsee","1.1.6",1,"coldest month","positive","air@surface",53,34.05,1983.16,1949.11,35.865,1949.11,FALSE,TRUE,FALSE,TRUE,TRUE,FALSE,8,TRUE,FALSE,TRUE,TRUE,TRUE,"","criteria",TRUE,NA
"R1VvKcChK6w","vXSePj3UOrXfSCUjS2Bf","paleo1measurement1","temperature","degC","pollen","pollen",FALSE,"ThorpeBulmer.EPD","Peat",54.72,-1.3,100,"Thorpe Bulmer","1.1.5",1,"coldest month","positive","air@surface",42,73.19,1824.9,1751.71,22.45,1751.71,FALSE,TRUE,FALSE,TRUE,TRUE,FALSE,7,TRUE,FALSE,TRUE,TRUE,TRUE,"","criteria",TRUE,NA
"R2YRQoGNa9m","cWNGbGjuGnazRcMYCxV2","paleo1measurement1","temperature","degC","pollen","pollen",FALSE,"GrosserTreppelsee.EPD","LakeSediment",52.15,14.45,52,"Grosser Treppelsee","1.1.6",1,"warmest month","positive","air@surface",53,34.05,1983.16,1949.11,35.865,1949.11,FALSE,TRUE,FALSE,TRUE,TRUE,FALSE,8,TRUE,FALSE,TRUE,TRUE,TRUE,"","criteria",TRUE,NA
"R3CvZBuTHNk","QupEEmI4vnpZ8dVwJxHW","paleo1measurement1","temperature","degC","foraminifera","faunal assemblage",FALSE,"LaPAS_KF02.Pivel.2013","MarineSediment",-25.84,-45.2,-827,"LaPAS_KF02","1.0.12",1,"Annual","positive","sea@surface",33,174,1548,1374,14,1374,FALSE,TRUE,FALSE,TRUE,TRUE,FALSE,9,FALSE,FALSE,TRUE,TRUE,TRUE,"chronology","data-poor exception",TRUE,NA
"R3dXXzumBqy","80nCVl8grrk0f7rxzRHu","paleo1measurement1","temperature","degC","pollen","pollen",FALSE,"TurovaDacha.EPD","Peat",48.9,24.1,8,"Turova Dacha","1.1.5",1,"coldest month","positive","air@surface",29,114.29,1613.15,1498.86,46.8449999999999,1498.86,FALSE,TRUE,FALSE,TRUE,TRUE,FALSE,5,TRUE,FALSE,TRUE,TRUE,TRUE,"","criteria",TRUE,NA
"R3YK7ZO5clD","ZPiFP0BxtGvxjyNh1Ahy","paleo1measurement1","temperature","degC","pollen","pollen",FALSE,"LakeMina.Pollen.USA","LakeSediment",45.89,-95.478,415,"Lake Mina","1.0.12",1,"2","positive","air@surface",197,1120,1900,780,4,780,FALSE,TRUE,FALSE,TRUE,TRUE,FALSE,197,TRUE,FALSE,TRUE,TRUE,TRUE,"","criteria",FALSE,"cross-dataset"
"R4z8Co5Aghx","6JcrtWCuPINiTPX1r7ku","paleo1measurement1","temperature","degC","radiolaria","faunal assemblage",FALSE,"MD95_2011Assemblage.Risebrobakken.2003","MarineSediment",66.9697,7.6393,-1048,"MD95_2011","1.1.2",1,"Summer","positive","sea@surface",27,80,1383,1303,50,1303,FALSE,TRUE,FALSE,TRUE,TRUE,FALSE,16,TRUE,FALSE,TRUE,TRUE,TRUE,"","criteria",TRUE,NA
"R5Ek0KGz0Mt","oIAwhbh8wCkech1CHpe9","paleo1measurement1","temperature","degC","pollen","pollen",FALSE,"Trogenmoos.EPD","Peat",46.76,7.86,1484,"Trogenmoos","1.1.4",1,"warmest month","positive","air@surface",46,1084,1984.73,900.73,23.0599999999999,900.73,FALSE,TRUE,FALSE,TRUE,TRUE,FALSE,5,TRUE,FALSE,TRUE,TRUE,TRUE,"","criteria",TRUE,NA
"R7DxiAHp0lf","3dJuM4aQGq2xqTn5unQd","paleo1measurement1","temperature","degC","pollen","floral assemblage",FALSE,"BiskupinskieLake.Noryskiewicz.1995","LakeSediment",52.78,17.73,80,"Biskupinskie Lake","1.0.8",1,"Annual","positive","air@surface",34,27.95,1685.33,1657.38,48.5800000000002,1657.38,FALSE,TRUE,FALSE,TRUE,TRUE,FALSE,11,TRUE,FALSE,TRUE,TRUE,TRUE,"","criteria",TRUE,NA
"R7fUjXXz6iN","XQ1K2zTsKvByntdin02z","paleo1measurement1","temperature","degC","pollen","floral assemblage",FALSE,"Wachel3.Doerfler.1989","LakeSediment",53.44,8.87,17,"Wachel 3","1.1.8",1,"Warmest Month","positive","air@surface",54,51.3099999999999,1890.56,1839.25,26.0700000000002,1839.25,FALSE,TRUE,FALSE,TRUE,TRUE,FALSE,8,TRUE,FALSE,TRUE,TRUE,TRUE,"","criteria",TRUE,NA
"RA2dcet2sLE","tP1LrqGfZqqtWzX7nfYO","paleo1measurement1","temperature","unitless","chironomid","faunal assemblage",FALSE,"CF8.Axford.2011","LakeSediment",70.5569,-68.9519,195,"CF8","1.1.4",1,"Jul","positive",NA,6,761.297,2005,1243.703,25,1243.703,FALSE,TRUE,FALSE,TRUE,TRUE,FALSE,14,TRUE,FALSE,TRUE,TRUE,TRUE,"","criteria",TRUE,NA
"RAdkAjjn94R","9x30MNz3d3EV5DXjQcrY","paleo1measurement1","temperature","degC","pollen","pollen",FALSE,"Akvaqiak.Frechette.2009","LakeSediment",66.78,-63.95,17,"Akvaqiak","1.0.10",1,"Jul","positive","air@surface",22,68,1940,1872,20,1872,FALSE,TRUE,FALSE,TRUE,TRUE,FALSE,11,TRUE,FALSE,TRUE,TRUE,TRUE,"","criteria",TRUE,NA
"RAk2fpbI0za","ZPiFP0BxtGvxjyNh1Ahy","paleo1measurement1","temperature","degC","pollen","pollen",FALSE,"LakeMina.Pollen.USA","LakeSediment",45.89,-95.478,415,"Lake Mina","1.0.12",1,"5","positive","air@surface",197,1120,1900,780,4,780,FALSE,TRUE,FALSE,TRUE,TRUE,FALSE,197,TRUE,FALSE,TRUE,TRUE,TRUE,"","criteria",FALSE,"cross-dataset"
"RAt0wcea1H7","oIJxjcbBmAFiq6idXebe","paleo1measurement1","temperature","degC","pollen","pollen",FALSE,"LacBrule.Pollen.Canada","LakeSediment",45.717,-75.683,270,"Lac Brule","1.0.11",1,NA,"positive","air@surface",138,595,2005,1410,10,1410,FALSE,TRUE,FALSE,TRUE,TRUE,FALSE,138,TRUE,FALSE,TRUE,TRUE,TRUE,"","criteria",TRUE,NA
"RB06CbW36T4","snj8zq2LSGz2Oi72gWZZ","paleo1measurement1","temperature","degC","pollen","pollen",FALSE,"Schoepfenwaldmoor.EPD","Peat",46.74,7.85,1453,"Schoepfenwaldmoor","1.1.4",1,"warmest month","positive","air@surface",54,535.06,1989.46,1454.4,25.74,1454.4,FALSE,TRUE,FALSE,TRUE,TRUE,FALSE,35,TRUE,FALSE,TRUE,TRUE,TRUE,"","criteria",TRUE,NA
"RBFjUCSs1ez","RpZHOFgjuo3Fp5c970uw","paleo1measurement1","temperature","degC","pollen","floral assemblage",FALSE,"Holzmaar.Litt.2009","LakeSediment",50.1167,6.8833,425,"Holzmaar","1.0.10",1,"Jan","positive","air@surface",71,14,1973,1959,24,1959,FALSE,TRUE,FALSE,TRUE,TRUE,FALSE,249,TRUE,FALSE,TRUE,TRUE,TRUE,"","criteria",TRUE,NA
"RclKPHfeaEb","7ZDdQHcxSQaH0H2vJ5y6","paleo1measurement1","temperature","degC","chironomid","faunal assemblage",FALSE,"CarletonLake.Upiter.2014","LakeSediment",64.2572,-110.1008,420,"Carleton Lake","1.0.19",1,"Summer","positive","air@surface",28,46.4000000000001,2003.9,1957.5,46.5999999999999,1957.5,FALSE,TRUE,FALSE,TRUE,TRUE,FALSE,7,TRUE,FALSE,TRUE,TRUE,TRUE,"","criteria",TRUE,NA
"Rdf2KmRVOb2","VcX5CaTgXwuCCXTakJtZ","paleo1measurement1","temperature","degC","d18O","isotopic",FALSE,"DomeF.Uemura.2018","GlacierIce",-77.3167,39.67,3810,"Dome Fuji","1.0.20",1,"Annual","positive","air@surface",48,18,2011,1993,41,1993,FALSE,TRUE,FALSE,TRUE,TRUE,TRUE,0,TRUE,FALSE,TRUE,TRUE,TRUE,"","criteria",FALSE,"within-dataset"
"RER8TJdr7Dg","BcPUd7n2mgWyl70QLS1k","paleo1measurement1","temperature","degC","pollen","pollen",FALSE,"LochLaxford.EPD","Peat",58.37,-5,137,"Loch Laxford","1.1.6",1,"warmest month","positive","air@surface",42,662.67,1902.11,1239.44,30.0500000000002,1239.44,FALSE,TRUE,FALSE,TRUE,TRUE,FALSE,6,TRUE,FALSE,TRUE,TRUE,TRUE,"","criteria",TRUE,NA
"Rfe0do1gMXq","H2J5zba36ZMTsvg89TV9","paleo1measurement1","temperature","degC","pollen","floral assemblage",FALSE,"MeerfelderMaar.Litt.2009","LakeSediment",50.1,6.75,NA,"Meerfelder Maar","1.0.11",1,"Annual","positive","air@surface",85,9,1787,1778,14,1778,FALSE,TRUE,FALSE,TRUE,TRUE,FALSE,406,TRUE,FALSE,TRUE,TRUE,TRUE,"","criteria",TRUE,NA
"RfOqYf6ktxg","w1paN1lyDuCRF8WJQBtx","paleo1measurement1","temperature","degC","alkenone","biomarker",FALSE,"SO90_56KA.Doose-Rolinski.2001","MarineSediment",24.833,65.916,-695,"SO90_56KA","1.0.12",1,"Annual","positive","sea@surface",101,3,1944,1941,18,1941,FALSE,TRUE,FALSE,TRUE,TRUE,FALSE,19,TRUE,FALSE,TRUE,TRUE,TRUE,"","criteria",FALSE,"cross-dataset"
"RFVTO3m1qP4","Q56HVHnwk17pDQYTXMCh","paleo1measurement1","temperature","degC","pollen","floral assemblage",FALSE,"WilderSeebeimRuhestein.EPD","LakeSediment",48.57,8.24,910,"Wilder See beim Ruhestein","1.1.7",1,"Annual","positive","air@surface",121,9.06999999999994,1563.43,1554.36,10.985,1554.36,FALSE,TRUE,FALSE,TRUE,TRUE,FALSE,16,TRUE,FALSE,TRUE,TRUE,TRUE,"","criteria",TRUE,NA
"Rg3HFqd9DyA","vXSePj3UOrXfSCUjS2Bf","paleo1measurement1","temperature","degC","pollen","pollen",FALSE,"ThorpeBulmer.EPD","Peat",54.72,-1.3,100,"Thorpe Bulmer","1.1.5",1,NA,"positive","air@surface",42,73.19,1824.9,1751.71,22.45,1751.71,FALSE,TRUE,FALSE,TRUE,TRUE,FALSE,7,TRUE,FALSE,TRUE,TRUE,TRUE,"","criteria",TRUE,NA
"RGAbzuFoTA4","Q56HVHnwk17pDQYTXMCh","paleo1measurement1","temperature","degC","pollen","floral assemblage",FALSE,"WilderSeebeimRuhestein.EPD","LakeSediment",48.57,8.24,910,"Wilder See beim Ruhestein","1.1.7",1,"Warmest Month","positive","air@surface",121,9.06999999999994,1563.43,1554.36,10.985,1554.36,FALSE,TRUE,FALSE,TRUE,TRUE,FALSE,16,TRUE,FALSE,TRUE,TRUE,TRUE,"","criteria",TRUE,NA
"RGx72to7BAg","EBS0HN3a3eCyhC212ZJq","paleo1measurement1","temperature","degC","chironomid","faunal assemblage",FALSE,"KR02Chironomid.Fortin.2010","LakeSediment",71.34,-113.78,299,"KR02","1.0.17",1,"Summer","positive","lake@surface",29,52.6500000000001,1994.95,1942.3,16.475,1942.3,FALSE,TRUE,FALSE,TRUE,TRUE,FALSE,24,TRUE,FALSE,TRUE,TRUE,TRUE,"","criteria",TRUE,NA
"Rh47NjRo74x","BcPUd7n2mgWyl70QLS1k","paleo1measurement1","temperature","degC","pollen","pollen",FALSE,"LochLaxford.EPD","Peat",58.37,-5,137,"Loch Laxford","1.1.6",1,"coldest month","positive","air@surface",42,662.67,1902.11,1239.44,30.0500000000002,1239.44,FALSE,TRUE,FALSE,TRUE,TRUE,FALSE,6,TRUE,FALSE,TRUE,TRUE,TRUE,"","criteria",TRUE,NA
"RhF20RCQseU","AnopsUqEA8smYCsuDV6v","paleo1measurement1","temperature","degC","chironomid","faunal assemblage",FALSE,"JR01Chironomid.Fortin.2017","LakeSediment",69.9,-95.07,120,"JR01","1.0.16",1,"Summer","positive","lake@surface",23,55,1974,1919,50,1919,FALSE,TRUE,FALSE,TRUE,TRUE,FALSE,20,FALSE,FALSE,TRUE,TRUE,TRUE,"chronology","data-poor exception",TRUE,NA
"RHLePxbL9rI","HapJ7GbAAjKCCqLtxo7Q","paleo1measurement1","temperature","degC","chironomid","faunal assemblage",FALSE,"MooseLake.Clegg.2010","LakeSediment",61.3742,-143.5988,437,"Moose Lake","1.0.18",1,"Summer","positive","air@surface",52,20.7929999999999,1970.035,1949.242,39.154,1949.242,FALSE,TRUE,FALSE,TRUE,TRUE,FALSE,20,TRUE,FALSE,TRUE,TRUE,TRUE,"","criteria",TRUE,NA
"RiOf362hfE8","RpZHOFgjuo3Fp5c970uw","paleo1measurement1","temperature","degC","pollen","floral assemblage",FALSE,"Holzmaar.Litt.2009","LakeSediment",50.1167,6.8833,425,"Holzmaar","1.0.10",1,"Jul","positive","air@surface",71,14,1973,1959,24,1959,FALSE,TRUE,FALSE,TRUE,TRUE,FALSE,249,TRUE,FALSE,TRUE,TRUE,TRUE,"","criteria",TRUE,NA
"RiqkBNqHL3T","RpZHOFgjuo3Fp5c970uw","paleo1measurement1","temperature","degC","pollen","floral assemblage",FALSE,"Holzmaar.Litt.2009","LakeSediment",50.1167,6.8833,425,"Holzmaar","1.0.10",1,"Annual","positive","air@surface",71,14,1973,1959,24,1959,FALSE,TRUE,FALSE,TRUE,TRUE,FALSE,249,TRUE,FALSE,TRUE,TRUE,TRUE,"","criteria",TRUE,NA
"RiuqXXChSJC","ZPiFP0BxtGvxjyNh1Ahy","paleo1measurement1","temperature","degC","pollen","pollen",FALSE,"LakeMina.Pollen.USA","LakeSediment",45.89,-95.478,415,"Lake Mina","1.0.12",1,"2; 5","positive","air@surface",197,1120,1900,780,4,780,FALSE,TRUE,FALSE,TRUE,TRUE,FALSE,197,TRUE,FALSE,TRUE,TRUE,TRUE,"","criteria",FALSE,"cross-dataset"
"RJKdqzZ2YGb","80nCVl8grrk0f7rxzRHu","paleo1measurement1","temperature","degC","pollen","pollen",FALSE,"TurovaDacha.EPD","Peat",48.9,24.1,8,"Turova Dacha","1.1.5",1,"warmest month","positive","air@surface",29,114.29,1613.15,1498.86,46.8449999999999,1498.86,FALSE,TRUE,FALSE,TRUE,TRUE,FALSE,5,TRUE,FALSE,TRUE,TRUE,TRUE,"","criteria",TRUE,NA
"RjpliLMztwC","snj8zq2LSGz2Oi72gWZZ","paleo1measurement1","temperature","degC","pollen","pollen",FALSE,"Schoepfenwaldmoor.EPD","Peat",46.74,7.85,1453,"Schoepfenwaldmoor","1.1.4",1,NA,"positive","air@surface",54,535.06,1989.46,1454.4,25.74,1454.4,FALSE,TRUE,FALSE,TRUE,TRUE,FALSE,35,TRUE,FALSE,TRUE,TRUE,TRUE,"","criteria",TRUE,NA
"RJqjApSHsW5","b4UD4UGKzkAHlHCzhvTy","paleo1measurement1","temperature","degC","pollen","pollen",FALSE,"Sipola.EPD","Peat",65.05,24.79,7,"Sipola","1.1.7",1,NA,"positive","air@surface",19,1407.06,1964.3,557.24,23.77,557.24,FALSE,TRUE,FALSE,TRUE,TRUE,FALSE,2,TRUE,FALSE,TRUE,TRUE,TRUE,"","criteria",TRUE,NA
"Rkmjxk9vPEY","7ZDdQHcxSQaH0H2vJ5y6","paleo1measurement1","temperature","degC","chironomid","faunal assemblage",FALSE,"CarletonLake.Upiter.2014","LakeSediment",64.2572,-110.1008,420,"Carleton Lake","1.0.19",1,"Jul","positive",NA,28,46.4000000000001,2003.9,1957.5,46.5999999999999,1957.5,FALSE,TRUE,FALSE,TRUE,TRUE,FALSE,7,TRUE,FALSE,TRUE,TRUE,TRUE,"","criteria",TRUE,NA
"RKQKWjMOAcW","oIAwhbh8wCkech1CHpe9","paleo1measurement1","temperature","degC","pollen","pollen",FALSE,"Trogenmoos.EPD","Peat",46.76,7.86,1484,"Trogenmoos","1.1.4",1,"coldest month","positive","air@surface",46,1084,1984.73,900.73,23.0599999999999,900.73,FALSE,TRUE,FALSE,TRUE,TRUE,FALSE,5,TRUE,FALSE,TRUE,TRUE,TRUE,"","criteria",TRUE,NA
"RKWI7Fh79Uk","b4UD4UGKzkAHlHCzhvTy","paleo1measurement1","temperature","degC","pollen","pollen",FALSE,"Sipola.EPD","Peat",65.05,24.79,7,"Sipola","1.1.7",1,"coldest month","positive","air@surface",19,1407.06,1964.3,557.24,23.77,557.24,FALSE,TRUE,FALSE,TRUE,TRUE,FALSE,2,TRUE,FALSE,TRUE,TRUE,TRUE,"","criteria",TRUE,NA
"RLcBkd6hOuO","Bk1GmzFxXWXzKkY6Mp63","paleo1measurement1","temperature","degC","alkenone","biomarker",FALSE,"D13902","MarineSediment",38.554,-9.3355,-90,"D13902","1.0.10",1,NA,"positive","sea@surface",68,74,2001,1927,4,1927,FALSE,TRUE,FALSE,TRUE,TRUE,FALSE,11,TRUE,FALSE,TRUE,TRUE,TRUE,"","criteria",TRUE,NA
"RljZTHj20qj","oIAwhbh8wCkech1CHpe9","paleo1measurement1","temperature","degC","pollen","pollen",FALSE,"Trogenmoos.EPD","Peat",46.76,7.86,1484,"Trogenmoos","1.1.4",1,NA,"positive","air@surface",46,1084,1984.73,900.73,23.0599999999999,900.73,FALSE,TRUE,FALSE,TRUE,TRUE,FALSE,5,TRUE,FALSE,TRUE,TRUE,TRUE,"","criteria",TRUE,NA
"RLlDtgL9a38","H2J5zba36ZMTsvg89TV9","paleo1measurement1","temperature","degC","pollen","floral assemblage",FALSE,"MeerfelderMaar.Litt.2009","LakeSediment",50.1,6.75,NA,"Meerfelder Maar","1.0.11",1,"Jan","positive","air@surface",85,9,1787,1778,14,1778,FALSE,TRUE,FALSE,TRUE,TRUE,FALSE,406,TRUE,FALSE,TRUE,TRUE,TRUE,"","criteria",TRUE,NA
"RLmz8TJDPA5","snj8zq2LSGz2Oi72gWZZ","paleo1measurement1","temperature","degC","pollen","pollen",FALSE,"Schoepfenwaldmoor.EPD","Peat",46.74,7.85,1453,"Schoepfenwaldmoor","1.1.4",1,"coldest month","positive","air@surface",54,535.06,1989.46,1454.4,25.74,1454.4,FALSE,TRUE,FALSE,TRUE,TRUE,FALSE,35,TRUE,FALSE,TRUE,TRUE,TRUE,"","criteria",TRUE,NA
"RLVhTGXvCnW","cmno6krY0015XDN7ydjn","paleo1measurement1","temperature","degC","dinocyst","faunal assemblage",FALSE,"DANA12_11_2_GC01.VanNieuwenhove.2018","MarineSediment",61.6089,-20.7027,-2120,"DANA12_11_2_GC01","1.1.3",1,"Annual","positive","sea@surface",17,92,2004,1912,115,1912,FALSE,TRUE,FALSE,TRUE,TRUE,FALSE,10,TRUE,FALSE,TRUE,TRUE,TRUE,"","criteria",TRUE,NA
"RMJe78p5Rbv","pufm6aPAEgMjObiQkwQQ","paleo1measurement3","temperature","degC","Mg/Ca","Mg/Ca",FALSE,"GeoB6211_2","MarineSediment",-32.5052,-50.2427,-657,"GeoB6211_2","1.0.12",1,NA,"positive",NA,9,4,765,761,102,761,FALSE,TRUE,FALSE,TRUE,TRUE,FALSE,12,TRUE,FALSE,TRUE,TRUE,TRUE,"","criteria",TRUE,NA
"RmkH7bJsTt4","6Lc4vN7gFkOM0tq57Jkg","paleo1measurement1","temperature","degC","dinocyst","faunal assemblage",FALSE,"CC04.Gibb.2015","MarineSediment",61.4639,-58.0365,-2674,"CC04","1.0.15",1,"Summer","positive","sea@surface",20,5.29999999999995,1931.118,1925.818,63.3,1925.818,FALSE,TRUE,FALSE,TRUE,TRUE,FALSE,11,FALSE,FALSE,TRUE,TRUE,TRUE,"chronology","data-poor exception",TRUE,NA
"RoO1DPJKvcS","3dJuM4aQGq2xqTn5unQd","paleo1measurement1","temperature","degC","pollen","floral assemblage",FALSE,"BiskupinskieLake.Noryskiewicz.1995","LakeSediment",52.78,17.73,80,"Biskupinskie Lake","1.0.8",1,"Coldest Month","positive","air@surface",34,27.95,1685.33,1657.38,48.5800000000002,1657.38,FALSE,TRUE,FALSE,TRUE,TRUE,FALSE,11,TRUE,FALSE,TRUE,TRUE,TRUE,"","criteria",TRUE,NA
"Rp1oVLUaXiR","H2J5zba36ZMTsvg89TV9","paleo1measurement1","temperature","degC","pollen","floral assemblage",FALSE,"MeerfelderMaar.Litt.2009","LakeSediment",50.1,6.75,NA,"Meerfelder Maar","1.0.11",1,"Jul","positive","air@surface",85,9,1787,1778,14,1778,FALSE,TRUE,FALSE,TRUE,TRUE,FALSE,406,TRUE,FALSE,TRUE,TRUE,TRUE,"","criteria",TRUE,NA
"Rp8WBdVm37h","6JcrtWCuPINiTPX1r7ku","paleo1measurement4","temperature","degC","foraminifera","faunal assemblage",FALSE,"MD95_2011Assemblage.Risebrobakken.2003","MarineSediment",66.9697,7.6393,-1048,"MD95_2011","1.1.2",1,"8","positive",NA,28,32,1421,1389,49,1389,FALSE,TRUE,FALSE,TRUE,TRUE,FALSE,16,TRUE,FALSE,TRUE,TRUE,TRUE,"","criteria",TRUE,NA
"RpShT6icGvp","XQ1K2zTsKvByntdin02z","paleo1measurement1","temperature","degC","pollen","floral assemblage",FALSE,"Wachel3.Doerfler.1989","LakeSediment",53.44,8.87,17,"Wachel 3","1.1.8",1,"Coldest Month","positive","air@surface",54,51.3099999999999,1890.56,1839.25,26.0700000000002,1839.25,FALSE,TRUE,FALSE,TRUE,TRUE,FALSE,8,TRUE,FALSE,TRUE,TRUE,TRUE,"","criteria",TRUE,NA
"RR7iIYb69dm","6Lc4vN7gFkOM0tq57Jkg","paleo1measurement1","temperature","degC","dinocyst","faunal assemblage",FALSE,"CC04.Gibb.2015","MarineSediment",61.4639,-58.0365,-2674,"CC04","1.0.15",1,"Winter","positive","sea@surface",20,5.29999999999995,1931.118,1925.818,63.3,1925.818,FALSE,TRUE,FALSE,TRUE,TRUE,FALSE,11,FALSE,FALSE,TRUE,TRUE,TRUE,"chronology","data-poor exception",TRUE,NA
"RRd6osZyB8H","6JcrtWCuPINiTPX1r7ku","paleo1measurement3","temperature","degC","alkenone","biomarker",FALSE,"MD95_2011Assemblage.Risebrobakken.2003","MarineSediment",66.9697,7.6393,-1048,"MD95_2011","1.1.2",1,"Annual","positive","sea@surface",51,10,1440,1430,30,1430,FALSE,TRUE,FALSE,TRUE,TRUE,FALSE,16,TRUE,FALSE,TRUE,TRUE,TRUE,"","criteria",FALSE,"cross-dataset"
"RRGNAojoZVh","6JcrtWCuPINiTPX1r7ku","paleo1measurement7","temperature","degC","foraminifera","faunal assemblage",FALSE,"MD95_2011Assemblage.Risebrobakken.2003","MarineSediment",66.9697,7.6393,-1048,"MD95_2011","1.1.2",1,"Jun-Aug","positive","sea@surface",138,4,1414,1410,11,1410,FALSE,TRUE,FALSE,TRUE,TRUE,FALSE,16,TRUE,FALSE,TRUE,TRUE,TRUE,"","criteria",TRUE,NA
"RRKxz11hFqw","3dJuM4aQGq2xqTn5unQd","paleo1measurement1","temperature","degC","pollen","floral assemblage",FALSE,"BiskupinskieLake.Noryskiewicz.1995","LakeSediment",52.78,17.73,80,"Biskupinskie Lake","1.0.8",1,"Warmest Month","positive","air@surface",34,27.95,1685.33,1657.38,48.5800000000002,1657.38,FALSE,TRUE,FALSE,TRUE,TRUE,FALSE,11,TRUE,FALSE,TRUE,TRUE,TRUE,"","criteria",TRUE,NA
"RRY0jogRrD7","Njp4GXp1XXNdC6LsOL1x","paleo1measurement1","temperature","degC","pollen","floral assemblage",FALSE,"Pella.Lim.2016","Midden",-29.0011,19.135,490,"Pella","1.0.12",1,"Annual","positive","air@surface",15,50,1450,1400,100,1400,FALSE,TRUE,FALSE,TRUE,FALSE,FALSE,16,TRUE,FALSE,TRUE,TRUE,TRUE,"resolution","data-poor exception",TRUE,NA
"RS6bfDiYewq","b4UD4UGKzkAHlHCzhvTy","paleo1measurement1","temperature","degC","pollen","pollen",FALSE,"Sipola.EPD","Peat",65.05,24.79,7,"Sipola","1.1.7",1,"warmest month","positive","air@surface",19,1407.06,1964.3,557.24,23.77,557.24,FALSE,TRUE,FALSE,TRUE,TRUE,FALSE,2,TRUE,FALSE,TRUE,TRUE,TRUE,"","criteria",TRUE,NA
"RShtOmHDliM","mFbKmYoYyViweAKQnMsZ","paleo1measurement1","temperature","degC","ice melt","cryophysical",FALSE,"Agassiz.Lecavalier.2017","GlacierIce",80.67,-73.5,1730,"Agassiz","1.0.20",1,"Jun-Aug","positive","air@surface",78,9,1934,1925,25,1925,FALSE,TRUE,FALSE,TRUE,TRUE,TRUE,0,TRUE,FALSE,TRUE,TRUE,TRUE,"","criteria",TRUE,NA
"RsOB194uJ4j","cWNGbGjuGnazRcMYCxV2","paleo1measurement1","temperature","degC","pollen","pollen",FALSE,"GrosserTreppelsee.EPD","LakeSediment",52.15,14.45,52,"Grosser Treppelsee","1.1.6",1,NA,"positive","air@surface",53,34.05,1983.16,1949.11,35.865,1949.11,FALSE,TRUE,FALSE,TRUE,TRUE,FALSE,8,TRUE,FALSE,TRUE,TRUE,TRUE,"","criteria",TRUE,NA
"RtBrqt8sD6A","Q56HVHnwk17pDQYTXMCh","paleo1measurement1","temperature","degC","pollen","floral assemblage",FALSE,"WilderSeebeimRuhestein.EPD","LakeSediment",48.57,8.24,910,"Wilder See beim Ruhestein","1.1.7",1,"Coldest Month","positive","air@surface",121,9.06999999999994,1563.43,1554.36,10.985,1554.36,FALSE,TRUE,FALSE,TRUE,TRUE,FALSE,16,TRUE,FALSE,TRUE,TRUE,TRUE,"","criteria",TRUE,NA
"RtcHGLf9lJV","rMyA6oS8YO0aAavygG3r","paleo1measurement1","temperature","degC","chironomid","faunal assemblage",FALSE,"BiglandTarn.Barber.2013","LakeSediment",54.24,-2.99,160,"Bigland Tarn","1.0.8",1,"Summer","positive","air@surface",20,82,1938,1856,50,1856,FALSE,TRUE,FALSE,TRUE,TRUE,FALSE,13,TRUE,FALSE,TRUE,TRUE,TRUE,"","criteria",TRUE,NA
"RTdDwazy1bI","AQ9KgWvAHQJISe7oxuNa","paleo1measurement1","temperature","degC","dD","isotopic",FALSE,"MilandreCave.Affolter.2019","Speleothem",47.49,7.02,491,"Milandre Cave","1.0.10",1,"Annual","positive","air@surface",91,14,1969.5,1955.5,20,1955.5,FALSE,TRUE,FALSE,TRUE,TRUE,FALSE,53,TRUE,FALSE,TRUE,TRUE,TRUE,"","criteria",TRUE,NA
"RUnlWXfu5ci","80nCVl8grrk0f7rxzRHu","paleo1measurement1","temperature","degC","pollen","pollen",FALSE,"TurovaDacha.EPD","Peat",48.9,24.1,8,"Turova Dacha","1.1.5",1,NA,"positive","air@surface",29,114.29,1613.15,1498.86,46.8449999999999,1498.86,FALSE,TRUE,FALSE,TRUE,TRUE,FALSE,5,TRUE,FALSE,TRUE,TRUE,TRUE,"","criteria",TRUE,NA
"RVIIY9tLqwu","hXPNKEOsFdftFMmUvYYv","paleo1measurement1","temperature","degC","GDGT","biomarker",FALSE,"ChallaLake.Damst.2012","LakeSediment",-3.3167,37.7,NA,"Challa Lake","1.1.7",1,"Annual","positive","air@surface",50,1,1999,1998,38,1998,FALSE,TRUE,FALSE,TRUE,TRUE,FALSE,187,TRUE,FALSE,TRUE,TRUE,TRUE,"","criteria",TRUE,NA
"RW5NY4lp9VS","C4XQ9YLIVJgygVOAlMSi","paleo1measurement1","temperature","degC","pollen","pollen",FALSE,"LacNoir.Pollen.Canada","LakeSediment",45.775,-75.135,176,"Lac Noir","1.0.11",1,"Jun-Aug","positive","air@surface",99,1028,2008,980,10,980,FALSE,TRUE,FALSE,TRUE,TRUE,FALSE,99,TRUE,FALSE,TRUE,TRUE,TRUE,"","criteria",TRUE,NA
"RWMZwH85pYo","BcPUd7n2mgWyl70QLS1k","paleo1measurement1","temperature","degC","pollen","pollen",FALSE,"LochLaxford.EPD","Peat",58.37,-5,137,"Loch Laxford","1.1.6",1,NA,"positive","air@surface",42,662.67,1902.11,1239.44,30.0500000000002,1239.44,FALSE,TRUE,FALSE,TRUE,TRUE,FALSE,6,TRUE,FALSE,TRUE,TRUE,TRUE,"","criteria",TRUE,NA
"RxEPVgNeOJJ","XQ1K2zTsKvByntdin02z","paleo1measurement1","temperature","degC","pollen","floral assemblage",FALSE,"Wachel3.Doerfler.1989","LakeSediment",53.44,8.87,17,"Wachel 3","1.1.8",1,"Annual","positive","air@surface",54,51.3099999999999,1890.56,1839.25,26.0700000000002,1839.25,FALSE,TRUE,FALSE,TRUE,TRUE,FALSE,8,TRUE,FALSE,TRUE,TRUE,TRUE,"","criteria",TRUE,NA
"RXGw2dCgVOx","EBS0HN3a3eCyhC212ZJq","paleo1measurement1","temperature","unitless","chironomid","faunal assemblage",FALSE,"KR02Chironomid.Fortin.2010","LakeSediment",71.34,-113.78,299,"KR02","1.0.17",1,NA,"positive",NA,29,52.6500000000001,1994.95,1942.3,16.475,1942.3,FALSE,TRUE,FALSE,TRUE,TRUE,FALSE,24,TRUE,FALSE,TRUE,TRUE,TRUE,"","criteria",TRUE,NA
"RxPYP3y92HP","6Lc4vN7gFkOM0tq57Jkg","paleo1measurement1","temperature","degC","dinocyst","faunal assemblage",FALSE,"CC04.Gibb.2015","MarineSediment",61.4639,-58.0365,-2674,"CC04","1.0.15",1,"Annual","positive","sea@surface",20,5.29999999999995,1931.118,1925.818,63.3,1925.818,FALSE,TRUE,FALSE,TRUE,TRUE,FALSE,11,FALSE,FALSE,TRUE,TRUE,TRUE,"chronology","data-poor exception",TRUE,NA
"RYVUHRVm0es","7ZDdQHcxSQaH0H2vJ5y6","paleo1measurement1","temperature","degC","chironomid","faunal assemblage",FALSE,"CarletonLake.Upiter.2014","LakeSediment",64.2572,-110.1008,420,"Carleton Lake","1.0.19",1,"Jul","positive",NA,28,46.4000000000001,2003.9,1957.5,46.5999999999999,1957.5,FALSE,TRUE,FALSE,TRUE,TRUE,FALSE,7,TRUE,FALSE,TRUE,TRUE,TRUE,"","criteria",FALSE,"within-dataset"
"RZQSGG3lsml","vXSePj3UOrXfSCUjS2Bf","paleo1measurement1","temperature","degC","pollen","pollen",FALSE,"ThorpeBulmer.EPD","Peat",54.72,-1.3,100,"Thorpe Bulmer","1.1.5",1,"warmest month","positive","air@surface",42,73.19,1824.9,1751.71,22.45,1751.71,FALSE,TRUE,FALSE,TRUE,TRUE,FALSE,7,TRUE,FALSE,TRUE,TRUE,TRUE,"","criteria",TRUE,NA
"Rzr1TEfhyeB","DfFTRETDpwsTQ6S7sOIU","paleo1measurement1","d18O","permil","d18O","isotopic",FALSE,"TALDICE.Mezgec.2017","GlacierIce",-72.82,159.18,2315,"TALDICE","1.0.9",1,NA,"positive","air@condensation",183,4,1991,1987,11,1987,FALSE,TRUE,FALSE,TRUE,TRUE,TRUE,0,TRUE,FALSE,TRUE,TRUE,TRUE,"","criteria",FALSE,"cross-dataset"
"S2LRDCZHedzPkm","CZzMCaYLG88zoKpp00m2","paleo1measurement2","d18O","permil","d18O","isotope",TRUE,"TeReingacave.Lorrey.2008","Speleothem",-38.82,177.52,100,"Te Reinga cave","1.0.17",1,"Annual","positive","@surface",186,4.72620000000006,1319.4925,1314.7663,4.1681000000001,1314.7663,FALSE,TRUE,FALSE,TRUE,TRUE,FALSE,12,TRUE,FALSE,TRUE,TRUE,TRUE,"","criteria",TRUE,NA
"S2LREFfg8jnl0z","CZzMCaYLG88zoKpp00m2","paleo1measurement3","d18O","permil","d18O",NA,FALSE,"TeReingacave.Lorrey.2008","Speleothem",-38.82,177.52,100,"Te Reinga cave","1.0.17",1,NA,"positive","@surface",314,4.72620000000006,1776.9341,1772.2079,4.1323000000001,1772.2079,FALSE,TRUE,FALSE,TRUE,TRUE,FALSE,12,TRUE,FALSE,TRUE,TRUE,TRUE,"","criteria",TRUE,NA
"S2LRsiwBinOC1B","CMBKtxKV4231CDnYZt0Y","paleo1measurement5","d18O","permil","d18O",NA,FALSE,"Spannagelcave.Fohlmeister.2013","Speleothem",47.08,11.67,2310,"Spannagel cave","1.0.8",1,NA,"negative","air@surface",664,2.90000000000009,1963,1960.1,2.79999999999995,1960.1,FALSE,TRUE,FALSE,TRUE,TRUE,FALSE,93,TRUE,FALSE,TRUE,TRUE,TRUE,"","criteria",TRUE,NA
"S2LRTSbmem1S2v","sQGsoFmRIJWLO8P9resi","paleo1measurement2","d18O","permil","d18O","isotope",TRUE,"Hollywoodcave.Whittaker.2011","Speleothem",-41.95,171.47,100,"Hollywood cave","1.0.17",1,"Annual","positive","@surface",107,65.1784,1993.9116,1928.7332,10.78685,1928.7332,FALSE,TRUE,FALSE,TRUE,TRUE,FALSE,24,TRUE,FALSE,TRUE,TRUE,TRUE,"","criteria",TRUE,NA
"S2LRuHfBqVN3HV","CZzMCaYLG88zoKpp00m2","paleo1measurement1","d18O","permil","d18O","isotope",TRUE,"TeReingacave.Lorrey.2008","Speleothem",-38.82,177.52,100,"Te Reinga cave","1.0.17",1,"Annual","positive","@surface",128,13.8994,1776.9341,1763.0347,10.4238,1763.0347,FALSE,TRUE,FALSE,TRUE,TRUE,FALSE,12,TRUE,FALSE,TRUE,TRUE,TRUE,"","criteria",FALSE,"within-dataset"
"S2LRVHXdyY64M6","QwzmQF4bR1IjT6HVNY4n","paleo1measurement1","d18O","permil","d18O","isotope",FALSE,"Leviathancave.Lachniet.2014","Speleothem",37.89,-115.58,2400,"Leviathan cave","1.0.8",1,"Annual","positive","air@surface",41,10,2010,2000,50,2000,FALSE,TRUE,FALSE,TRUE,TRUE,FALSE,35,TRUE,FALSE,TRUE,TRUE,TRUE,"","criteria",FALSE,"cross-dataset"
"S2LRXN9VFcK1az","Bm5FtZW7OgwlEb9ZVOnP","paleo1measurement1","d13C","permil","d13C","isotope",TRUE,"NaturalBridgecaverns.Wong.2015","Speleothem",29.69,-98.34,306,"Natural Bridge caverns","1.0.15",1,"Annual","positive",NA,94,34.6199999999999,1931.9,1897.28,5.25999999999999,1897.28,FALSE,TRUE,FALSE,TRUE,TRUE,FALSE,13,TRUE,FALSE,TRUE,TRUE,TRUE,"","criteria",TRUE,NA
"SAm_010","rqISE701EzXI98lYk9Rz","paleo1measurement1","trsgi","unitless","ring width","dendrophysical",FALSE,"SAm-CentralAndes15.Neukom.2014","Wood",-41.17,-71.92,1300,"Central Andes composite 15","1.0.8",1,"May-Apr","positive","air@surface",410,1582,1991,409,1,409,FALSE,TRUE,TRUE,TRUE,TRUE,TRUE,0,TRUE,FALSE,TRUE,TRUE,TRUE,"","criteria",TRUE,NA
"SAm_015","kKzLlizpmyzsJMURhn28","paleo1measurement1","trsgi","unitless","ring width","dendrophysical",FALSE,"SAm-CentralAndes6.Villalba.2014","Wood",-38.5,-71.5,1400,"Central Andes composite 6","1.0.7",1,"May-Apr","positive","air@surface",572,1435,2006,571,1,571,FALSE,TRUE,TRUE,TRUE,TRUE,TRUE,0,TRUE,FALSE,TRUE,TRUE,TRUE,"","criteria",TRUE,NA
"SAm_020","1sBlNAj9v6nNsbFdGSkT","paleo1measurement1","trsgi","unitless","ring width","dendrophysical",FALSE,"SAm-CentralAndes9.Mundo.2014","Wood",-39.33,-71.25,1100,"Central Andes composite 9","1.0.8",1,"May-Apr","positive","air@surface",371,1636,2006,370,1,370,FALSE,TRUE,TRUE,TRUE,TRUE,TRUE,0,TRUE,FALSE,TRUE,TRUE,TRUE,"","criteria",TRUE,NA
"SAm_0243","t54vU2X7p9qBScBKbtrL","paleo1measurement1","temperature","degC","reflectance","reflectance",FALSE,"SAm-LagunaAculeo.vonGunten.2009","LakeSediment",-33.85,-70.92,355,"Laguna Aculeo","1.0.9",1,"Dec-Feb","positive","air@surface",1142,856,1997,1141,1,1141,FALSE,TRUE,TRUE,TRUE,TRUE,FALSE,0,TRUE,TRUE,TRUE,TRUE,TRUE,"","criteria",TRUE,NA
"SAm_025","q2gxQ5kftAQDr0RYixYU","paleo1measurement1","temperature","degC","reflectance","reflectance",FALSE,"SAm-LagunaChepical.deJong.2013","LakeSediment",-32.2667,-70.5,3050,"Laguna Chepical","1.0.8",1,"Nov-Feb","positive","air@surface",2005,1,2005,2004,1,2004,FALSE,TRUE,TRUE,TRUE,TRUE,FALSE,0,TRUE,TRUE,TRUE,TRUE,TRUE,"","criteria",TRUE,NA
"SAm_032","BvhiIqoHHRWrq5lSZkBy","paleo1measurement1","temperature","degC","BSi","biogenic",FALSE,"SAm-LagunaEscondida.Elbert.2013","LakeSediment",-45.5167,-71.8167,725,"Laguna Escondida","1.0.9",1,"Annual","positive","air@surface",1609,400,2008,1608,1,1608,FALSE,TRUE,TRUE,TRUE,TRUE,FALSE,0,TRUE,TRUE,TRUE,TRUE,TRUE,"","criteria",TRUE,NA
"SAm_035","p7qxIREZcVdhohXTmzHT","paleo1measurement1","d18O","permil","d18O",NA,FALSE,"SAm-QuelccayaIceCap.Thompson.2013","GlacierIce",-13.9333,-70.8333,5670,"Quelccaya Ice Cap","1.0.7",1,"Winter","positive","air@condensationLevel",1784,226,2009,1783,1,1783,FALSE,TRUE,TRUE,TRUE,TRUE,TRUE,0,TRUE,FALSE,TRUE,TRUE,TRUE,"","criteria",TRUE,NA
"SP05MAAT01A","JLoEYklb1i8VYLrve9Tl","paleo1measurement1","d18O","permil",NA,NA,FALSE,"SP05MAAT","Speleothem",47.09,11.67,2531,"Spannagel Cave, Austria","1.1.8",1,"Winter","positive","variations in winter temperature in the Alps",695,5,1935,1930,2.5,1930,FALSE,TRUE,FALSE,TRUE,TRUE,FALSE,13,TRUE,FALSE,TRUE,TRUE,TRUE,"","criteria",TRUE,NA
"SP10WINZ01A","iXnaTde6KZL7LZDbDJVS","paleo1measurement1","d18O","permil","d18O","isotope",FALSE,"SP10WINZ.Williams.2010","Speleothem",-42,172,NA,"SP10WINZ","1.0.10",1,NA,"positive","air@surface",68,6,1497,1491,10,1491,FALSE,TRUE,FALSE,TRUE,TRUE,FALSE,43,TRUE,FALSE,TRUE,TRUE,TRUE,"","criteria",TRUE,NA
"T2L_GIK17940_2_d18o_ruber_SST_from_d18o_ruber","Sh0lTnZCULtbn5r8CiP3","paleo1measurement1","temperature","degC","d18O","isotopic",FALSE,"GIK17940_2.Pelejero.1999","MarineSediment",20.1167,117.3833,-1727,"GIK17940_2","1.0.14",1,"Annual","positive","sea@surface",103,31.5999999999999,1936,1904.4,19,1904.4,FALSE,TRUE,FALSE,TRUE,TRUE,FALSE,40,TRUE,FALSE,TRUE,TRUE,TRUE,"","criteria",TRUE,NA
"T2L_GIK17940_2_uk37_SST_from_uk37","Sh0lTnZCULtbn5r8CiP3","paleo1measurement1","temperature","degC","alkenone","biomarker",FALSE,"GIK17940_2.Pelejero.1999","MarineSediment",20.1167,117.3833,-1727,"GIK17940_2","1.0.14",1,"Annual","positive","sea@surface",13,68,1936,1868,156,1868,FALSE,TRUE,FALSE,TRUE,TRUE,FALSE,40,TRUE,FALSE,TRUE,TRUE,TRUE,"","criteria",FALSE,"cross-dataset"
"T2L_KY07_04_PC1_mgca_ruber_SST_from_mgca_ruber","k16ZXQ2L0806BPut3dOE","paleo1measurement1","temperature","degC","Mg/Ca","elemental",FALSE,"KY07_04_PC1.Kubota.2010","MarineSediment",31.63,128.95,-758,"KY07_04_PC1","1.0.11",1,"Jun-Nov","positive","sea@surface",16,102,1929,1827,58,1827,FALSE,TRUE,FALSE,TRUE,TRUE,FALSE,18,TRUE,FALSE,TRUE,TRUE,TRUE,"","criteria",TRUE,NA
"T2L_M135_005_3_uk37_SST_from_uk37","o7DmA9n9bhv2QcAQjGOK","paleo1measurement1","temperature","degC","alkenone","biomarker",FALSE,"M135_005_3.Salvatteci.2019","MarineSediment",-17.4205,-71.769,-197,"M135_005_3","1.0.11",1,"Annual","positive","sea@surface",33,38.8,1997.8,1959,61.2,1959,FALSE,TRUE,FALSE,TRUE,TRUE,FALSE,10,TRUE,FALSE,TRUE,TRUE,TRUE,"","criteria",TRUE,NA
"T2L_MD79_257_uk37_SST_from_uk37","uxzqDDoe92SEIdB8oflT","paleo1measurement1","temperature","degC","alkenone","biomarker",FALSE,"MD79_257.Bard.1997","MarineSediment",-20.4,36.33,-1262,"MD79_257","1.0.11",1,"Annual","positive","sea@surface",2,450,750,300,300,300,FALSE,TRUE,FALSE,FALSE,FALSE,FALSE,22,TRUE,FALSE,TRUE,TRUE,TRUE,"length;resolution","data-poor exception",TRUE,NA
"T2L_MD98_2181_d18o_ruber_SST_from_d18o_ruber","t0E8pOLYdyzmUspGZwbe","paleo1measurement1","temperature","degC","d18O","isotopic",FALSE,"MD98_2181.Stott.2007","MarineSediment",6.3,125.82,-2114,"MD98_2181","1.0.11",1,"Annual","positive","sea@surface",97,6.90000000000009,1942.2,1935.3,18.35,1935.3,FALSE,TRUE,FALSE,TRUE,TRUE,FALSE,32,TRUE,FALSE,TRUE,TRUE,TRUE,"","criteria",TRUE,NA
"T2L_MD98_2181_mgca_ruber_SST_from_mgca_ruber","t0E8pOLYdyzmUspGZwbe","paleo1measurement1","temperature","degC","Mg/Ca","elemental",FALSE,"MD98_2181.Stott.2007","MarineSediment",6.3,125.82,-2114,"MD98_2181","1.0.11",1,"Annual","positive","sea@surface",73,46.3,1947.4,1901.1,22.0000000000001,1901.1,FALSE,TRUE,FALSE,TRUE,TRUE,FALSE,32,TRUE,FALSE,TRUE,TRUE,TRUE,"","criteria",FALSE,"cross-dataset"
"T2L_MD99_2269_d18o_pachyderma_SST_from_d18o_pachyderma","AfXDfG1xILrg9Mzlxbmw","paleo1measurement1","temperature","degC","d18O","isotopic",FALSE,"MD99_2269.Kristjnsd_ttir.2017","MarineSediment",66.6413,-20.8632,-365,"MD99_2269","1.0.17",1,"Annual","positive","sea@surface",41,11,1793.846,1782.846,43.077,1782.846,FALSE,TRUE,FALSE,TRUE,TRUE,FALSE,27,TRUE,FALSE,TRUE,TRUE,TRUE,"","criteria",TRUE,NA
"T2L_MD99_2269_mgca_pachyderma_SST_from_mgca_pachyderma","AfXDfG1xILrg9Mzlxbmw","paleo1measurement1","temperature","degC","Mg/Ca","elemental",FALSE,"MD99_2269.Kristjnsd_ttir.2017","MarineSediment",66.6413,-20.8632,-365,"MD99_2269","1.0.17",1,"Annual","positive","sea@surface",43,11,1819.692,1808.692,43.077,1808.692,FALSE,TRUE,FALSE,TRUE,TRUE,FALSE,27,TRUE,FALSE,TRUE,TRUE,TRUE,"","criteria",TRUE,NA
"T2L_MD99_2269_uk37_SST_from_uk37","AfXDfG1xILrg9Mzlxbmw","paleo1measurement1","temperature","degC","alkenone","biomarker",FALSE,"MD99_2269.Kristjnsd_ttir.2017","MarineSediment",66.6413,-20.8632,-365,"MD99_2269","1.0.17",1,"Aug-Oct","positive","sea@surface",40,33,1544,1511,34,1511,FALSE,TRUE,FALSE,TRUE,TRUE,FALSE,27,TRUE,FALSE,TRUE,TRUE,TRUE,"","criteria",TRUE,NA
"T2L_MSM05_5_712_2_d18o_pachyderma_SST_from_d18o_pachyderma","2yIo72qcvJGFhP7kiZSq","paleo1measurement1","temperature","degC","d18O","isotopic",FALSE,"MSM05_5_712_2.Werner.2013","MarineSediment",78.9157,6.7672,-1389,"MSM05_5_712_2","1.0.15",1,"Annual","positive","sea@surface",39,47.2950000000001,1950,1902.705,48.787,1902.705,FALSE,TRUE,FALSE,TRUE,TRUE,FALSE,13,TRUE,FALSE,TRUE,TRUE,TRUE,"","criteria",TRUE,NA
"T2L_MV99_GC41_mgca_bulloides_SST_from_mgca_bulloides","9PVPILRfUkLylVZf5RNk","paleo1measurement1","temperature","degC","Mg/Ca","Mg/Ca",FALSE,"MV99_GC41","MarineSediment",25.2,-112.7167,-542,"MV99_GC41","1.0.10",1,NA,"positive","sea@surface",9,277.9,1118.1,840.2,104.4,840.2,FALSE,TRUE,FALSE,TRUE,TRUE,FALSE,10,TRUE,FALSE,TRUE,TRUE,TRUE,"","criteria",TRUE,NA
"T2L_OCE326_GGC30_uk37_SST_from_uk37","mL9qOpIp4rhMMhjYCwEV","paleo1measurement1","temperature","degC","alkenone","biomarker",FALSE,"OCE326_GGC30.Sachs.2007","MarineSediment",43.8853,-62.7953,-240,"OCE326_GGC30","1.0.15",1,"Annual","positive","sea@surface",19,80,1950,1870,100,1870,FALSE,TRUE,FALSE,TRUE,TRUE,FALSE,7,TRUE,FALSE,TRUE,TRUE,TRUE,"","criteria",TRUE,NA
"T2L_ODP_175_1078C_uk37_SST_from_uk37","qjYswKVXoKQgykC6KWY8","paleo1measurement1","temperature","degC","alkenone","biomarker",FALSE,"ODP_175_1078C.Kim.2003","MarineSediment",-11.921,13.4,-426,"ODP_175_1078C","1.0.12",1,"Annual","positive","sea@surface",9,70,1930,1860,245,1860,FALSE,TRUE,FALSE,TRUE,FALSE,FALSE,18,TRUE,FALSE,TRUE,TRUE,TRUE,"resolution","data-poor exception",FALSE,"cross-dataset"
"T2L_RAPiD_12_1K_d18o_bulloides_SST_from_d18o_bulloides","iDwFHJQkBwjju6nYKY5O","paleo1measurement1","temperature","degC","d18O","isotopic",FALSE,"RAPiD_12_1K.Thornalley.2010","MarineSediment",62.0905,-17.8197,-1938,"RAPiD_12_1K","1.0.16",1,"Annual","positive","sea@surface",28,33,1971,1938,73,1938,FALSE,TRUE,FALSE,TRUE,TRUE,FALSE,13,TRUE,FALSE,TRUE,TRUE,TRUE,"","criteria",TRUE,NA
"T2L_RAPiD_12_1K_mgca_bulloides_SST_from_mgca_bulloides","iDwFHJQkBwjju6nYKY5O","paleo1measurement1","temperature","degC","Mg/Ca","elemental",FALSE,"RAPiD_12_1K.Thornalley.2010","MarineSediment",62.0905,-17.8197,-1938,"RAPiD_12_1K","1.0.16",1,"Annual","positive","sea@surface",28,33,1971,1938,73,1938,FALSE,TRUE,FALSE,TRUE,TRUE,FALSE,13,TRUE,FALSE,TRUE,TRUE,TRUE,"","criteria",FALSE,"cross-dataset"
"T2L_SO90_63KA_d18o_ruber_SST_from_d18o_ruber","LlyY0PWm1chhZQzXpayi","paleo1measurement1","temperature","degC","d18O","isotopic",FALSE,"SO90_63KA.Staubwasser.2003","MarineSediment",24.61,65.982,-316,"SO90_63KA","1.0.11",1,"Annual","positive","sea@surface",117,35,1990,1955,11,1955,FALSE,TRUE,FALSE,TRUE,TRUE,FALSE,80,TRUE,FALSE,TRUE,TRUE,TRUE,"","criteria",TRUE,NA
"TR08THCO00","aTIaF2qAj1D9VLqaeVSM","paleo1measurement1","d18O","permil",NA,NA,FALSE,"TR08THCO","Wood",52.5,-118,1700,"Columbia Icefield, British Columbia, Canada","1.0.15",1,"Annual","negative","Seasonal, annual",104,960,1990,1030,10,1030,FALSE,TRUE,TRUE,TRUE,TRUE,TRUE,0,TRUE,FALSE,TRUE,TRUE,TRUE,"","criteria",TRUE,NA
"TR15NACA00","m2dbmDEuhl0FtJbzcmHT","paleo1measurement1","d18O","permil",NA,NA,FALSE,"TR15NACA","Wood",54.56,-71.2,500,"QuebecLabrador","1.0.15",1,"Jun-Aug","positive","Maximum air temperature, seasonal",1004,997,2000,1003,1,1003,FALSE,TRUE,TRUE,TRUE,TRUE,TRUE,0,TRUE,FALSE,TRUE,TRUE,TRUE,"","criteria",TRUE,NA
"TR16LAFO00","G8GE2xlAjyGuNGzeip95","paleo1measurement1","d18O","permil",NA,NA,FALSE,"TR16LAFO","Wood",48.3833,2.6667,82,"Fontainebleau, France","1.0.15",1,"Jun-Aug","negative","Seasonal",659,1326,2000,674,1,674,FALSE,TRUE,TRUE,TRUE,TRUE,TRUE,0,TRUE,FALSE,TRUE,TRUE,TRUE,"","criteria",TRUE,NA
"WEB-0e796-091d-40ed-8362-0bc94","FOOkaGa5RXKzlyrcPis3","paleo1measurement1","temperature","degC","d15N","isotopic",FALSE,"TALDICE.Buizert.2021","GlacierIce",-72.82,159.18,2315,"Talos Dome TALDICE","1.0.4",1,"Annual","positive","air@surface",49,30,1950,1920,40,1920,FALSE,TRUE,FALSE,TRUE,TRUE,TRUE,0,TRUE,FALSE,TRUE,TRUE,TRUE,"","criteria",TRUE,NA
"WEB-12bc3-a9cc-43b5-a5fe-efc0b","3LddfaeswEqI5svoMfGb","paleo1measurement1","PC5","unitless","Ca",NA,FALSE,"LakeHazar.On.2017","LakeSediment",38.4778,39.3369,1255,"Lake Hazar","1.0.6",1,NA,"negative","temperature",99,1,2010,2009,19,2009,FALSE,TRUE,FALSE,TRUE,TRUE,FALSE,0,TRUE,TRUE,TRUE,TRUE,TRUE,"","criteria",TRUE,NA
"WEB-21920-31c4-4e4a-8e35-9361b","PTJj8VQuDg1CG8ZrOG1H","paleo1measurement1","temperature","degC","alkenone","biomarker",FALSE,"CS11.Zhang.2023","MarineSediment",26.073,121.508,-72,"Core CS11","1.0.3",1,"Annual","positive","sea@surface",47,7.6099999999999,1906.1,1898.49,21.95,1898.49,FALSE,TRUE,FALSE,TRUE,TRUE,FALSE,0,TRUE,TRUE,TRUE,TRUE,TRUE,"","criteria",TRUE,NA
"WEB-2199a-0faf-4027-bd14-1ab72","pRwQaYqmwaayZHG473Rz","paleo1measurement2","temperature","degC","alkenone","biomarker",FALSE,"SO90_63KA.Burdanowitz.2019","MarineSediment",24.61,65.982,-314,"SO90_63KA","1.0.6",1,"Annual","positive","sea@surface",53,13,1880,1867,31,1867,FALSE,TRUE,FALSE,TRUE,TRUE,FALSE,0,TRUE,TRUE,TRUE,TRUE,TRUE,"","criteria",TRUE,NA
"WEB-31975-5de9-4299-be24-f37df","eQE2Xp0MDy9DTjL8LAmM","paleo1measurement1","temperature","degC","alkenone","biomarker",FALSE,"MD95-2042.Davtian.2023","MarineSediment",37.7998,-10.1665,-3146,"MD95-2042 (MD952042)","1.0.6",1,"Annual","positive","sea@surface",11,40,1940,1900,190,1900,FALSE,TRUE,FALSE,TRUE,TRUE,FALSE,0,TRUE,TRUE,TRUE,TRUE,TRUE,"","criteria",TRUE,NA
"WEB-4eb60-2fd7-4326-83e1-c22a1","KJVucR3HES83AETBM3SG","paleo1measurement1","temperature","degC","GDGT","biomarker",FALSE,"Arxan.Leng.2024","LakeSediment",47.32,120.41,1280,"Arxan Lake ACL17C","1.0.3",1,"Growing Season","positive","lake@surface",22,17,1993,1976,78,1976,FALSE,TRUE,FALSE,TRUE,FALSE,FALSE,0,TRUE,TRUE,TRUE,TRUE,TRUE,"resolution","data-poor exception",TRUE,NA
"WEB-65dca-6fed-4a82-82cf-dd4ed","2gsbN9GG22ty6wP6v2Ij","paleo1measurement1","temperature","degC","Mg/Ca","elemental",FALSE,"PC-1.Xu.2021","MarineSediment",31.458,128.413,-590,"PC-1 Okinawa Trough","1.1.3",1,"Annual","positive","sea@surface",17,36.3419650000001,1715.7,1679.358035,107.107143,1679.358035,FALSE,TRUE,FALSE,TRUE,TRUE,FALSE,0,TRUE,TRUE,TRUE,TRUE,TRUE,"","criteria",TRUE,NA
"WEB-66928-4a41-413f-89fd-d31cf","x3Bx8m5vHOQYLRjUyl3R","paleo1measurement1","temperature","degC","d15N","isotopic",FALSE,"SPICEcore.Buizert.2021","GlacierIce",-89.99,-99.16,2835,"SPICE core, South Pole Ice Core","1.0.4",1,"Annual","positive","air@surface",49,30,1950,1920,40,1920,FALSE,TRUE,FALSE,TRUE,TRUE,TRUE,0,TRUE,FALSE,TRUE,TRUE,TRUE,"","criteria",TRUE,NA
"WEB-6b2dc-0010-400d-8839-8427b","FzaOKDiAkkhMG1G0LUEK","paleo1measurement1","temperature","degC","pollen","floral assemblage",FALSE,"Gahai.Wang.2022","LakeSediment",34.2398,102.3133,3474,"Gahai Lake   Zecha Nature Reserve","1.0.3",1,"Annual","positive","air@surface",52,103,2017,1914,32,1914,FALSE,TRUE,FALSE,TRUE,TRUE,FALSE,0,TRUE,TRUE,TRUE,TRUE,TRUE,"","criteria",TRUE,NA
"WEB-722f2-7ec7-4b1d-9c80-7c359","lGuKJPJ4PGCIkWdHQev1","paleo1measurement1","temperature","degC","Mg/Ca","elemental",FALSE,"MD05-2925.Lo.2021","MarineSediment",-9.3435,151.4602,-1661,"MD05-2925","1.0.3",1,"Annual","positive","sea@surface",4,450,1050,600,200,600,FALSE,TRUE,FALSE,TRUE,TRUE,FALSE,0,TRUE,TRUE,TRUE,TRUE,TRUE,"","criteria",TRUE,NA
"WEB-75b37-1658-4e61-b880-5b60e","rrjOOKAW9sY7GomE9hnA","paleo1measurement1","temperature","degC","alkenone","biomarker",FALSE,"MD07-3088.Haddam.2018","MarineSediment",-46.067,-75.683,-1536,"MD07-3088","1.0.3",1,"Annual","positive","sea@surface",37,71,1950,1879,50.8,1879,FALSE,TRUE,FALSE,TRUE,TRUE,FALSE,0,TRUE,TRUE,TRUE,TRUE,TRUE,"","criteria",TRUE,NA
"WEB-7a3d3-17f4-4e87-b3cb-9d14b","TGL68VuDptz4SZfwADgI","paleo1measurement1","temperature","degC","alkenone","biomarker",FALSE,"U1429.Lee.2022","MarineSediment",31.6173,128.9975,-732,"IODP U1429","1.0.3",1,"Annual","positive","sea@surface",13,37.218658,1561.2057144,1523.9870564,126.9989214,1523.9870564,FALSE,TRUE,FALSE,TRUE,TRUE,FALSE,0,TRUE,TRUE,TRUE,TRUE,TRUE,"","criteria",TRUE,NA
"WEB-84bc2-f82b-4e71-a8ec-9644f","eQE2Xp0MDy9DTjL8LAmM","paleo1measurement1","temperature","degC","GDGT","biomarker",FALSE,"MD95-2042.Davtian.2023","MarineSediment",37.7998,-10.1665,-3146,"MD95-2042 (MD952042)","1.0.6",1,"Annual","positive","sea@surface",11,40,1940,1900,190,1900,FALSE,TRUE,FALSE,TRUE,TRUE,FALSE,0,TRUE,TRUE,TRUE,TRUE,TRUE,"","criteria",TRUE,NA
"WEB-86a5a-e8e6-4c59-a2f7-aa344","FjspoIXkVFxasETMLKFM","paleo1measurement1","temperature","degC","d15N","isotopic",FALSE,"EpicaDomeC.Buizert.2021","GlacierIce",-75.1,123.35,3233,"EPICA DOME C EDC","1.0.4",1,"Annual","positive","air@surface",49,30,1950,1920,40,1920,FALSE,TRUE,FALSE,TRUE,TRUE,TRUE,0,TRUE,FALSE,TRUE,TRUE,TRUE,"","criteria",TRUE,NA
"WEB-89cd0-397e-4dd7-aba9-04c27","oUDZz9QI4hfqOOtb3vm1","paleo1measurement1","temperature","degC","dD","isotopic",FALSE,"Vostok.Petit.1999","GlacierIce",-78.47,106.8,3488,"Vostok","1.0.4",1,"Annual","positive","air@surface",66,19,1950,1931,31,1931,FALSE,TRUE,FALSE,TRUE,TRUE,TRUE,0,TRUE,FALSE,TRUE,TRUE,TRUE,"","criteria",TRUE,NA
"WEB-92878-a2d8-4cc6-b982-46344","RSDLO0AsSo9e33MBNqB4","paleo1measurement1","temperature","degC","d15N","isotopic",FALSE,"DomeFuji.Buizert.2021","GlacierIce",-77.32,39.7,3810,"Dome Fuji","1.0.4",1,"Annual","positive","air@surface",49,30,1950,1920,40,1920,FALSE,TRUE,FALSE,TRUE,TRUE,TRUE,0,TRUE,FALSE,TRUE,TRUE,TRUE,"","criteria",TRUE,NA
"WEB-99d4b-f3b6-4af1-85a2-5fad7","TGL68VuDptz4SZfwADgI","paleo1measurement1","temperature","degC","Mg/Ca","elemental",FALSE,"U1429.Lee.2022","MarineSediment",31.6173,128.9975,-732,"IODP U1429","1.0.3",1,"Jun-Oct","positive","sea@surface",13,37.218658,1561.2057144,1523.9870564,126.9989214,1523.9870564,FALSE,TRUE,FALSE,TRUE,TRUE,FALSE,0,TRUE,TRUE,TRUE,TRUE,TRUE,"","criteria",TRUE,NA
"WEB-bc7c1-fe8e-44ce-8637-3c388","4KsEIqUk6ArrFRN0Lrzz","paleo1measurement1","temperature","degC","diatom","floral assemblage",FALSE,"MD12-3396CQ.Civel-Mazens.2021","MarineSediment",-47.7313,86.6952,-3615,"MD12-3396Cq","1.0.3",1,"Summer","positive","sea@surface",13,90,1950,1860,110,1860,FALSE,TRUE,FALSE,TRUE,TRUE,FALSE,0,TRUE,TRUE,TRUE,TRUE,TRUE,"","criteria",TRUE,NA
"WEB-c3814-b8e0-473a-96fe-eb0c5","VmukbLBbhzrBx9UVhhbn","paleo1measurement1","temperature","degC","LDI","biomarker",FALSE,"NIOP905.Erdem.2021","MarineSediment",10.92,51.94,NA,"NIOP_905","1.0.3",1,"Annual","positive","sea@surface",7,183.9,1950,1766.1,236.5,1766.1,FALSE,TRUE,FALSE,TRUE,FALSE,FALSE,0,TRUE,TRUE,TRUE,TRUE,TRUE,"resolution","data-poor exception",TRUE,NA
"WEB-cb0e3-c573-4e55-8ce1-4343f","wcZUxnho5LbP5y4TCWE6","paleo1measurement1","temperature","degC","foraminifera","faunal assemblage",FALSE,"SS0206-GC15.Barrows.2020","MarineSediment",-39.3128,142.6839,-907,"SS0206-GC15","1.0.3",1,"Annual","positive","sea@surface",21,63,1581,1518,56,1518,FALSE,TRUE,FALSE,TRUE,TRUE,FALSE,0,TRUE,TRUE,TRUE,TRUE,TRUE,"","criteria",TRUE,NA
"WEB-db95e-e325-4203-969e-274d1","a3Lo21QyO0224dBpl6Kh","paleo1measurement1","temperature","degC","diatom","floral assemblage",FALSE,"COR1GC.Orme.2020","MarineSediment",-54.2673,39.7663,-2834,"KH-10-7_COR1GC","1.0.3",1,"Summer","positive","sea@surface",22,24,978,954,48,954,FALSE,TRUE,FALSE,TRUE,TRUE,FALSE,0,TRUE,TRUE,TRUE,TRUE,TRUE,"","criteria",TRUE,NA
"WEB-f618f-429a-4160-af3d-8b3b0","LMeXNfghnkIcg6jf7j24","paleo1measurement1","temperature","degC","d15N","isotopic",FALSE,"EDML.Buizert.2021","GlacierIce",-75,0.0667,2892,"EDML, EPICA Dronning Maud Land","1.0.4",1,"Annual","positive","air@surface",49,30,1950,1920,40,1920,FALSE,TRUE,FALSE,TRUE,TRUE,TRUE,0,TRUE,FALSE,TRUE,TRUE,TRUE,"","criteria",TRUE,NA
"WEB-fbf1e-87cb-4d31-807f-9f472","tqy5UR6GQGE2Pf8xuW1M","paleo1measurement1","temperature","degC","GDGT","biomarker",FALSE,"Lugu.Zhao.2021","LakeSediment",27.683,100.75,2685,"Lugu Lake LG10","1.0.3",1,"Annual","positive","air@surface",72,11,2000,1989,22,1989,FALSE,TRUE,FALSE,TRUE,TRUE,FALSE,0,TRUE,TRUE,TRUE,TRUE,TRUE,"","criteria",TRUE,NA
"WEB-fd04d-2e62-4ea4-bf04-e654a","DtIJtV5l1Ub4mtcgihBP","paleo1measurement1","temperature","degC","d15N","isotopic",FALSE,"SipleDome.Buizert.2021","GlacierIce",-81.65,-148.81,620,"Siple Dome","1.0.4",1,"Annual","positive","air@surface",49,30,1950,1920,40,1920,FALSE,TRUE,FALSE,TRUE,TRUE,TRUE,0,TRUE,FALSE,TRUE,TRUE,TRUE,"","criteria",TRUE,NA
"WEB02525b7b-dup-dup","NEiqwj4Yel7XLEcalXkK","paleo1measurement1","Uk37","unitless","alkenone","alkenone",FALSE,"Hakluytvatnet.vanderBilt.2019","LakeSediment",79.77,10.74,35,"Hakluytvatnet (AMP)","1.1.5",1,"Jun-Aug","positive","lake@surface",23,15,810,795,20,795,FALSE,TRUE,FALSE,TRUE,TRUE,FALSE,0,TRUE,TRUE,TRUE,TRUE,TRUE,"","criteria",TRUE,NA
"WEB03081f2f","3kbLqfld1yvf0oy1k02W","paleo1measurement3","temperature","degC","dD","isotopic",FALSE,"JamesRossIsland.Mulvaney.2012","GlacierIce",-64.2017,-57.685,1542,"James Ross Island","1.0.14",1,NA,"positive","air@surface",144,575,2005,1430,10,1430,FALSE,TRUE,FALSE,TRUE,TRUE,TRUE,0,TRUE,FALSE,TRUE,TRUE,TRUE,"","criteria",TRUE,NA
"WEB0c142d5f","fWrL5PhvdnUx1xkqRIdC","paleo1measurement1","temperature","degC","chlorophyll","biogenic",FALSE,"BrayaSo.vonGunten.2012","LakeSediment",66.9875,-51.0333,170,"BrayaSoe","1.0.16",1,"Jun-Jul","positive","lake@surface",222,12,2005,1993,10,1993,FALSE,TRUE,FALSE,TRUE,TRUE,FALSE,16,TRUE,FALSE,TRUE,TRUE,TRUE,"","criteria",TRUE,NA
"WEB0fee2851","dSyEAThH7HnAf8NeNJCH","paleo1measurement1","temperature","degC",NA,"cryophysical",FALSE,"NorthGRIP.Gkinis.2014","GlacierIce",75.1,-42.32,2925,"North GRIP","1.0.29",1,"Annual","positive","air@surface",180,10,1800,1790,10,1790,FALSE,TRUE,FALSE,TRUE,TRUE,TRUE,0,TRUE,FALSE,TRUE,TRUE,TRUE,"","criteria",TRUE,NA
"WEB13e37e8c","VcX5CaTgXwuCCXTakJtZ","paleo1measurement2","temperature","degC","d18O","isotopic",FALSE,"DomeF.Uemura.2018","GlacierIce",-77.3167,39.67,3810,"Dome Fuji","1.0.20",1,"Annual","positive","air@surface",82,30.6600000000001,1995,1964.34,26.0699999999999,1964.34,FALSE,TRUE,FALSE,TRUE,TRUE,TRUE,0,TRUE,FALSE,TRUE,TRUE,TRUE,"","criteria",TRUE,NA
"WEB1bc4c057","PTA6B8oMyTZw96pDP1m3","paleo1measurement1","temperature","degC","borehole","cryophysical",FALSE,"DYE3.Dahl-Jensen.1998","GlacierIce",65.1857,-43.8248,2490,"DYE3","1.0.13",1,"Annual","positive","air@surface",25,113,1984,1871,47.5,1871,FALSE,TRUE,FALSE,TRUE,TRUE,TRUE,0,TRUE,FALSE,TRUE,TRUE,TRUE,"","criteria",TRUE,NA
"WEB24e039a6","wTglzwhfEvfteQG3xZYN","paleo1measurement1","temperature","degC","pollen","floral assemblage",FALSE,"Hidden.Tang.1999","LakeSediment",29.81,92.54,4980,"Lake Hidden","1.0.8",1,"Annual","positive","air@surface",41,10,2020,2010,50,2010,FALSE,TRUE,FALSE,TRUE,TRUE,FALSE,0,TRUE,TRUE,TRUE,TRUE,TRUE,"","criteria",TRUE,NA
"WEB29a1ba78","Fd9S0PFLanFK5eVAy72U","paleo1measurement1","temperature","degC","pollen","floral assemblage",FALSE,"QongjiamongCo.Shen.2003","LakeSediment",29.81,92.37,4980,"Qongjiamong Lake","1.0.9",1,"Annual","positive","air@surface",41,10,2020,2010,50,2010,FALSE,TRUE,FALSE,TRUE,TRUE,FALSE,0,TRUE,TRUE,TRUE,TRUE,TRUE,"","criteria",TRUE,NA
"WEB29cf12bd","KQmJ7maj0QSXsK1uEoF3","paleo1measurement2","CaCO3","percent","CaCO3","biophysical",FALSE,"CreviceLake.Whitlock.2012","LakeSediment",45,-110.58,1713,"Crevice Lake","1.0.14",1,"Summer","positive","lake@surface",186,2.22000000000003,1908.45,1906.23,9.36000000000013,1906.23,FALSE,TRUE,FALSE,TRUE,TRUE,FALSE,13,TRUE,FALSE,TRUE,TRUE,TRUE,"","criteria",TRUE,NA
"WEB2fbd7e47","YhDY0bhvqrEM099F585f","paleo1measurement1","d18O","permil","d18O","isotopic",FALSE,"PlateauRemote.MosleyThompson.1996","GlacierIce",-84,43,3330,"Plateau Remote","1.0.5",1,NA,"positive","air@condensation",195,5,1945,1940,10,1940,FALSE,TRUE,FALSE,TRUE,TRUE,TRUE,0,TRUE,FALSE,TRUE,TRUE,TRUE,"","criteria",TRUE,NA
"WEB387ae876","xuPc4fw625AOs4lBSexa","paleo1measurement1","temperature","degC","alkenone","biomarker",FALSE,"JPC42.Caniupan.2014","MarineSediment",-49.917,-74.383,-904,"JPC-42","1.0.12",1,"Summer","positive","sea@surface",22,88.028125,2000,1911.971875,72.6923076999999,1911.971875,FALSE,TRUE,FALSE,TRUE,TRUE,FALSE,7,TRUE,FALSE,TRUE,TRUE,TRUE,"","criteria",TRUE,NA
"WEB3b80ddb0","Ckne9KtzPUthmN4VVwCK","paleo1measurement1","temperature","degC","dD","isotopic",FALSE,"Komosomolskaia.Ciais.1992","GlacierIce",-74.083,97.4833,3499,"Komsomolskaia","1.0.13",1,"Annual","positive","air@surface",157,11.5999999999999,1950,1938.4,13.179,1938.4,FALSE,TRUE,FALSE,TRUE,TRUE,TRUE,0,TRUE,FALSE,TRUE,TRUE,TRUE,"","criteria",TRUE,NA
"WEB3ca1b65e","mkpweub746hRWlBZzr6Q","paleo1measurement1","temperature","degC","GDGT","biomarker",TRUE,"Mackenzie.Woltering.2014","LakeSediment",-25.4475,153.0533,90,"Lake Mackenzie","1.1.1",1,"Annual","positive","air@surface",9,867,1998,1131,20,1131,FALSE,TRUE,FALSE,TRUE,TRUE,FALSE,18,TRUE,FALSE,TRUE,TRUE,TRUE,"","criteria",TRUE,NA
"WEB3f3a069d","lCl57kvkJ4WgZJ2n9omR","paleo1measurement1","Picea/Artemisia","unitless","pollen","floral assemblage",FALSE,"ChihuahuenosBog.Anderson.2008","Peat",36.0475,-106.51,2925,"Chihuahuenos Bog","1.0.14",1,"Annual","positive","air@surface",35,268,1996,1728,41.5,1728,FALSE,TRUE,FALSE,TRUE,TRUE,FALSE,10,TRUE,FALSE,TRUE,TRUE,TRUE,"","criteria",TRUE,NA
"WEB42e5f4d1","LzRbw7epxQknOZRDvuDL","paleo1measurement1","temperature","degC","pollen","floral assemblage",FALSE,"SelinCo.Sun.1993","LakeSediment",31.65,89.14,4530,"Selin Lake","1.0.8",1,NA,"positive","air@surface",41,10,2020,2010,50,2010,FALSE,TRUE,FALSE,TRUE,TRUE,FALSE,0,TRUE,TRUE,TRUE,TRUE,TRUE,"","criteria",TRUE,NA
"WEB45a0b5cd","ZxNsgxGncIkAPq93xSUJ","paleo1measurement1","d18O","permil",NA,NA,FALSE,"TR17EDSW","Wood",57.815,15.26,204,"SE Sweden","1.0.15",1,NA,"positive","temperature",211,948,2003,1055,5,1055,FALSE,TRUE,TRUE,TRUE,TRUE,TRUE,0,TRUE,FALSE,TRUE,TRUE,TRUE,"","criteria",TRUE,NA
"WEB4be1aff2","SBMtcBHKi4dffy1xNyac","paleo1measurement2","temperature","degC","pollen","floral assemblage",FALSE,"LittlePondRoyalston.Marsicek.2013","LakeSediment",42.68,-72.19,302,"Little Pond","1.0.12",1,"Coldest Month","positive","air@surface",25,67.8800000000001,2003,1935.12,24,1935.12,FALSE,TRUE,FALSE,TRUE,TRUE,FALSE,8,TRUE,FALSE,TRUE,TRUE,TRUE,"","criteria",TRUE,NA
"WEB59f13cd6","4kMXAcVgcMLmSkSZ1rH4","paleo1measurement1","Picea/Pinus","unitless","pollen","floral assemblage",FALSE,"StewartBog.Jimenez-Moreno.2008","Peat",35.8323,-105.7225,3116,"Stewart Bog","1.0.11",1,"Annual","positive","air@surface",37,5.35300000000007,1919,1913.647,32.625,1913.647,FALSE,TRUE,FALSE,TRUE,TRUE,FALSE,12,TRUE,FALSE,TRUE,TRUE,TRUE,"","criteria",TRUE,NA
"WEB5e35a876","dSyEAThH7HnAf8NeNJCH","paleo1measurement1","temperature","degC","multiproxy","cryophysical",FALSE,"NorthGRIP.Gkinis.2014","GlacierIce",75.1,-42.32,2925,"North GRIP","1.0.29",1,"Annual","positive","air@surface",180,10,1800,1790,10,1790,FALSE,TRUE,FALSE,TRUE,TRUE,TRUE,0,TRUE,FALSE,TRUE,TRUE,TRUE,"","criteria",TRUE,NA
"WEB623c3552","mFbKmYoYyViweAKQnMsZ","paleo1measurement1","iceMelt","percent","ice melt","cryophysical",FALSE,"Agassiz.Lecavalier.2017","GlacierIce",80.67,-73.5,1730,"Agassiz","1.0.20",1,"Jun-Aug","positive",NA,78,9,1934,1925,25,1925,FALSE,TRUE,FALSE,TRUE,TRUE,TRUE,0,TRUE,FALSE,TRUE,TRUE,TRUE,"","criteria",FALSE,"within-dataset"
"WEB6df77dbb","IfuOjlYgEpBzyoJOn9Pu","paleo1measurement1","temperature","degC","GDGT","biomarker",FALSE,"FanLake.Foster.2016","LakeSediment",-54.497,-37.053,94,"Fan Lake","1.0.12",1,"Summer","positive","air@surface",33,57,2002,1945,24.5,1945,FALSE,TRUE,FALSE,TRUE,TRUE,FALSE,31,TRUE,FALSE,TRUE,TRUE,TRUE,"","criteria",TRUE,NA
"WEB7014bceb","jSEIzC3Fvx5SAgTF7Hx1","paleo1measurement1","temperature","degC","pollen","floral assemblage",FALSE,"Mansell.Shuman.2016","LakeSediment",45.04,-68.73,57,"Mansell","1.0.8",1,"Warmest Month","positive","air@surface",31,336.11,1980,1643.89,15.4839,1643.89,FALSE,TRUE,FALSE,TRUE,TRUE,FALSE,10,TRUE,FALSE,TRUE,TRUE,TRUE,"","criteria",TRUE,NA
"WEB73fbe78c_iso2k","p2zcvAVt7ChhVLmk7q8D","paleo1measurement1","d2H","permil","dD",NA,FALSE,"GI19POYU","GroundIce",65.21,-138.32,740,"DHP174 site, Yukon, NW Canada","1.0.6",1,"Jun-Sep","positive","air@surface",18,165,2013,1848,35,1848,FALSE,TRUE,FALSE,TRUE,TRUE,FALSE,0,TRUE,TRUE,TRUE,TRUE,TRUE,"","criteria",TRUE,NA
"WEB7fccbe93","07vqwegKOFtwPbruFxKD","paleo1measurement1","temperature","degC","pollen","floral assemblage",FALSE,"ZigetangCo.Herzschuh.2006","LakeSediment",32,90.9,4560,"Zigetang Lake","1.0.7",1,"Annual","positive","air@surface",41,10,2020,2010,50,2010,FALSE,TRUE,FALSE,TRUE,TRUE,FALSE,0,TRUE,TRUE,TRUE,TRUE,TRUE,"","criteria",TRUE,NA
"WEB815b74f3","lCl57kvkJ4WgZJ2n9omR","paleo1measurement1","Picea/Pinus","unitless","pollen","floral assemblage",FALSE,"ChihuahuenosBog.Anderson.2008","Peat",36.0475,-106.51,2925,"Chihuahuenos Bog","1.0.14",1,"Annual","positive","air@surface",35,268,1996,1728,41.5,1728,FALSE,TRUE,FALSE,TRUE,TRUE,FALSE,10,TRUE,FALSE,TRUE,TRUE,TRUE,"","criteria",FALSE,"within-dataset"
"WEB919184b7","E8P1x8zCn4c3Yzjb7QVb","paleo1measurement1","d18O","permil","d18O","isotope",FALSE,"Korallgrottan.Sundqvist.2010","Speleothem",64.89,14.16,570,"Kon Ka Kinh","1.0.14",1,NA,"negative",NA,108,6.51,2005,1998.49,18.2140000000001,1998.49,FALSE,TRUE,FALSE,TRUE,TRUE,FALSE,0,TRUE,TRUE,TRUE,TRUE,TRUE,"","criteria",TRUE,NA
"WEB931c9116","4kMXAcVgcMLmSkSZ1rH4","paleo1measurement1","Pinus/Artemisia","unitless","pollen","floral assemblage",FALSE,"StewartBog.Jimenez-Moreno.2008","Peat",35.8323,-105.7225,3116,"Stewart Bog","1.0.11",1,"Annual","positive","air@surface",37,5.35300000000007,1919,1913.647,32.625,1913.647,FALSE,TRUE,FALSE,TRUE,TRUE,FALSE,12,TRUE,FALSE,TRUE,TRUE,TRUE,"","criteria",FALSE,"within-dataset"
"WEB975906fe","lCl57kvkJ4WgZJ2n9omR","paleo1measurement1","Pinus/Artemesia","unitless","pollen","floral assemblage",FALSE,"ChihuahuenosBog.Anderson.2008","Peat",36.0475,-106.51,2925,"Chihuahuenos Bog","1.0.14",1,"Annual","positive","air@surface",35,268,1996,1728,41.5,1728,FALSE,TRUE,FALSE,TRUE,TRUE,FALSE,10,TRUE,FALSE,TRUE,TRUE,TRUE,"","criteria",FALSE,"within-dataset"
"WEB9a26a54b","wOnpFsupENQoExopsBGQ","paleo1measurement1","temperature","percent","BSi","biogenic",FALSE,"Eleanor.Gavin.2011","LakeSediment",47.68,-124.02,710,"Eleanor Lake","1.0.11",1,"Summer","positive","air@surface",99,13.4000000000001,1998.9,1985.5,18.4,1985.5,FALSE,TRUE,FALSE,TRUE,TRUE,FALSE,21,TRUE,FALSE,TRUE,TRUE,TRUE,"","criteria",TRUE,NA
"WEBa1e48de5","mFbKmYoYyViweAKQnMsZ","paleo1measurement2","temperature","degC","d18O","isotopic",FALSE,"Agassiz.Lecavalier.2017","GlacierIce",80.67,-73.5,1730,"Agassiz","1.0.20",1,"Annual","positive","air@surface",78,25,1950,1925,25,1925,FALSE,TRUE,FALSE,TRUE,TRUE,TRUE,0,TRUE,FALSE,TRUE,TRUE,TRUE,"","criteria",TRUE,NA
"WEBa31332021","82eqvmuY8KnaFJKl32Qa","paleo1measurement1","temperature","degC","macrofossils","biogenic",FALSE,"MiddenCluster1.Harbert.2018","Midden",37.9049,-110.1304,1835,"Midden Cluster 1","1.0.17",1,"Annual","positive","air@surface",34,131,1950,1819,26,1819,FALSE,TRUE,FALSE,TRUE,TRUE,FALSE,0,TRUE,TRUE,TRUE,TRUE,TRUE,"","criteria",TRUE,NA
"WEBa496e9e1","1XGGFs6rrfWnVNmz6Crr","paleo1measurement1","Mg/Ca","ratio","Mg/Ca",NA,FALSE,"MS12CCCH","MarineSediment",34.973,-75.201,-620,"Cape Hatteras","1.1.4",1,"Jun-Aug","positive","sea@surface",123,13.54,1294.17,1280.63,10.28,1280.63,FALSE,TRUE,FALSE,TRUE,TRUE,FALSE,0,TRUE,TRUE,TRUE,TRUE,TRUE,"","criteria",FALSE,"within-dataset"
"WEBa58bb1ff","jSEIzC3Fvx5SAgTF7Hx1","paleo1measurement1","temperature","degC","pollen","floral assemblage",FALSE,"Mansell.Shuman.2016","LakeSediment",45.04,-68.73,57,"Mansell","1.0.8",1,"Annual","positive","air@surface",31,336.11,1980,1643.89,15.4839,1643.89,FALSE,TRUE,FALSE,TRUE,TRUE,FALSE,10,TRUE,FALSE,TRUE,TRUE,TRUE,"","criteria",TRUE,NA
"WEBa7012dcb","lqB0wmGBaRVMteRU1oSH","paleo1measurement2","temperature","degC","pollen","floral assemblage",FALSE,"BloodPond.Marsicek.2013","LakeSediment",42.08,-71.96,214,"Blood Pond","1.0.13",1,"Warmest Month","positive","air@surface",40,55.9860000000001,1997.0139,1941.0279,7.97220000000016,1941.0279,FALSE,TRUE,FALSE,TRUE,TRUE,FALSE,18,TRUE,FALSE,TRUE,TRUE,TRUE,"","criteria",TRUE,NA
"WEBaef09a4f","07vqwegKOFtwPbruFxKD","paleo1measurement1","temperature","degC","pollen","floral assemblage",FALSE,"ZigetangCo.Herzschuh.2006","LakeSediment",32,90.9,4560,"Zigetang Lake","1.0.7",1,"Summer","positive","air@surface",41,10,2020,2010,50,2010,FALSE,TRUE,FALSE,TRUE,TRUE,FALSE,0,TRUE,TRUE,TRUE,TRUE,TRUE,"","criteria",TRUE,NA
"WEBb46a7c19","hmsQRl9csS2k0W1sYFHk","paleo1measurement1","temperature","degC","alkenone","alkenone",FALSE,"Gol-Ho1B-KSGC-31.Sicre.2016","MarineSediment",43,3.28,-60,"Gol-Ho1B and KSGC-31","1.0.12",1,NA,"positive",NA,216,9.8,2012.2,2002.4,10.7,2002.4,FALSE,TRUE,FALSE,TRUE,TRUE,FALSE,29,TRUE,FALSE,TRUE,TRUE,TRUE,"","criteria",TRUE,NA
"WEBb9192769","SBMtcBHKi4dffy1xNyac","paleo1measurement2","temperature","degC","pollen","floral assemblage",FALSE,"LittlePondRoyalston.Marsicek.2013","LakeSediment",42.68,-72.19,302,"Little Pond","1.0.12",1,"Annual","positive","air@surface",25,67.8800000000001,2003,1935.12,24,1935.12,FALSE,TRUE,FALSE,TRUE,TRUE,FALSE,8,TRUE,FALSE,TRUE,TRUE,TRUE,"","criteria",TRUE,NA
"WEBc2d7108b","91JOS33N7vXpA5eQEee4","paleo1measurement1","temperature","degC","pollen","floral assemblage",FALSE,"DonggiCona.Wang.2014","LakeSediment",35.22,98.33,4090,"Donggi Cona","1.0.9",1,"Summer","positive","air@surface",41,10,2020,2010,50,2010,FALSE,TRUE,FALSE,TRUE,TRUE,FALSE,0,TRUE,TRUE,TRUE,TRUE,TRUE,"","criteria",TRUE,NA
"WEBcad1020f","Fd9S0PFLanFK5eVAy72U","paleo1measurement1","temperature","degC","pollen","floral assemblage",FALSE,"QongjiamongCo.Shen.2003","LakeSediment",29.81,92.37,4980,"Qongjiamong Lake","1.0.9",1,"Summer","positive","air@surface",41,10,2020,2010,50,2010,FALSE,TRUE,FALSE,TRUE,TRUE,FALSE,0,TRUE,TRUE,TRUE,TRUE,TRUE,"","criteria",TRUE,NA
"WEBccdb4e35","lqB0wmGBaRVMteRU1oSH","paleo1measurement2","temperature","degC","pollen","floral assemblage",FALSE,"BloodPond.Marsicek.2013","LakeSediment",42.08,-71.96,214,"Blood Pond","1.0.13",1,"Coldest Month","positive","air@surface",40,55.9860000000001,1997.0139,1941.0279,7.97220000000016,1941.0279,FALSE,TRUE,FALSE,TRUE,TRUE,FALSE,18,TRUE,FALSE,TRUE,TRUE,TRUE,"","criteria",TRUE,NA
"WEBd03dcf34","SBMtcBHKi4dffy1xNyac","paleo1measurement2","temperature","degC","pollen","floral assemblage",FALSE,"LittlePondRoyalston.Marsicek.2013","LakeSediment",42.68,-72.19,302,"Little Pond","1.0.12",1,"Warmest Month","positive","air@surface",25,67.8800000000001,2003,1935.12,24,1935.12,FALSE,TRUE,FALSE,TRUE,TRUE,FALSE,8,TRUE,FALSE,TRUE,TRUE,TRUE,"","criteria",TRUE,NA
"WEBd30870fb","FLMfQp7yo4ttJ16OQNoh","paleo1measurement1","temperature","degC","deuterium excess","isotopic",FALSE,"EPICADomeC.Stenni.2010","GlacierIce",-75.1019,123.3953,3233,"EPICA Dome C","1.0.18",1,"Annual","positive","air@surface",142,11.79126,1911.6262054,1899.8349454,13.8707890000001,1899.8349454,FALSE,TRUE,FALSE,TRUE,TRUE,TRUE,0,TRUE,FALSE,TRUE,TRUE,TRUE,"","criteria",TRUE,NA
"WEBd6c7fc0c","Hb90G0AhUTuR0yVT8gqe","paleo1measurement1","temperature","degC","pollen","floral assemblage",FALSE,"Qinghai.Liu.2002","LakeSediment",36.67,100.58,3194,"Qinghai Lake","1.0.8",1,"Summer","positive","air@surface",41,10,2020,2010,50,2010,FALSE,TRUE,FALSE,TRUE,TRUE,FALSE,0,TRUE,TRUE,TRUE,TRUE,TRUE,"","criteria",TRUE,NA
"WEBdb8c6da5-dup-dup","NEiqwj4Yel7XLEcalXkK","paleo1measurement1","temperature","degC","alkenone","alkenone",FALSE,"Hakluytvatnet.vanderBilt.2019","LakeSediment",79.77,10.74,35,"Hakluytvatnet (AMP)","1.1.5",1,"Jun-Aug","positive","lake@surface",23,15,810,795,20,795,FALSE,TRUE,FALSE,TRUE,TRUE,FALSE,0,TRUE,TRUE,TRUE,TRUE,TRUE,"","criteria",FALSE,"within-dataset"
"WEBe119d011","4kMXAcVgcMLmSkSZ1rH4","paleo1measurement1","Picea/Artemisia","unitless","pollen","floral assemblage",FALSE,"StewartBog.Jimenez-Moreno.2008","Peat",35.8323,-105.7225,3116,"Stewart Bog","1.0.11",1,"Annual","positive","air@surface",37,5.35300000000007,1919,1913.647,32.625,1913.647,FALSE,TRUE,FALSE,TRUE,TRUE,FALSE,12,TRUE,FALSE,TRUE,TRUE,TRUE,"","criteria",FALSE,"within-dataset"
"WEBe15adc6e","XuEPH8G47roB33CT3tCY","paleo1measurement1","iceMelt","count/kyr","ice melt","cryophysical",FALSE,"SipleDomeA.Das.2008","GlacierIce",-81.65,-148.82,621,"Siple Dome A","1.0.11",1,"Summer","positive","air@surface",1949,1,1949,1948,1,1948,FALSE,TRUE,TRUE,TRUE,TRUE,TRUE,0,TRUE,FALSE,TRUE,TRUE,TRUE,"","criteria",TRUE,NA
"WEBe79dc8b2","LzRbw7epxQknOZRDvuDL","paleo1measurement1","temperature","degC","pollen","floral assemblage",FALSE,"SelinCo.Sun.1993","LakeSediment",31.65,89.14,4530,"Selin Lake","1.0.8",1,"Annual","positive","air@surface",41,10,2020,2010,50,2010,FALSE,TRUE,FALSE,TRUE,TRUE,FALSE,0,TRUE,TRUE,TRUE,TRUE,TRUE,"","criteria",TRUE,NA
"WEBe7df08f0","wTglzwhfEvfteQG3xZYN","paleo1measurement1","temperature","degC","pollen","floral assemblage",FALSE,"Hidden.Tang.1999","LakeSediment",29.81,92.54,4980,"Lake Hidden","1.0.8",1,"Summer","positive","air@surface",41,10,2020,2010,50,2010,FALSE,TRUE,FALSE,TRUE,TRUE,FALSE,0,TRUE,TRUE,TRUE,TRUE,TRUE,"","criteria",TRUE,NA
"WEBed8af4cc","Hb90G0AhUTuR0yVT8gqe","paleo1measurement1","temperature","degC","pollen","floral assemblage",FALSE,"Qinghai.Liu.2002","LakeSediment",36.67,100.58,3194,"Qinghai Lake","1.0.8",1,"Annual","positive","air@surface",41,10,2020,2010,50,2010,FALSE,TRUE,FALSE,TRUE,TRUE,FALSE,0,TRUE,TRUE,TRUE,TRUE,TRUE,"","criteria",TRUE,NA
"WEBef5799bb","WcIziL1dtsbcK5FHvkWz","paleo1measurement1","temperature","degC","deuterium excess","isotopic",FALSE,"EDML.Stenni.2010","GlacierIce",-75.0025,0.0683,2892,"EDML","1.0.13",1,"Annual","positive","air@surface",106,3,757,754,7,754,FALSE,TRUE,FALSE,TRUE,TRUE,TRUE,0,TRUE,FALSE,TRUE,TRUE,TRUE,"","criteria",TRUE,NA
"WEBf4040255","ZLgEHiOz7XKmfSzBHxMC","paleo1measurement1","temperature","degC","multiproxy","cryophysical",FALSE,"WAISDivide.Cuffey.2016","GlacierIce",-79.4676,-112.08,1806,"WAIS Divide","1.0.23",1,"Annual","positive","air@surface",1158,2.69000000000005,2006,2003.31,1.73000000000002,2003.31,FALSE,TRUE,FALSE,TRUE,TRUE,TRUE,0,TRUE,FALSE,TRUE,TRUE,TRUE,"","criteria",FALSE,"within-dataset"
"WEBf671079c","jSEIzC3Fvx5SAgTF7Hx1","paleo1measurement1","temperature","degC","pollen","floral assemblage",FALSE,"Mansell.Shuman.2016","LakeSediment",45.04,-68.73,57,"Mansell","1.0.8",1,"Coldest Month","positive","air@surface",31,336.11,1980,1643.89,15.4839,1643.89,FALSE,TRUE,FALSE,TRUE,TRUE,FALSE,10,TRUE,FALSE,TRUE,TRUE,TRUE,"","criteria",TRUE,NA
"WEBf671aef0","ZLgEHiOz7XKmfSzBHxMC","paleo1measurement2","accumulation","mm","multiproxy",NA,FALSE,"WAISDivide.Cuffey.2016","GlacierIce",-79.4676,-112.08,1806,"WAIS Divide","1.0.23",1,"Annual","positive","air@surface",2006,1.5,2006.5,2005,1,2005,FALSE,TRUE,TRUE,TRUE,TRUE,TRUE,0,TRUE,FALSE,TRUE,TRUE,TRUE,"","criteria",TRUE,NA
"WEBf7bafce3_iso2k","p2zcvAVt7ChhVLmk7q8D","paleo1measurement1","d18O","permil","d18O",NA,FALSE,"GI19POYU","GroundIce",65.21,-138.32,740,"DHP174 site, Yukon, NW Canada","1.0.6",1,"Jun-Sep","positive","air@surface",18,165,2013,1848,35,1848,FALSE,TRUE,FALSE,TRUE,TRUE,FALSE,0,TRUE,TRUE,TRUE,TRUE,TRUE,"","criteria",TRUE,NA
"WEBf9c0d6bd","lqB0wmGBaRVMteRU1oSH","paleo1measurement2","temperature","degC","pollen","floral assemblage",FALSE,"BloodPond.Marsicek.2013","LakeSediment",42.08,-71.96,214,"Blood Pond","1.0.13",1,"Annual","positive","air@surface",40,55.9860000000001,1997.0139,1941.0279,7.97220000000016,1941.0279,FALSE,TRUE,FALSE,TRUE,TRUE,FALSE,18,TRUE,FALSE,TRUE,TRUE,TRUE,"","criteria",TRUE,NA
